code_etudiant;0;1;2;3;4;5;6;7;8;9;10;11;12;13;14;15;16;17;18;19;20;21;22;23;24;25;26;27;28;29
1;1032.474;121.14999999999998;62.51299999999999;20.02;144.779;20.02;20.02;20.02;84.734;59.438;20.02;87.834;56.233999999999995;46.12499999999999;98.803;20.02;20.02;20.02;105.667;54.275999999999996;143.913;20.02;20.02;20.02;20.02;20.02;20.02;20.02;20.02;239.654
2;629.6639999999999;77.121;19.305;135.883;132.476;118.357;19.305;19.305;19.305;19.305;19.305;19.305;19.305;19.305;19.305;19.305;19.305;19.305;19.305;19.305;19.305;19.305;19.305;19.305;19.305;19.305;19.305;19.305;19.305;140.704
3;553.944;197.678;130.65;137.625;158.62699999999998;22.88;22.88;22.88;22.88;22.88;22.88;22.88;22.88;22.88;22.88;22.88;22.88;22.88;125.73700000000001;22.88;22.88;22.88;22.88;22.88;22.88;22.88;22.88;22.88;22.88;22.88
4;448.48199999999997;75.18599999999999;93.447;22.88;120.42599999999999;22.88;22.88;22.88;22.88;22.88;22.88;22.88;22.88;22.88;22.88;22.88;22.88;22.88;22.88;22.88;22.88;22.88;22.88;22.88;22.88;22.88;22.88;22.88;22.88;154.69299999999998
5;1418.472;141.28799999999998;111.57099999999998;170.49;179.45899999999997;140.98;20.02;114.73999999999998;219.626;153.101;115.755;75.98499999999999;205.98499999999999;158.19400000000002;212.349;20.02;20.02;20.02;202.18699999999998;157.10899999999998;258.363;68.58;55.381;96.353;54.25899999999999;20.02;20.02;42.711999999999996;116.58999999999997;406.09799999999996
6;2914.9249999999993;206.748;135.588;283.37;206.862;258.10499999999996;22.88;240.214;214.99;98.79499999999999;117.72299999999998;108.40199999999999;148.066;93.106;203.64399999999998;150.623;82.588;22.88;363.10699999999997;246.652;282.38199999999995;175.13799999999998;84.16799999999999;87.735;90.6;22.88;102.606;89.63399999999999;118.815;436.80199999999996
7;801.411;47.668;79.43299999999999;169.22899999999998;178.248;177.43599999999998;19.305;164.442;166.44599999999997;92.67999999999999;100.44899999999998;183.599;150.447;19.305;182.082;19.305;19.305;19.305;112.51799999999999;19.305;19.305;19.305;19.305;19.305;19.305;19.305;19.305;19.305;19.305;19.305
8;2361.462;247.39899999999997;194.105;292.512;183.16299999999998;275.168;16.445;206.819;145.785;28.963;91.90299999999999;245.38099999999997;96.971;123.887;151.33499999999998;63.846;63.282;16.445;391.6429999999999;184.726;244.67000000000002;133.63899999999998;70.107;113.39699999999999;70.833;16.445;55.657;16.445;57.13799999999999;213.05499999999998
9;5070.862999999999;245.86599999999999;222.34699999999998;323.176;217.86399999999998;176.613;22.88;194.178;303.78599999999994;177.38;230.70099999999996;144.202;252.14100000000002;358.109;201.486;54.44;55.330999999999996;22.88;288.828;89.578;170.576;22.88;54.00599999999999;238.24899999999997;90.025;22.88;61.584;46.397999999999996;60.861;415.9959999999999
10;155.51600000000002;64.718;59.175;17.16;68.27199999999999;17.16;17.16;17.16;17.16;17.16;17.16;17.16;17.16;17.16;17.16;17.16;17.16;17.16;103.431;17.16;17.16;17.16;17.16;17.16;17.16;17.16;17.16;17.16;17.16;140.211
11;62.77499999999999;20.02;20.02;20.02;20.02;20.02;20.02;20.02;20.02;20.02;20.02;20.02;20.02;20.02;20.02;20.02;20.02;20.02;20.02;20.02;20.02;20.02;20.02;20.02;20.02;20.02;20.02;20.02;20.02;20.02
12;3277.0209999999997;96.213;100.60399999999998;160.43;168.42199999999997;168.573;20.02;142.34999999999997;232.342;139.671;151.473;147.767;155.596;206.411;265.077;151.28199999999998;69.947;20.02;242.32999999999993;142.81199999999998;296.556;135.69199999999998;129.77499999999998;118.33999999999999;139.084;20.02;148.39299999999997;90.895;72.75699999999999;349.65999999999997
13;551.824;58.047;16.445;16.445;149.20799999999997;16.445;16.445;16.445;90.93599999999999;48.919;16.445;91.508;44.509;62.659;131.113;61.441;16.445;16.445;16.445;16.445;140.141;16.445;16.445;37.16;16.445;16.445;16.445;16.445;16.445;47.506
14;2692.3259999999996;83.853;139.21999999999997;187.10899999999998;175.511;197.752;19.305;190.367;294.91299999999995;154.154;284.39799999999997;202.036;224.27099999999996;225.195;299.573;254.76699999999997;185.762;19.305;565.013;306.76099999999997;324.813;173.62699999999998;117.531;177.634;176.348;19.305;98.588;89.12299999999999;188.86499999999998;319.457
15;174.31799999999996;17.16;17.16;17.16;17.16;17.16;17.16;17.16;17.16;17.16;17.16;17.16;17.16;17.16;17.16;17.16;17.16;17.16;17.16;17.16;17.16;17.16;17.16;17.16;17.16;17.16;17.16;17.16;17.16;154.18800000000002
16;627.404;133.76;16.445;61.82899999999999;91.16;16.445;16.445;16.445;80.719;65.07;16.445;16.445;16.445;16.445;97.23899999999999;16.445;16.445;16.445;16.445;16.445;16.445;16.445;16.445;16.445;16.445;16.445;16.445;16.445;16.445;151.06
17;1841.487;159.942;187.61499999999998;286.59799999999996;188.93399999999997;335.001;22.88;292.012;353.412;319.464;167.975;265.82399999999996;318.68199999999996;336.50399999999996;364.90099999999995;251.515;180.30599999999998;22.88;309.758;245.387;339.06999999999994;219.74999999999997;193.78199999999998;272.99899999999997;226.702;22.88;238.86;203.346;219.29;689.21
18;62.77499999999999;20.02;20.02;20.02;20.02;20.02;20.02;20.02;20.02;20.02;20.02;20.02;20.02;20.02;20.02;20.02;20.02;20.02;20.02;20.02;20.02;20.02;20.02;20.02;20.02;20.02;20.02;20.02;20.02;20.02
19;472.42999999999995;22.88;85.446;72.267;151.791;77.17399999999999;22.88;68.461;22.88;22.88;22.88;22.88;22.88;22.88;22.88;22.88;22.88;22.88;118.27;22.88;22.88;22.88;22.88;22.88;22.88;22.88;22.88;22.88;22.88;132.063
20;326.50199999999995;70.257;70.893;72.731;86.583;109.874;20.02;83.295;114.86399999999998;20.02;20.02;20.02;20.02;20.02;20.02;20.02;20.02;20.02;20.02;20.02;20.02;20.02;20.02;20.02;20.02;20.02;20.02;20.02;20.02;147.89299999999997
21;2602.586;232.35399999999998;270.191;188.70099999999996;188.887;220.02099999999996;16.445;153.24099999999999;350.455;160.857;119.04899999999999;315.691;197.259;267.71799999999996;281.56699999999995;320.836;137.28799999999998;16.445;429.101;197.201;307.762;86.125;114.48599999999999;105.84299999999999;81.25199999999998;16.445;62.876999999999995;51.19;145.444;512.574
22;1153.7069999999999;199.25;195.76100000000002;124.25299999999999;181.409;106.86599999999999;22.88;122.33500000000001;196.051;149.45499999999998;111.48999999999998;138.41500000000002;106.571;126.803;166.70999999999998;65.31899999999999;69.137;22.88;154.64299999999997;66.27499999999999;212.99499999999998;74.048;75.948;71.839;61.26599999999999;22.88;69.048;82.403;142.805;222.37599999999998
23;2975.005;201.34999999999997;275.199;259.687;233.30499999999998;265.842;16.445;276.17199999999997;280.143;207.62599999999998;234.48799999999997;277.79999999999995;250.986;257.388;320.05799999999994;276.955;178.16899999999998;16.445;458.897;255.373;373.69399999999996;218.34499999999997;93.246;145.757;123.56800000000001;16.445;89.221;85.658;243.22400000000002;441.521
24;1535.129;177.24200000000002;204.45799999999997;162.46299999999997;222.661;254.459;22.165;126.184;214.30399999999997;106.862;74.74499999999999;103.83899999999998;120.497;96.076;163.399;113.45499999999998;22.772999999999996;22.165;272.957;73.614;185.85299999999998;69.227;51.119;48.89399999999999;43.075;22.165;65.567;57.574;128.714;435.687
25;745.57;22.88;116.61399999999999;149.127;101.67099999999999;22.88;22.88;32.093999999999994;125.463;22.88;22.88;65.417;89.00099999999999;48.571999999999996;138.567;59.354;22.88;22.88;109.58699999999999;22.88;147.56799999999998;22.88;22.88;22.88;22.88;22.88;22.88;22.88;22.88;22.88
26;1341.6779999999999;130.296;22.88;202.058;211.336;159.60199999999998;22.88;191.252;212.46299999999997;22.88;22.88;22.88;170.498;172.825;260.44;22.88;22.88;22.88;260.03599999999994;138.977;221.861;22.88;22.88;111.46499999999999;70.30699999999999;22.88;97.68699999999998;22.88;95.54999999999998;301.00399999999996
27;2436.774;66.818;133.99899999999997;146.795;191.578;136.398;22.88;153.91899999999998;111.70299999999999;56.461;99.15;120.26299999999998;133.673;100.594;211.95499999999998;22.88;109.469;22.88;122.035;59.81399999999999;137.291;56.44199999999999;22.88;59.99199999999999;56.998999999999995;22.88;45.135999999999996;22.88;78.923;196.504
28;62.23499999999999;20.02;20.02;20.02;89.33099999999999;20.02;20.02;20.02;83.21699999999998;20.02;20.02;20.02;20.02;20.02;20.02;20.02;20.02;20.02;20.02;20.02;20.02;20.02;20.02;20.02;20.02;20.02;20.02;20.02;20.02;20.02
29;3026.4539999999997;148.474;198.611;315.78999999999996;219.397;363.3879999999999;19.305;321.77;374.30499999999995;378.4;296.58299999999997;321.903;327.307;267.35699999999997;345.337;255.85899999999995;297.024;19.305;580.43;401.3299999999999;510.461;341.75399999999996;322.86199999999997;256.946;298.853;19.305;188.16199999999998;187.78299999999996;430.072;588.333
30;341.90099999999995;60.05799999999999;74.69099999999999;20.02;78.01799999999999;20.02;20.02;20.02;69.97;20.02;20.02;20.02;20.02;20.02;20.02;20.02;20.02;20.02;20.02;20.02;20.02;20.02;20.02;20.02;20.02;20.02;20.02;20.02;20.02;20.02
31;3770.4649999999997;197.47;207.81599999999997;233.82;228.05099999999996;379.202;20.02;318.269;385.33099999999996;191.802;218.33399999999997;243.96299999999997;273.376;212.41799999999998;312.23699999999997;152.23199999999997;156.765;20.02;543.3749999999999;247.53199999999998;405.135;233.688;195.6;179.14399999999998;256.212;20.02;338.77700000000004;182.22599999999997;303.484;601.2019999999999
32;1351.3319999999999;142.304;126.90099999999998;-17.094;184.28699999999998;-17.650999999999996;20.02;107.30099999999999;152.016;5.913;20.714;102.119;121.163;94.428;185.486;52.385;104.584;20.02;169.875;62.949;230.805;29.604999999999997;36.95099999999999;41.974;45.864999999999995;20.02;62.85399999999999;50.00399999999999;90.091;69.437
33;274.499;118.24000000000001;98.03999999999999;19.305;19.305;19.305;19.305;19.305;19.305;19.305;19.305;19.305;19.305;19.305;19.305;19.305;19.305;19.305;19.305;19.305;19.305;19.305;19.305;19.305;19.305;19.305;19.305;19.305;19.305;153.19600000000003
34;978.452;124.105;97.43799999999999;199.102;161.278;152.725;16.445;144.254;126.932;96.577;56.48299999999999;16.445;16.445;16.445;16.445;16.445;16.445;16.445;16.445;16.445;16.445;16.445;16.445;16.445;16.445;16.445;16.445;16.445;16.445;154.05999999999997
35;1219.6399999999999;162.313;231.13299999999998;141.448;152.49499999999998;157.31;20.02;133.986;227.41;118.039;88.57199999999999;123.89699999999999;114.792;109.642;152.941;20.02;20.02;20.02;101.312;20.02;20.02;20.02;20.02;20.02;20.02;20.02;20.02;20.02;20.02;152.45199999999997
36;458.721;83.54699999999998;81.06;20.02;170.712;20.02;20.02;20.02;84.29399999999998;20.02;20.02;20.02;20.02;20.02;20.02;20.02;20.02;20.02;117.83999999999997;20.02;20.02;20.02;20.02;20.02;20.02;20.02;20.02;20.02;20.02;157.98299999999998
37;800.199;124.382;64.25299999999999;19.305;102.226;19.305;19.305;19.305;19.305;19.305;19.305;19.305;19.305;19.305;19.305;19.305;19.305;19.305;114.66199999999998;19.305;19.305;73.38499999999999;19.305;19.305;19.305;19.305;19.305;19.305;93.62199999999999;96.51299999999999
38;2591.5789999999997;166.588;129.64399999999998;167.71099999999998;207.44400000000002;175.663;20.02;174.42299999999997;362.55999999999995;350.10400000000004;243.64899999999997;233.36299999999994;232.77300000000002;206.463;262.955;244.942;166.125;20.02;256.78999999999996;188.86499999999998;337.542;155.742;131.064;120.50699999999998;86.408;20.02;147.277;84.623;131.65599999999998;487.07
39;62.77499999999999;20.02;20.02;20.02;20.02;20.02;20.02;20.02;20.02;20.02;20.02;20.02;20.02;20.02;20.02;20.02;20.02;20.02;20.02;20.02;20.02;20.02;20.02;20.02;20.02;20.02;20.02;20.02;20.02;20.02
40;477.33;68.708;20.02;188.106;144.688;124.217;20.02;20.02;20.02;20.02;20.02;20.02;20.02;20.02;20.02;20.02;20.02;20.02;20.02;20.02;20.02;20.02;20.02;20.02;20.02;20.02;20.02;20.02;20.02;20.02
41;1382.4609999999998;76.84899999999999;114.44399999999999;198.72199999999998;194.11599999999999;267.258;22.88;219.949;299.996;127.43599999999999;149.401;166.55499999999998;183.11199999999997;151.02599999999998;260.53499999999997;95.10999999999999;41.419;22.88;205.06799999999998;138.274;311.959;124.55599999999998;78.311;162.756;116.80499999999999;22.88;54.354;22.88;109.469;211.69400000000002
42;1015.415;123.03200000000001;172.82399999999998;60.821999999999996;146.993;67.60399999999998;25.74;34.150999999999996;107.94300000000001;61.973;73.038;64.92899999999999;51.605999999999995;89.229;139.96800000000002;25.74;25.74;25.74;125.22999999999999;78.237;199.128;49.01899999999999;25.74;53.801;25.74;25.74;25.74;25.74;25.74;312.139
43;230.031;20.02;20.02;20.02;101.559;20.02;20.02;20.02;105.63499999999999;20.02;20.02;57.144;79.238;45.602999999999994;170.90099999999998;20.02;20.02;20.02;20.02;20.02;154.678;20.02;20.02;20.02;20.02;20.02;20.02;20.02;20.02;20.02
44;1325.918;171.656;180.733;130.009;236.94099999999997;18.986;22.88;8.624999999999996;105.465;111.26299999999999;5.334999999999997;101.143;3.8589999999999947;49.159;132.86599999999999;22.88;22.88;22.88;108.62299999999999;51.88699999999999;53.92699999999999;22.88;54.15299999999999;56.42099999999999;49.898999999999994;22.88;48.681;45.571999999999996;67.173;369.38800000000003
45;59.19999999999999;16.445;16.445;16.445;16.445;16.445;16.445;16.445;16.445;16.445;16.445;16.445;16.445;16.445;16.445;16.445;16.445;16.445;16.445;16.445;16.445;16.445;16.445;16.445;16.445;16.445;16.445;16.445;16.445;16.445
46;866.9179999999999;87.26399999999998;76.89099999999999;144.805;162.20600000000002;175.652;22.88;151.78599999999997;186.38899999999998;81.139;81.758;22.88;22.88;22.88;22.88;22.88;22.88;22.88;22.88;22.88;22.88;22.88;22.88;22.88;22.88;22.88;22.88;22.88;22.88;168.41799999999998
47;1151.085;253.036;245.67100000000002;243.67599999999996;220.29699999999997;208.74899999999997;22.88;110.818;217.03599999999994;84.553;171.478;125.146;104.34799999999998;71.178;78.088;22.88;22.88;22.88;102.211;22.88;22.88;22.88;22.88;22.88;22.88;22.88;22.88;22.88;22.88;183.877
48;194.75599999999997;82.029;20.02;69.056;103.59699999999998;20.02;20.02;20.02;107.67299999999999;20.02;20.02;20.02;81.386;20.02;107.67299999999999;20.02;20.02;20.02;20.02;20.02;20.02;20.02;20.02;20.02;20.02;20.02;20.02;20.02;20.02;20.02
49;1898.1449999999998;155.3;149.195;-25.019999999999996;228.146;145.841;20.02;179.85;237.19799999999998;20.02;108.00899999999999;69.077;81.853;108.79599999999999;144.025;20.02;83.68199999999999;20.02;274.17699999999996;20.02;197.05;61.318;44.211;60.248999999999995;20.02;20.02;76.092;20.02;79.746;308.27599999999995
50;1479.712;136.777;107.44200000000001;162.956;187.265;184.31399999999996;22.88;236.581;213.75599999999997;97.81899999999999;122.40999999999998;67.76299999999999;146.352;117.369;211.714;86.244;23.659999999999997;22.88;169.48299999999998;137.648;251.41199999999995;90.79399999999998;45.31;44.897;59.243;22.88;66.99;55.46099999999999;70.68199999999999;440.15999999999997
51;2135.133;179.908;147.331;242.44199999999995;214.786;203.67399999999998;16.445;99.03699999999999;143.914;85.46099999999998;121.262;74.645;195.54899999999998;75.714;136.78699999999998;132.318;16.445;16.445;368.197;172.00099999999998;296.33599999999996;142.51099999999997;138.515;134.421;16.445;16.445;16.445;16.445;16.445;349.84299999999996
52;368.37699999999995;22.88;145.60999999999999;91.13899999999998;153.08599999999998;63.768;22.88;22.88;163.131;22.88;22.88;22.88;22.88;22.88;22.88;22.88;22.88;22.88;102.107;22.88;22.88;22.88;22.88;22.88;22.88;22.88;22.88;22.88;22.88;145.91
53;1770.0859999999998;116.756;112.40799999999999;194.475;204.72799999999995;206.37199999999999;22.165;172.312;284.907;183.58099999999996;300.953;151.786;215.962;241.52900000000002;253.379;138.243;113.679;22.165;228.685;179.458;346.08299999999997;234.82799999999997;82.03399999999999;147.724;164.091;22.165;86.889;100.094;181.43699999999998;289.7
54;1117.7910000000002;20.02;20.02;20.02;142.22699999999998;20.02;20.02;78.732;137.42000000000002;1.0849999999999973;13.453999999999999;37.604;29.54;40.352;128.79399999999998;34.212999999999994;33.777;20.02;221.313;20.02;180.875;20.02;47.819;50.145999999999994;62.20199999999999;20.02;70.40799999999999;51.123;108.33099999999999;210.676
55;1732.9239999999998;115.86399999999998;108.01799999999999;192.295;172.295;188.557;22.88;139.05599999999998;246.62599999999998;65.807;101.03999999999999;110.185;167.844;167.801;249.13299999999998;22.88;22.88;22.88;187.971;109.79399999999998;194.29099999999997;115.021;54.63499999999999;103.287;139.79899999999998;22.88;22.88;22.88;155.982;215.551
56;286.74699999999996;126.33699999999999;70.74199999999999;22.88;126.127;22.88;22.88;22.88;22.88;22.88;22.88;22.88;22.88;22.88;22.88;22.88;22.88;22.88;22.88;22.88;22.88;22.88;22.88;22.88;22.88;22.88;22.88;22.88;22.88;152.212
57;2830.227;151.082;185.954;311.033;200.291;194.228;25.74;221.789;302.428;175.822;125.07499999999999;170.44;141.63799999999998;205.99899999999997;219.47999999999996;179.321;56.54099999999999;25.74;196.654;100.213;285.34299999999996;97.088;92.39699999999999;140.88899999999998;77.288;25.74;144.639;117.34299999999999;122.29399999999998;419.163
58;1545.866;143.581;99.744;91.637;177.503;68.501;20.02;79.719;198.44299999999998;124.50299999999999;70.872;106.76799999999999;72.243;82.13399999999999;206.07199999999997;96.55699999999999;74.352;20.02;143.558;81.907;225.2;86.44899999999998;79.65199999999999;86.142;78.329;20.02;72.309;87.618;83.28699999999999;480.137
59;732.036;22.88;22.88;141.24200000000002;106.457;68.612;22.88;37.312;22.88;22.88;63.894999999999996;22.88;124.205;124.076;217.857;22.88;22.88;22.88;93.14999999999999;22.88;81.08999999999999;22.88;22.88;54.59499999999999;22.88;22.88;22.88;22.88;92.204;196.562
60;2058.2729999999997;115.77699999999999;205.295;223.97499999999997;177.38600000000002;205.64999999999998;20.02;214.738;368.442;359.37699999999995;248.334;290.848;190.54399999999998;223.796;260.176;224.43399999999997;147.781;20.02;323.08;182.41199999999998;319.87399999999997;125.037;129.47199999999998;154.28199999999998;130.751;20.02;145.143;154.138;188.479;551.967
61;1029.604;75.039;105.323;157.339;162.878;137.596;22.88;172.928;125.05000000000001;94.274;134.944;201.884;167.41299999999998;169.763;217.856;22.88;22.88;22.88;259.743;197.60299999999998;305.06399999999996;201.642;62.91799999999999;194.035;123.515;22.88;86.937;22.88;130.26399999999998;282.783
62;2789.4489999999996;158.858;173.665;243.03799999999998;216.637;309.919;16.445;230.67;271.86299999999994;119.08699999999999;198.93899999999996;118.62100000000001;174.213;133.54899999999998;233.28499999999997;117.196;81.548;16.445;252.705;89.20999999999998;90.61999999999999;93.511;95.40199999999999;104.86399999999999;75.52799999999999;16.445;103.53699999999998;80.05799999999999;159.709;363.21299999999997
63;373.10999999999996;108.75;145.89499999999998;88.39699999999999;185.089;149.03;22.88;73.485;133.28199999999998;116.471;62.562;65.45299999999999;22.88;22.88;22.88;22.88;22.88;22.88;66.37299999999999;22.88;22.88;22.88;22.88;22.88;22.88;22.88;22.88;22.88;22.88;22.88
64;2003.157;193.00799999999998;121.18299999999999;174.832;183.612;210.98299999999995;22.88;121.99799999999999;297.331;106.814;79.00099999999999;123.60799999999999;107.78299999999999;98.24;201.982;110.883;77.547;22.88;183.68099999999998;62.504999999999995;234.998;78.74199999999999;99.53699999999999;60.507000000000005;55.50699999999999;22.88;70.631;51.027;75.809;222.91499999999996
65;234.11799999999994;74.53399999999999;75.857;20.02;20.02;20.02;20.02;20.02;20.02;20.02;20.02;20.02;20.02;20.02;20.02;20.02;20.02;20.02;20.02;20.02;20.02;20.02;20.02;20.02;20.02;20.02;20.02;20.02;20.02;148.027
66;1429.254;84.452;75.43599999999999;141.85999999999999;218.511;149.56599999999997;22.88;-1.7699999999999996;106.648;22.88;22.88;62.48199999999999;83.601;63.87599999999999;128.331;39.69;25.225999999999996;22.88;103.05;25.444;228.298;106.21599999999998;58.91799999999999;36.007999999999996;22.88;22.88;22.88;22.88;93.929;380.32599999999996
67;5590.642;164.233;152.22299999999996;200.83499999999998;249.101;227.689;19.305;193.469;283.882;177.868;157.10799999999998;113.93099999999998;180.54;193.86399999999998;276.673;144.999;122.75399999999999;19.305;242.03199999999998;176.69299999999998;365.003;172.02999999999997;84.99499999999999;185.477;149.045;19.305;104.02199999999999;135.893;237.697;479.726
68;3700.7409999999995;238.789;282.92999999999995;207.074;183.69099999999997;208.64099999999996;19.305;210.51799999999997;366.92099999999994;360.35400000000004;194.89;185.769;232.003;250.17399999999998;294.71999999999997;283.794;178.225;19.305;296.306;207.89799999999997;365.65899999999993;234.303;161.457;251.789;173.137;19.305;182.35;126.01299999999999;157.004;462.862
69;1527.917;159.98399999999998;153.35699999999997;155.11599999999999;188.34;211.517;22.88;170.66699999999997;227.36699999999996;135.296;104.00699999999998;22.88;162.272;102.56499999999998;166.73999999999998;66.65799999999999;22.88;22.88;271.507;145.022;247.43599999999998;75.82;62.48199999999999;96.08699999999999;89.095;22.88;93.90599999999999;71.591;88.92099999999999;284.014
70;804.679;112.211;169.19299999999998;120.09899999999999;191.94299999999998;185.773;19.305;86.853;49.756;55.647;71.907;19.305;19.305;19.305;19.305;19.305;19.305;19.305;141.98;19.305;19.305;19.305;19.305;19.305;19.305;19.305;19.305;19.305;19.305;139.87800000000001
71;1026.784;90.651;50.70099999999999;114.11599999999999;169.187;89.56299999999999;16.445;76.06799999999998;177.75799999999998;82.655;62.90299999999999;53.592;96.163;48.48299999999999;150.524;16.445;62.85199999999999;16.445;169.55699999999996;16.445;138.879;16.445;27.747;41.379;42.116;16.445;58.848;16.445;94.085;95.74099999999999
72;1855.1899999999998;136.351;133.061;113.366;180.54999999999998;92.54999999999998;22.165;80.91099999999999;184.341;74.331;13.881999999999998;22.165;88.77799999999999;74.541;199.22;93.71699999999998;39.281;22.165;421.48499999999996;160.31099999999998;368.183;45.269999999999996;55.616;51.05199999999999;53.943;22.165;59.724999999999994;62.616;65.50699999999999;321.42199999999997
73;65.63499999999999;22.88;22.88;22.88;22.88;22.88;22.88;22.88;22.88;22.88;22.88;22.88;22.88;22.88;22.88;22.88;22.88;22.88;22.88;22.88;22.88;22.88;22.88;22.88;22.88;22.88;22.88;22.88;22.88;22.88
74;2132.7699999999995;212.26999999999998;215.082;239.71399999999997;183.536;194.283;22.88;192.71499999999997;231.65699999999998;127.68199999999999;177.678;145.658;192.136;183.55099999999996;237.695;93.24;84.133;22.88;368.39599999999996;172.742;315.15599999999995;167.712;160.412;158.558;122.097;22.88;73.967;67.178;130.59999999999997;357.15400000000005
75;1446.8709999999999;111.79399999999998;127.94;185.666;196.42399999999998;240.43399999999997;20.02;206.20099999999996;201.686;124.58699999999999;90.758;61.273999999999994;196.61899999999997;134.85899999999998;232.757;99.499;20.02;20.02;245.37699999999998;161.026;312.856;140.78300000000002;89.226;121.18599999999998;128.338;20.02;96.13999999999999;20.02;55.016000000000005;235.27499999999998
76;120.82900000000001;66.06899999999999;79.43799999999999;22.88;22.88;22.88;22.88;22.88;22.88;22.88;22.88;22.88;22.88;22.88;22.88;22.88;22.88;22.88;22.88;22.88;22.88;22.88;22.88;22.88;22.88;22.88;22.88;22.88;22.88;152.952
77;945.6070000000001;93.192;99.38799999999999;181.016;165.49699999999999;136.95499999999998;16.445;112.531;203.55;117.86399999999999;148.844;114.826;136.50900000000001;92.66900000000001;180.85399999999998;57.873000000000005;60.763999999999996;16.445;150.834;55.61899999999999;49.04899999999999;51.94;16.445;16.445;16.445;16.445;16.445;16.445;16.445;157.964
78;1528.0779999999997;108.822;200.279;184.56199999999998;155.83999999999997;86.901;22.88;187.319;248.736;90.70399999999998;22.88;90.732;123.163;85.37899999999999;175.454;92.78499999999998;22.88;22.88;87.344;70.396;196.164;90.75;22.88;53.141999999999996;59.312;22.88;55.14699999999999;22.88;54.462999999999994;245.09799999999996
79;212.065;22.88;22.88;22.88;22.88;22.88;22.88;22.88;66.029;22.88;22.88;22.88;22.88;62.504999999999995;87.83699999999999;22.88;56.723;22.88;22.88;22.88;119.202;22.88;22.88;22.88;22.88;22.88;22.88;22.88;22.88;22.88
80;1395.3899999999999;159.432;206.20299999999997;144.50099999999998;204.87599999999998;211.558;22.88;130.252;354.623;254.865;123.26400000000001;317.94399999999996;176.033;234.572;215.76099999999997;161.767;148.025;22.88;222.87999999999997;206.367;318.53700000000003;120.50999999999999;175.362;155.32999999999998;138.953;22.88;123.917;152.99699999999999;108.501;467.393
81;357.79099999999994;25.74;27.987999999999996;24.412999999999997;119.507;28.194999999999997;25.74;123.55199999999999;138.415;74.298;96.189;76.77499999999999;84.587;189.087;239.76799999999997;146.332;73.829;25.74;116.30399999999999;73.27;201.51299999999998;25.74;25.74;25.74;25.74;25.74;88.90599999999999;25.74;25.74;135.575
82;2222.5529999999994;217.36599999999999;210.11199999999997;218.11999999999998;224.82599999999996;180.273;25.74;187.45999999999998;391.67600000000004;293.129;257.427;174.73499999999999;169.815;179.069;253.134;143.98999999999998;126.82799999999997;25.74;219.63299999999998;160.253;279.493;132.56399999999996;124.825;124.08599999999998;131.743;25.74;70.774;100.39599999999999;181.311;412.25699999999995
83;489.693;22.165;127.50199999999998;80.243;129.923;87.883;22.165;22.165;76.809;22.165;22.165;22.165;22.165;22.165;22.165;22.165;22.165;22.165;125.376;22.165;22.165;22.165;22.165;22.165;22.165;22.165;22.165;22.165;22.165;22.165
84;585.1999999999999;89.792;130.62099999999998;76.25299999999999;172.672;81.392;20.02;73.253;169.845;20.02;20.02;20.02;20.02;20.02;20.02;20.02;20.02;20.02;20.02;20.02;20.02;20.02;20.02;20.02;20.02;20.02;20.02;20.02;20.02;20.02
85;1168.3749999999998;178.23;152.60999999999999;192.90699999999998;189.421;188.101;22.88;165.72099999999998;232.25199999999998;135.34400000000002;152.641;152.29299999999998;190.28499999999997;193.042;273.581;199.88;95.832;22.88;279.912;171.238;298.426;151.38299999999998;100.75;160.115;170.73899999999998;22.88;71.69999999999999;59.590999999999994;153.267;244.16299999999998
86;513.5949999999999;80.55599999999998;67.882;20.02;151.54399999999998;79.762;20.02;20.02;20.02;20.02;20.02;20.02;20.02;20.02;20.02;20.02;20.02;20.02;119.50699999999999;20.02;20.02;20.02;20.02;20.02;20.02;20.02;20.02;20.02;20.02;151.33100000000002
87;1952.899;115.017;128.297;287.787;199.168;405.476;20.02;344.39699999999993;288.80499999999995;166.77299999999997;121.042;158.727;356.883;192.959;256.169;83.95499999999998;20.02;20.02;556.19;285.217;521.697;204.678;72.803;106.43;103.591;20.02;68.02;20.02;191.43;283.774
88;1911.441;124.04699999999998;128.846;155.93599999999998;169.047;85.591;20.02;70.82000000000001;193.778;20.02;20.02;20.02;69.14699999999999;75.756;157.757;87.11099999999999;20.02;20.02;125.179;97.39299999999999;181.90499999999997;98.97999999999999;20.02;20.02;20.02;20.02;20.02;20.02;20.02;176.50799999999998
89;2254.091;194.039;155.30499999999998;179.21699999999998;226.844;213.21099999999998;22.88;170.128;330.596;206.552;194.2;197.503;217.71299999999997;260.599;318.94199999999995;173.99599999999998;150.76;22.88;173.83499999999998;163.421;319.418;206.033;148.962;148.424;87.94999999999999;22.88;79.829;74.407;144.785;351.062
90;234.879;70.708;83.62499999999999;20.02;20.02;20.02;20.02;20.02;20.02;20.02;20.02;20.02;20.02;20.02;20.02;20.02;20.02;20.02;121.962;20.02;20.02;20.02;20.02;20.02;20.02;20.02;20.02;20.02;20.02;20.02
91;1465.5679999999998;99.80099999999999;22.88;22.88;146.569;22.88;22.88;87.356;118.93599999999999;72.41699999999999;22.88;22.88;86.346;22.88;140.551;22.88;22.88;22.88;254.50799999999998;39.78999999999999;159.796;22.88;22.88;22.88;22.88;22.88;22.88;22.88;55.20399999999999;191.26899999999998
92;1298.924;101.894;145.52499999999998;159.137;180.91899999999998;189.158;20.02;178.653;192.527;126.52999999999999;159.30599999999998;116.47800000000001;226.629;184.859;285.259;143.015;59.75399999999999;20.02;288.05699999999996;149.414;269.831;157.94;113.35199999999999;115.60799999999999;157.831;20.02;88.702;81.968;125.00399999999999;427.669
93;887.18;98.05099999999999;111.83399999999999;178.245;164.185;146.577;20.02;148.652;269.075;75.511;20.02;20.02;20.02;20.02;20.02;20.02;20.02;20.02;20.02;20.02;20.02;20.02;20.02;20.02;20.02;20.02;20.02;20.02;20.02;149.26600000000002
94;1194.678;220.583;339.668;206.304;201.386;146.42;22.88;119.648;148.24;74.074;81.277;90.16799999999999;48.571999999999996;50.462999999999994;146.885;53.744;59.590999999999994;22.88;141.195;65.809;158.117;71.591;22.88;22.88;22.88;22.88;22.88;22.88;22.88;22.88
95;2253.764;183.51199999999997;161.47099999999998;102.96;196.017;138.802;20.02;158.27;231.244;124.53199999999998;82.119;105.57899999999998;140.273;77.493;169.005;79.765;57.712999999999994;20.02;165.56;64.116;218.533;81.64099999999999;104.62099999999998;69.978;56.12299999999999;20.02;75.418;62.928;76.70899999999999;381.74399999999997
96;2052.765;150.85799999999998;98.16;299.956;171.571;225.57599999999996;22.88;256.503;283.96799999999996;230.92899999999997;141.766;131.725;215.345;158.92499999999998;250.151;22.443999999999996;39.521;22.88;394.2339999999999;159.558;309.73;135.13299999999998;53.983;136.797;108.279;22.88;22.88;22.88;97.96199999999999;393.854
97;67.604;20.02;20.02;20.02;20.02;20.02;20.02;20.02;20.02;20.02;20.02;20.02;20.02;20.02;20.02;20.02;20.02;20.02;20.02;20.02;20.02;20.02;20.02;20.02;20.02;20.02;20.02;20.02;20.02;20.02
98;252.23099999999997;57.58;20.02;63.361999999999995;163.499;20.02;20.02;65.536;20.02;20.02;20.02;20.02;20.02;20.02;20.02;20.02;20.02;20.02;108.76899999999999;20.02;20.02;20.02;20.02;20.02;20.02;20.02;20.02;20.02;20.02;20.02
99;65.63499999999999;22.88;22.88;22.88;22.88;22.88;22.88;22.88;22.88;22.88;22.88;22.88;22.88;22.88;22.88;22.88;22.88;22.88;22.88;22.88;22.88;22.88;22.88;22.88;22.88;22.88;22.88;22.88;22.88;22.88
100;2592.6139999999996;184.33599999999998;142.699;269.792;187.873;172.932;20.02;174.82799999999997;257.634;173.539;177.822;250.735;170.905;141.79;231.305;175.502;148.187;20.02;302.87;174.32899999999998;285.537;139.743;145.054;147.177;147.562;20.02;138.112;95.26299999999999;149.575;467.41099999999994
101;119.02199999999999;65.16499999999999;20.02;20.02;20.02;20.02;20.02;20.02;20.02;20.02;20.02;20.02;20.02;20.02;20.02;20.02;20.02;20.02;20.02;20.02;20.02;20.02;20.02;20.02;20.02;20.02;20.02;20.02;20.02;20.02
102;1918.6480000000001;191.346;147.44199999999998;151.91299999999998;216.466;173.71999999999997;20.02;196.19299999999998;331.47499999999997;176.481;128.74599999999998;170.521;225.09199999999998;212.724;288.03499999999997;51.324;49.214999999999996;20.02;322.48699999999997;155.49699999999999;276.861;167.154;81.56299999999999;189.75400000000002;151.381;20.02;175.37599999999998;78.862;100.441;419.282
103;230.265;92.61099999999998;22.88;22.88;108.198;22.88;22.88;22.88;22.88;22.88;22.88;22.88;22.88;22.88;22.88;22.88;22.88;22.88;22.88;22.88;22.88;22.88;22.88;22.88;22.88;22.88;22.88;22.88;22.88;22.88
104;1554.58;19.305;124.727;121.79899999999999;123.764;100.13099999999999;19.305;27.064;128.41500000000002;19.305;19.305;99.40799999999999;69.99499999999999;111.865;164.624;19.305;19.305;19.305;159.238;77.756;152.944;19.305;19.305;41.846;19.305;19.305;44.51899999999999;19.305;60.300999999999995;243.63299999999998
105;2118.593;94.887;132.39799999999997;178.35399999999998;196.422;185.039;22.88;265.505;260.832;118.11699999999999;86.013;72.906;183.35399999999998;117.04400000000001;249.19499999999996;92.104;61.65599999999999;22.88;192.50600000000003;129.817;256.121;105.377;102.768;94.95599999999999;70.24799999999999;22.88;131.036;79.689;168.98199999999997;463.856
106;2005.4109999999998;161.265;120.52;211.524;140.105;248.418;20.02;236.477;283.143;116.101;150.13;127.64;252.03300000000002;218.94199999999998;220.03199999999998;97.379;61.59899999999999;20.02;258.007;201.749;262.01599999999996;168.28299999999996;80.947;164.70000000000002;100.103;20.02;83.342;20.02;65.83999999999999;320.31699999999995
107;1333.7299999999998;89.82999999999998;44.449999999999996;150.63899999999998;222.125;226.548;22.88;190.452;264.657;89.19999999999999;121.208;101.75999999999999;112.511;153.69599999999997;268.215;135.289;81.37;22.88;201.585;93.55099999999999;200.349;65.344;74.44200000000001;85.257;66.22999999999999;22.88;86.43099999999998;64.07;146.99099999999999;416.589
108;72.37199999999999;20.02;20.02;20.02;20.02;20.02;20.02;20.02;20.02;20.02;20.02;20.02;20.02;20.02;20.02;20.02;20.02;20.02;20.02;20.02;20.02;20.02;20.02;20.02;20.02;20.02;20.02;20.02;20.02;20.02
109;95.66499999999999;22.88;22.88;22.88;22.88;22.88;22.88;22.88;22.88;22.88;22.88;22.88;22.88;22.88;22.88;22.88;22.88;22.88;22.88;22.88;22.88;22.88;22.88;22.88;22.88;22.88;22.88;22.88;22.88;22.88
110;1422.773;223.53699999999998;253.66799999999998;372.918;165.834;144.09;25.025;185.03199999999998;191.611;1.1339999999999968;110.338;25.025;155.71499999999997;186.03599999999997;208.95399999999998;131.564;153.986;25.025;230.23499999999999;143.446;304.225;124.93099999999998;105.32399999999998;95.604;105.35199999999999;25.025;143.23999999999998;107.739;135.094;429.24999999999994
111;2312.969;201.44599999999997;170.894;265.683;208.97199999999998;216.81099999999998;22.88;314.809;347.08000000000004;159.05399999999997;174.346;169.57299999999998;203.733;230.38;280.173;133.497;22.88;22.88;448.171;254.66200000000003;368.777;193.14800000000002;86.475;209.34899999999996;137.644;22.88;65.53399999999999;45.98499999999999;22.88;375.436
112;64.91999999999999;22.165;22.165;22.165;22.165;22.165;22.165;22.165;22.165;22.165;22.165;22.165;22.165;22.165;22.165;22.165;22.165;22.165;22.165;22.165;22.165;22.165;22.165;22.165;22.165;22.165;22.165;22.165;22.165;22.165
113;131.995;72.599;20.02;20.02;20.02;20.02;20.02;20.02;20.02;20.02;20.02;20.02;20.02;20.02;20.02;20.02;20.02;20.02;20.02;20.02;20.02;20.02;20.02;20.02;20.02;20.02;20.02;20.02;20.02;20.02
114;2016.6379999999997;156.463;173.64099999999996;201.154;177.972;151.855;20.02;150.52999999999997;243.265;163.474;148.915;78.875;179.89999999999998;154.23399999999998;273.51;67.38399999999999;20.02;20.02;223.29699999999997;156.115;279.816;141.653;108.62100000000001;80.238;63.872;20.02;20.02;50.535999999999994;146.993;386.263
115;3109.124;281.08299999999997;443.59499999999997;240.17499999999998;211.635;285.11499999999995;19.305;242.558;489.40599999999995;361.46099999999996;212.26899999999998;235.16;220.259;180.609;260.72999999999996;250.722;188.01599999999996;19.305;295.611;164.72899999999998;302.748;207.717;144.173;185.437;167.364;19.305;155.73699999999997;69.53699999999999;248.476;489.926
116;2107.064;172.69799999999998;129.09699999999998;20.02;164.80999999999997;134.884;20.02;125.19399999999999;156.748;148.094;20.02;82.11;124.07999999999998;135.465;168.998;83.478;15.214999999999998;20.02;125.54599999999999;37.516999999999996;225.83299999999997;42.29899999999999;20.02;58.039;106.59599999999999;20.02;42.408;20.02;70.344;206.29999999999998
117;1420.6029999999998;139.65399999999997;167.89499999999998;224.60499999999996;220.26;272.885;25.74;200.497;333.864;131.92;67.72999999999999;176.623;217.93399999999997;124.59699999999998;210.024;61.973;63.864;25.74;257.921;255.28299999999996;226.52999999999997;142.48199999999997;74.451;146.42699999999996;112.93799999999999;25.74;85.722;62.144999999999996;94.47999999999999;344.111
118;1579.2349999999997;134.42;124.472;115.753;196.41299999999998;77.069;22.88;95.81099999999999;110.78399999999999;32.507;86.35;22.88;112.69699999999999;86.298;203.781;93.678;22.88;22.88;131.394;70.614;220.968;92.1;103.90100000000001;79.67999999999998;88.347;22.88;93.26299999999999;86.545;89.394;356.847
119;71.669;25.74;25.74;25.74;25.74;25.74;25.74;25.74;25.74;25.74;25.74;25.74;25.74;25.74;25.74;25.74;25.74;25.74;25.74;25.74;25.74;25.74;25.74;25.74;25.74;25.74;25.74;25.74;25.74;25.74
120;614.5790000000001;80.258;72.06899999999999;155.163;165.73899999999998;61.709999999999994;20.02;20.02;158.304;53.42699999999999;20.02;20.02;65.158;20.02;101.25399999999999;20.02;20.02;20.02;20.02;20.02;20.02;20.02;20.02;20.02;20.02;20.02;20.02;20.02;20.02;150.101
121;2143.087;166.296;150.698;135.67899999999997;179.8;137.168;19.305;149.83299999999997;211.302;123.68599999999999;79.821;122.32899999999998;112.892;105.451;266.06399999999996;153.843;92.53799999999998;19.305;157.415;113.324;215.45299999999997;62.239;110.54899999999999;89.20599999999999;90.786;19.305;147.077;78.30799999999999;115.519;286.693
122;62.77499999999999;20.02;20.02;20.02;20.02;20.02;20.02;20.02;20.02;20.02;20.02;20.02;20.02;20.02;20.02;20.02;20.02;20.02;20.02;20.02;20.02;20.02;20.02;20.02;20.02;20.02;20.02;20.02;20.02;20.02
123;1375.2199999999998;71.59299999999999;22.88;70.02499999999999;131.253;22.88;22.88;76.28699999999999;109.572;22.88;22.88;22.88;93.371;67.876;149.61499999999998;54.658;57.54899999999999;22.88;255.31499999999997;22.88;136.112;22.88;22.88;22.88;22.88;22.88;22.88;22.88;22.88;376.54499999999996
124;65.63499999999999;22.88;22.88;22.88;22.88;22.88;22.88;22.88;22.88;22.88;22.88;22.88;22.88;22.88;22.88;22.88;22.88;22.88;22.88;22.88;22.88;22.88;22.88;22.88;22.88;22.88;22.88;22.88;22.88;22.88
125;1168.4909999999998;195.47199999999998;132.869;142.265;221.40800000000002;202.29899999999998;19.305;163.144;141.13400000000001;62.708999999999996;101.01299999999999;142.995;198.24699999999999;185.45;246.20999999999998;82.05499999999999;19.305;19.305;208.94600000000003;150.237;295.60999999999996;145.487;76.60499999999999;138.58299999999997;81.109;19.305;62.156;62.471;91.864;386.10799999999995
126;133.096;22.88;22.88;22.88;22.88;22.88;22.88;22.88;22.88;22.88;22.88;22.88;22.88;22.88;22.88;22.88;22.88;22.88;22.88;22.88;22.88;22.88;22.88;22.88;22.88;22.88;22.88;22.88;22.88;22.88
127;1250.11;65.755;71.94999999999999;116.856;180.142;25.74;25.74;25.74;173.51399999999998;100.60199999999999;25.74;69.797;107.708;104.812;192.635;105.517;77.79499999999999;25.74;167.411;91.37;222.646;33.086;45.432;46.107;50.47999999999999;25.74;54.995999999999995;61.34199999999999;59.32299999999999;137.511
128;65.63499999999999;22.88;22.88;22.88;22.88;22.88;22.88;22.88;22.88;22.88;22.88;22.88;22.88;22.88;22.88;22.88;22.88;22.88;22.88;22.88;22.88;22.88;22.88;22.88;22.88;22.88;22.88;22.88;22.88;22.88
129;153.098;58.175;17.16;80.609;166.71999999999997;86.393;17.16;59.675999999999995;17.16;17.16;17.16;17.16;17.16;17.16;17.16;17.16;17.16;17.16;17.16;17.16;17.16;17.16;17.16;17.16;17.16;17.16;17.16;17.16;17.16;17.16
130;1034.654;70.679;115.708;79.488;159.76099999999997;62.49399999999999;19.305;61.146;166.504;53.90899999999999;19.305;19.305;85.172;56.47699999999999;106.02;19.305;19.305;19.305;239.319;19.305;139.504;65.0;36.888;105.889;53.215;19.305;47.452;52.343;48.778999999999996;157.53699999999998
131;1607.9519999999998;146.98399999999998;115.63099999999999;-0.8870000000000005;88.80399999999999;84.46700000000001;22.88;20.302;124.065;20.276999999999997;118.81899999999999;119.829;129.857;142.04999999999998;203.33499999999998;96.763;36.163999999999994;22.88;292.743;36.836999999999996;179.511;74.27;55.018;77.184;70.62;22.88;62.85699999999999;64.55199999999999;49.702;265.455
132;62.77499999999999;20.02;20.02;20.02;20.02;20.02;20.02;20.02;20.02;20.02;20.02;20.02;20.02;20.02;20.02;20.02;20.02;20.02;20.02;20.02;20.02;20.02;20.02;20.02;20.02;20.02;20.02;20.02;20.02;20.02
133;57.54899999999999;20.02;20.02;20.02;20.02;20.02;20.02;20.02;20.02;20.02;20.02;20.02;20.02;20.02;20.02;20.02;20.02;20.02;20.02;20.02;20.02;20.02;20.02;20.02;20.02;20.02;20.02;20.02;20.02;20.02
134;274.89799999999997;73.602;78.719;22.88;83.74199999999999;22.88;22.88;22.88;22.88;22.88;22.88;22.88;22.88;22.88;22.88;22.88;22.88;22.88;22.88;22.88;22.88;22.88;22.88;22.88;22.88;22.88;22.88;22.88;22.88;22.88
135;1279.914;60.897999999999996;120.85299999999998;74.31299999999999;127.12799999999999;111.74699999999999;22.88;169.15499999999997;227.00099999999998;161.207;154.918;216.08299999999997;164.631;411.0239999999999;127.77299999999997;197.96999999999997;39.358;22.88;418.52899999999994;398.89;276.995;53.92999999999999;75.10899999999998;190.712;97.52599999999998;22.88;196.40499999999997;75.276;185.69;557.4609999999999
136;362.98199999999997;54.84;20.02;80.166;191.947;43.571;20.02;44.397999999999996;171.88299999999998;44.38499999999999;20.02;20.02;20.02;20.02;20.02;20.02;20.02;20.02;20.02;20.02;20.02;20.02;20.02;20.02;20.02;20.02;20.02;20.02;20.02;20.02
137;840.543;153.87399999999997;229.98499999999996;187.212;166.243;195.191;20.02;114.352;129.13;20.02;20.02;20.02;20.02;20.02;20.02;20.02;20.02;20.02;114.98700000000001;20.02;20.02;20.02;20.02;20.02;20.02;20.02;20.02;20.02;20.02;148.44
138;1313.8669999999997;181.567;139.35199999999998;232.76299999999998;166.457;242.041;20.02;222.32999999999998;240.68599999999998;93.441;126.579;104.38499999999999;172.52100000000002;190.82999999999998;215.34999999999997;131.03199999999998;133.96099999999998;20.02;342.118;101.423;185.52599999999998;75.18299999999999;20.02;75.201;69.448;20.02;61.82799999999999;55.951;68.603;396.54699999999997
139;1726.688;127.791;132.314;280.81399999999996;240.471;161.91899999999998;25.74;188.099;289.329;108.36;218.92700000000002;106.31599999999999;108.95499999999998;88.823;185.14;61.147;25.74;25.74;164.81699999999998;134.39600000000002;318.93399999999997;143.192;70.59;81.524;129.029;25.74;65.571;84.726;74.136;429.67499999999995
140;2730.17;111.851;164.68099999999998;177.43599999999998;209.111;155.56699999999998;22.165;219.574;268.392;263.08299999999997;197.947;174.902;138.831;144.03199999999998;240.39799999999997;183.76600000000002;94.631;22.165;267.235;169.464;320.828;135.197;66.877;120.502;148.75799999999998;22.165;130.382;161.82799999999997;176.51999999999998;505.1249999999999
141;298.952;95.214;88.02;66.57;138.67600000000002;140.63799999999998;22.88;74.59100000000001;22.88;22.88;22.88;22.88;22.88;22.88;22.88;22.88;22.88;22.88;22.88;22.88;22.88;22.88;22.88;22.88;22.88;22.88;22.88;22.88;22.88;138.084
142;2261.6429999999996;154.505;165.24699999999999;222.206;208.95;255.56199999999998;22.88;200.50099999999998;285.34;93.18099999999998;112.44;107.728;194.147;155.708;249.665;194.283;138.14;22.88;316.441;160.548;292.42199999999997;166.61599999999999;140.897;147.78799999999998;164.71;22.88;176.25;201.58799999999997;176.70099999999996;464.47399999999993
143;103.02999999999999;20.02;20.02;20.02;20.02;20.02;20.02;20.02;20.02;20.02;20.02;20.02;20.02;20.02;20.02;20.02;20.02;20.02;20.02;20.02;20.02;20.02;20.02;20.02;20.02;20.02;20.02;20.02;20.02;20.02
144;2257.656;214.791;342.23799999999994;207.808;203.00999999999996;269.027;22.88;287.85499999999996;473.9379999999999;367.27799999999996;235.712;326.30699999999996;249.983;219.48799999999997;265.86999999999995;246.565;202.193;22.88;269.816;189.80599999999998;266.262;119.032;162.54399999999998;141.654;123.66199999999998;22.88;154.79699999999997;116.56899999999999;201.07299999999998;520.7449999999999
145;2227.073;159.64799999999997;166.001;198.276;208.50799999999998;173.69699999999997;25.74;257.95899999999995;376.10799999999995;300.96099999999996;174.828;188.68099999999998;188.417;181.51;249.26999999999998;175.41499999999996;119.63999999999999;25.74;223.33799999999997;164.658;302.93399999999997;147.82999999999998;140.85999999999999;124.07199999999997;155.838;25.74;201.95799999999997;113.50899999999999;210.5;540.188
146;1675.6059999999998;136.266;126.455;203.522;169.134;231.38899999999998;22.88;246.535;223.87999999999997;92.45599999999999;75.834;200.259;199.52999999999997;180.432;233.406;17.512999999999998;14.183999999999997;22.88;333.972;157.78199999999998;281.014;81.87299999999999;65.62099999999998;121.483;109.064;22.88;56.059;60.205;97.628;404.41499999999996
147;1877.445;155.395;83.729;130.368;193.541;223.67;22.165;203.91699999999997;266.073;129.107;133.78300000000002;81.43799999999999;88.584;52.616;113.836;56.397999999999996;22.165;22.165;360.53799999999995;71.058;186.56199999999998;61.13799999999999;22.165;22.165;22.165;22.165;22.165;22.165;22.165;325.765
148;2333.9039999999995;146.87399999999997;135.112;160.166;179.863;148.16199999999998;19.305;224.16;240.296;119.67799999999998;121.83;151.84099999999998;224.75799999999998;171.128;240.53499999999997;89.76899999999999;91.206;19.305;219.023;171.20199999999997;330.143;141.007;110.22699999999999;155.30399999999997;146.885;19.305;114.325;83.781;212.88299999999998;456.095
149;229.384;70.27199999999999;81.594;20.02;66.666;20.02;20.02;20.02;20.02;20.02;20.02;20.02;20.02;20.02;20.02;20.02;20.02;20.02;112.509;20.02;20.02;20.02;20.02;20.02;20.02;20.02;20.02;20.02;20.02;146.375
150;65.63499999999999;22.88;22.88;22.88;22.88;22.88;22.88;22.88;22.88;22.88;22.88;22.88;22.88;22.88;22.88;22.88;22.88;22.88;22.88;22.88;22.88;22.88;22.88;22.88;22.88;22.88;22.88;22.88;22.88;22.88
151;1807.4929999999997;108.59899999999999;100.486;132.499;174.466;143.79;25.74;188.91899999999998;161.73;100.453;97.78199999999998;25.74;177.213;175.58199999999997;229.48399999999998;94.72099999999999;107.244;25.74;207.91699999999997;150.892;247.117;116.42199999999998;86.768;84.559;108.53299999999999;25.74;90.856;62.88699999999999;85.19800000000001;352.47499999999997
152;64.765;19.305;19.305;19.305;19.305;19.305;19.305;19.305;19.305;19.305;19.305;19.305;19.305;19.305;19.305;19.305;19.305;19.305;19.305;19.305;19.305;19.305;19.305;19.305;19.305;19.305;19.305;19.305;19.305;19.305
153;188.238;109.523;67.167;19.305;19.305;19.305;19.305;19.305;19.305;19.305;19.305;19.305;19.305;19.305;19.305;19.305;19.305;19.305;19.305;19.305;19.305;19.305;19.305;19.305;19.305;19.305;19.305;19.305;19.305;154.33300000000003
154;1673.555;169.89299999999997;105.75;171.65999999999997;187.52999999999997;205.862;22.88;96.636;311.02199999999993;126.925;63.656;114.92999999999999;146.68300000000002;87.93699999999998;70.395;62.242999999999995;22.88;22.88;22.88;22.88;22.88;22.88;22.88;22.88;22.88;22.88;22.88;22.88;22.88;189.60999999999999
155;2438.6859999999997;214.12399999999997;179.265;384.619;225.34699999999998;367.42699999999996;19.305;495.1669999999999;209.665;81.054;54.538;120.942;211.582;160.66199999999998;209.902;178.017;71.884;19.305;285.419;105.364;245.58799999999997;141.901;88.327;129.332;76.907;19.305;71.572;57.212999999999994;142.398;469.23999999999995
156;2183.3009999999995;181.607;194.049;320.81499999999994;210.696;175.02799999999996;25.025;92.66;334.46799999999996;100.56400000000001;99.07900000000001;196.027;25.025;25.025;25.025;25.025;25.025;25.025;126.055;25.025;25.025;25.025;25.025;25.025;25.025;25.025;25.025;25.025;25.025;191.20799999999997
157;2134.7749999999996;111.709;51.369;245.87199999999999;182.838;134.21499999999997;19.305;204.38599999999997;210.73299999999998;86.001;65.94;85.35399999999998;146.65499999999997;183.43;195.873;141.832;19.305;19.305;155.805;19.305;123.945;19.305;19.305;159.768;120.459;19.305;131.41;19.305;131.029;137.56799999999998
158;241.286;71.155;22.88;22.88;58.92699999999999;22.88;22.88;22.88;68.39899999999999;22.88;22.88;22.88;22.88;22.88;22.88;22.88;22.88;22.88;22.88;22.88;22.88;22.88;22.88;22.88;22.88;22.88;22.88;22.88;22.88;22.88
159;1568.083;136.177;128.41699999999997;170.23399999999998;228.70499999999998;126.91399999999999;22.88;29.253999999999998;222.988;176.74599999999998;43.888;42.012;74.189;79.392;201.81199999999998;112.94899999999998;93.94;22.88;315.23699999999997;103.38899999999998;222.85199999999998;93.843;96.72999999999999;89.66199999999999;70.17699999999999;22.88;120.536;99.60799999999999;110.26999999999998;343.976
160;2000.493;178.39100000000002;161.712;122.069;195.308;103.41199999999998;22.88;137.096;247.08299999999997;106.92399999999999;72.255;178.167;76.78999999999999;50.91799999999999;186.18199999999996;56.699999999999996;84.068;22.88;115.96099999999998;65.809;221.673;72.591;100.98400000000001;116.422;124.482;22.88;125.46000000000001;91.392;138.92999999999998;260.41999999999996
161;62.77499999999999;20.02;20.02;20.02;20.02;20.02;20.02;20.02;20.02;20.02;20.02;20.02;20.02;20.02;20.02;20.02;20.02;20.02;20.02;20.02;20.02;20.02;20.02;20.02;20.02;20.02;20.02;20.02;20.02;20.02
162;1267.346;108.93999999999998;119.612;220.48199999999997;243.22499999999997;230.15200000000002;20.02;215.127;247.70800000000003;155.06599999999997;113.14500000000001;191.01099999999997;241.69600000000003;203.561;260.96;76.526;94.672;20.02;202.09;147.04199999999997;264.968;132.68099999999998;72.874;140.934;172.142;20.02;74.53999999999999;80.198;129.456;401.66999999999996
163;537.137;84.23999999999998;20.02;62.949;143.006;20.02;20.02;20.02;112.826;20.02;20.02;20.02;20.02;20.02;20.02;20.02;20.02;20.02;20.02;20.02;20.02;20.02;20.02;20.02;20.02;20.02;20.02;20.02;20.02;20.02
164;2992.7479999999996;93.283;152.72199999999998;272.037;206.528;261.495;20.02;248.73799999999997;279.212;111.117;109.276;105.25899999999999;208.115;173.023;248.062;92.80499999999999;20.02;20.02;243.63899999999998;129.576;269.962;113.15699999999998;40.623999999999995;109.77599999999998;59.402;20.02;73.30699999999999;20.02;98.089;470.578
165;1102.615;76.65299999999999;115.35;180.202;168.35;131.796;22.88;129.345;125.876;26.644999999999996;26.53;86.386;103.65699999999998;87.43099999999998;177.655;37.79299999999999;41.684;22.88;270.125;68.28699999999999;254.49099999999999;85.99;76.795;91.609;76.47399999999999;22.88;84.46699999999998;95.99499999999999;121.04599999999999;397.207
166;1605.4399999999998;129.801;320.04999999999995;161.029;158.711;169.028;20.02;122.27699999999999;264.06899999999996;214.838;86.03299999999999;170.297;147.119;162.365;214.61100000000002;100.166;94.503;20.02;188.847;130.572;277.05199999999996;44.125;52.471;59.36999999999999;51.798;20.02;20.02;20.02;61.01599999999999;252.97099999999998
167;577.6399999999999;122.301;105.917;96.35;160.082;65.42699999999999;20.02;20.02;156.195;20.02;20.02;20.02;20.02;20.02;20.02;20.02;20.02;20.02;20.02;20.02;20.02;20.02;20.02;20.02;20.02;20.02;20.02;20.02;20.02;20.02
168;677.5699999999999;91.29499999999999;25.74;25.74;174.76899999999998;25.74;25.74;-9.801000000000002;144.214;25.74;68.145;69.58099999999999;6.718999999999994;91.639;150.351;25.74;25.74;25.74;151.128;68.032;236.02799999999996;25.74;65.929;46.519999999999996;52.75899999999999;25.74;53.995999999999995;25.74;86.323;244.101
169;869.519;25.74;25.74;42.913;116.00999999999999;25.74;25.74;18.273999999999997;77.59;19.043999999999997;124.88;90.54899999999999;23.173;25.74;122.64500000000001;96.069;25.74;25.74;177.928;25.74;120.63;25.74;103.16899999999998;57.233;66.72200000000001;25.74;62.102;56.626999999999995;78.866;209.03099999999998
170;1427.186;157.572;20.02;38.342999999999996;195.063;-16.736;20.02;-8.954;144.548;59.14399999999999;58.58;104.297;72.487;55.035;88.39299999999999;20.02;20.02;20.02;270.79299999999995;38.995;151.379;20.02;20.02;69.98599999999999;34.038999999999994;20.02;44.117999999999995;20.02;64.35499999999999;309.60799999999995
171;62.77499999999999;20.02;20.02;20.02;97.48299999999999;20.02;20.02;20.02;20.02;20.02;20.02;20.02;20.02;20.02;20.02;20.02;20.02;20.02;20.02;20.02;20.02;20.02;20.02;20.02;20.02;20.02;20.02;20.02;20.02;20.02
172;1232.358;95.61099999999999;17.074999999999996;117.98299999999999;194.257;85.406;22.88;63.74199999999999;166.75199999999998;52.17999999999999;22.88;62.48199999999999;127.727;153.978;181.095;22.88;76.937;22.88;246.61799999999997;72.307;228.83199999999997;71.568;50.91799999999999;33.595;41.899;22.88;59.422;22.88;93.91799999999999;198.815
173;619.5749999999999;124.36299999999999;89.32;79.791;107.345;22.88;22.88;22.88;102.632;64.157;69.916;69.26400000000001;22.88;22.88;22.88;22.88;22.88;22.88;22.88;22.88;22.88;22.88;22.88;22.88;22.88;22.88;22.88;22.88;22.88;22.88
174;2066.0319999999997;157.012;173.213;219.058;158.875;230.50900000000001;20.02;407.21799999999996;410.91799999999995;234.03399999999996;165.798;232.48;217.54799999999997;262.1209999999999;317.13399999999996;123.079;68.94;20.02;371.941;185.019;349.101;167.00099999999998;144.373;157.865;175.509;20.02;173.90300000000002;141.409;167.84;462.129
175;65.63499999999999;22.88;22.88;22.88;22.88;22.88;22.88;22.88;22.88;22.88;22.88;22.88;22.88;22.88;22.88;22.88;22.88;22.88;22.88;22.88;22.88;22.88;22.88;22.88;22.88;22.88;22.88;22.88;22.88;22.88
176;1682.128;126.858;149.522;224.49999999999997;123.67599999999999;266.23699999999997;22.88;269.47399999999993;248.435;116.654;136.33399999999997;196.57599999999996;155.76999999999998;122.08500000000001;216.13299999999998;112.231;108.12199999999999;22.88;171.38299999999998;87.181;179.10099999999997;69.227;59.964;80.755;103.842;22.88;78.624;67.46099999999998;125.263;369.704
177;569.804;122.30099999999999;16.445;68.63399999999999;72.58999999999999;16.445;16.445;16.445;16.445;16.445;16.445;16.445;16.445;16.445;16.445;16.445;16.445;16.445;16.445;16.445;16.445;16.445;16.445;16.445;16.445;16.445;16.445;16.445;16.445;168.01099999999997
178;2960.0679999999998;196.087;190.315;400.88699999999994;244.003;421.102;22.88;428.33099999999996;418.6979999999999;296.523;230.756;248.40299999999996;380.407;424.794;486.26399999999995;195.44400000000002;159.86899999999997;22.88;509.65199999999993;303.917;418.604;281.94399999999996;141.709;339.22700000000003;308.24199999999996;22.88;79.785;88.898;344.551;550.672
179;2988.9969999999994;146.399;166.77999999999997;259.64099999999996;199.96699999999998;265.169;22.165;270.39799999999997;221.15099999999998;189.296;222.378;176.393;266.799;175.912;255.96099999999996;117.86999999999999;67.245;22.165;278.058;215.08;325.582;204.37699999999998;119.05099999999999;166.86499999999998;192.974;22.165;210.54399999999998;144.79399999999998;259.05899999999997;500.616
180;652.4549999999999;95.684;22.88;127.62199999999999;116.78999999999999;152.553;22.88;133.07;222.58100000000002;64.57;22.88;22.88;22.88;22.88;22.88;22.88;22.88;22.88;22.88;22.88;22.88;22.88;22.88;22.88;22.88;22.88;22.88;22.88;22.88;157.495
181;162.164;16.445;61.85199999999999;16.445;73.52799999999999;16.445;16.445;16.445;40.92;16.445;16.445;16.445;16.445;16.445;67.41399999999999;16.445;16.445;16.445;111.56299999999999;16.445;16.445;16.445;16.445;16.445;16.445;16.445;16.445;16.445;16.445;16.445
182;279.01099999999997;22.165;22.165;-21.526999999999997;91.476;-17.745;22.165;-6.222000000000001;46.64;22.165;22.165;22.165;8.831;4.556999999999999;90.006;10.751999999999999;18.642999999999997;22.165;22.293;87.72899999999998;90.83599999999998;31.251999999999995;34.444;119.17699999999999;73.237;22.165;52.007999999999996;45.443999999999996;102.362;143.61199999999997
183;85.37299999999999;20.02;20.02;20.02;20.02;20.02;20.02;20.02;20.02;20.02;20.02;20.02;20.02;20.02;20.02;20.02;20.02;20.02;20.02;20.02;20.02;20.02;20.02;20.02;20.02;20.02;20.02;20.02;20.02;20.02
184;471.251;102.03399999999999;19.305;98.67299999999999;76.887;19.305;19.305;19.305;19.305;19.305;19.305;19.305;19.305;19.305;19.305;19.305;19.305;19.305;116.291;19.305;19.305;19.305;19.305;19.305;19.305;19.305;19.305;19.305;19.305;153.507
185;1248.907;107.40899999999999;66.484;22.165;176.16699999999997;98.188;22.165;118.925;133.043;22.165;22.165;90.434;74.27;77.616;130.885;22.165;64.65799999999999;22.165;22.165;22.165;123.169;22.165;22.165;22.165;22.165;22.165;22.165;22.165;22.165;95.417
186;122.89799999999998;20.02;20.02;20.02;20.02;20.02;20.02;20.02;20.02;20.02;20.02;20.02;20.02;20.02;20.02;20.02;20.02;20.02;20.02;20.02;20.02;20.02;20.02;20.02;20.02;20.02;20.02;20.02;20.02;20.02
187;733.2289999999999;107.827;130.00900000000001;51.25699999999999;101.75899999999999;19.305;19.305;19.305;126.377;164.83800000000002;49.92999999999999;56.821;68.36399999999999;60.99699999999999;157.49099999999999;19.305;19.305;19.305;50.642999999999994;19.305;152.751;19.305;19.305;19.305;19.305;19.305;19.305;19.305;96.39599999999999;19.305
188;1802.1689999999999;182.67699999999996;155.53099999999998;207.716;181.296;224.692;20.02;225.42399999999998;320.76099999999997;202.07599999999996;244.796;181.195;252.61599999999999;263.287;284.61799999999994;170.85999999999999;145.259;20.02;397.764;197.444;366.55899999999997;184.06599999999997;128.51599999999996;211.723;190.951;20.02;116.37;95.073;215.27599999999998;433.86299999999994
189;103.78199999999998;25.74;25.74;25.74;107.279;25.74;25.74;25.74;99.127;25.74;25.74;25.74;25.74;25.74;25.74;25.74;25.74;25.74;25.74;25.74;25.74;25.74;25.74;25.74;25.74;25.74;25.74;25.74;25.74;25.74
190;62.77499999999999;20.02;20.02;20.02;20.02;20.02;20.02;20.02;20.02;20.02;20.02;20.02;20.02;20.02;20.02;20.02;20.02;20.02;20.02;20.02;20.02;20.02;20.02;20.02;20.02;20.02;20.02;20.02;20.02;20.02
191;2066.2419999999997;186.16699999999997;172.125;207.132;204.462;179.111;22.88;138.692;270.739;164.20299999999997;137.21699999999998;183.539;169.042;104.74699999999999;214.964;77.684;63.744;22.88;267.366;69.02499999999999;230.881;95.09299999999999;53.358999999999995;73.99199999999999;79.364;22.88;61.54899999999999;65.38999999999999;103.695;410.5279999999999
192;702.52;20.02;20.02;20.02;89.33099999999999;20.02;20.02;60.232;60.690999999999995;20.02;20.02;20.02;20.02;85.513;75.14599999999999;20.02;20.02;20.02;20.02;20.02;20.02;20.02;20.02;20.02;20.02;20.02;20.02;20.02;20.02;20.02
193;1683.517;166.76;219.63;134.25599999999997;187.45299999999997;169.673;22.88;161.809;342.4239999999999;178.314;147.6;77.64699999999999;101.57499999999999;75.826;187.086;107.018;85.196;22.88;164.355;59.050999999999995;233.005;79.06899999999999;119.77699999999999;34.833999999999996;38.312;22.88;49.093999999999994;22.88;81.28899999999999;67.688
194;1791.0230000000001;124.166;219.494;187.326;185.271;181.75099999999998;16.445;168.29999999999998;287.16299999999995;120.862;27.866;93.448;207.667;197.253;262.243;94.928;96.095;16.445;274.39799999999997;184.59199999999998;298.21;168.434;157.388;158.69099999999997;168.236;16.445;173.598;131.397;142.453;508.79499999999996
195;895.8820000000001;64.277;44.114;86.458;184.397;143.51999999999998;25.74;157.076;296.229;129.837;121.82299999999998;86.759;175.028;67.37599999999999;190.826;106.94200000000001;81.088;25.74;130.926;81.907;182.852;78.208;66.71199999999999;72.304;88.92599999999999;25.74;70.443;66.99199999999999;83.04499999999999;429.109
196;1014.1990000000001;60.622;60.05799999999999;22.757999999999996;92.697;20.02;20.02;64.994;72.06599999999999;20.02;41.995;5.520999999999997;104.074;65.012;132.034;20.02;20.02;20.02;133.478;58.275999999999996;199.311;20.02;20.02;20.02;99.775;20.02;59.5;48.907;93.19200000000001;350.967
197;1820.2239999999997;142.4;141.765;175.993;232.017;198.676;20.02;163.74699999999999;243.858;137.106;108.30599999999998;164.17;202.20499999999998;173.529;243.63299999999995;98.62299999999999;81.149;20.02;267.769;172.90299999999996;306.71299999999997;178.07299999999998;169.62599999999998;150.321;149.052;20.02;81.04599999999999;80.858;140.156;458.16700000000003
198;445.7789999999999;112.392;59.756;69.624;149.85999999999999;69.83500000000001;19.305;19.305;66.341;19.305;19.305;19.305;19.305;19.305;19.305;19.305;19.305;19.305;19.305;19.305;19.305;19.305;19.305;19.305;19.305;19.305;19.305;19.305;19.305;19.305
199;361.465;74.436;103.97399999999999;104.08699999999999;158.26;97.09199999999998;22.88;71.092;22.88;22.88;22.88;22.88;22.88;86.37299999999999;22.88;22.88;22.88;22.88;22.88;22.88;22.88;22.88;22.88;22.88;22.88;22.88;22.88;22.88;22.88;155.474
200;1009.187;117.93199999999999;110.43599999999999;211.33599999999996;176.65499999999997;172.91899999999998;25.74;148.64;184.546;25.74;72.52699999999999;65.34199999999998;25.74;25.74;144.044;25.74;25.74;25.74;25.74;25.74;25.74;25.74;25.74;25.74;25.74;25.74;25.74;25.74;25.74;186.29299999999998
201;1632.5289999999998;130.458;119.66499999999999;125.961;213.407;190.374;25.74;122.458;209.527;152.349;181.66799999999998;113.83699999999999;112.318;377.59799999999996;202.207;144.02;18.282999999999994;25.74;327.138;109.55699999999999;246.966;99.065;84.734;100.949;25.74;25.74;59.84499999999999;67.741;70.734;260.90299999999996
202;795.794;80.502;63.775;66.666;119.191;20.02;20.02;20.02;94.098;20.02;20.02;20.02;20.02;54.05799999999999;111.63699999999999;20.02;20.02;20.02;126.08999999999997;20.02;117.55399999999999;20.02;20.02;20.02;20.02;20.02;20.02;20.02;47.01599999999999;313.906
203;5923.0599999999995;154.06799999999998;112.19;185.373;200.445;209.43599999999998;19.305;231.183;267.284;49.169;81.258;79.89999999999999;86.82499999999999;109.472;150.277;65.538;19.305;19.305;367.24;47.863;170.07399999999998;42.41;19.305;80.886;45.034;19.305;89.571;19.305;119.629;444.371
204;2420.348;256.56899999999996;238.091;207.981;228.40000000000003;217.25;16.445;210.356;311.44399999999996;302.44999999999993;207.595;160.708;178.701;159.18900000000002;269.69599999999997;106.518;72.994;16.445;237.59899999999996;167.88500000000002;316.665;157.875;86.34;119.809;106.90799999999999;16.445;74.219;103.708;124.61500000000001;422.85499999999996
205;1742.2189999999996;154.804;153.795;121.442;203.54499999999996;91.65799999999999;22.88;66.798;231.485;99.062;102.199;107.314;134.93399999999997;61.782;201.72999999999996;95.90599999999999;91.28;22.88;206.508;47.256;188.72099999999998;42.602999999999994;22.88;83.05099999999999;75.318;22.88;97.883;48.462999999999994;137.19400000000002;262.27399999999994
206;1094.7669999999998;65.133;16.445;70.04299999999999;152.246;151.09099999999998;16.445;-5.085000000000001;104.76199999999999;36.78699999999999;83.21799999999999;95.729;3.3150000000000013;47.895999999999994;138.659;16.445;16.445;16.445;233.998;37.049;178.791;16.445;16.445;47.767999999999994;37.65899999999999;16.445;16.445;16.445;97.362;212.958
207;467.27599999999995;118.22899999999998;133.095;209.002;20.02;20.02;20.02;20.02;20.02;20.02;20.02;20.02;20.02;20.02;20.02;20.02;20.02;20.02;20.02;20.02;20.02;20.02;20.02;20.02;20.02;20.02;20.02;20.02;20.02;158.89499999999998
208;1416.3819999999998;152.64399999999998;189.694;274.219;197.01899999999998;161.06900000000002;20.02;112.52199999999999;114.51499999999999;87.41199999999999;108.828;139.626;82.09299999999999;47.364;104.898;126.45799999999998;11.323999999999998;20.02;46.394999999999996;20.02;133.05899999999997;20.02;28.669999999999998;34.44499999999999;35.626;20.02;52.118;48.125;20.02;292.56899999999996
209;88.24799999999999;22.88;22.88;22.88;22.88;22.88;22.88;22.88;22.88;22.88;22.88;22.88;22.88;22.88;22.88;22.88;22.88;22.88;22.88;22.88;22.88;22.88;22.88;22.88;22.88;22.88;22.88;22.88;22.88;22.88
210;1989.897;122.398;160.213;180.378;149.96599999999998;146.613;25.74;163.712;225.77499999999998;108.80099999999999;91.198;149.72799999999998;211.519;177.569;261.56;116.94399999999999;132.71699999999998;25.74;247.638;162.364;271.714;165.926;111.82199999999997;103.98999999999998;49.188;25.74;132.278;65.771;112.72999999999999;512.539
211;70.321;22.88;22.88;22.88;22.88;22.88;22.88;22.88;22.88;22.88;22.88;22.88;22.88;22.88;22.88;22.88;22.88;22.88;22.88;22.88;22.88;22.88;22.88;22.88;22.88;22.88;22.88;22.88;22.88;22.88
212;862.0429999999999;140.727;110.00999999999999;-30.247000000000003;33.092999999999996;141.683;16.445;144.893;218.78699999999998;148.97299999999998;103.669;129.72899999999998;96.44899999999998;116.65899999999999;228.85899999999998;46.89999999999999;91.829;16.445;67.82900000000001;16.445;138.435;16.445;30.136999999999997;16.445;16.445;16.445;40.70099999999999;42.592;96.081;198.89399999999998
213;70.756;53.00599999999999;22.88;22.88;22.88;22.88;22.88;22.88;22.88;22.88;22.88;22.88;22.88;22.88;22.88;22.88;22.88;22.88;22.88;22.88;22.88;22.88;22.88;22.88;22.88;22.88;22.88;22.88;22.88;22.88
214;724.669;110.03;108.00299999999999;120.65899999999999;80.70499999999998;143.441;20.02;143.677;115.68999999999998;20.02;20.02;20.02;97.642;20.02;127.11500000000001;20.02;20.02;20.02;28.300999999999995;21.409999999999997;100.64399999999999;72.97399999999999;59.31999999999999;77.214;83.105;20.02;59.298;43.538;62.482;162.69400000000002
215;90.99799999999999;20.02;20.02;20.02;20.02;20.02;20.02;20.02;20.02;20.02;20.02;20.02;20.02;20.02;20.02;20.02;20.02;20.02;59.62199999999999;20.02;20.02;20.02;20.02;20.02;20.02;20.02;20.02;20.02;20.02;20.02
216;244.917;128.70499999999998;77.717;16.445;16.445;16.445;16.445;16.445;16.445;16.445;16.445;16.445;16.445;16.445;16.445;16.445;16.445;16.445;16.445;16.445;16.445;16.445;16.445;16.445;16.445;16.445;16.445;16.445;16.445;147.78
217;67.874;20.02;20.02;20.02;20.02;20.02;20.02;20.02;20.02;20.02;20.02;20.02;20.02;20.02;20.02;20.02;20.02;20.02;20.02;20.02;20.02;20.02;20.02;20.02;20.02;20.02;20.02;20.02;20.02;20.02
218;4316.817;181.24899999999997;166.44899999999998;204.03099999999998;244.90099999999995;257.55499999999995;20.02;198.998;309.719;222.858;194.09;204.71699999999998;184.797;180.404;247.28699999999998;137.873;117.309;20.02;299.553;103.939;301.166;81.044;106.386;86.85199999999999;88.405;20.02;66.362;112.10399999999998;67.441;482.46
219;2325.401;236.63999999999996;296.53599999999994;186.438;238.34299999999996;180.38799999999998;20.02;218.018;410.898;304.58299999999997;244.67199999999997;274.24699999999996;218.445;201.343;258.393;221.58999999999997;230.67499999999998;20.02;209.547;151.59;298.667;144.63299999999998;97.17699999999999;186.97899999999998;184.72199999999998;20.02;155.858;72.08200000000001;200.95799999999997;446.032
220;1602.5589999999997;163.104;162.658;191.036;203.41099999999997;256.388;22.88;180.21499999999997;273.93;170.067;101.83699999999999;202.85099999999997;158.68699999999998;164.13599999999997;223.64299999999997;67.297;74.739;22.88;296.443;77.50999999999999;218.786;22.88;22.88;22.88;22.88;22.88;22.88;22.88;22.88;150.648
221;62.77499999999999;20.02;20.02;20.02;20.02;20.02;20.02;20.02;20.02;20.02;20.02;20.02;20.02;20.02;20.02;20.02;20.02;20.02;20.02;20.02;20.02;20.02;20.02;20.02;20.02;20.02;20.02;20.02;20.02;20.02
222;1236.412;106.80499999999998;74.826;129.656;174.886;141.288;22.88;132.572;193.956;157.90099999999998;142.075;179.51600000000002;169.0;146.908;222.53900000000002;82.103;65.134;22.88;181.784;123.92299999999999;250.445;128.415;124.417;153.57299999999998;126.98500000000001;22.88;165.83299999999997;144.031;134.463;498.12799999999993
223;2277.747;164.977;130.889;239.053;177.069;223.20399999999998;16.445;198.352;275.86299999999994;246.81999999999996;108.586;137.201;182.107;212.25999999999996;267.30899999999997;258.685;88.458;16.445;314.586;187.611;359.145;137.106;116.89099999999999;151.664;159.03599999999997;16.445;131.009;99.83699999999999;205.822;488.73
224;1046.9289999999999;127.124;107.47;319.22799999999995;169.53099999999998;125.595;20.02;62.123;148.047;20.02;20.02;20.02;20.02;20.02;20.02;20.02;20.02;20.02;117.85499999999999;20.02;20.02;20.02;20.02;20.02;20.02;20.02;20.02;20.02;20.02;20.02
225;2172.6969999999997;163.735;174.012;119.24199999999999;177.92499999999998;208.91299999999998;20.02;156.889;101.30499999999999;82.205;138.14499999999998;76.374;124.19299999999998;71.37799999999999;150.536;107.95399999999998;25.365999999999996;20.02;123.75;81.863;183.62099999999998;53.56899999999999;64.58699999999999;87.678;41.864999999999995;20.02;96.352;20.02;71.31299999999999;365.739
226;1213.465;173.071;259.842;168.081;214.33799999999997;176.042;22.88;159.164;189.25099999999998;171.58799999999997;63.97099999999999;116.839;85.40299999999999;87.66999999999999;199.851;115.657;89.317;22.88;22.88;40.532;162.606;32.117;37.007999999999996;61.382;71.31199999999998;22.88;68.50999999999999;48.462999999999994;67.05;246.118
227;1012.1569999999999;22.88;22.88;47.376999999999995;114.61699999999999;57.614;22.88;22.88;143.81699999999998;65.304;22.88;59.590999999999994;82.81099999999999;72.556;151.185;43.919999999999995;68.309;22.88;219.617;71.559;207.507;70.33;67.31099999999999;116.042;81.019;22.88;83.65799999999999;81.782;109.88499999999999;306.85200000000003
228;921.352;136.331;137.79399999999998;122.82899999999998;197.265;134.329;25.74;110.257;227.48399999999998;169.17899999999997;116.69699999999999;110.40899999999999;89.922;85.64399999999999;208.827;95.64699999999999;76.782;25.74;105.83399999999999;69.303;199.11099999999996;66.868;73.47299999999998;67.908;69.631;25.74;63.062999999999995;63.211999999999996;67.24699999999999;245.18199999999996
229;608.0949999999999;175.664;232.126;123.25;105.01299999999999;113.382;16.445;92.164;62.376999999999995;16.445;16.445;16.445;16.445;16.445;16.445;16.445;16.445;16.445;114.471;16.445;16.445;16.445;16.445;16.445;16.445;16.445;16.445;16.445;16.445;153.465
230;988.17;69.957;71.13199999999999;82.791;164.611;64.13399999999999;22.88;22.88;121.898;86.88499999999999;46.831999999999994;80.591;51.15899999999999;56.05;159.908;22.88;22.88;22.88;68.05799999999999;22.88;147.321;22.88;22.88;47.833999999999996;22.88;22.88;73.96199999999999;22.88;85.57;354.211
231;130.41899999999998;20.02;20.02;73.209;20.02;20.02;20.02;20.02;20.02;20.02;20.02;20.02;20.02;20.02;20.02;20.02;20.02;20.02;20.02;20.02;20.02;20.02;20.02;20.02;20.02;20.02;20.02;20.02;20.02;146.375
232;624.007;116.22399999999999;213.86299999999997;112.91199999999999;172.32999999999998;167.25799999999998;16.445;98.42599999999999;121.066;16.445;16.445;16.445;16.445;16.445;16.445;16.445;16.445;16.445;16.445;16.445;16.445;16.445;16.445;16.445;16.445;16.445;16.445;16.445;16.445;148.756
233;3842.524;114.356;317.83099999999996;249.054;182.815;266.49499999999995;16.445;345.60299999999995;504.968;461.366;284.47799999999995;303.629;251.03899999999993;286.882;287.254;313.76599999999996;136.605;16.445;349.48;192.642;324.87;189.74399999999997;179.733;201.42199999999997;154.233;16.445;269.35;174.617;277.94500000000005;694.9960000000001
234;2579.7069999999994;353.366;645.923;666.4549999999999;232.30499999999995;304.818;25.74;167.38299999999998;287.994;177.46999999999997;73.233;107.791;25.74;25.74;128.346;25.74;25.74;25.74;25.74;25.74;25.74;25.74;25.74;25.74;25.74;25.74;25.74;25.74;25.74;171.396
235;655.7379999999999;118.653;86.80799999999999;75.513;177.968;112.65899999999999;20.02;122.271;185.23299999999998;95.576;20.02;20.02;20.02;20.02;20.02;20.02;20.02;20.02;120.33299999999998;20.02;20.02;20.02;20.02;20.02;20.02;20.02;20.02;20.02;20.02;164.367
236;217.40299999999996;72.276;62.092;69.113;104.12199999999999;22.88;22.88;22.88;22.88;22.88;22.88;22.88;22.88;22.88;22.88;22.88;22.88;22.88;114.08399999999999;22.88;22.88;22.88;22.88;22.88;22.88;22.88;22.88;22.88;22.88;22.88
237;1188.5929999999998;100.963;29.083;167.286;184.09099999999998;74.20499999999998;20.02;4.323;50.535999999999994;20.02;20.02;59.62199999999999;9.999000000000002;20.02;124.47899999999998;20.02;20.02;20.02;221.084;24.236;119.609;50.018;20.02;54.684;42.864999999999995;20.02;45.863;20.02;20.02;220.203
238;2340.2419999999997;280.73900000000003;337.59099999999995;252.089;210.433;230.553;22.88;230.148;213.37199999999996;214.829;201.87599999999998;221.37800000000001;253.16499999999996;195.978;258.90199999999993;244.9;198.614;22.88;301.58399999999995;149.783;310.64799999999997;177.49099999999999;175.57399999999998;168.369;174.10699999999997;22.88;165.436;70.461;134.23699999999997;464.003
239;943.347;16.445;90.007;100.926;89.832;29.224999999999994;16.445;35.007;85.208;16.445;16.445;16.445;52.917;56.80799999999999;184.935;16.445;16.445;16.445;114.15099999999998;83.736;205.76199999999997;75.48099999999998;16.445;16.445;16.445;16.445;59.373999999999995;16.445;78.115;218.54799999999997
240;870.225;118.412;76.47899999999998;237.41900000000004;185.585;190.22699999999998;20.02;69.28899999999999;116.13;20.02;20.02;59.644999999999996;20.02;20.02;20.02;20.02;20.02;20.02;20.02;20.02;20.02;20.02;20.02;20.02;20.02;20.02;20.02;20.02;20.02;155.755
241;58.464;20.02;20.02;20.02;20.02;20.02;20.02;20.02;20.02;20.02;20.02;20.02;20.02;20.02;20.02;20.02;20.02;20.02;20.02;20.02;20.02;20.02;20.02;20.02;20.02;20.02;20.02;20.02;20.02;20.02
242;345.06199999999995;144.446;144.57799999999997;121.229;137.301;71.178;22.88;22.88;22.88;22.88;22.88;22.88;22.88;22.88;22.88;22.88;22.88;22.88;115.084;22.88;22.88;22.88;22.88;22.88;22.88;22.88;22.88;22.88;22.88;22.88
243;632.241;118.73599999999999;71.958;22.88;87.899;22.88;22.88;22.88;99.382;22.88;22.88;66.811;22.88;22.88;102.29599999999999;22.88;22.88;22.88;22.88;22.88;118.42999999999999;63.721;22.88;22.88;22.88;22.88;22.88;22.88;22.88;22.88
244;2943.843;195.893;178.151;177.558;176.975;143.804;20.02;162.488;340.282;94.201;130.759;180.012;138.59799999999998;144.757;232.498;122.72299999999998;16.279999999999998;20.02;149.863;97.739;246.528;84.85999999999999;94.96099999999998;100.68299999999999;73.23499999999999;20.02;127.61499999999998;110.22;70.084;491.026
245;2051.6130000000003;136.995;157.161;38.025;228.73999999999995;121.55799999999999;20.02;130.954;298.134;228.31699999999998;126.33599999999998;68.131;97.68299999999999;176.861;166.825;94.032;99.235;20.02;198.757;98.14099999999999;244.281;101.41499999999999;126.072;88.80499999999999;121.437;20.02;143.94899999999998;109.42199999999998;68.926;384.138
246;1239.715;137.34099999999998;255.37599999999998;205.64499999999998;223.10899999999998;204.43999999999994;20.02;120.282;135.815;20.02;2.433;59.20899999999999;20.02;20.02;127.846;20.02;20.02;20.02;20.105999999999998;24.996999999999996;97.37899999999999;31.778999999999996;20.02;42.888999999999996;20.02;20.02;57.75399999999999;20.02;56.343999999999994;217.36999999999998
247;62.05999999999999;19.305;19.305;19.305;19.305;19.305;19.305;19.305;19.305;19.305;19.305;19.305;19.305;19.305;19.305;19.305;19.305;19.305;19.305;19.305;19.305;19.305;19.305;19.305;19.305;19.305;19.305;19.305;19.305;19.305
248;433.68;138.761;110.09299999999999;72.291;137.039;66.25299999999999;20.02;76.49;20.02;20.02;20.02;20.02;20.02;20.02;20.02;20.02;20.02;20.02;20.02;20.02;20.02;20.02;20.02;20.02;20.02;20.02;20.02;20.02;20.02;156.784
249;1989.047;188.67000000000002;202.94;187.19699999999997;162.33199999999997;119.09899999999999;16.445;131.642;182.64499999999998;55.729;53.592;75.823;172.82399999999998;94.04399999999998;131.692;90.96399999999998;16.445;16.445;213.043;65.03299999999999;241.32;77.62899999999999;91.967;31.985999999999997;35.876999999999995;16.445;99.902;16.445;67.18199999999999;234.428
250;905.9190000000001;100.904;60.63699999999999;73.19399999999999;136.98;55.657;16.445;16.445;109.251;16.445;16.445;16.445;16.445;16.445;16.445;16.445;16.445;16.445;106.84599999999999;16.445;16.445;16.445;16.445;16.445;16.445;16.445;16.445;16.445;16.445;149.51
251;745.343;127.09599999999999;22.88;22.88;173.13199999999998;22.88;22.88;22.88;93.26799999999999;22.88;22.88;22.88;22.88;22.88;22.88;22.88;22.88;22.88;112.042;22.88;22.88;22.88;22.88;22.88;22.88;22.88;22.88;22.88;22.88;170.985
252;1109.288;177.80399999999997;179.853;83.87299999999999;171.82299999999998;64.86500000000001;19.305;94.267;156.21999999999997;102.803;29.781;101.11499999999998;42.303999999999995;109.01400000000001;169.445;63.23599999999999;47.126999999999995;19.305;59.242999999999995;39.909;217.70899999999997;44.23599999999999;83.372;19.305;19.305;19.305;19.305;77.928;19.305;291.12399999999997
253;743.8389999999999;127.426;99.97599999999998;136.698;161.07999999999998;88.71799999999999;20.02;83.875;139.861;20.02;20.02;20.02;20.02;20.02;20.02;20.02;20.02;20.02;20.02;20.02;20.02;20.02;20.02;20.02;20.02;20.02;20.02;20.02;20.02;20.02
254;461.792;93.59299999999999;25.74;94.994;182.97;64.952;25.74;25.74;118.959;25.74;25.74;25.74;25.74;25.74;25.74;25.74;25.74;25.74;25.74;25.74;25.74;25.74;25.74;25.74;25.74;25.74;25.74;25.74;25.74;25.74
255;62.77499999999999;20.02;20.02;20.02;20.02;20.02;20.02;20.02;20.02;20.02;20.02;20.02;20.02;20.02;20.02;20.02;20.02;20.02;20.02;20.02;20.02;20.02;20.02;20.02;20.02;20.02;20.02;20.02;20.02;20.02
256;2380.5159999999996;114.80699999999999;154.399;146.236;133.063;127.95499999999998;25.74;152.11399999999998;202.26600000000002;43.215999999999994;104.14599999999999;120.827;93.38999999999999;62.074999999999996;134.276;96.911;25.198;25.74;220.97899999999998;72.279;169.704;82.008;52.131;49.288;49.056;25.74;133.784;72.05199999999999;71.064;384.76099999999997
257;1039.8849999999998;155.34099999999998;175.695;92.179;168.76799999999997;75.298;22.88;67.39599999999999;129.952;83.28399999999999;59.178;89.678;50.681;109.47299999999998;134.491;92.95499999999998;60.416999999999994;22.88;61.026999999999994;22.88;159.989;22.88;71.591;22.88;22.88;22.88;22.88;22.88;63.05;22.88
258;2119.573;130.735;19.627999999999997;72.32;216.88599999999997;127.571;20.02;136.17299999999997;185.349;91.857;20.02;20.02;134.618;166.637;59.232;20.02;20.02;20.02;197.72999999999996;108.726;202.95999999999998;45.048;20.02;39.864999999999995;20.02;20.02;43.538;59.79599999999999;85.711;191.62
259;2387.684;197.774;161.324;318.206;208.426;397.52;25.74;391.721;677.3349999999999;327.92499999999995;277.67099999999994;523.261;495.98299999999995;335.385;418.639;355.519;245.788;25.74;364.91999999999996;290.76599999999996;451.62;267.379;318.02299999999997;297.806;210.703;25.74;301.91700000000003;233.806;322.945;622.313
260;645.641;75.364;68.423;20.02;138.14299999999997;20.02;20.02;20.02;69.696;20.02;20.02;20.02;20.02;20.02;20.02;20.02;20.02;20.02;118.875;20.02;20.02;20.02;20.02;20.02;20.02;20.02;20.02;20.02;20.02;145.136
261;3326.2599999999993;218.184;169.07;209.65299999999996;225.42399999999998;207.88599999999997;16.445;157.082;349.221;273.009;162.156;205.27100000000002;151.274;159.413;256.005;167.46999999999997;99.66499999999999;16.445;304.059;158.536;312.291;164.105;152.33499999999998;120.862;109.682;16.445;144.898;169.02800000000002;216.107;525.6039999999999
262;1498.403;71.178;22.88;88.588;190.80399999999997;19.183999999999997;22.88;124.94799999999998;282.798;125.992;163.08499999999998;114.043;144.748;146.11399999999998;217.969;115.088;93.179;22.88;356.51599999999996;99.482;254.849;105.182;103.154;98.48499999999999;103.69999999999999;22.88;93.99;84.241;149.57299999999998;485.419
263;1397.53;133.17999999999998;116.49699999999999;60.2;155.10999999999999;16.445;16.445;16.445;148.79500000000002;53.090999999999994;51.527;109.05699999999999;96.67699999999999;66.494;110.89899999999999;48.223;16.445;16.445;136.64600000000002;52.11399999999999;116.42999999999999;65.56899999999999;16.445;51.768;38.768;16.445;42.441;16.445;154.949;349.037
264;2552.7569999999996;195.96699999999998;191.755;196.03099999999998;252.88499999999996;298.604;22.88;243.08499999999998;290.11999999999995;161.91899999999998;230.82999999999998;222.492;215.53199999999998;195.363;228.47299999999996;105.04599999999999;83.699;22.88;272.646;187.69099999999997;355.078;154.074;102.876;81.75699999999999;83.68799999999999;22.88;111.99799999999999;67.874;111.779;436.366
265;1259.422;107.751;71.22800000000001;138.797;152.292;134.13599999999997;16.445;102.48499999999999;260.046;131.82099999999997;120.76499999999999;114.43299999999999;128.752;68.328;174.595;116.834;69.395;16.445;232.482;116.04799999999999;218.647;62.373999999999995;70.762;40.593999999999994;16.445;16.445;46.721999999999994;16.445;59.785;367.54699999999997
266;2402.1369999999997;104.19899999999998;142.765;294.156;199.524;256.572;19.305;207.555;371.182;404.848;217.716;218.988;230.26;200.44;335.74399999999997;286.385;187.49199999999996;19.305;299.24199999999996;261.602;311.99699999999996;179.305;128.83599999999998;132.31;181.557;19.305;218.533;200.318;215.57999999999996;620.809
267;3201.325;302.871;344.501;251.029;205.25799999999998;339.88;22.88;321.09299999999996;447.61699999999996;340.87;204.06099999999998;375.662;246.89199999999997;195.248;314.461;295.645;186.785;22.88;372.323;168.93;315.60499999999996;180.56300000000002;153.59300000000002;173.8;177.28999999999996;22.88;194.346;166.5;173.327;524.8159999999999
268;1165.095;99.63099999999999;93.549;207.97899999999998;167.226;157.48999999999998;19.305;19.305;135.355;19.305;19.305;19.305;19.305;19.305;19.305;19.305;19.305;19.305;122.486;19.305;19.305;19.305;19.305;19.305;19.305;19.305;19.305;19.305;19.305;19.305
269;62.77499999999999;20.02;20.02;20.02;20.02;20.02;20.02;20.02;20.02;20.02;20.02;20.02;20.02;20.02;20.02;20.02;20.02;20.02;20.02;20.02;20.02;20.02;20.02;20.02;20.02;20.02;20.02;20.02;20.02;20.02
270;3358.0399999999995;139.59699999999998;111.131;352.87699999999995;193.143;346.255;22.165;271.98400000000004;303.037;150.075;162.95499999999998;190.75799999999998;235.28199999999998;246.29399999999998;238.904;142.82;127.12699999999998;22.165;221.51799999999997;128.575;325.952;108.633;112.487;113.98299999999998;168.978;22.165;90.142;73.076;109.871;487.977
271;1483.516;59.62199999999999;80.616;62.949;167.92899999999997;39.657999999999994;20.02;120.382;210.563;-5.6320000000000014;37.92999999999999;59.62199999999999;45.711999999999996;76.487;159.646;120.136;14.604999999999999;20.02;138.822;52.123;175.641;20.02;33.95099999999999;63.155;71.04599999999999;20.02;56.14;53.031;50.012;279.055
272;1534.87;101.81899999999999;130.757;169.60899999999998;201.214;175.521;22.88;154.238;264.506;119.59699999999998;142.71499999999997;111.632;196.87999999999997;178.00799999999998;167.255;73.256;62.562;22.88;213.85100000000003;174.195;258.48799999999994;155.77;95.452;72.691;91.57;22.88;83.94999999999999;22.88;73.672;342.69499999999994
273;65.63499999999999;22.88;22.88;22.88;22.88;22.88;22.88;22.88;22.88;22.88;22.88;22.88;22.88;22.88;22.88;22.88;22.88;22.88;22.88;22.88;22.88;22.88;22.88;22.88;22.88;22.88;22.88;22.88;22.88;22.88
274;4413.8769999999995;247.668;207.531;378.44699999999995;260.55699999999996;283.865;22.88;248.048;322.5;221.298;81.267;164.46699999999998;232.46499999999997;253.19199999999995;320.39399999999995;169.03;76.75;22.88;413.859;162.17299999999997;289.729;54.016999999999996;64.252;89.23499999999999;65.981;22.88;68.97200000000001;70.72;121.45500000000001;469.4939999999999
275;1406.2689999999998;22.88;90.978;66.222;149.94199999999998;22.88;22.88;22.88;172.14;76.12899999999999;71.756;51.027;67.398;51.288999999999994;171.05999999999997;75.765;22.88;22.88;59.178;22.88;198.72299999999998;22.88;22.88;55.658;22.88;22.88;22.88;22.88;68.61699999999999;280.589
276;1566.4739999999997;74.507;127.42;141.10199999999998;219.92899999999997;134.572;22.88;148.51;309.74899999999997;156.517;114.26299999999999;117.59;122.99999999999999;84.93199999999999;197.714;88.553;106.455;22.88;121.328;22.88;216.70699999999997;22.88;111.80099999999999;55.292;60.199;22.88;63.00299999999999;22.88;99.395;438.16599999999994
277;2645.078;158.618;199.04399999999998;242.06199999999995;234.12699999999998;348.778;20.02;252.16899999999998;280.835;173.40299999999996;155.54;217.76399999999995;219.283;200.445;212.693;124.93399999999998;90.29599999999999;20.02;205.109;193.125;287.04699999999997;173.30499999999998;120.74099999999999;157.28199999999998;173.444;20.02;81.72999999999999;113.50899999999999;230.75900000000001;453.05
278;3231.3769999999995;225.962;185.801;179.94;216.856;129.73199999999997;20.02;120.55799999999999;257.089;123.608;186.54999999999995;113.059;93.112;142.507;208.975;135.901;97.90899999999999;20.02;224.51399999999995;59.275999999999996;238.92399999999995;85.69399999999999;81.585;40.821;20.02;20.02;20.02;20.02;134.85999999999999;375.4
279;1728.216;116.51399999999998;139.574;216.91499999999996;168.66499999999996;190.086;16.445;95.948;269.192;118.34;45.07;57.286;171.308;158.731;150.115;16.445;16.445;16.445;292.48799999999994;172.62899999999996;212.47;159.415;130.853;33.528999999999996;16.445;16.445;66.32999999999998;16.445;76.286;383.62799999999993
280;68.49499999999999;25.74;25.74;25.74;25.74;25.74;25.74;25.74;25.74;25.74;25.74;25.74;25.74;25.74;25.74;25.74;25.74;25.74;25.74;25.74;25.74;25.74;25.74;25.74;25.74;25.74;25.74;25.74;25.74;25.74
281;1582.4829999999997;106.42399999999999;82.023;139.03499999999997;181.86199999999997;102.29599999999999;22.88;22.88;148.839;66.487;79.22;68.693;61.678999999999995;22.88;141.844;22.88;22.88;22.88;205.33200000000002;126.55699999999999;131.04199999999997;150.843;22.88;22.88;22.88;22.88;22.88;22.88;22.88;166.103
282;63.44199999999999;20.02;20.02;20.02;20.02;20.02;20.02;20.02;20.02;20.02;20.02;20.02;20.02;20.02;20.02;20.02;20.02;20.02;20.02;20.02;20.02;20.02;20.02;20.02;20.02;20.02;20.02;20.02;20.02;20.02
283;2521.095;239.409;318.378;287.12399999999997;240.57499999999996;179.047;20.02;163.85399999999998;209.85799999999995;69.573;-6.260999999999999;62.622;161.01;150.212;236.71599999999995;98.31700000000001;20.02;20.02;266.383;156.065;321.308;173.534;97.792;137.896;155.073;20.02;58.931;20.02;159.182;426.77599999999995
284;565.24;117.51899999999999;108.475;237.789;148.782;81.894;22.88;72.396;97.344;22.88;22.88;22.88;22.88;22.88;22.88;22.88;22.88;22.88;114.08399999999999;22.88;22.88;22.88;22.88;22.88;22.88;22.88;22.88;22.88;22.88;22.88
285;1012.4589999999998;215.201;289.749;145.926;170.31799999999998;25.74;25.74;25.74;25.74;25.74;25.74;25.74;25.74;25.74;25.74;25.74;25.74;25.74;128.095;25.74;25.74;25.74;25.74;25.74;25.74;25.74;25.74;25.74;25.74;205.374
286;291.046;82.053;87.71;98.80899999999998;167.176;76.22399999999999;22.165;79.006;177.11899999999997;85.243;87.13399999999999;93.02499999999999;22.165;22.165;22.165;22.165;22.165;22.165;22.165;22.165;22.165;22.165;22.165;22.165;22.165;22.165;22.165;22.165;22.165;22.165
287;1368.001;175.091;270.197;185.73399999999998;196.361;188.74199999999996;22.88;153.825;279.4;192.71999999999997;122.582;132.267;125.983;120.87599999999998;209.493;147.566;59.590999999999994;22.88;162.216;58.55099999999999;201.206;59.33299999999999;49.05;81.041;57.425;22.88;76.268;56.22299999999999;115.701;333.618
288;1579.8319999999999;177.81599999999997;118.67999999999999;139.809;205.72899999999998;105.102;20.02;67.914;189.18499999999997;115.38999999999999;89.178;110.79599999999999;109.78500000000001;136.651;131.19099999999997;20.02;20.02;20.02;39.096999999999994;20.02;123.475;20.02;20.02;20.02;20.02;20.02;20.02;20.02;20.02;307.192
289;2053.322;22.88;22.88;118.06499999999998;173.53799999999998;174.59999999999997;22.88;160.936;121.387;-0.18500000000000227;22.88;80.19899999999998;130.166;154.167;219.652;43.312;78.00399999999999;22.88;258.09;110.187;213.40499999999997;102.749;81.472;104.071;107.756;22.88;112.50999999999999;47.397999999999996;106.041;420.69699999999995
290;65.63499999999999;22.88;22.88;22.88;22.88;22.88;22.88;22.88;22.88;22.88;22.88;22.88;22.88;22.88;22.88;22.88;22.88;22.88;22.88;22.88;22.88;22.88;22.88;22.88;22.88;22.88;22.88;22.88;22.88;22.88
291;62.77499999999999;20.02;20.02;20.02;20.02;20.02;20.02;20.02;20.02;20.02;20.02;20.02;20.02;20.02;20.02;20.02;20.02;20.02;20.02;20.02;20.02;20.02;20.02;20.02;20.02;20.02;20.02;20.02;20.02;20.02
292;1941.3719999999998;101.55699999999999;128.48499999999999;341.414;211.983;200.82999999999998;25.025;189.106;322.378;147.424;199.64399999999998;71.67099999999999;255.58800000000002;191.44199999999998;312.501;87.25699999999999;66.01899999999999;25.025;467.249;248.70299999999997;264.909;141.886;96.55499999999999;120.27099999999999;127.44799999999998;25.025;59.432;81.002;143.57299999999998;380.098
293;361.596;78.76199999999999;87.278;110.59299999999999;82.383;77.1;20.02;83.337;20.02;20.02;102.09599999999999;20.02;20.02;20.02;20.02;20.02;20.02;20.02;111.683;20.02;20.02;20.02;20.02;20.02;20.02;20.02;20.02;20.02;20.02;155.74399999999997
294;835.8279999999999;25.74;25.74;25.74;125.32399999999998;25.74;25.74;25.74;83.89999999999999;25.74;25.74;25.74;25.74;25.74;113.06099999999998;25.74;25.74;25.74;118.20700000000001;46.236999999999995;114.448;49.01899999999999;50.91;36.455;43.346;25.74;25.74;50.47399999999999;53.77799999999999;201.48
295;1403.7089999999998;235.57899999999998;161.815;150.572;223.43899999999996;112.37099999999998;20.02;134.51799999999997;201.191;146.528;108.832;158.426;139.585;53.482;170.91299999999998;138.849;50.145999999999994;20.02;229.48499999999999;81.542;216.83899999999997;48.866;48.47099999999999;108.82499999999999;54.711999999999996;20.02;63.54899999999999;20.02;72.654;429.473
296;7379.068;450.309;289.954;415.7749999999999;245.151;658.0269999999999;19.305;536.057;500.525;375.738;397.895;561.07;544.028;372.815;450.74899999999997;334.404;238.456;19.305;794.8370000000001;345.49699999999996;345.923;306.02199999999993;162.01;259.08299999999997;219.74999999999997;19.305;190.61299999999997;165.76299999999998;262.714;499.853
297;168.02;20.02;20.02;66.536;20.02;20.02;20.02;20.02;20.02;20.02;20.02;20.02;20.02;20.02;20.02;20.02;20.02;20.02;20.02;20.02;20.02;20.02;20.02;20.02;20.02;20.02;20.02;20.02;20.02;20.02
298;455.364;71.341;126.798;19.305;92.69200000000001;19.305;19.305;19.305;76.38799999999999;64.71199999999999;19.305;19.305;19.305;19.305;19.305;19.305;19.305;19.305;19.305;19.305;19.305;19.305;19.305;19.305;19.305;19.305;19.305;19.305;19.305;19.305
299;481.99199999999996;77.47199999999998;64.71199999999999;19.305;78.42599999999999;19.305;19.305;19.305;90.654;19.305;105.309;19.305;19.305;19.305;19.305;19.305;61.31999999999999;19.305;19.305;19.305;19.305;19.305;19.305;19.305;19.305;19.305;19.305;19.305;19.305;19.305
300;851.4760000000001;91.51499999999999;65.55499999999999;62.535999999999994;125.71799999999999;20.02;20.02;20.02;129.13;20.02;20.02;20.02;20.02;20.02;20.02;20.02;20.02;20.02;38.733;40.623999999999995;162.861;20.02;20.02;20.02;20.02;20.02;20.02;20.02;65.344;66.404
301;2131.374;142.08100000000002;73.89500000000001;96.02199999999999;187.515;71.568;22.88;107.24099999999999;165.142;73.53099999999999;22.88;58.961999999999996;57.748;90.91;137.96099999999998;22.88;22.88;22.88;248.883;47.31;160.35699999999997;51.23599999999999;22.88;34.007999999999996;22.88;22.88;65.681;22.88;128.094;395.279
302;3378.7379999999994;258.08799999999997;212.438;216.401;177.78799999999998;282.527;16.445;279.10699999999997;328.876;291.95399999999995;286.16700000000003;563.27;220.998;202.084;279.52;210.32199999999997;107.07399999999998;16.445;369.37199999999996;197.39000000000001;311.219;250.03799999999998;118.08500000000001;171.40399999999997;166.976;16.445;106.722;87.877;257.772;452.43399999999997
303;64.91999999999999;22.165;22.165;22.165;22.165;22.165;22.165;22.165;22.165;22.165;22.165;22.165;22.165;22.165;22.165;22.165;22.165;22.165;22.165;22.165;22.165;22.165;22.165;22.165;22.165;22.165;22.165;22.165;22.165;22.165
304;1742.3029999999999;106.459;22.88;227.66199999999998;167.303;138.505;22.88;101.485;115.686;76.58999999999999;74.568;93.34700000000001;134.27599999999998;114.911;204.89100000000002;22.88;64.547;22.88;254.31399999999996;102.056;237.85299999999998;127.234;83.261;80.139;72.438;22.88;61.242999999999995;22.88;97.204;254.00099999999998
305;62.77499999999999;20.02;20.02;20.02;20.02;20.02;20.02;20.02;20.02;20.02;20.02;20.02;20.02;20.02;20.02;20.02;20.02;20.02;20.02;20.02;20.02;20.02;20.02;20.02;20.02;20.02;20.02;20.02;20.02;20.02
306;691.405;92.817;74.387;164.553;176.529;184.455;20.02;157.301;158.28199999999998;68.205;20.02;64.84299999999999;20.02;20.02;129.153;20.02;20.02;20.02;20.02;20.02;20.02;20.02;20.02;20.02;20.02;20.02;20.02;20.02;20.02;111.683
307;62.77499999999999;20.02;20.02;20.02;20.02;20.02;20.02;20.02;20.02;20.02;20.02;20.02;20.02;20.02;20.02;20.02;20.02;20.02;20.02;20.02;20.02;20.02;20.02;20.02;20.02;20.02;20.02;20.02;20.02;20.02
308;1037.353;75.1;149.35899999999998;98.34899999999999;156.327;20.02;20.02;20.02;20.02;73.42699999999999;5.606999999999999;59.20899999999999;20.02;76.19;115.90599999999998;20.02;20.02;20.02;168.194;20.02;129.176;20.02;20.02;44.735;50.080999999999996;20.02;20.02;20.02;88.645;348.718
309;550.347;112.29399999999998;90.241;231.11799999999997;194.379;104.29499999999999;20.02;20.02;20.02;20.02;20.02;20.02;20.02;20.02;20.02;20.02;20.02;20.02;125.702;20.02;20.02;20.02;20.02;20.02;20.02;20.02;20.02;20.02;20.02;157.048
310;1394.5839999999998;104.221;124.036;186.444;173.23399999999998;194.067;22.88;178.98399999999998;310.39399999999995;164.159;123.63799999999999;118.47;182.152;134.39999999999998;238.40299999999996;104.281;36.321;22.88;226.921;88.62199999999999;237.338;133.371;77.59199999999998;123.457;70.508;22.88;79.57799999999999;64.679;150.072;398.26800000000003
311;220.92799999999997;19.305;19.305;19.305;19.305;19.305;19.305;64.71199999999999;19.305;19.305;19.305;19.305;19.305;19.305;19.305;19.305;19.305;19.305;19.305;19.305;19.305;19.305;19.305;19.305;19.305;19.305;19.305;19.305;19.305;19.305
312;2182.9749999999995;152.48;164.483;232.71999999999997;211.57599999999996;211.85599999999997;19.305;172.31699999999998;316.98799999999994;229.445;182.15699999999998;88.832;216.2;163.426;197.702;100.37100000000001;63.86399999999999;19.305;256.287;153.378;260.807;116.60199999999998;51.37899999999999;64.571;60.14999999999999;19.305;63.244;68.82300000000001;102.02599999999998;420.57
313;1523.549;142.30199999999996;24.11;20.02;202.06699999999998;51.111;20.02;70.113;186.90099999999998;108.62799999999999;102.826;129.564;83.89599999999999;92.82499999999999;196.022;94.348;85.239;20.02;235.152;142.638;302.52099999999996;75.61099999999999;72.1;60.307;79.591;20.02;68.738;88.61099999999999;96.66299999999998;370.197
314;2389.4939999999997;174.41;154.77999999999997;130.37599999999998;173.457;127.53899999999999;25.74;142.024;200.804;-1.9540000000000006;0.9369999999999976;84.32900000000001;115.63399999999999;143.635;195.894;125.80499999999999;25.74;25.74;382.00699999999995;144.23999999999998;274.793;102.669;92.981;125.163;93.564;25.74;114.90699999999998;25.74;142.236;527.085
315;2117.958;92.65;105.89699999999999;48.05;96.82300000000001;57.071;22.88;-9.920000000000002;139.679;78.67699999999999;22.88;107.86699999999999;61.091;74.96;110.25899999999999;71.333;22.88;22.88;182.784;44.30799999999999;177.742;22.88;45.15899999999999;22.88;22.88;22.88;112.45999999999998;22.88;54.63699999999999;370.313
316;1117.3399999999997;92.579;111.637;144.947;193.255;165.57299999999998;22.88;107.717;196.92499999999998;60.98299999999999;56.873999999999995;84.72;129.236;144.69599999999997;194.68;22.88;22.88;22.88;133.115;69.946;158.72299999999998;22.88;22.88;88.33500000000001;22.88;22.88;72.08599999999998;22.88;57.462999999999994;266.94599999999997
317;3392.6859999999997;92.38899999999998;53.501;115.50699999999999;119.892;53.91199999999999;19.305;55.89099999999999;150.19899999999998;69.41499999999999;197.795;104.625;134.662;64.04199999999999;183.819;53.538;19.305;19.305;251.71999999999997;170.749;293.16299999999995;119.11199999999998;108.43299999999999;81.29499999999999;71.991;19.305;56.974;85.318;96.976;306.28499999999997
318;1755.3339999999998;116.889;19.139999999999997;160.175;207.34499999999997;182.33799999999997;22.88;186.293;244.24099999999999;27.569999999999997;54.141999999999996;100.88900000000001;149.528;155.41199999999998;236.59099999999995;94.24799999999999;89.936;22.88;400.938;140.34799999999998;285.82;152.81799999999998;112.35999999999999;142.481;66.139;22.88;89.323;82.77699999999999;94.78199999999998;378.832
319;96.195;77.524;22.88;22.88;22.88;22.88;22.88;22.88;22.88;22.88;22.88;22.88;22.88;22.88;22.88;22.88;22.88;22.88;22.88;22.88;22.88;22.88;22.88;22.88;22.88;22.88;22.88;22.88;22.88;22.88
320;1196.163;147.953;147.05;144.81599999999997;208.024;111.624;22.88;114.99099999999999;146.33499999999998;103.565;50.15899999999999;109.99699999999999;90.434;77.441;101.78099999999998;24.453999999999997;94.47899999999998;22.88;219.873;28.107999999999997;187.14799999999997;30.290999999999997;71.971;40.672;55.897;22.88;56.254999999999995;60.146;80.249;376.862
321;97.056;19.305;19.305;19.305;19.305;19.305;19.305;19.305;19.305;19.305;19.305;19.305;19.305;19.305;19.305;19.305;19.305;19.305;19.305;19.305;19.305;19.305;19.305;19.305;19.305;19.305;19.305;19.305;19.305;19.305
322;357.562;151.132;110.44799999999998;70.457;158.94400000000002;20.02;20.02;20.02;20.02;20.02;20.02;20.02;20.02;20.02;20.02;20.02;20.02;20.02;105.901;20.02;20.02;20.02;20.02;20.02;20.02;20.02;20.02;20.02;20.02;20.02
323;454.178;50.797999999999995;47.778999999999996;50.67;147.031;19.305;19.305;19.305;19.305;19.305;65.951;19.305;19.305;19.305;19.305;19.305;19.305;19.305;138.358;19.305;19.305;19.305;19.305;19.305;19.305;19.305;19.305;19.305;19.305;19.305
324;903.8409999999999;121.68599999999998;111.92599999999999;174.101;201.321;171.55499999999998;20.02;90.00999999999999;109.96199999999999;20.02;20.02;20.02;20.02;20.02;20.02;20.02;20.02;20.02;20.02;20.02;20.02;20.02;20.02;20.02;20.02;20.02;20.02;20.02;20.02;148.853
325;1245.9959999999999;60.852999999999994;-15.660999999999994;106.25999999999999;63.983999999999995;111.431;22.88;115.01899999999999;206.417;-6.878999999999998;22.88;22.88;61.788;49.224;152.393;22.88;22.88;22.88;126.14699999999999;60.852999999999994;172.986;29.812999999999995;22.88;33.595;37.899;22.88;45.268;22.88;51.504999999999995;234.04500000000002
326;59.19999999999999;16.445;16.445;16.445;16.445;16.445;16.445;16.445;16.445;16.445;16.445;16.445;16.445;16.445;16.445;16.445;16.445;16.445;16.445;16.445;16.445;16.445;16.445;16.445;16.445;16.445;16.445;16.445;16.445;16.445
327;1432.051;140.49399999999997;129.726;296.784;155.48;232.55399999999997;19.305;181.248;289.327;158.797;102.89299999999999;184.338;205.57399999999996;201.57199999999997;158.279;114.26899999999999;77.93799999999999;19.305;277.106;153.69799999999998;297.27;161.18599999999998;48.80199999999999;164.71699999999998;143.88299999999998;19.305;64.38999999999999;19.305;109.484;262.481
328;1087.102;115.107;96.582;183.53299999999996;175.212;198.684;20.02;145.956;197.758;114.63599999999998;20.02;94.46000000000001;100.679;72.47;189.81099999999998;20.02;20.02;20.02;20.02;20.02;126.119;20.02;20.02;20.02;20.02;20.02;20.02;20.02;20.02;154.83299999999997
329;66.77799999999999;20.02;20.02;20.02;20.02;20.02;20.02;20.02;20.02;20.02;20.02;20.02;20.02;20.02;20.02;20.02;20.02;20.02;20.02;20.02;20.02;20.02;20.02;20.02;20.02;20.02;20.02;20.02;20.02;20.02
330;343.706;29.083;47.891999999999996;107.95599999999999;119.219;20.02;20.02;48.428999999999995;211.178;20.02;60.557;65.787;45.19;20.02;139.94899999999998;20.02;59.20899999999999;20.02;20.02;20.02;20.02;20.02;20.02;20.02;20.02;20.02;20.02;20.02;20.02;20.02
331;1968.11;247.327;139.624;188.82999999999998;194.09599999999998;176.438;20.02;147.78199999999998;361.564;284.59;201.659;255.89099999999996;205.20699999999997;136.84199999999998;241.13599999999997;127.91699999999999;84.804;20.02;346.40099999999995;153.68800000000002;202.07399999999998;86.47999999999999;82.758;65.11999999999999;55.259;20.02;168.74099999999999;165.683;96.173;488.4169999999999
332;124.52199999999999;78.119;20.02;20.02;65.42699999999999;65.81700000000001;20.02;20.02;20.02;20.02;20.02;20.02;20.02;20.02;20.02;20.02;20.02;20.02;20.02;20.02;20.02;20.02;20.02;20.02;20.02;20.02;20.02;20.02;20.02;20.02
333;991.7369999999999;124.531;92.32300000000001;98.26399999999998;144.952;88.966;22.88;162.504;238.74599999999998;214.158;68.69999999999999;22.88;74.208;67.05;124.88;79.881;16.357999999999997;22.88;147.28699999999998;22.88;138.15;22.88;34.70399999999999;22.88;22.88;22.88;45.98499999999999;22.88;22.88;336.109
334;90.946;22.88;22.88;22.88;22.88;22.88;22.88;22.88;22.88;22.88;22.88;22.88;22.88;22.88;22.88;22.88;22.88;22.88;22.88;22.88;22.88;22.88;22.88;22.88;22.88;22.88;22.88;22.88;22.88;22.88
335;4587.9;144.786;198.08599999999998;195.313;189.20999999999998;241.594;22.88;282.746;234.378;118.23199999999999;57.723;115.042;143.486;103.613;275.432;159.994;20.576999999999998;22.88;303.595;133.49;250.05700000000002;109.267;38.550999999999995;70.952;54.94399999999999;22.88;64.31299999999999;82.66399999999999;122.228;462.138
336;163.45999999999998;148.627;82.067;22.88;22.88;22.88;22.88;22.88;22.88;22.88;22.88;22.88;22.88;22.88;22.88;22.88;22.88;22.88;22.88;22.88;22.88;22.88;22.88;22.88;22.88;22.88;22.88;22.88;22.88;165.36299999999997
337;2126.8469999999998;73.253;127.62999999999998;115.14399999999999;64.015;39.407999999999994;20.02;83.55799999999999;175.82299999999998;68.42699999999999;20.02;20.02;69.10000000000001;20.02;100.621;20.02;42.29899999999999;20.02;280.16499999999996;50.971999999999994;162.37099999999998;59.406;72.189;64.18799999999999;62.949;20.02;62.077;20.02;20.02;373.335
338;174.137;74.602;22.88;22.88;22.88;22.88;22.88;22.88;22.88;22.88;22.88;22.88;22.88;22.88;22.88;22.88;22.88;22.88;22.88;22.88;22.88;22.88;22.88;22.88;22.88;22.88;22.88;22.88;22.88;22.88
339;85.329;22.88;22.88;22.88;22.88;22.88;22.88;22.88;22.88;22.88;22.88;22.88;22.88;22.88;22.88;22.88;22.88;22.88;22.88;22.88;22.88;22.88;22.88;22.88;22.88;22.88;22.88;22.88;22.88;22.88
340;2265.477;188.148;209.69;67.779;155.346;-20.476999999999997;20.02;40.160999999999994;136.64600000000002;20.02;20.02;108.091;82.05499999999999;69.757;168.177;78.60399999999998;81.495;20.02;168.684;46.92999999999999;187.096;42.711999999999996;49.05799999999999;43.039;37.92999999999999;20.02;44.711999999999996;20.02;70.01599999999999;344.03999999999996
341;2025.3579999999997;145.346;77.892;159.64;196.00099999999998;216.089;22.88;152.49;266.39500000000004;155.027;145.071;165.274;214.832;176.37999999999997;257.497;69.225;22.88;22.88;234.30399999999997;120.258;280.13599999999997;132.676;85.85900000000001;44.574999999999996;53.766999999999996;22.88;55.559999999999995;22.88;55.998999999999995;361.58099999999996
342;64.91999999999999;22.165;22.165;22.165;22.165;22.165;22.165;22.165;22.165;22.165;22.165;22.165;22.165;22.165;22.165;22.165;22.165;22.165;22.165;22.165;22.165;22.165;22.165;22.165;22.165;22.165;22.165;22.165;22.165;22.165
343;65.63499999999999;22.88;22.88;22.88;22.88;22.88;22.88;22.88;22.88;22.88;22.88;22.88;22.88;22.88;22.88;22.88;22.88;22.88;22.88;22.88;22.88;22.88;22.88;22.88;22.88;22.88;22.88;22.88;22.88;22.88
344;4993.044;490.419;616.506;240.743;233.879;445.467;22.88;403.49799999999993;373.548;232.79599999999996;158.84699999999998;382.837;278.12;266.453;215.40999999999997;217.856;25.757999999999996;22.88;306.164;126.06299999999999;253.59499999999997;30.703999999999997;22.88;143.32299999999998;118.89;22.88;127.09;68.928;63.05199999999999;320.736
345;2040.3739999999998;205.39499999999998;235.19799999999998;297.263;171.607;206.89199999999997;20.02;47.01299999999999;134.52;20.02;50.16499999999999;21.843999999999998;40.581999999999994;73.603;116.75899999999999;20.02;20.02;20.02;139.997;20.02;146.694;46.885999999999996;48.232;20.02;20.02;20.02;53.863;20.02;86.16;394.364
346;2490.6809999999996;102.493;26.747;16.445;139.91;137.01299999999998;16.445;142.17;218.43;177.67899999999997;100.55499999999999;114.90499999999999;217.59999999999997;185.73499999999999;179.127;172.83899999999997;117.612;16.445;323.586;226.91299999999998;274.906;150.936;91.22299999999998;172.651;119.565;16.445;83.938;16.445;125.595;339.388
347;5022.016;480.74499999999995;344.093;200.81099999999998;181.808;69.18699999999998;17.16;133.279;473.99299999999994;455.7559999999999;147.51;415.364;450.43;525.4089999999999;297.13899999999995;384.102;236.644;17.16;708.715;300.003;428.262;321.304;273.952;315.801;189.126;17.16;235.89499999999998;111.36099999999999;128.484;617.28
348;814.632;131.515;78.38299999999998;183.09199999999998;163.34799999999998;152.53399999999996;16.445;92.236;217.37199999999999;65.655;70.112;16.445;16.445;16.445;16.445;16.445;16.445;16.445;16.445;16.445;16.445;16.445;16.445;16.445;16.445;16.445;16.445;16.445;16.445;16.445
349;488.32599999999996;22.88;22.88;88.60900000000001;157.68099999999998;22.88;22.88;27.986999999999995;125.55199999999998;22.88;22.88;57.113;102.354;65.78999999999999;178.03099999999998;59.766999999999996;63.65799999999999;22.88;75.295;59.614;22.88;65.39599999999999;22.88;22.88;22.88;22.88;22.88;22.88;22.88;118.875
350;2813.8869999999997;122.22200000000001;129.921;186.261;203.676;267.81100000000004;22.88;179.558;442.275;234.845;194.90299999999996;220.454;157.526;129.914;221.71200000000002;107.00599999999999;73.816;22.88;315.969;154.675;328.734;147.834;98.749;140.3;177.20499999999998;22.88;101.371;103.65199999999999;222.462;515.633
351;1903.1439999999998;148.87;121.16799999999998;187.893;197.136;198.761;25.74;209.237;272.544;162.22899999999998;76.525;116.624;134.492;201.61599999999999;262.53599999999994;67.27699999999999;102.101;25.74;192.533;131.44899999999998;289.371;138.72899999999998;99.12799999999999;116.539;110.32499999999999;25.74;66.583;25.74;76.91;440.933
352;1910.6259999999997;77.387;108.78599999999999;199.368;211.618;272.043;13.584999999999999;222.87199999999999;222.57599999999996;151.28999999999996;133.99099999999999;214.28300000000002;188.433;204.726;233.231;97.238;61.748999999999995;13.584999999999999;390.57800000000003;200.10700000000003;305.6809999999999;180.14299999999997;73.951;149.43200000000002;163.814;13.584999999999999;67.28399999999999;66.914;154.986;406.95400000000006
353;704.563;128.087;70.496;155.80599999999998;176.295;114.874;20.02;85.363;92.47299999999998;20.02;20.02;20.02;20.02;20.02;20.02;20.02;20.02;20.02;119.477;20.02;20.02;20.02;20.02;20.02;20.02;20.02;20.02;20.02;20.02;147.614
354;1283.392;143.017;139.298;189.69799999999998;217.31099999999998;209.62599999999998;19.305;205.249;268.36199999999997;245.76;54.193;175.47799999999998;84.995;68.05;167.083;51.233999999999995;54.125;19.305;159.652;60.34299999999999;207.889;66.125;71.471;71.907;74.798;19.305;83.035;85.926;86.362;217.665
355;326.27099999999996;125.08699999999999;97.832;69.88199999999999;101.262;20.02;20.02;20.02;20.02;20.02;20.02;20.02;20.02;20.02;20.02;20.02;20.02;20.02;20.02;20.02;20.02;20.02;20.02;20.02;20.02;20.02;20.02;20.02;20.02;165.895
356;5315.635;249.082;219.503;254.29200000000003;197.198;269.629;19.305;256.674;342.904;269.254;208.426;271.59;229.20599999999996;259.435;271.46299999999997;120.90599999999999;19.305;19.305;255.16599999999994;201.35599999999997;255.087;181.016;29.368;184.91299999999998;192.05599999999998;19.305;122.91799999999998;74.73599999999999;199.03299999999996;399.968
357;2549.2889999999998;78.954;101.392;180.02299999999997;193.08599999999996;155.364;16.445;88.368;89.697;16.445;64.481;97.934;28.430999999999997;56.48299999999999;163.47899999999998;16.445;65.56899999999999;16.445;559.218;96.70499999999998;227.064;121.805;63.534;105.88900000000001;106.15099999999998;16.445;59.373999999999995;16.445;58.177;361.71099999999996
358;1338.283;126.404;208.399;208.765;199.54299999999998;180.83299999999997;22.88;184.613;196.71099999999998;106.41499999999999;22.88;79.844;166.022;195.97799999999998;247.47199999999998;137.762;62.242999999999995;22.88;237.948;171.243;286.09499999999997;128.53900000000002;58.113;99.68199999999999;47.608999999999995;22.88;93.65099999999998;51.027;86.916;346.807
359;961.9259999999999;100.79999999999998;69.295;20.02;117.153;20.02;20.02;20.02;123.01600000000002;20.02;20.02;59.20899999999999;6.7159999999999975;50.602999999999994;137.305;20.02;20.02;20.02;119.244;60.40599999999999;194.10799999999998;20.02;20.02;20.02;20.02;20.02;43.689;20.02;79.01599999999999;189.428
360;62.77499999999999;20.02;20.02;20.02;111.749;20.02;20.02;20.02;85.255;20.02;20.02;20.02;20.02;20.02;20.02;20.02;20.02;20.02;20.02;20.02;20.02;20.02;20.02;20.02;20.02;20.02;20.02;20.02;20.02;20.02
361;1109.477;113.39799999999998;175.62099999999998;127.28899999999999;233.98699999999997;184.87;22.88;174.517;195.18599999999998;192.628;131.185;127.624;110.65699999999998;89.439;166.362;113.871;22.88;22.88;201.795;156.807;207.093;148.244;107.032;54.517999999999994;49.093999999999994;22.88;57.876000000000005;70.394;105.714;301.53999999999996
362;129.784;74.893;22.88;22.88;22.88;22.88;22.88;22.88;22.88;22.88;22.88;22.88;22.88;22.88;22.88;22.88;22.88;22.88;22.88;22.88;22.88;22.88;22.88;22.88;22.88;22.88;22.88;22.88;22.88;22.88
363;59.91499999999999;17.16;17.16;17.16;17.16;17.16;17.16;17.16;17.16;17.16;17.16;17.16;17.16;17.16;17.16;17.16;17.16;17.16;17.16;17.16;17.16;17.16;17.16;17.16;17.16;17.16;17.16;17.16;17.16;17.16
364;220.00799999999998;127.512;22.88;22.88;22.88;22.88;22.88;22.88;22.88;22.88;22.88;22.88;22.88;22.88;22.88;22.88;22.88;22.88;22.88;22.88;22.88;22.88;22.88;22.88;22.88;22.88;22.88;22.88;22.88;162.15799999999996
365;803.0169999999999;81.66;56.21399999999999;44.391999999999996;109.01999999999998;25.74;25.74;25.74;94.08999999999999;25.74;60.147;67.493;25.74;25.74;127.624;25.74;25.74;25.74;25.74;25.74;125.273;25.74;25.74;25.74;25.74;25.74;25.74;25.74;25.74;155.812
366;325.41099999999994;116.41099999999999;77.119;20.02;84.186;20.02;20.02;20.02;57.38699999999999;20.02;20.02;20.02;20.02;20.02;20.02;20.02;20.02;20.02;20.02;20.02;20.02;20.02;20.02;20.02;20.02;20.02;20.02;20.02;20.02;165.91
367;629.5469999999999;59.459999999999994;62.35099999999999;59.78699999999999;149.011;16.445;16.445;16.445;16.445;16.445;16.445;16.445;16.445;16.445;16.445;16.445;16.445;16.445;16.445;16.445;16.445;16.445;16.445;16.445;16.445;16.445;16.445;16.445;16.445;178.44999999999996
368;2110.9359999999997;148.97199999999998;127.93299999999999;214.317;228.78999999999996;218.09300000000002;22.88;215.125;268.106;159.052;196.34199999999998;190.79699999999997;205.404;123.67699999999999;228.387;109.074;81.66499999999999;22.88;265.77099999999996;91.18599999999999;255.16699999999997;71.67899999999999;99.637;81.42699999999999;97.607;22.88;32.355999999999995;64.90899999999999;74.16499999999999;408.3829999999999
369;617.245;56.754;20.02;20.02;20.02;20.02;20.02;20.02;20.02;20.02;20.02;20.02;46.97399999999999;65.32;160.418;89.102;47.992999999999995;20.02;72.78399999999999;20.02;146.24800000000002;20.02;20.02;20.02;20.02;20.02;20.02;20.02;20.02;20.02
370;1349.2089999999998;91.64200000000001;89.213;202.10600000000002;196.98899999999998;81.708;20.02;214.96699999999998;224.797;60.492000000000004;62.949;20.02;99.964;109.73599999999999;209.524;97.18799999999999;88.941;20.02;111.417;38.169;223.74499999999998;20.02;82.49000000000001;94.42099999999999;81.323;20.02;52.41;45.992999999999995;81.92599999999999;390.128
371;607.226;83.945;93.73499999999999;179.61499999999998;184.396;71.14699999999999;25.74;78.16799999999999;74.428;25.74;88.493;25.74;25.74;25.74;25.74;25.74;25.74;25.74;25.74;25.74;25.74;25.74;25.74;25.74;25.74;25.74;25.74;25.74;25.74;173.44400000000002
372;1740.6829999999998;145.765;126.58699999999999;123.73499999999999;204.22499999999997;80.697;20.02;52.473;216.56399999999996;22.767;54.38799999999999;95.404;173.779;125.03399999999999;227.218;130.61899999999997;135.39399999999998;20.02;170.515;69.14999999999999;185.558;72.631;69.106;99.929;62.56899999999999;20.02;72.118;84.95499999999998;122.619;376.42299999999994
373;242.38299999999998;20.02;20.02;20.02;109.71099999999998;20.02;20.02;20.02;103.59699999999998;20.02;20.02;20.02;20.02;20.02;90.35;20.02;20.02;20.02;20.02;20.02;51.628;20.02;20.02;20.02;20.02;20.02;20.02;20.02;20.02;20.02
374;1250.837;99.118;63.178;112.309;177.67399999999998;53.17999999999999;22.88;175.101;228.47099999999998;207.59799999999998;92.984;84.27699999999999;151.498;120.78199999999998;237.558;127.285;142.853;22.88;234.76799999999997;141.768;294.291;137.962;124.06199999999998;56.114999999999995;56.00599999999999;22.88;83.733;68.134;67.57;401.669
375;1794.5939999999998;59.373999999999995;137.73999999999998;187.35299999999998;175.397;187.291;16.445;168.23;165.47699999999998;137.43;89.81599999999999;104.339;162.315;175.37099999999998;216.621;165.34599999999998;123.06299999999999;16.445;135.291;69.873;219.90599999999998;75.655;91.001;110.739;86.21600000000001;16.445;95.976;60.937999999999995;215.129;306.89799999999997
376;1586.849;111.44199999999998;50.949;188.13;205.903;207.14999999999998;20.02;158.47699999999998;163.934;1.6259999999999977;-0.3930000000000007;222.13699999999997;78.34799999999998;115.58699999999999;186.339;13.061999999999998;13.953;20.02;75.127;19.170999999999996;169.123;20.02;20.02;52.735;38.62599999999999;20.02;43.863;20.02;82.243;225.027
377;687.9549999999999;94.264;22.88;157.04;113.899;22.88;22.88;22.88;144.793;22.88;22.88;22.88;22.88;22.88;22.88;22.88;22.88;22.88;111.62899999999999;22.88;22.88;22.88;22.88;22.88;22.88;22.88;22.88;22.88;22.88;22.88
378;62.77499999999999;20.02;20.02;20.02;20.02;20.02;20.02;20.02;20.02;20.02;20.02;20.02;20.02;20.02;20.02;20.02;20.02;20.02;20.02;20.02;20.02;20.02;20.02;20.02;20.02;20.02;20.02;20.02;20.02;20.02
379;1984.269;240.751;508.1579999999999;388.86499999999995;235.75099999999998;259.534;22.88;214.867;300.562;250.49999999999997;204.43699999999998;270.652;121.205;164.525;130.562;147.01299999999998;20.770999999999997;22.88;331.06899999999996;76.704;208.86099999999996;49.638999999999996;35.53;119.881;61.02199999999999;22.88;82.43499999999999;48.98499999999999;161.571;368.496
380;3063.571;172.172;187.67399999999998;273.49;253.55899999999997;229.56699999999998;22.88;203.28799999999998;311.212;243.778;212.90599999999998;282.365;182.716;201.292;234.674;217.922;144.385;22.88;229.43;88.55199999999999;281.394;121.36099999999999;134.474;141.558;78.771;22.88;151.14299999999997;96.814;187.31399999999996;545.727
381;774.3379999999999;84.87899999999999;80.033;69.14399999999999;159.014;20.02;20.02;20.02;100.598;20.02;20.02;20.02;53.449999999999996;20.02;20.02;20.02;20.02;20.02;122.21600000000001;20.02;20.02;20.02;20.02;20.02;20.02;20.02;20.02;20.02;20.02;166.978
382;2832.8559999999998;310.33299999999997;291.74199999999996;260.329;203.98899999999998;249.03699999999995;22.88;185.206;418.74199999999996;287.633;303.10900000000004;201.075;229.642;203.65699999999998;273.934;216.22199999999998;178.403;22.88;292.366;190.606;318.568;155.298;151.533;183.95;178.89399999999998;22.88;143.018;96.634;144.24399999999997;332.943
383;2137.453;192.87699999999998;228.523;250.66699999999997;215.285;171.969;20.02;229.588;343.405;223.64699999999996;253.74099999999999;228.21999999999997;201.351;138.78199999999998;260.948;137.6;113.12499999999999;20.02;209.414;147.676;285.103;105.74699999999999;98.55499999999999;108.297;105.90399999999998;20.02;79.276;79.51499999999999;117.863;435.5379999999999
384;1117.305;101.488;111.969;128.202;172.137;117.523;22.88;129.67000000000002;230.84999999999997;81.096;25.267999999999997;63.30799999999999;102.80099999999999;58.873999999999995;133.06699999999998;22.88;22.88;22.88;141.62900000000002;71.188;224.731;77.201;98.457;102.036;79.507;22.88;65.431;74.564;112.503;232.366
385;1898.2759999999998;81.36999999999999;171.12099999999998;244.731;200.80999999999997;265.659;20.02;247.19400000000002;334.00199999999995;296.26;143.417;75.261;218.42100000000002;219.599;254.77100000000002;129.355;102.947;20.02;341.218;155.351;315.953;32.974;102.13199999999998;109.809;37.104;20.02;64.54599999999999;64.437;165.55399999999997;417.943
386;897.5179999999999;128.642;148.567;179.41199999999998;175.284;235.562;22.88;100.64499999999998;262.84299999999996;121.261;62.91799999999999;92.65899999999999;168.63799999999998;121.44999999999999;213.88199999999998;155.877;65.37299999999999;22.88;231.39099999999996;83.107;122.25899999999999;22.88;22.88;22.88;22.88;22.88;22.88;22.88;22.88;169.97599999999997
387;2182.336;269.363;157.635;274.961;205.36399999999998;260.296;20.02;229.89299999999997;262.11199999999997;208.82299999999998;117.382;102.74000000000001;108.14699999999999;88.452;232.27599999999995;98.42699999999999;114.28399999999999;20.02;319.38599999999997;108.725;223.70999999999998;142.37099999999998;99.17099999999999;92.406;80.767;20.02;87.151;74.869;73.252;412.352
388;200.23599999999996;64.083;75.947;58.827;95.64899999999999;55.657;16.445;16.445;16.445;16.445;16.445;16.445;16.445;16.445;16.445;16.445;16.445;16.445;16.445;16.445;16.445;16.445;16.445;16.445;16.445;16.445;16.445;16.445;16.445;16.445
389;269.477;22.88;22.88;22.88;100.899;22.88;22.88;22.88;85.969;22.88;22.88;22.88;22.88;22.88;22.88;22.88;22.88;22.88;110.78;22.88;22.88;22.88;22.88;22.88;22.88;22.88;22.88;22.88;22.88;22.88
390;65.63499999999999;22.88;22.88;22.88;22.88;22.88;22.88;22.88;22.88;22.88;22.88;22.88;22.88;22.88;22.88;22.88;22.88;22.88;22.88;22.88;22.88;22.88;22.88;22.88;22.88;22.88;22.88;22.88;22.88;22.88
391;2945.9399999999996;249.255;285.10799999999995;279.071;260.604;287.881;22.165;236.68599999999998;374.71999999999997;381.5759999999999;208.23399999999998;339.181;255.112;198.992;286.221;203.185;162.97799999999998;22.165;332.667;190.446;347.949;163.332;172.78799999999998;176.77100000000002;191.69099999999997;22.165;240.76500000000001;152.679;258.371;592.637
392;1236.206;144.236;180.685;187.006;156.643;191.779;22.88;173.975;245.307;-2.814;-1.9230000000000018;71.99;127.47299999999998;63.20399999999999;189.503;41.44499999999999;38.159;22.88;156.392;50.822;220.767;77.916;105.381;65.346;69.925;22.88;58.53999999999999;51.224000000000004;85.801;393.147
393;143.82999999999998;19.305;19.305;19.305;19.305;19.305;19.305;19.305;19.305;19.305;19.305;19.305;19.305;19.305;19.305;19.305;19.305;19.305;19.305;19.305;19.305;19.305;19.305;19.305;19.305;19.305;19.305;19.305;19.305;19.305
394;405.15299999999996;79.33699999999999;20.02;96.19299999999998;95.53399999999999;20.02;20.02;20.02;20.02;20.02;20.02;20.02;20.02;20.02;20.02;20.02;20.02;20.02;119.89699999999999;20.02;20.02;20.02;20.02;20.02;20.02;20.02;20.02;20.02;20.02;20.02
395;2861.2919999999995;165.46699999999998;258.04499999999996;234.10899999999998;202.26799999999997;235.575;22.88;245.42799999999994;474.33099999999996;297.443;270.35400000000004;336.889;196.12499999999997;187.69599999999997;265.90700000000004;223.06199999999995;148.941;22.88;262.49300000000005;159.56099999999998;312.875;134.155;155.86899999999997;117.119;86.292;22.88;112.818;75.228;123.51;419.266
396;3707.508999999999;105.723;85.31;180.209;171.56099999999998;132.338;22.88;171.38799999999998;284.142;126.8;202.212;136.42399999999998;106.54999999999998;76.549;210.636;94.525;72.394;22.88;210.18699999999998;103.976;230.381;105.62899999999999;72.14099999999999;82.536;98.60499999999999;22.88;71.82199999999999;85.419;118.59599999999999;437.074
397;5490.764999999999;146.408;139.817;298.539;205.954;318.26;16.445;260.17999999999995;318.89799999999997;187.55999999999997;315.27099999999996;291.52099999999996;290.239;238.658;352.493;165.23799999999997;244.14399999999998;16.445;504.991;230.02999999999997;351.34399999999994;275.49699999999996;240.12499999999997;338.031;190.743;16.445;255.949;57.459999999999994;83.898;513.2439999999999
398;59.20099999999999;20.02;20.02;20.02;20.02;20.02;20.02;20.02;20.02;20.02;20.02;20.02;20.02;20.02;20.02;20.02;20.02;20.02;20.02;20.02;20.02;20.02;20.02;20.02;20.02;20.02;20.02;20.02;20.02;20.02
399;2338.812;159.32599999999996;144.87199999999999;417.274;193.072;374.73499999999996;16.445;351.69;287.013;109.815;225.45399999999998;139.098;357.09599999999995;260.714;346.05299999999994;143.54299999999998;116.268;16.445;382.03200000000004;256.019;356.642;188.909;189.12199999999999;142.23699999999997;90.398;16.445;71.87299999999999;61.809000000000005;96.523;405.9749999999999
400;384.087;73.295;20.02;20.02;20.02;20.02;20.02;20.02;20.02;20.02;20.02;20.02;20.02;20.02;20.02;20.02;20.02;20.02;20.02;20.02;20.02;20.02;20.02;20.02;20.02;20.02;20.02;20.02;20.02;20.02
401;87.50099999999999;20.02;20.02;20.02;20.02;20.02;20.02;20.02;20.02;20.02;20.02;20.02;20.02;20.02;20.02;20.02;20.02;20.02;20.02;20.02;20.02;20.02;20.02;20.02;20.02;20.02;20.02;20.02;20.02;20.02
402;1665.973;94.426;129.19599999999997;100.51999999999998;81.815;22.88;22.88;3.4899999999999984;112.05;22.88;22.88;22.88;22.88;22.88;127.57799999999999;22.88;22.88;22.88;115.69399999999999;22.88;166.118;22.88;22.88;22.88;22.88;22.88;53.504999999999995;53.831999999999994;129.73999999999998;357.32
403;256.92999999999995;20.02;20.02;20.02;86.22399999999999;68.731;20.02;20.02;106.712;20.02;20.02;20.02;20.02;20.02;77.184;20.02;20.02;20.02;20.02;20.02;20.02;20.02;20.02;20.02;20.02;20.02;20.02;20.02;20.02;20.02
404;62.77499999999999;20.02;20.02;20.02;20.02;20.02;20.02;20.02;20.02;20.02;20.02;20.02;20.02;20.02;20.02;20.02;20.02;20.02;20.02;20.02;20.02;20.02;20.02;20.02;20.02;20.02;20.02;20.02;20.02;20.02
405;2026.109;104.21799999999999;20.02;89.94999999999999;141.408;113.58099999999999;20.02;64.601;105.905;56.07899999999999;61.568;20.02;20.02;103.883;110.672;20.02;56.340999999999994;20.02;196.75099999999998;20.02;173.627;20.02;65.42699999999999;20.02;20.02;20.02;20.02;20.02;104.34399999999998;376.846
406;77.509;19.305;19.305;19.305;70.274;19.305;19.305;19.305;64.16;19.305;19.305;19.305;19.305;19.305;19.305;19.305;19.305;19.305;19.305;19.305;19.305;19.305;19.305;19.305;19.305;19.305;19.305;19.305;19.305;19.305
407;411.098;74.1;20.02;20.02;106.963;65.613;20.02;20.02;89.223;20.02;20.02;20.02;20.02;20.02;20.02;20.02;20.02;20.02;20.02;20.02;20.02;20.02;20.02;20.02;20.02;20.02;20.02;20.02;20.02;20.02
408;1593.926;42.989999999999995;69.526;95.16199999999999;146.25199999999998;99.103;22.88;-11.835;156.22299999999998;22.88;-3.161999999999999;51.74399999999999;125.78;86.142;183.23;89.10499999999999;68.949;22.88;212.993;54.95399999999999;155.958;57.525999999999996;77.37299999999999;40.78999999999999;67.204;22.88;63.900999999999996;22.88;48.876;203.90999999999997
409;1431.3009999999997;146.57099999999997;135.719;56.467999999999996;217.297;136.789;22.88;97.978;329.923;212.56199999999998;159.205;190.47499999999997;104.627;65.949;198.89399999999998;72.482;72.78699999999999;22.88;117.166;47.071;193.821;53.852999999999994;22.88;22.88;22.88;22.88;22.88;22.88;55.462999999999994;269.087
410;1935.051;117.767;129.009;354.087;172.271;235.077;20.02;215.92099999999996;302.437;69.704;111.047;72.67699999999999;222.63600000000002;192.933;243.185;153.981;197.933;20.02;136.909;168.703;215.66499999999996;144.37099999999998;101.25200000000001;198.184;62.42699999999999;20.02;44.821;20.02;64.579;205.90999999999997
411;1055.9919999999997;144.69299999999998;119.786;209.11799999999997;191.647;267.53;19.305;202.481;295.231;93.294;61.196;19.305;113.02199999999999;91.49599999999998;122.13399999999999;19.305;19.305;19.305;19.305;19.305;107.06200000000001;19.305;19.305;19.305;19.305;19.305;19.305;19.305;19.305;160.99899999999997
412;931.8649999999999;198.72799999999998;135.71899999999997;100.945;172.908;73.618;25.74;81.576;228.20399999999998;154.613;118.868;92.288;54.047;58.06399999999999;179.34699999999998;98.762;65.692;25.74;73.959;82.23599999999999;230.91;48.367;66.678;25.74;45.346;25.74;137.935;64.713;102.72999999999999;228.55499999999998
413;1861.425;69.939;81.11699999999999;57.961999999999996;84.514;110.24000000000001;22.88;-9.357;114.85999999999999;70.526;22.88;80.33099999999999;97.209;105.53199999999998;116.728;65.225;22.88;22.88;106.747;51.657999999999994;161.345;22.88;22.88;50.23899999999999;22.88;22.88;61.367;22.88;67.096;274.53
414;62.77499999999999;20.02;20.02;20.02;20.02;20.02;20.02;20.02;20.02;20.02;20.02;20.02;20.02;20.02;20.02;20.02;20.02;20.02;20.02;20.02;20.02;20.02;20.02;20.02;20.02;20.02;20.02;20.02;20.02;20.02
415;1502.914;64.285;151.285;72.966;177.754;113.86099999999999;20.02;131.94199999999998;151.992;96.137;70.329;68.186;106.59699999999998;118.737;135.101;48.081;20.02;20.02;234.04599999999996;115.96799999999999;161.201;67.56700000000001;54.275999999999996;63.45399999999999;41.690999999999995;20.02;54.357;20.02;90.441;235.289
416;60.550999999999995;20.02;20.02;20.02;20.02;20.02;20.02;20.02;20.02;20.02;20.02;20.02;20.02;20.02;20.02;20.02;20.02;20.02;20.02;20.02;20.02;20.02;20.02;20.02;20.02;20.02;20.02;20.02;20.02;20.02
417;765.94;133.05700000000002;20.02;72.448;133.50699999999998;20.02;20.02;20.02;68.31799999999998;20.02;20.02;20.02;20.02;20.02;20.02;20.02;20.02;20.02;20.02;20.02;20.02;20.02;20.02;20.02;20.02;20.02;20.02;20.02;20.02;146.13599999999997
418;1841.4339999999997;101.814;139.16899999999998;210.70299999999997;181.03999999999996;181.76399999999998;25.74;141.10399999999998;205.23399999999998;164.59199999999998;127.68799999999999;144.184;252.178;140.308;263.734;66.79899999999999;25.74;25.74;450.02599999999995;123.35499999999999;254.02499999999998;79.094;62.015;70.27499999999999;75.93;25.74;25.74;25.74;91.357;433.916
419;320.27899999999994;78.29499999999999;20.02;20.02;105.338;20.02;20.02;20.02;127.092;20.02;20.02;20.02;20.02;20.02;20.02;20.02;20.02;20.02;119.89699999999999;20.02;20.02;20.02;20.02;20.02;20.02;20.02;20.02;20.02;20.02;157.243
420;457.6;20.02;74.646;28.669999999999998;83.21699999999998;25.475;20.02;51.352;243.43200000000002;103.91799999999998;145.938;130.97899999999998;169.26299999999998;88.85199999999999;157.416;79.37299999999999;70.25899999999999;20.02;143.471;125.773;178.825;20.02;20.02;20.02;20.02;20.02;20.02;20.02;20.02;135.11599999999999
421;497.67199999999997;103.06899999999999;105.74699999999999;117.37100000000001;20.02;20.02;20.02;20.02;20.02;20.02;20.02;20.02;20.02;20.02;20.02;20.02;20.02;20.02;114.96399999999998;20.02;20.02;20.02;20.02;20.02;20.02;20.02;20.02;20.02;20.02;146.788
422;1289.5479999999998;90.581;83.254;221.796;175.552;257.262;19.305;180.39199999999997;251.605;138.886;48.60499999999999;18.256999999999998;163.796;63.133999999999986;103.43799999999999;57.016000000000005;19.305;19.305;216.784;152.11599999999999;295.31199999999995;88.384;19.305;108.45800000000001;124.05799999999999;19.305;62.41499999999999;58.798;102.13499999999999;363.28299999999996
423;1584.9109999999998;132.554;89.17699999999999;145.702;159.992;154.416;17.16;147.79899999999998;228.42899999999997;44.59;108.87100000000001;54.306999999999995;205.776;178.20099999999996;231.07899999999998;98.401;60.762;17.16;84.097;142.12099999999998;222.59199999999998;71.092;17.16;52.394999999999996;77.37299999999999;17.16;40.373999999999995;17.16;94.303;421.466
424;1783.779;240.784;259.34799999999996;105.62199999999999;189.75099999999998;122.036;20.02;123.76499999999999;245.12699999999998;229.315;90.67599999999999;129.069;126.826;108.79399999999998;196.55299999999997;146.871;115.827;20.02;193.94;111.13199999999999;265.57;122.524;134.202;99.89399999999998;54.516999999999996;20.02;111.334;104.886;69.535;258.052
425;696.8439999999999;136.62;68.69999999999999;22.88;22.88;86.438;22.88;22.88;22.88;22.88;22.88;22.88;22.88;22.88;22.88;22.88;22.88;22.88;122.75699999999999;22.88;22.88;22.88;22.88;22.88;22.88;22.88;22.88;22.88;22.88;22.88
426;636.289;77.12;78.66899999999998;164.634;151.154;54.41799999999999;16.445;61.19999999999999;201.901;16.445;16.445;16.445;16.445;16.445;16.445;16.445;16.445;16.445;16.445;16.445;16.445;16.445;16.445;16.445;16.445;16.445;16.445;16.445;16.445;149.043
427;171.117;78.47;25.74;25.74;25.74;25.74;25.74;25.74;25.74;25.74;25.74;25.74;25.74;25.74;25.74;25.74;25.74;25.74;25.74;25.74;25.74;25.74;25.74;25.74;25.74;25.74;25.74;25.74;25.74;152.50799999999998
428;2730.9579999999996;147.01799999999997;114.786;216.683;186.219;180.059;22.88;200.31900000000002;263.782;178.14399999999998;185.422;164.97799999999998;221.901;217.003;274.3;144.93399999999997;77.065;22.88;325.566;199.65599999999998;347.96899999999994;208.07799999999997;69.241;140.363;156.30499999999998;22.88;77.288;89.64099999999999;159.499;456.85999999999996
429;1437.6779999999999;-35.789;51.37799999999999;12.229999999999997;195.24099999999999;126.20599999999999;22.88;125.77799999999998;92.48999999999998;64.423;34.643;121.44299999999998;140.49499999999998;218.726;215.123;214.935;138.068;22.88;122.27000000000001;139.582;320.793;167.836;151.853;112.691;96.96799999999999;22.88;118.845;74.529;140.67;315.907
430;187.021;68.41499999999999;22.88;22.88;108.49499999999999;22.88;22.88;22.88;106.457;22.88;22.88;22.88;22.88;22.88;119.704;22.88;22.88;22.88;22.88;22.88;22.88;22.88;22.88;22.88;22.88;22.88;22.88;22.88;22.88;22.88
431;1972.307;150.74200000000002;193.903;215.17099999999996;206.31699999999998;98.93599999999999;16.445;90.61499999999998;284.88899999999995;189.393;72.58;187.021;98.997;168.475;181.119;69.21499999999999;50.288;16.445;415.21399999999994;24.767999999999997;253.61999999999995;61.55;66.638;95.708;66.234;16.445;125.45999999999998;54.41799999999999;80.89599999999999;442.369
432;1569.742;67.032;56.48299999999999;78.54799999999999;109.89699999999999;102.35499999999999;16.445;134.31699999999998;168.111;59.111999999999995;16.445;121.16499999999999;102.71799999999999;57.48299999999999;156.32399999999998;16.445;16.445;16.445;103.547;80.834;146.085;58.13499999999999;16.445;59.373999999999995;76.237;16.445;88.36599999999999;51.20099999999999;88.163;238.66399999999996
433;961.642;143.509;134.022;98.78099999999999;164.84699999999998;150.621;22.88;144.418;79.18099999999998;-0.5330000000000013;22.88;22.88;22.88;22.88;116.728;22.88;22.88;22.88;22.88;29.311999999999998;114.43699999999998;35.638999999999996;22.88;37.595;22.88;22.88;56.723;22.88;54.462999999999994;207.387
434;62.77499999999999;20.02;20.02;20.02;119.90100000000001;20.02;20.02;20.02;99.52099999999999;20.02;20.02;20.02;20.02;20.02;97.48299999999999;20.02;20.02;20.02;20.02;20.02;72.00799999999998;20.02;20.02;20.02;20.02;20.02;20.02;20.02;20.02;20.02
435;2355.101;283.68899999999996;168.94599999999997;158.168;222.207;238.689;25.74;151.017;268.69199999999995;208.433;153.89399999999998;221.639;136.284;189.28;291.4;166.39199999999997;105.148;25.74;315.222;166.93;331.37499999999994;173.66299999999998;172.34899999999996;179.18699999999998;168.95799999999997;25.74;134.89299999999997;168.625;165.97499999999997;471.62699999999995
436;1265.4569999999999;151.79699999999997;70.92599999999999;308.384;186.909;288.659;25.74;119.14399999999999;442.54999999999995;158.583;59.995999999999995;79.62299999999999;127.423;109.40899999999999;200.159;145.236;110.45899999999999;25.74;128.138;101.63199999999999;200.91699999999997;60.896;37.977;46.02199999999999;48.172;25.74;51.95399999999999;78.941;61.73599999999999;239.37699999999998
437;2366.145;141.65499999999997;98.74399999999999;140.95;161.00099999999998;109.094;22.88;78.04799999999999;136.066;22.88;22.88;61.590999999999994;100.847;135.236;178.322;36.15899999999999;36.05;22.88;253.34399999999997;46.268;202.66500000000002;49.05;56.396;63.01299999999999;46.898999999999994;22.88;22.88;22.88;77.20399999999998;383.584
438;59.19999999999999;16.445;16.445;16.445;16.445;16.445;16.445;16.445;16.445;16.445;16.445;16.445;16.445;16.445;16.445;16.445;16.445;16.445;16.445;16.445;16.445;16.445;16.445;16.445;16.445;16.445;16.445;16.445;16.445;16.445
439;2121.767;174.702;133.27499999999998;250.10499999999996;212.577;199.14999999999998;19.305;182.802;279.943;187.64099999999996;209.83599999999998;189.459;230.55699999999996;273.876;287.558;171.504;114.886;19.305;382.693;279.613;347.191;195.326;150.98499999999999;154.21499999999997;158.694;19.305;88.98599999999999;106.25099999999999;180.59099999999995;444.52899999999994
440;443.1069999999999;67.62;81.15299999999999;156.184;94.73499999999999;20.02;20.02;20.02;20.02;20.02;20.02;20.02;20.02;20.02;20.02;20.02;20.02;20.02;20.02;20.02;20.02;20.02;20.02;20.02;20.02;20.02;20.02;20.02;20.02;143.897
441;1305.1039999999998;152.707;158.96499999999997;93.407;165.82799999999997;62.92999999999999;19.305;102.10899999999998;185.101;110.023;19.305;91.951;76.36699999999999;47.474999999999994;154.766;55.95099999999999;19.305;19.305;123.942;19.305;137.632;19.305;19.305;19.305;19.305;19.305;19.305;19.305;19.305;193.147
442;1646.995;117.58699999999999;72.124;170.75799999999998;163.212;80.80799999999999;25.74;132.305;159.248;66.79899999999999;25.74;63.712999999999994;111.24199999999999;75.636;139.96800000000002;25.74;25.74;25.74;255.83499999999998;50.64999999999999;212.249;93.03599999999999;25.74;60.38799999999999;51.824;25.74;50.605999999999995;25.74;176.49999999999997;350.172
443;634.9359999999999;81.36999999999999;94.99699999999999;211.61399999999998;143.525;74.917;20.02;20.02;20.02;20.02;20.02;20.02;20.02;20.02;20.02;20.02;20.02;20.02;108.76899999999999;20.02;20.02;20.02;20.02;20.02;20.02;20.02;20.02;20.02;20.02;156.069
444;1132.788;25.74;43.873999999999995;34.56399999999999;105.24099999999999;25.74;25.74;71.55999999999999;163.91;25.74;91.739;78.83599999999998;165.331;168.661;253.577;87.78699999999999;62.95199999999999;25.74;172.119;187.17199999999997;277.272;99.817;117.931;154.902;143.948;25.74;81.29499999999999;72.124;174.67999999999998;327.499
445;864.1459999999998;74.1;96.81799999999998;20.02;96.77299999999998;20.02;20.02;20.02;20.02;20.02;20.02;20.02;20.02;20.02;87.01499999999999;20.02;20.02;20.02;20.02;20.02;20.02;20.02;20.02;20.02;20.02;20.02;20.02;20.02;20.02;20.02
446;1469.5989999999997;148.603;88.235;193.118;173.67499999999998;165.298;20.02;166.85999999999999;279.57699999999994;167.377;126.984;66.34299999999999;160.873;139.92;232.00599999999997;20.02;20.02;20.02;298.902;159.703;259.503;117.974;165.753;73.93199999999999;60.039;20.02;20.02;20.02;76.05799999999999;385.588
447;1510.408;135.81;105.666;128.469;177.20399999999998;22.165;22.165;48.986999999999995;149.34699999999998;56.76899999999999;22.165;77.06799999999998;22.165;108.203;147.795;22.165;22.165;22.165;242.60199999999998;26.858999999999998;172.965;72.941;22.165;22.165;22.165;22.165;51.550999999999995;22.165;118.57399999999998;243.829
448;1840.661;92.44899999999998;205.641;117.27699999999999;201.643;62.408;19.305;85.56599999999999;224.3;130.493;53.147999999999996;19.305;96.73599999999999;60.143;191.58499999999998;19.305;19.305;19.305;210.765;78.381;276.526;41.997;60.546;76.82799999999999;77.693;19.305;19.305;48.756;75.531;412.84499999999997
449;65.19200000000001;70.588;16.445;16.445;16.445;16.445;16.445;16.445;16.445;16.445;16.445;16.445;16.445;16.445;16.445;16.445;16.445;16.445;16.445;16.445;16.445;16.445;16.445;16.445;16.445;16.445;16.445;16.445;16.445;16.445
450;3261.3199999999997;166.528;162.84699999999998;141.68200000000002;76.713;118.60299999999998;19.305;107.11499999999998;241.48599999999996;214.946;206.343;221.72899999999998;97.88099999999999;89.28999999999999;130.438;113.63999999999999;57.429;19.305;440.979;131.566;184.13899999999998;53.125;58.26899999999999;92.03899999999999;98.342;19.305;148.171;95.80799999999999;69.455;518.77
451;668.653;93.476;69.893;22.88;137.552;22.88;22.88;22.88;123.838;22.88;22.88;22.88;22.88;22.88;22.88;22.88;22.88;22.88;22.88;22.88;22.88;22.88;22.88;22.88;22.88;22.88;22.88;22.88;22.88;22.88
452;7046.503;201.45;216.648;350.087;257.40099999999995;308.897;22.88;287.726;391.73799999999994;249.57299999999998;340.657;302.58299999999997;208.154;192.71099999999998;300.542;150.35299999999998;116.012;22.88;346.307;222.048;337.948;200.148;200.294;251.781;241.529;22.88;203.76;188.73;266.41999999999996;629.371
453;1456.1169999999997;133.708;247.034;87.579;172.27599999999998;135.497;22.88;123.19999999999999;347.96299999999997;135.97699999999998;119.43299999999999;116.83500000000001;90.626;91.348;89.821;63.13499999999999;66.026;22.88;170.652;22.88;156.415;60.416999999999994;56.699999999999996;22.88;22.88;22.88;48.026999999999994;22.88;53.92899999999999;260.236
454;62.77499999999999;20.02;20.02;20.02;20.02;20.02;20.02;20.02;20.02;20.02;20.02;20.02;20.02;20.02;20.02;20.02;20.02;20.02;20.02;20.02;20.02;20.02;20.02;20.02;20.02;20.02;20.02;20.02;20.02;20.02
455;1892.0259999999998;118.19800000000001;69.917;162.458;160.82399999999998;179.584;22.88;168.90599999999998;252.12199999999999;211.83699999999996;133.737;157.932;196.688;128.71099999999998;219.736;147.29399999999998;159.21999999999997;22.88;143.653;180.444;280.337;145.234;141.027;178.97699999999998;147.414;22.88;159.392;99.759;75.527;417.426
456;59.19999999999999;16.445;16.445;16.445;16.445;16.445;16.445;16.445;16.445;16.445;16.445;16.445;16.445;16.445;16.445;16.445;16.445;16.445;16.445;16.445;16.445;16.445;16.445;16.445;16.445;16.445;16.445;16.445;16.445;16.445
457;3145.0779999999995;203.07;154.932;333.23599999999993;232.434;265.852;16.445;243.955;503.15200000000004;544.615;203.52800000000002;251.45899999999995;270.044;231.795;302.789;200.47;142.849;16.445;535.37;253.143;372.546;221.398;169.73;153.55200000000002;185.761;16.445;179.16199999999998;135.028;133.32799999999997;418.788
458;236.48;91.75399999999999;22.88;91.197;22.88;102.524;22.88;22.88;22.88;22.88;22.88;22.88;22.88;22.88;22.88;22.88;22.88;22.88;22.88;22.88;22.88;22.88;22.88;22.88;22.88;22.88;22.88;22.88;22.88;22.88
459;1782.683;119.88399999999999;139.73;211.94099999999997;166.46699999999998;170.37599999999998;25.74;129.51799999999997;279.69;123.15299999999999;25.74;117.031;136.04399999999998;169.43599999999998;216.974;85.47299999999998;93.026;25.74;72.23599999999999;25.74;141.23;25.74;38.497;38.93299999999999;25.74;25.74;25.74;52.952;53.38799999999999;189.14999999999998
460;2643.298;239.85699999999997;283.902;232.65199999999996;220.417;253.51399999999998;22.165;295.56100000000004;360.292;343.453;210.01399999999998;285.014;160.873;172.86599999999999;192.63;159.081;126.27599999999998;22.165;354.308;266.56399999999996;273.751;109.50200000000001;122.976;200.814;75.279;22.165;120.505;63.06099999999999;116.685;468.15399999999994
461;1956.558;155.129;260.198;335.53599999999994;201.24699999999999;312.201;22.88;249.51399999999998;503.484;309.871;166.959;168.59599999999998;277.231;230.895;265.931;180.24599999999998;148.672;22.88;258.72499999999997;137.73899999999998;187.73899999999998;99.89699999999999;152.74599999999998;135.71699999999998;119.464;22.88;58.503;97.3;90.77099999999999;359.54499999999996
462;405.578;95.889;126.23600000000002;164.77999999999997;81.54299999999999;114.303;19.305;82.40599999999999;25.087;19.305;19.305;19.305;19.305;19.305;19.305;19.305;19.305;19.305;108.467;19.305;19.305;19.305;19.305;19.305;19.305;19.305;19.305;19.305;19.305;19.305
463;2358.781;211.998;173.95299999999997;231.385;153.65699999999998;176.86599999999999;22.165;131.821;243.56199999999998;118.282;136.044;268.77;191.76899999999998;226.558;182.87099999999998;172.07199999999997;101.71399999999998;22.165;287.7289999999999;155.933;258.616;166.584;141.03300000000002;161.334;171.313;22.165;114.689;96.72399999999999;173.883;488.44199999999995
464;896.442;82.49399999999999;63.744;165.881;171.85999999999999;193.771;22.88;122.789;229.863;142.831;157.652;75.78699999999999;63.330999999999996;22.88;129.755;22.88;22.88;22.88;121.93100000000001;22.88;22.88;22.88;22.88;22.88;22.88;22.88;22.88;22.88;22.88;22.88
465;712.7269999999999;79.686;94.05799999999999;234.51999999999998;174.18;172.566;22.88;22.88;80.68099999999998;22.88;22.88;22.88;22.88;22.88;22.88;22.88;22.88;22.88;115.73599999999999;22.88;22.88;22.88;22.88;22.88;22.88;22.88;22.88;22.88;22.88;160.864
466;1208.7579999999998;214.674;284.62399999999997;121.29999999999998;204.382;180.362;22.88;247.595;303.17999999999995;187.171;90.083;169.899;106.669;74.083;169.76799999999997;57.525999999999996;61.417;22.88;104.755;22.88;164.231;22.88;22.88;22.88;22.88;22.88;22.88;22.88;22.88;95.54499999999999
467;1886.81;234.247;178.998;227.56199999999998;207.432;100.668;20.02;148.28699999999998;381.48099999999994;122.94399999999997;131.622;53.83699999999999;133.837;87.19800000000001;182.42899999999997;175.43699999999998;83.61999999999999;20.02;276.46999999999997;94.78399999999999;239.13099999999997;89.38699999999999;104.13499999999999;124.15199999999999;109.99;20.02;48.56399999999999;80.312;20.02;390.52799999999996
468;2299.8369999999995;197.444;160.016;333.96;216.07999999999998;326.811;22.165;225.33799999999997;232.494;139.815;153.442;168.834;209.35999999999999;260.495;277.132;152.67899999999997;102.967;22.165;187.90800000000002;146.322;277.026;130.298;64.268;138.16;79.725;22.165;71.93599999999999;22.165;120.88699999999999;379.86699999999996
469;2359.607;190.825;243.533;176.132;209.753;237.801;20.02;265.812;353.132;224.311;241.74499999999998;245.351;222.55599999999998;144.973;227.52799999999996;200.933;105.62299999999999;20.02;266.26199999999994;144.265;251.231;176.575;99.88;139.635;110.493;20.02;155.43699999999998;195.827;151.63799999999998;410.81999999999994
470;2035.86;119.28099999999999;177.19199999999998;305.618;179.987;81.71899999999998;20.02;144.188;228.10799999999998;86.666;86.931;107.62599999999999;115.957;212.701;188.702;20.02;68.31799999999998;20.02;311.98299999999995;136.49099999999999;298.342;84.62299999999999;60.471;71.856;37.516999999999996;20.02;52.897999999999996;20.02;132.664;433.84700000000004
471;1056.4999999999998;-20.507999999999996;116.62199999999999;4.489999999999998;183.53;13.591000000000001;22.88;114.487;158.26;16.771;26.116999999999997;43.093999999999994;181.718;184.23;263.827;78.976;64.895;22.88;153.934;137.387;283.177;76.62100000000001;58.36999999999999;53.608999999999995;39.78999999999999;22.88;88.727;22.88;81.25199999999998;284.116
472;2081.446;113.511;139.48199999999997;193.527;179.62;64.918;22.88;149.68;386.47499999999997;90.984;64.591;62.48199999999999;263.676;233.545;272.446;215.52499999999998;163.218;22.88;332.48799999999994;173.944;268.523;150.828;83.317;109.21699999999998;93.54499999999999;22.88;97.67699999999999;62.48199999999999;56.94099999999999;437.539
473;1541.0179999999998;207.27599999999995;122.118;204.14999999999998;184.93599999999998;185.391;25.74;180.38899999999998;224.007;155.14399999999998;119.91899999999998;209.19400000000002;166.773;134.409;269.56;78.571;75.09699999999998;25.74;305.64799999999997;178.393;325.47999999999996;151.46699999999998;58.84299999999999;141.098;185.618;25.74;63.982;76.227;180.511;439.046
474;1191.947;101.21;22.88;146.499;169.662;216.28099999999998;22.88;117.417;235.919;196.26799999999997;152.882;141.48299999999998;22.88;22.88;22.88;22.88;22.88;22.88;102.13;22.88;22.88;22.88;22.88;22.88;22.88;22.88;22.88;22.88;22.88;22.88
475;2421.175;158.53999999999996;150.69299999999998;454.698;221.21699999999998;408.779;20.02;239.553;224.91099999999997;146.468;162.218;113.77899999999998;414.15600000000006;338.08299999999997;369.36999999999995;286.257;114.014;20.02;445.34399999999994;255.20899999999997;290.298;55.275999999999996;106.62299999999999;163.219;159.899;20.02;106.841;47.232;155.278;394.414
476;1896.176;155.09599999999998;148.278;153.061;159.19799999999998;135.003;22.88;198.76099999999997;329.424;251.18900000000002;183.0;151.64600000000002;185.83999999999997;134.14299999999997;245.869;202.92699999999996;102.214;22.88;194.21499999999997;146.09;277.62;169.44899999999996;133.026;111.46000000000001;167.79500000000002;22.88;141.40499999999997;172.30599999999998;85.928;286.686
477;2246.591;309.62699999999995;281.78099999999995;331.204;230.12699999999995;317.719;22.88;216.379;349.00399999999996;231.14799999999997;196.05599999999998;162.815;324.32099999999997;403.9549999999999;377.57399999999996;317.75699999999995;215.89799999999997;22.88;359.589;252.445;404.35699999999997;263.654;232.60399999999996;223.869;210.141;22.88;210.58999999999997;179.44799999999998;178.926;460.79999999999995
478;2842.298;151.844;219.92;147.797;184.13599999999997;226.98;20.02;173.969;375.493;243.25;137.714;237.62900000000002;129.566;171.73399999999998;238.82999999999998;157.847;145.62399999999997;20.02;336.41;122.47799999999998;250.302;139.312;112.582;126.26999999999998;117.947;20.02;141.4;117.981;185.37199999999999;485.96099999999996
479;127.63899999999998;22.88;22.88;79.065;72.591;22.88;22.88;22.88;22.88;22.88;22.88;22.88;22.88;22.88;22.88;22.88;22.88;22.88;22.88;22.88;22.88;22.88;22.88;22.88;22.88;22.88;22.88;22.88;22.88;22.88
480;2269.1009999999997;200.65599999999998;209.06799999999998;207.54699999999997;194.14099999999996;240.23499999999999;19.305;212.74099999999999;301.428;354.64;243.231;245.68899999999996;222.523;146.52599999999998;188.91499999999996;92.267;58.08099999999999;19.305;209.52399999999994;145.932;273.96;61.556;91.28899999999999;101.47899999999998;107.82999999999998;19.305;129.375;55.711999999999996;115.53699999999999;422.666
481;3241.403;190.89499999999998;194.267;220.33999999999997;206.72899999999998;208.789;20.02;185.079;251.11599999999999;147.07299999999998;129.976;133.21499999999997;245.26999999999998;139.06699999999998;273.342;172.517;73.678;20.02;221.09799999999998;138.446;279.8109999999999;122.965;116.48899999999999;134.301;120.02699999999999;20.02;97.842;101.475;131.13;397.08099999999996
482;1527.427;20.02;-29.563000000000002;20.02;122.85399999999998;20.02;20.02;-13.108000000000004;115.761;-3.0450000000000017;110.011;20.02;0.3470000000000013;71.06899999999999;144.025;20.02;20.02;20.02;20.02;20.02;155.25699999999998;40.885999999999996;37.777;39.147999999999996;45.039;20.02;51.275999999999996;20.02;78.05799999999999;170.51099999999997
483;2516.2519999999995;147.38400000000001;151.486;156.629;235.56199999999995;207.488;22.88;200.24899999999997;277.943;184.005;127.04299999999998;308.76099999999997;215.974;181.915;288.765;145.07999999999998;105.49599999999998;22.88;216.94899999999998;67.628;257.74999999999994;95.88899999999998;131.754;72.68299999999999;87.423;22.88;60.646;57.57399999999999;90.707;452.43199999999996
484;1975.213;289.2579999999999;275.224;228.07599999999996;200.09699999999998;176.266;19.305;145.66299999999998;351.04499999999996;212.913;175.24399999999997;162.96699999999998;179.314;99.9;174.15599999999998;116.36599999999999;85.653;19.305;183.49599999999998;46.041;207.201;79.08099999999999;101.50099999999999;138.914;45.21499999999999;19.305;129.27999999999997;48.169;128.37300000000002;353.912
485;2487.2209999999995;159.784;202.82399999999998;220.64599999999996;164.04;229.95499999999996;20.02;186.731;302.91999999999996;181.85799999999998;223.813;228.68099999999998;225.44;249.07;285.625;164.512;188.243;20.02;267.94500000000005;152.957;309.65999999999997;188.326;149.908;145.182;156.167;20.02;161.742;197.79399999999998;193.39000000000001;298.005
486;59.19999999999999;16.445;16.445;16.445;16.445;16.445;16.445;16.445;16.445;16.445;16.445;16.445;16.445;16.445;16.445;16.445;16.445;16.445;16.445;16.445;16.445;16.445;16.445;16.445;16.445;16.445;16.445;16.445;16.445;16.445
487;525.05;145.825;69.708;66.92899999999999;116.327;20.02;20.02;20.02;132.79299999999998;20.02;20.02;53.839999999999996;20.02;20.02;135.78799999999998;20.02;20.02;20.02;20.02;20.02;20.02;20.02;20.02;20.02;60.05799999999999;20.02;20.02;20.02;20.02;20.02
488;1286.9049999999997;42.164;53.367;86.232;140.81199999999998;0.9619999999999997;19.305;98.50999999999999;222.95;93.91699999999999;84.934;191.327;185.819;135.64999999999998;183.09999999999997;23.173;55.882999999999996;19.305;462.53099999999995;112.80799999999999;176.335;117.92899999999999;19.305;66.76499999999999;37.628;19.305;40.757999999999996;64.131;201.22;359.109
489;3538.5089999999996;155.30199999999996;259.75699999999995;213.707;240.91799999999995;216.277;16.445;209.85699999999997;305.955;269.62899999999996;165.356;178.624;344.189;210.50799999999998;401.17699999999996;301.692;152.19099999999997;16.445;354.013;191.69;317.842;148.678;194.826;170.704;145.481;16.445;173.516;89.39099999999999;199.517;471.878
490;2162.6009999999997;184.475;142.16899999999998;200.82799999999997;207.99;122.347;16.445;146.523;229.09500000000003;66.01599999999999;60.73799999999999;71.11099999999999;159.75599999999997;117.49199999999999;196.59799999999998;141.463;91.25299999999999;16.445;218.12399999999997;102.362;213.957;105.261;65.195;87.053;69.981;16.445;94.082;64.639;98.40599999999999;438.14300000000003
491;296.116;65.83999999999999;67.469;20.02;149.766;20.02;20.02;20.02;20.02;20.02;20.02;20.02;20.02;20.02;20.02;20.02;20.02;20.02;20.02;20.02;20.02;20.02;20.02;20.02;20.02;20.02;20.02;20.02;20.02;20.02
492;976.3789999999999;130.857;151.726;158.783;186.322;22.88;22.88;22.88;22.88;22.88;22.88;22.88;22.88;22.88;22.88;22.88;22.88;22.88;22.88;22.88;22.88;22.88;22.88;22.88;22.88;22.88;22.88;22.88;22.88;161.005
493;2291.7039999999997;188.13699999999997;163.61599999999999;233.37099999999998;127.73299999999998;172.712;20.02;154.379;331.979;220.03699999999998;186.22699999999998;171.517;155.49;130.69599999999997;245.52599999999998;123.26299999999999;89.47;20.02;155.551;125.428;282.922;105.71799999999999;91.30799999999999;101.72800000000001;113.582;20.02;87.822;105.82900000000001;241.54399999999998;467.08599999999996
494;400.11699999999996;96.87599999999999;80.23599999999999;109.569;161.691;78.038;20.02;20.02;130.971;20.02;65.404;20.02;20.02;20.02;20.02;20.02;20.02;20.02;106.704;20.02;20.02;20.02;20.02;20.02;20.02;20.02;20.02;20.02;20.02;151.59599999999998
495;2060.1040000000003;98.79699999999998;121.16299999999998;219.269;187.855;219.39599999999996;20.02;213.51299999999998;182.68199999999996;116.86;20.02;146.899;190.908;234.457;228.03999999999996;104.869;73.011;20.02;211.38899999999998;178.011;272.454;174.18699999999998;87.12899999999999;159.80700000000002;109.75399999999999;20.02;108.92099999999999;57.58;240.57799999999997;435.186
496;304.81899999999996;82.64499999999998;20.02;75.469;20.02;20.02;20.02;20.02;20.02;20.02;20.02;92.27199999999999;20.02;20.02;20.02;20.02;20.02;20.02;20.02;20.02;20.02;20.02;20.02;20.02;20.02;20.02;20.02;20.02;20.02;153.65599999999998
497;1325.638;136.147;140.172;307.479;209.72899999999998;387.553;22.88;290.54200000000003;320.864;127.44199999999998;146.12899999999996;130.476;111.87499999999999;119.45399999999998;224.61699999999996;57.333;63.22399999999999;22.88;241.66899999999998;213.868;400.796;239.29999999999995;138.084;251.688;231.75900000000001;22.88;73.91199999999999;62.925;120.228;391.062
498;1048.4299999999998;124.91699999999999;22.444;103.01899999999999;173.09499999999997;182.397;22.88;155.332;89.881;71.005;22.88;22.88;22.88;22.88;76.821;22.88;22.88;22.88;150.50699999999998;22.88;130.519;22.88;22.88;22.88;22.88;22.88;22.88;22.88;22.88;151.82199999999997
499;2913.1899999999996;139.11699999999996;164.98899999999998;226.64100000000002;219.786;225.32999999999998;25.74;199.173;340.65599999999995;341.98499999999996;195.878;239.21800000000002;181.337;180.33999999999997;278.202;136.684;110.439;25.74;329.76599999999996;176.85199999999998;287.282;148.596;142.432;132.778;150.351;25.74;139.099;129.208;172.683;536.252
500;79.84;20.02;20.02;20.02;20.02;20.02;20.02;20.02;20.02;20.02;20.02;20.02;20.02;20.02;20.02;20.02;20.02;20.02;20.02;20.02;20.02;20.02;20.02;20.02;20.02;20.02;20.02;20.02;20.02;20.02
501;1058.973;124.459;102.15899999999999;216.67;180.365;122.949;16.445;16.445;16.445;16.445;16.445;16.445;16.445;63.2;16.445;16.445;16.445;16.445;117.58399999999999;16.445;16.445;16.445;16.445;16.445;16.445;16.445;16.445;16.445;16.445;154.50099999999998
502;90.812;22.88;22.88;22.88;22.88;22.88;22.88;22.88;22.88;22.88;22.88;22.88;22.88;22.88;22.88;22.88;22.88;22.88;22.88;22.88;22.88;22.88;22.88;22.88;22.88;22.88;22.88;22.88;22.88;22.88
503;1886.394;156.743;140.654;255.086;219.059;275.096;20.02;176.311;300.36;221.55899999999997;133.966;134.46099999999998;210.83799999999997;185.15599999999998;226.75299999999996;210.041;134.70299999999997;20.02;286.00699999999995;182.156;321.59;180.832;201.31499999999997;144.277;132.526;20.02;123.98500000000001;101.49199999999999;201.813;414.851
504;86.207;69.295;20.02;20.02;20.02;20.02;20.02;20.02;20.02;20.02;20.02;20.02;20.02;20.02;20.02;20.02;20.02;20.02;20.02;20.02;20.02;20.02;20.02;20.02;20.02;20.02;20.02;20.02;20.02;146.788
505;62.77499999999999;20.02;20.02;20.02;20.02;20.02;20.02;20.02;20.02;20.02;20.02;20.02;20.02;20.02;20.02;20.02;20.02;20.02;20.02;20.02;20.02;20.02;20.02;20.02;20.02;20.02;20.02;20.02;20.02;20.02
506;893.2289999999998;41.14999999999999;45.17999999999999;81.708;46.661;91.97299999999998;22.88;151.18099999999998;103.49499999999999;98.45199999999998;131.856;159.931;109.44999999999999;65.75999999999999;195.041;59.155;59.590999999999994;22.88;137.928;85.365;170.96699999999998;52.834999999999994;49.027;53.544;58.91699999999999;22.88;89.244;60.026999999999994;106.93599999999999;295.385
507;1696.389;136.496;126.279;153.452;171.665;107.122;22.88;94.70899999999999;170.152;79.485;22.88;63.44;49.397999999999996;69.28899999999999;131.18699999999998;82.526;22.88;22.88;123.55799999999999;62.092;144.04399999999998;22.88;22.88;22.88;22.88;22.88;48.375;22.88;61.855999999999995;255.052
508;62.77499999999999;20.02;20.02;20.02;20.02;20.02;20.02;20.02;20.02;20.02;20.02;20.02;20.02;20.02;20.02;20.02;20.02;20.02;20.02;20.02;20.02;20.02;20.02;20.02;20.02;20.02;20.02;20.02;20.02;20.02
509;1416.1979999999999;109.27699999999999;88.52099999999999;193.29999999999998;196.908;157.35199999999998;22.88;115.77699999999999;159.18699999999995;68.939;56.461;59.352;66.39099999999999;97.59199999999998;128.956;73.371;22.88;22.88;94.501;59.897;184.73999999999998;67.389;67.851;103.422;22.88;22.88;22.88;22.88;57.20399999999999;98.023
510;1034.9919999999997;76.05;16.445;16.445;109.089;16.445;16.445;106.443;120.65299999999999;14.530999999999999;24.877;16.445;95.37299999999999;16.445;135.355;59.397999999999996;16.445;16.445;158.712;50.233999999999995;186.55599999999998;39.55;51.11399999999999;47.986999999999995;43.31099999999999;16.445;67.461;73.15599999999999;88.667;284.461
511;3512.173;139.402;169.51899999999998;246.32699999999997;204.80399999999997;224.45;20.02;210.603;375.1049999999999;323.59;188.265;114.91;179.49099999999999;166.87199999999999;248.651;211.595;200.084;20.02;189.836;149.709;274.583;149.802;162.70999999999998;142.115;173.247;20.02;210.999;153.506;135.313;399.193
512;3616.004;258.985;494.56499999999994;345.05899999999997;243.267;355.495;20.02;329.431;662.154;487.50699999999995;390.963;387.9069999999999;288.954;236.02100000000002;338.114;276.448;286.301;20.02;420.948;247.094;298.19;178.76000000000002;238.238;203.874;187.981;20.02;152.792;75.372;114.66699999999999;506.95899999999995
513;2467.456;480.115;275.778;372.04699999999997;190.202;356.99299999999994;16.445;348.42499999999995;422.07;263.07099999999997;282.05199999999996;346.608;260.14099999999996;373.30099999999993;292.609;173.44799999999998;64.458;16.445;371.528;179.77599999999998;299.655;67.87599999999999;73.095;83.39899999999999;75.38;16.445;51.78699999999999;66.27600000000001;85.944;382.09299999999996
514;279.075;134.344;153.325;20.02;111.749;20.02;20.02;20.02;93.407;20.02;20.02;20.02;20.02;20.02;20.02;20.02;20.02;20.02;20.02;20.02;20.02;20.02;20.02;20.02;20.02;20.02;20.02;20.02;20.02;20.02
515;664.9119999999999;73.86099999999999;75.752;78.643;139.945;20.02;20.02;20.02;20.02;71.53399999999999;20.02;20.02;20.02;20.02;20.02;20.02;20.02;20.02;20.02;20.02;20.02;20.02;20.02;20.02;20.02;20.02;20.02;20.02;20.02;159.80899999999997
516;1672.3909999999996;110.315;118.41999999999999;165.988;176.22099999999998;22.759999999999998;19.305;109.809;138.192;115.10799999999999;92.79199999999999;80.149;54.997;134.752;176.273;75.178;27.279999999999998;19.305;191.90699999999998;135.68699999999998;227.25699999999998;137.037;33.583999999999996;38.99999999999999;38.14999999999999;19.305;80.874;78.956;65.34299999999999;430.428
517;3335.5379999999996;105.655;148.35699999999997;383.876;195.22599999999997;408.353;16.445;375.126;317.544;145.255;141.382;341.55299999999994;274.955;303.854;216.62699999999998;79.38;16.445;16.445;532.709;270.97799999999995;366.609;164.736;72.44;250.995;255.29699999999997;16.445;55.41799999999999;16.445;194.65499999999997;471.111
518;62.77499999999999;20.02;20.02;20.02;20.02;20.02;20.02;20.02;20.02;20.02;20.02;20.02;20.02;20.02;20.02;20.02;20.02;20.02;20.02;20.02;20.02;20.02;20.02;20.02;20.02;20.02;20.02;20.02;20.02;20.02
519;292.051;22.88;22.88;22.88;98.30499999999999;22.88;22.88;74.809;94.22899999999998;112.26499999999999;22.88;22.88;22.88;22.88;22.88;22.88;22.88;22.88;22.88;22.88;22.88;22.88;22.88;22.88;22.88;22.88;22.88;22.88;22.88;22.88
520;138.25699999999998;19.305;19.305;19.305;19.305;19.305;19.305;19.305;19.305;19.305;19.305;19.305;19.305;19.305;19.305;19.305;19.305;19.305;19.305;19.305;19.305;19.305;19.305;19.305;19.305;19.305;19.305;19.305;19.305;19.305
521;59.19999999999999;16.445;16.445;16.445;16.445;16.445;16.445;16.445;16.445;16.445;16.445;16.445;16.445;16.445;16.445;16.445;16.445;16.445;16.445;16.445;16.445;16.445;16.445;16.445;16.445;16.445;16.445;16.445;16.445;16.445
522;235.74599999999998;82.31299999999999;20.02;20.02;20.02;20.02;20.02;20.02;20.02;20.02;20.02;20.02;20.02;20.02;20.02;20.02;20.02;20.02;20.02;20.02;20.02;20.02;20.02;20.02;20.02;20.02;20.02;20.02;20.02;153.27799999999996
523;666.9789999999999;22.88;22.88;22.88;106.05199999999999;22.88;22.88;22.88;117.72399999999998;22.88;22.88;64.11099999999999;22.88;22.88;134.464;22.88;22.88;22.88;192.473;22.88;22.88;22.88;22.88;22.88;22.88;22.88;22.88;22.88;22.88;22.88
524;480.508;72.41;22.88;22.88;145.983;22.88;22.88;22.88;105.083;22.88;22.88;22.88;22.88;22.88;22.88;22.88;22.88;22.88;22.88;22.88;22.88;22.88;22.88;22.88;22.88;22.88;22.88;22.88;22.88;22.88
525;4617.0509999999995;323.89599999999996;376.976;607.383;270.667;436.69999999999993;16.445;400.727;414.844;249.22099999999998;309.93199999999996;352.83699999999993;252.016;270.755;313.12699999999995;328.74399999999997;129.24699999999999;16.445;434.68699999999995;192.565;367.123;177.176;182.99299999999997;164.84999999999997;173.117;16.445;108.432;74.958;300.954;526.0070000000001
526;2709.631;208.62199999999999;222.404;185.57199999999995;199.93399999999997;234.52299999999997;19.305;183.56099999999998;316.06699999999995;308.87899999999996;207.00999999999996;297.206;233.99200000000002;169.96599999999998;322.205;263.635;159.60899999999998;19.305;261.469;158.346;217.27700000000002;160.98799999999997;132.49099999999999;171.165;126.445;19.305;159.761;97.46199999999999;135.974;566.405
527;2291.596;190.537;149.087;293.174;240.776;155.593;22.88;222.99099999999999;351.19499999999994;281.566;222.71399999999997;417.93;153.72899999999998;286.20699999999994;359.21799999999996;277.994;113.636;22.88;313.896;186.69099999999997;331.883;149.035;126.998;115.826;102.829;22.88;150.969;81.73799999999999;161.213;605.7579999999999
528;435.57399999999996;126.398;92.904;22.88;22.88;22.88;22.88;22.88;22.88;22.88;22.88;22.88;22.88;22.88;22.88;22.88;22.88;22.88;115.67099999999999;22.88;22.88;22.88;22.88;22.88;22.88;22.88;22.88;22.88;22.88;171.164
529;210.789;74.013;20.02;20.02;20.02;20.02;20.02;20.02;20.02;20.02;20.02;20.02;20.02;20.02;20.02;20.02;20.02;20.02;20.02;20.02;20.02;20.02;20.02;20.02;20.02;20.02;20.02;20.02;20.02;162.469
530;2592.24;254.11999999999998;260.929;263.24199999999996;181.28;361.365;25.74;245.188;415.73799999999994;301.05999999999995;216.37699999999998;216.072;223.91;181.85299999999998;323.508;142.644;94.188;25.74;257.954;171.76099999999997;320.051;181.117;130.10799999999998;208.39399999999998;148.1;25.74;190.206;185.48399999999998;182.70499999999998;535.444
531;862.637;68.31799999999998;32.233999999999995;34.038999999999994;89.33099999999999;20.02;20.02;20.02;161.102;20.02;20.02;20.02;41.885999999999996;20.02;136.286;20.02;20.02;20.02;121.213;20.02;20.02;20.02;20.02;57.58;20.02;20.02;20.02;20.02;20.02;85.012
532;1666.1239999999998;74.664;101.64699999999999;224.827;181.822;225.173;19.305;204.017;248.226;72.82399999999998;156.858;80.66199999999999;200.865;377.507;289.909;48.178;43.649;19.305;136.32799999999997;128.836;483.28499999999997;200.584;85.842;65.79;19.305;19.305;19.305;19.305;19.305;370.27899999999994
533;79.856;22.88;22.88;22.88;108.49499999999999;22.88;22.88;22.88;100.34299999999999;22.88;22.88;22.88;22.88;22.88;51.431;22.88;22.88;22.88;22.88;22.88;70.79199999999999;22.88;22.88;22.88;22.88;22.88;22.88;22.88;22.88;22.88
534;353.1289999999999;22.88;22.88;22.88;118.68499999999999;22.88;22.88;22.88;82.001;22.88;22.88;22.88;22.88;22.88;90.15299999999999;22.88;22.88;22.88;22.88;22.88;22.88;22.88;22.88;22.88;22.88;22.88;22.88;22.88;22.88;152.952
535;2558.8289999999997;220.361;163.59199999999998;210.01999999999998;219.231;252.33899999999997;19.305;210.38299999999998;320.10999999999996;276.67199999999997;168.36399999999998;238.21499999999997;210.54099999999997;187.91099999999997;303.64199999999994;193.521;108.191;19.305;338.59899999999993;203.78;310.59499999999997;206.66400000000002;187.11599999999999;146.656;135.622;19.305;194.212;174.12499999999997;196.713;516.618
536;63.330999999999996;20.02;20.02;20.02;20.02;20.02;20.02;20.02;20.02;20.02;20.02;20.02;20.02;20.02;20.02;20.02;20.02;20.02;20.02;20.02;20.02;20.02;20.02;20.02;20.02;20.02;20.02;20.02;20.02;20.02
537;368.47799999999995;69.326;13.584999999999999;157.793;132.055;13.584999999999999;13.584999999999999;13.584999999999999;13.584999999999999;13.584999999999999;13.584999999999999;13.584999999999999;13.584999999999999;13.584999999999999;13.584999999999999;13.584999999999999;13.584999999999999;13.584999999999999;13.584999999999999;13.584999999999999;13.584999999999999;13.584999999999999;13.584999999999999;13.584999999999999;13.584999999999999;13.584999999999999;13.584999999999999;13.584999999999999;13.584999999999999;13.584999999999999
538;230.62199999999999;67.90499999999999;20.02;68.84;109.001;20.02;20.02;20.02;20.02;20.02;20.02;20.02;20.02;20.02;20.02;20.02;20.02;20.02;109.769;20.02;20.02;20.02;20.02;20.02;20.02;20.02;20.02;20.02;20.02;20.02
539;2102.18;22.88;91.055;22.88;103.70899999999999;22.88;22.88;22.88;152.13899999999998;22.88;22.88;22.88;123.47199999999998;134.742;186.584;66.222;22.88;22.88;173.24099999999999;22.88;129.14499999999998;22.88;22.88;22.88;22.88;22.88;22.88;22.88;90.05099999999999;107.697
540;1759.277;88.24;176.07999999999998;252.535;107.279;150.216;25.74;86.567;205.59199999999998;125.50899999999999;41.803;111.678;153.666;152.368;205.95899999999997;144.44599999999997;65.34199999999998;25.74;182.38099999999997;76.329;234.28699999999998;55.736;85.16999999999999;66.389;53.391999999999996;25.74;58.77199999999999;57.32299999999999;97.50399999999999;466.69499999999994
541;333.00399999999996;65.06899999999999;22.88;22.88;155.721;22.88;22.88;22.88;72.475;22.88;22.88;22.88;22.88;22.88;22.88;22.88;22.88;22.88;22.88;22.88;22.88;22.88;22.88;22.88;22.88;22.88;22.88;22.88;22.88;22.88
542;65.63499999999999;22.88;22.88;22.88;82.001;22.88;22.88;22.88;69.773;22.88;22.88;22.88;22.88;22.88;22.88;22.88;22.88;22.88;22.88;22.88;22.88;22.88;22.88;22.88;22.88;22.88;22.88;22.88;22.88;22.88
543;297.23799999999994;94.21499999999999;60.05799999999999;62.949;102.88699999999999;20.02;20.02;20.02;20.02;20.02;20.02;20.02;20.02;20.02;20.02;20.02;20.02;20.02;20.02;20.02;20.02;20.02;20.02;20.02;20.02;20.02;20.02;20.02;20.02;20.02
544;62.05999999999999;19.305;19.305;19.305;82.502;19.305;19.305;19.305;88.61599999999999;19.305;19.305;19.305;19.305;19.305;19.305;19.305;19.305;19.305;19.305;19.305;19.305;19.305;19.305;19.305;19.305;19.305;19.305;19.305;19.305;19.305
545;100.85999999999999;22.88;22.88;22.88;22.88;22.88;22.88;22.88;22.88;22.88;22.88;22.88;22.88;22.88;22.88;22.88;22.88;22.88;22.88;22.88;22.88;22.88;22.88;22.88;22.88;22.88;22.88;22.88;22.88;22.88
546;1513.502;126.48999999999998;221.53999999999996;118.50200000000001;168.076;26.772;20.02;63.913999999999994;206.76999999999998;252.4;139.92399999999998;117.89999999999999;147.204;101.83899999999998;187.034;110.75599999999999;72.648;20.02;110.182;20.02;188.18499999999997;20.02;44.744;55.342;45.039;20.02;79.97999999999999;58.188;95.707;255.60499999999996
547;610.7149999999999;71.64599999999999;25.74;71.495;113.393;25.74;25.74;25.74;117.469;25.74;25.74;25.74;25.74;25.74;25.74;25.74;25.74;25.74;25.74;25.74;25.74;25.74;25.74;25.74;25.74;25.74;25.74;25.74;25.74;25.74
548;234.77499999999998;147.85699999999997;22.88;22.88;22.88;22.88;22.88;22.88;22.88;22.88;22.88;22.88;22.88;22.88;22.88;22.88;22.88;22.88;22.88;22.88;22.88;22.88;22.88;22.88;22.88;22.88;22.88;22.88;22.88;154.53199999999998
549;3308.0509999999995;285.93199999999996;365.014;286.902;204.308;249.164;20.02;242.951;448.09;323.141;232.961;289.384;113.49699999999999;244.534;232.68999999999997;175.32299999999998;159.801;20.02;554.4409999999999;217.71499999999997;317.127;186.13699999999997;118.44;201.99;165.11700000000002;20.02;139.34499999999997;100.90899999999999;236.13199999999995;530.9739999999999
550;365.1359999999999;93.96999999999998;16.445;121.77799999999999;77.30699999999999;130.163;16.445;94.945;92.326;97.21699999999998;97.10799999999999;99.999;16.445;16.445;16.445;16.445;16.445;16.445;118.78099999999998;16.445;16.445;16.445;16.445;16.445;16.445;16.445;16.445;16.445;16.445;158.501
551;347.313;157.19899999999998;168.35399999999998;94.152;137.768;65.56899999999999;16.445;83.351;16.445;16.445;16.445;16.445;16.445;16.445;16.445;16.445;16.445;16.445;16.445;16.445;16.445;16.445;16.445;16.445;16.445;16.445;16.445;16.445;16.445;16.445
552;2685.129;110.439;81.824;100.952;172.938;117.84;20.02;124.94799999999998;189.777;77.19099999999999;15.583999999999998;62.753;188.82199999999997;119.40299999999999;169.936;20.02;20.02;20.02;257.318;102.505;171.51299999999998;34.864999999999995;20.02;79.856;72.65599999999999;20.02;49.376;20.02;75.995;416.71
553;1407.4319999999998;134.672;207.37900000000002;178.295;197.755;181.469;22.88;239.68099999999998;324.376;162.968;178.046;182.171;167.608;142.59799999999998;267.357;153.344;52.744;22.88;204.266;152.689;281.439;132.458;114.94200000000001;159.803;150.70499999999998;22.88;204.61099999999996;136.851;163.582;355.416
554;3517.99;202.72899999999998;206.61999999999998;182.17699999999996;200.877;245.789;16.445;274.42999999999995;455.24399999999997;310.00299999999993;279.108;270.92299999999994;196.671;167.037;264.89;261.195;181.723;16.445;219.959;186.93599999999998;317.53299999999996;155.599;126.20500000000001;150.036;180.365;16.445;175.181;125.61699999999999;150.92899999999997;547.064
555;443.648;22.88;22.88;61.678999999999995;96.85;22.88;22.88;22.88;84.78399999999999;22.88;22.88;61.568;63.744;22.88;90.095;22.88;22.88;22.88;22.88;22.88;22.88;73.243;22.88;22.88;22.88;22.88;22.88;22.88;93.47999999999999;96.37099999999998
556;424.78099999999995;76.749;25.74;141.774;25.74;25.74;25.74;25.74;25.74;25.74;25.74;25.74;25.74;25.74;25.74;25.74;25.74;25.74;25.74;25.74;25.74;25.74;25.74;25.74;25.74;25.74;25.74;25.74;25.74;25.74
557;300.068;88.656;20.02;20.02;20.02;20.02;20.02;20.02;20.02;20.02;20.02;20.02;20.02;20.02;20.02;20.02;20.02;20.02;20.02;20.02;20.02;20.02;20.02;20.02;20.02;20.02;20.02;20.02;20.02;152.61399999999998
558;963.012;133.0;281.78;108.848;74.363;20.02;20.02;20.02;20.02;20.02;20.02;20.02;20.02;20.02;20.02;20.02;20.02;20.02;127.679;20.02;20.02;20.02;20.02;20.02;20.02;20.02;20.02;20.02;20.02;180.364
559;71.50399999999999;22.88;22.88;22.88;22.88;22.88;22.88;22.88;22.88;22.88;22.88;22.88;22.88;22.88;22.88;22.88;22.88;22.88;22.88;22.88;22.88;22.88;22.88;22.88;22.88;22.88;22.88;22.88;22.88;22.88
560;794.295;102.80799999999999;80.92599999999999;90.60899999999998;138.49;119.23499999999999;20.02;102.92299999999999;109.19;122.50399999999999;76.643;20.02;96.542;52.18599999999999;136.286;105.693;57.72399999999999;20.02;82.678;20.02;156.743;20.02;20.02;20.02;20.02;20.02;20.02;20.02;20.02;20.02
561;1587.8380000000002;196.88899999999998;297.038;313.724;193.54999999999998;185.37699999999998;22.165;95.186;186.74099999999999;191.504;65.24499999999999;197.409;22.165;22.165;146.17000000000002;22.165;22.165;22.165;136.75900000000001;22.165;22.165;22.165;22.165;22.165;22.165;22.165;22.165;22.165;22.165;116.306
562;1029.1789999999999;22.88;39.144999999999996;22.88;131.959;-8.357;22.88;-10.248000000000005;92.03699999999999;28.171999999999997;97.84199999999998;60.026999999999994;25.249;51.15899999999999;119.608;70.69800000000001;21.314;22.88;182.733;122.259;206.03099999999998;70.863;85.06899999999999;84.356;60.33699999999999;22.88;73.607;70.276;98.499;253.64499999999998
563;62.77499999999999;20.02;20.02;20.02;20.02;20.02;20.02;20.02;20.02;20.02;20.02;20.02;20.02;20.02;20.02;20.02;20.02;20.02;20.02;20.02;20.02;20.02;20.02;20.02;20.02;20.02;20.02;20.02;20.02;20.02
564;1674.326;180.24599999999998;148.96699999999998;157.54399999999998;220.099;133.415;20.02;136.36599999999999;319.544;198.86599999999999;94.84599999999999;125.124;140.57099999999997;132.88899999999998;122.583;24.185;42.652;20.02;357.79599999999994;114.54299999999999;220.03;94.923;40.253;91.60999999999999;104.109;20.02;97.452;52.992999999999995;174.675;437.5799999999999
565;285.66499999999996;110.91399999999999;93.35;71.537;111.05799999999999;25.74;25.74;25.74;25.74;25.74;25.74;25.74;25.74;25.74;25.74;25.74;25.74;25.74;25.74;25.74;25.74;25.74;25.74;25.74;25.74;25.74;25.74;25.74;25.74;25.74
566;205.16;141.134;80.033;20.02;20.02;20.02;20.02;20.02;20.02;20.02;20.02;20.02;20.02;20.02;20.02;20.02;20.02;20.02;20.02;20.02;20.02;20.02;20.02;20.02;20.02;20.02;20.02;20.02;20.02;166.832
567;1816.009;185.88599999999997;65.2;151.134;170.95999999999998;110.13499999999999;22.88;118.399;264.452;130.029;22.88;112.77699999999999;112.226;165.10899999999998;181.135;136.672;22.88;22.88;283.001;125.09;304.044;124.559;98.14599999999999;84.51199999999999;138.402;22.88;167.953;99.19899999999998;121.60900000000001;424.40599999999995
568;727.4340000000001;102.726;82.038;160.61499999999998;191.21099999999998;145.195;20.02;120.11299999999999;226.555;75.792;20.02;20.02;20.02;20.02;20.02;20.02;20.02;20.02;20.02;20.02;20.02;20.02;20.02;20.02;20.02;20.02;20.02;20.02;20.02;160.945
569;1413.052;146.58299999999997;87.012;171.26;171.519;89.958;20.02;117.12899999999999;173.271;100.99499999999999;64.786;69.19999999999999;93.77099999999999;81.529;180.95599999999996;106.46199999999999;96.518;20.02;168.522;122.58;177.509;20.02;20.02;48.647;43.581999999999994;20.02;49.69199999999999;20.02;67.535;375.45199999999994
570;1857.1950000000002;107.619;89.061;71.71099999999998;115.937;71.826;22.88;172.098;260.02799999999996;173.20899999999997;84.286;180.09199999999998;110.733;81.823;162.42899999999997;129.248;22.88;22.88;255.44899999999996;166.52599999999998;326.40799999999996;162.735;128.977;149.059;117.904;22.88;173.802;137.90200000000002;215.59199999999998;459.84599999999995
571;1574.973;162.923;169.86899999999997;193.743;199.934;226.75;22.88;193.709;324.94399999999996;181.398;181.45;193.521;217.96999999999997;198.701;334.75699999999995;148.488;109.86999999999999;22.88;206.422;162.171;321.658;173.927;97.40799999999999;170.801;178.21699999999998;22.88;93.007;110.78299999999999;205.18699999999998;368.93999999999994
572;3249.937999999999;235.74499999999998;369.77299999999997;391.962;225.40099999999998;420.457;16.445;229.20499999999998;413.37799999999993;299.701;367.962;264.998;304.10400000000004;328.33799999999997;291.36699999999996;283.822;161.96699999999998;16.445;453.52;296.475;356.9189999999999;204.15200000000002;177.99099999999999;245.445;140.115;16.445;172.51299999999998;173.084;159.174;661.03
573;1910.5149999999999;144.404;159.60799999999998;174.87900000000002;209.183;169.249;25.74;167.57899999999998;274.864;72.314;108.908;178.736;110.88799999999998;105.40799999999999;152.16699999999997;43.736;46.626999999999995;25.74;205.767;93.43299999999999;204.72499999999997;75.37899999999999;91.064;92.798;92.519;25.74;111.719;121.32399999999998;124.332;402.85299999999995
574;471.628;94.19200000000001;83.573;55.991;135.51799999999997;20.02;20.02;20.02;79.44599999999998;20.02;20.02;20.02;55.68899999999999;20.02;20.02;58.907;20.02;20.02;75.689;20.02;133.279;20.02;20.02;20.02;20.02;20.02;20.02;20.02;20.02;143.07100000000003
575;433.41999999999996;20.02;69.27199999999999;90.618;20.02;20.02;20.02;32.257;20.02;20.02;20.02;58.907;62.25299999999999;70.14399999999999;20.02;68.92599999999999;78.687;20.02;82.181;20.02;122.649;20.02;20.02;20.02;20.02;20.02;20.02;20.02;20.02;157.444
576;3779.046;165.562;404.46799999999996;481.066;147.142;244.16;16.445;160.453;335.09299999999996;120.847;162.93699999999998;147.465;237.96299999999997;212.817;209.871;126.511;105.55099999999999;16.445;320.443;277.902;270.38599999999997;198.589;118.474;142.786;98.863;16.445;71.62599999999999;73.17699999999999;100.362;373.98499999999996
577;4921.351;128.635;215.245;242.54899999999995;186.98399999999998;205.60399999999998;20.02;229.189;302.92499999999995;227.35199999999998;180.349;229.49399999999997;247.36499999999995;172.57799999999997;309.4;183.19499999999996;98.66499999999999;20.02;341.83;175.464;308.326;174.077;89.18199999999999;181.95499999999998;161.444;20.02;152.689;143.856;209.209;451.226
578;1655.474;192.20899999999997;120.82199999999999;200.45;182.21699999999998;196.47299999999996;22.88;182.51299999999998;185.754;22.88;22.88;92.059;295.806;218.49799999999996;239.601;110.932;80.05099999999999;22.88;223.017;238.14999999999998;244.13299999999998;103.92599999999999;76.32300000000001;114.126;83.41699999999999;22.88;100.10899999999998;63.744;106.493;333.98199999999997
579;818.747;64.991;73.295;354.48299999999995;154.07299999999998;201.89599999999996;20.02;84.0;222.97899999999998;79.41999999999999;20.02;57.144;20.02;20.02;128.408;20.02;20.02;20.02;20.02;20.02;20.02;20.02;20.02;20.02;20.02;20.02;20.02;20.02;20.02;20.02
580;1381.973;88.36099999999999;74.816;179.966;160.66;150.98999999999998;20.02;174.302;218.94499999999996;90.16399999999999;91.92699999999999;118.139;126.654;143.96499999999997;204.168;20.02;20.02;20.02;155.844;110.199;270.649;98.85899999999998;60.471;137.834;84.97199999999998;20.02;97.368;20.02;81.451;371.635
581;88.804;22.88;22.88;22.88;22.88;22.88;22.88;22.88;22.88;22.88;22.88;22.88;22.88;22.88;22.88;22.88;22.88;22.88;22.88;22.88;22.88;22.88;22.88;22.88;22.88;22.88;22.88;22.88;22.88;22.88
582;778.1109999999999;83.17500000000001;71.901;68.033;153.506;77.536;20.02;75.142;78.59299999999999;20.02;20.02;20.02;20.02;20.02;91.064;20.02;20.02;20.02;20.02;20.02;80.731;20.02;20.02;20.02;20.02;20.02;20.02;20.02;20.02;145.962
583;1934.6960000000001;205.40299999999996;242.90799999999996;190.32799999999997;189.135;240.34199999999998;25.025;194.289;335.26;264.51;163.00599999999997;127.69;326.22299999999996;321.48;260.744;137.518;86.362;25.025;245.018;196.369;357.443;230.022;130.18599999999998;140.137;104.19;25.025;497.822;119.21900000000001;122.66199999999999;846.902
584;385.1799999999999;77.684;62.78999999999999;95.66699999999999;146.873;71.28899999999999;22.165;69.50699999999999;160.166;22.165;22.165;22.165;22.165;22.165;22.165;22.165;22.165;22.165;22.165;22.165;22.165;22.165;22.165;22.165;22.165;22.165;22.165;22.165;22.165;141.499
585;1081.422;68.28699999999999;52.17999999999999;116.478;146.943;115.26499999999999;22.88;108.12799999999999;165.995;22.88;22.88;22.88;9.988999999999997;50.288999999999994;151.98;22.88;57.961999999999996;22.88;176.98699999999997;22.88;163.432;22.88;22.88;41.114999999999995;22.88;22.88;22.88;22.88;60.876;218.65699999999998
586;956.9949999999999;16.445;16.445;54.83099999999999;107.54499999999999;16.445;16.445;16.445;101.09899999999999;16.445;16.445;16.445;16.445;77.31299999999999;96.02700000000002;16.445;16.445;16.445;94.87899999999999;16.445;118.908;16.445;16.445;16.445;16.445;16.445;16.445;16.445;16.445;193.926
587;173.31199999999998;65.83999999999999;20.02;20.02;20.02;20.02;20.02;20.02;20.02;20.02;20.02;20.02;20.02;20.02;20.02;20.02;20.02;20.02;20.02;20.02;20.02;20.02;20.02;20.02;20.02;20.02;20.02;20.02;20.02;152.24299999999997
588;1495.799;22.88;22.88;22.88;86.077;22.88;22.88;22.88;67.73499999999999;22.88;22.88;22.88;64.965;53.114999999999995;107.557;22.88;22.88;22.88;60.525999999999996;22.88;122.645;22.88;22.88;22.88;22.88;22.88;22.88;22.88;22.88;99.262
589;929.7489999999999;-29.59400000000001;21.901;22.88;130.23;11.575999999999999;22.88;-6.053000000000001;110.67999999999999;22.88;2.6199999999999974;47.375;47.159;62.47;130.828;76.654;22.88;22.88;124.457;100.647;170.477;80.481;22.88;43.574999999999996;41.312;22.88;70.835;22.88;76.91799999999999;170.66899999999998
590;10481.181999999999;133.332;136.90699999999998;446.53499999999997;248.16699999999997;320.51599999999996;16.445;382.504;328.679;176.34199999999998;254.79000000000002;263.75;244.51500000000001;193.612;190.122;16.445;69.15;16.445;309.546;111.27799999999999;240.619;61.94;88.65499999999999;148.72699999999998;51.614999999999995;16.445;89.75999999999999;16.445;126.669;412.65199999999993
591;155.206;20.02;20.02;20.02;142.12599999999998;142.72199999999998;20.02;77.96199999999999;67.49199999999999;20.02;20.02;20.02;20.02;20.02;20.02;20.02;20.02;20.02;20.02;20.02;20.02;20.02;20.02;20.02;20.02;20.02;20.02;20.02;20.02;20.02
592;84.74799999999999;77.96;22.88;22.88;22.88;22.88;22.88;22.88;22.88;22.88;22.88;22.88;22.88;22.88;22.88;22.88;22.88;22.88;22.88;22.88;22.88;22.88;22.88;22.88;22.88;22.88;22.88;22.88;22.88;22.88
593;3012.544;167.599;151.743;238.71499999999997;188.96699999999998;190.938;22.88;149.66199999999998;257.746;139.25;88.00200000000001;71.459;56.333;86.41799999999999;149.363;71.58699999999999;22.88;22.88;277.268;90.34199999999998;230.152;75.727;86.703;22.88;22.88;22.88;106.57899999999998;22.88;78.225;391.926
594;229.982;105.24699999999999;74.48199999999999;22.88;22.88;22.88;22.88;22.88;22.88;22.88;22.88;22.88;22.88;22.88;22.88;22.88;22.88;22.88;127.06099999999999;22.88;22.88;22.88;22.88;22.88;22.88;22.88;22.88;22.88;22.88;22.88
595;1125.348;193.73000000000002;211.99899999999997;155.52700000000002;192.578;128.969;22.88;130.087;269.503;178.147;118.764;99.24099999999999;68.744;22.88;22.88;22.88;22.88;22.88;120.738;22.88;22.88;22.88;22.88;22.88;22.88;22.88;22.88;22.88;22.88;181.92
596;91.07999999999998;22.88;22.88;77.61;22.88;22.88;22.88;22.88;22.88;22.88;22.88;22.88;22.88;22.88;22.88;22.88;22.88;22.88;22.88;22.88;22.88;22.88;22.88;22.88;22.88;22.88;22.88;22.88;22.88;22.88
597;2196.575;212.164;221.924;204.835;145.07599999999996;167.826;20.02;187.166;311.73799999999994;176.06799999999998;147.843;209.32099999999997;237.857;158.095;221.69;166.654;132.645;20.02;199.496;127.52399999999997;276.534;134.005;131.75199999999998;124.84299999999999;116.471;20.02;97.234;56.318;95.777;387.76800000000003
598;3552.713;174.272;181.296;255.36899999999997;243.226;353.23400000000004;22.165;238.322;253.949;227.10700000000003;260.03299999999996;175.547;232.524;247.20499999999998;262.78999999999996;104.12199999999999;106.531;22.165;203.88299999999998;192.23499999999999;340.50399999999996;190.35299999999998;110.94399999999999;205.301;179.582;22.165;165.511;128.737;203.472;359.61899999999997
599;1596.702;109.892;145.214;173.096;211.414;86.29499999999999;20.02;82.57900000000001;182.653;155.84199999999998;110.07499999999999;112.08099999999999;138.46699999999998;119.71499999999997;197.383;117.82499999999999;95.71599999999998;20.02;238.97399999999996;22.235999999999997;197.839;42.473;83.342;52.44499999999999;52.791;20.02;80.93799999999999;74.82900000000001;95.81;391.414
600;82.38499999999999;22.88;22.88;22.88;22.88;22.88;22.88;22.88;22.88;22.88;22.88;22.88;22.88;22.88;22.88;22.88;22.88;22.88;22.88;22.88;22.88;22.88;22.88;22.88;22.88;22.88;22.88;22.88;22.88;22.88
601;3048.6659999999997;316.422;334.062;279.938;203.482;327.371;22.165;321.673;535.0070000000001;394.069;315.877;545.319;261.007;267.724;337.246;316.22499999999997;237.745;22.165;341.55699999999996;233.452;353.221;256.915;156.892;220.571;236.60699999999997;22.165;260.1139999999999;213.206;303.4719999999999;671.5079999999999
602;1730.834;104.302;104.129;180.18699999999998;192.32099999999997;218.18599999999998;20.02;177.786;191.56400000000002;20.02;20.02;74.214;53.12499999999999;63.01599999999999;132.20999999999998;20.02;20.02;20.02;212.38199999999998;59.340999999999994;129.176;20.02;20.02;20.02;20.02;20.02;20.02;20.02;20.02;103.119
603;123.51799999999999;16.445;16.445;16.445;89.832;16.445;16.445;16.445;81.67999999999999;16.445;16.445;16.445;16.445;16.445;73.52799999999999;16.445;16.445;16.445;16.445;16.445;16.445;16.445;16.445;16.445;16.445;16.445;16.445;16.445;16.445;16.445
604;1025.5140000000001;146.66599999999997;156.242;81.089;195.208;280.856;20.02;175.827;459.476;225.519;20.02;97.446;20.02;20.02;138.15800000000002;20.02;20.02;20.02;20.02;20.02;20.02;20.02;20.02;20.02;20.02;20.02;20.02;20.02;20.02;150.67899999999997
605;1016.7969999999999;78.478;105.66799999999999;155.042;156.85899999999998;208.01099999999997;20.02;152.34699999999998;215.296;164.333;126.545;95.633;168.45;169.736;241.589;188.49099999999999;145.526;20.02;176.53799999999998;170.13;292.984;202.25999999999996;145.52399999999997;128.49599999999998;156.703;20.02;131.72699999999998;125.095;94.54599999999999;306.583
606;300.135;79.597;71.36;20.02;20.02;20.02;20.02;20.02;20.02;20.02;20.02;20.02;20.02;20.02;20.02;20.02;20.02;20.02;20.02;20.02;20.02;20.02;20.02;20.02;20.02;20.02;20.02;20.02;20.02;164.522
607;262.756;106.46499999999999;126.33599999999998;71.97399999999999;134.051;22.88;22.88;22.88;22.88;22.88;22.88;22.88;22.88;22.88;22.88;22.88;22.88;22.88;111.65199999999999;22.88;22.88;22.88;22.88;22.88;22.88;22.88;22.88;22.88;22.88;156.277
608;1421.8789999999997;153.462;211.77999999999997;169.206;209.76;180.76;25.74;175.18;359.16200000000003;255.99099999999999;183.48;225.461;165.884;195.40599999999998;239.708;164.358;25.74;25.74;132.041;53.391;199.11999999999998;25.74;42.431999999999995;38.867999999999995;40.759;25.74;140.06;25.74;25.74;384.21000000000004
609;579.804;115.89299999999999;107.046;131.427;108.198;22.88;22.88;81.264;22.88;22.88;22.88;22.88;22.88;22.88;22.88;22.88;22.88;22.88;22.88;22.88;22.88;22.88;22.88;22.88;22.88;22.88;22.88;22.88;22.88;174.447
610;3649.886;280.037;198.157;476.93499999999995;217.653;365.174;19.305;423.798;432.41099999999994;341.66799999999995;370.61;325.477;325.33799999999997;287.14599999999996;404.908;211.12099999999998;93.804;19.305;478.52099999999996;237.77000000000004;450.601;360.84999999999997;199.143;369.844;316.114;19.305;276.35499999999996;268.355;363.50699999999995;553.841
611;635.3620000000001;77.73;88.52;229.73799999999997;187.583;201.41499999999996;19.305;126.094;185.54799999999997;92.38299999999998;19.305;19.305;19.305;19.305;19.305;19.305;19.305;19.305;19.305;19.305;19.305;19.305;19.305;19.305;19.305;19.305;19.305;19.305;19.305;19.305
612;616.199;83.404;85.55499999999999;146.81;148.939;25.74;25.74;25.74;102.24199999999999;25.74;25.74;25.74;25.74;25.74;25.74;25.74;25.74;25.74;25.74;25.74;25.74;25.74;25.74;25.74;25.74;25.74;25.74;25.74;25.74;25.74
613;1156.7169999999999;122.27199999999999;68.69999999999999;67.54299999999999;180.119;64.96;22.88;34.355999999999995;127.088;22.88;71.65899999999999;65.50099999999999;56.69499999999999;117.12699999999998;161.80399999999997;64.20499999999998;22.88;22.88;116.39599999999999;59.268;191.368;112.00599999999999;55.395999999999994;54.245;22.88;22.88;22.88;22.88;103.096;390.54200000000003
614;3789.6719999999996;231.26199999999997;112.63999999999999;255.53199999999998;192.48;218.48199999999997;22.88;221.01599999999996;334.474;162.04299999999998;112.622;103.125;206.915;224.04999999999995;348.16599999999994;221.171;85.85;22.88;347.15199999999993;265.29900000000004;446.3109999999999;227.716;144.534;245.567;218.046;22.88;136.21;124.10199999999999;105.69200000000001;421.513
615;2704.1549999999997;130.428;150.66099999999997;268.063;195.88099999999997;442.2579999999999;25.74;374.72399999999993;351.48699999999997;265.24;181.41699999999997;212.47999999999996;330.868;414.171;376.764;183.598;112.38299999999998;25.74;522.612;303.45799999999997;395.17599999999993;220.183;117.065;291.692;193.377;25.74;186.076;104.25999999999999;274.274;561.581
616;2222.1429999999996;153.05399999999997;88.675;214.31;237.93;245.58299999999997;22.88;231.17199999999997;462.942;368.92199999999997;249.95499999999996;302.43399999999997;236.27399999999997;187.999;270.63899999999995;267.26;183.519;22.88;283.86199999999997;206.249;352.85299999999995;194.015;105.595;163.486;170.24399999999997;22.88;169.438;198.73000000000002;175.00400000000002;557.191
617;3978.9429999999998;147.51399999999998;195.203;288.232;205.75400000000002;104.76399999999998;19.305;175.675;403.77199999999993;226.82399999999998;222.63599999999997;128.17;188.68;173.75099999999998;275.71899999999994;116.659;88.792;19.305;277.836;110.86499999999998;267.78700000000003;104.297;118.549;110.068;81.52999999999999;19.305;19.305;66.90599999999999;105.574;412.2109999999999
618;1035.752;75.1;20.02;35.27799999999999;128.968;20.02;20.02;20.02;124.64099999999999;20.02;20.02;60.44799999999999;20.02;20.02;131.19099999999997;20.02;20.02;20.02;20.02;20.02;119.20599999999999;20.02;20.02;20.02;20.02;20.02;20.02;20.02;50.123;65.576
619;345.56399999999996;92.17299999999999;100.601;66.362;125.136;20.02;20.02;74.362;413.60699999999997;178.514;55.49199999999999;20.02;60.884;20.02;20.02;20.02;20.02;20.02;20.02;20.02;20.02;20.02;20.02;20.02;20.02;20.02;20.02;20.02;20.02;107.966
620;133.47;20.02;20.02;20.02;112.22399999999999;20.02;20.02;20.02;20.02;20.02;20.02;20.02;20.02;20.02;20.02;20.02;20.02;20.02;20.02;20.02;20.02;20.02;20.02;20.02;20.02;20.02;20.02;20.02;20.02;20.02
621;1068.36;115.851;108.86099999999999;116.77699999999999;189.392;64.05399999999999;20.02;58.901999999999994;59.437;47.254999999999995;20.02;55.49199999999999;51.18599999999999;64.05799999999999;102.3;12.084999999999999;20.02;20.02;143.643;74.637;128.76299999999998;20.02;20.02;39.864999999999995;20.02;20.02;63.617999999999995;20.02;100.743;206.61899999999997
622;2317.3279999999995;127.25599999999999;137.57299999999998;260.331;188.56399999999996;211.55;25.74;151.35399999999998;353.89899999999994;199.867;185.50799999999998;256.269;162.867;157.463;201.286;164.349;98.94799999999998;25.74;217.48799999999997;113.292;262.455;94.10499999999999;120.109;122.12700000000001;105.365;25.74;115.945;81.335;122.06099999999999;354.769
623;62.77499999999999;20.02;20.02;20.02;20.02;20.02;20.02;20.02;20.02;20.02;20.02;20.02;20.02;20.02;20.02;20.02;20.02;20.02;20.02;20.02;20.02;20.02;20.02;20.02;20.02;20.02;20.02;20.02;20.02;20.02
624;702.1800000000001;93.70899999999999;62.91799999999999;22.88;128.57799999999997;22.88;22.88;22.88;22.88;22.88;22.88;22.88;22.88;22.88;22.88;22.88;22.88;22.88;119.88899999999998;22.88;22.88;22.88;22.88;22.88;22.88;22.88;22.88;22.88;22.88;22.88
625;62.77499999999999;20.02;20.02;20.02;20.02;20.02;20.02;20.02;20.02;20.02;20.02;20.02;20.02;20.02;20.02;20.02;20.02;20.02;20.02;20.02;20.02;20.02;20.02;20.02;20.02;20.02;20.02;20.02;20.02;20.02
626;447.73299999999995;61.178;22.88;82.38999999999999;150.969;22.88;22.88;22.88;22.88;22.88;22.88;22.88;141.86599999999999;22.88;145.831;54.00599999999999;22.88;22.88;22.88;22.88;22.88;22.88;22.88;22.88;22.88;22.88;22.88;22.88;22.88;97.19699999999999
627;2399.046;189.34799999999998;141.096;180.687;217.344;148.878;19.305;157.60699999999997;221.523;119.56899999999999;100.666;123.002;124.757;125.07699999999998;209.75099999999998;87.20599999999999;22.15;19.305;269.387;85.846;240.482;81.063;88.92099999999999;81.127;73.246;19.305;62.858;53.95099999999999;112.994;406.0609999999999
628;1412.6529999999998;125.00299999999999;73.27399999999999;141.734;147.962;171.979;20.02;210.11899999999997;265.156;3.0410000000000004;163.88799999999998;88.371;110.15799999999999;203.06199999999998;215.02800000000002;78.52;20.02;20.02;143.52499999999998;114.854;243.786;133.733;86.826;107.40299999999999;56.449999999999996;20.02;121.53800000000001;77.178;136.09799999999998;264.957
629;89.43299999999999;20.02;20.02;20.02;99.52099999999999;20.02;20.02;20.02;81.179;20.02;20.02;20.02;20.02;20.02;82.19799999999998;20.02;20.02;20.02;20.02;20.02;20.02;20.02;20.02;20.02;20.02;20.02;20.02;20.02;20.02;20.02
630;559.141;80.36099999999999;84.222;181.551;159.337;175.237;25.74;98.925;267.253;199.05200000000002;177.14799999999997;292.255;113.512;25.74;135.47899999999998;25.74;25.74;25.74;25.74;25.74;25.74;25.74;25.74;25.74;25.74;25.74;25.74;25.74;25.74;25.74
631;1764.452;183.477;201.54499999999996;156.00799999999998;208.32299999999998;168.38599999999997;22.88;164.177;312.405;205.844;142.70100000000002;166.92;149.33499999999998;98.68299999999999;231.164;75.986;113.26899999999999;22.88;126.51799999999999;54.53999999999999;185.516;58.322;34.159;107.225;45.899;22.88;116.45899999999999;22.88;50.05;355.64599999999996
632;1714.1429999999998;122.02799999999998;116.93699999999998;169.243;184.07799999999997;179.011;19.305;156.92399999999998;231.29199999999997;135.956;162.64499999999998;241.93699999999998;152.636;177.12699999999998;254.33399999999997;110.145;80.54499999999999;19.305;197.003;158.167;297.35699999999997;159.191;86.58599999999998;123.127;138.87499999999997;19.305;64.547;83.77999999999999;204.03699999999998;280.929
633;123.90599999999998;101.61;67.90499999999999;20.02;20.02;20.02;20.02;20.02;20.02;20.02;20.02;20.02;20.02;20.02;20.02;20.02;20.02;20.02;20.02;20.02;20.02;20.02;20.02;20.02;20.02;20.02;20.02;20.02;20.02;20.02
634;1047.3;145.103;156.375;223.0;194.61599999999999;106.80799999999999;20.02;110.18299999999999;254.72799999999998;143.923;-2.979999999999997;98.79499999999999;86.619;85.12499999999999;154.401;80.78;55.315999999999995;20.02;233.74499999999998;112.815;205.29199999999997;99.62899999999999;45.544999999999995;33.212999999999994;36.104;20.02;42.885999999999996;59.661;60.864999999999995;304.31
635;2994.4249999999997;71.592;137.24099999999999;276.671;201.701;219.442;20.02;210.82699999999997;377.66799999999995;256.88;230.154;174.79799999999997;176.43;182.839;275.996;197.35399999999998;152.175;20.02;266.971;135.64799999999997;293.603;149.778;132.375;181.569;120.049;20.02;148.932;120.908;109.672;435.246
636;301.186;96.801;67.198;89.095;16.445;16.445;16.445;16.445;16.445;16.445;16.445;16.445;16.445;16.445;16.445;16.445;16.445;16.445;114.041;16.445;16.445;16.445;16.445;16.445;16.445;16.445;16.445;16.445;16.445;16.445
637;961.1679999999999;105.66;25.74;161.389;183.228;87.15599999999999;25.74;130.80399999999997;220.42700000000002;67.54899999999999;98.11699999999999;43.062999999999995;102.864;110.29999999999998;151.014;25.74;57.105;25.74;128.852;94.31199999999998;210.416;92.543;25.74;67.187;62.797;25.74;66.19200000000001;56.083;81.97399999999999;373.24299999999994
638;2492.9639999999995;185.76799999999997;82.499;221.00699999999998;242.25599999999997;224.036;22.88;217.35999999999999;275.469;154.09699999999998;159.088;222.603;207.42899999999997;148.43599999999998;211.99999999999997;139.962;33.288;22.88;323.41499999999996;124.77399999999999;247.829;112.243;82.424;72.52499999999999;54.717;22.88;120.24199999999999;84.923;152.89;411.203
639;1673.2209999999995;110.463;139.558;231.53300000000002;205.66699999999997;207.51299999999998;16.445;127.46699999999998;312.385;133.833;132.406;186.20099999999996;221.75799999999998;201.064;261.64599999999996;80.23400000000001;58.483000000000004;16.445;297.241;151.402;297.453;69.859;93.89699999999999;69.90599999999999;83.23;16.445;41.766;54.2;95.126;281.037
640;1435.5389999999998;117.311;177.19;251.86599999999999;215.27499999999998;282.405;20.02;193.40699999999998;256.89099999999996;144.706;118.26899999999999;145.43099999999998;170.877;280.794;283.65599999999995;192.32699999999997;160.46599999999998;20.02;350.04499999999996;115.334;209.03300000000002;27.366;49.05799999999999;20.02;20.02;20.02;20.02;20.02;20.02;261.39799999999997
641;4779.23;390.69699999999995;728.9679999999998;592.145;251.70099999999996;376.633;20.02;267.62299999999993;598.7439999999999;538.8639999999999;397.10400000000004;370.70799999999997;380.98199999999997;357.073;346.3059999999999;335.404;215.25199999999995;20.02;901.1269999999998;355.842;464.95899999999995;242.25399999999996;206.30499999999998;262.476;217.727;20.02;240.457;201.551;381.23;681.3140000000001
642;2040.072;155.60399999999998;184.939;187.772;179.19;169.37999999999997;22.88;143.18;322.443;161.195;163.769;192.21299999999997;173.183;162.254;299.99399999999997;154.503;98.483;22.88;244.52299999999997;148.033;312.868;104.455;99.37199999999999;121.892;105.78;22.88;127.42799999999997;108.30499999999999;112.624;457.16700000000003
643;1730.6039999999998;138.40800000000002;103.886;196.31199999999998;180.213;177.10099999999997;22.88;170.977;266.02299999999997;121.44699999999999;137.97799999999998;186.25;178.37699999999995;152.97699999999998;227.423;87.163;62.48199999999999;22.88;280.355;179.865;356.298;197.994;78.34599999999999;158.893;182.441;22.88;78.47;64.77199999999999;101.59299999999999;332.282
644;2172.5789999999997;113.72899999999998;81.106;171.803;209.86399999999998;202.045;16.445;204.69199999999998;275.741;163.15699999999998;207.07299999999998;160.10399999999998;235.772;203.227;261.768;155.369;105.86099999999999;16.445;247.54099999999994;132.41299999999998;210.152;127.49799999999999;81.54599999999999;158.101;172.95399999999998;16.445;115.958;16.445;166.916;398.07499999999993
645;551.132;60.861;63.751999999999995;20.02;57.047999999999995;20.02;20.02;20.02;100.185;20.02;20.02;20.02;20.02;51.035;93.48799999999999;20.02;20.02;20.02;136.646;79.776;193.69299999999998;62.46199999999999;48.05799999999999;20.02;20.02;20.02;20.02;20.02;20.02;150.1
646;1195.754;64.80099999999999;132.851;64.038;142.265;71.365;25.74;119.381;114.883;92.994;25.74;64.713;25.74;25.74;115.512;44.888999999999996;25.74;25.74;188.689;55.452999999999996;64.25399999999999;25.74;25.74;25.74;25.74;25.74;25.74;25.74;25.74;164.964
647;456.572;16.445;16.445;16.445;85.756;16.445;16.445;16.445;114.952;16.445;16.445;16.445;16.445;16.445;16.445;16.445;16.445;16.445;16.445;16.445;16.445;16.445;16.445;16.445;16.445;16.445;16.445;16.445;16.445;16.445
648;2293.4619999999995;268.312;350.378;375.336;262.129;313.13499999999993;20.02;332.94599999999997;503.8670000000001;320.407;248.55700000000002;160.68;239.44399999999996;296.2;284.25600000000003;231.484;102.44599999999998;20.02;456.43899999999996;215.301;328.04499999999996;193.177;67.49199999999999;208.39099999999996;104.178;20.02;145.26;50.297;55.644999999999996;447.52599999999995
649;283.75299999999993;20.02;20.02;20.02;91.369;20.02;20.02;20.02;20.02;20.02;20.02;20.02;20.02;20.02;20.02;20.02;20.02;20.02;20.02;20.02;20.02;20.02;20.02;20.02;20.02;20.02;20.02;20.02;20.02;20.02
650;924.9899999999999;105.27799999999999;120.59799999999998;178.41799999999998;165.469;151.75599999999997;20.02;145.20999999999998;222.486;166.41899999999998;146.186;142.43599999999998;153.783;137.138;247.815;106.58399999999999;83.73199999999999;20.02;20.02;20.02;20.02;20.02;20.02;20.02;20.02;20.02;20.02;20.02;20.02;156.197
651;73.151;19.305;19.305;19.305;19.305;19.305;19.305;19.305;19.305;19.305;19.305;19.305;19.305;19.305;19.305;19.305;19.305;19.305;19.305;19.305;19.305;19.305;19.305;19.305;19.305;19.305;19.305;19.305;19.305;19.305
652;77.88799999999999;16.445;16.445;16.445;95.94599999999998;16.445;16.445;16.445;75.566;16.445;16.445;16.445;16.445;16.445;85.756;16.445;16.445;16.445;16.445;16.445;80.66099999999999;16.445;16.445;16.445;16.445;16.445;16.445;16.445;16.445;65.37599999999999
653;1639.056;106.51499999999999;121.78699999999999;94.87799999999999;198.17199999999997;103.89;20.02;135.99699999999999;220.54000000000002;102.95400000000001;99.91199999999999;136.435;169.679;102.312;184.045;85.412;63.730999999999995;20.02;283.21799999999996;128.48299999999998;250.90500000000003;47.29899999999999;45.19;58.888999999999996;20.02;20.02;57.57299999999999;20.02;67.19;428.984
654;2105.8779999999997;126.298;104.12399999999998;272.05600000000004;195.26299999999998;240.92799999999997;22.88;294.999;315.645;158.072;114.80899999999998;84.102;243.66799999999998;246.585;297.815;110.76299999999999;22.88;22.88;260.746;257.22599999999994;354.1669999999999;151.146;108.39499999999998;192.45799999999997;105.88099999999999;22.88;120.28099999999998;63.24499999999999;119.58599999999998;409.20899999999995
655;321.67499999999995;91.857;183.79499999999996;166.21800000000002;135.18599999999998;65.875;20.02;20.02;20.02;20.02;20.02;20.02;20.02;20.02;20.02;20.02;20.02;20.02;20.02;20.02;20.02;20.02;20.02;20.02;20.02;20.02;20.02;20.02;20.02;145.897
656;1020.324;168.866;111.264;88.37400000000001;154.29899999999998;110.36299999999999;16.445;16.445;16.445;55.568999999999996;16.445;16.445;16.445;16.445;16.445;16.445;16.445;16.445;119.213;16.445;16.445;16.445;16.445;16.445;16.445;16.445;16.445;16.445;16.445;166.73099999999997
657;1716.192;150.051;154.187;199.469;178.332;121.965;20.02;118.09899999999999;245.389;129.345;99.54799999999999;117.439;159.666;100.779;184.67999999999998;72.704;58.730999999999995;20.02;214.31799999999998;127.993;227.412;49.169;54.05799999999999;61.149;92.03099999999999;20.02;108.543;64.67699999999999;120.84199999999998;449.28099999999995
658;65.63499999999999;22.88;22.88;22.88;22.88;22.88;22.88;22.88;22.88;22.88;22.88;22.88;22.88;22.88;22.88;22.88;22.88;22.88;22.88;22.88;22.88;22.88;22.88;22.88;22.88;22.88;22.88;22.88;22.88;22.88
659;2462.817;162.469;221.339;158.856;193.172;138.177;20.02;127.972;216.248;193.60199999999998;107.30099999999999;160.641;123.48299999999999;77.478;211.87199999999996;142.658;26.645;20.02;311.746;93.29499999999999;233.86;77.945;64.79899999999999;94.75999999999999;62.943;20.02;70.725;54.559;72.195;481.6039999999999
660;367.977;74.664;20.02;20.02;104.09899999999999;20.02;20.02;20.02;20.02;20.02;20.02;20.02;20.02;20.02;20.02;20.02;20.02;20.02;20.02;20.02;20.02;20.02;20.02;20.02;20.02;20.02;20.02;20.02;20.02;20.02
661;62.77499999999999;20.02;20.02;20.02;20.02;20.02;20.02;20.02;20.02;20.02;20.02;20.02;20.02;20.02;20.02;20.02;20.02;20.02;20.02;20.02;20.02;20.02;20.02;20.02;20.02;20.02;20.02;20.02;20.02;20.02
662;1581.5449999999996;94.516;128.44699999999997;176.519;176.599;175.69899999999998;20.02;182.47;261.995;149.295;164.36;187.95099999999996;203.346;190.176;265.71799999999996;155.905;151.39299999999997;20.02;191.70599999999996;137.753;255.51599999999996;120.05799999999999;133.768;134.698;123.28799999999998;20.02;167.31699999999998;141.926;182.408;520.6519999999999
663;327.10599999999994;92.25799999999998;95.69;76.231;165.31;74.89899999999999;25.74;25.74;124.247;25.74;25.74;25.74;25.74;25.74;25.74;25.74;25.74;25.74;25.74;25.74;25.74;25.74;25.74;25.74;25.74;25.74;25.74;25.74;25.74;25.74
664;69.082;22.88;22.88;22.88;22.88;22.88;22.88;22.88;22.88;22.88;22.88;22.88;22.88;22.88;22.88;22.88;22.88;22.88;22.88;22.88;22.88;22.88;22.88;22.88;22.88;22.88;22.88;22.88;22.88;22.88
665;1846.2179999999998;115.52099999999999;128.521;255.474;173.31699999999998;151.707;20.02;169.834;155.891;84.92899999999999;114.648;70.943;105.67599999999999;138.762;266.174;84.401;67.339;20.02;121.80599999999998;56.730999999999995;156.27599999999998;20.02;20.02;48.812;88.868;20.02;58.40599999999999;20.02;81.579;319.20599999999996
666;2858.559;90.08699999999999;111.51399999999998;180.289;176.54799999999997;231.58599999999998;20.02;164.149;194.96099999999996;159.07799999999997;101.157;118.49399999999999;192.02499999999998;209.38799999999998;221.238;108.094;71.72;20.02;444.026;227.89299999999997;355.51300000000003;176.07599999999996;134.69;194.329;169.907;20.02;90.21199999999999;122.602;172.14;406.16299999999995
667;1311.469;171.26;187.86999999999998;129.93099999999998;187.41099999999997;171.53699999999998;28.599999999999998;143.71599999999998;353.0419999999999;318.25699999999995;289.24699999999996;215.014;125.865;105.53;188.381;268.23;97.862;28.599999999999998;286.514;229.82999999999998;268.162;149.60899999999998;251.43899999999996;218.66199999999998;99.03;28.599999999999998;138.89600000000002;61.769999999999996;116.16999999999999;349.69000000000005
668;264.818;81.957;22.88;76.72099999999999;22.88;22.88;22.88;22.88;22.88;22.88;22.88;22.88;22.88;22.88;22.88;22.88;22.88;22.88;22.88;22.88;22.88;22.88;22.88;22.88;22.88;22.88;22.88;22.88;22.88;168.30700000000002
669;4071.361;141.688;144.113;225.90599999999998;177.422;194.09699999999998;16.445;213.91899999999998;302.275;91.172;42.352999999999994;74.678;74.874;134.075;198.543;52.809999999999995;16.445;16.445;245.229;210.37599999999998;373.26599999999996;199.26499999999996;175.78799999999998;108.662;135.878;16.445;126.843;83.416;127.14299999999999;397.69499999999994
670;2519.33;130.339;135.10299999999998;151.16699999999997;193.64699999999996;225.284;22.88;209.78099999999998;368.842;164.16599999999997;210.69899999999998;152.297;236.75199999999995;211.73;267.22799999999995;32.095;22.88;22.88;299.298;151.48399999999998;319.435;150.228;112.86599999999999;166.95499999999998;157.38299999999998;22.88;93.17399999999999;71.669;163.17499999999998;365.46000000000004
671;65.63499999999999;22.88;22.88;22.88;22.88;22.88;22.88;22.88;22.88;22.88;22.88;22.88;22.88;22.88;22.88;22.88;22.88;22.88;22.88;22.88;22.88;22.88;22.88;22.88;22.88;22.88;22.88;22.88;22.88;22.88
672;424.2149999999999;19.305;100.04299999999999;22.173;81.9;78.826;19.305;19.305;19.305;19.305;19.305;19.305;19.305;51.083;19.305;19.305;65.21099999999998;19.305;19.305;19.305;19.305;19.305;19.305;19.305;19.305;19.305;19.305;19.305;19.305;19.305
673;1198.87;157.67199999999997;112.972;274.51899999999995;97.544;79.54599999999999;16.445;73.416;16.445;16.445;16.445;16.445;16.445;16.445;16.445;16.445;16.445;16.445;114.303;16.445;16.445;16.445;16.445;16.445;16.445;16.445;16.445;16.445;16.445;153.572
674;119.40100000000001;22.88;22.88;22.88;22.88;22.88;22.88;22.88;22.88;22.88;22.88;22.88;22.88;22.88;22.88;22.88;22.88;22.88;22.88;22.88;22.88;22.88;22.88;22.88;22.88;22.88;22.88;22.88;22.88;143.86599999999999
675;392.98499999999996;22.88;22.88;22.88;103.26899999999999;22.88;22.88;22.88;96.545;22.88;22.88;22.88;22.88;22.88;22.88;22.88;22.88;22.88;22.88;22.88;22.88;22.88;22.88;22.88;22.88;22.88;22.88;22.88;22.88;22.88
676;453.233;87.981;71.44800000000001;19.305;152.77100000000002;19.305;19.305;19.305;19.305;19.305;62.64699999999999;19.305;19.305;46.278000000000006;19.305;19.305;19.305;19.305;154.81099999999998;109.517;184.39;19.305;19.305;19.305;19.305;19.305;19.305;19.305;19.305;148.964
677;1745.6749999999997;150.46099999999998;156.35;169.91799999999998;164.798;169.44299999999998;25.025;144.881;278.217;192.046;134.64399999999998;119.274;133.10099999999997;138.718;220.85199999999998;169.19599999999997;132.66899999999998;25.025;286.27;189.173;300.852;160.321;146.65800000000002;131.46999999999997;137.948;25.025;124.40699999999998;142.772;149.273;454.62399999999997
678;720.8499999999999;114.85;207.938;191.623;194.20299999999997;115.425;20.02;84.34499999999998;151.13400000000001;94.894;20.02;70.52000000000001;94.14999999999999;93.50399999999999;87.523;61.709999999999994;65.16499999999999;20.02;64.12299999999999;58.40599999999999;20.02;61.471;64.31599999999999;58.40599999999999;93.786;20.02;69.75;60.208999999999996;114.97599999999998;210.938
679;109.853;100.708;20.02;65.513;85.255;20.02;20.02;20.02;77.10299999999998;20.02;20.02;20.02;20.02;20.02;20.02;20.02;20.02;20.02;20.02;20.02;20.02;20.02;20.02;20.02;20.02;20.02;20.02;20.02;20.02;20.02
680;1351.649;90.401;130.06699999999998;295.73299999999995;151.695;271.134;20.02;171.754;211.684;63.925999999999995;75.85499999999999;20.02;155.06799999999998;160.231;243.35999999999999;136.04199999999997;73.043;20.02;264.978;91.527;189.26899999999998;20.02;20.02;20.02;20.02;20.02;20.02;20.02;20.02;20.02
681;478.08000000000004;20.02;67.882;20.02;89.33099999999999;20.02;20.02;28.256999999999998;83.21699999999998;20.02;20.02;20.02;68.06899999999999;53.19;119.547;65.1;20.02;20.02;20.02;20.02;153.582;20.02;20.02;62.035;63.925999999999995;20.02;72.708;20.02;75.49000000000001;78.381
682;1084.893;113.31599999999999;197.80399999999997;134.282;183.07799999999997;175.45;20.02;112.56899999999999;273.81399999999996;133.738;64.144;107.25999999999999;112.33599999999998;92.06299999999999;137.66899999999998;78.847;26.744;20.02;124.85899999999998;104.08099999999999;203.20999999999998;52.211;32.364;41.684;44.864999999999995;20.02;42.647;50.81899999999999;57.428999999999995;255.994
683;91.481;22.165;73.35399999999998;78.245;103.70399999999998;22.165;22.165;22.165;85.362;22.165;22.165;22.165;22.165;22.165;83.32399999999998;22.165;22.165;22.165;22.165;22.165;71.09599999999999;22.165;22.165;22.165;22.165;22.165;22.165;22.165;22.165;22.165
684;1765.819;77.216;107.503;122.428;166.692;139.169;20.02;150.927;274.782;213.02499999999998;209.80899999999997;182.44699999999997;163.803;145.09099999999998;257.212;223.911;164.397;20.02;162.89499999999998;134.476;284.37399999999997;134.36;113.89599999999999;132.906;129.98799999999997;20.02;133.582;141.114;167.373;523.5409999999999
685;1705.799;127.036;101.208;176.188;171.95099999999996;115.67099999999999;20.02;71.322;150.108;104.02699999999999;95.532;80.71999999999998;20.02;134.983;189.652;59.232;20.02;20.02;119.69200000000001;121.17500000000001;171.035;43.95099999999999;20.02;36.864999999999995;20.02;20.02;20.02;20.02;20.02;326.81399999999996
686;676.3589999999999;88.803;68.69999999999999;144.506;171.987;130.81099999999998;22.88;118.79999999999998;216.789;22.88;22.88;63.721;62.504999999999995;22.88;146.05900000000003;22.88;22.88;22.88;117.41099999999997;22.88;22.88;22.88;22.88;22.88;22.88;22.88;22.88;22.88;22.88;157.082
687;951.778;168.422;142.233;60.56;113.12299999999999;114.55099999999999;25.74;125.243;237.086;107.413;108.643;102.195;89.84599999999999;61.286;81.59;109.743;103.80099999999999;25.74;129.54;76.64499999999998;218.20399999999998;67.95299999999999;39.977;92.31299999999999;87.035;25.74;57.593999999999994;55.485;66.83099999999999;373.60499999999996
688;65.63499999999999;22.88;22.88;22.88;88.115;22.88;22.88;22.88;86.077;22.88;22.88;22.88;22.88;22.88;22.88;22.88;22.88;22.88;22.88;22.88;22.88;22.88;22.88;22.88;22.88;22.88;22.88;22.88;22.88;22.88
689;2217.2129999999997;172.721;143.779;220.515;187.231;227.12099999999998;20.02;144.39;170.84;20.02;93.83999999999999;84.39599999999999;220.35999999999999;194.147;248.12599999999998;181.956;59.20899999999999;20.02;240.90300000000002;222.449;354.49399999999997;180.539;70.711;162.957;183.20299999999997;20.02;96.11799999999998;69.67099999999999;126.995;415.775
690;16.772999999999996;19.305;19.305;19.305;84.53999999999999;19.305;19.305;19.305;90.654;19.305;19.305;19.305;19.305;19.305;19.305;19.305;19.305;19.305;19.305;19.305;19.305;19.305;19.305;19.305;19.305;19.305;19.305;19.305;19.305;19.305
691;2020.667;157.949;217.35399999999998;278.76199999999994;221.612;223.25599999999997;25.74;210.40699999999998;280.633;261.79099999999994;166.153;159.892;229.582;275.086;225.464;96.588;86.428;25.74;462.0769999999999;230.09399999999997;358.67799999999994;179.56900000000002;173.04899999999998;188.95199999999997;144.254;25.74;130.298;133.51899999999998;207.474;488.46000000000004
692;327.457;20.02;20.02;20.02;60.79899999999999;20.02;20.02;20.02;105.63499999999999;20.02;20.02;20.02;20.02;20.02;93.407;20.02;20.02;20.02;20.02;20.02;85.255;20.02;20.02;20.02;20.02;20.02;20.02;20.02;20.02;20.02
693;72.10499999999999;20.02;20.02;20.02;93.407;20.02;20.02;20.02;87.29299999999999;20.02;20.02;20.02;20.02;20.02;20.02;20.02;20.02;20.02;20.02;20.02;20.02;20.02;20.02;20.02;20.02;20.02;20.02;20.02;20.02;20.02
694;1233.2579999999998;157.634;167.2;161.498;211.591;197.07999999999998;22.165;96.327;265.272;155.63299999999998;9.706;66.17999999999999;79.713;98.564;180.783;144.388;95.642;22.165;221.36399999999998;92.106;229.06199999999995;22.165;87.963;116.15199999999999;42.31399999999999;22.165;123.29799999999999;22.165;236.13699999999997;357.79999999999995
695;2422.676;22.88;-15.498999999999995;22.88;93.106;15.015999999999998;22.88;26.706999999999997;123.07899999999998;12.737999999999998;36.574;8.519999999999996;62.13199999999999;171.611;140.66799999999998;13.770999999999997;18.009999999999998;22.88;168.96999999999997;73.996;204.04;51.42999999999999;63.928;66.21199999999999;61.102999999999994;22.88;69.79499999999999;74.26599999999999;117.322;264.019
696;59.19999999999999;16.445;16.445;16.445;16.445;16.445;16.445;16.445;16.445;16.445;16.445;16.445;16.445;16.445;16.445;16.445;16.445;16.445;16.445;16.445;16.445;16.445;16.445;16.445;16.445;16.445;16.445;16.445;16.445;16.445
697;426.20799999999997;121.35499999999999;73.92599999999999;20.02;94.322;20.02;20.02;20.02;20.02;20.02;20.02;20.02;20.02;20.02;20.02;20.02;20.02;20.02;109.182;20.02;20.02;20.02;20.02;20.02;20.02;20.02;20.02;20.02;20.02;148.44
698;104.73799999999999;68.76199999999999;17.16;17.16;17.16;17.16;17.16;17.16;17.16;17.16;17.16;17.16;17.16;17.16;17.16;17.16;17.16;17.16;17.16;17.16;17.16;17.16;17.16;17.16;17.16;17.16;17.16;17.16;17.16;17.16
699;1156.1409999999998;57.462999999999994;67.222;96.31299999999999;181.65499999999997;114.98400000000001;22.88;146.747;111.60999999999999;36.898999999999994;74.336;66.273;71.621;76.91799999999999;137.93;85.17699999999999;22.88;22.88;122.78999999999999;52.964;197.608;69.74600000000001;76.547;79.87;41.855;22.88;65.121;22.88;86.448;390.647
700;731.3599999999999;87.389;192.969;138.15099999999998;178.16899999999998;-20.302999999999997;20.02;20.02;35.602999999999994;51.97599999999999;20.02;20.02;20.02;20.02;82.279;20.02;20.02;20.02;108.356;20.02;20.02;20.02;20.02;20.02;20.02;20.02;20.02;20.02;20.02;20.02
701;959.7570000000001;-9.793;-25.877000000000002;22.88;97.06799999999998;-17.442999999999998;22.88;-5.661000000000001;190.547;22.88;18.314999999999998;129.12599999999998;1.793999999999997;54.159;105.51899999999999;22.88;22.88;22.88;208.09499999999997;66.279;127.87299999999999;22.88;22.88;59.480999999999995;47.312;22.88;65.888;22.88;132.41500000000002;283.001
702;1797.6419999999998;148.84199999999998;159.954;187.421;159.78199999999998;227.267;22.88;168.78499999999997;340.604;261.632;233.534;207.834;172.796;188.576;302.534;223.998;175.694;22.88;259.176;158.144;312.351;149.984;130.796;176.60199999999998;165.304;22.88;157.956;141.619;151.62699999999998;358.71599999999995
703;3002.2149999999997;181.488;196.887;245.13;223.45299999999997;401.3449999999999;25.74;287.746;375.174;248.224;205.905;229.334;290.99299999999994;265.517;296.32099999999997;206.97299999999998;175.007;25.74;438.21799999999996;225.926;363.25;187.859;100.67099999999999;151.93599999999998;113.93299999999999;25.74;107.36699999999999;106.08999999999999;101.78399999999999;537.687
704;64.91999999999999;22.165;22.165;22.165;22.165;22.165;22.165;22.165;22.165;22.165;22.165;22.165;22.165;22.165;22.165;22.165;22.165;22.165;22.165;22.165;22.165;22.165;22.165;22.165;22.165;22.165;22.165;22.165;22.165;22.165
705;772.3019999999999;132.244;143.442;149.063;196.582;178.396;22.88;131.565;188.88;22.88;22.88;22.88;22.88;22.88;22.88;22.88;22.88;22.88;22.88;22.88;22.88;22.88;22.88;22.88;22.88;22.88;22.88;22.88;22.88;122.738
706;676.477;22.88;74.49499999999999;139.68099999999998;159.798;223.701;22.88;196.72199999999998;270.69399999999996;206.685;163.396;145.66299999999998;184.68699999999998;161.451;267.054;72.142;60.876999999999995;22.88;71.648;80.67699999999999;201.89899999999997;22.88;22.88;22.88;22.88;22.88;22.88;22.88;22.88;189.161
707;936.9569999999999;146.66299999999998;94.04599999999999;107.582;145.15599999999998;62.48199999999999;22.88;149.74099999999999;129.952;56.28699999999999;22.88;22.88;73.856;46.985;87.17699999999999;22.88;81.91599999999998;22.88;161.33799999999997;22.88;121.87299999999999;38.242;22.88;22.88;22.88;22.88;43.268;22.88;50.05;367.1209999999999
708;4585.7029999999995;232.97199999999998;199.812;297.323;202.72699999999998;317.039;20.02;254.028;330.553;388.12899999999996;317.059;294.104;260.139;290.996;282.597;310.169;214.675;20.02;695.381;160.10899999999998;311.94;216.89499999999998;190.287;131.964;155.098;20.02;145.18;154.02999999999997;140.949;553.1379999999999
709;2009.8129999999999;-12.075;144.12199999999999;242.207;213.283;158.738;16.445;210.022;337.4549999999999;202.47899999999998;92.983;82.174;173.154;184.89;318.924;258.64399999999995;171.16699999999997;16.445;261.986;150.375;264.66299999999995;168.416;162.089;185.041;154.95;16.445;136.52999999999997;163.44299999999998;218.09499999999997;521.352
710;3063.93;182.53999999999996;104.94;237.541;226.94099999999997;253.754;22.88;292.376;291.392;94.00899999999999;209.30899999999997;142.49200000000002;262.015;212.629;272.668;91.995;50.61399999999999;22.88;393.614;175.456;335.896;50.595;81.607;100.00399999999999;94.348;22.88;181.55;90.84299999999999;154.43699999999998;513.455
711;66.222;20.02;20.02;20.02;20.02;20.02;20.02;20.02;20.02;20.02;20.02;20.02;20.02;20.02;20.02;20.02;20.02;20.02;20.02;20.02;20.02;20.02;20.02;20.02;20.02;20.02;20.02;20.02;20.02;20.02
712;2681.891;206.19099999999997;238.253;235.14399999999998;220.57999999999998;294.945;22.88;235.71899999999997;362.048;283.815;183.581;215.00799999999998;189.84199999999998;269.204;278.751;199.29299999999998;171.309;22.88;278.3;184.69299999999998;340.39899999999994;181.712;125.213;119.52699999999999;174.09099999999998;22.88;142.517;74.286;127.09499999999998;413.74699999999996
713;1533.851;191.32299999999998;163.34300000000002;173.09199999999998;176.35399999999998;112.63;19.305;-8.215;186.14099999999996;92.983;19.305;123.154;86.90299999999999;100.137;171.779;152.46200000000002;19.305;19.305;191.472;60.169;168.303;19.305;48.486999999999995;67.37799999999999;58.104;19.305;115.16399999999999;61.94199999999999;131.468;234.509
714;472.472;90.89699999999999;63.894999999999996;70.696;172.248;101.984;22.88;22.88;22.88;22.88;22.88;22.88;22.88;22.88;22.88;22.88;22.88;22.88;112.845;22.88;22.88;22.88;22.88;22.88;22.88;22.88;22.88;22.88;22.88;157.474
715;531.3679999999999;20.02;20.02;20.02;91.369;20.02;20.02;6.476000000000003;139.38299999999998;20.02;35.080999999999996;20.02;103.203;99.83399999999997;90.04400000000001;20.02;20.02;20.02;19.974;20.02;152.389;54.602999999999994;20.02;51.31999999999999;50.46799999999999;20.02;46.821;20.02;89.832;99.82099999999998
716;215.66499999999996;22.88;22.88;22.88;22.88;22.88;22.88;22.88;22.88;22.88;22.88;22.88;106.591;65.027;22.88;22.88;22.88;22.88;22.88;22.88;22.88;22.88;22.88;22.88;22.88;22.88;22.88;22.88;22.88;22.88
717;3205.5290000000005;196.15499999999997;176.15099999999998;301.81399999999996;205.29799999999997;300.433;19.305;280.556;282.876;162.93599999999998;171.37399999999997;151.308;258.476;224.60399999999998;337.424;187.147;104.844;19.305;373.049;274.928;367.673;149.803;107.569;146.94299999999998;170.403;19.305;76.01599999999999;125.27999999999997;219.57299999999998;504.07499999999993
718;1788.148;156.64299999999997;192.42199999999997;228.339;196.857;249.004;22.165;188.981;383.21999999999997;261.376;152.358;143.887;176.10199999999998;180.469;331.667;192.89;177.913;22.165;215.60599999999997;164.148;320.828;202.30999999999997;133.505;159.65499999999997;152.20599999999996;22.165;170.66899999999998;144.674;189.185;538.222
719;62.77499999999999;20.02;20.02;20.02;20.02;20.02;20.02;20.02;20.02;20.02;20.02;20.02;20.02;20.02;20.02;20.02;20.02;20.02;20.02;20.02;20.02;20.02;20.02;20.02;20.02;20.02;20.02;20.02;20.02;20.02
720;1171.175;22.88;84.34799999999998;75.526;156.74699999999999;76.7;22.88;60.289;130.338;22.88;22.88;67.589;84.744;109.303;184.77700000000002;22.88;22.88;22.88;137.844;105.08599999999998;233.712;83.094;22.88;85.07499999999999;71.487;22.88;50.114999999999995;22.88;88.89699999999999;245.67399999999998
721;59.19999999999999;16.445;16.445;16.445;16.445;16.445;16.445;16.445;16.445;16.445;16.445;16.445;16.445;16.445;16.445;16.445;16.445;16.445;16.445;16.445;16.445;16.445;16.445;16.445;16.445;16.445;16.445;16.445;16.445;16.445
722;1973.6149999999998;191.723;148.462;175.748;173.90699999999998;138.009;19.305;138.922;224.67399999999998;70.483;7.369999999999997;19.305;135.953;96.315;137.19599999999997;19.305;19.305;19.305;223.26799999999997;156.745;148.84099999999998;76.99499999999999;78.341;102.49799999999999;35.976;19.305;19.305;19.305;94.87899999999999;371.063
723;2141.663;155.68599999999998;131.54999999999998;109.829;165.20799999999997;165.959;22.88;146.964;273.91999999999996;163.40299999999996;135.982;101.69699999999999;119.189;80.536;190.5;111.832;82.333;22.88;230.13099999999997;81.91499999999999;231.26199999999997;92.69699999999999;109.81299999999999;109.56;86.73299999999999;22.88;133.569;91.859;120.86999999999998;378.994
724;3563.7129999999997;126.45899999999997;141.331;225.042;190.216;286.277;16.445;258.93399999999997;353.75600000000003;138.12199999999999;74.03699999999999;103.85400000000001;131.673;147.33499999999998;229.435;108.018;88.118;16.445;321.098;98.217;279.385;64.91699999999999;103.61699999999999;123.40799999999999;57.181999999999995;16.445;102.79499999999999;81.19799999999998;166.165;598.886
725;2135.6099999999997;166.483;137.313;197.313;222.11;219.717;20.02;198.05399999999997;242.798;106.054;111.16299999999998;173.704;195.57299999999998;219.039;370.49899999999997;173.339;76.922;20.02;284.012;118.337;232.551;111.65199999999999;111.53999999999999;155.725;110.75;20.02;100.37799999999999;92.15799999999999;271.227;433.94599999999997
726;5198.817999999999;336.61299999999994;224.12199999999999;546.29;263.344;340.496;16.445;336.538;492.17999999999995;358.79099999999994;372.574;434.70599999999996;347.89599999999996;346.851;402.49999999999994;331.378;236.28400000000002;16.445;443.721;199.93099999999998;442.11800000000005;203.956;133.429;185.18;172.456;16.445;120.25399999999999;140.289;213.448;617.294
727;1252.9709999999998;157.42299999999997;126.426;383.65400000000005;202.13299999999998;375.38499999999993;22.88;288.57500000000005;164.05399999999997;22.88;64.57;22.88;73.243;76.13399999999999;79.02499999999999;22.88;22.88;22.88;22.88;22.88;22.88;22.88;22.88;22.88;22.88;22.88;22.88;22.88;22.88;185.90699999999998
728;1664.21;100.331;131.10999999999999;126.80499999999999;215.97899999999998;133.976;22.165;135.276;236.445;79.326;0.1650000000000027;107.05499999999999;106.21099999999998;118.244;197.334;132.36399999999998;106.36599999999999;22.165;231.31;126.77899999999998;249.497;107.816;106.77199999999999;117.398;117.94;22.165;100.818;58.28799999999999;91.467;416.936
729;1479.1259999999997;116.506;90.182;351.49399999999997;150.232;78.878;16.445;84.66;185.023;37.223;93.192;74.628;92.70299999999999;84.572;174.645;86.381;71.64699999999999;16.445;214.724;71.624;182.994;78.642;87.17499999999998;70.93799999999999;73.829;16.445;16.445;16.445;86.39299999999999;364.417
730;2696.804;121.88599999999998;133.13;158.40499999999997;178.987;190.75300000000001;22.88;167.677;214.297;186.588;132.852;102.161;188.64999999999998;181.03999999999996;252.33999999999997;93.88999999999999;22.88;22.88;302.83799999999997;159.03699999999998;340.94199999999995;141.094;82.381;147.16199999999998;148.36499999999998;22.88;102.351;75.698;180.32799999999997;317.952
731;3010.352;307.01099999999997;165.69;108.649;206.695;204.373;22.88;197.91199999999998;207.11699999999996;174.053;127.46199999999999;169.564;141.752;152.40699999999998;204.16;137.414;55.897;22.88;340.458;152.575;249.019;69.844;83.606;175.86999999999998;110.18299999999999;22.88;186.834;89.639;104.09;481.06499999999994
732;3231.3579999999997;350.816;308.75899999999996;534.981;243.29399999999998;395.08099999999996;22.88;322.567;263.64799999999997;320.324;214.272;118.52799999999999;253.533;227.783;215.99399999999997;169.142;109.44399999999999;22.88;765.196;292.828;437.20099999999996;261.599;105.678;227.82999999999998;130.82399999999998;22.88;204.60399999999998;54.809;240.786;662.2869999999999
733;2705.066;176.231;324.573;172.10399999999998;208.47899999999998;241.804;22.88;199.594;362.46299999999997;246.74699999999996;173.074;171.05599999999998;200.22899999999998;140.93999999999997;246.55999999999997;177.381;181.151;22.88;319.42199999999997;138.53199999999998;275.178;142.78799999999998;146.077;128.60899999999998;127.359;22.88;133.144;136.293;133.596;385.491
734;2704.948;222.019;162.505;172.821;201.41299999999998;140.35999999999999;16.445;193.71899999999997;286.04999999999995;309.636;132.167;118.226;190.37099999999998;130.38;192.91299999999998;74.63899999999998;79.515;16.445;554.89;133.52999999999997;295.493;83.643;71.931;107.875;16.445;16.445;61.995999999999995;49.875;65.224;435.9529999999999
735;1203.833;223.572;233.683;128.07999999999998;175.535;121.799;22.88;130.594;221.69299999999998;264.29299999999995;103.69399999999999;194.21499999999997;80.994;140.636;136.529;101.071;22.88;22.88;62.807;22.88;139.609;22.88;89.35;22.88;22.88;22.88;22.88;22.88;22.88;22.88
736;994.7689999999998;179.24099999999999;121.851;4.619999999999997;123.10099999999998;105.252;22.88;99.214;195.2;112.208;17.378999999999998;13.27;103.31199999999998;77.184;78.006;26.833999999999996;75.88499999999999;22.88;235.921;94.441;140.77999999999997;40.724999999999994;51.33099999999999;22.88;22.88;22.88;22.88;74.087;22.88;360.74800000000005
737;1314.091;152.228;85.416;74.769;105.751;130.325;22.88;106.579;235.36499999999998;126.197;89.41;82.782;137.022;77.389;92.106;98.166;104.138;22.88;140.365;34.44499999999999;149.34500000000003;36.07299999999999;38.964;38.56;37.486;22.88;45.268;53.419;67.05499999999999;329.64099999999996
738;1975.442;246.15699999999998;175.696;113.35499999999999;198.53499999999997;134.518;22.88;125.54999999999998;154.70099999999996;138.10899999999998;165.981;137.153;115.38899999999998;70.115;211.99599999999998;95.874;18.009999999999998;22.88;161.095;22.88;173.963;22.88;41.822;53.956999999999994;62.277;22.88;74.73599999999999;55.26599999999999;65.036;136.38299999999998
739;2050.085;164.64399999999998;118.187;190.67299999999997;196.61399999999998;191.873;22.88;212.813;262.07099999999997;174.164;197.095;173.70499999999998;222.206;249.13899999999998;326.723;209.21399999999997;160.575;22.88;196.289;173.672;277.623;127.341;170.89299999999997;130.58;173.62199999999999;22.88;119.287;139.286;122.809;442.78499999999997
740;1496.433;125.09699999999998;113.661;167.19400000000002;163.966;168.96699999999998;20.02;176.284;221.41099999999997;131.785;102.261;86.695;135.558;127.496;240.63599999999997;109.161;65.035;20.02;254.27100000000002;138.821;259.89099999999996;80.41999999999999;92.953;95.594;43.711999999999996;20.02;60.09299999999999;20.02;68.522;355.41799999999995
741;1991.326;128.225;136.65499999999997;133.005;204.892;154.20000000000002;22.88;184.338;397.41599999999994;262.17999999999995;153.04;151.91899999999998;228.462;220.224;295.59299999999996;190.094;116.476;22.88;175.582;139.997;262.674;63.55699999999999;67.358;67.52999999999999;70.422;22.88;90.114;62.31;129.32299999999998;437.26099999999997
742;2406.0539999999996;263.37299999999993;145.627;198.249;206.57299999999998;200.79799999999997;19.305;181.56400000000002;234.41999999999996;208.46499999999997;140.575;143.226;130.721;149.005;217.892;168.332;92.564;19.305;230.386;87.839;268.142;67.89999999999999;80.398;107.16799999999999;85.06299999999999;19.305;112.24599999999998;82.56;140.784;425.175
743;169.673;22.88;22.88;22.88;110.53299999999999;22.88;22.88;22.88;116.647;22.88;22.88;22.88;22.88;22.88;83.02;22.88;22.88;22.88;22.88;22.88;22.88;22.88;22.88;22.88;22.88;22.88;22.88;22.88;22.88;22.88
744;1152.883;207.43699999999998;144.24599999999998;273.54299999999995;159.159;291.743;20.02;198.97899999999996;265.056;128.194;213.917;135.213;20.02;20.02;20.02;20.02;20.02;20.02;119.024;20.02;20.02;20.02;20.02;20.02;20.02;20.02;20.02;20.02;20.02;121.182
745;389.835;104.469;78.368;22.88;102.08399999999999;22.88;22.88;22.88;22.88;22.88;22.88;22.88;22.88;22.88;22.88;22.88;22.88;22.88;22.88;22.88;22.88;22.88;22.88;22.88;22.88;22.88;22.88;22.88;22.88;150.474
746;1009.2379999999999;91.293;105.169;164.89499999999998;161.845;143.727;20.02;156.135;211.56400000000002;161.082;159.621;142.772;127.96799999999999;89.20299999999999;173.03699999999998;76.018;107.987;20.02;20.02;20.02;20.02;20.02;20.02;20.02;20.02;20.02;20.02;20.02;20.02;184.92
747;8145.121999999999;183.224;163.276;412.628;256.441;374.924;20.02;389.74399999999997;381.26699999999994;190.69399999999996;326.24499999999995;107.32099999999998;108.338;101.09899999999999;177.127;70.789;20.02;20.02;398.817;181.153;305.294;119.97899999999998;79.08699999999999;108.56899999999999;88.87599999999998;20.02;87.54599999999999;61.05799999999999;86.942;506.9839999999999
748;1427.8709999999996;96.737;69.082;25.74;112.68299999999999;25.74;25.74;25.74;116.095;25.74;25.74;25.74;25.74;97.24399999999999;185.68499999999997;25.74;25.74;25.74;174.582;25.74;131.839;25.74;25.74;25.74;25.74;25.74;25.74;25.74;25.74;187.10399999999998
749;2531.426;90.76999999999998;19.305;114.318;218.702;110.39699999999999;19.305;143.059;302.45799999999997;68.079;74.945;99.15299999999999;116.84899999999999;111.74899999999998;181.97199999999998;92.67099999999999;19.305;19.305;281.079;81.72999999999999;300.37399999999997;87.343;53.928;59.977;63.709999999999994;19.305;80.727;63.387;107.821;436.8
750;424.64500000000004;122.767;116.00200000000001;166.69799999999998;164.849;87.949;19.305;94.18599999999999;94.62199999999999;19.305;19.305;19.305;19.305;19.305;19.305;19.305;19.305;19.305;122.50899999999997;19.305;19.305;19.305;19.305;19.305;19.305;19.305;19.305;19.305;19.305;156.33300000000003
751;1169.5869999999998;110.137;116.814;58.54899999999999;208.47;82.243;22.88;137.207;207.47199999999998;136.77;123.45999999999998;107.351;49.571999999999996;81.512;148.09699999999998;60.658;16.226;22.88;234.14;99.28799999999998;162.19299999999998;66.02699999999999;92.246;46.462999999999994;37.899;22.88;64.181;22.88;53.05;361.231
752;1020.163;95.712;63.33899999999999;92.316;191.947;100.678;20.02;67.90299999999999;156.76;114.57399999999998;79.89599999999999;77.87899999999999;92.762;122.935;155.25;91.118;55.515;20.02;140.29;83.18299999999999;190.712;85.25099999999999;49.901999999999994;49.38799999999999;35.039;20.02;89.969;46.842;91.234;266.152
753;3299.549;95.977;107.952;252.28900000000002;190.954;277.926;19.305;212.14600000000002;396.10099999999994;239.14499999999998;198.85899999999998;253.18499999999997;221.18699999999995;184.804;279.935;252.575;91.222;19.305;371.79999999999995;229.888;320.368;151.917;119.94999999999999;189.20899999999997;149.88799999999998;19.305;187.94099999999997;65.624;201.424;452.554
754;2567.7079999999996;101.882;20.02;290.861;191.79;320.764;20.02;267.4939999999999;261.443;152.99;179.451;154.013;234.83099999999996;197.03799999999998;307.67;95.324;20.02;20.02;322.0079999999999;166.897;304.423;145.38;92.21;154.908;139.301;20.02;78.576;45.754;125.701;370.393
755;1868.5829999999999;93.333;165.20999999999998;159.13099999999997;208.44299999999998;145.563;25.74;103.42099999999999;267.91499999999996;131.99599999999998;86.28;215.87199999999996;147.652;110.20899999999999;206.07099999999997;105.261;119.51699999999998;25.74;299.97;120.97299999999998;228.361;78.689;111.03299999999999;131.106;114.28699999999999;25.74;112.55499999999998;72.34899999999999;153.09699999999998;395.997
756;74.345;25.74;25.74;25.74;25.74;25.74;25.74;25.74;25.74;25.74;25.74;25.74;25.74;25.74;25.74;25.74;25.74;25.74;25.74;25.74;25.74;25.74;25.74;25.74;25.74;25.74;25.74;25.74;25.74;25.74
757;62.77499999999999;20.02;20.02;20.02;20.02;20.02;20.02;20.02;20.02;20.02;20.02;20.02;20.02;20.02;20.02;20.02;20.02;20.02;20.02;20.02;20.02;20.02;20.02;20.02;20.02;20.02;20.02;20.02;20.02;20.02
758;6954.043000000001;271.477;349.09;357.828;266.36499999999995;386.23699999999997;22.165;346.634;475.007;530.2149999999999;385.746;591.3879999999999;406.54999999999995;371.56999999999994;346.826;514.8069999999999;251.24099999999999;22.165;422.84099999999995;276.21;355.006;246.83599999999998;254.58399999999997;383.858;253.761;22.165;379.16999999999996;238.695;309.727;838.7049999999999
759;204.587;67.991;150.318;162.46599999999998;105.63499999999999;144.351;20.02;89.274;85.255;20.02;20.02;20.02;20.02;20.02;20.02;20.02;20.02;20.02;20.02;20.02;20.02;20.02;20.02;20.02;20.02;20.02;20.02;20.02;20.02;148.853
760;1314.5339999999999;103.86699999999999;72.41699999999999;147.61;167.45299999999997;145.702;22.88;74.568;220.88;92.508;122.92299999999997;64.547;111.76299999999999;145.766;230.275;22.88;22.88;22.88;130.829;22.88;220.515;22.88;22.88;22.88;22.88;22.88;67.612;70.503;63.87599999999999;335.962
761;1335.542;278.052;239.503;237.377;171.025;258.32;22.88;213.26699999999997;398.64;301.279;157.503;277.671;172.63;127.644;182.13299999999998;80.94399999999999;22.88;22.88;115.34599999999999;22.88;166.35;22.88;22.88;22.88;22.88;22.88;22.88;22.88;22.88;22.88
762;1494.1979999999999;350.04600000000005;246.41699999999997;221.47099999999998;233.267;286.41999999999996;22.88;233.01;423.58;256.998;153.356;129.303;124.887;314.849;267.353;230.36800000000002;147.273;22.88;264.764;241.89600000000002;309.62;78.39999999999999;145.795;135.006;69.40799999999999;22.88;104.535;110.36099999999999;130.04399999999998;458.91999999999996
763;2302.38;202.733;72.75;9.306999999999999;194.551;120.407;19.305;27.709999999999997;240.76599999999996;130.95;124.37299999999999;103.30099999999999;208.065;97.898;184.97199999999998;108.85499999999999;26.238;19.305;188.007;96.72399999999999;235.27;113.364;75.109;82.798;42.693;19.305;101.726;84.564;83.99499999999999;473.67
764;808.865;108.43499999999999;84.873;159.995;174.07299999999998;142.349;20.02;142.43099999999998;147.38699999999997;50.145999999999994;55.49199999999999;63.837999999999994;66.184;71.53;69.511;67.49199999999999;70.383;20.02;93.35;89.61699999999999;86.857;95.658;90.184;20.02;20.02;20.02;20.02;20.02;20.02;173.243
765;1900.565;70.78399999999999;122.91199999999999;150.806;213.911;107.622;19.305;129.853;257.49199999999996;241.31199999999998;152.528;160.02999999999997;115.475;125.30099999999999;253.87199999999996;11.608999999999998;13.499999999999998;19.305;100.37299999999999;79.99;237.90299999999996;81.317;59.516999999999996;83.21599999999998;86.107;19.305;72.536;96.87;96.35999999999999;370.22599999999994
766;90.16199999999999;22.88;22.88;22.88;22.88;22.88;22.88;22.88;22.88;22.88;22.88;22.88;22.88;22.88;22.88;22.88;22.88;22.88;22.88;22.88;22.88;22.88;22.88;22.88;22.88;22.88;22.88;22.88;22.88;22.88
767;59.91499999999999;17.16;17.16;17.16;17.16;17.16;17.16;17.16;17.16;17.16;17.16;17.16;17.16;17.16;17.16;17.16;17.16;17.16;17.16;17.16;17.16;17.16;17.16;17.16;17.16;17.16;17.16;17.16;17.16;17.16
768;216.392;64.72;68.10999999999999;16.445;16.445;16.445;16.445;16.445;16.445;16.445;16.445;16.445;16.445;16.445;16.445;16.445;16.445;16.445;16.445;16.445;16.445;16.445;16.445;16.445;16.445;16.445;16.445;16.445;16.445;139.496
769;1680.1799999999998;180.141;100.14599999999999;188.555;193.697;133.23;20.02;51.949;200.489;133.26999999999998;89.591;110.928;68.208;20.02;137.305;20.02;20.02;20.02;111.65999999999998;20.02;20.02;20.02;20.02;20.02;20.02;20.02;20.02;20.02;20.02;152.452
770;359.56999999999994;96.803;68.31799999999998;20.02;83.306;20.02;20.02;20.02;20.02;20.02;20.02;20.02;20.02;20.02;20.02;20.02;20.02;20.02;110.42099999999999;20.02;20.02;20.02;20.02;20.02;20.02;20.02;20.02;20.02;20.02;20.02
771;2804.0319999999997;121.445;103.54499999999999;118.633;190.49;148.447;20.02;148.214;279.005;145.32;109.43799999999999;153.031;214.94199999999998;217.725;222.24099999999999;126.37099999999998;47.352999999999994;20.02;320.47999999999996;132.846;244.76599999999996;135.183;66.532;110.20299999999999;44.32299999999999;20.02;76.85;44.777;141.04999999999998;374.2629999999999
772;1427.4699999999998;133.01999999999998;188.77299999999997;224.192;225.56699999999998;194.903;22.88;188.225;311.614;168.265;112.53099999999998;163.777;168.317;137.255;253.78699999999998;82.80799999999999;30.807999999999996;22.88;151.043;146.557;281.019;140.184;43.724999999999994;134.43899999999996;122.60999999999999;22.88;94.05999999999999;88.17099999999999;182.67899999999997;248.17799999999997
773;630.617;121.08099999999999;72.864;223.185;179.26299999999998;152.853;25.025;25.025;25.025;25.025;25.025;25.025;25.025;25.025;25.025;25.025;25.025;25.025;25.025;25.025;25.025;25.025;25.025;25.025;25.025;25.025;25.025;25.025;25.025;169.86399999999998
774;226.514;16.445;16.445;16.445;16.445;58.95399999999999;16.445;16.445;62.242000000000004;16.445;16.445;16.445;16.445;16.445;16.445;16.445;16.445;16.445;94.04299999999999;16.445;16.445;16.445;16.445;16.445;16.445;16.445;16.445;16.445;16.445;16.445
775;2356.268;140.48199999999997;103.53299999999999;156.674;168.593;216.603;16.445;193.658;404.884;310.22299999999996;174.64799999999997;104.577;279.385;244.451;282.227;297.096;217.802;16.445;202.211;177.402;328.81399999999996;232.69599999999997;181.63599999999997;191.64299999999997;110.254;16.445;252.337;81.47899999999998;299.977;580.9069999999999
776;659.4979999999999;108.53899999999999;120.593;84.66799999999999;160.48;69.133;16.445;62.242000000000004;191.206;59.629999999999995;16.445;66.555;16.445;16.445;129.654;16.445;16.445;16.445;16.445;16.445;16.445;16.445;16.445;16.445;16.445;16.445;16.445;16.445;16.445;153.473
777;1100.5769999999998;84.842;76.923;199.17299999999997;186.26999999999998;176.50199999999998;19.305;148.754;250.297;79.262;19.305;19.305;19.305;19.305;19.305;19.305;19.305;19.305;127.442;19.305;19.305;19.305;19.305;19.305;19.305;19.305;19.305;19.305;19.305;164.895
778;1132.3029999999999;132.74099999999999;75.294;188.666;174.94899999999998;109.53399999999999;22.88;88.222;129.539;22.88;22.88;22.88;22.88;22.88;22.88;22.88;22.88;22.88;111.62899999999999;22.88;22.88;22.88;22.88;22.88;22.88;22.88;22.88;22.88;22.88;165.843
779;2733.39;203.647;148.78499999999997;232.17700000000002;180.495;249.124;20.02;210.99599999999998;222.025;75.762;157.961;101.889;164.363;202.88599999999997;243.47599999999994;192.66299999999998;199.749;20.02;261.999;188.583;343.991;173.878;150.44899999999998;160.432;174.65099999999998;20.02;159.80599999999998;119.78299999999999;157.701;407.4269999999999
780;2201.054;174.47799999999998;133.756;190.35399999999998;195.361;196.94599999999997;22.88;231.59199999999998;247.503;149.88699999999997;165.45999999999998;165.021;191.11599999999999;186.29899999999998;250.289;154.207;92.90699999999998;22.88;250.891;169.96099999999998;313.063;174.957;119.596;163.722;174.172;22.88;90.38199999999999;105.22899999999998;156.86599999999999;467.79999999999995
781;72.09299999999999;20.02;20.02;20.02;20.02;20.02;20.02;20.02;20.02;20.02;20.02;20.02;20.02;20.02;20.02;20.02;20.02;20.02;20.02;20.02;20.02;20.02;20.02;20.02;20.02;20.02;20.02;20.02;20.02;20.02
782;2462.027;179.25899999999996;154.52499999999998;197.14299999999997;201.973;212.797;22.88;228.53599999999997;372.71399999999994;242.98999999999998;178.786;160.04699999999997;224.37900000000002;224.08999999999997;187.51999999999998;189.795;89.98199999999999;22.88;296.19599999999997;195.45499999999998;275.703;172.313;130.98899999999998;165.47299999999998;147.335;22.88;85.951;127.09899999999999;152.701;462.103
783;522.07;76.698;16.445;61.82899999999999;79.34499999999998;72.61099999999999;16.445;16.445;16.445;16.445;16.445;16.445;16.445;16.445;16.445;16.445;16.445;16.445;117.148;16.445;16.445;16.445;16.445;16.445;16.445;16.445;16.445;16.445;16.445;16.445
784;147.507;66.994;25.74;70.321;25.74;25.74;25.74;25.74;25.74;25.74;25.74;25.74;25.74;25.74;25.74;25.74;25.74;25.74;111.621;25.74;25.74;25.74;25.74;25.74;25.74;25.74;25.74;25.74;25.74;25.74
785;215.62599999999998;22.88;22.88;22.88;110.236;22.88;22.88;22.88;22.88;22.88;22.88;22.88;22.88;22.88;22.88;22.88;22.88;22.88;22.88;22.88;22.88;22.88;22.88;22.88;22.88;22.88;22.88;22.88;22.88;22.88
786;2198.269;167.97;148.24199999999996;215.41699999999997;233.344;240.108;22.165;236.902;334.116;157.962;110.357;91.88699999999999;179.31499999999997;195.73999999999998;299.754;263.802;113.201;22.165;324.206;213.721;335.46799999999996;240.635;169.803;56.00299999999999;22.165;22.165;84.443;61.226;74.61599999999999;454.39099999999996
787;143.992;66.404;70.29499999999999;20.02;81.53399999999999;20.02;20.02;20.02;20.02;20.02;20.02;20.02;20.02;20.02;20.02;20.02;20.02;20.02;20.02;20.02;20.02;20.02;20.02;20.02;20.02;20.02;20.02;20.02;20.02;143.897
788;1795.5320000000002;201.909;211.834;243.50099999999998;233.131;240.683;22.88;210.55499999999998;364.48600000000005;312.203;138.375;234.236;225.98699999999997;176.471;285.171;216.26799999999997;180.065;22.88;214.992;181.25799999999998;306.772;140.523;131.10999999999999;137.20999999999998;95.19399999999999;22.88;120.192;46.788;134.148;413.765
789;1712.3009999999997;137.677;158.558;156.445;194.78099999999998;233.25499999999997;25.74;216.93699999999998;337.04999999999995;154.69;203.125;188.19299999999998;204.273;143.146;235.47199999999998;215.93099999999998;142.14700000000002;25.74;216.41899999999998;207.77599999999998;266.14599999999996;147.25;127.27799999999999;165.1;149.33499999999998;25.74;157.795;93.54999999999998;166.89499999999998;366.108
790;2530.924;116.082;99.985;181.249;172.774;163.993;19.305;183.313;242.37;124.43899999999998;153.39299999999997;82.77999999999999;190.228;177.53;259.14799999999997;103.07;57.452;19.305;294.02399999999994;155.159;288.838;157.047;106.17899999999999;176.724;152.172;19.305;80.899;81.55199999999999;134.143;411.454
791;1901.562;102.681;129.166;221.782;189.926;177.196;19.305;172.489;248.49299999999997;110.11799999999998;118.767;184.42200000000003;162.606;179.999;221.073;19.305;19.305;19.305;138.716;19.305;154.762;19.305;19.305;19.305;19.305;19.305;19.305;19.305;19.305;172.516
792;1377.652;101.931;24.278;90.16999999999999;154.54500000000002;20.02;20.02;67.22999999999999;119.73899999999998;102.64499999999998;20.02;80.728;53.884;85.829;166.24599999999998;65.55699999999999;20.02;20.02;199.27599999999998;20.02;145.86599999999999;20.02;20.02;20.02;20.02;20.02;58.57299999999999;20.02;79.79399999999998;210.286
793;758.4589999999998;135.33499999999998;20.02;90.50399999999999;127.756;98.838;20.02;90.61999999999999;201.668;98.857;102.33500000000001;111.22600000000001;20.02;20.02;20.02;20.02;20.02;20.02;20.02;20.02;20.02;20.02;20.02;20.02;20.02;20.02;20.02;20.02;20.02;20.02
794;1881.014;121.75099999999998;166.45;211.315;228.53799999999995;187.295;22.88;148.78300000000002;185.968;68.75;142.88099999999997;141.161;150.398;188.19699999999997;132.855;170.38299999999998;86.90899999999999;22.88;192.74199999999996;82.602;204.21699999999998;37.043;61.44199999999999;111.69399999999999;110.94299999999998;22.88;102.08999999999999;55.875;140.307;437.533
795;2509.342;144.48899999999998;30.615;125.491;99.00299999999999;99.475;20.02;36.303;180.524;115.96;20.02;20.02;69.938;66.728;105.137;63.34;20.02;20.02;105.24199999999999;20.02;215.17999999999998;20.02;55.05799999999999;20.02;20.02;20.02;43.689;20.02;20.02;296.66299999999995
796;2773.116;120.065;127.26299999999998;160.267;162.43399999999997;177.79399999999998;22.88;157.272;225.767;243.495;118.57799999999999;98.919;161.44199999999998;117.87899999999999;218.78199999999998;110.576;65.34799999999998;22.88;84.22;22.88;233.581;72.76499999999999;71.65599999999999;74.09199999999998;83.878;22.88;136.856;79.11099999999999;120.63899999999998;318.015
797;4054.211;220.338;192.26799999999997;335.22499999999997;206.67299999999997;342.32599999999996;22.88;318.082;300.753;108.46499999999999;165.86399999999998;215.67099999999996;254.81099999999995;223.65099999999998;283.366;95.56;92.684;22.88;398.961;289.65;398.501;126.87099999999998;146.127;219.323;189.41199999999998;22.88;143.78499999999997;73.22;231.42000000000002;470.611
798;765.2609999999999;22.88;22.88;76.874;100.34299999999999;22.88;22.88;22.88;141.48299999999998;74.89399999999999;22.88;73.87299999999999;13.661999999999999;22.88;107.36399999999999;22.88;22.88;22.88;118.66999999999999;57.723;140.56699999999998;22.88;22.88;22.88;22.88;22.88;22.88;22.88;22.88;239.92599999999996
799;1877.95;113.13;148.899;242.105;203.714;244.73200000000003;22.88;263.293;372.15999999999997;228.672;139.44199999999998;118.82799999999997;260.497;214.89100000000002;258.361;165.63599999999997;83.842;22.88;272.044;196.055;410.32199999999995;172.61599999999999;111.755;181.601;157.909;22.88;62.266;130.386;214.955;478.02
800;1575.48;160.818;118.629;151.58799999999997;157.204;205.334;22.88;176.45299999999997;228.62099999999998;116.81599999999997;112.99099999999999;168.953;195.13299999999998;140.23299999999998;234.67399999999998;106.425;22.88;22.88;254.502;158.59300000000002;311.88399999999996;135.868;103.248;162.00199999999998;133.01;22.88;63.98;74.23599999999999;138.778;420.008
801;2994.4739999999993;138.554;131.11599999999999;161.231;192.62199999999999;75.37899999999999;20.02;127.02799999999999;246.18399999999997;132.033;138.03499999999997;118.858;179.995;129.307;202.01299999999998;24.986999999999995;40.047;20.02;300.88599999999997;94.285;229.10599999999997;49.32599999999999;84.172;46.379;58.724999999999994;20.02;79.872;59.111999999999995;77.601;421.8829999999999
802;2967.4889999999996;162.456;151.81900000000002;218.583;213.58599999999998;278.447;22.165;246.695;369.87399999999997;185.00799999999998;239.21299999999997;320.383;219.84299999999996;172.234;292.557;131.094;93.298;22.165;353.865;158.128;238.914;96.065;55.922;103.185;82.531;22.165;92.911;72.405;134.66500000000002;385.77200000000005
803;298.14799999999997;49.31999999999999;20.02;20.02;129.076;20.02;20.02;20.02;84.32099999999998;20.02;20.02;20.02;20.02;20.02;20.02;20.02;20.02;20.02;98.467;20.02;20.02;20.02;20.02;20.02;20.02;20.02;20.02;20.02;20.02;20.02
804;1354.485;128.577;109.61099999999999;123.50999999999999;168.904;123.75599999999999;22.88;162.42899999999997;184.85199999999998;138.613;94.53399999999999;101.79499999999999;72.856;107.66499999999999;161.811;101.362;22.88;22.88;185.72099999999998;141.88899999999998;269.146;144.213;102.24099999999999;100.703;22.88;22.88;95.975;85.14599999999999;108.97299999999998;325.162
805;1108.97;72.807;22.88;22.88;146.079;22.88;22.88;65.809;89.80599999999998;22.88;22.88;22.88;29.314999999999998;34.05199999999999;164.146;22.88;40.592999999999996;22.88;84.29899999999999;41.028999999999996;179.70099999999996;49.266;22.88;22.88;22.88;22.88;22.88;22.88;22.88;167.226
806;62.77499999999999;20.02;20.02;20.02;20.02;20.02;20.02;20.02;20.02;20.02;20.02;20.02;20.02;20.02;20.02;20.02;20.02;20.02;20.02;20.02;20.02;20.02;20.02;20.02;20.02;20.02;20.02;20.02;20.02;20.02
807;2049.165;167.012;142.06599999999997;232.64199999999997;208.385;338.704;16.445;256.478;326.03;161.67299999999997;-6.554999999999996;96.07;117.26999999999998;132.876;131.654;108.179;118.60199999999999;16.445;326.478;172.219;339.02599999999995;82.799;84.905;64.787;64.979;16.445;109.295;42.592;202.43300000000002;430.37
808;227.565;71.513;20.02;20.02;96.77299999999998;20.02;20.02;20.02;20.02;20.02;20.02;20.02;20.02;20.02;20.02;20.02;20.02;20.02;20.02;20.02;20.02;20.02;20.02;20.02;20.02;20.02;20.02;20.02;20.02;143.11499999999998
809;62.77499999999999;20.02;20.02;20.02;20.02;20.02;20.02;20.02;20.02;20.02;20.02;20.02;20.02;20.02;20.02;20.02;20.02;20.02;20.02;20.02;20.02;20.02;20.02;20.02;20.02;20.02;20.02;20.02;20.02;20.02
810;1888.0269999999996;149.015;120.298;179.64399999999998;183.84799999999998;294.2;16.445;118.912;367.43999999999994;156.809;126.08699999999999;125.43299999999999;113.919;73.996;147.102;83.846;47.24399999999999;16.445;214.74699999999999;26.747;154.299;107.14399999999999;55.974999999999994;145.68599999999998;79.667;16.445;87.365;69.24600000000001;139.73399999999998;420.354
811;62.05999999999999;19.305;19.305;19.305;19.305;19.305;19.305;19.305;19.305;19.305;19.305;19.305;19.305;19.305;19.305;19.305;19.305;19.305;19.305;19.305;19.305;19.305;19.305;19.305;19.305;19.305;19.305;19.305;19.305;19.305
812;831.2339999999999;113.136;130.66199999999998;148.22499999999997;109.14399999999999;187.97199999999998;16.445;107.65299999999999;82.577;63.869;51.94;59.285999999999994;71.54199999999999;60.613;16.445;16.445;16.445;16.445;16.445;16.445;16.445;16.445;16.445;16.445;16.445;16.445;16.445;16.445;16.445;16.445
813;3762.6749999999997;298.77599999999995;410.73999999999995;226.291;155.74599999999998;296.226;20.02;257.363;525.418;325.87899999999996;265.255;301.522;181.191;191.713;223.908;118.353;57.731;20.02;244.67899999999997;187.307;323.472;159.292;155.80599999999998;196.82799999999997;164.757;20.02;204.73199999999997;135.552;198.363;554.708
814;876.02;76.836;69.37299999999999;66.408;118.362;22.88;22.88;26.160999999999994;137.749;52.70199999999999;75.05699999999999;77.234;75.625;77.20399999999998;172.696;22.88;22.88;22.88;131.62399999999997;82.64599999999999;183.255;38.53;45.215999999999994;65.652;49.465999999999994;22.88;61.923;64.33099999999999;86.91799999999999;348.4359999999999
815;480.1039999999999;118.47199999999998;67.882;20.02;104.53899999999999;70.395;20.02;20.02;98.22800000000001;20.02;20.02;20.02;20.02;20.02;20.02;20.02;20.02;20.02;108.356;20.02;20.02;20.02;20.02;20.02;20.02;20.02;20.02;20.02;20.02;20.02
816;119.89199999999998;80.718;65.42699999999999;20.02;20.02;20.02;20.02;20.02;20.02;20.02;20.02;20.02;20.02;20.02;20.02;20.02;20.02;20.02;20.02;20.02;20.02;20.02;20.02;20.02;20.02;20.02;20.02;20.02;20.02;20.02
817;1582.1079999999997;148.8;248.811;129.459;222.785;134.23;25.74;153.586;287.618;287.584;168.152;158.868;155.606;184.92199999999997;239.85899999999998;174.95600000000002;201.83499999999998;25.74;200.58799999999997;162.158;283.45799999999997;158.505;147.51999999999998;137.16799999999998;125.31799999999998;25.74;188.31099999999998;99.711;193.888;391.87899999999996
818;1096.465;137.584;140.47199999999998;85.17299999999999;198.96099999999998;194.442;20.02;106.713;100.81199999999998;94.471;109.90899999999999;124.15699999999998;82.22999999999999;72.13499999999999;148.101;90.066;98.05199999999999;20.02;171.39899999999997;42.910999999999994;153.493;37.322;50.66799999999999;44.82299999999999;40.259;20.02;55.495999999999995;58.818999999999996;70.968;258.373
819;1447.995;104.48499999999999;134.22;220.27999999999997;202.09599999999998;173.28099999999998;16.445;216.243;272.871;147.76899999999998;88.362;143.946;181.0;191.767;256.59299999999996;16.445;57.721999999999994;16.445;242.09999999999997;115.163;296.96599999999995;150.065;99.35499999999999;141.031;131.50099999999998;16.445;45.114;16.445;84.857;336.306
820;2588.9909999999995;109.50099999999999;112.37;264.079;159.536;190.875;19.305;252.48000000000002;246.24199999999996;188.015;193.06199999999998;169.364;299.384;217.31099999999998;274.2;113.55599999999998;71.53899999999999;19.305;294.52099999999996;218.52199999999996;321.024;165.11499999999998;93.18699999999998;194.57299999999998;247.128;19.305;80.398;82.573;252.93;525.9209999999999
821;1409.6019999999999;190.33199999999997;109.82299999999998;62.43899999999999;153.66;233.09199999999998;16.445;123.53200000000001;209.80599999999998;81.346;166.82;81.797;115.79399999999998;93.191;144.73399999999998;67.05799999999999;57.48299999999999;16.445;324.075;167.767;181.115;71.365;38.288;61.76599999999999;47.202;16.445;64.32999999999998;16.445;16.445;301.716
822;434.56699999999995;19.305;14.087;19.305;104.91999999999999;19.305;19.305;19.305;98.80599999999998;-10.453999999999997;19.305;19.305;94.551;83.13499999999999;95.673;142.405;83.452;19.305;19.305;24.456;140.049;25.238;27.128999999999998;19.305;57.69099999999999;19.305;19.305;19.305;44.474999999999994;19.305
823;95.56299999999999;68.69999999999999;22.88;22.88;22.88;22.88;22.88;22.88;22.88;22.88;22.88;22.88;22.88;22.88;22.88;22.88;22.88;22.88;22.88;22.88;22.88;22.88;22.88;22.88;22.88;22.88;22.88;22.88;22.88;22.88
824;2928.3810000000003;121.02;106.77799999999999;305.042;199.10699999999997;157.35399999999998;16.445;258.227;200.96399999999997;87.928;173.16599999999997;86.542;288.93399999999997;220.73199999999997;262.81699999999995;40.789;61.89399999999999;16.445;328.95599999999996;200.01299999999998;325.811;183.12699999999998;16.445;154.42199999999997;156.97699999999998;16.445;63.965999999999994;59.257999999999996;199.135;400.79599999999994
825;838.626;76.28999999999999;16.445;16.445;169.785;139.183;16.445;84.99799999999999;139.373;16.445;115.75099999999998;16.445;40.376;55.657;93.823;16.445;16.445;16.445;128.837;16.445;16.445;16.445;16.445;16.445;16.445;16.445;16.445;16.445;16.445;161.376
826;477.59299999999996;94.73999999999998;111.16300000000001;120.811;149.81099999999998;20.02;20.02;67.949;76.142;20.02;20.02;20.02;20.02;20.02;20.02;20.02;20.02;20.02;20.02;20.02;20.02;20.02;20.02;20.02;20.02;20.02;20.02;20.02;20.02;165.62499999999997
827;322.17999999999995;71.121;20.02;66.25299999999999;146.506;63.361999999999995;20.02;20.02;20.02;20.02;20.02;20.02;20.02;20.02;20.02;20.02;20.02;20.02;20.02;20.02;20.02;20.02;20.02;20.02;20.02;20.02;20.02;20.02;20.02;20.02
828;1916.9019999999998;248.577;154.55899999999997;93.30999999999999;169.415;119.67499999999998;19.305;138.334;204.87099999999998;11.840999999999998;115.48;112.65799999999999;135.345;53.385;195.72899999999998;119.985;117.654;19.305;289.80999999999995;84.215;195.74099999999999;39.215;43.997;65.40299999999999;60.66099999999999;19.305;81.353;106.39099999999999;101.493;258.12699999999995
829;655.245;100.529;143.77;177.51799999999997;16.445;16.445;16.445;16.445;16.445;16.445;16.445;16.445;16.445;16.445;16.445;16.445;16.445;16.445;121.255;16.445;16.445;16.445;16.445;16.445;16.445;16.445;16.445;16.445;16.445;146.691
830;1916.411;220.40399999999997;339.848;306.24199999999996;216.54799999999997;359.645;25.74;121.88;196.052;254.288;99.79499999999999;174.45;128.102;169.17999999999998;183.614;110.55799999999999;159.094;25.74;273.762;95.062;171.655;84.916;48.626999999999995;54.80499999999999;25.74;25.74;66.93299999999999;70.946;122.492;334.7729999999999
831;1746.289;155.17399999999998;102.77699999999999;139.538;193.69399999999996;174.783;22.88;167.521;274.682;161.96599999999998;107.43799999999999;124.78299999999999;93.475;81.951;196.58999999999997;123.75399999999999;90.149;22.88;238.63700000000003;134.196;228.775;142.183;161.95499999999998;75.589;50.899;22.88;78.54799999999999;117.443;109.811;412.92499999999995
832;91.58500000000001;22.88;22.88;22.88;22.88;22.88;22.88;22.88;22.88;22.88;22.88;22.88;22.88;22.88;22.88;22.88;22.88;22.88;22.88;22.88;22.88;22.88;22.88;22.88;22.88;22.88;22.88;22.88;22.88;22.88
833;1492.205;79.541;99.657;116.616;155.309;118.76499999999999;22.88;109.74199999999999;185.801;22.88;22.88;22.88;149.659;143.447;226.357;64.00399999999999;48.20099999999999;22.88;164.612;104.64699999999999;248.866;114.264;53.80199999999999;22.88;22.88;22.88;22.88;22.88;51.74399999999999;214.00799999999998
834;3230.8749999999995;108.211;155.60899999999998;318.414;155.584;306.336;20.02;218.17200000000003;263.613;158.428;151.273;184.214;212.94299999999998;236.31600000000003;284.554;204.45299999999997;76.922;20.02;365.38699999999994;309.364;335.639;246.28299999999996;122.673;239.79199999999994;258.01599999999996;20.02;124.756;172.488;311.368;577.4879999999999
835;290.01099999999997;166.749;175.447;120.697;164.154;22.88;22.88;22.88;22.88;22.88;22.88;22.88;22.88;22.88;22.88;22.88;22.88;22.88;22.88;22.88;22.88;22.88;22.88;22.88;22.88;22.88;22.88;22.88;22.88;158.58100000000002
836;591.1809999999999;69.113;100.74899999999998;110.68;104.50799999999998;22.88;22.88;22.88;22.88;22.88;22.88;22.88;22.88;22.88;22.88;22.88;22.88;22.88;121.149;22.88;22.88;22.88;22.88;22.88;22.88;22.88;22.88;22.88;22.88;22.88
837;64.91999999999999;22.165;22.165;22.165;22.165;22.165;22.165;22.165;22.165;22.165;22.165;22.165;22.165;22.165;22.165;22.165;22.165;22.165;22.165;22.165;22.165;22.165;22.165;22.165;22.165;22.165;22.165;22.165;22.165;22.165
838;179.096;112.304;16.445;16.445;16.445;16.445;16.445;16.445;16.445;16.445;16.445;16.445;16.445;16.445;16.445;16.445;16.445;16.445;16.445;16.445;16.445;16.445;16.445;16.445;16.445;16.445;16.445;16.445;16.445;153.62599999999998
839;65.63499999999999;22.88;22.88;22.88;22.88;22.88;22.88;22.88;22.88;22.88;22.88;22.88;22.88;22.88;22.88;22.88;22.88;22.88;22.88;22.88;22.88;22.88;22.88;22.88;22.88;22.88;22.88;22.88;22.88;22.88
840;1081.609;190.767;144.13099999999997;197.19799999999998;198.845;191.48199999999997;20.02;136.861;318.125;237.893;165.87199999999999;78.33399999999999;20.02;56.12299999999999;20.02;20.02;20.02;20.02;20.02;20.02;20.02;20.02;20.02;20.02;20.02;20.02;20.02;20.02;20.02;170.594
841;3927.804;166.9;198.02499999999998;269.95099999999996;218.81400000000002;304.68399999999997;22.88;266.534;359.481;205.33999999999997;296.61499999999995;248.63400000000001;280.069;210.23;294.068;271.69999999999993;161.039;22.88;321.345;316.167;387.084;228.20399999999998;137.88;223.14799999999997;160.636;22.88;228.52700000000002;256.15599999999995;294.287;633.1579999999999
842;8490.571;171.826;174.406;293.246;232.75699999999998;314.294;25.74;263.246;345.11199999999997;216.226;211.53699999999998;209.10999999999999;228.23399999999998;226.863;308.669;220.792;167.177;25.74;840.4079999999999;247.615;375.09299999999996;236.428;155.018;259.459;268.91099999999994;25.74;169.29999999999998;158.709;357.775;536.411
843;2142.444;111.754;224.406;184.30299999999997;190.03799999999998;224.553;19.305;161.141;271.652;165.053;131.929;205.775;186.13;157.05499999999998;274.791;187.889;187.283;19.305;151.799;152.777;332.709;149.539;147.685;163.31799999999998;140.272;19.305;160.346;132.966;163.451;361.82399999999996
844;950.43;129.926;105.553;62.504999999999995;134.279;22.88;22.88;22.88;94.56099999999999;22.88;22.88;22.88;22.88;67.02699999999999;154.759;52.592999999999996;56.483999999999995;22.88;65.691;22.88;124.324;22.88;22.88;22.88;22.88;22.88;22.88;22.88;22.88;148.99599999999998
845;310.35499999999996;22.88;37.638999999999996;22.88;110.043;22.88;22.88;22.88;97.56799999999998;37.224;22.88;22.88;131.80499999999998;168.659;150.43099999999998;88.42499999999998;69.113;22.88;124.50099999999998;22.88;148.587;22.88;22.88;22.88;22.88;22.88;22.88;22.88;22.88;22.88
846;414.81899999999996;104.827;96.89699999999999;125.488;163.386;69.318;20.02;89.38099999999999;20.02;20.02;20.02;20.02;20.02;20.02;20.02;20.02;20.02;20.02;109.182;20.02;20.02;20.02;20.02;20.02;20.02;20.02;20.02;20.02;20.02;20.02
847;399.087;67.81099999999999;66.817;116.50299999999999;154.794;71.20899999999999;20.02;20.02;20.02;20.02;20.02;20.02;20.02;20.02;20.02;20.02;20.02;20.02;109.182;20.02;20.02;20.02;20.02;20.02;20.02;20.02;20.02;20.02;20.02;20.02
848;1215.6509999999998;109.61099999999999;79.773;266.427;180.94199999999998;319.388;22.88;321.421;223.82099999999997;70.503;153.91899999999998;80.86999999999999;237.16299999999995;201.834;270.215;65.65899999999999;57.961999999999996;22.88;63.744;22.88;22.88;91.82799999999999;22.88;22.88;22.88;22.88;22.88;22.88;112.065;95.54499999999999
849;7027.031999999999;378.99;409.746;536.86;259.063;519.164;16.445;386.35099999999994;748.471;764.4440000000001;556.858;694.362;439.269;347.938;342.95;494.1769999999999;288.378;16.445;518.662;300.9409999999999;465.80499999999995;236.504;265.762;285.188;263.996;16.445;271.151;226.574;362.26099999999997;719.597
850;1474.167;87.41499999999999;57.166999999999994;84.38899999999998;137.309;20.02;20.02;53.361999999999995;195.162;55.68899999999999;87.49;147.65;20.02;20.02;79.828;20.02;20.02;20.02;320.558;70.25;137.934;60.884;53.037;63.12599999999999;56.730999999999995;20.02;20.02;20.02;68.295;379.416
851;1876.057;113.72399999999999;115.083;101.27799999999999;184.23499999999999;167.03199999999998;22.165;128.09599999999998;303.354;182.646;180.19;186.35599999999997;173.457;143.08;265.91;130.50400000000002;94.58600000000001;22.165;197.133;104.279;223.0;73.33099999999999;22.165;73.817;79.684;22.165;71.379;70.91799999999999;219.839;467.249
852;1494.831;142.89499999999998;73.14;114.995;215.48699999999997;182.26099999999997;20.02;66.25299999999999;275.99199999999996;81.396;129.658;82.084;176.25599999999997;196.237;188.481;20.02;20.02;20.02;276.32099999999997;45.408;201.743;62.19;49.080999999999996;73.88499999999999;64.776;20.02;57.318;59.20899999999999;102.613;367.49899999999997
853;185.843;135.581;135.731;20.02;20.02;20.02;20.02;20.02;20.02;20.02;20.02;20.02;20.02;20.02;20.02;20.02;20.02;20.02;20.02;20.02;20.02;20.02;20.02;20.02;20.02;20.02;20.02;20.02;20.02;20.02
854;1140.9559999999997;179.456;66.67399999999999;152.90599999999998;16.445;16.445;16.445;16.445;16.445;16.445;16.445;16.445;16.445;16.445;16.445;16.445;16.445;16.445;16.445;16.445;16.445;16.445;16.445;16.445;16.445;16.445;16.445;16.445;16.445;16.445
855;3508.071;176.59199999999998;173.627;392.33899999999994;259.518;480.6429999999999;22.165;255.878;361.18299999999994;200.96699999999998;275.79099999999994;254.54499999999996;273.649;284.402;323.36699999999996;152.643;105.91;22.165;395.068;179.015;381.0319999999999;185.55199999999996;221.255;308.763;316.472;22.165;119.789;131.27099999999996;153.94199999999998;584.266
856;2551.8379999999997;149.287;148.178;256.945;185.58599999999998;207.31;22.88;257.96099999999996;310.816;221.726;186.697;253.38399999999996;295.304;256.43399999999997;351.842;101.50999999999999;59.20099999999999;22.88;289.152;173.231;304.65099999999995;169.515;22.88;152.179;101.315;22.88;87.097;64.33099999999999;143.503;318.7
857;1881.2679999999998;149.02599999999998;138.028;304.03700000000003;207.475;189.671;22.88;184.867;271.36199999999997;139.385;141.045;134.10299999999998;203.51699999999997;163.452;219.90800000000002;106.25399999999999;32.355999999999995;22.88;269.758;248.07699999999997;234.938;95.154;112.179;98.59499999999998;88.286;22.88;79.514;70.63499999999999;101.14899999999999;444.1909999999999
858;417.229;114.578;76.09299999999999;103.579;137.11599999999999;20.02;20.02;84.838;111.64099999999999;92.446;20.02;20.02;20.02;20.02;20.02;20.02;20.02;20.02;124.07499999999999;20.02;20.02;20.02;20.02;20.02;20.02;20.02;20.02;20.02;20.02;20.02
859;276.731;86.02299999999998;22.88;69.89099999999999;139.563;61.852999999999994;22.88;66.63499999999999;22.88;22.88;22.88;22.88;22.88;22.88;22.88;22.88;22.88;22.88;22.88;22.88;22.88;22.88;22.88;22.88;22.88;22.88;22.88;22.88;22.88;22.88
860;1011.315;98.06;91.05600000000001;167.59499999999997;159.692;178.641;22.88;169.67;252.712;107.18199999999999;95.499;96.93699999999998;85.91199999999999;77.17999999999999;140.771;26.444;26.334999999999997;22.88;219.21499999999997;128.003;333.777;131.63799999999998;116.924;115.073;43.053;22.88;73.607;55.245;65.61699999999999;293.273
861;5768.462999999999;219.18299999999996;244.37599999999998;268.721;206.28499999999997;282.05199999999996;16.445;273.657;417.522;286.594;240.27299999999997;337.35099999999994;242.51299999999998;217.214;319.548;293.93;256.482;16.445;368.971;266.232;344.46500000000003;207.44599999999997;183.67699999999996;227.801;235.82499999999996;16.445;276.827;176.65499999999997;252.723;614.492
862;982.8530000000001;158.55599999999998;22.88;123.51999999999998;206.16699999999997;72.07000000000001;22.88;98.4;226.53599999999997;66.374;22.88;72.75399999999999;76.024;78.405;129.56199999999998;25.247;30.137999999999998;22.88;105.15799999999999;22.88;158.777;45.724999999999994;43.658;57.992999999999995;48.98499999999999;22.88;60.221999999999994;63.113;58.54899999999999;75.524
863;816.7539999999999;57.812999999999995;22.88;19.139999999999997;101.23499999999999;22.88;22.88;22.88;113.648;43.940999999999995;39.376999999999995;43.268;56.06899999999999;22.88;132.54199999999997;55.831999999999994;58.723;22.88;63.504999999999995;67.851;172.74599999999998;77.088;76.06899999999999;76.96;79.851;22.88;88.088;88.52399999999999;91.41499999999999;182.01999999999998
864;199.29299999999995;93.92299999999999;87.348;22.88;22.88;22.88;22.88;22.88;22.88;22.88;22.88;22.88;22.88;22.88;22.88;22.88;22.88;22.88;22.88;22.88;22.88;22.88;22.88;22.88;22.88;22.88;22.88;22.88;22.88;171.363
865;210.282;92.40299999999999;86.67;25.74;25.74;25.74;25.74;25.74;25.74;25.74;25.74;25.74;25.74;25.74;25.74;25.74;25.74;25.74;25.74;25.74;25.74;25.74;25.74;25.74;25.74;25.74;25.74;25.74;25.74;25.74
866;2524.923;124.78099999999999;140.417;178.85999999999999;181.24099999999999;174.88500000000002;22.88;155.67399999999998;258.926;128.113;162.976;163.99999999999997;169.936;191.134;222.731;101.77799999999999;102.213;22.88;252.89399999999998;176.94899999999998;284.86099999999993;150.872;93.262;193.028;129.063;22.88;22.88;68.00999999999999;131.77499999999998;473.49399999999997
867;1717.522;179.233;136.699;247.48399999999998;195.88199999999998;302.75;20.02;276.80899999999997;276.565;156.428;205.596;213.84699999999998;233.78;204.43899999999996;267.13599999999997;255.247;188.12399999999997;20.02;339.04999999999995;208.267;311.11199999999997;161.399;147.695;151.35799999999998;175.21699999999998;20.02;173.20999999999998;130.449;184.82899999999998;517.084
868;1812.7150000000001;205.35;290.778;370.248;239.266;132.63599999999997;28.599999999999998;147.41699999999997;311.898;198.53799999999998;128.274;105.149;161.088;134.475;210.567;102.751;28.599999999999998;28.599999999999998;566.152;339.96;276.363;146.375;160.154;164.19199999999998;70.07;28.599999999999998;70.451;62.116;148.285;510.331
869;1803.9319999999998;162.627;90.28;182.615;205.517;211.06599999999997;22.88;129.375;196.463;203.54199999999997;115.294;183.529;102.32300000000001;117.716;198.95;73.12899999999999;43.528999999999996;22.88;192.03499999999997;140.438;276.347;114.882;84.458;108.64;101.81599999999999;22.88;96.348;69.869;142.459;437.87899999999996
870;2753.0849999999996;125.023;141.213;247.786;199.42699999999996;334.674;22.88;251.26;440.706;337.764;257.29;366.161;289.72999999999996;236.951;342.043;228.935;159.278;22.88;415.18799999999993;302.59499999999997;350.267;167.923;195.81900000000002;252.76999999999998;228.39699999999996;22.88;178.13;147.85199999999998;200.878;579.697
871;2318.0629999999996;16.445;58.699;59.13499999999999;151.563;63.91699999999999;16.445;69.69899999999998;174.61899999999997;97.85900000000001;78.37199999999999;108.64199999999998;16.445;91.21;111.36599999999999;62.309;16.445;16.445;173.06799999999998;87.201;143.36399999999998;16.445;56.896;89.701;16.445;16.445;61.368999999999986;16.445;45.07;343.19399999999996
872;618.808;86.454;87.889;74.264;161.757;59.614;22.88;65.39599999999999;87.154;22.88;22.88;22.88;22.88;22.88;22.88;22.88;22.88;22.88;22.88;22.88;22.88;22.88;22.88;22.88;22.88;22.88;22.88;22.88;22.88;160.759
873;1887.4189999999999;164.158;147.96599999999998;235.754;199.22899999999998;236.54;20.02;251.522;227.62;100.85399999999998;20.02;129.36599999999999;188.85899999999998;136.44299999999998;171.60699999999997;79.33699999999999;20.02;20.02;297.61;194.521;292.941;86.663;20.02;107.642;93.74;20.02;117.38;56.754;142.293;406.09
874;4441.282999999999;206.93999999999997;179.48299999999998;293.284;223.00799999999995;341.2289999999999;19.305;298.378;382.002;310.456;234.171;241.71399999999997;347.867;292.45399999999995;389.6499999999999;235.993;130.378;19.305;650.17;226.80499999999998;338.83799999999997;206.34999999999997;148.296;150.86999999999998;174.685;19.305;133.69;156.599;175.345;565.55
875;1554.5729999999999;173.688;156.935;242.981;154.731;178.185;22.88;173.87;289.73299999999995;206.67099999999996;208.40599999999995;174.624;169.428;167.808;246.08999999999997;186.98499999999999;160.998;22.88;190.243;188.896;240.84699999999998;153.345;140.212;125.024;132.0;22.88;48.67699999999999;63.721999999999994;131.64399999999998;391.549
876;393.66799999999995;20.02;26.191999999999997;29.083;73.52499999999999;34.864999999999995;20.02;20.02;70.98899999999999;20.02;20.02;50.68899999999999;20.02;76.145;252.023;124.371;20.02;20.02;20.02;20.02;20.02;20.02;20.02;20.02;20.02;20.02;20.02;20.02;20.02;20.02
877;1532.9209999999998;135.89999999999998;178.50199999999998;260.47799999999995;188.93899999999996;237.82799999999997;20.02;175.916;376.053;232.87099999999998;160.08999999999997;232.221;159.52299999999997;123.91999999999999;231.253;187.426;157.29500000000002;20.02;256.554;145.732;203.43;49.494;71.744;82.562;77.059;20.02;105.288;69.295;119.97599999999997;345.506
878;2209.8070000000002;183.16199999999998;232.66899999999998;256.032;210.789;265.00600000000003;22.88;314.33;376.01199999999994;306.515;307.06199999999995;319.06899999999996;231.09299999999996;256.31199999999995;294.067;321.08099999999996;178.86399999999998;22.88;285.799;220.625;353.613;222.214;201.607;198.91799999999998;168.83100000000002;22.88;243.08999999999997;151.719;211.173;529.0060000000001
879;712.769;119.213;128.579;140.207;176.02499999999998;60.852999999999994;22.88;66.63499999999999;188.435;59.525999999999996;22.88;22.88;22.88;22.88;129.975;22.88;22.88;22.88;22.88;22.88;22.88;22.88;22.88;22.88;22.88;22.88;22.88;22.88;22.88;147.99599999999998
880;6127.523999999999;149.55;128.88299999999998;255.26899999999998;208.015;275.78599999999994;16.445;404.2059999999999;293.968;159.712;217.25899999999996;236.26600000000002;239.11399999999998;206.899;306.12;168.16500000000002;112.56899999999999;16.445;493.64199999999994;229.37599999999998;324.28999999999996;144.074;132.53599999999997;148.244;103.279;16.445;132.429;94.23599999999999;181.315;426.54699999999997
881;68.017;20.02;20.02;20.02;20.02;20.02;20.02;20.02;20.02;20.02;20.02;20.02;20.02;20.02;20.02;20.02;20.02;20.02;20.02;20.02;20.02;20.02;20.02;20.02;20.02;20.02;20.02;20.02;20.02;20.02
882;391.9789999999999;90.672;67.69999999999999;75.54899999999999;111.146;22.165;22.165;22.165;22.165;22.165;22.165;22.165;22.165;22.165;22.165;22.165;22.165;22.165;22.165;22.165;22.165;22.165;22.165;22.165;22.165;22.165;22.165;22.165;22.165;161.855
883;74.727;19.305;19.305;19.305;19.305;19.305;19.305;19.305;19.305;19.305;19.305;19.305;19.305;19.305;19.305;19.305;19.305;19.305;19.305;19.305;19.305;19.305;19.305;19.305;19.305;19.305;19.305;19.305;19.305;19.305
884;127.273;71.32900000000001;22.88;63.330999999999996;22.88;22.88;22.88;22.88;22.88;22.88;22.88;22.88;22.88;22.88;22.88;22.88;22.88;22.88;22.88;22.88;22.88;22.88;22.88;22.88;22.88;22.88;22.88;22.88;22.88;22.88
885;2102.29;160.17199999999997;207.512;217.265;196.807;137.285;20.02;106.254;150.932;146.655;75.48400000000001;96.004;47.254999999999995;159.88899999999998;154.596;123.393;75.365;20.02;271.57899999999995;95.852;203.04599999999996;72.035;99.80799999999999;20.02;20.02;20.02;76.25299999999999;20.02;47.254999999999995;345.031
886;315.174;122.46;123.62799999999999;65.068;16.445;16.445;16.445;16.445;16.445;16.445;16.445;16.445;16.445;16.445;16.445;16.445;16.445;16.445;16.445;16.445;16.445;16.445;16.445;16.445;16.445;16.445;16.445;16.445;16.445;168.02499999999998
887;65.63499999999999;22.88;22.88;22.88;22.88;22.88;22.88;22.88;22.88;22.88;22.88;22.88;22.88;22.88;22.88;22.88;22.88;22.88;22.88;22.88;22.88;22.88;22.88;22.88;22.88;22.88;22.88;22.88;22.88;22.88
888;375.278;22.88;22.88;22.88;151.289;22.88;22.88;22.88;108.387;22.88;22.88;22.88;22.88;62.504999999999995;117.16799999999999;22.88;22.88;22.88;22.88;22.88;22.88;22.88;22.88;22.88;22.88;22.88;22.88;22.88;22.88;22.88
889;400.568;66.898;22.88;68.28699999999999;164.648;22.88;22.88;22.88;22.88;22.88;22.88;22.88;22.88;22.88;22.88;22.88;22.88;22.88;22.88;22.88;22.88;22.88;22.88;22.88;22.88;22.88;22.88;22.88;22.88;140.562
890;1184.0559999999998;131.978;130.44299999999998;118.94;224.74599999999998;156.18;20.02;149.987;221.33799999999997;200.34499999999997;135.164;26.018999999999995;74.708;31.35;120.03999999999999;64.979;41.55499999999999;20.02;116.82399999999998;103.644;79.329;62.151999999999994;74.95299999999999;60.964;52.48799999999999;20.02;53.88499999999999;20.02;75.757;372.448
891;2702.923;168.751;157.17;214.20999999999998;189.51099999999997;222.188;22.88;206.96799999999996;291.30899999999997;174.50799999999998;146.83499999999998;169.40699999999998;173.387;148.877;248.58299999999997;111.368;104.413;22.88;268.43399999999997;160.728;317.47399999999993;165.916;106.082;186.189;166.487;22.88;96.69299999999998;67.42399999999999;105.81099999999998;241.379
892;855.453;95.202;93.578;167.567;174.36399999999998;201.356;20.02;45.602999999999994;126.29299999999999;20.02;20.02;59.20899999999999;45.29899999999999;60.19;139.343;20.02;20.02;20.02;74.932;20.02;155.67;20.02;20.02;20.02;20.02;20.02;20.02;20.02;20.02;20.02
893;310.63899999999995;73.388;94.323;75.939;22.88;80.721;22.88;22.88;118.54999999999998;22.88;22.88;22.88;22.88;22.88;22.88;22.88;22.88;22.88;22.88;22.88;22.88;22.88;22.88;22.88;22.88;22.88;22.88;22.88;22.88;22.88
894;2822.315;189.284;130.19199999999998;256.661;207.208;336.585;25.74;284.349;291.257;136.528;191.29899999999998;233.29999999999998;180.33499999999998;222.21999999999997;275.77599999999995;205.93999999999997;200.88399999999996;25.74;237.69299999999996;190.113;290.47299999999996;174.32799999999997;163.577;162.394;162.07799999999997;25.74;179.821;131.682;123.761;455.89399999999995
895;900.103;78.223;65.775;133.862;128.192;152.578;20.02;108.452;164.85;20.02;20.02;20.02;20.02;20.02;20.02;20.02;20.02;20.02;20.02;20.02;20.02;20.02;20.02;20.02;20.02;20.02;20.02;20.02;20.02;172.05
896;1587.598;152.81799999999998;94.57;175.837;197.39299999999997;172.87199999999999;22.88;195.69799999999998;280.873;77.86500000000001;111.14599999999999;114.31599999999999;229.42700000000002;158.433;305.897;63.744;78.30599999999998;22.88;234.41199999999998;209.708;307.654;164.51999999999998;114.92099999999999;153.027;137.316;22.88;118.928;62.06899999999999;72.94099999999999;275.102
897;64.91999999999999;22.165;22.165;22.165;22.165;22.165;22.165;22.165;22.165;22.165;22.165;22.165;22.165;22.165;22.165;22.165;22.165;22.165;22.165;22.165;22.165;22.165;22.165;22.165;22.165;22.165;22.165;22.165;22.165;22.165
898;1342.6979999999999;19.305;19.305;19.305;120.51399999999998;19.305;19.305;19.305;103.54599999999999;19.305;19.305;19.305;19.305;4.413999999999998;116.81599999999997;19.305;19.305;19.305;312.09499999999997;47.778999999999996;130.939;19.305;19.305;19.305;19.305;19.305;19.305;19.305;59.74399999999999;233.206
899;2967.634;148.862;168.04899999999998;245.547;213.152;202.05399999999997;22.88;170.69299999999998;245.08799999999997;152.194;36.98;114.341;182.94;110.201;233.594;96.67999999999998;33.663;22.88;421.16999999999996;140.73999999999998;290.069;100.59899999999999;86.245;122.44399999999999;93.179;22.88;115.017;83.68299999999999;82.447;425.288
900;505.492;92.78999999999999;88.541;79.43599999999999;78.83999999999999;22.88;22.88;22.88;67.199;22.88;22.88;22.88;22.88;22.88;22.88;22.88;22.88;22.88;115.86800000000001;22.88;22.88;22.88;22.88;22.88;22.88;22.88;22.88;22.88;22.88;150.061
901;867.151;96.746;131.73;104.273;131.508;130.15;25.74;103.12599999999998;212.09599999999998;68.09299999999999;50.53999999999999;39.736;48.172;63.518;177.339;63.29999999999999;51.736;25.74;123.16199999999999;25.74;159.04699999999997;25.74;25.74;25.74;25.74;25.74;25.74;25.74;25.74;152.921
902;977.405;-31.628;20.02;20.02;118.77799999999999;20.02;20.02;-9.282;135.244;20.02;20.02;20.02;77.332;52.602999999999994;139.536;50.971999999999994;20.02;20.02;130.152;43.385;176.338;43.711999999999996;20.02;20.02;20.02;20.02;20.02;20.02;20.02;227.82099999999997
903;580.909;104.76199999999999;78.374;81.101;149.249;106.976;20.02;83.926;20.02;20.02;20.02;20.02;20.02;20.02;20.02;20.02;20.02;20.02;107.72699999999999;20.02;20.02;20.02;20.02;20.02;20.02;20.02;20.02;20.02;20.02;146.54899999999998
904;135.19899999999998;20.02;20.02;20.02;20.02;20.02;20.02;20.02;20.02;20.02;20.02;20.02;20.02;20.02;20.02;20.02;20.02;20.02;128.15699999999998;20.02;20.02;20.02;20.02;20.02;20.02;20.02;20.02;20.02;20.02;20.02
905;1456.744;143.96599999999998;170.362;166.12699999999998;195.63599999999997;150.841;22.88;189.79199999999997;283.18399999999997;166.71499999999997;167.15399999999997;153.703;127.347;135.548;217.438;69.656;89.024;22.88;200.74599999999998;140.952;245.71999999999997;142.28699999999998;126.131;132.639;111.72299999999998;22.88;67.331;56.56999999999999;94.941;389.97299999999996
906;1390.9899999999998;120.041;98.38699999999999;9.575999999999997;151.81799999999998;104.342;22.88;128.44;100.235;19.741;25.529999999999998;22.88;22.88;54.91799999999999;117.58099999999999;14.748;24.225999999999996;22.88;210.69899999999996;24.857;139.169;32.638999999999996;39.985;38.421;38.312;22.88;22.88;22.88;54.75999999999999;304.297
907;62.77499999999999;20.02;20.02;20.02;20.02;20.02;20.02;20.02;20.02;20.02;20.02;20.02;20.02;20.02;20.02;20.02;20.02;20.02;20.02;20.02;20.02;20.02;20.02;20.02;20.02;20.02;20.02;20.02;20.02;20.02
908;3371.8929999999996;182.245;151.31599999999997;221.92199999999997;190.97899999999998;232.253;25.74;210.226;255.52999999999997;130.504;106.80899999999998;106.04499999999999;196.49399999999997;205.082;263.342;157.745;89.553;25.74;221.881;99.37199999999999;237.211;155.462;96.755;93.75;120.03399999999998;25.74;69.22699999999999;25.74;135.04299999999998;496.244
909;3010.712;104.54899999999999;171.64999999999998;284.17499999999995;209.716;421.515;25.74;325.629;296.539;146.289;225.904;219.32399999999998;274.131;257.193;321.95;221.20800000000003;106.10499999999999;25.74;261.60099999999994;176.71099999999996;332.51;153.273;125.02899999999998;165.16899999999998;157.612;25.74;49.67099999999999;70.21000000000001;137.07399999999998;449.114
910;4981.607;449.23199999999997;429.33399999999995;299.166;227.796;376.85;19.305;207.26299999999998;343.249;374.042;215.776;359.805;308.674;311.36699999999996;255.334;289.41499999999996;156.11699999999996;19.305;441.83;192.787;380.59899999999993;179.114;161.812;138.509;157.183;19.305;128.51800000000003;97.64899999999999;189.673;535.7729999999999
911;2619.042;142.72999999999996;134.844;131.857;156.41899999999998;222.95100000000002;20.02;178.563;216.94400000000002;160.706;86.483;113.111;151.27499999999998;137.57999999999998;254.87499999999994;87.59699999999998;20.02;20.02;167.40999999999997;130.269;238.36999999999995;82.324;73.895;109.602;74.476;20.02;113.81299999999999;83.71;120.095;351.033
912;524.909;85.107;34.007999999999996;22.88;129.18399999999997;22.88;22.88;22.88;53.809;22.88;22.88;59.614;163.879;58.04999999999999;145.615;60.568;79.459;22.88;75.96;22.88;141.207;22.88;22.88;22.88;22.88;22.88;22.88;22.88;22.88;192.101
913;62.77499999999999;20.02;20.02;20.02;20.02;20.02;20.02;20.02;20.02;20.02;20.02;20.02;20.02;20.02;20.02;20.02;20.02;20.02;20.02;20.02;20.02;20.02;20.02;20.02;20.02;20.02;20.02;20.02;20.02;20.02
914;1697.347;99.503;93.15099999999998;172.417;239.67700000000002;117.53899999999999;20.02;68.76899999999999;83.839;61.81299999999999;20.02;67.98299999999999;49.769999999999996;58.809999999999995;157.959;93.804;20.02;20.02;253.47899999999996;61.837999999999994;198.652;73.028;39.798;20.02;49.038999999999994;20.02;49.562;20.02;51.602999999999994;443.61199999999997
915;847.9959999999999;149.855;129.284;139.982;67.603;87.32;19.305;88.55699999999999;19.305;19.305;19.305;19.305;19.305;19.305;19.305;19.305;19.305;19.305;120.42099999999999;19.305;19.305;19.305;19.305;19.305;19.305;19.305;19.305;19.305;19.305;161.78799999999995
916;530.069;92.425;87.86099999999999;74.92599999999999;88.621;71.79599999999999;20.02;20.02;66.666;20.02;67.882;83.10399999999998;57.58;20.02;90.431;20.02;20.02;20.02;20.02;20.02;20.02;20.02;20.02;20.02;20.02;20.02;20.02;20.02;20.02;109.31400000000001
917;483.6439999999999;82.038;86.52499999999999;155.57;93.519;22.88;22.88;22.88;120.862;22.88;22.88;22.88;71.222;90.56800000000001;96.622;22.88;62.91799999999999;22.88;97.26299999999999;22.88;116.25699999999999;94.473;22.88;22.88;22.88;22.88;22.88;22.88;103.392;193.495
918;771.771;115.074;78.93299999999999;73.913;181.874;22.88;22.88;22.88;134.827;22.88;22.88;22.88;22.88;22.88;22.88;22.88;22.88;22.88;22.88;22.88;22.88;22.88;22.88;22.88;22.88;22.88;22.88;22.88;22.88;140.562
919;1443.381;97.59799999999998;56.397999999999996;110.377;166.923;86.055;22.165;69.398;214.01399999999995;129.69400000000002;39.195;58.87599999999999;8.425;190.08100000000002;134.474;25.098;22.988999999999997;22.165;389.2699999999999;128.134;123.73599999999999;30.162999999999997;42.509;80.73400000000001;22.165;22.165;22.165;22.165;48.161;272.397
920;1876.4069999999997;154.362;155.632;277.685;176.989;267.57399999999996;25.74;210.448;316.599;189.106;207.48299999999995;205.422;211.85699999999997;187.41199999999998;266.31699999999995;138.469;79.273;25.74;204.896;202.99099999999999;314.43499999999995;164.41899999999998;143.501;199.28799999999998;199.518;25.74;173.60299999999998;117.81199999999998;240.49699999999999;436.82399999999996
921;383.865;64.601;20.02;20.02;110.213;20.02;20.02;20.02;97.34799999999998;20.02;20.02;20.02;20.02;20.02;20.02;20.02;20.02;20.02;20.02;20.02;20.02;20.02;20.02;20.02;20.02;20.02;20.02;20.02;20.02;20.02
922;631.773;96.31399999999998;68.327;142.474;148.331;160.49899999999997;20.02;96.36999999999998;20.02;20.02;20.02;20.02;20.02;20.02;20.02;20.02;20.02;20.02;20.02;20.02;20.02;20.02;20.02;20.02;20.02;20.02;20.02;20.02;20.02;164.70299999999997
923;2259.5919999999996;121.20100000000001;96.71;81.292;140.948;93.386;16.445;97.16799999999999;206.09599999999998;82.065;95.693;61.43899999999999;50.483;68.829;165.512;16.445;70.52499999999999;16.445;75.37499999999999;79.59799999999998;229.192;81.38;16.445;53.367000000000004;82.73199999999999;16.445;53.32299999999999;63.959;106.219;408.40999999999997
924;726.8159999999999;103.46799999999999;119.88899999999998;157.305;181.26500000000001;103.90799999999999;22.88;83.39599999999999;83.078;59.28699999999999;22.88;62.06899999999999;45.571999999999996;72.918;105.46099999999998;60.24499999999999;22.88;22.88;22.88;22.88;95.352;22.88;22.88;22.88;22.88;22.88;22.88;22.88;22.88;155.38899999999998
925;2375.0329999999994;169.924;292.04099999999994;264.784;207.19199999999998;253.474;25.74;190.44099999999997;244.228;174.831;96.268;212.94;131.737;147.334;325.96;128.349;117.719;25.74;328.62999999999994;214.564;297.14399999999995;129.77800000000002;116.929;126.285;94.41799999999999;25.74;79.011;73.648;163.41;490.22299999999996
926;2029.6189999999997;253.55899999999997;179.194;246.784;224.68599999999998;190.55;22.88;116.214;264.702;112.93199999999999;103.81899999999999;93.507;155.82799999999997;133.40699999999998;218.75;177.438;114.66;22.88;200.391;135.625;254.492;99.22299999999998;66.157;98.687;120.44;22.88;63.547;47.224;123.62899999999999;280.342
927;1454.36;150.567;28.529999999999998;144.125;176.02299999999997;46.217;22.88;115.63099999999999;127.91399999999999;83.113;66.524;73.41499999999999;76.66199999999999;63.644999999999996;147.49099999999999;65.65799999999999;22.88;22.88;167.823;79.244;229.69099999999997;66.222;71.568;44.42099999999999;45.312;22.88;116.53399999999999;22.88;61.876;203.90999999999997
928;5080.129;347.422;299.791;487.873;253.665;413.2639999999999;22.88;326.153;372.68399999999997;323.904;274.632;193.11899999999997;327.911;280.046;338.43899999999996;217.26799999999997;127.16199999999999;22.88;613.775;255.19199999999998;375.427;232.606;126.34599999999998;186.637;194.78099999999998;22.88;92.39099999999999;124.59199999999998;357.85299999999995;533.0409999999999
929;62.77499999999999;20.02;20.02;20.02;20.02;20.02;20.02;20.02;20.02;20.02;20.02;20.02;20.02;20.02;20.02;20.02;20.02;20.02;20.02;20.02;20.02;20.02;20.02;20.02;20.02;20.02;20.02;20.02;20.02;20.02
930;62.05999999999999;19.305;19.305;19.305;19.305;19.305;19.305;19.305;19.305;19.305;19.305;19.305;19.305;19.305;19.305;19.305;19.305;19.305;19.305;19.305;19.305;19.305;19.305;19.305;19.305;19.305;19.305;19.305;19.305;19.305
931;1520.28;75.577;68.295;162.914;157.07999999999998;124.587;20.02;111.608;309.818;172.694;136.035;108.262;126.238;135.45;248.57899999999995;20.02;20.02;20.02;264.48099999999994;128.874;243.972;112.97399999999999;123.32899999999998;102.44999999999999;99.167;20.02;123.77699999999999;125.06800000000001;100.544;331.51699999999994
932;898.019;67.056;20.02;125.17299999999999;108.588;132.475;20.02;136.56199999999998;255.54000000000002;106.615;20.02;20.02;105.68199999999999;112.44999999999999;180.169;20.02;20.02;20.02;179.266;74.738;195.53099999999998;43.711999999999996;114.11600000000001;88.03899999999999;35.452;20.02;137.432;102.69999999999999;113.96199999999999;209.82399999999998
933;3586.634;150.3;145.34699999999998;233.771;202.267;178.12099999999998;22.88;180.863;363.10599999999994;171.272;218.57799999999997;298.032;219.406;169.983;264.649;176.023;105.04299999999998;22.88;310.755;200.11099999999996;408.148;190.206;158.5;188.74399999999997;180.775;22.88;224.57399999999998;174.635;230.50799999999998;577.068
934;2480.5909999999994;178.00599999999997;186.37099999999998;445.64699999999993;235.42299999999997;216.649;22.88;202.567;352.627;235.62699999999998;265.866;258.32499999999993;217.85799999999998;165.43699999999998;290.11299999999994;200.30799999999996;110.394;22.88;340.74;181.288;281.277;109.688;109.648;130.117;122.588;22.88;159.88799999999998;92.98599999999999;177.707;449.554
935;875.071;95.90899999999999;70.893;149.17499999999998;178.72299999999998;175.30799999999996;22.88;151.79;235.795;56.699999999999996;22.88;22.88;136.432;141.611;202.70499999999998;22.88;60.43299999999999;22.88;170.583;127.86599999999999;219.814;22.88;22.88;22.88;22.88;22.88;22.88;22.88;22.88;132.302
936;674.035;89.579;73.90099999999998;169.801;178.742;148.212;20.02;129.968;186.318;88.48599999999999;97.39399999999999;126.68599999999999;149.059;130.142;205.447;100.376;73.658;20.02;148.59699999999998;107.124;219.26999999999998;100.339;20.02;20.02;20.02;20.02;20.02;20.02;20.02;131.75799999999998
937;1876.536;130.487;114.69;201.24699999999999;167.94499999999996;249.078;20.02;186.96699999999998;261.553;84.35199999999999;137.23399999999998;216.77799999999996;169.557;183.70499999999998;274.784;83.60399999999998;25.083;20.02;314.907;112.95799999999998;244.628;118.259;47.644999999999996;114.21099999999998;113.78999999999999;20.02;43.863;47.75399999999999;109.523;319.803
938;1883.412;150.588;134.02599999999998;143.00900000000001;167.435;64.615;20.02;-11.108;140.018;58.666;20.02;118.61099999999999;137.873;106.023;150.13899999999998;76.6;20.02;20.02;256.70899999999995;43.971999999999994;158.727;69.493;20.02;20.02;39.039;20.02;44.821;20.02;47.602999999999994;402.073
939;1227.1529999999998;22.88;68.69999999999999;186.31199999999998;187.916;142.125;22.88;169.12;279.404;185.31;103.146;211.601;180.84799999999998;114.95499999999998;206.73;132.572;138.963;22.88;214.41799999999998;77.675;212.715;97.014;77.50299999999999;22.88;22.88;22.88;22.88;22.88;22.88;146.03999999999996
940;1112.6709999999998;143.898;63.730999999999995;86.59899999999999;164.939;75.126;20.02;78.404;229.92499999999998;20.02;20.02;20.02;20.02;20.02;20.02;20.02;20.02;20.02;20.02;20.02;20.02;20.02;20.02;20.02;20.02;20.02;20.02;20.02;20.02;118.05199999999998
941;1126.2199999999998;103.86;122.945;174.49699999999999;225.32799999999997;114.124;22.88;118.90599999999999;157.25199999999998;36.934;27.485999999999997;68.895;88.465;38.745999999999995;158.505;39.528;22.88;22.88;285.89099999999996;56.665;142.19899999999998;54.419;22.88;98.567;86.86099999999999;22.88;104.553;22.88;64.342;267.33899999999994
942;594.841;112.66099999999999;170.792;147.081;148.54999999999998;78.717;20.02;74.035;71.75;20.02;20.02;20.02;20.02;20.02;20.02;20.02;20.02;20.02;105.465;20.02;20.02;20.02;20.02;20.02;20.02;20.02;20.02;20.02;20.02;20.02
943;211.08899999999997;74.865;22.88;22.88;22.88;22.88;22.88;22.88;22.88;22.88;22.88;22.88;22.88;22.88;22.88;22.88;22.88;22.88;22.88;22.88;22.88;22.88;22.88;22.88;22.88;22.88;22.88;22.88;22.88;151.648
944;1932.006;86.277;74.316;217.989;164.56399999999996;169.15999999999997;19.305;122.82;204.93699999999998;105.93799999999999;147.49999999999997;71.47300000000001;176.161;186.07299999999998;227.02599999999995;109.86299999999999;82.13799999999999;19.305;179.504;183.45099999999996;306.40199999999993;130.932;67.42699999999999;156.41400000000002;139.83999999999997;19.305;19.305;19.305;166.91799999999998;381.31100000000004
945;62.77499999999999;20.02;20.02;20.02;20.02;20.02;20.02;20.02;20.02;20.02;20.02;20.02;20.02;20.02;20.02;20.02;20.02;20.02;20.02;20.02;20.02;20.02;20.02;20.02;20.02;20.02;20.02;20.02;20.02;20.02
946;7443.332;287.056;255.55499999999998;444.43399999999997;196.19999999999996;310.406;22.165;290.594;520.5229999999999;460.6379999999999;310.925;417.84799999999996;309.375;485.044;344.28200000000004;274.216;268.05199999999996;22.165;632.2649999999999;299.518;479.745;291.834;291.209;365.288;258.38399999999996;22.165;238.292;207.13500000000002;304.784;694.2559999999999
947;1991.3230000000003;141.34599999999998;128.351;268.56600000000003;173.392;210.346;22.88;171.26999999999998;236.20399999999998;138.756;128.029;131.14999999999998;260.788;163.01799999999997;292.68699999999995;119.538;65.37299999999999;22.88;281.56399999999996;142.673;277.522;91.108;22.88;55.336;68.993;22.88;51.242999999999995;45.98499999999999;95.701;385.62899999999996
948;65.63499999999999;22.88;22.88;22.88;22.88;22.88;22.88;22.88;22.88;22.88;22.88;22.88;22.88;22.88;22.88;22.88;22.88;22.88;22.88;22.88;22.88;22.88;22.88;22.88;22.88;22.88;22.88;22.88;22.88;22.88
949;2850.898;137.314;139.32999999999998;224.029;180.676;229.083;22.88;213.46799999999996;301.03;111.11200000000001;160.49099999999999;138.261;188.702;159.325;274.97499999999997;222.894;70.512;22.88;234.701;149.41400000000002;291.09999999999997;129.315;123.06299999999999;121.39099999999999;79.66;22.88;98.35199999999999;118.07;104.883;296.229
950;192.87199999999999;16.445;65.523;16.445;99.83299999999998;16.445;16.445;16.445;16.445;16.445;16.445;16.445;16.445;16.445;16.445;16.445;16.445;16.445;16.445;16.445;16.445;16.445;16.445;16.445;16.445;16.445;16.445;16.445;16.445;16.445
951;329.327;101.23499999999999;63.361999999999995;53.839999999999996;92.697;20.02;20.02;20.02;96.52199999999999;20.02;20.02;20.02;20.02;20.02;20.02;20.02;20.02;20.02;106.314;20.02;20.02;20.02;20.02;20.02;20.02;20.02;20.02;20.02;20.02;20.02
952;3082.3629999999994;222.606;185.50099999999998;160.602;177.595;123.45299999999999;16.445;107.38799999999999;194.83599999999998;116.557;66.72699999999999;71.761;145.23899999999998;113.868;219.85399999999998;88.547;92.43799999999999;16.445;311.131;135.399;265.962;94.731;82.357;118.68199999999999;113.45599999999999;16.445;53.952;54.388;128.08499999999998;273.46799999999996
953;2049.071;230.256;293.344;201.26999999999998;181.45600000000002;14.181999999999999;25.74;12.265;311.793;176.461;128.32399999999998;215.50799999999998;158.04999999999998;75.77799999999999;103.254;22.389999999999997;27.567999999999998;25.74;411.749;86.995;280.496;113.34899999999999;37.867999999999995;106.46799999999999;46.759;25.74;25.74;25.74;116.12199999999999;391.778
954;62.77499999999999;20.02;20.02;20.02;20.02;20.02;20.02;20.02;20.02;20.02;20.02;20.02;20.02;20.02;20.02;20.02;20.02;20.02;20.02;20.02;20.02;20.02;20.02;20.02;20.02;20.02;20.02;20.02;20.02;20.02
955;1393.762;64.16499999999999;136.37399999999997;44.330999999999996;102.14299999999999;-13.477;20.02;102.02099999999999;195.181;91.42699999999999;119.53899999999999;57.532;106.96799999999999;135.457;203.62699999999998;143.07;54.358;20.02;95.963;66.972;218.771;73.46899999999998;78.189;115.426;97.74699999999999;20.02;109.892;67.44800000000001;96.008;422.412
956;1339.527;97.58;103.076;181.50900000000001;192.25099999999998;206.50099999999998;19.305;180.615;323.64099999999996;147.13299999999998;86.175;86.70400000000001;92.34799999999998;113.505;193.172;140.559;80.203;19.305;320.36299999999994;60.233000000000004;305.915;106.64099999999999;67.71499999999999;90.178;62.141999999999996;19.305;86.691;53.617999999999995;99.304;486.01399999999995
957;916.953;134.29199999999997;133.209;93.423;119.60399999999998;4.216999999999999;20.02;129.47;121.03799999999998;97.78099999999999;25.127;137.65699999999998;31.311999999999994;64.19;139.028;24.671999999999997;26.018;20.02;164.344;20.02;165.853;43.473;39.364;79.53099999999999;20.02;20.02;84.294;70.36399999999999;72.19;315.505
958;1828.767;134.79899999999998;141.72099999999998;284.85499999999996;212.19399999999996;211.265;25.74;222.575;299.43899999999996;144.81199999999998;136.635;149.256;188.426;174.499;260.134;122.374;101.76899999999999;25.74;243.53099999999998;139.54;373.32599999999996;176.05599999999998;107.62;163.988;161.75199999999998;25.74;77.49499999999999;102.347;223.622;536.536
959;263.363;20.02;20.02;20.02;20.02;20.02;20.02;20.02;20.02;20.02;20.02;20.02;20.02;20.02;20.02;20.02;20.02;20.02;20.02;20.02;20.02;20.02;20.02;20.02;20.02;20.02;20.02;20.02;20.02;145.136
960;533.509;96.15299999999999;88.12499999999999;63.262;111.86099999999999;22.88;22.88;22.88;113.31599999999999;22.88;22.88;22.88;22.88;22.88;22.88;22.88;22.88;22.88;22.88;22.88;22.88;22.88;22.88;22.88;22.88;22.88;22.88;22.88;22.88;149.648
961;2421.8669999999997;71.349;103.46099999999998;138.797;160.695;261.96999999999997;16.445;180.387;214.456;117.381;67.178;96.33999999999997;108.10299999999998;137.258;206.231;214.64499999999995;84.50399999999999;16.445;215.887;271.28299999999996;272.54299999999995;120.453;124.22999999999999;85.345;92.332;16.445;91.071;58.908;95.334;348.92099999999994
962;205.394;95.626;62.025999999999996;16.445;16.445;16.445;16.445;16.445;16.445;16.445;16.445;16.445;16.445;16.445;16.445;16.445;16.445;16.445;16.445;16.445;16.445;16.445;16.445;16.445;16.445;16.445;16.445;16.445;16.445;16.445
963;143.608;72.568;22.88;22.88;22.88;22.88;22.88;22.88;22.88;22.88;22.88;22.88;22.88;22.88;22.88;22.88;22.88;22.88;22.88;22.88;22.88;22.88;22.88;22.88;22.88;22.88;22.88;22.88;22.88;22.88
964;348.116;78.542;20.02;20.02;59.676;20.02;20.02;20.02;76.582;20.02;20.02;20.02;20.02;20.02;20.02;20.02;20.02;20.02;20.02;20.02;20.02;20.02;20.02;20.02;20.02;20.02;20.02;20.02;20.02;20.02
965;65.63499999999999;22.88;22.88;22.88;22.88;22.88;22.88;22.88;22.88;22.88;22.88;22.88;22.88;22.88;22.88;22.88;22.88;22.88;22.88;22.88;22.88;22.88;22.88;22.88;22.88;22.88;22.88;22.88;22.88;22.88
966;1918.886;69.645;327.20099999999996;225.55899999999997;183.17799999999997;248.7;19.305;206.178;339.97599999999994;180.44299999999998;148.034;113.61299999999999;152.453;183.01;224.404;229.082;147.219;19.305;182.773;241.19599999999997;393.77299999999997;112.45299999999999;110.05999999999997;32.43299999999999;57.778999999999996;19.305;68.726;47.452;71.868;472.29999999999995
967;3215.8289999999997;178.04699999999997;172.57299999999998;301.712;173.21800000000002;216.935;16.445;270.99899999999997;336.03599999999994;197.888;229.72299999999998;348.74199999999996;250.84199999999998;175.809;313.95099999999996;185.88399999999996;157.037;16.445;426.63;223.141;320.948;149.935;124.50399999999999;195.759;247.94399999999996;16.445;155.779;102.898;216.80399999999997;448.864
968;725.593;105.25299999999999;141.45499999999998;20.889000000000003;141.939;10.207;22.88;-5.902000000000001;97.344;103.423;81.657;117.75999999999999;83.957;58.462999999999994;199.17199999999997;98.112;93.003;22.88;104.30799999999999;65.763;218.35299999999998;35.201;69.619;50.339999999999996;50.20299999999999;22.88;60.69;22.88;54.029999999999994;306.324
969;1798.436;99.15599999999999;61.361999999999995;170.69;202.223;158.63400000000001;22.88;248.23699999999997;222.408;73.911;122.792;72.22899999999998;213.27300000000002;196.06799999999998;271.453;22.88;22.88;22.88;293.291;173.086;336.73;150.779;63.330999999999996;101.02699999999999;96.84299999999999;22.88;22.88;22.88;75.36500000000001;423.07199999999995
970;911.557;218.595;223.789;195.18599999999998;173.765;132.185;20.02;85.25099999999999;20.02;20.02;20.02;20.02;20.02;20.02;20.02;20.02;20.02;20.02;20.02;20.02;20.02;20.02;20.02;20.02;20.02;20.02;20.02;20.02;20.02;182.182
971;751.3319999999999;94.582;131.023;177.56099999999998;170.10899999999998;62.535999999999994;20.02;63.123;198.85999999999999;59.18599999999999;20.02;20.02;47.66799999999999;20.02;20.02;20.02;59.232;20.02;109.59499999999998;20.02;20.02;20.02;20.02;20.02;20.02;20.02;20.02;20.02;20.02;178.534
972;1099.9789999999998;101.202;132.483;172.402;180.11599999999999;152.564;20.02;85.39599999999999;241.47199999999998;143.002;20.02;102.24399999999999;128.79;112.87899999999999;197.39399999999998;82.931;20.02;20.02;172.49599999999998;124.041;223.47;95.295;57.739;87.40899999999999;52.46799999999999;20.02;56.821;45.754;65.43799999999999;249.448
973;583.011;78.24699999999999;68.31799999999998;122.397;169.405;109.12899999999999;20.02;20.02;102.22300000000001;74.588;20.02;20.02;98.09599999999999;20.02;100.841;20.02;20.02;20.02;20.02;20.02;20.02;20.02;20.02;20.02;20.02;20.02;20.02;20.02;20.02;127.008
974;1247.35;134.423;-19.5;72.65199999999999;133.16;72.55099999999999;20.02;77.02099999999999;224.97999999999996;73.905;57.340999999999994;107.50799999999998;109.20799999999998;99.082;213.123;20.02;20.02;20.02;133.438;99.35;218.60299999999998;83.50799999999998;66.888;102.441;106.332;20.02;106.54299999999999;20.02;154.754;390.466
975;158.474;71.36;20.02;20.02;20.02;20.02;20.02;20.02;20.02;20.02;20.02;20.02;20.02;20.02;20.02;20.02;20.02;20.02;20.02;20.02;20.02;20.02;20.02;20.02;20.02;20.02;20.02;20.02;20.02;20.02
976;349.83299999999997;73.482;22.88;22.88;164.95299999999997;57.54899999999999;22.88;22.88;85.116;22.88;22.88;22.88;22.88;22.88;22.88;22.88;22.88;22.88;111.62899999999999;22.88;22.88;22.88;22.88;22.88;22.88;22.88;22.88;22.88;22.88;22.88
977;1881.6119999999999;182.442;162.26399999999998;212.00799999999998;198.40800000000002;229.021;20.02;196.587;266.349;177.27499999999998;197.325;151.773;192.48199999999997;214.41599999999997;278.953;73.077;15.365999999999996;20.02;169.398;182.718;346.15299999999996;151.146;106.273;166.95;182.23499999999999;20.02;121.41799999999999;111.917;136.18099999999998;456.754
978;118.70899999999999;20.02;20.02;20.02;20.02;20.02;20.02;20.02;20.02;20.02;20.02;20.02;20.02;20.02;20.02;20.02;20.02;20.02;20.02;20.02;20.02;20.02;20.02;20.02;20.02;20.02;20.02;20.02;20.02;20.02
979;3574.7479999999996;222.695;273.96;308.26599999999996;241.32;413.195;19.305;209.889;321.0;323.65999999999997;246.47899999999998;254.123;187.583;257.54699999999997;263.88199999999995;137.631;314.63;19.305;368.347;203.384;359.78899999999993;133.53699999999998;191.56899999999996;190.96099999999998;167.77499999999998;19.305;226.66899999999998;150.12199999999999;177.43099999999998;500.14599999999996
980;62.05999999999999;19.305;19.305;19.305;19.305;19.305;19.305;19.305;19.305;19.305;19.305;19.305;19.305;19.305;19.305;19.305;19.305;19.305;19.305;19.305;19.305;19.305;19.305;19.305;19.305;19.305;19.305;19.305;19.305;19.305
981;1324.5639999999999;90.21199999999999;62.894999999999996;187.803;172.48;178.615;22.88;120.16799999999999;127.50099999999999;22.88;22.88;22.88;129.595;130.75099999999998;227.064;68.79499999999999;63.721;22.88;202.48899999999998;86.443;186.012;22.88;55.897;45.42099999999999;42.312;22.88;22.88;51.467;47.637;342.36400000000003
982;1677.679;170.683;128.551;173.35699999999997;216.60099999999997;130.57799999999997;22.88;148.791;236.49699999999999;134.192;96.17599999999999;159.099;140.762;160.88;254.83800000000002;68.744;39.376999999999995;22.88;195.31799999999998;104.674;239.86499999999995;106.48599999999999;96.52699999999999;104.84799999999998;108.139;22.88;94.351;92.78899999999999;132.042;382.28799999999995
983;65.63499999999999;22.88;22.88;22.88;22.88;22.88;22.88;22.88;22.88;22.88;22.88;22.88;22.88;22.88;22.88;22.88;22.88;22.88;22.88;22.88;22.88;22.88;22.88;22.88;22.88;22.88;22.88;22.88;22.88;22.88
984;1348.895;134.345;143.17399999999998;287.59299999999996;203.48;242.13;20.02;201.974;264.525;142.34699999999998;155.236;143.593;164.858;95.61899999999999;182.33999999999997;148.313;132.575;20.02;241.986;148.88799999999998;254.50899999999996;35.257;124.64099999999999;58.096999999999994;47.672;20.02;68.96199999999999;55.05799999999999;125.527;406.12899999999996
985;1528.7299999999998;104.02;137.565;184.38199999999998;189.313;209.03699999999998;20.02;219.58899999999997;251.77999999999997;91.572;95.48;69.814;138.176;107.34399999999998;197.279;79.482;57.61;20.02;174.17;20.02;180.683;52.885999999999996;44.777;42.888999999999996;37.62599999999999;20.02;57.863;20.02;53.19;331.419
986;2475.9089999999997;127.049;110.692;108.524;233.32499999999996;152.697;20.02;180.789;255.48999999999998;193.844;208.01999999999998;190.17;116.69099999999999;90.102;166.00099999999998;97.481;93.32;20.02;371.4;101.76499999999999;174.817;87.268;91.756;137.092;103.11;20.02;151.734;115.75699999999998;141.896;469.63
987;2149.8559999999998;186.786;286.113;267.10499999999996;190.028;161.623;20.02;167.474;248.52399999999997;133.908;132.302;164.85899999999998;124.83299999999998;160.043;203.344;58.253;20.02;20.02;218.63999999999996;71.972;151.685;38.605;20.02;64.911;57.035;20.02;44.863;20.02;20.02;274.947
988;847.097;100.326;78.88199999999999;78.198;166.54299999999998;66.994;22.88;76.589;152.652;62.91799999999999;22.88;22.88;22.88;22.88;22.88;22.88;22.88;22.88;130.35199999999998;22.88;22.88;96.37099999999998;22.88;22.88;22.88;22.88;22.88;22.88;116.608;151.994
989;1475.0019999999997;98.079;111.789;157.797;171.422;196.28300000000002;22.88;154.22699999999998;249.03199999999995;110.30399999999999;192.277;229.63199999999995;162.456;180.99299999999997;233.329;94.198;72.41699999999999;22.88;167.32799999999997;86.134;254.00899999999996;70.329;22.88;98.962;100.80699999999999;22.88;96.43699999999998;74.06899999999999;107.51799999999997;381.895
990;101.73599999999999;16.445;16.445;16.445;54.83099999999999;16.445;16.445;16.445;16.445;16.445;16.445;16.445;16.445;16.445;16.445;16.445;16.445;16.445;16.445;16.445;16.445;16.445;16.445;16.445;16.445;16.445;16.445;16.445;16.445;16.445
991;2153.964;158.317;95.85499999999999;156.45299999999997;165.50699999999998;158.44899999999998;19.305;134.60899999999998;246.429;211.37699999999998;155.14499999999998;222.86399999999998;173.805;215.28099999999998;270.149;19.305;147.772;19.305;159.992;149.20299999999997;274.905;150.704;143.57399999999998;145.701;149.697;19.305;139.004;132.475;131.517;521.567
992;64.651;25.74;25.74;25.74;25.74;25.74;25.74;25.74;25.74;25.74;25.74;25.74;25.74;25.74;25.74;25.74;25.74;25.74;25.74;25.74;25.74;25.74;25.74;25.74;25.74;25.74;25.74;25.74;25.74;25.74
993;749.8929999999999;158.025;248.253;171.88399999999996;172.781;69.83399999999999;20.02;20.02;169.43099999999998;20.02;81.53399999999999;20.02;20.02;20.02;20.02;20.02;20.02;20.02;115.48999999999998;20.02;20.02;20.02;20.02;20.02;20.02;20.02;20.02;20.02;20.02;145.962
994;411.979;114.258;92.814;207.66499999999996;157.184;71.069;20.02;20.02;20.02;20.02;20.02;20.02;20.02;20.02;20.02;20.02;20.02;20.02;110.182;20.02;20.02;20.02;20.02;20.02;20.02;20.02;20.02;20.02;20.02;152.82999999999998
995;2471.8109999999997;230.48899999999998;155.77200000000002;257.701;217.072;269.368;22.88;315.705;362.563;219.165;254.82999999999998;180.51699999999997;283.85299999999995;230.76299999999998;322.051;193.355;145.34300000000002;22.88;516.2739999999999;259.85;357.77799999999996;210.706;119.86499999999998;163.093;191.29;22.88;83.82;94.255;351.368;603.65
996;2312.489;167.519;128.45999999999998;245.219;197.09199999999998;264.42199999999997;22.165;260.889;304.769;173.41899999999998;180.56;189.385;226.43099999999998;230.452;292.35499999999996;139.68499999999997;95.094;22.165;333.23299999999995;216.344;262.14;119.764;63.88399999999999;112.535;129.00900000000001;22.165;47.334999999999994;85.72999999999999;140.81699999999998;439.64799999999997
997;894.6310000000001;233.485;247.517;272.975;145.08999999999997;132.917;16.445;67.0;90.90899999999999;16.445;16.445;16.445;73.98;77.871;76.30699999999999;16.445;16.445;16.445;112.60499999999999;16.445;16.445;16.445;16.445;16.445;16.445;16.445;110.999;119.80000000000001;16.445;152.817
998;1430.1239999999998;95.597;124.19;164.646;178.62;155.83599999999998;20.02;128.178;264.847;222.91699999999997;145.218;158.27399999999997;123.56099999999999;120.779;207.41299999999998;106.095;20.02;20.02;117.02899999999998;20.02;20.02;20.02;20.02;20.02;20.02;20.02;20.02;20.02;20.02;150.333
999;4215.396;244.118;191.63299999999998;294.04499999999996;200.197;519.424;16.445;421.06100000000004;208.198;151.05700000000002;85.44;215.08299999999997;293.40599999999995;218.48499999999996;272.404;136.60899999999998;77.12;16.445;440.17499999999995;262.726;341.18399999999997;240.998;91.53399999999999;247.04799999999997;176.337;16.445;106.63799999999999;89.25899999999999;453.067;468.16499999999996
1000;3766.6659999999993;209.754;182.11899999999997;227.22899999999998;203.40099999999998;214.57299999999998;16.445;190.87099999999998;330.211;141.727;128.516;110.083;211.70299999999997;153.289;266.61199999999997;190.94099999999997;181.45499999999998;16.445;473.63199999999995;151.803;252.924;110.96699999999998;107.63799999999999;162.444;83.375;16.445;131.97099999999998;115.885;121.41999999999999;398.646
1001;1107.196;142.515;22.88;117.45299999999999;137.47199999999998;68.851;22.88;22.88;107.121;22.88;22.88;22.88;22.88;67.463;102.049;22.88;57.135999999999996;22.88;304.18199999999996;56.028999999999996;148.58700000000002;22.88;22.88;22.88;22.88;22.88;22.88;22.88;63.462999999999994;221.176
1002;613.6099999999999;120.71900000000001;94.676;193.68999999999994;152.945;139.798;16.445;16.445;83.30499999999999;16.445;16.445;16.445;16.445;16.445;16.445;16.445;16.445;16.445;16.445;16.445;16.445;16.445;16.445;16.445;16.445;16.445;16.445;16.445;16.445;151.647
1003;303.077;94.66;22.88;79.15299999999999;22.88;22.88;22.88;22.88;22.88;22.88;22.88;22.88;22.88;22.88;22.88;22.88;22.88;22.88;121.12799999999999;22.88;22.88;22.88;22.88;22.88;22.88;22.88;22.88;22.88;22.88;22.88
1004;1574.4159999999997;124.877;111.582;112.83499999999998;187.04999999999998;114.59299999999999;22.88;121.67699999999999;222.361;155.85199999999998;150.238;69.4;138.828;188.39399999999998;193.295;58.523999999999994;53.00599999999999;22.88;386.52299999999997;193.00399999999996;218.447;109.337;63.330999999999996;152.05499999999998;58.29899999999999;22.88;75.82199999999999;64.57;92.929;438.558
1005;1981.549;191.93599999999998;175.079;248.515;199.04199999999997;162.03799999999998;25.74;206.63499999999996;346.053;243.448;189.85799999999998;251.75699999999998;180.28;229.224;271.301;224.077;158.108;25.74;293.02;150.80599999999998;277.47299999999996;135.49599999999998;132.451;140.23;145.142;25.74;184.264;118.31699999999998;157.452;463.78499999999997
1006;1606.2709999999997;98.446;25.74;45.056;169.357;25.74;25.74;90.13499999999999;142.589;25.74;25.74;65.755;53.431999999999995;59.32299999999999;189.765;25.74;25.74;25.74;128.872;48.105;213.063;48.431999999999995;58.778;25.74;25.74;25.74;57.41999999999999;25.74;85.149;398.02399999999994
1007;2892.468;311.653;215.088;392.83599999999996;214.09999999999997;318.585;16.445;220.435;392.71899999999994;271.17;119.14399999999999;166.38099999999997;186.803;205.634;231.26399999999995;91.69699999999999;176.58299999999997;16.445;320.834;225.903;306.871;102.30799999999999;85.491;72.17499999999998;32.702999999999996;16.445;130.79999999999998;115.76299999999999;189.30899999999997;376.878
1008;4675.419999999999;200.047;191.046;384.706;240.871;375.084;22.88;207.389;384.11199999999997;215.748;161.29399999999998;167.72299999999998;278.051;403.90599999999995;311.738;394.60099999999994;193.361;22.88;479.94599999999997;333.173;421.352;219.73399999999998;268.64199999999994;218.63899999999995;252.26699999999997;22.88;268.19999999999993;150.271;212.036;518.739
1009;608.8149999999999;93.333;85.82399999999998;100.029;170.224;70.329;22.88;76.11099999999999;176.733;22.88;22.88;22.88;22.88;22.88;22.88;22.88;22.88;22.88;114.08399999999999;22.88;22.88;22.88;22.88;22.88;22.88;22.88;22.88;22.88;22.88;22.88
1010;62.77499999999999;20.02;20.02;20.02;20.02;20.02;20.02;20.02;20.02;20.02;20.02;20.02;20.02;20.02;20.02;20.02;20.02;20.02;20.02;20.02;20.02;20.02;20.02;20.02;20.02;20.02;20.02;20.02;20.02;20.02
1011;62.77499999999999;20.02;20.02;20.02;20.02;20.02;20.02;20.02;20.02;20.02;20.02;20.02;20.02;20.02;20.02;20.02;20.02;20.02;20.02;20.02;20.02;20.02;20.02;20.02;20.02;20.02;20.02;20.02;20.02;20.02
1012;1964.3199999999997;238.41399999999996;187.081;236.61400000000003;243.03699999999998;159.81400000000002;25.74;165.12099999999998;299.895;316.03399999999993;222.34799999999996;237.81;162.391;185.90599999999998;257.161;174.36199999999997;130.93;25.74;216.632;219.43;273.976;142.57599999999996;131.95499999999998;158.285;170.22699999999998;25.74;139.413;125.473;175.884;522.8199999999999
1013;2839.419;111.997;171.239;169.022;196.915;226.18099999999998;19.305;227.91499999999996;318.68;338.525;195.94499999999996;351.286;186.947;224.262;252.127;259.221;187.87900000000002;19.305;395.65099999999995;287.433;344.29499999999996;157.59699999999998;172.615;148.25699999999998;124.14599999999999;19.305;185.60299999999998;133.51299999999998;156.474;455.524
1014;2923.7889999999998;152.843;160.551;175.66199999999998;210.84999999999997;235.54399999999998;22.88;221.72000000000003;236.04399999999998;187.61700000000002;130.78799999999998;93.567;179.55599999999998;115.39699999999999;216.75;164.458;74.22;22.88;298.50100000000003;200.128;283.43499999999995;105.994;79.00200000000001;121.79399999999998;83.13199999999999;22.88;73.79899999999999;114.91499999999999;90.889;337.2969999999999
1015;1091.559;74.03099999999999;92.887;143.67399999999998;167.92499999999998;167.04699999999997;22.88;150.774;234.70499999999998;110.684;22.88;108.67599999999999;109.66999999999999;86.596;224.25400000000002;75.445;77.33599999999998;22.88;176.295;87.939;224.265;76.106;118.94199999999998;86.746;87.17299999999999;22.88;101.03399999999999;92.727;104.132;399.998
1016;3002.7739999999994;177.26999999999998;246.439;216.74099999999999;232.63299999999998;243.01399999999998;22.88;284.23299999999995;298.48699999999997;265.692;126.63300000000001;241.891;227.92600000000002;169.13199999999998;257.401;229.318;120.345;22.88;188.88799999999998;155.981;280.943;114.88799999999999;64.34;159.93599999999998;160.45999999999998;22.88;119.06199999999998;87.685;164.597;406.885
1017;2042.5019999999997;122.461;169.58999999999997;160.85999999999999;116.404;128.11599999999999;22.88;138.85;315.688;101.859;85.21199999999999;64.45299999999999;76.66699999999999;52.632999999999996;152.91400000000002;22.88;22.88;22.88;255.94799999999998;147.23699999999997;255.045;95.482;86.87899999999999;78.67899999999999;22.88;22.88;77.691;22.88;54.05;438.95
1018;370.48499999999996;161.71999999999997;157.89399999999998;77.477;97.59899999999999;60.78199999999999;20.02;20.02;20.02;20.02;20.02;20.02;20.02;20.02;20.02;20.02;20.02;20.02;20.02;20.02;20.02;20.02;20.02;20.02;20.02;20.02;20.02;20.02;20.02;150.101
1019;1104.5069999999998;117.294;103.40299999999999;504.52;173.698;144.736;20.02;102.92399999999998;134.91199999999998;102.178;20.02;53.949;58.539;57.731;97.06599999999999;60.05799999999999;20.02;20.02;68.731;20.02;20.02;20.02;20.02;20.02;20.02;20.02;20.02;20.02;20.02;161.18
1020;3631.589;221.56099999999998;219.757;319.30699999999996;214.042;232.97500000000002;22.165;255.216;347.76;205.50099999999998;210.902;251.47999999999996;305.091;301.678;346.26599999999996;188.70899999999997;111.564;22.165;406.896;236.40800000000002;403.11799999999994;177.638;155.48699999999997;210.28699999999998;227.95799999999997;22.165;142.416;76.99799999999999;122.96199999999999;489.28499999999997
1021;3799.874;203.36199999999997;210.23;422.29099999999994;177.561;418.26399999999995;25.74;215.04199999999997;270.50899999999996;356.423;251.565;161.694;325.681;223.813;330.803;293.097;142.697;25.74;304.7219999999999;172.87199999999999;322.556;135.271;129.486;155.771;181.11699999999996;25.74;154.333;177.24399999999997;261.437;544.8839999999999
1022;506.33299999999997;142.287;158.96099999999998;99.71600000000001;175.409;81.59299999999999;25.74;79.057;114.416;25.74;103.41899999999998;86.276;77.80799999999999;78.244;81.13499999999999;81.428;25.74;25.74;56.669;60.56;25.74;25.74;25.74;25.74;25.74;25.74;25.74;25.74;25.74;25.74
1023;2012.516;87.874;127.863;185.814;184.15699999999998;249.699;22.88;179.921;222.84099999999998;133.08299999999997;115.54699999999998;133.80700000000002;194.81;156.31;260.247;140.964;109.47;22.88;220.463;168.291;325.679;171.346;101.538;125.526;148.69099999999997;22.88;81.051;69.241;171.08099999999996;378.99199999999996
1024;1169.5349999999999;89.55499999999999;243.938;170.921;182.07799999999997;155.731;20.02;119.674;188.921;137.892;167.391;165.742;141.107;136.801;232.38299999999998;115.92599999999999;127.104;20.02;184.29899999999998;75.112;243.07299999999998;116.56;78.29599999999999;137.742;95.52399999999999;20.02;98.25999999999999;71.119;95.64999999999998;387.36799999999994
1025;375.66599999999994;184.57399999999998;193.628;202.36499999999995;106.137;20.02;20.02;20.02;20.02;20.02;20.02;20.02;20.02;20.02;20.02;20.02;20.02;20.02;115.05;20.02;20.02;20.02;20.02;20.02;20.02;20.02;20.02;20.02;20.02;148.201
1026;1459.5389999999998;155.00199999999998;20.02;65.014;92.28399999999999;20.02;20.02;20.02;230.517;20.02;54.275999999999996;20.02;95.82099999999998;64.167;124.88399999999999;93.362;51.798;20.02;167.503;82.92999999999999;189.32;20.02;69.14399999999999;48.907;20.02;20.02;82.49;20.02;67.00999999999999;297.248
1027;9103.35;211.459;311.67199999999997;626.9469999999999;197.801;317.46399999999994;16.445;280.175;602.156;628.321;343.869;333.59399999999994;290.01399999999995;216.909;293.96299999999997;395.48499999999996;232.33499999999998;16.445;415.614;213.61699999999996;287.077;192.86599999999999;158.44599999999997;158.721;133.971;16.445;158.515;83.416;111.05799999999999;416.647
1028;1212.9;81.52199999999999;20.02;96.59199999999998;133.03999999999996;87.56;20.02;72.61099999999999;125.16199999999999;57.83999999999999;20.02;93.457;60.442;78.41299999999998;173.33499999999998;20.02;60.471;20.02;90.65799999999999;89.354;248.27499999999998;95.136;20.02;39.971999999999994;42.99499999999999;20.02;20.02;20.02;87.26399999999998;238.77599999999998
1029;364.35799999999995;95.83099999999999;20.02;20.02;97.18599999999998;65.42699999999999;20.02;20.02;46.559;20.02;88.142;20.02;20.02;20.02;20.02;20.02;20.02;20.02;118.75399999999999;20.02;20.02;20.02;20.02;20.02;20.02;20.02;20.02;20.02;20.02;152.45199999999997
1030;3217.5279999999993;187.95099999999996;167.06900000000002;277.64;238.71099999999998;398.23099999999994;20.02;426.154;337.759;369.471;231.22899999999998;337.679;380.50399999999996;425.492;427.63199999999995;363.1719999999999;212.34999999999997;20.02;423.905;280.05699999999996;431.68399999999997;257.96;192.346;268.732;229.46800000000002;20.02;208.79;183.209;281.445;626.8399999999999
1031;2336.946;328.05899999999997;233.695;161.981;221.204;157.92399999999998;20.02;141.54399999999998;215.684;124.06800000000001;37.494;97.674;104.18699999999998;98.995;175.97899999999998;102.901;54.84;20.02;323.90599999999995;89.61599999999999;237.906;47.66799999999999;54.05799999999999;20.02;37.039;20.02;20.02;20.02;73.195;382.946
1032;3254.191;99.86299999999999;99.42699999999999;226.957;193.54899999999998;255.04999999999995;22.88;237.385;289.104;145.763;78.838;103.975;205.63;236.85899999999998;293.5849999999999;91.32;43.093999999999994;22.88;370.835;108.595;244.63;59.87499999999999;65.009;84.173;117.128;22.88;63.81499999999999;60.528;103.562;521.319
1033;2312.417;236.36399999999998;201.30899999999997;266.328;190.09300000000002;331.03999999999996;22.88;306.861;500.67699999999996;200.61999999999998;81.01499999999999;141.378;124.50299999999999;10.857;226.45499999999998;112.382;114.819;22.88;311.898;66.47;68.847;71.738;60.591;95.54599999999999;54.92399999999999;22.88;126.87099999999998;76.591;142.055;344.848
1034;4029.173;119.923;110.62699999999998;222.162;233.02299999999997;220.27299999999997;16.445;411.077;318.96399999999994;357.34899999999993;265.02200000000005;310.08799999999997;311.304;240.23299999999998;302.86699999999996;164.158;212.98899999999998;16.445;288.67799999999994;301.322;347.952;136.307;92.315;227.38899999999998;178.01799999999997;16.445;211.94299999999998;141.56;159.677;617.797
1035;1868.1329999999998;111.9;165.321;192.30399999999997;196.74399999999997;164.88699999999997;16.445;202.375;318.108;203.187;220.09999999999997;166.30800000000002;167.49099999999999;137.279;244.964;148.368;72.916;16.445;287.087;180.679;266.402;145.976;87.00999999999999;126.84100000000001;120.18699999999998;16.445;116.726;89.28999999999999;192.703;370.012
1036;68.49499999999999;25.74;25.74;25.74;25.74;25.74;25.74;25.74;25.74;25.74;25.74;25.74;25.74;25.74;25.74;25.74;25.74;25.74;25.74;25.74;25.74;25.74;25.74;25.74;25.74;25.74;25.74;25.74;25.74;25.74
1037;2181.325;196.107;160.47299999999998;156.567;151.579;87.11399999999999;20.02;134.002;280.984;117.273;100.10199999999999;105.08499999999998;192.548;167.02499999999998;211.41799999999998;131.454;85.702;20.02;269.92099999999994;166.428;78.59299999999999;40.233999999999995;29.256999999999998;53.256;56.977999999999994;20.02;83.67;56.962999999999994;98.11099999999999;374.688
1038;288.591;157.19899999999998;73.619;22.88;105.33399999999999;22.88;22.88;22.88;22.88;22.88;22.88;22.88;22.88;22.88;22.88;22.88;22.88;22.88;112.45499999999998;22.88;22.88;22.88;22.88;22.88;22.88;22.88;22.88;22.88;22.88;158.103
1039;65.63499999999999;22.88;22.88;22.88;22.88;22.88;22.88;22.88;22.88;22.88;22.88;22.88;22.88;22.88;22.88;22.88;22.88;22.88;22.88;22.88;22.88;22.88;22.88;22.88;22.88;22.88;22.88;22.88;22.88;22.88
1040;305.568;107.96599999999998;88.42099999999999;99.70599999999999;22.88;22.88;22.88;22.88;22.88;22.88;22.88;22.88;22.88;22.88;22.88;22.88;22.88;22.88;22.88;22.88;22.88;22.88;22.88;22.88;22.88;22.88;22.88;22.88;22.88;169.116
1041;1423.31;92.832;187.257;71.76499999999999;138.714;4.302;22.88;5.294999999999998;146.039;119.475;126.752;94.98299999999999;144.454;114.293;139.051;21.771;28.662;22.88;156.41399999999996;50.105999999999995;169.975;46.11699999999999;69.082;60.62299999999999;53.50699999999999;22.88;66.628;48.462999999999994;87.981;275.32899999999995
1042;68.43;20.02;20.02;20.02;20.02;20.02;20.02;20.02;20.02;20.02;20.02;20.02;20.02;20.02;20.02;20.02;20.02;20.02;20.02;20.02;20.02;20.02;20.02;20.02;20.02;20.02;20.02;20.02;20.02;20.02
1043;3356.834;198.885;179.619;228.23399999999998;224.939;177.695;19.305;217.082;247.85699999999997;155.26799999999997;185.59199999999998;177.408;138.303;179.713;249.363;182.81799999999998;120.84899999999999;19.305;391.505;175.913;277.914;144.964;176.85999999999999;211.32799999999995;134.965;19.305;151.578;172.262;213.19599999999997;407.587
1044;1079.8549999999998;122.148;188.59199999999998;199.454;161.66899999999998;166.207;20.02;142.146;203.34199999999998;71.206;156.01;53.42699999999999;141.728;132.38;241.778;72.84;20.02;20.02;57.58;20.02;20.02;20.02;20.02;20.02;20.02;20.02;20.02;20.02;20.02;146.788
1045;1968.2759999999998;181.71099999999998;160.69899999999998;238.668;235.012;168.88099999999997;22.88;139.85299999999998;229.652;137.593;118.72999999999999;92.201;104.53999999999999;131.25;250.142;114.481;84.466;22.88;277.835;67.914;169.49699999999999;22.88;53.331;87.17;22.88;22.88;98.012;22.88;70.61699999999999;407.2339999999999
1046;2165.649;204.483;213.748;200.331;216.753;233.61899999999997;22.88;229.55399999999997;413.759;274.225;251.21999999999997;227.87199999999996;180.107;194.012;295.14799999999997;182.805;168.946;22.88;322.548;178.017;290.94899999999996;178.347;153.486;149.02499999999998;141.40699999999998;22.88;202.622;167.067;173.595;372.769
1047;475.13899999999995;20.02;20.02;20.02;187.45099999999996;20.02;20.02;62.949;74.92999999999999;80.29499999999999;20.02;20.02;20.02;20.02;98.08499999999998;20.02;20.02;20.02;111.22399999999999;20.02;20.02;20.02;20.02;20.02;20.02;20.02;20.02;20.02;20.02;133.572
1048;62.77499999999999;20.02;20.02;20.02;20.02;20.02;20.02;20.02;20.02;20.02;20.02;20.02;20.02;20.02;20.02;20.02;20.02;20.02;20.02;20.02;20.02;20.02;20.02;20.02;20.02;20.02;20.02;20.02;20.02;20.02
1049;622.0889999999999;120.24199999999999;105.689;94.007;160.081;123.594;16.445;16.445;16.445;16.445;16.445;16.445;16.445;16.445;16.445;16.445;16.445;16.445;16.445;16.445;16.445;16.445;16.445;16.445;16.445;16.445;16.445;16.445;16.445;150.217
1050;369.48799999999994;79.425;79.97399999999999;20.02;20.02;20.02;20.02;80.29499999999999;20.02;20.02;20.02;20.02;20.02;20.02;20.02;20.02;20.02;20.02;20.02;20.02;20.02;20.02;20.02;20.02;20.02;20.02;20.02;20.02;20.02;20.02
1051;4976.2919999999995;175.307;202.521;218.64600000000002;201.39799999999997;249.344;16.445;280.16299999999995;425.68999999999994;313.597;309.991;385.371;196.77899999999997;246.25900000000001;354.606;149.759;152.404;16.445;416.93299999999994;167.743;311.101;185.913;145.796;221.845;87.71799999999999;16.445;60.120999999999995;57.965999999999994;45.02799999999999;423.69899999999996
1052;105.95400000000001;66.817;68.708;20.02;20.02;20.02;20.02;20.02;20.02;20.02;20.02;20.02;20.02;20.02;20.02;20.02;20.02;20.02;20.02;20.02;20.02;20.02;20.02;20.02;20.02;20.02;20.02;20.02;20.02;20.02
1053;691.9419999999999;102.23799999999999;128.652;114.62599999999998;172.124;73.81499999999998;19.305;29.607;152.018;128.285;61.821;105.99099999999999;99.06099999999999;83.29299999999999;182.414;101.94299999999998;19.305;19.305;19.305;19.305;166.164;19.305;19.305;19.305;19.305;19.305;19.305;19.305;19.305;19.305
1054;1789.26;110.847;176.714;220.07299999999998;166.93200000000002;132.958;16.445;95.445;245.658;231.373;123.578;255.40899999999996;130.279;113.709;196.98999999999998;102.04599999999999;56.15599999999999;16.445;197.438;98.38999999999999;204.39;58.52499999999999;16.445;16.445;16.445;16.445;16.445;16.445;85.39299999999999;186.02
1055;2372.045;143.21699999999998;197.397;151.803;203.69899999999998;190.063;16.445;180.05599999999998;306.12699999999995;262.204;137.878;200.696;149.443;143.25799999999998;180.481;150.13899999999998;128.62899999999996;16.445;221.80400000000003;99.64599999999999;239.28999999999996;115.485;105.93799999999999;62.33;86.076;16.445;64.536;64.441;16.445;413.73199999999997
1056;62.77499999999999;20.02;20.02;20.02;20.02;20.02;20.02;20.02;20.02;20.02;20.02;20.02;20.02;20.02;20.02;20.02;20.02;20.02;20.02;20.02;20.02;20.02;20.02;20.02;20.02;20.02;20.02;20.02;20.02;20.02
1057;1348.9340000000002;189.29699999999997;160.058;221.88399999999996;230.231;213.38699999999997;25.74;222.55199999999996;293.839;121.99399999999997;169.75199999999998;106.03999999999999;112.48599999999999;107.446;198.58999999999997;107.49699999999999;93.81599999999999;25.74;197.20499999999998;116.815;212.005;81.431;89.52199999999999;109.913;96.286;25.74;91.97899999999998;79.553;116.708;427.69100000000003
1058;64.91999999999999;22.165;22.165;22.165;22.165;22.165;22.165;22.165;22.165;22.165;22.165;22.165;22.165;22.165;22.165;22.165;22.165;22.165;22.165;22.165;22.165;22.165;22.165;22.165;22.165;22.165;22.165;22.165;22.165;22.165
1059;65.63499999999999;22.88;22.88;22.88;22.88;22.88;22.88;22.88;22.88;22.88;22.88;22.88;22.88;22.88;22.88;22.88;22.88;22.88;22.88;22.88;22.88;22.88;22.88;22.88;22.88;22.88;22.88;22.88;22.88;22.88
1060;1389.888;231.891;259.657;231.839;187.397;247.962;22.88;195.959;236.889;68.96;87.036;62.06899999999999;151.164;182.03199999999998;248.401;67.002;22.88;22.88;148.975;122.93599999999998;279.14599999999996;131.296;75.336;121.47800000000001;94.16099999999999;22.88;22.88;22.88;75.459;365.11099999999993
1061;1185.9119999999998;97.526;133.695;142.374;180.33499999999998;130.165;22.88;78.09;175.41899999999998;109.205;72.786;69.589;136.805;91.373;213.70499999999998;57.089999999999996;22.88;22.88;189.92799999999997;60.78999999999999;64.681;124.02700000000002;22.88;22.88;22.88;22.88;22.88;22.88;60.766999999999996;271.06
1062;2018.0529999999999;112.59799999999998;190.54699999999997;251.69799999999998;170.98199999999997;259.24;20.02;259.776;285.14;153.481;108.82;108.24799999999999;206.95399999999995;184.95;240.68599999999998;182.777;162.375;20.02;305.19599999999997;197.844;314.419;145.783;112.62299999999999;154.279;53.602;20.02;74.16;53.709999999999994;73.467;449.563
1063;378.23299999999995;81.274;13.584999999999999;13.584999999999999;13.584999999999999;13.584999999999999;13.584999999999999;13.584999999999999;13.584999999999999;13.584999999999999;13.584999999999999;13.584999999999999;13.584999999999999;13.584999999999999;13.584999999999999;13.584999999999999;13.584999999999999;13.584999999999999;13.584999999999999;13.584999999999999;13.584999999999999;13.584999999999999;13.584999999999999;13.584999999999999;13.584999999999999;13.584999999999999;13.584999999999999;13.584999999999999;13.584999999999999;13.584999999999999
1064;194.686;67.461;68.28699999999999;22.88;110.236;22.88;22.88;22.88;69.252;22.88;22.88;22.88;22.88;22.88;22.88;22.88;22.88;22.88;22.88;22.88;22.88;22.88;22.88;22.88;22.88;22.88;22.88;22.88;22.88;22.88
1065;179.07399999999998;84.08999999999999;116.88599999999998;22.88;22.88;22.88;22.88;22.88;22.88;22.88;22.88;22.88;22.88;22.88;22.88;22.88;22.88;22.88;22.88;22.88;22.88;22.88;22.88;22.88;22.88;22.88;22.88;22.88;22.88;135.606
1066;2761.874;106.386;108.097;184.827;123.13699999999999;196.00199999999998;16.445;152.78799999999998;208.845;120.18;152.31699999999998;131.402;153.522;152.158;193.84300000000002;91.22399999999999;69.758;16.445;344.7779999999999;158.277;227.13799999999998;173.819;76.94899999999998;139.849;166.891;16.445;96.66799999999999;84.43100000000001;128.58299999999997;390.304
1067;1151.0099999999998;173.706;271.85699999999997;96.03999999999999;101.67099999999999;137.725;22.88;111.31499999999998;128.326;181.938;9.251;22.88;14.424999999999999;105.454;116.47800000000001;109.33;20.596999999999998;22.88;75.95599999999999;30.011;153.042;42.638999999999996;59.583;62.21499999999999;68.196;22.88;66.798;47.571999999999996;76.505;55.095
1068;2117.3089999999997;121.76899999999998;87.957;97.49;183.903;129.68;20.02;94.05499999999999;198.891;71.656;20.02;64.96799999999999;43.29899999999999;46.19;139.94899999999998;53.38499999999999;100.291;20.02;47.431;20.02;160.765;20.02;20.02;20.02;20.02;20.02;20.02;20.02;20.02;20.02
1069;1843.7779999999998;132.322;82.33999999999999;184.12;160.43699999999998;91.083;22.88;129.10199999999998;174.322;-5.466000000000001;22.88;94.55399999999999;71.92099999999999;74.516;178.753;22.88;22.88;22.88;240.688;69.94399999999999;188.59900000000002;22.88;51.91799999999999;80.156;43.02199999999999;22.88;45.093999999999994;22.88;77.883;372.22399999999993
1070;2858.507;155.07999999999998;224.75799999999998;222.99599999999998;181.743;299.34000000000003;25.74;219.291;337.299;132.725;174.394;194.39099999999996;216.801;219.84699999999998;269.332;118.49199999999999;99.65099999999998;25.74;336.82899999999995;206.85199999999998;341.418;117.05699999999999;74.589;184.24499999999998;160.47;25.74;120.59899999999999;104.72699999999999;202.20700000000002;477.302
1071;1694.5699999999997;102.667;144.353;177.237;184.488;195.082;22.88;195.37599999999998;225.046;108.58699999999999;131.799;172.15499999999997;169.74499999999998;140.326;195.66;79.64399999999999;22.88;22.88;251.103;194.14300000000003;300.51099999999997;132.97;22.88;80.315;65.37299999999999;22.88;69.90899999999999;48.876;70.74499999999999;364.90599999999995
1072;4576.367;162.471;199.234;334.722;206.37099999999998;271.336;22.88;253.98599999999996;398.1039999999999;312.485;319.972;203.376;182.37699999999998;198.50400000000002;250.34999999999997;207.701;162.058;22.88;295.101;166.135;286.039;115.44299999999998;115.19999999999999;100.959;74.514;22.88;84.675;68.048;75.524;460.481
1073;2854.553;114.07199999999999;168.34499999999997;252.15599999999998;188.301;309.01899999999995;22.88;249.21299999999997;430.006;222.93399999999997;71.428;136.47899999999998;247.981;180.75799999999998;276.534;163.313;67.03399999999999;22.88;351.677;111.542;252.549;142.522;123.19300000000001;205.762;148.09599999999998;22.88;198.24399999999997;79.815;182.307;477.423
1074;3464.3459999999995;189.07899999999998;167.083;229.986;254.48;268.0;16.445;252.10899999999998;364.31899999999996;353.592;366.8589999999999;178.867;262.676;231.94699999999997;311.681;292.317;95.99;16.445;536.4879999999999;235.42899999999997;311.13699999999994;90.693;81.60999999999999;99.50099999999999;124.15899999999999;16.445;143.243;74.247;97.725;469.87399999999997
1075;65.63499999999999;22.88;22.88;22.88;22.88;22.88;22.88;22.88;22.88;22.88;22.88;22.88;22.88;22.88;22.88;22.88;22.88;22.88;22.88;22.88;22.88;22.88;22.88;22.88;22.88;22.88;22.88;22.88;22.88;22.88
1076;2317.894;84.191;144.915;178.12800000000001;183.84199999999998;274.42799999999994;19.305;325.36400000000003;306.39599999999996;143.599;181.783;246.99699999999996;213.569;161.44699999999997;273.546;113.52699999999999;55.777;19.305;443.661;217.97999999999996;332.253;138.92000000000002;78.20100000000001;114.354;117.478;19.305;85.636;65.647;175.15599999999998;477.481
1077;392.667;89.964;88.543;81.21600000000001;107.758;92.59599999999999;22.88;79.43799999999999;22.88;22.88;22.88;22.88;22.88;22.88;22.88;22.88;22.88;22.88;22.88;22.88;22.88;22.88;22.88;22.88;22.88;22.88;22.88;22.88;22.88;22.88
1078;62.77499999999999;20.02;20.02;20.02;20.02;20.02;20.02;20.02;20.02;20.02;20.02;20.02;20.02;20.02;20.02;20.02;20.02;20.02;20.02;20.02;20.02;20.02;20.02;20.02;20.02;20.02;20.02;20.02;20.02;20.02
1079;1084.4759999999999;101.852;131.622;123.324;174.29399999999998;150.956;20.02;130.596;255.935;20.02;20.02;20.02;137.50799999999998;137.06;236.11599999999999;20.02;20.02;20.02;216.493;107.63;256.104;118.488;46.602999999999994;32.735;20.02;20.02;20.02;20.02;71.19;383.86499999999995
1080;1765.4179999999997;164.23;167.88599999999997;228.724;208.48199999999997;233.974;22.88;149.01399999999998;230.97699999999998;99.05299999999998;119.98899999999998;179.69699999999997;179.409;234.14;220.309;72.71199999999999;58.135999999999996;22.88;290.371;214.43599999999998;314.577;165.72099999999998;22.88;121.213;117.41999999999999;22.88;59.135999999999996;63.04599999999999;199.688;265.99899999999997
1081;2535.1139999999996;175.81599999999997;155.682;255.49699999999999;213.137;248.544;16.445;188.07399999999998;358.048;152.959;192.029;158.41799999999998;221.94399999999996;207.855;308.856;240.80499999999995;149.439;16.445;422.561;162.577;312.566;147.978;138.74;155.563;163.314;16.445;165.11599999999999;134.634;137.382;354.70199999999994
1082;1775.0419999999997;126.204;165.86599999999999;191.051;201.237;156.64999999999998;28.599999999999998;184.07599999999996;297.397;161.26899999999998;150.82299999999998;346.39599999999996;164.209;156.171;260.598;120.624;86.112;28.599999999999998;255.248;110.387;262.67199999999997;122.54499999999999;98.776;163.42399999999998;167.718;28.599999999999998;85.691;28.599999999999998;111.328;442.48799999999994
1083;1310.002;195.672;196.094;182.58999999999997;189.521;255.55899999999997;20.02;232.378;366.56399999999996;262.909;132.286;246.776;218.961;189.957;247.41299999999998;187.853;122.215;20.02;209.331;190.13199999999998;297.578;148.30700000000002;175.777;162.42999999999998;135.113;20.02;169.195;100.07199999999999;205.64499999999998;513.208
1084;65.63499999999999;22.88;22.88;22.88;22.88;22.88;22.88;22.88;22.88;22.88;22.88;22.88;22.88;22.88;22.88;22.88;22.88;22.88;22.88;22.88;22.88;22.88;22.88;22.88;22.88;22.88;22.88;22.88;22.88;22.88
1085;1182.009;107.767;108.874;163.284;181.56399999999996;189.079;25.74;130.692;308.596;223.54299999999995;127.77999999999999;153.248;198.223;99.99599999999998;189.81;93.947;111.981;25.74;82.195;59.04299999999999;163.928;137.202;67.26499999999999;53.16499999999999;57.056;25.74;58.29299999999999;54.998999999999995;61.47699999999999;178.36200000000002
1086;2384.5789999999997;104.202;101.61599999999999;184.718;190.941;196.987;22.88;180.274;276.883;221.433;195.71199999999996;171.289;202.642;226.86099999999996;274.18;192.58299999999997;90.74699999999999;22.88;230.70499999999998;154.45;365.03499999999997;163.90999999999997;59.090999999999994;172.76999999999998;126.24999999999999;22.88;22.88;22.88;110.241;413.244
1087;2339.047;140.388;135.283;180.83799999999997;210.81199999999995;276.438;19.305;201.048;518.6329999999999;421.6929999999999;300.646;365.90099999999995;284.822;225.346;274.123;224.966;153.647;19.305;236.12099999999998;201.42699999999996;374.59;176.844;150.71599999999998;269.537;224.28099999999998;19.305;252.68599999999998;111.854;129.386;504.5059999999999
1088;65.63499999999999;22.88;22.88;22.88;22.88;22.88;22.88;22.88;22.88;22.88;22.88;22.88;22.88;22.88;22.88;22.88;22.88;22.88;22.88;22.88;22.88;22.88;22.88;22.88;22.88;22.88;22.88;22.88;22.88;22.88
1089;985.2579999999998;124.03099999999998;74.872;22.88;158.094;22.88;22.88;54.745999999999995;187.67499999999998;22.88;56.873999999999995;62.48199999999999;9.032999999999998;75.05;138.733;22.88;22.88;22.88;237.361;66.825;199.005;89.607;22.88;50.16199999999999;38.312;22.88;22.88;22.88;22.88;198.09799999999998
1090;1994.9330000000002;113.19999999999999;169.04899999999998;45.48;157.70299999999997;116.805;22.88;114.222;271.518;198.86899999999997;122.59499999999998;166.99399999999997;58.062;90.768;180.07;113.693;93.25199999999998;22.88;197.438;93.107;231.63699999999994;44.85799999999999;93.72399999999999;105.607;61.134;22.88;83.969;50.637;77.226;421.52
1091;664.5539999999999;87.494;102.83599999999998;92.217;169.457;82.968;22.88;82.288;162.768;54.658;22.88;22.88;96.56199999999998;57.97099999999999;160.434;22.88;22.88;22.88;22.88;22.88;144.677;22.88;22.88;22.88;22.88;22.88;22.88;22.88;22.88;22.88
1092;393.884;106.5;75.22899999999998;93.37599999999999;95.55699999999999;22.88;22.88;22.88;22.88;22.88;22.88;22.88;22.88;22.88;22.88;22.88;22.88;22.88;22.88;22.88;22.88;22.88;22.88;22.88;22.88;22.88;22.88;22.88;22.88;150.648
1093;1499.5079999999998;113.41699999999997;85.786;86.428;188.95599999999996;113.601;22.88;77.238;218.81299999999996;122.09899999999999;74.57;87.499;106.92699999999999;120.06800000000001;143.608;22.88;22.88;22.88;217.52499999999998;121.369;248.564;126.98399999999998;76.425;51.202999999999996;22.88;22.88;51.33099999999999;68.41799999999999;77.15199999999999;376.792
1094;2955.9789999999994;180.572;306.93399999999997;172.784;192.873;173.845;19.305;186.284;315.394;215.983;201.53599999999997;158.041;201.039;149.28400000000002;250.29;152.697;120.13499999999999;19.305;243.581;152.507;269.606;136.506;116.232;144.747;130.78;19.305;169.48700000000002;115.34;162.01399999999998;359.48299999999995
1095;1431.554;118.69799999999998;109.045;156.06799999999998;214.66699999999997;191.851;20.02;110.22399999999999;174.45299999999997;78.68499999999999;65.882;66.48599999999999;158.093;109.04299999999999;145.04399999999998;20.02;20.02;20.02;139.178;20.02;20.02;20.02;20.02;20.02;20.02;20.02;20.02;20.02;20.02;164.838
1096;68.49499999999999;25.74;25.74;25.74;25.74;25.74;25.74;25.74;25.74;25.74;25.74;25.74;25.74;25.74;25.74;25.74;25.74;25.74;25.74;25.74;25.74;25.74;25.74;25.74;25.74;25.74;25.74;25.74;25.74;25.74
1097;2265.109;116.56199999999998;205.70499999999998;358.27299999999997;254.48199999999997;306.852;19.305;283.52599999999995;350.174;152.154;76.27099999999999;116.56799999999998;251.921;125.544;201.73999999999998;70.773;51.25699999999999;19.305;257.984;172.135;325.508;188.63699999999997;122.21199999999999;211.06099999999998;84.59799999999998;19.305;72.731;60.565999999999995;88.761;410.221
1098;693.065;222.17200000000003;175.91;122.80099999999999;177.841;153.373;20.02;81.798;137.28199999999998;20.02;20.02;20.02;20.02;20.02;20.02;20.02;20.02;20.02;20.02;20.02;20.02;20.02;20.02;20.02;20.02;20.02;20.02;20.02;20.02;173.35999999999999
1099;255.98199999999997;86.751;61.861;71.70599999999999;101.262;20.02;20.02;20.02;20.02;20.02;20.02;20.02;20.02;20.02;20.02;20.02;20.02;20.02;20.02;20.02;20.02;20.02;20.02;20.02;20.02;20.02;20.02;20.02;20.02;158.20799999999997
1100;2501.923;101.66199999999998;92.07499999999999;241.714;212.428;205.95;19.305;176.427;208.602;198.855;115.541;92.75;169.58399999999997;187.95999999999998;243.564;62.937;64.729;19.305;729.6199999999999;107.88199999999998;292.42699999999996;131.755;60.13099999999999;142.482;67.79599999999999;19.305;19.305;19.305;175.81799999999998;412.515
1101;989.936;176.93699999999998;95.172;180.499;127.79299999999998;127.58900000000001;16.445;16.445;16.445;16.445;16.445;16.445;16.445;16.445;16.445;16.445;16.445;16.445;16.445;16.445;16.445;16.445;16.445;16.445;16.445;16.445;16.445;16.445;16.445;166.14399999999998
1102;65.63499999999999;22.88;22.88;22.88;22.88;22.88;22.88;22.88;22.88;22.88;22.88;22.88;22.88;22.88;22.88;22.88;22.88;22.88;22.88;22.88;22.88;22.88;22.88;22.88;22.88;22.88;22.88;22.88;22.88;22.88
1103;140.002;63.274;20.02;66.698;20.02;20.02;20.02;20.02;20.02;20.02;20.02;20.02;20.02;20.02;20.02;20.02;20.02;20.02;20.02;20.02;20.02;20.02;20.02;20.02;20.02;20.02;20.02;20.02;20.02;20.02
1104;1412.376;121.048;136.148;215.04199999999997;97.595;222.205;22.88;123.16399999999999;113.648;94.737;76.45499999999998;95.82499999999999;117.96299999999998;56.102999999999994;133.032;51.318999999999996;51.468999999999994;22.88;266.06399999999996;47.507;216.03099999999998;47.159;73.281;43.007999999999996;42.899;22.88;56.331999999999994;49.027;67.51599999999999;267.894
1105;1599.1369999999997;103.821;134.44599999999997;188.22199999999998;177.023;233.44;22.88;222.998;294.659;132.148;193.76;141.218;234.072;236.80399999999997;314.542;16.705999999999996;26.051999999999996;22.88;244.875;216.20499999999998;360.85499999999996;189.52100000000002;90.02799999999999;160.51500000000001;193.921;22.88;22.88;88.344;133.80499999999998;419.199
1106;349.715;99.21499999999999;62.949;20.02;99.22399999999999;20.02;20.02;20.02;20.02;20.02;20.02;20.02;20.02;20.02;20.02;20.02;20.02;20.02;20.02;20.02;20.02;20.02;20.02;20.02;20.02;20.02;20.02;20.02;20.02;143.74699999999999
1107;169.19599999999997;63.038;62.474;25.74;25.74;25.74;25.74;25.74;25.74;25.74;25.74;25.74;25.74;25.74;25.74;25.74;25.74;25.74;25.74;25.74;25.74;25.74;25.74;25.74;25.74;25.74;25.74;25.74;25.74;147.45
1108;763.8149999999999;88.381;89.263;163.16899999999998;158.68499999999997;174.483;20.02;137.20000000000002;20.02;20.02;20.02;20.02;20.02;20.02;20.02;20.02;20.02;20.02;20.02;20.02;20.02;20.02;20.02;20.02;20.02;20.02;20.02;20.02;20.02;20.02
1109;138.16;72.24;17.16;17.16;17.16;17.16;17.16;17.16;17.16;17.16;17.16;17.16;17.16;17.16;17.16;17.16;17.16;17.16;17.16;17.16;17.16;17.16;17.16;17.16;17.16;17.16;17.16;17.16;17.16;154.18800000000002
1110;92.838;22.88;22.88;22.88;22.88;22.88;22.88;22.88;22.88;22.88;22.88;22.88;22.88;22.88;22.88;22.88;22.88;22.88;22.88;22.88;22.88;22.88;22.88;22.88;22.88;22.88;22.88;22.88;22.88;22.88
1111;2986.355;202.61199999999997;294.04;220.93499999999997;209.712;222.46999999999997;20.02;185.89;292.384;274.908;175.14499999999998;133.148;206.356;195.80399999999997;205.62;136.926;96.38199999999999;20.02;292.86;119.314;226.618;99.77599999999998;100.89499999999998;96.072;107.95899999999999;20.02;94.264;84.16799999999999;115.643;398.471
1112;294.736;91.78;22.88;119.65199999999999;22.88;22.88;22.88;22.88;22.88;22.88;22.88;22.88;22.88;22.88;22.88;22.88;22.88;22.88;22.88;22.88;22.88;22.88;22.88;22.88;22.88;22.88;22.88;22.88;22.88;173.363
1113;2894.049;193.915;126.96799999999999;168.546;166.429;221.22099999999998;22.88;187.66699999999997;295.972;175.91699999999997;78.02699999999999;156.05399999999997;272.428;216.155;269.587;159.62;117.529;22.88;367.8539999999999;166.315;309.443;105.46099999999998;62.678;132.94899999999998;98.74099999999999;22.88;102.30799999999999;72.071;112.899;387.941
1114;769.3710000000001;66.62799999999999;71.719;83.155;121.63799999999998;22.88;22.88;22.88;175.75300000000001;22.88;22.88;22.88;22.88;22.88;22.88;22.88;22.88;22.88;22.88;22.88;22.88;22.88;22.88;22.88;22.88;22.88;22.88;22.88;22.88;126.933
1115;394.102;90.31;68.025;22.88;111.86099999999999;22.88;22.88;22.88;158.77100000000002;22.88;22.88;22.88;22.88;22.88;22.88;22.88;22.88;22.88;109.58699999999999;22.88;22.88;22.88;22.88;22.88;22.88;22.88;22.88;22.88;22.88;22.88
1116;1482.427;139.039;166.55399999999997;124.72199999999998;215.66999999999996;0.27899999999999636;25.74;13.060999999999996;149.791;95.238;74.363;100.321;88.77799999999999;109.87899999999999;122.734;21.586999999999996;24.477999999999994;25.74;230.82399999999996;62.650000000000006;182.172;25.74;65.404;62.31699999999999;53.224999999999994;25.74;59.60499999999999;60.733999999999995;69.77799999999999;395.665
1117;1382.222;117.52199999999999;95.50699999999999;180.06599999999997;179.277;151.41699999999997;22.88;191.33999999999997;287.435;199.969;121.03599999999999;123.088;156.00799999999998;126.79399999999998;261.17199999999997;134.992;129.45999999999998;22.88;139.351;123.06;261.044;126.133;119.00999999999999;114.137;112.106;22.88;128.529;110.81299999999999;126.11499999999998;431.901
1118;3499.2639999999997;128.148;160.126;222.12499999999997;215.63399999999996;314.681;22.88;199.35799999999998;302.354;143.736;235.993;269.018;180.804;208.752;309.397;215.94799999999995;138.25199999999998;22.88;314.61699999999996;131.146;276.505;149.824;128.06799999999998;93.572;94.113;22.88;171.887;135.132;110.21;475.0799999999999
1119;185.77299999999997;22.88;90.28999999999999;22.88;22.88;22.88;22.88;22.88;22.88;22.88;101.73999999999998;22.88;22.88;22.88;22.88;22.88;22.88;22.88;22.88;22.88;22.88;22.88;22.88;22.88;22.88;22.88;22.88;22.88;22.88;22.88
1120;5621.396999999999;358.58799999999997;636.2479999999999;418.3469999999999;295.702;380.88;16.445;372.229;463.989;364.634;346.35099999999994;444.04999999999995;469.6239999999999;483.19100000000003;332.78099999999995;284.615;283.779;16.445;317.32;102.42500000000001;261.79200000000003;91.097;192.456;148.44299999999998;275.64399999999995;16.445;201.343;160.102;241.799;637.4549999999999
1121;1821.9469999999997;184.24399999999997;138.50099999999998;101.96600000000001;137.88899999999998;60.129999999999995;22.88;193.90499999999997;225.486;206.26299999999998;44.971;167.72;117.667;128.803;142.772;168.49099999999999;95.38;22.88;290.93999999999994;111.05999999999999;194.21899999999997;110.84299999999999;46.333;104.41199999999998;101.065;22.88;188.82099999999997;74.562;148.511;309.338
1122;1346.654;91.11399999999999;115.912;205.05499999999998;181.079;106.01399999999998;22.88;140.671;255.14099999999996;119.13599999999998;60.44;65.786;82.088;77.63899999999998;229.42199999999997;22.88;22.88;22.88;192.096;90.65899999999999;192.732;73.633;76.524;112.253;103.97099999999999;22.88;107.273;90.97899999999998;115.964;259.865
1123;547.352;100.587;91.184;212.039;134.333;97.195;20.02;20.02;20.02;20.02;88.55499999999999;20.02;20.02;20.02;20.02;20.02;20.02;20.02;20.02;20.02;20.02;20.02;20.02;20.02;20.02;20.02;20.02;20.02;20.02;155.069
1124;62.77499999999999;20.02;20.02;20.02;20.02;20.02;20.02;20.02;20.02;20.02;20.02;20.02;20.02;20.02;20.02;20.02;20.02;20.02;20.02;20.02;20.02;20.02;20.02;20.02;20.02;20.02;20.02;20.02;20.02;20.02
1125;101.63699999999999;76.11099999999999;22.88;22.88;22.88;22.88;22.88;22.88;22.88;22.88;22.88;22.88;22.88;22.88;22.88;22.88;22.88;22.88;22.88;22.88;22.88;22.88;22.88;22.88;22.88;22.88;22.88;22.88;22.88;154.604
1126;1130.253;145.08499999999998;122.42599999999999;217.01;207.623;204.01099999999997;20.02;189.60299999999995;170.28199999999998;115.38899999999998;79.054;117.743;89.24099999999999;91.22;165.36599999999999;95.655;113.495;20.02;154.43099999999998;93.98899999999999;197.397;74.18599999999999;106.149;51.30199999999999;34.452;20.02;85.982;112.86499999999998;63.602999999999994;428.476
1127;443.545;94.384;108.556;93.88900000000001;74.374;25.74;25.74;25.74;25.74;25.74;25.74;25.74;25.74;25.74;25.74;25.74;25.74;25.74;117.79299999999999;25.74;25.74;25.74;25.74;25.74;25.74;25.74;25.74;25.74;25.74;155.399
1128;59.19999999999999;16.445;16.445;16.445;16.445;16.445;16.445;16.445;16.445;16.445;16.445;16.445;16.445;16.445;16.445;16.445;16.445;16.445;16.445;16.445;16.445;16.445;16.445;16.445;16.445;16.445;16.445;16.445;16.445;16.445
1129;1441.266;159.753;133.39;261.33799999999997;194.00799999999998;227.79399999999998;20.02;191.28199999999998;429.17900000000003;309.71799999999996;215.154;251.853;157.36499999999998;165.70799999999997;241.04199999999997;134.376;135.689;20.02;251.42799999999997;129.902;247.53799999999998;123.30899999999998;77.19799999999998;59.54599999999999;46.437;20.02;83.98599999999999;64.255;53.602999999999994;450.96599999999995
1130;1298.3069999999998;186.31099999999998;114.05;127.61;192.081;22.88;22.88;166.786;277.67199999999997;202.784;96.523;128.93699999999998;152.611;125.59099999999998;264.688;95.536;68.241;22.88;277.151;95.701;276.54600000000005;93.214;118.38;104.18799999999999;89.411;22.88;59.40499999999999;55.41199999999999;143.993;400.73499999999996
1131;1275.491;74.89499999999998;22.88;89.322;163.20999999999998;22.88;22.88;22.88;91.22999999999999;22.88;22.88;22.88;22.88;22.88;22.88;22.88;22.88;22.88;109.99999999999999;22.88;79.04799999999999;22.88;22.88;22.88;22.88;22.88;22.88;22.88;22.88;22.88
1132;499.009;166.676;170.422;76.51899999999999;115.937;22.88;22.88;22.88;22.88;22.88;22.88;22.88;22.88;22.88;22.88;22.88;22.88;22.88;22.88;22.88;22.88;22.88;22.88;22.88;22.88;22.88;22.88;22.88;22.88;22.88
1133;1655.31;129.57;142.735;139.32899999999998;168.755;151.891;20.02;123.33999999999997;166.35;131.655;120.12299999999999;94.954;128.79500000000002;174.844;175.802;100.752;75.411;20.02;277.661;103.07999999999998;263.988;92.629;61.05799999999999;89.73299999999999;20.02;20.02;65.315;60.035;89.40899999999999;397.533
1134;1568.7229999999997;121.649;105.965;252.32899999999998;197.161;250.88099999999997;20.02;185.476;156.529;35.690999999999995;110.13999999999999;110.44999999999999;61.214999999999996;81.79399999999998;104.28399999999999;20.02;20.02;20.02;56.206999999999994;20.02;157.95499999999998;20.02;20.02;20.02;20.02;20.02;20.02;20.02;20.02;164.24099999999999
1135;1092.2069999999999;155.94199999999998;123.568;206.334;226.94899999999998;176.164;22.88;197.457;234.103;107.38999999999999;139.375;110.536;110.39599999999999;93.287;199.437;120.26499999999999;122.80599999999998;22.88;76.76499999999999;74.059;233.78499999999997;97.297;100.839;112.18199999999999;98.761;22.88;90.923;90.814;95.107;252.42999999999995
1136;2911.916;149.82299999999998;68.461;215.771;196.64399999999995;186.53999999999996;22.88;204.62;272.16299999999995;151.62;167.57099999999997;161.65299999999996;262.514;215.178;280.48199999999997;200.213;66.786;22.88;279.426;132.384;274.984;156.397;137.68399999999997;180.995;140.03599999999997;22.88;115.15199999999999;74.411;199.397;436.082
1137;2928.62;119.94800000000001;139.353;178.808;190.97099999999998;190.20799999999997;20.02;163.19299999999998;225.02399999999997;84.071;139.142;167.31599999999997;166.077;181.61899999999997;206.20499999999998;148.18099999999998;75.681;20.02;413.01199999999994;170.09699999999998;300.77099999999996;130.08999999999997;67.968;126.68199999999999;105.10299999999998;20.02;67.55199999999999;20.02;88.05499999999999;402.342
1138;2806.685;365.517;378.569;263.565;204.89799999999997;317.494;20.02;284.794;370.695;354.228;191.608;248.27599999999998;238.49399999999997;276.534;299.76399999999995;182.83399999999997;101.07199999999999;20.02;280.589;118.30999999999999;258.71099999999996;118.81699999999998;114.371;120.47200000000001;143.13400000000001;20.02;129.70899999999997;101.14399999999999;159.409;523.596
1139;1654.8739999999998;254.62199999999999;244.073;131.054;200.239;180.63699999999997;20.02;103.17099999999999;191.319;123.82699999999998;65.274;107.384;78.484;80.69999999999999;180.269;88.18299999999999;20.02;20.02;273.899;100.247;175.653;105.744;20.02;80.719;47.581999999999994;20.02;49.644999999999996;20.02;52.40899999999999;352.84099999999995
1140;2331.478;108.947;7.931999999999997;63.599;148.171;20.02;20.02;87.271;212.55499999999998;124.31299999999999;146.12;106.42799999999998;148.336;175.267;259.12399999999997;92.256;73.823;20.02;406.02599999999995;203.292;342.368;154.398;89.77499999999999;213.54899999999998;170.361;20.02;96.494;104.238;180.475;383.775
1141;3945.708;205.29699999999997;185.20799999999997;230.95499999999998;248.41799999999995;245.25699999999995;20.02;179.569;279.768;200.071;172.183;191.098;163.412;114.893;205.78;120.275;123.02399999999999;20.02;311.634;84.47299999999998;200.57;85.086;91.20599999999999;144.695;111.50699999999999;20.02;137.08499999999998;105.868;154.42000000000002;468.609
1142;1862.366;107.969;134.92;216.52399999999997;166.923;154.94799999999998;20.02;195.024;181.403;104.191;39.971999999999994;41.863;171.218;159.182;251.456;75.096;20.02;20.02;186.951;132.879;264.298;132.62;20.02;116.81299999999999;99.341;20.02;20.02;55.515;145.784;266.0
1143;65.63499999999999;22.88;22.88;22.88;22.88;22.88;22.88;22.88;22.88;22.88;22.88;22.88;22.88;22.88;22.88;22.88;22.88;22.88;22.88;22.88;22.88;22.88;22.88;22.88;22.88;22.88;22.88;22.88;22.88;22.88
1144;62.77499999999999;20.02;20.02;20.02;20.02;20.02;20.02;20.02;20.02;20.02;20.02;20.02;20.02;20.02;20.02;20.02;20.02;20.02;20.02;20.02;20.02;20.02;20.02;20.02;20.02;20.02;20.02;20.02;20.02;20.02
1145;1351.566;124.762;22.88;44.134;102.44299999999998;112.823;22.88;140.124;125.05000000000001;58.66399999999999;98.189;95.572;75.33099999999999;81.85499999999999;219.07;61.113;61.004;22.88;86.44199999999998;53.80799999999999;206.195;54.419;84.446;109.59799999999998;22.88;22.88;74.30799999999999;69.199;111.29399999999998;186.367
1146;337.616;105.34299999999999;20.02;20.02;93.496;20.02;20.02;20.02;20.02;20.02;20.02;20.02;20.02;20.02;20.02;20.02;20.02;20.02;20.02;20.02;20.02;20.02;20.02;20.02;20.02;20.02;20.02;20.02;20.02;20.02
1147;363.74;123.084;24.976999999999997;25.74;151.07299999999998;25.74;25.74;69.669;107.17099999999999;25.74;25.74;25.74;25.74;25.74;25.74;25.74;25.74;25.74;25.74;25.74;25.74;25.74;25.74;25.74;25.74;25.74;25.74;25.74;25.74;25.74
1148;1831.8120000000001;124.67599999999999;147.63;157.572;181.74099999999999;198.48999999999998;20.02;177.421;222.012;106.018;20.02;110.684;-0.240000000000002;80.845;133.22899999999998;65.198;61.035;20.02;214.80199999999996;20.02;173.827;20.02;48.47099999999999;47.313;20.02;20.02;51.821;87.31599999999999;67.06899999999999;393.51399999999995
1149;1696.037;-25.877000000000002;131.35;165.899;145.774;192.36599999999999;22.88;174.051;261.98699999999997;130.46599999999998;88.475;226.79399999999998;203.60999999999999;173.03599999999997;228.98399999999998;171.581;108.258;22.88;185.208;125.60499999999999;290.94000000000005;135.69;96.77899999999998;91.073;82.54299999999999;22.88;55.298;22.88;75.57;392.91099999999994
1150;68.49499999999999;25.74;25.74;25.74;25.74;25.74;25.74;25.74;25.74;25.74;25.74;25.74;25.74;25.74;25.74;25.74;25.74;25.74;25.74;25.74;25.74;25.74;25.74;25.74;25.74;25.74;25.74;25.74;25.74;25.74
1151;592.6099999999999;124.567;99.432;20.02;105.77799999999999;58.754;20.02;67.536;105.52699999999999;20.02;20.02;20.02;20.02;20.02;20.02;20.02;20.02;20.02;129.515;20.02;20.02;20.02;20.02;20.02;20.02;20.02;20.02;20.02;20.02;161.82999999999998
1152;4068.076;283.693;333.48099999999994;335.166;193.50199999999998;342.173;25.74;279.79699999999997;355.59799999999996;241.85099999999997;216.276;234.219;221.385;280.106;284.32899999999995;194.953;87.98599999999999;25.74;463.736;219.56699999999998;351.459;200.24099999999999;177.77499999999998;200.91299999999995;177.61999999999998;25.74;223.245;177.396;207.09199999999998;670.8789999999999
1153;2513.314;136.952;169.44400000000002;207.77399999999997;205.053;200.45799999999997;22.88;252.17;279.111;145.257;197.02899999999997;113.108;206.98499999999999;226.82;296.851;112.547;65.96;22.88;327.14300000000003;211.176;326.705;143.48499999999999;110.311;153.608;173.258;22.88;87.738;99.53;217.063;480.009
1154;65.63499999999999;22.88;22.88;22.88;22.88;22.88;22.88;22.88;22.88;22.88;22.88;22.88;22.88;22.88;22.88;22.88;22.88;22.88;22.88;22.88;22.88;22.88;22.88;22.88;22.88;22.88;22.88;22.88;22.88;22.88
1155;369.996;104.78799999999998;22.88;77.983;137.301;86.104;22.88;22.88;22.88;22.88;22.88;22.88;22.88;22.88;22.88;22.88;22.88;22.88;22.88;22.88;22.88;22.88;22.88;22.88;22.88;22.88;22.88;22.88;22.88;22.88
1156;1431.0169999999998;127.35900000000001;156.582;218.558;221.19400000000002;157.718;22.88;178.89799999999997;214.252;178.659;126.255;118.80099999999999;127.29499999999999;87.61699999999999;224.37399999999997;83.93799999999999;68.69999999999999;22.88;203.86399999999998;114.197;249.699;116.689;44.419;64.05399999999999;42.138;22.88;138.983;54.831999999999994;96.744;417.904
1157;2813.7839999999997;103.24799999999999;172.165;214.559;200.03699999999998;253.21199999999996;22.88;261.935;432.042;295.685;322.009;449.4219999999999;225.18899999999996;214.71200000000002;294.356;221.32299999999998;171.86699999999996;22.88;280.115;214.45899999999997;300.56899999999996;155.97799999999998;169.745;158.228;131.457;22.88;183.087;152.292;187.176;502.21799999999996
1158;62.77499999999999;20.02;20.02;20.02;20.02;20.02;20.02;20.02;20.02;20.02;20.02;20.02;20.02;20.02;20.02;20.02;20.02;20.02;20.02;20.02;20.02;20.02;20.02;20.02;20.02;20.02;20.02;20.02;20.02;20.02
1159;406.86699999999996;85.06199999999998;94.749;66.222;128.57799999999997;42.592999999999996;22.88;48.91999999999999;185.756;117.29799999999999;22.88;22.88;62.91799999999999;22.88;22.88;22.88;22.88;22.88;112.042;22.88;22.88;22.88;22.88;22.88;22.88;22.88;22.88;22.88;22.88;151.474
1160;457.6239999999999;86.588;82.809;95.49599999999998;147.43699999999998;134.613;22.88;81.57900000000001;222.31400000000002;95.511;22.88;22.88;74.06899999999999;22.88;22.88;22.88;22.88;22.88;22.88;22.88;22.88;22.88;22.88;22.88;22.88;22.88;22.88;22.88;22.88;22.88
1161;65.63499999999999;22.88;22.88;22.88;22.88;22.88;22.88;22.88;22.88;22.88;22.88;22.88;22.88;22.88;22.88;22.88;22.88;22.88;22.88;22.88;22.88;22.88;22.88;22.88;22.88;22.88;22.88;22.88;22.88;22.88
1162;2258.707;136.30999999999997;91.67699999999999;166.07;178.94899999999998;87.833;20.02;132.16199999999998;194.893;83.006;74.76599999999999;91.66399999999999;193.769;150.188;266.30899999999997;97.573;20.02;20.02;208.51000000000002;139.227;296.53099999999995;134.483;77.399;203.933;201.034;20.02;81.511;77.788;235.435;441.64099999999996
1163;2109.017;163.526;298.32399999999996;197.719;232.57799999999997;127.195;22.88;90.50999999999999;279.98199999999997;95.943;102.029;113.184;2.3810000000000002;77.24199999999999;136.676;12.508999999999999;15.399999999999999;22.88;291.277;127.095;242.16299999999995;147.783;132.998;119.23399999999998;102.305;22.88;101.788;65.13999999999999;70.211;447.77799999999996
1164;62.77499999999999;20.02;20.02;20.02;20.02;20.02;20.02;20.02;20.02;20.02;20.02;20.02;20.02;20.02;20.02;20.02;20.02;20.02;20.02;20.02;20.02;20.02;20.02;20.02;20.02;20.02;20.02;20.02;20.02;20.02
1165;1872.9279999999999;85.991;134.23899999999998;200.24599999999998;206.00399999999996;201.39999999999998;22.88;178.99;232.74899999999997;52.17999999999999;109.782;64.895;158.594;126.778;223.33599999999998;66.612;22.88;22.88;292.89099999999996;135.005;272.643;129.388;107.84599999999999;121.59499999999998;104.48599999999999;22.88;79.012;89.417;102.196;396.71
1166;2470.564;182.92;148.463;220.70899999999997;234.52599999999998;204.303;22.88;169.85899999999998;351.54999999999995;184.858;273.411;158.965;124.01899999999998;129.15;247.26799999999997;152.268;132.372;22.88;327.368;119.469;254.71299999999997;104.68299999999999;133.28;126.68799999999999;134.827;22.88;110.852;84.45499999999998;168.64899999999997;343.414
1167;69.113;20.02;20.02;20.02;20.02;20.02;20.02;20.02;20.02;20.02;20.02;20.02;20.02;20.02;20.02;20.02;20.02;20.02;20.02;20.02;20.02;20.02;20.02;20.02;20.02;20.02;20.02;20.02;20.02;20.02
1168;1245.2869999999998;118.84299999999999;70.74199999999999;224.51399999999998;161.47599999999997;73.61;22.88;79.53699999999999;201.074;68.69999999999999;22.88;62.06899999999999;22.88;83.04599999999999;168.67000000000002;22.88;22.88;22.88;105.256;79.84;220.45199999999997;22.88;22.88;22.88;22.88;22.88;22.88;22.88;50.91799999999999;408.17099999999994
1169;65.63499999999999;22.88;22.88;22.88;22.88;22.88;22.88;22.88;22.88;22.88;22.88;22.88;22.88;22.88;22.88;22.88;22.88;22.88;22.88;22.88;22.88;22.88;22.88;22.88;22.88;22.88;22.88;22.88;22.88;22.88
1170;131.44799999999998;84.913;20.02;20.02;20.02;20.02;20.02;20.02;20.02;20.02;20.02;20.02;20.02;20.02;20.02;20.02;20.02;20.02;20.02;20.02;20.02;20.02;20.02;20.02;20.02;20.02;20.02;20.02;20.02;20.02
1171;1834.334;292.212;188.79999999999998;100.744;121.78899999999999;38.376999999999995;22.88;22.88;243.03799999999995;95.41399999999999;10.913999999999998;231.87399999999997;110.80099999999999;98.738;174.917;91.411;103.103;22.88;130.75799999999998;87.72899999999998;237.82799999999997;88.964;158.85199999999998;36.07299999999999;52.89899999999999;22.88;66.255;51.637;173.90699999999998;298.853
1172;65.63499999999999;22.88;22.88;22.88;22.88;22.88;22.88;22.88;22.88;22.88;22.88;22.88;22.88;22.88;22.88;22.88;22.88;22.88;22.88;22.88;22.88;22.88;22.88;22.88;22.88;22.88;22.88;22.88;22.88;22.88
1173;673.575;83.112;70.827;56.372;99.31199999999998;16.445;16.445;16.445;119.441;16.445;16.445;16.445;16.445;16.445;16.445;16.445;16.445;16.445;113.86699999999999;16.445;16.445;16.445;16.445;16.445;16.445;16.445;16.445;16.445;16.445;16.445
1174;65.63499999999999;22.88;22.88;22.88;22.88;22.88;22.88;22.88;22.88;22.88;22.88;22.88;22.88;22.88;22.88;22.88;22.88;22.88;22.88;22.88;22.88;22.88;22.88;22.88;22.88;22.88;22.88;22.88;22.88;22.88
1175;2461.882;153.664;166.93200000000002;264.90500000000003;237.95;318.928;22.88;306.59;375.847;130.559;208.54199999999997;162.786;222.52999999999997;92.839;205.91899999999998;78.362;96.989;22.88;438.13199999999995;152.77999999999997;370.879;98.53999999999999;116.34299999999999;132.77599999999998;98.16;22.88;90.27499999999999;71.28899999999999;179.671;435.09799999999996
1176;65.63499999999999;22.88;22.88;22.88;22.88;22.88;22.88;22.88;22.88;22.88;22.88;22.88;22.88;22.88;22.88;22.88;22.88;22.88;22.88;22.88;22.88;22.88;22.88;22.88;22.88;22.88;22.88;22.88;22.88;22.88
1177;395.534;81.455;72.981;82.369;100.405;22.88;22.88;22.88;22.88;22.88;22.88;22.88;22.88;22.88;22.88;22.88;22.88;22.88;22.88;22.88;22.88;22.88;22.88;22.88;22.88;22.88;22.88;22.88;22.88;147.583
1178;1860.1440000000002;68.056;20.02;114.59299999999999;179.021;109.15999999999998;20.02;84.40999999999998;170.488;20.02;20.02;60.035;95.579;88.75699999999999;166.79799999999997;87.25299999999999;20.02;20.02;187.35299999999998;68.17699999999999;215.154;20.02;20.02;20.02;20.02;20.02;20.02;20.02;20.02;161.07799999999997
1179;3789.656;285.928;377.682;252.35799999999998;216.97199999999998;253.84499999999997;20.02;227.836;481.673;372.575;254.04299999999998;378.19399999999996;271.767;234.87599999999998;329.75399999999996;271.59999999999997;236.32100000000003;20.02;383.04999999999995;214.50399999999996;374.624;183.156;211.85799999999998;197.50599999999997;184.191;20.02;259.858;159.057;286.57099999999997;638.2649999999999
1180;71.66499999999999;22.88;22.88;22.88;22.88;22.88;22.88;22.88;22.88;22.88;22.88;22.88;22.88;22.88;22.88;22.88;22.88;22.88;22.88;22.88;22.88;22.88;22.88;22.88;22.88;22.88;22.88;22.88;22.88;22.88
1181;99.178;76.142;20.02;20.02;20.02;20.02;20.02;20.02;20.02;20.02;20.02;20.02;20.02;20.02;20.02;20.02;20.02;20.02;20.02;20.02;20.02;20.02;20.02;20.02;20.02;20.02;20.02;20.02;20.02;20.02
1182;67.27999999999999;20.02;20.02;20.02;20.02;20.02;20.02;20.02;20.02;20.02;20.02;20.02;20.02;20.02;20.02;20.02;20.02;20.02;20.02;20.02;20.02;20.02;20.02;20.02;20.02;20.02;20.02;20.02;20.02;20.02
1183;252.47099999999995;20.02;20.02;65.42699999999999;20.02;20.02;20.02;20.02;20.02;20.02;20.02;20.02;20.02;20.02;20.02;20.02;20.02;20.02;20.02;20.02;20.02;20.02;20.02;20.02;20.02;20.02;20.02;20.02;20.02;20.02
1184;278.38;82.31299999999999;20.02;20.02;20.02;20.02;20.02;20.02;20.02;20.02;20.02;20.02;20.02;20.02;20.02;20.02;20.02;20.02;20.02;20.02;20.02;20.02;20.02;20.02;20.02;20.02;20.02;20.02;20.02;152.48199999999997
1185;1550.7469999999998;122.436;172.03499999999997;125.23799999999999;185.42;119.237;20.02;128.023;156.165;52.797999999999995;74.51299999999999;68.22;188.82899999999998;69.95400000000001;161.893;100.815;20.02;20.02;189.546;56.66199999999999;182.00499999999997;46.739999999999995;56.477999999999994;20.02;38.038999999999994;20.02;50.873999999999995;20.02;82.65599999999999;248.712
1186;1170.463;139.494;140.13899999999998;205.309;170.36999999999998;190.09999999999997;22.88;74.275;22.88;22.88;22.88;22.88;22.88;22.88;22.88;22.88;22.88;22.88;22.88;22.88;22.88;22.88;22.88;22.88;22.88;22.88;22.88;22.88;22.88;168.251
1187;62.497;63.50399999999999;16.445;16.445;16.445;16.445;16.445;16.445;16.445;16.445;16.445;16.445;16.445;16.445;16.445;16.445;16.445;16.445;16.445;16.445;16.445;16.445;16.445;16.445;16.445;16.445;16.445;16.445;16.445;16.445
1188;1213.223;76.90299999999999;137.50099999999998;128.476;135.98499999999999;120.654;20.02;111.463;187.243;18.192;20.02;60.44799999999999;117.53299999999999;67.04899999999999;128.134;84.83099999999999;80.53;20.02;164.909;82.12299999999999;247.59299999999996;111.354;86.071;47.711999999999996;20.02;20.02;55.83999999999999;42.711999999999996;109.658;385.659
1189;382.27099999999996;22.88;22.88;151.25799999999998;184.981;153.97899999999998;22.88;107.13699999999999;127.50099999999999;22.88;80.002;22.88;22.88;22.88;22.88;22.88;22.88;22.88;22.88;22.88;22.88;22.88;22.88;22.88;22.88;22.88;22.88;22.88;22.88;160.51600000000002
1190;4907.32;221.49699999999999;272.376;275.128;157.397;338.71899999999994;16.445;321.111;380.71899999999994;490.222;330.54999999999995;454.98199999999997;278.09299999999996;318.029;254.11599999999996;345.049;198.05200000000002;16.445;720.238;260.19899999999996;336.867;230.55899999999997;207.17799999999997;241.22499999999997;285.92199999999997;16.445;283.15399999999994;216.468;279.957;590.153
1191;541.701;22.88;101.399;22.88;118.38799999999999;22.88;22.88;22.88;127.91399999999999;22.88;22.88;22.88;43.79;68.09;145.94699999999997;22.88;22.88;22.88;22.88;22.88;156.766;22.88;22.88;22.88;22.88;22.88;22.88;22.88;22.88;90.589
1192;342.28;119.99799999999999;69.201;22.165;103.40699999999998;22.165;22.165;22.165;22.165;22.165;22.165;22.165;22.165;22.165;22.165;22.165;22.165;22.165;112.56599999999999;22.165;22.165;22.165;22.165;22.165;22.165;22.165;22.165;22.165;22.165;150.585
1193;353.74299999999994;133.85500000000002;76.61;22.88;22.88;22.88;22.88;22.88;22.88;22.88;22.88;22.88;22.88;22.88;22.88;22.88;22.88;22.88;114.1;22.88;22.88;22.88;22.88;22.88;22.88;22.88;22.88;22.88;22.88;165.10299999999998
1194;235.68899999999996;71.67699999999999;22.88;22.88;87.405;22.88;22.88;22.88;103.04499999999999;22.88;22.88;22.88;22.88;22.88;22.88;22.88;22.88;22.88;22.88;22.88;22.88;22.88;22.88;22.88;22.88;22.88;22.88;22.88;22.88;22.88
1195;3292.687;431.1449999999999;534.8;358.95300000000003;209.23399999999998;340.726;16.445;259.291;370.485;464.784;233.697;426.629;326.88199999999995;382.06499999999994;417.719;564.32;319.381;16.445;462.0139999999999;283.086;393.328;381.1529999999999;210.06699999999998;220.10599999999997;160.08100000000002;16.445;37.485;46.285999999999994;58.642999999999994;202.66699999999997
1196;2344.33;147.094;132.613;359.32399999999996;172.209;282.378;20.02;195.28799999999998;267.679;140.82;140.13899999999998;139.403;218.20199999999997;148.29699999999997;203.61499999999995;112.72299999999998;14.366;20.02;213.067;105.70600000000002;194.361;87.27699999999999;105.794;104.61899999999999;120.53199999999998;20.02;99.835;64.30799999999999;142.177;625.1739999999999
1197;1408.6299999999999;111.46799999999999;178.202;252.264;246.065;248.767;25.74;136.01299999999998;258.246;180.245;112.82799999999999;131.938;127.619;128.802;184.63400000000001;96.74;25.74;25.74;285.28299999999996;133.541;204.73499999999999;51.282;69.299;92.71599999999998;51.063;25.74;68.53999999999999;25.74;111.342;285.956
1198;1165.8799999999999;216.29199999999997;277.822;182.24099999999999;219.567;-10.168999999999997;20.02;-8.816000000000003;300.09;85.568;88.29299999999999;20.02;2.8019999999999996;5.2379999999999995;20.02;39.464999999999996;13.365999999999998;20.02;181.21300000000002;19.583999999999996;151.39499999999998;20.02;44.928;72.68299999999999;55.626;20.02;45.863;20.02;62.89999999999999;240.202
1199;1407.4389999999999;296.926;170.952;165.98999999999998;184.803;118.267;19.305;82.74799999999999;119.437;109.75399999999999;92.389;103.606;101.054;69.709;164.10299999999998;87.335;51.169;19.305;135.303;54.387;214.29399999999998;19.305;19.305;19.305;19.305;19.305;19.305;19.305;19.305;19.305
1200;62.77499999999999;20.02;20.02;20.02;20.02;20.02;20.02;20.02;20.02;20.02;20.02;20.02;20.02;20.02;20.02;20.02;20.02;20.02;20.02;20.02;20.02;20.02;20.02;20.02;20.02;20.02;20.02;20.02;20.02;20.02
1201;1845.725;173.721;175.28099999999998;173.319;163.04399999999998;162.47899999999998;20.02;90.525;200.32399999999998;103.232;116.17699999999999;92.789;144.53199999999998;141.851;225.188;177.338;84.774;20.02;197.46;147.719;219.647;79.146;65.792;45.907;20.02;20.02;20.02;20.02;63.08099999999999;337.729
1202;73.69200000000001;17.16;17.16;17.16;17.16;17.16;17.16;17.16;17.16;17.16;17.16;17.16;17.16;17.16;17.16;17.16;17.16;17.16;17.16;17.16;17.16;17.16;17.16;17.16;17.16;17.16;17.16;17.16;17.16;17.16
1203;1341.4019999999998;189.619;81.77699999999999;152.097;191.14100000000002;135.745;22.88;92.143;128.01;187.409;45.247;113.436;130.767;62.330999999999996;184.456;142.233;58.056;22.88;30.226;54.117;180.416;44.899;54.245;63.879;68.91399999999999;22.88;93.321;62.245000000000005;122.648;183.058
1204;2272.9829999999997;110.475;138.23099999999997;196.655;196.06099999999998;224.12099999999998;22.88;182.48199999999997;275.501;145.747;189.291;197.22499999999997;191.89499999999998;168.975;237.96300000000002;146.427;161.474;22.88;252.63299999999998;175.655;278.65299999999996;183.23399999999998;130.10399999999998;168.59099999999998;154.39800000000002;22.88;146.22299999999998;135.067;161.12499999999997;503.589
1205;2254.2299999999996;115.42399999999998;129.367;169.841;163.513;174.30499999999998;20.02;124.54199999999999;135.79899999999998;95.067;111.70599999999999;93.987;169.49099999999999;174.768;223.81799999999998;76.338;20.02;20.02;275.56899999999996;99.29999999999998;227.95299999999997;111.33099999999999;57.166999999999994;141.051;68.131;20.02;59.94199999999999;66.209;119.001;563.3889999999999
1206;1095.8940000000002;120.34199999999998;100.731;91.27799999999999;167.848;83.55;20.02;20.02;146.83899999999997;89.69800000000001;41.473;127.43799999999999;116.88499999999999;153.42799999999997;200.57;76.151;20.02;20.02;77.70899999999999;20.02;128.15699999999998;20.02;76.16499999999999;20.02;20.02;20.02;20.02;20.02;20.02;150.975
1207;1302.5189999999998;130.738;110.487;152.09599999999998;121.32199999999999;48.150999999999996;22.88;48.657999999999994;129.44;112.011;134.528;110.27599999999998;131.365;109.315;180.21099999999996;116.643;75.24199999999999;22.88;259.63999999999993;46.745999999999995;173.07;91.25299999999999;32.70399999999999;34.595;37.486;22.88;103.15199999999999;22.88;22.88;314.33599999999996
1208;1138.414;132.20999999999998;68.31799999999998;91.165;178.637;97.53699999999999;20.02;80.12599999999999;141.92399999999998;75.58699999999999;20.02;67.644;112.05600000000001;78.92599999999999;157.359;51.798;58.318;20.02;208.79999999999995;40.64699999999999;120.005;20.02;20.02;20.02;20.02;20.02;40.64699999999999;20.02;74.937;400.01200000000006
1209;710.2409999999999;79.749;96.701;165.60299999999998;202.773;201.31199999999998;22.88;161.95;137.332;61.525999999999996;64.45899999999999;65.90599999999999;22.88;22.88;154.01799999999997;22.88;22.88;22.88;111.62899999999999;22.88;22.88;22.88;22.88;22.88;22.88;22.88;22.88;22.88;22.88;144.279
1210;374.68999999999994;62.852999999999994;69.241;72.67699999999999;153.98000000000002;22.88;22.88;82.241;163.54399999999998;22.88;22.88;22.88;49.54899999999999;22.88;132.453;22.88;22.88;22.88;22.88;22.88;22.88;22.88;22.88;22.88;22.88;22.88;22.88;22.88;22.88;22.88
1211;3766.92;204.978;163.59699999999998;193.054;222.646;199.95599999999996;22.88;161.70299999999997;317.04499999999996;191.65999999999997;136.649;284.37199999999996;153.73499999999999;144.633;249.25799999999998;137.676;124.05499999999999;22.88;316.116;147.36599999999999;284.312;164.41;180.284;171.477;191.45799999999997;22.88;187.16499999999996;171.11999999999998;223.841;508.20699999999994
1212;466.277;64.264;22.88;67.874;154.01800000000003;75.429;22.88;22.88;117.31099999999998;72.394;22.88;22.88;22.88;22.88;22.88;22.88;22.88;22.88;22.88;22.88;22.88;22.88;22.88;22.88;22.88;22.88;22.88;22.88;22.88;22.88
1213;118.818;20.02;20.02;20.02;20.02;20.02;20.02;20.02;20.02;20.02;20.02;20.02;20.02;20.02;20.02;20.02;20.02;20.02;20.02;20.02;20.02;20.02;20.02;20.02;20.02;20.02;20.02;20.02;20.02;20.02
1214;1103.4519999999998;203.23999999999998;230.016;148.809;191.325;86.48599999999999;25.74;-5.258000000000003;220.24399999999997;141.195;47.169999999999995;82.81099999999999;62.40799999999999;82.299;145.42199999999997;25.74;65.51599999999999;25.74;197.249;108.69699999999999;197.689;101.449;91.34;62.468999999999994;68.35999999999999;25.74;87.079;60.147;77.388;385.69699999999995
1215;2259.346;114.213;129.011;237.01299999999998;157.988;248.41099999999997;20.02;206.09299999999996;226.38799999999998;145.743;165.20299999999997;194.92700000000002;217.39599999999996;173.212;225.02299999999997;89.785;20.02;20.02;316.739;118.013;239.373;175.278;50.733;134.498;143.558;20.02;126.06799999999998;115.516;175.39899999999997;388.63899999999995
1216;1381.3039999999999;142.855;141.33499999999998;130.81799999999998;198.89099999999996;119.15199999999999;16.445;126.51199999999999;310.371;206.76999999999998;112.39699999999999;134.239;131.932;167.22899999999998;161.378;84.309;43.76599999999999;16.445;152.605;80.02199999999999;226.79899999999998;52.16;44.10399999999999;68.52;44.173;16.445;75.32300000000001;56.69299999999999;77.93799999999999;268.108
1217;3176.591999999999;150.01799999999997;223.53699999999998;241.598;180.463;228.86699999999996;22.88;239.315;276.131;133.85199999999998;159.718;157.454;206.03199999999998;193.275;250.25599999999997;100.95599999999999;86.118;22.88;291.249;101.55599999999998;232.443;89.98400000000001;100.988;85.494;67.246;22.88;22.88;50.266;88.681;409.38399999999996
1218;1658.4340000000002;100.41199999999999;147.687;190.51;205.863;176.878;19.305;186.942;272.651;213.959;162.73899999999998;55.842999999999996;135.13;66.40599999999999;206.457;61.257999999999996;19.305;19.305;19.305;19.305;19.305;19.305;19.305;19.305;19.305;19.305;19.305;19.305;19.305;131.61800000000002
1219;62.77499999999999;20.02;20.02;20.02;20.02;20.02;20.02;20.02;20.02;20.02;20.02;20.02;20.02;20.02;20.02;20.02;20.02;20.02;20.02;20.02;20.02;20.02;20.02;20.02;20.02;20.02;20.02;20.02;20.02;20.02
1220;180.68599999999998;63.361999999999995;20.02;20.02;20.02;20.02;20.02;20.02;20.02;20.02;20.02;20.02;20.02;20.02;20.02;20.02;20.02;20.02;20.02;20.02;20.02;20.02;20.02;20.02;20.02;20.02;20.02;20.02;20.02;20.02
1221;442.188;66.404;86.256;77.59899999999999;20.02;75.92599999999999;20.02;20.02;20.02;20.02;20.02;20.02;20.02;20.02;20.02;20.02;20.02;20.02;20.02;20.02;20.02;20.02;20.02;20.02;20.02;20.02;20.02;20.02;20.02;166.85099999999997
1222;565.0799999999999;97.27999999999999;73.272;37.30199999999999;160.935;42.92999999999999;20.02;44.711999999999996;134.29899999999998;66.96;51.385;64.18599999999999;64.532;20.02;103.09899999999999;20.02;20.02;20.02;20.02;20.02;82.90799999999999;83.18599999999999;86.07699999999998;20.02;20.02;20.02;20.02;20.02;20.02;20.02
1223;609.886;80.82199999999999;75.41;158.93699999999998;111.42099999999999;22.88;22.88;22.88;22.88;88.52399999999999;22.88;22.88;22.88;22.88;22.88;22.88;22.88;22.88;22.88;22.88;22.88;22.88;22.88;22.88;22.88;22.88;22.88;22.88;22.88;148.822
1224;2121.906;144.11399999999998;201.106;196.05699999999996;212.474;236.055;20.02;190.166;252.875;98.34299999999999;130.65;127.36899999999999;177.416;186.65399999999997;262.471;83.164;67.95599999999999;20.02;175.93699999999998;174.46599999999998;292.469;150.543;148.85500000000002;149.61399999999998;148.27599999999998;20.02;108.25;104.582;146.202;449.42600000000004
1225;938.174;159.545;141.60999999999999;133.905;162.649;86.695;22.88;160.195;168.69199999999998;101.59199999999998;0.9679999999999964;43.50699999999999;71.557;68.856;104.08699999999999;55.897;98.589;22.88;138.445;22.88;151.58999999999997;22.88;22.88;44.376999999999995;118.04599999999999;22.88;54.69;22.88;67.006;359.72499999999997
1226;62.77499999999999;20.02;20.02;20.02;20.02;20.02;20.02;20.02;20.02;20.02;20.02;20.02;20.02;20.02;20.02;20.02;20.02;20.02;20.02;20.02;20.02;20.02;20.02;20.02;20.02;20.02;20.02;20.02;20.02;20.02
1227;509.294;78.294;102.52799999999999;76.509;152.64399999999998;104.519;22.88;22.88;109.572;22.88;22.88;22.88;53.15899999999999;55.504999999999995;132.619;22.88;22.88;22.88;22.88;22.88;128.979;22.88;22.88;22.88;22.88;22.88;22.88;22.88;22.88;147.279
1228;99.911;86.044;22.88;22.88;22.88;22.88;22.88;22.88;22.88;22.88;22.88;22.88;22.88;22.88;22.88;22.88;22.88;22.88;22.88;22.88;22.88;22.88;22.88;22.88;22.88;22.88;22.88;22.88;22.88;22.88
1229;603.8749999999999;95.684;74.745;73.53799999999998;154.469;65.307;16.445;16.445;177.868;82.41199999999999;16.445;61.544;16.445;16.445;114.369;16.445;16.445;16.445;16.445;16.445;16.445;16.445;16.445;16.445;16.445;16.445;16.445;16.445;16.445;140.322
1230;68.49499999999999;25.74;25.74;25.74;25.74;25.74;25.74;25.74;25.74;25.74;25.74;25.74;25.74;25.74;25.74;25.74;25.74;25.74;25.74;25.74;25.74;25.74;25.74;25.74;25.74;25.74;25.74;25.74;25.74;25.74
1231;3011.571;278.373;151.80399999999997;403.25699999999995;197.308;283.32599999999996;20.02;239.321;321.4;208.59199999999998;345.512;300.703;244.613;210.248;257.975;213.54899999999998;119.937;20.02;395.323;133.953;320.936;140.332;129.23;156.99199999999996;106.13499999999999;20.02;122.27;118.896;153.39000000000001;568.948
1232;1197.3539999999998;124.969;163.57099999999997;287.24;203.527;287.22999999999996;22.88;248.33100000000002;511.077;302.01500000000004;199.37699999999998;279.057;238.338;158.167;225.013;66.19899999999998;22.88;22.88;115.497;22.88;22.88;22.88;22.88;22.88;22.88;22.88;22.88;22.88;22.88;130.99099999999999
1233;1034.337;117.71699999999998;88.585;182.755;164.51299999999998;224.56799999999998;22.88;180.08599999999998;258.327;86.679;43.245;22.88;98.389;88.797;129.15699999999998;22.88;22.88;22.88;133.478;154.434;280.27;108.13699999999999;22.88;43.412;41.292;22.88;49.201;22.88;69.41199999999999;401.255
1234;1062.415;86.32;145.631;188.23699999999997;166.90499999999997;176.505;20.02;152.921;253.143;208.646;135.789;166.437;105.87599999999999;99.21899999999998;187.721;117.30399999999999;67.519;20.02;182.058;131.584;173.047;62.099999999999994;20.02;67.882;20.02;20.02;20.02;20.02;20.02;20.02
1235;191.40699999999998;59.644999999999996;20.02;20.02;103.29999999999998;20.02;20.02;20.02;20.02;20.02;20.02;20.02;20.02;20.02;20.02;20.02;20.02;20.02;20.02;20.02;20.02;20.02;20.02;20.02;20.02;20.02;20.02;20.02;20.02;20.02
1236;68.49499999999999;25.74;25.74;25.74;25.74;25.74;25.74;25.74;25.74;25.74;25.74;25.74;25.74;25.74;25.74;25.74;25.74;25.74;25.74;25.74;25.74;25.74;25.74;25.74;25.74;25.74;25.74;25.74;25.74;25.74
1237;849.3649999999998;125.59799999999998;107.01599999999999;182.718;182.13799999999998;192.44799999999998;22.88;159.85699999999997;268.49399999999997;67.24099999999999;22.88;64.482;181.016;111.023;209.858;106.65899999999999;22.88;22.88;22.88;22.88;22.88;22.88;22.88;22.88;22.88;22.88;22.88;22.88;22.88;183.029
1238;695.6780000000001;196.558;71.591;164.271;165.858;137.749;22.88;95.327;22.88;22.88;22.88;22.88;22.88;22.88;22.88;22.88;22.88;22.88;22.88;22.88;22.88;22.88;22.88;22.88;22.88;22.88;22.88;22.88;22.88;185.11499999999998
1239;2233.984;200.43999999999997;204.699;234.51;181.73199999999997;205.202;22.88;149.547;368.0129999999999;288.042;131.539;161.71699999999998;216.41299999999998;205.781;268.00699999999995;151.689;92.883;22.88;211.385;144.60599999999997;292.421;118.24199999999999;158.79899999999998;143.07299999999998;94.90299999999999;22.88;135.814;157.482;132.606;395.10699999999997
1240;666.637;192.047;243.025;128.70000000000002;173.377;60.44;22.88;79.275;155.392;22.88;74.89499999999998;22.88;22.88;22.88;22.88;22.88;22.88;22.88;122.725;22.88;22.88;22.88;22.88;22.88;22.88;22.88;22.88;22.88;22.88;165.82
1241;429.852;103.45399999999998;79.43799999999999;71.13199999999999;148.155;22.88;22.88;22.88;112.822;22.88;22.88;22.88;22.88;22.88;22.88;22.88;22.88;22.88;22.88;22.88;22.88;22.88;22.88;22.88;22.88;22.88;22.88;22.88;22.88;22.88
1242;2777.434;148.54299999999998;73.379;241.96399999999997;189.071;252.64699999999996;20.02;225.422;303.90099999999995;98.06;89.086;121.05199999999999;191.24399999999997;247.213;295.55099999999993;139.60399999999998;10.910999999999998;20.02;331.546;244.69699999999997;377.745;146.648;44.777;106.733;65.092;20.02;109.865;64.185;120.146;484.18899999999996
1243;2095.575;197.34699999999998;163.77399999999997;239.899;179.52499999999998;270.364;20.02;188.226;251.43199999999996;263.99199999999996;88.553;20.02;20.02;20.02;110.86499999999998;20.02;20.02;20.02;121.57199999999999;20.02;20.02;20.02;20.02;20.02;20.02;20.02;20.02;20.02;20.02;197.27299999999997
1244;62.77499999999999;20.02;20.02;20.02;20.02;20.02;20.02;20.02;20.02;20.02;20.02;20.02;20.02;20.02;20.02;20.02;20.02;20.02;20.02;20.02;20.02;20.02;20.02;20.02;20.02;20.02;20.02;20.02;20.02;20.02
1245;1730.7720000000002;137.34699999999998;118.954;173.86999999999998;173.665;232.664;22.88;226.837;277.49699999999996;283.198;267.515;298.611;231.36199999999997;166.20999999999998;261.93699999999995;196.51899999999995;165.54399999999998;22.88;200.855;164.95999999999998;303.331;165.112;181.791;170.176;148.236;22.88;133.33499999999998;22.88;98.83499999999998;403.299
1246;64.91999999999999;22.165;22.165;22.165;22.165;22.165;22.165;22.165;22.165;22.165;22.165;22.165;22.165;22.165;22.165;22.165;22.165;22.165;22.165;22.165;22.165;22.165;22.165;22.165;22.165;22.165;22.165;22.165;22.165;22.165
1247;2416.899;237.039;309.613;207.921;207.30100000000002;166.93699999999998;16.445;132.5;311.85799999999995;82.17399999999999;16.445;161.73499999999999;16.445;59.06999999999999;16.445;16.445;16.445;16.445;136.492;16.445;16.445;16.445;93.131;16.445;16.445;16.445;16.445;16.445;16.445;186.595
1248;62.77499999999999;20.02;20.02;20.02;20.02;20.02;20.02;20.02;20.02;20.02;20.02;20.02;20.02;20.02;20.02;20.02;20.02;20.02;20.02;20.02;20.02;20.02;20.02;20.02;20.02;20.02;20.02;20.02;20.02;20.02
1249;62.77499999999999;20.02;20.02;20.02;20.02;20.02;20.02;20.02;20.02;20.02;20.02;20.02;20.02;20.02;20.02;20.02;20.02;20.02;20.02;20.02;20.02;20.02;20.02;20.02;20.02;20.02;20.02;20.02;20.02;20.02
1250;1454.478;21.942999999999998;113.0;168.094;95.29599999999999;42.382;22.88;149.271;152.022;60.068;57.45399999999999;64.018;103.595;86.12899999999999;167.773;80.559;74.76499999999999;22.88;172.521;126.925;279.089;136.257;133.208;108.506;85.65899999999999;22.88;77.519;52.702;127.945;320.614
1251;2062.6279999999997;123.715;181.298;138.634;214.65499999999997;109.203;25.74;63.025999999999996;182.56199999999998;94.90299999999999;25.74;73.538;88.481;81.255;148.12;13.739999999999995;25.74;25.74;242.09499999999997;102.618;200.57;64.887;82.981;51.867999999999995;43.759;25.74;63.541;25.74;65.323;256.323
1252;65.63499999999999;22.88;22.88;22.88;22.88;22.88;22.88;22.88;22.88;22.88;22.88;22.88;22.88;22.88;22.88;22.88;22.88;22.88;22.88;22.88;22.88;22.88;22.88;22.88;22.88;22.88;22.88;22.88;22.88;22.88
1253;65.63499999999999;22.88;22.88;22.88;22.88;22.88;22.88;22.88;22.88;22.88;22.88;22.88;22.88;22.88;22.88;22.88;22.88;22.88;22.88;22.88;22.88;22.88;22.88;22.88;22.88;22.88;22.88;22.88;22.88;22.88
1254;1864.0629999999996;124.00999999999998;150.69400000000002;203.63800000000003;188.878;217.31400000000002;20.02;237.219;281.322;147.012;99.655;266.793;198.247;205.197;286.764;123.051;58.144;20.02;194.242;145.918;281.193;200.876;120.49;183.998;194.55200000000002;20.02;79.34799999999998;63.408;175.361;391.178
1255;1250.2169999999999;87.963;71.18599999999999;20.02;159.762;20.02;20.02;64.18799999999999;104.261;20.02;20.02;53.839999999999996;53.16699999999999;62.602999999999994;155.655;20.02;20.02;20.02;34.038999999999994;20.02;178.78099999999998;20.02;42.712;41.147999999999996;20.02;20.02;117.145;55.166999999999994;113.524;361.517
1256;104.21600000000001;20.02;20.02;20.02;20.02;20.02;20.02;20.02;20.02;20.02;20.02;20.02;20.02;20.02;20.02;20.02;20.02;20.02;20.02;20.02;20.02;20.02;20.02;20.02;20.02;20.02;20.02;20.02;20.02;20.02
1257;2050.344;147.72799999999998;122.78199999999998;196.29399999999998;233.70999999999998;174.712;22.88;140.72199999999998;252.35499999999996;97.52199999999999;101.77599999999998;77.862;160.17999999999998;101.04599999999999;215.64299999999997;108.349;104.755;22.88;296.29299999999995;78.002;209.511;66.023;70.308;22.88;22.88;22.88;103.512;78.763;22.88;253.949
1258;2612.77;259.167;211.18199999999996;187.671;227.875;161.45399999999998;22.88;192.774;290.738;195.22699999999998;164.168;147.296;190.62699999999998;172.68599999999998;273.211;68.791;63.617999999999995;22.88;363.067;184.57;315.14599999999996;144.49099999999999;145.41299999999998;142.422;130.81099999999998;22.88;94.19399999999999;65.35199999999999;138.237;409.93999999999994
1259;303.695;101.55099999999999;22.88;22.88;114.31199999999998;22.88;22.88;22.88;22.88;22.88;22.88;22.88;22.88;22.88;22.88;22.88;22.88;22.88;22.88;22.88;22.88;22.88;22.88;22.88;22.88;22.88;22.88;22.88;22.88;22.88
1260;117.45499999999998;84.446;16.445;16.445;16.445;16.445;16.445;16.445;16.445;16.445;16.445;16.445;16.445;16.445;16.445;16.445;16.445;16.445;16.445;16.445;16.445;16.445;16.445;16.445;16.445;16.445;16.445;16.445;16.445;16.445
1261;1826.174;115.76899999999999;114.36099999999999;187.13299999999998;194.129;201.483;25.74;198.087;202.536;140.689;175.302;123.29599999999999;210.923;183.73399999999998;206.881;22.389999999999997;25.74;25.74;270.62399999999997;140.15099999999998;280.286;132.255;132.56199999999998;126.71099999999998;142.244;25.74;83.20599999999999;84.101;125.12499999999999;346.828
1262;449.593;197.92499999999998;123.064;71.79599999999999;73.27399999999999;20.02;20.02;20.02;20.02;20.02;20.02;20.02;20.02;20.02;20.02;20.02;20.02;20.02;20.02;20.02;20.02;20.02;20.02;20.02;20.02;20.02;20.02;20.02;20.02;165.136
1263;747.145;107.52799999999999;122.999;212.259;178.1;151.16899999999998;20.02;37.75599999999999;177.474;62.86199999999999;20.02;20.02;44.777;20.02;140.968;20.02;20.02;20.02;20.02;20.02;20.02;20.02;20.02;20.02;20.02;20.02;20.02;20.02;20.02;163.809
1264;242.903;19.305;70.209;74.53;137.88;19.305;19.305;19.305;19.305;19.305;19.305;19.305;19.305;19.305;19.305;19.305;19.305;19.305;104.68499999999999;19.305;19.305;19.305;19.305;19.305;19.305;19.305;19.305;19.305;19.305;19.305
1265;669.341;112.488;160.981;258.53999999999996;179.614;204.166;20.02;195.09199999999998;100.185;20.02;20.02;20.02;20.02;20.02;20.02;20.02;20.02;20.02;20.02;20.02;20.02;20.02;20.02;20.02;20.02;20.02;20.02;20.02;20.02;128.203
1266;527.246;64.068;45.331999999999994;16.445;168.97799999999998;16.445;16.445;16.445;138.521;54.678;16.445;71.79899999999999;77.548;16.445;92.36399999999999;16.445;16.445;16.445;106.43299999999999;16.445;16.445;16.445;16.445;16.445;16.445;16.445;16.445;16.445;16.445;145.691
1267;160.088;79.633;22.88;22.88;22.88;22.88;22.88;22.88;22.88;22.88;22.88;22.88;22.88;22.88;22.88;22.88;22.88;22.88;22.88;22.88;22.88;22.88;22.88;22.88;22.88;22.88;22.88;22.88;22.88;152.126
1268;340.591;91.09299999999999;82.636;28.599999999999998;164.401;28.599999999999998;28.599999999999998;28.599999999999998;101.026;28.599999999999998;28.599999999999998;79.811;88.57099999999998;28.599999999999998;155.66199999999998;28.599999999999998;28.599999999999998;28.599999999999998;28.599999999999998;28.599999999999998;28.599999999999998;28.599999999999998;28.599999999999998;28.599999999999998;28.599999999999998;28.599999999999998;28.599999999999998;28.599999999999998;28.599999999999998;149.586
1269;3839.214;325.404;289.85999999999996;306.376;220.69899999999998;403.95399999999995;19.305;336.92199999999997;322.221;367.057;340.03;272.89599999999996;262.043;403.837;335.29499999999996;352.81899999999996;202.60199999999998;19.305;417.97499999999997;244.96699999999998;410.26399999999995;180.083;211.00699999999998;222.83499999999998;234.438;19.305;285.76;167.79199999999997;334.71299999999997;706.0699999999999
1270;997.9579999999999;73.42599999999999;102.667;136.518;202.06100000000004;22.88;22.88;84.137;84.703;78.91799999999999;111.28699999999998;67.656;47.985;62.05;136.502;60.83;64.11099999999999;22.88;200.934;83.393;157.511;116.884;22.88;116.031;113.89399999999999;22.88;71.713;22.88;156.412;254.54
1271;59.19999999999999;16.445;16.445;16.445;16.445;16.445;16.445;16.445;16.445;16.445;16.445;16.445;16.445;16.445;16.445;16.445;16.445;16.445;16.445;16.445;16.445;16.445;16.445;16.445;16.445;16.445;16.445;16.445;16.445;16.445
1272;930.592;22.88;-22.702999999999996;-4.1179999999999986;182.574;55.504999999999995;22.88;22.88;104.151;29.738999999999997;16.314999999999998;66.176;74.216;74.25399999999999;100.877;115.508;84.63399999999999;22.88;153.629;114.76499999999999;263.977;55.827;86.685;42.227999999999994;45.571999999999996;22.88;136.27499999999998;83.186;105.505;228.02099999999996
1273;1301.21;116.594;75.03999999999999;104.969;196.38299999999998;22.88;22.88;106.74199999999999;115.686;22.88;22.88;22.88;31.183999999999997;84.91799999999999;128.023;22.88;22.88;22.88;115.12599999999999;49.05;227.74499999999998;51.202999999999996;22.88;46.985;64.216;22.88;56.732;22.88;78.656;223.99899999999997
1274;2243.0139999999997;81.40199999999999;115.66999999999999;111.68799999999999;167.14199999999997;-3.5440000000000005;20.02;118.448;159.446;97.30799999999999;20.02;63.775;131.635;84.64699999999999;146.063;104.213;58.144;20.02;127.57799999999999;87.20399999999998;182.195;20.02;20.02;96.56799999999998;20.02;20.02;51.233999999999995;20.02;65.603;363.51800000000003
1275;1675.363;210.85499999999996;296.65799999999996;146.512;172.789;127.91399999999999;20.02;70.024;180.916;176.299;148.90699999999998;84.35799999999999;97.10799999999999;148.422;172.35399999999998;144.111;85.87899999999999;20.02;284.336;108.007;180.76;79.47099999999999;61.983999999999995;65.569;105.65299999999999;20.02;119.01999999999998;95.42099999999999;146.107;405.308
1276;1291.2939999999999;101.843;88.90299999999999;132.738;184.017;129.702;20.02;135.198;211.12699999999995;161.36599999999999;110.05199999999999;123.69099999999999;94.187;111.612;133.434;20.02;20.02;20.02;39.367;52.257999999999996;43.149;42.885999999999996;45.19;70.15799999999999;51.559;20.02;40.408;60.232;98.613;340.444
1277;378.35;22.88;65.786;22.88;151.18099999999998;22.88;22.88;22.88;176.19299999999998;22.88;22.88;22.88;22.88;22.88;118.986;22.88;22.88;22.88;114.08399999999999;22.88;125.72899999999998;22.88;22.88;22.88;22.88;22.88;22.88;22.88;22.88;142.38799999999998
1278;2519.256;336.26199999999994;234.953;198.84300000000002;256.394;167.808;20.02;172.202;275.27399999999994;168.55499999999998;172.252;172.546;108.43799999999999;103.96599999999998;200.35;120.66999999999999;120.106;20.02;297.43399999999997;139.002;261.01099999999997;115.84899999999999;110.309;121.65999999999998;111.525;20.02;105.50199999999998;100.314;191.48999999999998;310.09599999999995
1279;450.23699999999997;107.13399999999999;88.96499999999997;169.48499999999999;185.081;183.8;25.74;150.438;338.61299999999994;25.74;25.74;25.74;25.74;25.74;25.74;25.74;25.74;25.74;25.74;25.74;25.74;25.74;25.74;25.74;25.74;25.74;25.74;25.74;25.74;151.68200000000002
1280;268.73299999999995;81.85499999999999;53.97399999999999;19.305;19.305;19.305;19.305;19.305;19.305;19.305;19.305;19.305;19.305;19.305;19.305;19.305;19.305;19.305;19.305;19.305;19.305;19.305;19.305;19.305;19.305;19.305;19.305;19.305;19.305;150.31199999999998
1281;369.38899999999995;77.8;21.662;90.142;124.089;22.88;22.88;22.88;131.577;56.071;22.88;22.88;46.571999999999996;85.273;144.84699999999998;22.88;22.88;22.88;22.88;22.88;156.07899999999998;22.88;22.88;22.88;22.88;22.88;22.88;22.88;22.88;22.88
1282;392.3349999999999;138.418;22.88;22.88;106.6;22.88;22.88;22.88;111.251;172.329;22.88;22.88;22.88;22.88;22.88;22.88;22.88;22.88;22.88;22.88;22.88;22.88;22.88;22.88;22.88;22.88;22.88;22.88;22.88;143.453
1283;130.197;84.698;74.90299999999999;75.339;20.02;20.02;20.02;20.02;20.02;20.02;20.02;20.02;20.02;20.02;20.02;20.02;20.02;20.02;20.02;20.02;20.02;20.02;20.02;20.02;20.02;20.02;20.02;20.02;20.02;20.02
1284;3226.515;102.374;149.12599999999998;190.197;202.58499999999998;185.05899999999997;20.02;173.08499999999998;252.046;202.88599999999997;95.01299999999999;159.48699999999997;174.136;178.579;242.523;156.814;84.52499999999999;20.02;187.364;90.883;244.527;83.441;84.167;36.38699999999999;41.590999999999994;20.02;78.736;20.02;84.698;380.806
1285;1558.4069999999997;154.032;177.92899999999997;319.388;193.414;245.695;20.02;204.86799999999997;282.35699999999997;180.95999999999998;106.96199999999999;68.274;154.60899999999998;112.83999999999999;183.529;132.963;148.024;20.02;162.84199999999998;63.830999999999996;191.417;89.92099999999999;89.982;62.535999999999994;65.42699999999999;20.02;106.66399999999999;78.55499999999999;98.599;339.676
1286;602.007;83.238;53.863;73.029;102.06099999999999;67.94;20.02;20.02;20.02;20.02;20.02;20.02;20.02;20.02;20.02;20.02;20.02;20.02;20.02;20.02;20.02;20.02;20.02;20.02;20.02;20.02;20.02;20.02;20.02;148.027
1287;3225.8059999999996;140.043;135.834;185.176;194.43099999999998;206.60499999999996;20.02;208.546;314.455;224.883;214.5;260.697;187.53699999999998;190.059;287.221;176.49599999999998;134.98;20.02;344.217;213.95499999999996;278.225;156.454;140.675;153.33100000000002;160.051;20.02;90.292;92.447;148.51399999999998;493.15599999999995
1288;199.30199999999996;80.27300000000001;22.88;81.09199999999998;22.88;22.88;22.88;22.88;22.88;22.88;22.88;22.88;22.88;22.88;22.88;22.88;22.88;22.88;22.88;22.88;22.88;22.88;22.88;22.88;22.88;22.88;22.88;22.88;22.88;143.627
1289;2742.93;165.956;209.90999999999997;378.00399999999996;224.15999999999997;467.31399999999996;22.88;384.01099999999997;628.287;717.0559999999999;400.533;391.843;263.359;239.651;328.62899999999996;234.261;170.04899999999998;22.88;249.135;164.268;294.89099999999996;126.384;113.094;194.80899999999997;164.61399999999998;22.88;175.838;127.27799999999999;133.628;544.786
1290;1800.6829999999998;162.606;227.537;200.893;205.762;212.706;20.02;276.476;418.67699999999996;209.466;84.26799999999999;139.72299999999998;170.13799999999998;254.56599999999997;279.805;175.35199999999998;141.665;20.02;235.374;138.191;277.355;147.608;163.71699999999998;150.40699999999998;157.688;20.02;145.372;107.094;161.084;404.69599999999997
1291;938.334;111.25299999999999;191.46499999999997;160.75599999999997;221.527;176.46499999999997;22.88;139.92000000000002;166.99099999999999;134.53799999999998;107.189;69.64699999999999;117.192;67.463;151.98;41.69;16.771;22.88;124.47399999999999;63.245;203.42999999999995;57.035999999999994;48.462999999999994;47.71799999999999;42.724999999999994;22.88;82.63999999999999;49.159;74.33099999999999;421.93
1292;2069.4199999999996;163.385;155.483;215.53699999999998;214.33299999999997;222.452;20.02;227.695;329.39799999999997;214.12699999999995;168.32799999999997;171.54399999999998;138.615;109.29899999999999;231.399;142.113;105.059;20.02;154.23;107.971;276.004;113.41799999999998;170.971;123.89099999999999;103.97899999999998;20.02;178.688;153.993;192.56;586.098
1293;62.05999999999999;19.305;19.305;19.305;19.305;19.305;19.305;19.305;19.305;19.305;19.305;19.305;19.305;19.305;19.305;19.305;19.305;19.305;19.305;19.305;19.305;19.305;19.305;19.305;19.305;19.305;19.305;19.305;19.305;19.305
1294;62.77499999999999;20.02;20.02;20.02;20.02;20.02;20.02;20.02;20.02;20.02;20.02;20.02;20.02;20.02;20.02;20.02;20.02;20.02;20.02;20.02;20.02;20.02;20.02;20.02;20.02;20.02;20.02;20.02;20.02;20.02
1295;297.062;149.947;140.75199999999998;116.903;73.972;19.305;19.305;19.305;19.305;19.305;19.305;19.305;19.305;19.305;19.305;19.305;19.305;19.305;19.305;19.305;19.305;19.305;19.305;19.305;19.305;19.305;19.305;19.305;19.305;19.305
1296;549.1709999999999;93.37299999999999;88.719;77.03999999999999;194.57699999999997;22.88;22.88;22.88;167.60299999999998;74.69999999999999;79.591;85.517;66.869;90.21499999999999;169.052;22.88;22.88;22.88;82.51399999999998;22.88;161.587;22.88;22.88;22.88;22.88;22.88;22.88;22.88;22.88;22.88
1297;62.77499999999999;20.02;20.02;20.02;20.02;20.02;20.02;20.02;20.02;20.02;20.02;20.02;20.02;20.02;20.02;20.02;20.02;20.02;20.02;20.02;20.02;20.02;20.02;20.02;20.02;20.02;20.02;20.02;20.02;20.02
1298;334.445;80.39;68.55;105.09199999999998;22.88;22.88;22.88;22.88;22.88;22.88;22.88;22.88;22.88;22.88;22.88;22.88;22.88;22.88;116.292;22.88;22.88;22.88;22.88;22.88;22.88;22.88;22.88;22.88;22.88;154.778
1299;1805.7759999999998;84.181;100.58;157.456;177.93199999999996;128.29999999999998;22.88;76.299;157.2;36.462999999999994;39.354;22.88;110.207;64.726;168.78599999999997;55.809;22.88;22.88;139.177;58.961999999999996;192.72799999999998;22.88;22.88;22.88;22.88;22.88;22.88;22.88;58.04999999999999;357.176
1300;827.415;216.974;103.02999999999999;73.952;114.721;25.74;25.74;25.74;118.689;200.01999999999998;25.74;91.237;67.392;124.19299999999998;61.45299999999999;78.79899999999999;25.74;25.74;142.77800000000002;25.74;25.74;25.74;25.74;25.74;25.74;25.74;25.74;25.74;25.74;149.61700000000002
1301;1384.6329999999998;225.76999999999998;350.646;305.09399999999994;218.683;225.68200000000002;22.88;199.178;262.063;226.52999999999997;158.692;152.454;151.213;165.646;230.64100000000002;132.223;79.091;22.88;312.854;175.355;399.98499999999996;114.16;77.31099999999999;126.49699999999999;102.155;22.88;72.427;69.773;108.184;397.788
1302;540.747;97.80599999999998;107.74699999999999;16.445;149.179;16.445;16.445;16.445;65.72;16.445;16.445;16.445;16.445;16.445;16.445;16.445;16.445;16.445;16.445;16.445;16.445;16.445;16.445;16.445;16.445;16.445;16.445;16.445;16.445;134.953
1303;1341.8399999999997;56.462999999999994;26.334999999999997;153.572;122.464;141.257;22.88;181.026;212.578;124.618;143.85799999999998;69.13099999999999;179.397;214.696;261.01;82.999;16.248999999999995;22.88;218.334;175.984;314.52099999999996;160.197;22.88;148.899;125.717;22.88;50.941;53.831999999999994;151.43;385.658
1304;2432.3289999999997;135.59799999999998;33.062999999999995;234.69;184.06799999999998;142.02599999999998;25.74;139.88799999999998;253.806;97.54299999999999;48.344;93.75399999999999;136.916;109.475;210.262;185.582;150.97299999999998;25.74;335.22299999999996;81.547;215.03700000000003;78.25399999999999;70.82399999999998;97.73399999999998;49.67099999999999;25.74;71.347;25.74;70.577;330.147
1305;65.63499999999999;22.88;22.88;22.88;22.88;22.88;22.88;22.88;22.88;22.88;22.88;22.88;22.88;22.88;22.88;22.88;22.88;22.88;22.88;22.88;22.88;22.88;22.88;22.88;22.88;22.88;22.88;22.88;22.88;22.88
1306;3406.871;125.435;134.248;233.046;203.717;189.429;16.445;208.567;322.308;249.42200000000003;219.44399999999996;295.501;223.06499999999997;212.43800000000002;303.315;253.20199999999994;159.26399999999998;16.445;304.03;161.551;295.295;156.468;132.44899999999998;162.08299999999997;135.17199999999997;16.445;173.24499999999998;147.111;153.242;579.889
1307;1294.8169999999998;119.62;175.13799999999998;110.97299999999998;199.10999999999999;100.417;22.88;170.004;254.589;196.58799999999997;115.37799999999999;108.929;87.768;49.87599999999999;130.83599999999998;93.557;48.66199999999999;22.88;218.815;69.79299999999999;205.62399999999997;48.224;89.684;100.31200000000001;47.69;22.88;53.927;53.504999999999995;64.85199999999999;250.46499999999997
1308;179.942;22.88;22.88;22.88;62.092;89.787;22.88;22.88;22.88;22.88;22.88;22.88;22.88;22.88;22.88;22.88;22.88;22.88;22.88;22.88;22.88;22.88;22.88;22.88;22.88;22.88;22.88;22.88;22.88;22.88
1309;1666.65;83.839;124.951;182.50199999999998;165.60999999999999;124.75899999999999;16.445;169.559;262.32099999999997;130.321;156.12399999999997;124.237;179.777;136.897;213.30999999999997;148.771;79.908;16.445;351.22999999999996;125.536;222.224;61.00999999999999;72.24199999999999;78.91699999999999;57.77499999999999;16.445;97.429;59.15599999999999;116.66199999999998;332.5
1310;3520.412;290.755;171.605;306.921;247.118;221.94299999999998;16.445;228.614;423.21999999999997;222.72;197.664;210.29;155.975;128.099;221.12399999999997;115.96700000000001;50.43899999999999;16.445;282.918;80.68299999999999;226.75099999999998;56.459999999999994;64.072;57.711999999999996;55.80799999999999;16.445;96.753;89.138;100.37299999999999;386.731
1311;591.096;91.855;79.66299999999998;126.663;183.679;137.072;22.88;145.128;72.394;72.155;22.88;22.88;22.88;22.88;22.88;22.88;22.88;22.88;115.75899999999999;22.88;22.88;22.88;22.88;22.88;22.88;22.88;22.88;22.88;22.88;156.394
1312;974.284;114.392;104.536;178.19899999999998;190.884;102.85099999999998;20.02;60.59;258.42599999999993;-2.8710000000000058;1.0199999999999996;-3.5440000000000005;94.00800000000001;70.80000000000001;144.46499999999997;74.37299999999999;54.666;20.02;57.166999999999994;60.05799999999999;147.545;20.02;29.256999999999998;20.02;20.02;20.02;46.68899999999999;20.02;62.477999999999994;218.00899999999996
1313;62.77499999999999;20.02;20.02;20.02;20.02;20.02;20.02;20.02;20.02;20.02;20.02;20.02;20.02;20.02;20.02;20.02;20.02;20.02;20.02;20.02;20.02;20.02;20.02;20.02;20.02;20.02;20.02;20.02;20.02;20.02
1314;1897.1759999999997;138.64100000000002;152.39299999999997;38.10699999999999;171.05199999999996;80.01499999999999;25.74;-4.91;177.01099999999997;75.84100000000001;88.07499999999999;25.74;74.439;115.87099999999998;210.952;73.79899999999999;36.019;25.74;254.07399999999998;100.734;215.35999999999999;67.335;73.136;69.148;25.74;25.74;49.583;25.74;65.91;427.01800000000003
1315;421.85099999999994;76.969;73.211;90.476;176.2;62.82900000000001;16.445;65.15599999999999;16.445;16.445;16.445;16.445;16.445;16.445;16.445;16.445;16.445;16.445;16.445;16.445;16.445;16.445;16.445;16.445;16.445;16.445;16.445;16.445;16.445;143.79999999999998
1316;1682.934;204.65099999999998;272.366;227.14799999999997;224.878;179.079;20.02;275.02399999999994;359.46500000000003;231.30200000000002;171.53099999999998;374.68699999999995;218.722;260.36499999999995;283.88399999999996;106.03299999999999;18.757999999999996;20.02;386.31499999999994;192.29999999999998;326.24699999999996;113.57199999999999;163.4;168.82899999999998;140.26999999999998;20.02;95.34899999999999;107.73799999999999;186.91799999999998;448.55100000000004
1317;964.853;98.10199999999999;83.58699999999999;74.047;165.338;20.02;20.02;20.02;149.707;20.02;20.02;20.02;20.02;20.02;20.02;20.02;20.02;20.02;20.02;20.02;20.02;20.02;20.02;20.02;20.02;20.02;20.02;20.02;20.02;20.02
1318;1224.906;122.269;78.65299999999999;181.048;226.00799999999998;72.715;20.02;20.02;132.79299999999998;52.211;20.02;20.02;20.02;20.02;144.438;20.02;20.02;20.02;20.02;20.02;20.02;20.02;20.02;36.974;20.02;20.02;47.10199999999999;20.02;67.524;152.16599999999997
1319;557.3719999999998;87.13199999999999;64.983;22.88;124.089;22.88;22.88;22.88;117.72399999999998;22.88;22.88;22.88;22.88;22.88;142.203;22.88;22.88;22.88;22.88;22.88;22.88;22.88;22.88;22.88;22.88;22.88;22.88;22.88;22.88;155.803
1320;1328.109;73.13199999999999;95.95599999999999;160.662;167.458;135.698;22.88;176.261;223.19299999999998;102.33699999999999;120.66499999999999;74.482;160.25799999999998;258.24899999999997;247.082;77.55199999999999;67.828;22.88;225.57599999999996;161.16599999999997;325.303;151.099;69.03399999999999;153.20399999999998;152.99;22.88;22.88;22.88;166.848;274.049
1321;3046.5009999999997;139.849;146.128;357.84499999999997;179.166;303.402;22.88;285.936;391.973;190.822;253.81;328.246;262.85299999999995;243.10599999999997;315.80199999999996;278.74499999999995;72.812;22.88;431.77599999999995;274.13899999999995;325.089;100.845;63.649;69.81;70.604;22.88;92.63499999999999;76.01799999999999;134.105;425.048
1322;223.573;98.13;78.56599999999999;86.60499999999999;22.88;22.88;22.88;22.88;22.88;22.88;22.88;22.88;22.88;22.88;22.88;22.88;22.88;22.88;114.107;22.88;22.88;22.88;22.88;22.88;22.88;22.88;22.88;22.88;22.88;151.713
1323;2340.234;292.517;120.075;208.02399999999997;220.12699999999998;243.364;16.445;166.29199999999997;368.226;169.04799999999997;115.84299999999999;100.898;205.176;178.83999999999997;255.26;142.78300000000002;110.44;16.445;325.687;144.536;213.70600000000002;137.406;113.47099999999999;151.19199999999998;102.79399999999998;16.445;145.44199999999998;69.831;159.242;489.13800000000003
1324;263.137;20.02;66.666;107.706;91.018;20.02;20.02;20.02;20.02;20.02;20.02;20.02;20.02;20.02;20.02;20.02;20.02;20.02;118.83200000000001;20.02;20.02;20.02;20.02;20.02;20.02;20.02;20.02;20.02;20.02;20.02
1325;3170.383;99.567;80.09199999999998;225.855;187.676;199.819;22.88;157.286;252.904;109.60499999999999;118.34199999999998;113.66499999999999;129.855;118.20899999999997;142.67;22.88;22.88;22.88;243.92899999999997;79.582;265.11499999999995;79.738;102.729;86.24;58.658;22.88;50.52799999999999;22.88;117.19900000000001;390.42099999999994
1326;338.664;22.88;22.88;22.88;115.52399999999999;22.88;22.88;22.88;105.083;22.88;22.88;22.88;22.88;22.88;22.88;22.88;22.88;22.88;22.88;22.88;22.88;22.88;22.88;22.88;22.88;22.88;22.88;22.88;22.88;22.88
1327;2460.9;137.265;191.92399999999998;171.66899999999998;185.69899999999998;186.22699999999998;20.02;184.96699999999998;329.225;225.60899999999995;117.51599999999999;80.648;90.187;105.63399999999999;232.468;138.327;102.551;20.02;209.444;108.0;272.69399999999996;82.989;84.713;125.814;45.864999999999995;20.02;95.57999999999998;68.332;144.7;425.33599999999996
1328;799.9859999999999;69.806;110.053;181.195;163.09099999999998;16.445;16.445;16.445;123.104;16.445;16.445;16.445;16.445;16.445;16.445;16.445;16.445;16.445;112.60499999999999;16.445;16.445;16.445;16.445;16.445;16.445;16.445;16.445;16.445;16.445;16.445
1329;187.12;84.228;67.079;59.406;125.61;70.40799999999999;20.02;20.02;20.02;20.02;20.02;20.02;20.02;20.02;20.02;20.02;20.02;20.02;105.48799999999999;20.02;20.02;20.02;20.02;20.02;20.02;20.02;20.02;20.02;20.02;20.02
1330;322.48099999999994;16.445;16.445;64.678;56.48299999999999;16.445;16.445;16.445;82.344;16.445;16.445;16.445;16.445;16.445;16.445;16.445;16.445;16.445;16.445;16.445;16.445;16.445;16.445;16.445;16.445;16.445;16.445;16.445;16.445;139.844
1331;1680.653;99.741;124.423;132.05499999999998;177.794;186.09499999999997;22.88;131.09799999999998;203.52999999999994;139.599;147.58999999999997;147.748;172.28299999999996;106.04899999999999;198.333;65.327;60.852999999999994;22.88;223.29899999999998;157.63299999999998;259.495;78.633;74.408;83.858;22.88;22.88;22.88;22.88;66.463;336.504
1332;1142.648;149.79399999999998;149.581;147.901;175.904;136.808;20.02;85.267;94.07099999999998;61.839999999999996;20.02;20.02;52.452999999999996;49.602999999999994;152.216;20.02;61.92699999999999;20.02;83.314;20.02;139.36599999999999;20.02;20.02;20.02;20.02;20.02;20.02;20.02;20.02;173.53699999999998
1333;2162.028;210.714;273.57099999999997;199.238;235.13799999999998;249.1;20.02;263.952;485.30999999999995;471.971;251.07299999999998;224.647;202.444;231.072;262.926;252.639;180.01;20.02;354.178;181.59799999999998;302.272;161.957;184.199;206.68099999999998;176.04399999999998;20.02;183.063;178.797;211.47899999999998;514.809
1334;910.655;20.02;18.779;63.535999999999994;155.35399999999998;20.02;20.02;68.404;150.637;20.02;20.02;56.730999999999995;20.02;20.02;134.082;20.02;20.02;20.02;52.019999999999996;20.02;122.72999999999998;20.02;20.02;20.02;20.02;20.02;20.02;20.02;96.92599999999999;153.43099999999998
1335;243.913;87.303;20.02;20.02;138.571;20.02;20.02;20.02;20.02;20.02;20.02;20.02;20.02;20.02;20.02;20.02;20.02;20.02;20.02;20.02;20.02;20.02;20.02;20.02;20.02;20.02;20.02;20.02;20.02;20.02
1336;2186.077;187.0;192.48999999999998;185.212;195.23;212.74499999999998;16.445;209.834;316.968;144.69299999999998;130.481;99.02599999999998;157.638;143.499;206.45599999999996;132.71;26.289999999999996;16.445;172.367;41.69499999999999;206.887;53.27499999999999;65.494;115.315;73.30499999999999;16.445;99.51499999999999;66.984;112.34899999999999;447.47499999999997
1337;62.77499999999999;20.02;20.02;20.02;20.02;20.02;20.02;20.02;20.02;20.02;20.02;20.02;20.02;20.02;20.02;20.02;20.02;20.02;20.02;20.02;20.02;20.02;20.02;20.02;20.02;20.02;20.02;20.02;20.02;20.02
1338;1167.966;81.84199999999998;107.868;139.368;123.92399999999999;114.356;22.165;87.28599999999999;129.159;97.18499999999999;102.26899999999999;181.50099999999998;94.068;88.04999999999998;144.29899999999998;37.977;24.858;22.165;195.976;37.55499999999999;152.892;57.020999999999994;56.39999999999999;51.172;61.026999999999994;22.165;54.379;55.269999999999996;83.098;81.508
1339;1038.993;83.946;25.74;25.74;140.493;25.74;25.74;88.619;162.047;88.53;85.162;80.43299999999999;25.74;101.173;123.49799999999999;53.801;25.74;25.74;25.74;25.74;147.97699999999998;25.74;25.74;25.74;25.74;25.74;25.74;25.74;25.74;167.883
1340;62.77499999999999;20.02;20.02;20.02;20.02;20.02;20.02;20.02;20.02;20.02;20.02;20.02;20.02;20.02;20.02;20.02;20.02;20.02;20.02;20.02;20.02;20.02;20.02;20.02;20.02;20.02;20.02;20.02;20.02;20.02
1341;422.453;68.513;70.383;20.02;94.322;20.02;20.02;20.02;20.02;20.02;20.02;20.02;20.02;20.02;20.02;20.02;20.02;20.02;20.02;20.02;20.02;20.02;20.02;20.02;20.02;20.02;20.02;20.02;20.02;20.02
1342;102.696;20.02;20.02;62.949;65.83999999999999;20.02;20.02;65.014;20.02;20.02;20.02;20.02;20.02;20.02;20.02;20.02;20.02;20.02;20.02;20.02;20.02;20.02;20.02;20.02;20.02;20.02;20.02;20.02;20.02;20.02
1343;65.63499999999999;22.88;22.88;22.88;22.88;22.88;22.88;22.88;22.88;22.88;22.88;22.88;22.88;22.88;22.88;22.88;22.88;22.88;22.88;22.88;22.88;22.88;22.88;22.88;22.88;22.88;22.88;22.88;22.88;22.88
1344;2099.3540000000003;217.039;143.32999999999998;198.274;195.666;101.43599999999999;20.02;188.207;246.187;232.61899999999997;82.352;198.047;228.02899999999997;123.303;229.57099999999997;120.61299999999999;57.992999999999995;20.02;235.63899999999998;132.57299999999998;348.91599999999994;94.067;55.945;51.09599999999999;39.690999999999995;20.02;111.56399999999998;55.77499999999999;87.17;500.44199999999995
1345;2553.036;125.08500000000001;133.71099999999998;255.57799999999997;219.90099999999998;317.222;22.88;263.052;321.40999999999997;180.159;119.067;148.501;182.21599999999998;275.085;239.01899999999995;207.713;153.92199999999997;22.88;272.92499999999995;208.84499999999997;343.02099999999996;161.644;136.34799999999998;163.373;151.73;22.88;162.249;74.75899999999999;162.677;465.404
1346;62.77499999999999;20.02;20.02;20.02;20.02;20.02;20.02;20.02;20.02;20.02;20.02;20.02;20.02;20.02;20.02;20.02;20.02;20.02;20.02;20.02;20.02;20.02;20.02;20.02;20.02;20.02;20.02;20.02;20.02;20.02
1347;671.796;160.002;127.099;125.96299999999998;134.654;84.68099999999998;20.02;20.02;102.636;20.02;20.02;20.02;20.02;20.02;20.02;20.02;20.02;20.02;20.02;20.02;20.02;20.02;20.02;20.02;20.02;20.02;20.02;20.02;20.02;163.66699999999997
1348;633.305;88.034;72.41699999999999;82.637;174.066;22.88;22.88;89.613;120.20199999999998;22.88;22.88;22.88;22.88;22.88;22.88;22.88;22.88;22.88;116.30799999999999;22.88;22.88;22.88;22.88;22.88;22.88;22.88;22.88;22.88;22.88;178.697
1349;1283.559;87.776;89.864;171.90699999999998;157.826;184.889;22.88;179.546;197.144;22.88;22.88;1.5549999999999997;178.89;133.202;251.37099999999998;64.33099999999999;67.80399999999999;22.88;227.54499999999996;228.575;283.067;150.51;22.88;164.222;170.548;22.88;61.861;82.502;168.285;351.21599999999995
1350;1189.79;159.007;123.88299999999998;-8.229000000000003;73.418;12.515999999999998;22.88;-4.519000000000002;215.40099999999998;109.588;22.88;11.901;22.88;62.462999999999994;108.39099999999999;41.714999999999996;22.88;22.88;163.017;46.245;179.337;62.37299999999999;40.05;48.748999999999995;37.899;22.88;60.026999999999994;49.027;74.47899999999998;358.87899999999996
1351;1492.3939999999998;89.393;67.39;119.58799999999998;175.042;112.175;20.02;148.41500000000002;202.74399999999997;115.541;101.66499999999999;96.697;105.90599999999998;70.57499999999999;182.527;20.02;20.02;20.02;136.243;65.127;210.703;60.79599999999999;53.013999999999996;55.904999999999994;73.42999999999999;20.02;20.02;20.02;104.844;278.002
1352;2096.0139999999997;127.966;69.53399999999999;218.68599999999998;218.30899999999997;156.89799999999997;20.02;170.339;226.12599999999998;112.49999999999999;42.748999999999995;75.10499999999999;127.12499999999997;81.378;204.671;102.303;113.221;20.02;312.058;139.378;211.47899999999998;70.663;79.375;85.52;73.877;20.02;73.971;69.17399999999999;116.11099999999999;426.64599999999996
1353;2177.6139999999996;135.761;125.925;119.701;177.26399999999998;100.28;22.88;86.39699999999999;165.14999999999998;22.88;66.66799999999999;88.35;72.549;84.431;136.502;53.592999999999996;22.88;22.88;312.616;125.656;266.299;109.60499999999999;57.199;124.30399999999999;114.282;22.88;109.6;73.923;118.804;382.5659999999999
1354;1772.931;117.24199999999999;173.91199999999998;237.947;245.773;276.2009999999999;25.74;221.426;307.394;138.742;135.55599999999998;169.78199999999998;172.73199999999997;189.23999999999998;275.48699999999997;163.843;137.346;25.74;202.826;174.12599999999998;342.91999999999996;161.685;163.80700000000002;170.923;152.21699999999998;25.74;154.523;116.62199999999999;160.815;409.3939999999999
1355;62.77499999999999;20.02;20.02;20.02;20.02;20.02;20.02;20.02;20.02;20.02;20.02;20.02;20.02;20.02;20.02;20.02;20.02;20.02;20.02;20.02;20.02;20.02;20.02;20.02;20.02;20.02;20.02;20.02;20.02;20.02
1356;1643.4859999999999;156.25799999999998;124.946;96.842;98.81099999999999;-20.89;20.02;114.082;120.565;121.169;54.863;70.664;120.5;67.19;171.43699999999998;56.971999999999994;20.02;20.02;212.476;157.48499999999999;276.14599999999996;43.29899999999999;20.02;20.02;49.038999999999994;20.02;20.02;20.02;45.602999999999994;382.441
1357;308.99;83.086;76.45899999999999;22.88;103.70899999999999;22.88;22.88;22.88;101.41999999999999;22.88;22.88;22.88;22.88;22.88;22.88;22.88;22.88;22.88;22.88;22.88;22.88;22.88;22.88;22.88;22.88;22.88;22.88;22.88;22.88;22.88
1358;65.63499999999999;22.88;22.88;22.88;22.88;22.88;22.88;22.88;22.88;22.88;22.88;22.88;22.88;22.88;22.88;22.88;22.88;22.88;22.88;22.88;22.88;22.88;22.88;22.88;22.88;22.88;22.88;22.88;22.88;22.88
1359;2042.0819999999999;135.364;160.503;281.56399999999996;167.224;328.525;22.88;178.59499999999997;288.15599999999995;112.018;107.863;72.937;210.12199999999999;249.947;290.214;233.01799999999997;120.994;22.88;268.56899999999996;152.39499999999998;258.692;164.148;150.153;166.502;154.526;22.88;107.605;22.88;53.462999999999994;456.337
1360;800.5169999999999;89.488;20.02;175.509;146.505;102.993;20.02;130.187;189.34599999999998;20.02;20.02;20.02;20.02;20.02;20.02;20.02;20.02;20.02;20.02;20.02;20.02;20.02;20.02;20.02;20.02;20.02;20.02;20.02;20.02;184.266
1361;1666.504;206.849;219.844;139.124;173.958;227.611;20.02;132.34799999999998;278.59499999999997;150.414;118.62299999999999;113.589;177.066;134.00199999999998;191.61699999999996;79.994;20.02;20.02;108.76899999999999;20.02;144.04799999999997;20.02;20.02;46.19;20.02;20.02;41.407999999999994;20.02;20.02;215.399
1362;586.7479999999999;143.265;191.95499999999998;124.422;171.63599999999997;79.835;19.305;19.305;19.305;19.305;19.305;19.305;19.305;19.305;19.305;19.305;19.305;19.305;124.16099999999999;19.305;19.305;19.305;19.305;19.305;19.305;19.305;19.305;19.305;19.305;151.07299999999998
1363;60.852999999999994;20.02;20.02;20.02;20.02;20.02;20.02;20.02;20.02;20.02;20.02;20.02;20.02;20.02;20.02;20.02;20.02;20.02;20.02;20.02;20.02;20.02;20.02;20.02;20.02;20.02;20.02;20.02;20.02;20.02
1364;85.17799999999998;25.74;25.74;25.74;25.74;25.74;25.74;25.74;25.74;25.74;25.74;25.74;25.74;25.74;25.74;25.74;25.74;25.74;25.74;25.74;25.74;25.74;25.74;25.74;25.74;25.74;25.74;25.74;25.74;25.74
1365;1116.6409999999998;173.48999999999998;144.341;78.841;167.315;160.31099999999998;22.165;120.30699999999999;299.453;301.97299999999996;129.513;101.255;62.616;63.50999999999999;163.34799999999998;66.74699999999999;59.397999999999996;22.165;140.84199999999998;85.74199999999999;133.522;71.832;22.165;63.964;64.268;22.165;22.165;22.165;22.165;164.368
1366;394.077;91.44899999999998;65.36999999999999;110.89699999999999;106.554;17.16;17.16;17.16;17.16;17.16;17.16;17.16;17.16;17.16;17.16;17.16;17.16;17.16;17.16;17.16;17.16;17.16;17.16;17.16;17.16;17.16;17.16;17.16;17.16;17.16
1367;2224.326;163.79899999999998;244.85299999999998;140.857;226.62699999999998;237.784;22.165;198.35199999999998;373.96200000000005;318.063;119.047;242.16099999999994;207.64499999999998;120.056;298.896;180.53699999999998;111.172;22.165;357.32099999999997;143.25099999999998;257.668;135.139;75.68199999999999;211.21799999999996;146.501;22.165;269.905;157.98299999999998;393.179;463.41299999999995
1368;738.7710000000001;143.724;169.668;213.457;179.09999999999997;157.79;20.02;20.02;122.60299999999998;20.02;20.02;20.02;20.02;20.02;20.02;20.02;20.02;20.02;20.02;20.02;20.02;20.02;20.02;20.02;20.02;20.02;20.02;20.02;20.02;156.70899999999997
1369;280.623;77.49;65.404;59.644999999999996;101.702;101.942;20.02;20.02;74.517;20.02;20.02;20.02;20.02;20.02;20.02;20.02;20.02;20.02;20.02;20.02;20.02;20.02;20.02;20.02;20.02;20.02;20.02;20.02;20.02;20.02
1370;624.0809999999999;125.62800000000001;198.27100000000002;102.12699999999998;163.54000000000002;104.829;16.445;138.52999999999997;85.525;16.445;16.445;16.445;16.445;16.445;16.445;16.445;16.445;16.445;125.169;16.445;16.445;16.445;16.445;16.445;16.445;16.445;16.445;16.445;16.445;144.213
1371;2021.135;170.02299999999997;134.458;233.959;151.824;289.395;20.02;268.361;278.078;106.082;73.507;114.038;282.68199999999996;169.106;206.64;99.04299999999999;54.68899999999999;20.02;413.27899999999994;148.093;215.10099999999997;86.66799999999999;20.02;73.578;67.64699999999999;20.02;70.314;20.02;107.173;434.794
1372;1464.5659999999998;115.87899999999999;131.08499999999998;154.034;186.28699999999998;146.81599999999997;20.02;174.017;269.712;142.089;193.161;151.682;166.184;139.428;221.561;163.23299999999998;119.099;20.02;160.387;132.089;226.31999999999996;149.76299999999998;122.038;143.882;148.361;20.02;139.426;120.96099999999998;165.582;426.138
1373;1094.041;133.44799999999998;95.506;206.60999999999999;149.74;99.586;16.445;116.761;77.871;8.445;-4.119;16.445;95.87;64.09;115.83699999999999;7.3359999999999985;14.226999999999997;16.445;174.572;18.9;161.08499999999998;39.137;39.028;49.232;33.528999999999996;16.445;46.311;43.028;116.16899999999998;285.71999999999997
1374;665.269;129.551;147.75;112.182;135.355;25.025;25.025;25.025;174.617;25.025;25.025;25.025;25.025;25.025;25.025;25.025;25.025;25.025;25.025;25.025;25.025;25.025;25.025;25.025;25.025;25.025;25.025;25.025;25.025;148.489
1375;2137.5879999999997;147.605;75.33699999999999;28.638999999999996;218.14499999999998;117.89499999999998;22.88;40.202999999999996;228.148;159.873;105.02099999999999;53.809;45.745999999999995;76.27499999999999;132.12099999999998;22.88;22.88;22.88;198.011;22.88;150.791;22.88;22.88;22.88;22.88;22.88;53.68099999999999;22.88;56.91799999999999;341.48699999999997
1376;1543.6979999999999;172.95600000000002;123.508;186.827;214.61699999999996;139.171;22.88;159.83499999999998;249.683;150.77499999999998;136.821;102.818;125.14499999999998;131.815;269.53999999999996;112.814;60.591;22.88;262.863;88.655;220.58599999999998;59.288999999999994;67.635;77.25;94.14099999999999;22.88;59.211999999999996;88.09;160.16000000000003;293.561
1377;62.77499999999999;20.02;20.02;20.02;20.02;20.02;20.02;20.02;20.02;20.02;20.02;20.02;20.02;20.02;20.02;20.02;20.02;20.02;20.02;20.02;20.02;20.02;20.02;20.02;20.02;20.02;20.02;20.02;20.02;20.02
1378;854.1399999999999;206.02799999999996;137.828;203.159;100.07499999999999;115.96299999999998;22.88;106.721;22.88;22.88;22.88;22.88;22.88;22.88;22.88;22.88;22.88;22.88;135.028;22.88;22.88;22.88;22.88;22.88;22.88;22.88;22.88;22.88;22.88;153.628
1379;62.77499999999999;20.02;20.02;20.02;20.02;20.02;20.02;20.02;20.02;20.02;20.02;20.02;20.02;20.02;20.02;20.02;20.02;20.02;20.02;20.02;20.02;20.02;20.02;20.02;20.02;20.02;20.02;20.02;20.02;20.02
1380;1370.759;96.76;116.80599999999998;77.246;182.385;75.55599999999998;16.445;69.047;207.06499999999997;41.099999999999994;50.991;82.53999999999999;88.29899999999999;98.957;156.71399999999997;79.45299999999999;72.577;16.445;228.89799999999997;169.046;227.78999999999996;91.55000000000001;87.89599999999999;46.331999999999994;16.445;16.445;89.14399999999999;44.244;123.48500000000001;372.264
1381;236.43599999999998;25.74;25.74;25.74;162.992;25.74;25.74;25.74;25.74;25.74;25.74;25.74;25.74;25.74;25.74;25.74;25.74;25.74;114.902;25.74;25.74;25.74;25.74;25.74;25.74;25.74;25.74;25.74;25.74;151.68200000000002
1382;236.656;89.861;20.02;20.02;20.02;20.02;20.02;20.02;20.02;20.02;20.02;20.02;20.02;20.02;20.02;20.02;20.02;20.02;20.02;20.02;20.02;20.02;20.02;20.02;20.02;20.02;20.02;20.02;20.02;163.015
1383;157.16699999999997;55.595;79.078;22.165;22.165;22.165;22.165;22.165;22.165;22.165;22.165;22.165;22.165;22.165;22.165;22.165;22.165;22.165;22.165;22.165;22.165;22.165;22.165;22.165;22.165;22.165;22.165;22.165;22.165;136.543
1384;2315.168;135.97899999999998;162.417;277.264;212.13799999999998;307.521;22.88;303.812;450.416;331.932;275.716;356.166;246.986;294.88599999999997;292.706;295.037;252.985;22.88;303.096;283.897;394.84299999999996;256.60299999999995;289.27;253.48;211.01199999999997;22.88;210.887;239.83099999999996;78.339;317.96899999999994
1385;1108.0669999999998;207.99;176.61699999999996;299.239;186.80599999999998;69.708;20.02;66.362;137.28199999999998;70.12100000000001;20.02;72.792;20.02;20.02;20.02;20.02;20.02;20.02;20.02;20.02;20.02;20.02;20.02;20.02;20.02;20.02;20.02;20.02;20.02;170.137
1386;1813.125;158.85199999999998;193.452;153.707;182.426;97.08499999999998;22.88;97.608;210.417;167.022;182.665;162.541;159.011;161.15499999999997;234.651;163.808;129.998;22.88;414.53499999999997;123.356;321.632;140.486;80.36099999999999;153.585;148.619;22.88;105.629;76.711;219.75399999999996;488.683
1387;1328.0059999999999;181.48899999999998;187.832;169.191;187.499;186.64499999999998;22.88;194.82799999999997;327.101;275.155;172.449;141.50799999999998;156.862;161.16799999999998;255.652;130.38699999999997;21.552999999999997;22.88;147.209;80.56299999999999;246.418;79.03299999999999;77.15699999999998;79.183;83.138;22.88;64.613;70.095;109.34899999999999;424.12699999999995
1388;1862.792;108.115;94.03599999999999;180.749;174.74299999999997;144.921;20.02;132.308;311.365;142.076;111.03099999999999;130.495;141.234;141.679;218.45;128.373;122.13;20.02;261.36;143.803;266.514;124.43799999999999;103.586;109.50199999999998;123.971;20.02;75.83;69.696;94.702;384.16099999999994
1389;59.19999999999999;16.445;16.445;16.445;16.445;16.445;16.445;16.445;16.445;16.445;16.445;16.445;16.445;16.445;16.445;16.445;16.445;16.445;16.445;16.445;16.445;16.445;16.445;16.445;16.445;16.445;16.445;16.445;16.445;16.445
1390;127.22699999999999;22.88;22.88;22.88;22.88;22.88;22.88;22.88;22.88;22.88;22.88;22.88;22.88;22.88;22.88;22.88;22.88;22.88;22.88;22.88;22.88;22.88;22.88;22.88;22.88;22.88;22.88;22.88;22.88;22.88
1391;181.88899999999995;64.30799999999999;22.88;22.88;22.88;22.88;22.88;22.88;22.88;22.88;22.88;22.88;22.88;22.88;22.88;22.88;22.88;22.88;112.01899999999999;22.88;22.88;22.88;22.88;22.88;22.88;22.88;22.88;22.88;22.88;147.66899999999998
1392;163.595;63.361999999999995;20.02;20.02;20.02;20.02;20.02;20.02;20.02;20.02;20.02;20.02;20.02;20.02;20.02;20.02;20.02;20.02;106.314;20.02;20.02;20.02;20.02;20.02;20.02;20.02;20.02;20.02;20.02;20.02
1393;873.0999999999999;108.91299999999998;104.084;40.361999999999995;123.453;83.20499999999998;20.02;61.366;78.39899999999999;50.971999999999994;20.02;20.02;106.705;60.230999999999995;99.544;51.385;20.02;20.02;97.64099999999999;20.02;140.049;20.02;20.02;20.02;20.02;20.02;20.02;20.02;20.02;190.201
1394;1513.221;158.71099999999998;135.04999999999998;264.092;152.79899999999998;129.74599999999998;22.88;232.62099999999998;295.94599999999997;135.85399999999998;110.43799999999999;119.3;200.085;218.894;240.269;89.40499999999999;53.52799999999999;22.88;230.29199999999997;189.69099999999997;297.23;121.40799999999999;105.57000000000001;22.88;22.88;22.88;95.645;22.88;76.744;209.90499999999997
1395;82.275;20.02;20.02;20.02;20.02;20.02;20.02;20.02;20.02;20.02;20.02;20.02;20.02;20.02;20.02;20.02;20.02;20.02;20.02;20.02;20.02;20.02;20.02;20.02;20.02;20.02;20.02;20.02;20.02;20.02
1396;62.77499999999999;20.02;20.02;20.02;20.02;20.02;20.02;20.02;20.02;20.02;20.02;20.02;20.02;20.02;20.02;20.02;20.02;20.02;20.02;20.02;20.02;20.02;20.02;20.02;20.02;20.02;20.02;20.02;20.02;20.02
1397;265.06399999999996;112.755;82.309;20.02;109.001;20.02;20.02;20.02;20.02;20.02;20.02;20.02;20.02;20.02;20.02;20.02;20.02;20.02;20.02;20.02;20.02;20.02;20.02;20.02;20.02;20.02;20.02;20.02;20.02;20.02
1398;59.19999999999999;16.445;16.445;16.445;16.445;16.445;16.445;16.445;16.445;16.445;16.445;16.445;16.445;16.445;16.445;16.445;16.445;16.445;16.445;16.445;16.445;16.445;16.445;16.445;16.445;16.445;16.445;16.445;16.445;16.445
1399;6404.062999999999;140.06599999999997;205.909;285.20799999999997;215.832;416.3069999999999;20.02;416.473;359.295;174.67;252.797;274.279;330.86;304.877;304.819;199.192;96.05799999999999;20.02;411.451;211.5;414.97099999999995;165.89499999999998;101.14999999999999;191.303;126.231;20.02;209.85;120.43599999999998;288.024;515.327
1400;3162.6739999999995;258.527;168.332;375.38300000000004;191.55499999999998;342.711;16.445;110.475;193.11199999999997;213.712;88.785;99.689;284.361;198.01699999999997;286.41999999999996;151.778;75.429;16.445;358.191;195.63399999999996;362.801;229.17;69.047;143.92699999999996;149.357;16.445;101.552;52.69499999999999;125.55;468.657
1401;2476.1259999999997;224.83999999999997;168.656;367.62399999999997;214.49399999999997;302.87399999999997;22.88;421.60299999999995;421.86;360.89399999999995;261.15700000000004;395.52099999999996;270.53999999999996;241.07;328.78000000000003;300.788;222.522;22.88;275.988;228.58499999999998;367.17099999999994;216.42199999999997;237.79899999999998;192.488;147.13899999999998;22.88;189.90699999999998;65.50299999999999;191.072;530.367
1402;1989.0949999999998;234.837;95.42699999999999;309.18399999999997;171.036;149.908;20.02;97.16399999999999;343.578;169.088;242.17900000000003;370.14199999999994;127.158;98.896;217.66299999999995;86.768;59.818999999999996;20.02;20.02;20.02;20.02;20.02;20.02;20.02;20.02;20.02;20.02;20.02;20.02;186.45999999999998
1403;3300.3539999999994;194.188;149.05599999999998;232.93399999999997;234.60699999999997;236.989;25.74;240.246;332.962;198.2;233.09999999999997;277.56399999999996;285.563;213.22999999999996;270.675;148.04999999999998;91.566;25.74;382.967;192.87;359.952;214.05799999999996;186.75799999999998;164.891;177.47899999999998;25.74;125.82399999999998;128.361;214.55400000000003;514.223
1404;65.63499999999999;22.88;22.88;22.88;22.88;22.88;22.88;22.88;22.88;22.88;22.88;22.88;22.88;22.88;22.88;22.88;22.88;22.88;22.88;22.88;22.88;22.88;22.88;22.88;22.88;22.88;22.88;22.88;22.88;22.88
1405;1430.5;124.77;20.02;96.583;150.035;67.75399999999999;20.02;129.216;191.26399999999998;82.38499999999999;77.042;104.494;49.36399999999999;130.272;157.021;60.666;85.096;20.02;20.02;68.68499999999999;188.077;26.604999999999997;20.02;36.38699999999999;78.22999999999999;20.02;20.02;20.02;20.02;225.91899999999998
1406;65.63499999999999;22.88;22.88;22.88;22.88;22.88;22.88;22.88;22.88;22.88;22.88;22.88;22.88;22.88;22.88;22.88;22.88;22.88;22.88;22.88;22.88;22.88;22.88;22.88;22.88;22.88;22.88;22.88;22.88;22.88
1407;503.75499999999994;161.24;99.831;105.624;131.877;65.209;20.02;65.991;180.46299999999997;20.02;20.02;20.02;20.02;20.02;116.92500000000001;20.02;20.02;20.02;20.02;20.02;20.02;20.02;20.02;20.02;20.02;20.02;20.02;20.02;20.02;116.63900000000001
1408;375.711;169.503;128.23499999999999;20.02;105.805;20.02;20.02;20.02;20.02;20.02;20.02;20.02;54.275999999999996;20.02;20.02;20.02;20.02;20.02;20.02;20.02;20.02;20.02;20.02;20.02;20.02;20.02;20.02;20.02;20.02;176.70499999999998
1409;343.35799999999995;70.534;72.395;82.346;161.977;20.02;20.02;20.02;20.02;20.02;20.02;20.02;20.02;20.02;20.02;20.02;20.02;20.02;20.02;20.02;20.02;20.02;20.02;20.02;20.02;20.02;20.02;20.02;20.02;20.02
1410;1856.2189999999998;185.468;193.944;177.46200000000002;163.175;294.162;20.02;180.885;218.324;151.57099999999997;168.55899999999997;297.34499999999997;190.639;193.255;246.11599999999999;197.49099999999999;157.182;20.02;159.26899999999998;144.725;274.14799999999997;150.83999999999997;118.73999999999998;177.255;167.37099999999998;20.02;154.396;131.771;170.86;673.193
1411;642.9879999999999;113.64099999999999;62.949;65.83999999999999;106.67399999999999;54.68899999999999;20.02;20.02;182.05699999999996;33.602999999999994;20.02;20.02;41.821;47.711999999999996;127.72099999999998;52.797999999999995;82.524;20.02;64.08599999999998;20.02;123.502;20.02;20.02;20.02;20.02;20.02;65.83999999999999;68.731;20.02;20.02
1412;2272.108;116.89399999999998;201.51899999999998;302.267;197.54699999999997;251.35299999999995;22.88;162.605;319.344;205.959;258.47799999999995;353.23999999999995;198.91500000000002;195.16299999999995;264.94499999999994;191.40099999999998;101.815;22.88;218.56899999999996;168.81799999999998;260.98699999999997;112.25199999999998;101.377;103.73599999999999;111.271;22.88;114.68599999999999;55.44;108.213;430.414
1413;3813.9429999999998;215.771;156.09499999999997;176.0;197.09;134.98899999999998;22.165;49.85799999999999;158.166;158.78;22.165;102.392;68.99699999999999;61.269999999999996;144.545;57.05199999999999;22.165;22.165;96.241;22.165;163.35;22.165;22.165;40.358;22.165;22.165;103.52799999999999;22.165;70.268;58.397999999999996
1414;2140.662;190.77599999999998;161.06799999999998;262.215;188.79899999999998;250.10500000000002;20.02;227.932;299.645;162.539;235.418;255.16799999999998;254.98999999999998;200.85399999999998;319.95;185.435;109.72099999999999;20.02;342.42599999999993;241.92999999999998;375.09599999999995;163.579;145.69899999999998;211.676;155.535;20.02;182.409;208.13;207.21199999999996;546.5559999999999
1415;62.77499999999999;20.02;20.02;20.02;20.02;20.02;20.02;20.02;20.02;20.02;20.02;20.02;20.02;20.02;20.02;20.02;20.02;20.02;20.02;20.02;20.02;20.02;20.02;20.02;20.02;20.02;20.02;20.02;20.02;20.02
1416;1933.3849999999995;147.654;140.541;190.93599999999998;164.411;144.56599999999997;20.02;141.10299999999998;198.93599999999998;103.557;144.53799999999998;91.87299999999999;135.064;179.80999999999997;204.339;155.289;128.017;20.02;258.90099999999995;154.66199999999998;286.909;145.33999999999997;112.65199999999999;130.97899999999998;146.51;20.02;142.736;114.64599999999999;117.25199999999998;231.69199999999998
1417;331.577;66.39599999999999;22.88;22.88;104.203;71.178;22.88;22.88;102.68599999999999;22.88;22.88;22.88;22.88;22.88;22.88;22.88;22.88;22.88;22.88;22.88;22.88;22.88;22.88;22.88;22.88;22.88;22.88;22.88;22.88;152.00799999999998
1418;59.19999999999999;16.445;16.445;16.445;16.445;16.445;16.445;16.445;16.445;16.445;16.445;16.445;16.445;16.445;16.445;16.445;16.445;16.445;16.445;16.445;16.445;16.445;16.445;16.445;16.445;16.445;16.445;16.445;16.445;16.445
1419;1316.199;132.286;117.39499999999998;158.332;177.464;153.38;22.88;192.10399999999998;220.706;97.55199999999999;156.82899999999998;138.02100000000002;149.564;156.786;271.407;78.336;70.87;22.88;158.458;132.131;292.855;123.10199999999999;136.63299999999998;133.689;116.01599999999999;22.88;77.874;78.79299999999999;130.362;274.542
1420;124.71199999999997;22.88;22.88;22.88;22.88;22.88;22.88;22.88;22.88;22.88;22.88;22.88;22.88;22.88;22.88;22.88;22.88;22.88;22.88;22.88;22.88;22.88;22.88;22.88;22.88;22.88;22.88;22.88;22.88;22.88
1421;1717.33;153.839;160.52499999999998;201.88199999999995;201.29999999999998;240.255;20.02;200.386;253.599;160.708;120.869;162.87099999999998;125.445;73.931;170.953;106.66999999999999;52.461999999999996;20.02;219.75499999999997;54.408;186.32699999999997;61.73499999999999;121.983;78.21900000000001;81.945;20.02;127.38199999999998;87.92899999999999;127.22299999999998;350.842
1422;62.77499999999999;20.02;20.02;20.02;20.02;20.02;20.02;20.02;20.02;20.02;20.02;20.02;20.02;20.02;20.02;20.02;20.02;20.02;20.02;20.02;20.02;20.02;20.02;20.02;20.02;20.02;20.02;20.02;20.02;20.02
1423;409.84999999999997;85.567;62.91799999999999;82.768;95.99699999999999;22.88;22.88;22.88;22.88;22.88;22.88;22.88;22.88;22.88;22.88;22.88;22.88;22.88;112.216;22.88;22.88;22.88;22.88;22.88;22.88;22.88;22.88;22.88;22.88;151.474
1424;46.208;22.165;52.70399999999999;22.165;22.165;22.165;22.165;22.165;22.165;22.165;22.165;22.165;22.165;22.165;22.165;22.165;22.165;22.165;22.165;22.165;22.165;22.165;22.165;22.165;22.165;22.165;22.165;22.165;22.165;22.165
1425;59.19999999999999;16.445;16.445;16.445;16.445;16.445;16.445;16.445;16.445;16.445;16.445;16.445;16.445;16.445;16.445;16.445;16.445;16.445;16.445;16.445;16.445;16.445;16.445;16.445;16.445;16.445;16.445;16.445;16.445;16.445
1426;1321.9489999999998;72.371;110.247;179.32199999999997;160.93099999999998;22.88;22.88;131.288;134.028;22.88;22.88;0.9029999999999987;92.934;50.15899999999999;92.71199999999999;66.94099999999999;22.88;22.88;282.71299999999997;22.88;135.94599999999997;22.88;22.88;22.88;22.88;22.88;22.88;22.88;22.88;343.894
1427;258.61400000000003;69.828;82.37299999999999;132.088;104.12199999999999;22.88;22.88;22.88;22.88;22.88;22.88;22.88;22.88;22.88;22.88;22.88;22.88;22.88;22.88;22.88;22.88;22.88;22.88;22.88;22.88;22.88;22.88;22.88;22.88;22.88
1428;1422.9499999999998;167.57099999999997;167.40499999999997;134.894;213.30799999999996;129.11499999999998;22.88;128.52599999999998;207.745;101.407;105.207;102.189;98.093;103.19;181.91;86.98499999999999;29.904999999999998;22.88;147.403;108.30099999999999;247.899;114.10899999999998;75.64099999999999;72.963;51.00699999999999;22.88;65.868;61.705999999999996;94.026;439.234
1429;1549.187;103.524;102.826;147.303;191.233;102.42499999999998;22.165;177.683;160.661;95.452;52.007999999999996;74.02699999999999;60.986999999999995;106.52499999999999;192.376;22.165;22.165;22.165;204.043;102.92099999999999;229.493;110.75199999999998;80.854;99.60399999999998;55.334999999999994;22.165;47.833999999999996;56.007999999999996;127.52199999999999;294.648
1430;582.1429999999999;86.584;61.025999999999996;104.88399999999999;87.497;16.445;16.445;16.445;16.445;16.445;16.445;16.445;16.445;16.445;16.445;16.445;16.445;16.445;113.86699999999999;16.445;16.445;16.445;16.445;16.445;16.445;16.445;16.445;16.445;16.445;147.756
1431;1989.0839999999998;91.30199999999999;133.779;176.50199999999995;207.36;175.308;25.74;259.769;229.892;8.296999999999997;67.887;135.734;144.74099999999999;149.775;201.15599999999998;84.66799999999999;95.14099999999999;25.74;264.002;159.44;280.104;84.596;62.396;102.03499999999998;101.35499999999999;25.74;65.029;25.74;58.562;252.70899999999997
1432;1156.2549999999999;198.61599999999999;277.96999999999997;183.48399999999998;183.067;229.844;22.88;167.51299999999998;327.24899999999997;226.37199999999999;122.16199999999998;154.502;118.247;22.88;130.16799999999998;75.63499999999999;22.88;22.88;111.62899999999999;22.88;22.88;22.88;22.88;22.88;22.88;22.88;22.88;22.88;22.88;164.576
1433;1999.261;182.594;136.535;208.60899999999998;191.403;200.764;22.88;211.634;382.832;285.693;220.49299999999997;202.697;165.902;176.995;265.455;178.723;124.04999999999998;22.88;175.27100000000002;163.862;256.18199999999996;145.451;176.065;158.23;117.01499999999999;22.88;129.19099999999997;79.622;102.50200000000001;453.20399999999995
1434;65.63499999999999;22.88;22.88;22.88;22.88;22.88;22.88;22.88;22.88;22.88;22.88;22.88;22.88;22.88;22.88;22.88;22.88;22.88;22.88;22.88;22.88;22.88;22.88;22.88;22.88;22.88;22.88;22.88;22.88;22.88
1435;158.61899999999997;22.88;22.88;22.88;122.05100000000002;22.88;22.88;22.88;22.88;22.88;22.88;22.88;22.88;22.88;22.88;22.88;22.88;22.88;22.88;22.88;22.88;22.88;22.88;22.88;22.88;22.88;22.88;22.88;22.88;22.88
1436;2381.211;128.93099999999998;137.036;278.78;230.314;200.32099999999997;16.445;174.128;319.618;159.10099999999997;161.101;104.00699999999998;139.38;179.48;282.01099999999997;102.90699999999998;58.93799999999999;16.445;333.32099999999997;169.34999999999997;370.414;202.80100000000002;67.22299999999998;209.63199999999998;95.193;16.445;100.011;138.46;194.49099999999999;498.798
1437;337.419;22.88;22.88;22.88;108.198;22.88;22.88;22.88;93.26799999999999;22.88;22.88;22.88;22.88;22.88;22.88;22.88;22.88;22.88;22.88;22.88;22.88;22.88;22.88;22.88;22.88;22.88;22.88;22.88;22.88;22.88
1438;145.178;135.65499999999997;133.142;130.94299999999998;84.469;131.26999999999998;20.02;131.59699999999998;138.85299999999998;96.37899999999999;118.26999999999998;20.02;20.02;20.02;20.02;20.02;20.02;20.02;20.02;20.02;20.02;20.02;20.02;20.02;20.02;20.02;20.02;20.02;20.02;20.02
1439;3028.0389999999998;249.09799999999996;212.981;233.51099999999997;250.04;273.46799999999996;22.88;212.62399999999997;282.752;220.372;138.68599999999998;136.95999999999998;160.81799999999998;152.12099999999998;183.603;81.40599999999999;22.88;22.88;294.114;168.775;243.31899999999996;99.52499999999999;119.17099999999999;100.22999999999999;104.14699999999999;22.88;66.34299999999999;48.614;153.128;410.996
1440;2770.7419999999997;252.31199999999998;209.95499999999998;372.767;256.5;277.33099999999996;20.02;222.938;407.62899999999996;300.05999999999995;272.231;323.034;243.639;215.591;368.387;200.094;176.445;20.02;323.589;152.384;287.51899999999995;135.893;217.54500000000002;114.55000000000001;136.896;20.02;124.419;131.29899999999998;193.721;730.9929999999999
1441;1997.591;222.22999999999996;143.493;236.15099999999998;245.966;229.38399999999996;22.88;209.35799999999998;316.10999999999996;155.349;154.161;158.988;182.858;128.48899999999998;209.719;182.79;100.68199999999999;22.88;212.608;157.64;224.64999999999995;69.383;56.772;114.10300000000001;93.018;22.88;113.02600000000001;81.038;156.863;473.576
1442;1900.6899999999998;334.337;181.569;277.878;218.313;338.527;20.02;195.2;459.9219999999999;281.441;208.073;182.62699999999998;176.963;211.276;252.40499999999997;138.858;105.856;20.02;278.977;221.03699999999998;349.597;149.87699999999998;149.713;146.48399999999998;96.56699999999998;20.02;243.18399999999997;216.385;171.219;291.056
1443;2278.0640000000003;72.83099999999999;20.02;20.02;94.73499999999999;-17.825000000000003;20.02;20.02;111.22799999999998;20.02;20.02;20.02;20.02;86.16499999999999;117.917;20.02;20.02;20.02;246.80899999999997;20.02;160.954;20.02;20.02;20.02;20.02;20.02;20.02;20.02;60.668;185.08199999999997
1444;3148.4230000000002;225.194;152.421;246.28999999999996;216.22;141.107;19.305;152.21499999999997;229.04299999999998;107.189;137.216;120.35;160.69899999999998;126.07;251.36999999999998;82.455;85.346;19.305;191.707;90.99199999999999;95.883;97.774;31.823;124.44;131.331;19.305;46.985;49.27799999999999;163.66199999999998;322.192
1445;996.2650000000001;88.16799999999999;85.88299999999998;188.99599999999998;135.756;145.726;20.02;150.83499999999998;95.41099999999999;20.02;20.02;20.02;20.02;20.02;20.02;20.02;20.02;20.02;111.63700000000001;20.02;20.02;20.02;20.02;20.02;20.02;20.02;20.02;20.02;20.02;194.24099999999999
1446;2645.461;178.493;141.719;163.522;198.98000000000002;84.553;22.88;93.72999999999999;221.26799999999997;168.70600000000002;100.755;131.62499999999997;128.938;86.61699999999999;191.526;118.791;112.416;22.88;250.48499999999996;22.88;243.25599999999997;56.708999999999996;68.71;48.876;39.78999999999999;22.88;22.88;67.35000000000001;78.30699999999999;402.08299999999997
1447;980.8619999999999;142.349;126.484;121.06599999999999;189.527;60.581999999999994;19.305;117.58;191.07199999999997;19.305;19.305;117.328;96.28099999999999;76.12;200.99599999999998;78.774;19.305;19.305;122.003;19.305;162.088;28.237999999999996;19.305;37.019999999999996;19.305;19.305;50.147999999999996;44.038999999999994;98.93;223.106
1448;75.60499999999999;25.74;25.74;25.74;25.74;25.74;25.74;25.74;25.74;25.74;25.74;25.74;25.74;25.74;25.74;25.74;25.74;25.74;25.74;25.74;25.74;25.74;25.74;25.74;25.74;25.74;25.74;25.74;25.74;25.74
1449;322.34999999999997;103.83599999999998;69.511;69.947;138.517;20.02;20.02;20.02;20.02;20.02;20.02;20.02;20.02;20.02;20.02;20.02;20.02;20.02;20.02;20.02;20.02;20.02;20.02;20.02;20.02;20.02;20.02;20.02;20.02;20.02
1450;65.63499999999999;22.88;22.88;22.88;22.88;22.88;22.88;22.88;22.88;22.88;22.88;22.88;22.88;22.88;22.88;22.88;22.88;22.88;22.88;22.88;22.88;22.88;22.88;22.88;22.88;22.88;22.88;22.88;22.88;22.88
1451;65.63499999999999;22.88;22.88;22.88;22.88;22.88;22.88;22.88;22.88;22.88;22.88;22.88;22.88;22.88;22.88;22.88;22.88;22.88;22.88;22.88;22.88;22.88;22.88;22.88;22.88;22.88;22.88;22.88;22.88;22.88
1452;2707.506;176.56099999999998;117.30199999999999;205.519;220.30999999999997;122.453;19.305;171.663;202.005;136.3;86.181;73.338;166.349;173.29399999999998;219.016;195.546;145.542;19.305;401.08399999999995;79.659;310.38;118.82300000000001;97.70799999999998;135.80499999999998;99.916;19.305;103.71499999999999;125.774;119.503;531.555
1453;59.91499999999999;17.16;17.16;17.16;17.16;17.16;17.16;17.16;17.16;17.16;17.16;17.16;17.16;17.16;17.16;17.16;17.16;17.16;17.16;17.16;17.16;17.16;17.16;17.16;17.16;17.16;17.16;17.16;17.16;17.16
1454;2671.4479999999994;375.42199999999997;432.39;380.84599999999995;252.219;312.469;22.88;289.04699999999997;386.60499999999996;312.85699999999997;217.23899999999998;295.916;228.64299999999997;224.20399999999995;312.32099999999997;218.46299999999997;167.67999999999998;22.88;364.63699999999994;232.272;297.68499999999995;162.738;159.987;188.647;159.65699999999998;22.88;140.94799999999998;71.916;202.415;467.118
1455;62.77499999999999;20.02;20.02;20.02;20.02;20.02;20.02;20.02;20.02;20.02;20.02;20.02;20.02;20.02;20.02;20.02;20.02;20.02;20.02;20.02;20.02;20.02;20.02;20.02;20.02;20.02;20.02;20.02;20.02;20.02
1456;1860.0139999999997;116.435;157.37699999999998;229.98199999999997;172.74099999999999;231.66299999999998;20.02;152.876;310.76800000000003;128.52299999999997;57.507999999999996;259.684;162.903;97.0;180.017;37.67;33.364;20.02;343.8639999999999;244.26;302.327;96.404;20.02;162.661;129.10999999999999;20.02;63.982;42.711999999999996;110.045;329.515
1457;84.548;20.02;20.02;20.02;20.02;20.02;20.02;20.02;20.02;20.02;20.02;20.02;20.02;20.02;20.02;20.02;20.02;20.02;20.02;20.02;20.02;20.02;20.02;20.02;20.02;20.02;20.02;20.02;20.02;20.02
1458;1741.866;158.387;84.518;48.474;189.11499999999998;-6.531000000000002;22.88;90.83099999999999;151.692;98.006;59.20099999999999;76.34299999999999;3.0329999999999977;86.232;143.828;22.88;22.88;22.88;172.291;107.275;163.56699999999998;87.85499999999999;75.63;53.68099999999999;54.486999999999995;22.88;60.45399999999999;22.88;62.928999999999995;371.831
1459;82.40899999999999;76.481;16.445;16.445;16.445;16.445;16.445;16.445;16.445;16.445;16.445;16.445;16.445;16.445;16.445;16.445;16.445;16.445;16.445;16.445;16.445;16.445;16.445;16.445;16.445;16.445;16.445;16.445;16.445;16.445
1460;413.42999999999995;134.225;92.152;22.88;114.28499999999998;22.88;22.88;22.88;22.88;22.88;22.88;22.88;22.88;22.88;22.88;22.88;22.88;22.88;126.23500000000001;22.88;22.88;22.88;22.88;22.88;22.88;22.88;22.88;22.88;22.88;159.581
1461;3700.9619999999995;203.38299999999998;245.851;321.029;241.922;212.09499999999997;20.02;204.28699999999998;370.509;238.534;221.2;290.21899999999994;217.46299999999997;282.80999999999995;310.28099999999995;187.58599999999998;127.068;20.02;429.26699999999994;214.43199999999996;300.916;150.564;121.52599999999998;176.066;189.947;20.02;148.79999999999998;89.051;168.08999999999997;548.3219999999999
1462;3759.112;128.227;144.66299999999998;353.69599999999997;212.831;456.301;19.305;336.186;340.69199999999995;206.67299999999997;307.078;367.82899999999995;309.493;303.62699999999995;304.818;173.739;82.594;19.305;369.33200000000005;244.96499999999997;278.19399999999996;170.94199999999998;109.425;210.903;158.516;19.305;178.60899999999998;142.893;215.79399999999998;533.8249999999999
1463;503.497;68.295;100.97399999999999;136.308;176.396;75.38199999999999;20.02;94.78699999999999;125.05399999999999;20.02;20.02;20.02;20.02;20.02;20.02;20.02;20.02;20.02;20.02;20.02;20.02;20.02;20.02;20.02;20.02;20.02;20.02;20.02;20.02;146.788
1464;2627.402;151.454;288.024;266.743;177.878;286.15;19.305;280.30699999999996;382.984;179.197;165.076;173.63;141.087;123.94200000000001;299.753;99.429;85.23299999999999;19.305;200.02399999999997;223.40199999999996;294.579;94.67599999999999;78.066;45.444;81.61899999999999;19.305;58.31699999999999;72.298;104.809;409.096
1465;1380.7559999999999;113.898;77.12099999999998;146.82;177.858;148.61899999999997;20.02;138.779;167.77599999999998;82.47699999999999;65.42699999999999;83.95299999999999;47.01599999999999;81.989;152.78300000000002;66.97;20.02;20.02;20.02;20.02;152.80599999999998;20.02;20.02;20.02;20.02;20.02;20.02;20.02;20.02;20.02
1466;1533.7999999999997;102.376;124.16;195.095;187.18499999999997;149.343;20.02;133.469;139.51299999999998;69.999;85.179;175.25099999999998;109.439;101.57499999999999;162.933;113.49699999999999;101.651;20.02;126.89499999999998;94.785;215.986;47.867;61.88099999999999;133.192;116.457;20.02;59.623;20.02;57.84199999999999;383.97999999999996
1467;1655.283;198.63699999999997;183.631;257.144;197.94099999999997;-4.460000000000001;25.74;15.138000000000002;102.958;63.60499999999999;121.88399999999999;10.239999999999998;87.36399999999999;75.77799999999999;204.173;84.55999999999999;97.95499999999998;25.74;211.926;132.49099999999999;228.87699999999995;51.239999999999995;89.02;42.867999999999995;51.759;25.74;60.605;56.887;59.23299999999999;408.40799999999996
1468;68.75699999999999;19.305;19.305;19.305;19.305;19.305;19.305;19.305;19.305;19.305;19.305;19.305;19.305;19.305;19.305;19.305;19.305;19.305;19.305;19.305;19.305;19.305;19.305;19.305;19.305;19.305;19.305;19.305;19.305;19.305
1469;261.551;20.02;20.02;20.02;99.22399999999999;20.02;20.02;20.02;20.02;20.02;20.02;20.02;20.02;20.02;20.02;20.02;20.02;20.02;143.84699999999998;20.02;20.02;20.02;20.02;20.02;20.02;20.02;20.02;20.02;20.02;137.289
1470;181.796;72.817;66.25299999999999;20.02;20.02;20.02;20.02;20.02;20.02;20.02;20.02;20.02;20.02;20.02;20.02;20.02;20.02;20.02;20.02;20.02;20.02;20.02;20.02;20.02;20.02;20.02;20.02;20.02;20.02;20.02
1471;88.087;22.88;22.88;22.88;22.88;22.88;22.88;22.88;22.88;22.88;22.88;22.88;22.88;22.88;22.88;22.88;22.88;22.88;22.88;22.88;22.88;22.88;22.88;22.88;22.88;22.88;22.88;22.88;22.88;22.88
1472;1897.4119999999998;176.425;65.499;354.38599999999997;139.649;310.451;20.02;284.061;314.65799999999996;97.947;77.035;95.964;174.661;146.744;179.65300000000002;88.255;24.517;20.02;372.59499999999997;122.613;209.53999999999996;96.71700000000001;58.169;124.35499999999999;105.91799999999998;20.02;91.869;78.92699999999999;131.875;412.508
1473;2364.517;165.77499999999998;152.266;239.90299999999996;168.75099999999998;151.075;22.88;181.40999999999997;291.5799999999999;153.323;134.881;168.819;149.42299999999997;157.471;250.996;134.939;91.529;22.88;198.42;150.90099999999998;282.556;134.66299999999998;108.973;150.768;147.60399999999998;22.88;86.22299999999998;97.63;163.661;530.119
1474;2313.508;130.25799999999998;53.559999999999995;216.045;208.74899999999997;181.51399999999998;16.445;146.17899999999997;319.60599999999994;139.16;183.70599999999996;174.593;141.128;163.143;256.58099999999996;58.93799999999999;16.445;16.445;196.01299999999998;165.349;281.384;154.553;72.666;127.13499999999999;140.472;16.445;68.739;46.961;138.279;391.66499999999996
1475;2325.575;126.541;152.197;294.78999999999996;219.47899999999998;248.55399999999997;22.165;190.10199999999998;342.778;128.063;154.808;133.88;178.689;225.46299999999997;280.659;198.49699999999999;79.357;22.165;380.527;204.09199999999998;351.398;121.368;132.11499999999998;188.683;179.68099999999998;22.165;64.08699999999999;80.03299999999999;110.01399999999998;267.54299999999995
1476;1382.987;156.28099999999998;86.90099999999998;217.30499999999998;181.495;242.18599999999998;22.88;179.99399999999997;222.389;125.999;123.029;116.69999999999999;167.884;194.404;246.67299999999997;89.16199999999999;92.675;22.88;193.435;135.052;237.52399999999997;53.312;81.40700000000001;66.884;78.062;22.88;100.71699999999998;93.125;115.134;408.467
1477;1887.5069999999996;71.155;54.241;76.79299999999999;156.00900000000001;32.53;22.88;76.357;261.481;100.821;179.01999999999998;116.827;189.49099999999999;196.724;239.20199999999997;19.529999999999998;22.88;22.88;358.851;197.615;296.75;153.11899999999997;106.06299999999999;117.25899999999999;122.60499999999999;22.88;58.33099999999999;55.221999999999994;174.248;339.221
1478;781.709;127.20899999999999;81.068;22.88;121.252;22.88;22.88;22.88;22.88;22.88;22.88;22.88;22.88;22.88;22.88;22.88;22.88;22.88;121.30199999999999;22.88;22.88;22.88;22.88;22.88;22.88;22.88;22.88;22.88;22.88;154.215
1479;65.63499999999999;22.88;22.88;22.88;22.88;22.88;22.88;22.88;22.88;22.88;22.88;22.88;22.88;22.88;22.88;22.88;22.88;22.88;22.88;22.88;22.88;22.88;22.88;22.88;22.88;22.88;22.88;22.88;22.88;22.88
1480;4584.8009999999995;207.51099999999997;218.887;199.144;220.07399999999998;242.993;25.74;243.433;273.08;174.156;198.24699999999996;226.42999999999998;258.55699999999996;212.426;312.303;163.53699999999998;84.40699999999998;25.74;332.91999999999996;190.87499999999997;314.623;180.276;109.22699999999999;180.18699999999995;194.783;25.74;140.73499999999999;102.10499999999999;146.56;457.50199999999995
1481;1594.8529999999998;150.36399999999998;168.695;170.625;122.85399999999998;102.285;20.02;-9.317000000000004;225.772;220.152;100.485;115.71199999999999;148.012;160.738;246.49099999999999;98.323;20.02;20.02;212.39199999999997;140.74;266.183;123.84199999999998;83.57799999999999;90.72199999999998;80.501;20.02;85.505;20.02;83.99199999999999;321.731
1482;2732.332;160.527;153.85699999999997;288.8059999999999;201.064;274.84;16.445;248.724;306.035;178.19799999999998;191.454;162.40699999999998;230.72899999999998;172.66299999999998;293.369;157.498;118.11899999999999;16.445;381.59599999999995;199.13899999999998;357.179;181.748;121.15299999999999;197.59599999999998;159.569;16.445;140.82299999999998;82.059;164.607;528.766
1483;1372.259;141.549;97.71600000000001;160.40599999999998;167.377;112.49299999999997;22.88;-9.596000000000004;191.291;80.749;136.50499999999997;62.48199999999999;145.148;118.16099999999999;206.994;112.417;83.76299999999999;22.88;81.50899999999999;22.88;151.397;22.88;22.88;44.007999999999996;41.899;22.88;48.723;22.88;111.91799999999999;317.09299999999996
1484;1940.8119999999997;141.71499999999997;134.62099999999998;132.273;214.036;163.20599999999996;25.74;132.463;198.009;25.74;25.74;67.50399999999999;162.39999999999998;161.976;244.51099999999997;86.883;63.276999999999994;25.74;265.63699999999994;120.82999999999998;175.656;99.655;104.481;117.309;132.024;25.74;72.26299999999999;86.00199999999998;79.22200000000001;468.631
1485;1463.1019999999999;76.907;22.88;22.88;97.595;22.88;22.88;22.88;103.458;22.88;22.88;69.75899999999999;22.88;22.88;121.07799999999999;22.88;22.88;22.88;22.88;22.88;22.88;22.88;22.88;22.88;22.88;22.88;22.88;22.88;22.88;22.88
1486;2701.274;109.553;107.239;306.98499999999996;218.93599999999998;230.89499999999998;22.88;247.44400000000002;441.23;203.027;248.043;167.002;238.986;230.944;345.33199999999994;120.14099999999999;72.05499999999999;22.88;198.067;289.871;383.809;217.82799999999997;101.44;261.645;181.463;22.88;138.551;110.46199999999999;253.952;516.245
1487;1524.646;181.438;227.212;146.00699999999998;182.113;116.213;22.88;158.64999999999998;306.743;176.75599999999997;150.424;108.743;134.466;87.78099999999999;167.07999999999998;95.041;22.88;22.88;173.03300000000002;100.732;228.434;100.679;100.892;128.33799999999997;135.31599999999997;22.88;57.138;50.092;73.00999999999999;389.13899999999995
1488;5120.038;279.94199999999995;185.117;389.03399999999993;193.903;322.0559999999999;22.165;265.165;426.60999999999996;313.79999999999995;308.094;290.99399999999997;264.656;228.61499999999998;340.88;273.66499999999996;197.68599999999998;22.165;219.77100000000002;235.509;352.852;188.095;178.065;215.283;195.78999999999996;22.165;253.98999999999998;185.434;170.24699999999999;457.831
1489;1953.8789999999995;183.25599999999997;145.471;203.18199999999996;231.99899999999997;157.07799999999997;22.88;149.066;284.631;235.017;140.737;109.282;175.819;142.66799999999998;226.70499999999998;131.434;102.935;22.88;244.34599999999998;209.47799999999998;344.95599999999996;174.722;132.514;110.519;109.87599999999998;22.88;70.567;93.781;136.37599999999998;504.42699999999996
1490;1211.11;230.041;259.093;177.682;180.96999999999997;29.604999999999997;20.02;20.02;180.177;45.166999999999994;20.02;50.949;20.02;20.02;148.62199999999999;20.02;20.02;20.02;120.50699999999999;20.02;20.02;20.02;28.430999999999997;20.02;20.02;20.02;20.02;20.02;20.02;174.503
1491;70.40299999999999;25.74;25.74;83.841;71.14699999999999;25.74;25.74;25.74;25.74;25.74;25.74;25.74;25.74;25.74;25.74;25.74;25.74;25.74;25.74;25.74;25.74;25.74;25.74;25.74;25.74;25.74;25.74;25.74;25.74;25.74
1492;2166.24;115.19999999999999;136.39299999999997;243.34199999999998;225.33599999999998;75.948;22.88;134.85399999999998;180.463;173.159;121.49199999999999;151.034;97.61499999999998;103.05099999999999;234.409;117.273;70.35199999999999;22.88;340.39599999999996;145.65699999999998;324.43699999999995;87.262;133.339;45.595;45.486;22.88;89.946;83.15499999999999;79.04999999999998;385.212
1493;1804.4669999999999;126.46399999999998;82.269;137.16699999999997;186.04199999999997;86.45400000000001;22.165;-10.221999999999998;219.04199999999997;115.068;70.201;112.69899999999998;98.721;22.165;142.17499999999998;69.247;53.53;22.165;349.764;164.681;221.73399999999998;94.50699999999999;65.62899999999999;52.447;70.44399999999999;22.165;44.966;22.165;80.616;387.129
1494;1725.6509999999998;129.76799999999997;163.36599999999999;213.469;206.17399999999998;206.105;20.02;213.99999999999994;410.911;240.59299999999996;239.164;226.172;184.68099999999998;204.39699999999996;274.045;92.392;92.764;20.02;297.2349999999999;172.242;299.756;177.72199999999998;90.24699999999999;150.74099999999999;160.92000000000002;20.02;54.18299999999999;68.101;110.28699999999998;370.821
1495;2526.04;231.268;133.764;194.42299999999997;206.171;242.26999999999998;25.74;241.20999999999998;328.32699999999994;178.11499999999998;288.30699999999996;164.903;347.432;379.92299999999994;439.891;240.757;129.557;25.74;288.69599999999997;307.452;455.3879999999999;260.611;183.772;227.90099999999998;240.88299999999998;25.74;151.227;189.45599999999996;335.469;572.6859999999999
1496;2565.269;195.164;171.998;107.029;210.14299999999997;77.26599999999999;22.88;129.598;216.24699999999996;167.80399999999997;142.98;142.355;103.701;123.34099999999998;197.528;115.494;80.04599999999999;22.88;150.60699999999997;81.524;164.231;87.851;94.197;22.88;43.117999999999995;22.88;48.745999999999995;22.88;136.73299999999998;378.10999999999996
1497;1742.881;177.846;106.102;260.11899999999997;189.52999999999997;193.356;17.16;131.417;206.601;117.859;3.942;173.188;93.963;102.85399999999998;141.201;95.571;24.461999999999996;17.16;346.66499999999996;210.19299999999998;353.981;141.891;77.56299999999999;85.261;55.733999999999995;17.16;83.024;57.263;105.208;461.80600000000004
1498;2689.68;182.31900000000002;165.126;252.63899999999998;212.16799999999998;213.493;22.88;187.45;294.347;150.06799999999998;180.01;140.433;171.79899999999998;204.855;280.48799999999994;125.34700000000001;42.875;22.88;305.119;173.483;317.618;163.316;73.311;142.247;146.52100000000002;22.88;138.53199999999998;57.224;172.751;416.464
1499;62.77499999999999;20.02;20.02;20.02;20.02;20.02;20.02;20.02;20.02;20.02;20.02;20.02;20.02;20.02;20.02;20.02;20.02;20.02;20.02;20.02;20.02;20.02;20.02;20.02;20.02;20.02;20.02;20.02;20.02;20.02
1500;62.77499999999999;20.02;20.02;20.02;20.02;20.02;20.02;20.02;20.02;20.02;20.02;20.02;20.02;20.02;20.02;20.02;20.02;20.02;20.02;20.02;20.02;20.02;20.02;20.02;20.02;20.02;20.02;20.02;20.02;20.02
1501;1286.9789999999998;175.13099999999997;171.308;129.44400000000002;189.27;144.506;20.02;153.861;285.375;163.94299999999998;133.76999999999998;147.642;140.75;133.95499999999998;226.18699999999995;143.803;108.613;20.02;150.505;108.84199999999998;225.87299999999996;106.59899999999999;73.905;68.45;89.40399999999998;20.02;90.49199999999999;71.90499999999999;78.31799999999998;406.84099999999995
1502;3638.145;292.63;321.601;455.1619999999999;261.657;358.923;22.88;243.56099999999998;317.657;166.36199999999997;190.488;201.424;165.531;182.36599999999999;282.512;182.20099999999996;95.674;22.88;452.64099999999996;186.27499999999998;312.606;151.168;139.149;177.42199999999997;127.33799999999998;22.88;151.207;94.636;149.09199999999998;413.01599999999996
1503;62.77499999999999;20.02;20.02;20.02;20.02;20.02;20.02;20.02;20.02;20.02;20.02;20.02;20.02;20.02;20.02;20.02;20.02;20.02;20.02;20.02;20.02;20.02;20.02;20.02;20.02;20.02;20.02;20.02;20.02;20.02
1504;2465.749;147.471;182.869;371.12799999999993;214.02399999999997;273.6;20.02;295.66099999999994;381.541;310.82599999999996;371.8229999999999;221.303;188.595;189.50199999999998;258.925;110.875;54.907999999999994;20.02;340.77799999999996;143.61599999999999;221.49099999999999;75.40899999999999;90.36999999999999;105.69999999999999;113.798;20.02;89.21699999999998;52.429;88.544;368.06899999999996
1505;65.63499999999999;22.88;22.88;22.88;22.88;22.88;22.88;22.88;22.88;22.88;22.88;22.88;22.88;22.88;22.88;22.88;22.88;22.88;22.88;22.88;22.88;22.88;22.88;22.88;22.88;22.88;22.88;22.88;22.88;22.88
1506;62.77499999999999;20.02;20.02;20.02;20.02;20.02;20.02;20.02;20.02;20.02;20.02;20.02;20.02;20.02;20.02;20.02;20.02;20.02;20.02;20.02;20.02;20.02;20.02;20.02;20.02;20.02;20.02;20.02;20.02;20.02
1507;65.63499999999999;22.88;22.88;22.88;22.88;22.88;22.88;22.88;22.88;22.88;22.88;22.88;22.88;22.88;22.88;22.88;22.88;22.88;22.88;22.88;22.88;22.88;22.88;22.88;22.88;22.88;22.88;22.88;22.88;22.88
1508;2334.582;200.199;248.356;294.299;212.459;277.859;22.165;272.71799999999996;337.19;188.551;282.94;296.98299999999995;332.628;314.819;280.98299999999995;405.24;172.16899999999998;22.165;289.90299999999996;160.05;266.395;93.846;100.221;216.575;219.615;22.165;216.53599999999997;165.881;234.54;543.2389999999999
1509;62.05999999999999;19.305;19.305;19.305;19.305;19.305;19.305;19.305;19.305;19.305;19.305;19.305;19.305;19.305;19.305;19.305;19.305;19.305;19.305;19.305;19.305;19.305;19.305;19.305;19.305;19.305;19.305;19.305;19.305;19.305
1510;1492.7189999999998;112.91999999999999;159.361;329.91200000000003;229.14499999999998;153.927;25.74;175.998;161.71999999999997;72.816;22.89;149.19199999999998;135.909;103.6;232.38799999999998;99.454;52.321;25.74;276.20399999999995;123.26399999999998;256.695;96.68199999999999;60.68299999999999;110.6;67.917;25.74;77.985;55.67099999999999;122.89499999999998;329.372
1511;62.77499999999999;20.02;20.02;20.02;20.02;20.02;20.02;20.02;20.02;20.02;20.02;20.02;20.02;20.02;20.02;20.02;20.02;20.02;20.02;20.02;20.02;20.02;20.02;20.02;20.02;20.02;20.02;20.02;20.02;20.02
1512;1105.7359999999999;107.77499999999999;95.39199999999998;140.769;156.481;160.16;20.02;178.46499999999997;252.498;292.489;141.697;151.422;193.80599999999998;150.859;274.86800000000005;166.211;123.15899999999999;20.02;246.61999999999998;108.07399999999998;308.387;147.65099999999998;140.25;147.60399999999998;121.34299999999999;20.02;125.569;99.46999999999998;83.55099999999999;465.324
1513;1431.4789999999998;75.17499999999998;115.488;163.92299999999997;175.154;252.73499999999996;20.02;206.137;277.37199999999996;147.442;113.22;142.707;208.79999999999998;222.02299999999997;258.763;118.388;105.655;20.02;221.155;147.781;335.54;120.981;51.672;134.94799999999998;149.97899999999998;20.02;68.041;20.02;135.96;503.287
1514;3220.5110000000004;136.88299999999998;210.671;252.683;212.67299999999994;291.98199999999997;25.74;200.329;499.595;426.49499999999995;266.436;309.46399999999994;345.796;232.55499999999998;310.911;276.58099999999996;249.386;25.74;452.51;244.36499999999998;385.594;187.90799999999996;153.313;236.91599999999997;213.24199999999996;25.74;187.22899999999998;147.57999999999998;174.07799999999997;599.9669999999999
1515;1322.365;212.86;191.643;145.606;194.72799999999998;118.75799999999998;22.88;167.20799999999997;208.688;18.88;-3.575000000000003;181.285;115.98499999999999;56.05;137.321;28.225999999999996;33.571999999999996;22.88;166.13;41.78999999999999;170.179;47.571999999999996;48.462999999999994;87.389;82.28;22.88;122.01899999999998;22.88;98.215;243.35199999999998
1516;1064.1009999999999;132.65599999999998;136.07299999999998;-17.951999999999998;157.637;-14.756999999999998;25.74;36.564;76.536;115.125;25.74;71.797;50.062999999999995;69.649;133.962;104.15299999999999;78.616;25.74;230.69099999999997;56.702999999999996;148.22899999999998;25.74;25.74;50.276999999999994;81.28399999999999;25.74;57.23499999999999;25.74;54.91;352.823
1517;3827.167;94.00299999999999;86.689;177.274;149.613;279.977;22.165;198.23399999999998;161.035;22.165;22.165;120.707;14.642999999999997;22.165;139.863;22.165;22.165;22.165;238.69599999999997;170.78699999999998;237.86699999999996;89.46099999999998;22.165;115.50299999999999;22.165;22.165;68.24499999999999;22.165;162.02599999999998;376.549
1518;2894.6780000000003;114.62899999999999;140.87199999999999;158.757;186.99699999999999;150.254;25.74;82.634;197.57399999999998;7.108999999999998;97.25899999999999;135.992;127.98899999999999;134.45399999999998;193.909;70.298;25.74;25.74;346.602;62.821;221.515;75.08699999999999;63.949;100.139;80.28699999999999;25.74;60.583;25.74;163.504;431.4719999999999
1519;1528.3269999999998;194.742;249.361;187.86599999999999;185.283;179.682;22.165;83.869;293.134;190.66799999999998;130.296;135.533;84.46499999999999;175.259;245.791;91.28299999999999;66.637;22.165;177.594;78.559;241.54600000000002;104.36699999999999;90.47399999999999;79.856;49.922;22.165;140.579;89.43799999999999;126.50699999999999;428.16200000000003
1520;240.02499999999998;70.708;66.51299999999999;96.6;154.918;58.40599999999999;20.02;20.02;65.83999999999999;20.02;20.02;20.02;20.02;20.02;20.02;20.02;20.02;20.02;107.943;20.02;20.02;20.02;20.02;20.02;20.02;20.02;20.02;20.02;20.02;147.20100000000002
1521;726.309;123.99299999999998;68.731;104.44900000000001;109.001;20.02;20.02;20.02;182.06799999999998;54.253;68.708;67.62199999999999;47.711999999999996;51.05799999999999;147.082;20.02;20.02;20.02;33.147999999999996;68.05799999999999;159.33299999999997;20.02;20.02;20.02;20.02;20.02;42.863;20.02;58.19;180.09099999999998
1522;735.012;105.435;103.166;190.44899999999998;171.303;87.887;20.02;69.53399999999999;20.02;20.02;20.02;20.02;20.02;20.02;20.02;20.02;20.02;20.02;20.02;20.02;20.02;20.02;20.02;20.02;20.02;20.02;20.02;20.02;20.02;152.26599999999996
1523;476.658;84.166;20.02;20.02;108.22899999999998;20.02;20.02;20.02;20.02;20.02;20.02;20.02;20.02;20.02;20.02;20.02;20.02;20.02;114.528;20.02;20.02;20.02;20.02;20.02;20.02;20.02;20.02;20.02;20.02;147.788
1524;1448.087;81.109;134.74;196.272;172.12699999999998;132.606;20.02;28.256999999999998;139.87599999999998;112.47199999999998;20.02;66.333;48.741;63.642999999999994;155.647;20.02;20.02;20.02;215.17099999999996;213.12900000000002;223.459;33.257;20.02;41.208999999999996;41.099999999999994;20.02;20.02;44.364;97.344;387.59599999999995
1525;964.011;134.987;154.298;327.875;191.39;259.63599999999997;22.88;145.53499999999997;157.195;63.068999999999996;119.707;76.64599999999999;66.809;184.057;234.46099999999998;158.04;65.482;22.88;114.107;22.88;22.88;22.88;22.88;22.88;22.88;22.88;22.88;22.88;22.88;126.933
1526;65.63499999999999;22.88;22.88;22.88;22.88;22.88;22.88;22.88;22.88;22.88;22.88;22.88;22.88;22.88;22.88;22.88;22.88;22.88;22.88;22.88;22.88;22.88;22.88;22.88;22.88;22.88;22.88;22.88;22.88;22.88
1527;2567.6389999999997;170.938;237.354;202.809;205.22499999999997;173.08199999999997;20.02;226.01799999999997;250.51899999999998;124.72899999999998;184.09199999999998;272.153;145.207;189.22;220.70399999999998;150.583;143.94799999999998;20.02;190.84999999999997;159.823;313.18;131.852;172.37199999999999;191.21800000000002;149.1;20.02;154.54399999999998;166.44099999999997;255.11799999999997;507.85799999999995
1528;65.63499999999999;22.88;22.88;22.88;22.88;22.88;22.88;22.88;22.88;22.88;22.88;22.88;22.88;22.88;22.88;22.88;22.88;22.88;22.88;22.88;22.88;22.88;22.88;22.88;22.88;22.88;22.88;22.88;22.88;22.88
1529;2024.1309999999999;127.18699999999998;148.65999999999997;203.25199999999998;215.298;126.053;19.305;214.07799999999997;262.548;185.43999999999997;73.59799999999998;162.208;180.701;237.461;327.68899999999996;152.415;152.587;19.305;288.883;201.01399999999998;363.525;149.935;153.79000000000002;105.562;130.416;19.305;86.579;67.67699999999999;176.378;511.648
1530;141.435;62.504999999999995;90.15599999999999;75.742;76.34899999999999;22.88;22.88;22.88;22.88;22.88;22.88;22.88;22.88;22.88;22.88;22.88;22.88;22.88;22.88;22.88;22.88;22.88;22.88;22.88;22.88;22.88;22.88;22.88;22.88;143.453
1531;175.428;72.394;22.88;22.88;22.88;22.88;22.88;22.88;22.88;22.88;22.88;22.88;22.88;22.88;22.88;22.88;22.88;22.88;22.88;22.88;22.88;22.88;22.88;22.88;22.88;22.88;22.88;22.88;22.88;161.88699999999997
1532;62.77499999999999;20.02;20.02;20.02;20.02;20.02;20.02;20.02;20.02;20.02;20.02;20.02;20.02;20.02;20.02;20.02;20.02;20.02;20.02;20.02;20.02;20.02;20.02;20.02;20.02;20.02;20.02;20.02;20.02;20.02
1533;508.66599999999994;147.051;188.087;131.865;152.154;131.04299999999998;20.02;68.898;20.02;20.02;20.02;20.02;20.02;20.02;20.02;20.02;20.02;20.02;20.02;20.02;20.02;20.02;20.02;20.02;20.02;20.02;20.02;20.02;20.02;20.02
1534;467.619;103.436;92.13499999999999;82.14099999999999;127.56199999999998;16.445;16.445;16.445;16.445;16.445;16.445;16.445;16.445;16.445;16.445;16.445;16.445;16.445;16.445;16.445;16.445;16.445;16.445;16.445;16.445;16.445;16.445;16.445;16.445;148.582
1535;3374.0269999999996;150.124;239.36899999999997;281.03099999999995;187.33499999999998;466.381;19.305;192.797;252.308;174.464;127.588;176.079;228.75499999999997;197.209;342.702;107.697;76.265;19.305;336.04699999999997;262.04499999999996;513.7429999999999;178.59;241.44;309.01099999999997;160.09699999999998;19.305;252.19899999999996;158.79799999999997;220.88899999999998;552.5949999999999
1536;1607.572;133.319;97.162;119.33999999999997;211.40799999999996;85.949;22.88;134.60999999999999;233.34799999999998;97.356;114.81700000000001;116.50200000000001;93.39399999999999;73.661;123.86099999999999;22.88;15.812999999999999;22.88;64.49699999999999;34.81099999999999;183.891;49.592999999999996;47.483999999999995;33.595;38.486;22.88;43.093999999999994;45.571999999999996;66.828;258.784
1537;712.796;187.75699999999998;172.918;134.899;174.673;157.13099999999997;20.02;166.094;258.58099999999996;69.643;20.02;20.02;20.02;20.02;20.02;20.02;20.02;20.02;20.02;20.02;20.02;20.02;20.02;20.02;20.02;20.02;20.02;20.02;20.02;154.635
1538;2540.4329999999995;193.88099999999997;176.32299999999998;235.21999999999997;246.60599999999994;146.997;22.88;166.521;332.286;143.084;171.15800000000002;98.05;163.39099999999996;102.485;185.053;85.375;47.97;22.88;341.268;150.00599999999997;320.88300000000004;147.96599999999998;132.67699999999996;118.97199999999998;67.987;22.88;62.626;103.45599999999999;137.55399999999997;343.66799999999995
1539;1897.0009999999997;137.89299999999997;49.51;126.014;228.79899999999998;153.03199999999998;22.88;179.59799999999998;311.406;206.475;121.86099999999999;174.24999999999997;139.14;93.246;176.147;107.39699999999999;148.194;22.88;160.93599999999998;143.22199999999998;273.02599999999995;45.571999999999996;53.91799999999999;46.24699999999999;46.138;22.88;98.76499999999999;58.461999999999996;95.61099999999999;346.327
1540;65.63499999999999;22.88;22.88;22.88;22.88;22.88;22.88;22.88;22.88;22.88;22.88;22.88;22.88;22.88;22.88;22.88;22.88;22.88;22.88;22.88;22.88;22.88;22.88;22.88;22.88;22.88;22.88;22.88;22.88;22.88
1541;808.568;80.92599999999999;77.35799999999999;129.684;155.166;134.182;19.305;107.63499999999999;218.60499999999996;95.02599999999998;111.702;112.10300000000001;19.305;19.305;135.15800000000002;19.305;19.305;19.305;117.53;19.305;19.305;19.305;19.305;19.305;19.305;19.305;19.305;19.305;19.305;123.771
1542;2060.2529999999997;275.967;191.858;299.633;206.91899999999998;248.85;22.88;261.44399999999996;282.396;223.27499999999998;185.661;166.355;399.82;308.077;373.29499999999996;179.962;86.092;22.88;334.04999999999995;263.388;392.717;354.99699999999996;186.879;207.19099999999997;263.77099999999996;22.88;184.475;183.024;215.892;435.515
1543;73.21199999999999;22.88;22.88;22.88;22.88;22.88;22.88;22.88;22.88;22.88;22.88;22.88;22.88;22.88;22.88;22.88;22.88;22.88;22.88;22.88;22.88;22.88;22.88;22.88;22.88;22.88;22.88;22.88;22.88;22.88
1544;1345.4379999999999;119.36499999999998;191.122;160.105;191.56199999999998;208.52499999999998;20.02;229.41699999999997;337.046;341.37899999999996;211.135;288.53999999999996;222.858;166.625;287.41200000000003;204.206;170.82899999999998;20.02;295.32;141.46699999999998;325.28000000000003;157.87099999999998;137.69;172.87800000000001;131.314;20.02;120.68199999999999;66.42099999999999;123.33499999999998;298.003
1545;615.6179999999999;107.803;-20.107999999999993;20.02;135.441;20.02;20.02;125.56699999999998;-12.216999999999999;54.84;20.02;20.02;46.71199999999999;147.444;79.203;20.02;20.02;20.02;54.16499999999999;80.60099999999998;121.05099999999999;20.02;20.02;20.02;41.039;20.02;20.02;20.02;93.603;334.662
1546;1243.67;184.72899999999998;140.341;116.47399999999999;202.56099999999998;120.398;20.02;113.91399999999999;219.89100000000002;189.61599999999999;22.945;115.853;106.836;128.01;206.346;84.0;95.77499999999999;20.02;217.50099999999998;20.02;220.58699999999996;31.918;79.423;72.393;45.44799999999999;20.02;64.193;53.718999999999994;83.52;406.45
1547;62.77499999999999;20.02;20.02;20.02;20.02;20.02;20.02;20.02;20.02;20.02;20.02;20.02;20.02;20.02;20.02;20.02;20.02;20.02;20.02;20.02;20.02;20.02;20.02;20.02;20.02;20.02;20.02;20.02;20.02;20.02
1548;59.19999999999999;16.445;16.445;16.445;16.445;16.445;16.445;16.445;16.445;16.445;16.445;16.445;16.445;16.445;16.445;16.445;16.445;16.445;16.445;16.445;16.445;16.445;16.445;16.445;16.445;16.445;16.445;16.445;16.445;16.445
1549;2651.6059999999998;219.737;186.211;203.16399999999996;202.43099999999998;228.142;22.165;268.143;290.61;180.308;149.136;206.15099999999998;177.509;139.426;195.804;49.39999999999999;22.165;22.165;299.031;132.625;264.397;73.482;83.91799999999999;151.552;114.86699999999999;22.165;127.441;68.58099999999999;274.383;548.0239999999999
1550;4052.075;206.55399999999997;145.497;291.305;198.009;323.43999999999994;20.02;259.69599999999997;331.423;162.86599999999999;247.88299999999998;271.589;309.943;312.859;363.92799999999994;144.689;174.79999999999998;20.02;344.479;261.89899999999994;367.034;218.56099999999995;133.58999999999997;224.05499999999998;215.196;20.02;104.00399999999999;98.37499999999999;264.202;535.809
1551;1322.8339999999998;159.022;214.94;191.779;200.142;154.129;20.02;98.798;278.286;160.724;132.893;150.206;102.594;111.35199999999998;198.075;117.94899999999998;121.697;20.02;129.166;163.064;266.7;111.27199999999999;60.035;62.464;20.02;20.02;20.02;20.02;20.02;178.715
1552;2080.972;147.76999999999998;130.089;312.445;184.99099999999999;184.426;20.02;182.47899999999998;302.478;199.186;240.81699999999998;161.673;158.47099999999998;201.017;276.679;103.398;121.95299999999999;20.02;400.976;240.457;434.62799999999993;184.22699999999998;165.477;252.075;164.66699999999997;20.02;98.252;92.608;170.117;331.06199999999995
1553;1766.9429999999998;166.19599999999997;164.486;199.19799999999998;237.132;174.11999999999998;19.305;198.077;251.878;167.129;195.88799999999998;174.386;199.369;231.403;276.903;161.18499999999997;89.239;19.305;213.66;200.932;314.127;147.143;117.92699999999999;151.647;164.927;19.305;70.053;92.443;192.14799999999997;400.48
1554;3854.8819999999996;172.045;161.28099999999998;222.73199999999997;190.099;225.32399999999998;25.74;234.79999999999995;279.77;178.54399999999998;194.75399999999996;117.68799999999999;205.97499999999997;234.882;264.111;131.398;92.79599999999999;25.74;401.25199999999995;170.37599999999998;298.46799999999996;147.913;74.889;118.40299999999999;86.898;25.74;56.32299999999999;25.74;116.74099999999999;512.0799999999999
1555;634.8009999999999;94.66899999999998;111.419;154.778;175.397;71.20899999999999;20.02;20.02;20.02;20.02;20.02;20.02;20.02;20.02;20.02;20.02;20.02;20.02;20.02;20.02;20.02;20.02;20.02;20.02;20.02;20.02;20.02;20.02;20.02;155.069
1556;2743.823;287.403;240.13;231.51299999999998;208.71499999999997;167.069;22.88;191.57999999999998;310.33899999999994;182.79199999999997;165.67799999999997;175.974;150.087;164.275;217.02999999999997;144.91899999999998;144.427;22.88;256.464;109.257;266.157;146.61499999999998;138.55899999999997;90.93799999999999;99.638;22.88;114.258;77.291;83.77999999999999;524.032
1557;2343.643;128.60399999999998;152.92699999999996;226.87800000000001;212.03699999999998;301.33099999999996;22.88;236.924;307.719;167.74;197.589;207.05599999999998;229.28499999999997;169.89;279.94;108.524;75.03;22.88;327.447;169.463;303.09499999999997;152.334;83.92999999999999;158.402;134.962;22.88;95.84199999999998;81.52199999999999;141.596;431.07199999999995
1558;359.09399999999994;70.836;91.17999999999999;110.258;130.92499999999998;20.02;20.02;20.02;20.02;20.02;20.02;20.02;20.02;20.02;20.02;20.02;20.02;20.02;20.02;20.02;20.02;20.02;20.02;20.02;20.02;20.02;20.02;20.02;20.02;20.02
1559;1834.3979999999997;22.88;104.407;168.22;192.80399999999997;301.99299999999994;22.88;216.78300000000002;472.31399999999996;280.933;218.945;185.16299999999998;196.20499999999998;156.207;283.626;170.64;172.98699999999997;22.88;188.16699999999997;84.39;233.50899999999996;82.121;109.52599999999998;116.14999999999998;61.17299999999999;22.88;140.172;73.003;123.392;283.056
1560;2512.0589999999997;187.957;146.165;200.483;167.32299999999998;196.373;20.02;210.53699999999998;225.24800000000002;147.331;117.461;75.371;153.50199999999998;199.71999999999997;227.473;328.277;86.972;20.02;236.12899999999996;73.02699999999999;240.98399999999998;110.63399999999999;72.97;95.41499999999999;130.719;20.02;85.464;89.78999999999999;87.84299999999999;342.919
1561;62.77499999999999;20.02;20.02;20.02;20.02;20.02;20.02;20.02;20.02;20.02;20.02;20.02;20.02;20.02;20.02;20.02;20.02;20.02;20.02;20.02;20.02;20.02;20.02;20.02;20.02;20.02;20.02;20.02;20.02;20.02
1562;68.49499999999999;25.74;25.74;25.74;25.74;25.74;25.74;25.74;25.74;25.74;25.74;25.74;25.74;25.74;25.74;25.74;25.74;25.74;25.74;25.74;25.74;25.74;25.74;25.74;25.74;25.74;25.74;25.74;25.74;25.74
1563;248.08499999999998;74.893;76.216;169.109;174.81;20.02;20.02;78.207;20.02;20.02;20.02;20.02;20.02;20.02;20.02;20.02;20.02;20.02;20.02;20.02;20.02;20.02;20.02;20.02;20.02;20.02;20.02;20.02;20.02;168.76399999999998
1564;1547.225;159.553;160.76299999999998;184.27599999999998;145.415;129.28799999999998;25.74;140.273;250.01600000000002;100.30499999999999;83.625;25.74;180.582;160.38299999999998;229.29399999999998;102.148;62.864;25.74;197.309;125.90799999999999;234.529;108.51499999999999;107.71199999999999;111.106;74.422;25.74;55.58299999999999;25.74;130.901;495.452
1565;2710.1409999999996;230.18699999999998;261.43899999999996;246.09899999999993;227.824;319.668;20.02;275.442;453.64699999999993;241.243;233.059;229.942;266.714;214.31799999999998;229.64799999999997;111.12699999999998;97.416;20.02;279.11899999999997;217.021;301.35999999999996;90.38999999999999;85.142;69.869;69.448;20.02;62.541999999999994;58.370999999999995;95.979;453.739
1566;2102.4249999999997;205.796;224.47299999999998;204.316;223.416;231.36999999999998;22.88;212.23399999999998;345.02700000000004;274.91599999999994;234.85999999999996;206.32599999999996;162.501;188.212;267.88899999999995;181.45799999999997;137.826;22.88;159.521;185.759;333.61599999999993;175.43499999999997;177.199;141.147;164.96299999999997;22.88;157.213;96.762;149.47599999999997;485.83900000000006
1567;3147.457;260.255;339.341;221.111;223.589;185.43399999999997;16.445;137.58599999999998;374.69999999999993;192.04;159.113;197.214;211.37199999999999;175.53699999999998;184.435;101.77099999999999;62.87899999999999;16.445;419.23099999999994;202.86299999999997;275.349;134.09;127.84599999999998;138.59099999999998;79.63;16.445;46.158;85.413;116.091;456.74300000000005
1568;2588.212;184.85;227.00499999999997;346.20799999999997;219.166;274.23699999999997;22.88;165.26999999999998;227.933;127.27799999999999;6.336999999999996;101.43199999999999;109.38499999999999;194.66799999999995;252.40299999999996;138.95499999999998;83.21799999999999;22.88;263.39199999999994;123.285;243.96599999999998;93.33699999999999;57.090999999999994;120.945;123.93199999999999;22.88;93.844;59.19399999999999;117.14499999999998;399.628
1569;1904.087;136.987;158.19299999999998;152.316;238.79499999999996;203.731;22.88;90.854;219.36899999999997;156.01799999999997;122.24199999999999;116.761;157.14299999999997;149.55499999999998;183.46699999999998;83.209;90.75099999999999;22.88;315.347;205.69299999999998;313.738;146.66799999999998;104.449;144.332;130.36399999999998;22.88;115.899;50.138999999999996;118.67399999999998;414.606
1570;3085.989;226.51600000000002;242.79500000000002;290.191;215.134;177.786;25.74;234.68699999999995;439.724;229.28699999999998;169.817;186.60299999999998;239.00900000000001;265.827;273.69;99.49399999999999;90.975;25.74;356.28299999999996;236.94699999999997;348.659;200.351;135.738;198.74599999999998;162.07;25.74;151.869;99.62799999999999;215.911;562.521
1571;718.6989999999998;69.724;20.02;20.02;109.001;65.83999999999999;20.02;20.02;123.40199999999999;20.02;20.02;20.02;20.02;20.02;105.303;20.02;20.02;20.02;74.923;20.02;136.915;20.02;20.02;20.02;20.02;20.02;20.02;20.02;20.02;285.16799999999995
1572;405.927;20.02;20.02;20.02;101.262;20.02;20.02;20.02;20.02;20.02;20.02;20.02;20.02;20.02;20.02;20.02;20.02;20.02;20.02;20.02;20.02;20.02;20.02;20.02;20.02;20.02;20.02;20.02;20.02;146.375
1573;64.91999999999999;22.165;22.165;22.165;22.165;22.165;22.165;22.165;22.165;22.165;22.165;22.165;22.165;22.165;22.165;22.165;22.165;22.165;22.165;22.165;22.165;22.165;22.165;22.165;22.165;22.165;22.165;22.165;22.165;22.165
1574;2125.715;150.168;105.93499999999999;158.787;151.782;135.465;22.88;107.141;185.53699999999998;63.894999999999996;82.786;77.45299999999999;110.416;127.67099999999999;218.648;84.115;22.88;22.88;239.925;118.857;195.631;63.44;22.88;116.975;73.33099999999999;22.88;22.88;22.88;82.81299999999999;384.644
1575;2419.6919999999996;74.78799999999998;83.53099999999998;264.24199999999996;181.964;205.56499999999997;22.165;191.84999999999997;248.185;107.71600000000001;58.637;84.619;165.518;171.034;220.74299999999997;56.007999999999996;22.165;22.165;206.93499999999997;159.402;277.51099999999997;150.136;65.006;111.792;22.165;22.165;44.617999999999995;22.165;74.062;388.781
1576;1768.2099999999998;243.87;214.577;183.565;208.274;203.164;16.445;214.01299999999998;271.71799999999996;230.723;185.47799999999998;126.41499999999999;137.047;90.10300000000001;185.198;138.048;70.029;16.445;143.943;68.63300000000001;244.004;71.135;103.96499999999999;47.813;51.70399999999999;16.445;63.81799999999999;16.445;102.57799999999999;284.37
1577;2559.085;157.884;113.34299999999999;186.98899999999998;160.307;232.589;16.445;238.067;257.2;258.399;223.435;284.305;220.69799999999998;140.575;258.679;154.45799999999997;112.89500000000001;16.445;309.159;168.653;325.24800000000005;165.02499999999998;186.736;165.737;143.66199999999998;16.445;203.635;153.47;193.17000000000002;472.374
1578;1056.9859999999999;85.38;81.498;167.472;177.70600000000002;189.235;25.74;120.603;162.263;106.726;60.321;25.74;61.704;75.13;61.821999999999996;65.713;66.604;25.74;226.21399999999997;60.982;207.015;25.74;25.74;25.74;25.74;25.74;25.74;25.74;25.74;218.289
1579;1667.4389999999999;180.572;113.964;217.89199999999997;163.34799999999998;142.65499999999997;22.88;183.632;176.981;103.40499999999999;88.21;102.408;89.65799999999999;104.791;157.527;90.116;60.591;22.88;299.233;156.20399999999998;177.752;22.88;22.88;48.833999999999996;44.724999999999994;22.88;52.158;22.88;96.65699999999998;377.72999999999996
1580;927.6559999999998;22.88;40.288999999999994;248.60199999999995;182.10899999999998;234.084;22.88;134.343;111.60999999999999;227.18199999999996;79.303;108.166;185.82199999999997;143.179;219.40599999999998;137.031;70.211;22.88;22.88;22.88;157.34499999999997;22.88;22.88;22.88;22.88;22.88;22.88;22.88;22.88;171.148
1581;1419.6039999999998;386.922;274.12;274.462;182.21699999999998;187.79;20.02;103.67399999999999;20.02;20.02;20.02;20.02;20.02;20.02;20.02;20.02;20.02;20.02;135.0;20.02;20.02;20.02;20.02;20.02;20.02;20.02;20.02;20.02;20.02;161.18099999999998
1582;143.708;98.071;74.01199999999999;20.02;20.02;20.02;20.02;20.02;20.02;20.02;20.02;20.02;20.02;20.02;20.02;20.02;20.02;20.02;20.02;20.02;20.02;20.02;20.02;20.02;20.02;20.02;20.02;20.02;20.02;147.614
1583;2549.251;107.223;153.958;230.51;171.423;159.522;16.445;119.03999999999998;173.064;102.05599999999998;16.445;54.80799999999999;16.445;65.48299999999999;134.444;16.445;16.445;16.445;236.53299999999996;122.35599999999998;267.64099999999996;121.737;61.949;139.25099999999998;91.463;16.445;51.11399999999999;57.15899999999999;168.48899999999998;415.22799999999995
1584;637.588;75.673;79.22999999999999;74.083;186.63199999999998;133.031;20.02;97.46199999999999;237.83799999999997;20.02;118.33500000000001;68.66399999999999;65.1;20.02;122.02;20.02;20.02;20.02;116.22600000000001;20.02;93.511;20.02;20.02;20.02;20.02;20.02;20.02;20.02;20.02;174.411
1585;628.4959999999999;16.445;59.938;142.299;142.475;57.721999999999994;16.445;16.445;16.445;16.445;16.445;16.445;16.445;16.445;16.445;16.445;16.445;16.445;16.445;16.445;16.445;16.445;16.445;16.445;16.445;16.445;16.445;16.445;16.445;152.07500000000002
1586;2593.374;114.74799999999999;112.43699999999998;120.57299999999998;192.74399999999997;151.043;19.305;210.07099999999997;152.598;19.305;99.11;93.144;81.40599999999999;104.49799999999999;146.148;19.305;57.016000000000005;19.305;529.013;160.725;487.035;121.41499999999999;55.387;129.55700000000002;141.428;19.305;170.102;138.91699999999997;220.106;463.542
1587;1207.893;84.413;135.601;173.825;115.937;186.158;22.88;182.32999999999998;118.59899999999999;8.186;10.986999999999998;102.434;108.06599999999999;89.97799999999998;152.999;95.73;22.88;22.88;183.105;61.535999999999994;170.619;45.15899999999999;66.423;114.00999999999999;45.053;22.88;126.33399999999997;22.88;60.617;380.32399999999996
1588;262.71500000000003;172.024;20.02;20.02;20.02;20.02;20.02;20.02;20.02;20.02;20.02;20.02;20.02;20.02;20.02;20.02;20.02;20.02;20.02;20.02;20.02;20.02;20.02;20.02;20.02;20.02;20.02;20.02;20.02;167.279
1589;75.452;22.88;22.88;22.88;22.88;22.88;22.88;22.88;22.88;22.88;22.88;22.88;22.88;22.88;22.88;22.88;22.88;22.88;22.88;22.88;22.88;22.88;22.88;22.88;22.88;22.88;22.88;22.88;22.88;22.88
1590;1905.76;158.82399999999998;178.117;234.60999999999996;241.363;362.113;16.445;194.53699999999998;419.0799999999999;409.16299999999995;227.92899999999997;213.81899999999996;256.552;193.22799999999998;263.354;203.976;169.153;16.445;310.74;256.736;290.01699999999994;156.03699999999998;171.944;178.221;140.229;16.445;128.248;88.15700000000001;226.988;495.39700000000005
1591;1638.319;103.45799999999998;303.272;208.17499999999998;254.67000000000002;409.09599999999995;22.165;191.411;390.45500000000004;219.786;207.02699999999996;142.94;197.761;162.22899999999998;77.55599999999998;75.34199999999998;22.165;22.165;97.62599999999999;71.52799999999999;72.658;22.165;22.165;22.165;22.165;22.165;22.165;22.165;22.165;179.25699999999998
1592;665.372;104.23199999999999;71.125;22.88;151.30399999999997;22.88;22.88;22.88;22.88;22.88;22.88;22.88;22.88;22.88;22.88;22.88;22.88;22.88;22.88;22.88;118.78899999999999;22.88;22.88;22.88;22.88;22.88;22.88;22.88;22.88;22.88
1593;289.64099999999996;82.84899999999999;179.023;77.742;22.88;22.88;22.88;22.88;22.88;22.88;22.88;22.88;22.88;22.88;22.88;22.88;22.88;22.88;22.88;22.88;22.88;22.88;22.88;22.88;22.88;22.88;22.88;22.88;22.88;22.88
1594;267.1039999999999;79.96799999999999;72.30699999999999;20.02;20.02;72.448;20.02;20.02;20.02;20.02;20.02;20.02;20.02;20.02;20.02;20.02;20.02;20.02;20.02;20.02;20.02;20.02;20.02;20.02;20.02;20.02;20.02;20.02;20.02;20.02
1595;5496.978999999999;138.51099999999997;81.887;200.754;184.156;222.13099999999997;16.445;146.427;163.35500000000002;99.38699999999999;27.499999999999996;158.774;132.048;73.40499999999999;164.196;61.852;34.331999999999994;16.445;239.476;130.188;199.634;55.071999999999996;48.41799999999999;64.197;49.114;16.445;79.70599999999999;16.445;75.55199999999999;355.6809999999999
1596;74.83500000000001;20.02;20.02;20.02;20.02;20.02;20.02;20.02;20.02;20.02;20.02;20.02;20.02;20.02;20.02;20.02;20.02;20.02;20.02;20.02;20.02;20.02;20.02;20.02;20.02;20.02;20.02;20.02;20.02;20.02
1597;59.19999999999999;16.445;16.445;16.445;16.445;16.445;16.445;16.445;16.445;16.445;16.445;16.445;16.445;16.445;16.445;16.445;16.445;16.445;16.445;16.445;16.445;16.445;16.445;16.445;16.445;16.445;16.445;16.445;16.445;16.445
1598;745.5769999999999;172.292;220.54599999999996;132.817;220.97;-20.302999999999997;20.02;117.898;217.59399999999997;120.87399999999998;13.560999999999996;95.769;144.088;142.31799999999998;126.43299999999999;96.931;102.70399999999998;20.02;142.187;62.535999999999994;168.296;37.408;32.843999999999994;37.735;40.626;20.02;42.408;45.29899999999999;61.343999999999994;68.457
1599;4079.314;212.58399999999995;211.17700000000002;231.808;227.63299999999998;277.637;19.305;267.61199999999997;349.255;234.37;290.568;208.363;241.265;243.15499999999997;349.72799999999995;158.60899999999998;123.127;19.305;471.965;222.916;361.10599999999994;233.052;118.84199999999998;193.12899999999996;240.933;19.305;254.69799999999998;186.244;269.58399999999995;651.002
1600;866.187;101.607;70.75;83.511;106.963;20.02;20.02;20.02;119.38;20.02;20.02;20.02;20.02;20.02;79.222;20.02;20.02;20.02;43.82599999999999;20.02;127.138;20.02;20.02;20.02;20.02;20.02;20.02;20.02;20.02;283.14099999999996
1601;62.77499999999999;20.02;20.02;20.02;20.02;20.02;20.02;20.02;20.02;20.02;20.02;20.02;20.02;20.02;20.02;20.02;20.02;20.02;20.02;20.02;20.02;20.02;20.02;20.02;20.02;20.02;20.02;20.02;20.02;20.02
1602;156.728;71.67699999999999;22.88;22.88;22.88;22.88;22.88;22.88;22.88;22.88;22.88;22.88;22.88;22.88;22.88;22.88;22.88;22.88;22.88;22.88;22.88;22.88;22.88;22.88;22.88;22.88;22.88;22.88;22.88;22.88
1603;1831.03;148.798;135.57;131.515;171.76;110.012;22.88;102.27999999999999;232.35099999999997;16.138999999999996;1.564;173.033;80.234;80.17599999999999;128.02399999999997;17.875999999999998;27.052;22.88;161.42499999999998;99.835;216.31;67.22;36.943;128.803;60.238;22.88;68.475;48.15899999999999;78.55799999999999;433.27599999999995
1604;77.521;25.74;25.74;25.74;25.74;25.74;25.74;25.74;25.74;25.74;25.74;25.74;25.74;25.74;25.74;25.74;25.74;25.74;25.74;25.74;25.74;25.74;25.74;25.74;25.74;25.74;25.74;25.74;25.74;25.74
1605;1130.7089999999998;214.046;126.776;240.21200000000002;163.85199999999998;210.624;22.88;113.09700000000001;275.87199999999996;222.91599999999994;140.754;163.70499999999998;128.232;120.27899999999998;252.03499999999997;65.786;22.88;22.88;122.567;22.88;22.88;22.88;22.88;22.88;22.88;22.88;22.88;22.88;22.88;156.263
1606;1059.2569999999998;108.15299999999999;137.46099999999998;-17.747;173.215;89.5;22.88;32.117;128.644;14.053999999999998;16.4;118.36799999999998;139.33499999999998;110.46299999999998;157.95999999999998;63.7;65.591;22.88;149.03199999999998;22.88;221.519;44.291;91.205;47.833999999999996;44.724999999999994;22.88;133.76999999999998;48.852999999999994;71.786;232.51199999999994
1607;95.493;22.88;22.88;22.88;22.88;22.88;22.88;22.88;22.88;22.88;22.88;22.88;22.88;22.88;22.88;22.88;22.88;22.88;22.88;22.88;22.88;22.88;22.88;22.88;22.88;22.88;22.88;22.88;22.88;22.88
1608;2069.444;185.909;155.829;229.38;213.98799999999997;186.20399999999998;20.02;189.171;287.26099999999997;256.717;289.96500000000003;358.437;182.802;107.73299999999999;188.75999999999996;103.26199999999999;90.243;20.02;154.82;210.695;320.23699999999997;206.98499999999999;153.308;174.834;159.75199999999998;20.02;236.39899999999997;137.296;49.080999999999996;375.42799999999994
1609;883.754;105.139;80.794;118.22599999999998;146.633;89.24999999999999;25.74;76.08;188.613;87.09199999999998;60.40899999999999;88.66499999999999;72.244;76.582;187.417;71.124;25.74;25.74;25.74;25.74;25.74;25.74;25.74;25.74;25.74;25.74;25.74;25.74;25.74;25.74
1610;1278.995;106.38399999999999;140.26;197.13299999999998;229.59199999999998;197.01999999999998;22.88;138.82;265.34499999999997;125.095;155.052;60.178;107.37199999999999;86.21499999999999;206.17699999999996;20.116999999999997;23.008;22.88;291.153;22.88;186.08999999999997;52.007999999999996;87.354;80.53399999999999;41.48599999999999;22.88;79.11699999999999;69.008;90.96;410.82
1611;838.316;145.04899999999998;84.442;148.094;148.515;142.841;20.02;20.02;87.40599999999999;67.643;20.02;20.02;20.02;20.02;20.02;20.02;20.02;20.02;20.02;20.02;20.02;20.02;20.02;20.02;20.02;20.02;20.02;20.02;20.02;177.33999999999997
1612;1493.957;187.18899999999996;156.088;168.92199999999997;201.957;166.454;22.165;168.62;399.28499999999997;157.688;98.58599999999998;174.349;169.053;201.22199999999998;194.65699999999998;183.38699999999997;110.68499999999999;22.165;426.7169999999999;163.72299999999998;361.43399999999997;96.737;153.01999999999998;129.111;45.800999999999995;22.165;60.582999999999984;120.353;95.18499999999999;464.647
1613;177.131;86.69800000000001;79.589;22.88;22.88;22.88;22.88;22.88;22.88;22.88;22.88;22.88;22.88;22.88;22.88;22.88;22.88;22.88;22.88;22.88;22.88;22.88;22.88;22.88;22.88;22.88;22.88;22.88;22.88;22.88
1614;2432.268;144.255;132.536;228.99999999999997;188.295;252.46;19.305;203.428;280.78999999999996;141.378;176.926;119.32900000000001;201.269;211.19399999999996;323.572;130.037;67.21600000000001;19.305;360.939;173.618;343.966;137.581;97.49799999999999;176.47299999999998;173.22199999999998;19.305;88.207;66.19200000000001;207.85299999999995;473.3819999999999
1615;551.0740000000001;76.493;25.74;25.74;118.797;25.74;25.74;25.74;112.019;25.74;25.74;25.74;25.74;25.74;25.74;25.74;25.74;25.74;121.92299999999999;25.74;25.74;25.74;25.74;25.74;25.74;25.74;25.74;25.74;25.74;25.74
1616;2595.551;170.272;182.034;248.63599999999997;211.40299999999996;228.724;22.88;253.31300000000002;307.60499999999996;168.445;249.695;318.385;267.77099999999996;226.58299999999997;313.358;202.058;99.65899999999999;22.88;578.684;294.81699999999995;439.55100000000004;215.762;128.936;182.817;161.824;22.88;101.97800000000001;97.36699999999999;232.36199999999997;508.169
1617;766.493;119.80099999999999;140.37;193.06799999999998;197.061;161.658;25.74;149.571;147.777;25.74;25.74;25.74;25.74;25.74;25.74;25.74;25.74;25.74;116.94399999999999;25.74;25.74;25.74;25.74;25.74;25.74;25.74;25.74;25.74;25.74;157.464
1618;2455.3239999999996;107.398;129.49599999999998;261.21799999999996;163.76999999999998;235.76;25.74;211.351;261.62199999999996;111.326;130.37599999999998;92.976;198.29599999999996;202.22699999999998;280.0609999999999;25.74;25.74;25.74;170.144;155.21699999999998;306.45399999999995;130.53900000000002;63.87299999999999;179.048;134.54899999999998;25.74;25.74;25.74;103.725;399.81499999999994
1619;3417.97;153.31199999999998;267.35499999999996;370.07599999999996;236.581;336.92999999999995;25.74;250.63299999999998;317.403;246.874;156.27499999999998;185.19899999999998;247.548;235.11699999999996;284.986;98.78699999999999;91.07999999999998;25.74;410.81500000000005;194.69899999999998;463.19000000000005;201.356;133.821;192.791;226.36499999999998;25.74;68.11399999999999;96.18199999999999;167.38799999999998;265.961
1620;683.2959999999999;218.993;268.475;174.34799999999998;173.07399999999998;77.17599999999999;20.02;20.02;118.94;20.02;20.02;20.02;20.02;20.02;96.54499999999999;20.02;20.02;20.02;20.02;20.02;20.02;20.02;20.02;20.02;20.02;20.02;20.02;20.02;20.02;152.027
1621;5882.683;396.53399999999993;393.91499999999996;427.98799999999994;256.43399999999997;449.9189999999999;22.165;421.678;573.9649999999999;378.0419999999999;557.757;486.78499999999997;343.52;393.60999999999996;440.8639999999999;426.3639999999999;298.48599999999993;22.165;446.7399999999999;493.05999999999995;622.091;363.705;321.149;309.472;301.172;22.165;318.51199999999994;233.105;289.318;613.779
1622;904.4849999999999;142.61399999999998;233.326;246.495;151.49499999999998;153.32399999999996;22.165;104.485;238.48699999999997;83.354;22.165;160.358;56.355999999999995;57.247;138.678;22.165;22.165;22.165;110.65199999999999;22.165;22.165;22.165;22.165;22.165;22.165;22.165;22.165;22.165;22.165;22.165
1623;117.25999999999999;67.469;20.02;20.02;20.02;20.02;20.02;20.02;20.02;20.02;20.02;20.02;20.02;20.02;20.02;20.02;20.02;20.02;20.02;20.02;20.02;20.02;20.02;20.02;20.02;20.02;20.02;20.02;20.02;20.02
1624;3070.4209999999994;285.28;185.841;224.76799999999997;177.301;209.26;22.88;256.371;391.488;211.78099999999998;148.897;158.261;248.6;176.32;315.246;109.359;74.10999999999999;22.88;324.27799999999996;258.207;401.47799999999995;178.70699999999997;84.16499999999999;199.16400000000002;149.77700000000002;22.88;86.87299999999999;105.276;107.218;424.10999999999996
1625;1735.469;211.829;150.901;144.921;251.56399999999996;349.332;22.165;185.301;359.95399999999995;231.23800000000003;122.14099999999999;141.70999999999998;183.15499999999997;177.148;224.71699999999998;87.779;120.404;22.165;156.45499999999998;67.011;181.165;105.029;70.97299999999998;130.829;142.16199999999998;22.165;120.047;130.869;274.52599999999995;219.19199999999995
1626;3268.3019999999997;143.32;170.353;152.575;136.089;133.586;22.88;170.356;212.49699999999999;149.418;128.817;179.66899999999998;136.038;126.971;161.255;147.56799999999998;98.43299999999999;22.88;314.756;106.482;180.252;98.161;85.333;61.025999999999996;68.917;22.88;84.519;53.14999999999999;82.125;426.985
1627;1136.099;63.099999999999994;96.91299999999998;119.064;178.85399999999998;106.67099999999999;20.02;40.50399999999999;94.48399999999998;74.65099999999998;36.92999999999999;39.821;91.142;99.033;79.607;65.84;55.515;20.02;187.135;40.233999999999995;112.07300000000001;20.02;20.02;20.02;20.02;20.02;20.02;20.02;20.02;236.368
1628;1175.9939999999997;130.36599999999999;73.74199999999999;97.33699999999999;169.134;72.615;22.88;113.197;123.838;22.88;22.88;67.77900000000001;55.027;51.462999999999994;142.203;22.88;22.88;22.88;136.016;22.88;149.359;22.88;22.88;57.354;46.964;22.88;50.20099999999999;50.092;67.894;200.58199999999997
1629;521.143;112.184;96.93199999999999;168.26399999999998;152.431;79.60199999999999;20.02;20.02;20.02;20.02;20.02;20.02;20.02;20.02;20.02;20.02;20.02;20.02;20.02;20.02;20.02;20.02;20.02;20.02;20.02;20.02;20.02;20.02;20.02;145.962
1630;1652.0659999999998;242.89;125.902;160.05499999999998;177.27999999999997;188.29699999999997;22.88;149.58499999999998;180.365;66.571;121.59700000000001;75.353;110.65299999999999;94.508;180.89399999999998;75.69999999999999;85.49499999999999;22.88;140.555;116.34299999999998;217.74599999999998;47.571999999999996;42.05;67.99499999999999;38.898999999999994;22.88;66.721;51.504999999999995;69.876;380.043
1631;284.513;87.137;85.66199999999999;67.079;20.02;20.02;20.02;20.02;20.02;20.02;20.02;20.02;20.02;20.02;20.02;20.02;20.02;20.02;20.02;20.02;20.02;20.02;20.02;20.02;20.02;20.02;20.02;20.02;20.02;20.02
1632;1753.7909999999997;97.211;87.64699999999999;170.05599999999998;135.26299999999998;138.855;22.88;62.504999999999995;126.478;38.964;74.42999999999999;62.83;22.88;95.806;104.16799999999998;56.309999999999995;22.88;22.88;113.28099999999999;22.88;22.88;22.88;22.88;22.88;22.88;22.88;22.88;22.88;22.88;169.74099999999999
1633;3432.584;239.082;254.95499999999998;228.502;246.20599999999996;248.24399999999997;22.165;161.452;250.933;307.83799999999997;183.334;314.993;226.926;155.23399999999998;200.24;230.53;114.98999999999998;22.165;349.92099999999994;140.64;228.956;79.66799999999999;102.40199999999999;86.589;90.195;22.165;122.01199999999999;99.011;129.12099999999998;402.3109999999999
1634;992.3109999999999;106.19200000000001;207.409;86.469;203.22499999999997;140.16299999999998;20.02;148.50799999999998;281.075;157.382;20.02;65.077;97.63;61.40899999999999;113.406;140.289;15.017999999999999;20.02;126.16299999999998;22.235999999999997;157.67399999999998;30.017999999999997;81.54399999999998;43.51;50.516999999999996;20.02;49.18299999999999;44.364;58.254999999999995;225.702
1635;1568.2440000000001;147.981;140.718;192.632;183.39;128.88099999999997;16.445;143.271;259.765;170.563;132.41699999999997;127.798;123.749;98.418;254.017;130.88;81.622;16.445;124.51499999999999;98.307;247.03799999999998;74.654;62.498000000000005;94.506;77.549;16.445;96.759;85.77099999999999;115.767;362.893
1636;1155.567;129.281;250.17999999999995;182.399;181.87699999999998;185.60399999999998;25.74;157.43399999999997;320.264;153.231;158.60899999999998;152.563;88.494;156.016;257.88399999999996;176.923;110.875;25.74;187.71299999999997;146.129;250.41799999999998;107.453;112.428;147.522;113.18199999999999;25.74;127.896;96.242;128.81799999999998;278.90999999999997
1637;3530.5339999999997;81.884;134.493;175.829;164.81599999999997;218.47199999999998;16.445;213.983;291.306;252.851;163.70899999999997;192.43399999999997;205.719;194.079;254.70099999999996;88.91999999999999;58.52499999999999;16.445;548.855;226.469;336.187;154.573;151.523;164.493;188.409;16.445;109.12399999999998;103.335;212.44400000000002;629.488
1638;1267.3649999999998;126.49199999999999;154.53199999999998;256.129;182.511;235.23699999999997;22.88;232.98099999999997;181.305;84.35900000000001;64.945;74.56099999999999;159.451;80.93199999999999;190.81899999999996;133.55499999999998;137.276;22.88;238.52999999999997;116.988;229.467;142.223;78.103;128.767;89.695;22.88;58.111999999999995;49.397999999999996;88.894;382.64699999999993
1639;369.47;88.66299999999998;99.691;128.61;160.39;147.736;22.88;81.264;22.88;22.88;22.88;22.88;22.88;22.88;22.88;22.88;22.88;22.88;22.88;22.88;22.88;22.88;22.88;22.88;22.88;22.88;22.88;22.88;22.88;156.929
1640;1383.8919999999998;119.594;151.57199999999997;232.106;218.916;158.048;25.74;153.724;154.13;43.326;45.062999999999995;101.108;135.35999999999999;68.89;192.587;86.29199999999999;60.40899999999999;25.74;149.545;87.116;236.54799999999997;31.911999999999995;34.803;84.98999999999998;57.32599999999999;25.74;70.007;49.431999999999995;66.32300000000001;370.99399999999997
1641;3448.5449999999996;140.00799999999998;87.352;223.50399999999996;236.51699999999997;311.428;22.88;288.32;211.83499999999998;180.70399999999998;282.275;72.368;201.55999999999997;138.123;286.664;110.74;101.42699999999999;22.88;358.425;269.851;463.722;164.47299999999998;91.72799999999998;273.617;244.37500000000003;22.88;127.06;79.465;213.82199999999997;566.607
1642;1799.1619999999998;99.219;75.975;262.83299999999997;169.44599999999997;236.446;16.445;218.417;212.16699999999997;81.42099999999999;103.15;199.43399999999997;131.326;132.475;237.03199999999998;72.02;16.445;16.445;326.455;142.656;265.89599999999996;129.477;68.003;61.43899999999999;16.445;16.445;16.445;16.445;16.445;166.56500000000003
1643;661.0069999999998;142.74599999999998;88.74399999999999;144.88;16.445;16.445;16.445;16.445;16.445;16.445;16.445;16.445;16.445;16.445;16.445;16.445;16.445;16.445;16.445;16.445;16.445;16.445;16.445;16.445;16.445;16.445;16.445;16.445;16.445;142.56099999999998
1644;242.53799999999998;86.591;69.407;25.74;161.541;25.74;25.74;25.74;25.74;25.74;25.74;25.74;25.74;25.74;25.74;25.74;25.74;25.74;25.74;25.74;25.74;25.74;25.74;25.74;25.74;25.74;25.74;25.74;25.74;146.313
1645;1078.109;195.03599999999997;219.916;74.969;152.625;75.14699999999999;25.74;119.26999999999998;206.203;150.684;69.88499999999999;189.97499999999997;100.64599999999999;94.43599999999998;175.135;61.147;25.74;25.74;265.635;66.53899999999999;134.896;25.74;25.74;80.64599999999999;25.74;25.74;70.58099999999999;25.74;86.452;371.58199999999994
1646;1402.768;160.73899999999998;155.70799999999997;143.415;186.12;186.29399999999998;25.74;129.356;275.36699999999996;126.047;147.897;170.10399999999998;116.25899999999999;114.50399999999999;215.671;88.363;69.494;25.74;202.24199999999996;142.59699999999998;209.91699999999997;113.75299999999999;82.15199999999999;52.608999999999995;132.03699999999998;25.74;68.34599999999999;56.184;64.62;412.889
1647;100.067;16.445;61.763999999999996;56.06999999999999;16.445;16.445;16.445;16.445;16.445;16.445;16.445;16.445;16.445;16.445;16.445;16.445;16.445;16.445;16.445;16.445;16.445;16.445;16.445;16.445;16.445;16.445;16.445;16.445;16.445;16.445
1648;1651.9199999999998;202.036;167.37199999999999;126.50599999999999;160.868;107.326;22.88;14.988999999999999;122.98999999999998;122.11699999999999;22.662;133.882;91.8;60.617;201.94299999999998;22.88;22.88;22.88;286.84999999999997;61.663;209.72499999999997;63.445;62.80699999999999;86.334;74.02099999999999;22.88;44.681;52.17999999999999;59.04999999999999;211.27999999999997
1649;62.05999999999999;19.305;19.305;19.305;19.305;19.305;19.305;19.305;19.305;19.305;19.305;19.305;19.305;19.305;19.305;19.305;19.305;19.305;19.305;19.305;19.305;19.305;19.305;19.305;19.305;19.305;19.305;19.305;19.305;19.305
1650;1298.777;107.294;77.47800000000001;177.15099999999998;177.685;216.356;22.88;190.78499999999997;245.06499999999997;112.09999999999998;124.148;83.97699999999999;194.17399999999998;180.47799999999995;277.36199999999997;22.88;22.88;22.88;228.789;158.251;309.531;154.09799999999998;79.58699999999999;164.54899999999998;152.56199999999998;22.88;87.31799999999998;75.17599999999999;177.738;246.84399999999997
1651;736.256;112.60399999999998;81.37799999999999;217.339;157.442;162.72899999999998;22.88;116.59299999999999;166.92999999999998;69.113;62.004;62.894999999999996;68.744;22.88;140.771;22.88;22.88;22.88;116.172;22.88;22.88;22.88;22.88;22.88;22.88;22.88;22.88;22.88;22.88;166.67899999999997
1652;4326.487;206.43499999999997;207.803;63.885999999999996;124.58999999999999;-3.4330000000000034;19.305;34.41;229.49899999999997;143.767;113.33499999999998;123.85;46.150999999999996;49.041999999999994;184.232;53.125;19.305;19.305;173.497;70.941;208.42499999999995;95.297;106.463;83.492;57.498999999999995;19.305;53.538;71.996;94.181;404.421
1653;62.77499999999999;20.02;20.02;20.02;20.02;20.02;20.02;20.02;20.02;20.02;20.02;20.02;20.02;20.02;20.02;20.02;20.02;20.02;20.02;20.02;20.02;20.02;20.02;20.02;20.02;20.02;20.02;20.02;20.02;20.02
1654;2698.652;153.94099999999997;228.02100000000002;170.28499999999997;246.01699999999997;216.12099999999998;22.88;160.188;307.513;216.01299999999998;105.74599999999998;169.61599999999999;137.24599999999998;115.62899999999999;235.61999999999998;147.131;118.187;22.88;296.19599999999997;86.338;155.47299999999998;22.88;22.88;116.005;71.247;22.88;93.65299999999999;88.488;109.17599999999999;299.768
1655;1091.1609999999998;104.719;20.02;147.966;114.77199999999999;139.551;20.02;34.691;290.181;88.428;85.14699999999999;41.254999999999995;90.09599999999999;140.43599999999998;134.63400000000001;61.99799999999999;71.753;20.02;192.53199999999998;160.155;247.06699999999998;126.76499999999999;78.84199999999998;121.526;73.60199999999999;20.02;94.576;85.719;65.52199999999999;378.973
1656;638.515;100.64399999999999;23.715;22.88;118.38799999999999;22.88;22.88;68.28699999999999;175.35899999999998;61.28699999999999;22.88;22.88;22.88;56.504999999999995;126.91799999999999;22.88;22.88;22.88;20.552999999999997;27.898999999999997;159.719;33.226;41.57199999999999;41.194;22.88;22.88;22.88;22.88;48.05;22.88
1657;233.904;97.317;20.02;20.02;29.932;20.02;20.02;20.02;20.02;20.02;20.02;20.02;20.02;20.02;20.02;20.02;20.02;20.02;20.02;20.02;20.02;20.02;20.02;20.02;20.02;20.02;20.02;20.02;20.02;20.02
1658;488.55699999999996;80.80599999999998;79.131;135.41699999999997;150.47899999999998;69.42699999999999;20.02;72.20899999999999;98.56;20.02;20.02;20.02;20.02;20.02;20.02;20.02;20.02;20.02;119.89699999999999;20.02;20.02;20.02;20.02;20.02;20.02;20.02;20.02;20.02;20.02;146.375
1659;243.137;65.39599999999999;64.96;22.88;117.17599999999999;22.88;22.88;22.88;22.88;22.88;22.88;22.88;22.88;22.88;22.88;22.88;64.547;22.88;22.88;22.88;22.88;22.88;22.88;22.88;22.88;22.88;22.88;22.88;22.88;148.344
1660;2390.74;139.06099999999998;119.64599999999999;239.824;213.11699999999996;229.33599999999996;22.165;240.05399999999997;274.61299999999994;222.89;178.67;166.414;220.985;207.677;324.71799999999996;140.995;118.06;22.165;346.05699999999996;296.278;339.967;258.41099999999994;224.076;161.757;165.868;22.165;167.27899999999997;211.07299999999998;234.65800000000002;466.98299999999995
1661;1649.3359999999996;66.142;150.24;186.73299999999998;178.25099999999998;142.578;20.02;144.94199999999998;320.83;158.72699999999998;131.28;120.88399999999999;161.196;130.06199999999998;264.48;127.87199999999999;95.16499999999999;20.02;136.183;115.53;174.58299999999997;39.998000000000005;45.032;54.36699999999999;42.104;20.02;57.80799999999999;60.242999999999995;49.080999999999996;220.34099999999998
1662;1341.8400000000001;142.058;165.037;239.90499999999997;179.61899999999997;266.427;16.445;139.559;102.724;16.445;16.445;16.445;16.445;16.445;16.445;16.445;16.445;16.445;122.28099999999999;16.445;16.445;16.445;16.445;16.445;16.445;16.445;16.445;16.445;16.445;170.53900000000002
1663;74.615;79.323;22.88;22.88;22.88;22.88;22.88;22.88;22.88;22.88;22.88;22.88;22.88;22.88;22.88;22.88;22.88;22.88;22.88;22.88;22.88;22.88;22.88;22.88;22.88;22.88;22.88;22.88;22.88;22.88
1664;2569.357;126.91199999999999;173.47499999999997;208.781;188.23199999999997;213.97099999999998;22.88;192.05599999999998;275.257;220.449;93.87099999999998;164.625;179.248;188.25099999999998;148.39999999999998;161.692;99.11099999999999;22.88;305.63599999999997;83.782;232.89600000000002;74.017;103.094;107.112;81.21000000000001;22.88;127.744;64.13399999999999;114.56700000000001;435.86299999999994
1665;2480.051;141.218;139.585;183.303;218.75;250.738;19.305;238.639;282.17699999999996;248.07599999999996;217.049;248.634;179.664;184.37199999999996;252.257;162.514;96.481;19.305;288.47999999999996;199.22199999999998;319.57099999999997;154.277;91.505;156.66299999999998;138.61399999999998;19.305;64.91199999999999;84.755;206.06;489.75600000000003
1666;2022.2139999999997;215.127;232.86399999999998;131.783;205.148;216.075;25.74;204.93699999999998;311.15;219.565;172.415;81.34199999999998;179.017;157.414;219.845;161.15;129.863;25.74;195.124;169.62900000000002;271.467;135.426;130.21099999999998;158.77599999999998;133.28199999999998;25.74;101.459;93.519;114.00899999999999;252.381
1667;105.608;69.526;22.88;22.88;22.88;22.88;22.88;22.88;22.88;22.88;22.88;22.88;22.88;22.88;22.88;22.88;22.88;22.88;22.88;22.88;22.88;22.88;22.88;22.88;22.88;22.88;22.88;22.88;22.88;22.88
1668;62.77499999999999;20.02;20.02;20.02;20.02;20.02;20.02;20.02;20.02;20.02;20.02;20.02;20.02;20.02;20.02;20.02;20.02;20.02;20.02;20.02;20.02;20.02;20.02;20.02;20.02;20.02;20.02;20.02;20.02;20.02
1669;379.69499999999994;85.77499999999999;22.88;22.88;103.26899999999999;22.88;22.88;22.88;22.88;22.88;22.88;22.88;22.88;22.88;22.88;22.88;22.88;22.88;119.47599999999998;22.88;22.88;22.88;22.88;22.88;22.88;22.88;22.88;22.88;22.88;22.88
1670;2260.7299999999996;103.282;137.66899999999998;205.21300000000002;171.694;358.682;20.02;255.05899999999997;341.15099999999995;237.37699999999998;243.558;283.479;244.53699999999998;292.026;347.363;303.344;196.90499999999997;20.02;330.288;192.24599999999998;292.631;143.39499999999998;106.6;153.20199999999997;132.387;20.02;140.13199999999998;84.033;108.15499999999999;449.94599999999997
1671;1782.1939999999997;123.77100000000002;86.457;185.129;180.874;187.17899999999997;22.88;154.81099999999998;218.40300000000002;136.84799999999998;108.05499999999999;86.41499999999999;162.414;138.898;232.345;71.125;22.88;22.88;353.173;164.36100000000002;298.36199999999997;126.593;79.62299999999999;146.605;136.5;22.88;94.716;80.893;199.26;368.102
1672;2054.5159999999996;118.04999999999998;137.13299999999998;160.139;227.05699999999996;78.476;25.74;163.493;249.69399999999996;144.358;123.07799999999999;200.637;185.051;136.628;259.61499999999995;125.16899999999998;20.784999999999997;25.74;412.36699999999996;185.14999999999998;271.571;95.00399999999999;93.79499999999999;128.414;78.511;25.74;55.593999999999994;52.887;120.78899999999999;464.67
1673;242.28099999999998;85.26199999999999;97.142;20.02;125.32799999999999;20.02;20.02;20.02;66.25299999999999;20.02;20.02;20.02;20.02;20.02;20.02;20.02;20.02;20.02;20.02;20.02;20.02;20.02;20.02;20.02;20.02;20.02;20.02;20.02;20.02;20.02
1674;3763.594;135.27499999999998;144.952;289.937;188.052;247.11899999999997;20.02;192.682;254.33599999999998;123.386;52.187999999999995;56.253;121.10499999999999;104.08899999999998;156.95999999999998;68.666;57.556999999999995;20.02;169.67499999999998;96.304;211.33200000000002;20.02;20.02;81.772;51.776999999999994;20.02;73.889;20.02;97.77499999999999;382.27799999999996
1675;1265.868;112.094;173.813;190.03199999999998;204.34699999999998;200.753;20.02;190.118;208.137;0.8039999999999985;-3.9570000000000007;70.707;134.684;165.23499999999999;114.72099999999999;88.239;14.388999999999998;20.02;180.701;153.115;273.649;138.87099999999998;101.43;67.243;46.626;20.02;56.327;44.299;52.19;369.481
1676;2174.8349999999996;239.41699999999994;283.92499999999995;180.986;177.77599999999998;225.89199999999997;19.305;220.869;391.653;254.66899999999998;193.94899999999998;183.041;210.85699999999997;159.225;251.74;193.769;144.17899999999997;19.305;191.385;161.98;333.2969999999999;189.142;149.79;170.236;149.06399999999996;19.305;139.058;85.20599999999999;52.952999999999996;528.733
1677;211.28599999999997;93.803;22.88;22.88;22.88;22.88;22.88;22.88;22.88;22.88;22.88;22.88;22.88;22.88;22.88;22.88;22.88;22.88;22.88;22.88;22.88;22.88;22.88;22.88;22.88;22.88;22.88;22.88;22.88;150.474
1678;65.63499999999999;22.88;22.88;22.88;22.88;22.88;22.88;22.88;22.88;22.88;22.88;22.88;22.88;22.88;22.88;22.88;22.88;22.88;22.88;22.88;22.88;22.88;22.88;22.88;22.88;22.88;22.88;22.88;22.88;22.88
1679;1610.252;175.265;124.25999999999999;163.878;207.95099999999996;194.822;16.445;145.005;250.90299999999996;119.309;51.94;99.115;104.55499999999999;77.38699999999999;210.23399999999998;16.445;85.737;16.445;230.41299999999998;54.41799999999999;167.293;16.445;16.445;16.445;16.445;16.445;41.352999999999994;16.445;78.417;241.349
1680;62.77499999999999;20.02;20.02;20.02;20.02;20.02;20.02;20.02;20.02;20.02;20.02;20.02;20.02;20.02;20.02;20.02;20.02;20.02;20.02;20.02;20.02;20.02;20.02;20.02;20.02;20.02;20.02;20.02;20.02;20.02
1681;1632.6359999999997;95.60899999999998;84.564;128.874;165.504;61.297;20.02;140.35999999999999;165.042;20.02;45.166999999999994;57.97;85.932;65.074;181.243;64.622;62.51299999999999;20.02;131.959;61.18299999999999;189.11599999999999;54.68899999999999;71.353;62.925999999999995;45.233999999999995;20.02;49.01599999999999;20.02;109.29299999999998;163.95299999999997
1682;4470.996;206.478;293.322;233.428;251.414;283.25;22.88;381.51599999999996;425.756;318.587;133.46499999999997;228.90299999999996;230.19799999999998;217.45799999999997;228.98399999999998;198.09199999999998;139.009;22.88;344.66099999999994;170.339;325.95599999999996;181.99599999999998;165.685;198.82799999999997;116.52799999999999;22.88;140.838;145.768;146.29;548.8159999999999
1683;220.18099999999998;61.025999999999996;16.445;16.445;104.57300000000001;16.445;16.445;16.445;16.445;16.445;16.445;16.445;16.445;16.445;16.445;16.445;16.445;16.445;16.445;16.445;16.445;16.445;16.445;16.445;16.445;16.445;16.445;16.445;16.445;16.445
1684;903.472;112.02799999999999;95.567;142.737;150.39099999999996;131.833;22.88;139.73;187.985;22.88;22.88;22.88;12.032999999999998;14.924;122.459;22.88;22.88;22.88;131.91199999999998;55.269999999999996;188.34;43.052;22.88;49.83399999999999;64.87899999999999;22.88;22.88;22.88;98.15700000000001;211.313
1685;1657.975;145.08800000000002;142.736;132.504;158.41899999999998;209.257;20.02;178.17199999999997;262.415;187.077;172.974;109.774;162.141;141.548;200.955;127.88400000000001;106.763;20.02;158.53799999999998;73.942;185.048;60.644999999999996;20.02;110.753;54.275999999999996;20.02;50.167;20.02;75.824;213.709
1686;282.879;111.74;22.88;22.88;22.88;22.88;22.88;22.88;22.88;22.88;22.88;22.88;22.88;22.88;22.88;22.88;22.88;22.88;22.88;22.88;22.88;22.88;22.88;22.88;22.88;22.88;22.88;22.88;22.88;168.908
1687;2888.416;151.433;158.73;214.68599999999998;177.33599999999998;244.735;22.88;199.587;415.75199999999995;259.70099999999996;192.305;284.79200000000003;194.47899999999998;177.56099999999998;270.13199999999995;188.646;171.58999999999997;22.88;254.58799999999997;195.03199999999998;294.719;218.393;132.612;173.45499999999998;177.951;22.88;204.954;179.84699999999998;194.61099999999996;526.837
1688;1110.5009999999997;116.93199999999999;141.112;159.988;198.80599999999998;177.24099999999999;25.74;107.512;212.722;4.087999999999997;25.74;99.178;80.37899999999999;74.977;184.25199999999998;70.613;20.869999999999997;25.74;110.845;80.838;230.807;88.74499999999999;35.215999999999994;108.294;112.27599999999998;25.74;58.849;25.74;141.83999999999997;264.206
1689;2159.393;95.63499999999999;128.663;159.152;185.666;233.15499999999997;13.584999999999999;229.11599999999999;358.325;200.04199999999997;151.66799999999998;175.40599999999998;151.974;212.506;234.62499999999997;92.22199999999998;94.61299999999999;13.584999999999999;228.08399999999997;164.72299999999998;298.06899999999996;134.0;77.312;137.243;121.38199999999999;13.584999999999999;108.693;81.77499999999999;148.777;435.232
1690;62.77499999999999;20.02;20.02;20.02;20.02;20.02;20.02;20.02;20.02;20.02;20.02;20.02;20.02;20.02;20.02;20.02;20.02;20.02;20.02;20.02;20.02;20.02;20.02;20.02;20.02;20.02;20.02;20.02;20.02;20.02
1691;62.77499999999999;20.02;20.02;20.02;20.02;20.02;20.02;20.02;20.02;20.02;20.02;20.02;20.02;20.02;20.02;20.02;20.02;20.02;20.02;20.02;20.02;20.02;20.02;20.02;20.02;20.02;20.02;20.02;20.02;20.02
1692;409.253;154.696;151.545;116.75;182.506;99.167;20.02;62.949;100.185;20.02;20.02;20.02;20.02;20.02;20.02;20.02;20.02;20.02;20.02;20.02;20.02;20.02;20.02;20.02;20.02;20.02;20.02;20.02;20.02;146.788
1693;62.77499999999999;20.02;20.02;20.02;20.02;20.02;20.02;20.02;20.02;20.02;20.02;20.02;20.02;20.02;20.02;20.02;20.02;20.02;20.02;20.02;20.02;20.02;20.02;20.02;20.02;20.02;20.02;20.02;20.02;20.02
1694;1290.9899999999998;99.11999999999999;80.172;201.238;181.93399999999997;98.01899999999998;20.02;84.425;120.97800000000001;20.02;20.02;20.02;20.02;20.02;20.02;20.02;20.02;20.02;20.02;20.02;20.02;20.02;20.02;20.02;20.02;20.02;20.02;20.02;20.02;152.24299999999997
1695;1613.8600000000001;189.911;143.5;212.332;197.12899999999996;168.171;20.02;85.006;111.912;83.75;15.757999999999997;14.584;104.72099999999999;112.37699999999998;229.82399999999998;20.02;20.02;20.02;248.03499999999997;63.41799999999999;203.861;40.690999999999995;20.02;63.786;64.132;20.02;55.081;20.02;20.02;387.73999999999995
1696;368.85799999999995;96.02199999999999;20.02;20.02;120.58800000000001;20.02;20.02;20.02;84.29399999999998;20.02;20.02;20.02;20.02;20.02;20.02;20.02;20.02;20.02;20.02;20.02;20.02;20.02;20.02;20.02;20.02;20.02;20.02;20.02;20.02;20.02
1697;469.697;129.853;106.74199999999999;201.61400000000003;86.225;22.88;22.88;22.88;22.88;22.88;22.88;22.88;22.88;22.88;22.88;22.88;22.88;22.88;112.042;22.88;22.88;22.88;22.88;22.88;22.88;22.88;22.88;22.88;22.88;22.88
1698;2056.625;173.89399999999998;333.87899999999996;213.09799999999996;207.09499999999997;269.83799999999997;22.88;208.74199999999996;329.03099999999995;282.116;213.28499999999997;151.79;167.146;158.209;280.31399999999996;210.64499999999998;114.39599999999999;22.88;170.37199999999999;156.61499999999998;296.693;126.22999999999999;143.983;141.50199999999998;149.982;22.88;139.913;118.303;159.054;277.78099999999995
1699;687.2759999999998;147.12099999999998;78.154;189.902;154.45999999999998;236.8;16.445;65.959;16.445;16.445;16.445;16.445;16.445;16.445;16.445;16.445;16.445;16.445;16.445;16.445;16.445;16.445;16.445;16.445;16.445;16.445;16.445;16.445;16.445;147.10399999999998
1700;1395.9529999999997;191.078;123.40699999999998;126.16499999999999;172.35999999999999;93.42299999999999;22.88;22.88;208.03199999999998;72.76499999999999;66.366;63.894999999999996;90.55199999999999;97.809;172.48799999999997;96.136;22.88;22.88;131.89299999999997;22.88;156.272;22.88;22.88;22.88;22.88;22.88;46.549;22.88;79.03;184.85899999999998
1701;1617.464;105.298;81.423;215.273;190.963;264.377;22.88;296.10799999999995;488.13199999999995;335.506;273.31199999999995;178.837;91.154;114.445;206.89499999999998;117.51399999999998;94.09299999999999;22.88;229.89999999999998;56.553999999999995;210.28499999999997;71.33599999999998;75.73499999999999;98.15599999999999;45.551;22.88;60.788;56.69;85.026;376.188
1702;994.8779999999999;116.329;78.239;155.458;160.57199999999997;108.81299999999999;22.88;22.88;122.461;90.16299999999998;36.964;68.69999999999999;42.681;65.726;137.548;22.88;22.88;22.88;88.99199999999999;22.88;178.003;59.41499999999999;50.941;54.831999999999994;57.723;22.88;22.88;22.88;55.785999999999994;153.97899999999998
1703;106.70599999999999;20.02;20.02;20.02;20.02;20.02;20.02;20.02;20.02;20.02;20.02;20.02;20.02;20.02;20.02;20.02;20.02;20.02;20.02;20.02;20.02;20.02;20.02;20.02;20.02;20.02;20.02;20.02;20.02;158.503
1704;541.0169999999999;131.423;20.02;20.02;20.02;20.02;20.02;20.02;20.02;20.02;20.02;20.02;20.02;20.02;20.02;20.02;20.02;20.02;20.02;20.02;20.02;20.02;20.02;20.02;20.02;20.02;20.02;20.02;20.02;164.551
1705;1132.87;-24.486999999999995;-25.051000000000002;21.336999999999996;82.90199999999999;-16.378;22.88;-9.009;122.17899999999999;14.641;135.867;106.49999999999999;103.532;111.48599999999999;198.341;98.08699999999999;95.952;22.88;111.82000000000001;96.328;237.38199999999998;136.728;118.026;50.428;54.89;22.88;61.815;53.108;82.87199999999999;256.034
1706;3482.651;85.991;191.005;189.38;215.38899999999998;159.531;22.88;192.132;362.368;275.14799999999997;240.90399999999997;199.569;182.97799999999998;243.70799999999997;265.049;111.841;19.552999999999997;22.88;384.043;202.327;303.45;179.32299999999998;103.94899999999998;184.62699999999998;142.355;22.88;113.24599999999998;87.91499999999999;124.46699999999998;291.121
1707;1183.234;148.039;132.99499999999998;195.35899999999998;210.964;-7.966999999999999;22.88;-2.1849999999999987;131.577;55.657999999999994;61.178;62.894999999999996;104.523;133.583;206.41999999999996;12.531999999999998;60.416999999999994;22.88;213.399;74.833;197.45;39.289;22.88;80.247;77.68299999999999;22.88;85.633;54.63499999999999;83.537;399.55999999999995
1708;2377.1409999999996;197.558;216.21599999999998;280.952;208.89399999999998;223.43599999999998;22.88;167.374;305.851;194.172;165.004;216.647;218.939;215.218;272.856;179.50099999999998;124.43099999999998;22.88;240.48999999999998;160.78499999999997;310.38;155.8;141.35399999999998;168.31699999999998;71.11;22.88;185.45999999999998;135.26;178.753;548.848
1709;1811.592;138.014;104.506;341.241;167.23099999999997;120.05799999999998;22.88;77.35;142.153;74.86200000000001;2.879999999999999;68.264;53.809;72.469;178.503;67.59100000000001;22.88;22.88;175.78199999999998;45.98499999999999;200.20499999999998;22.88;50.91799999999999;22.88;114.24499999999999;22.88;22.88;22.88;69.828;396.42999999999995
1710;2133.5379999999996;199.51799999999997;200.57199999999997;278.92499999999995;192.077;211.414;22.88;226.22299999999998;313.53999999999996;232.596;153.955;307.32099999999997;240.54599999999996;223.08399999999995;328.01599999999996;222.75900000000001;182.26999999999998;22.88;107.997;42.143;144.663;49.983;56.271;56.797;68.365;22.88;64.44399999999999;48.397999999999996;73.971;267.049
1711;1608.3059999999998;22.88;68.41499999999999;145.844;192.06;144.365;22.88;96.68199999999999;118.988;22.88;17.617999999999995;64.96;28.747999999999998;85.44299999999998;139.53199999999998;22.88;22.88;22.88;140.105;73.667;203.86599999999999;38.312;22.88;47.094;46.985;22.88;22.88;22.88;72.157;212.68800000000002
1712;130.21299999999997;66.37299999999999;73.17399999999999;22.88;109.823;22.88;22.88;22.88;22.88;22.88;22.88;22.88;22.88;22.88;22.88;22.88;22.88;22.88;22.88;22.88;22.88;22.88;22.88;22.88;22.88;22.88;22.88;22.88;22.88;143.86599999999999
1713;499.395;79.71;79.88499999999999;78.423;148.802;20.02;20.02;48.05799999999999;104.261;56.84;20.02;20.02;20.02;20.02;20.02;20.02;20.02;20.02;111.81099999999999;20.02;20.02;20.02;20.02;20.02;20.02;20.02;20.02;20.02;20.02;20.02
1714;2486.529;132.16899999999998;25.74;166.05999999999997;160.56799999999998;180.287;25.74;187.29899999999998;217.643;25.74;25.74;25.74;60.753;58.733999999999995;181.886;25.74;25.74;25.74;228.75900000000001;67.09899999999999;207.96699999999998;78.467;73.82499999999999;79.482;87.83099999999999;25.74;75.85;71.27499999999999;110.52799999999999;470.952
1715;4397.4169999999995;152.213;162.64;258.04299999999995;187.447;251.999;20.02;194.873;334.383;139.25;170.751;165.636;138.977;149.213;235.42899999999997;12.54;81.55799999999999;20.02;290.928;104.225;224.394;20.02;20.02;41.735;42.037;20.02;55.515;20.02;62.355999999999995;383.83299999999997
1716;1703.467;160.872;165.17499999999998;224.41299999999998;203.582;159.21699999999998;22.88;181.77499999999998;237.24699999999996;112.53999999999999;132.522;149.923;120.41999999999999;149.076;210.97699999999998;151.32;105.69200000000001;22.88;178.94299999999998;86.04399999999998;253.921;48.852999999999994;103.08099999999999;112.65199999999999;97.632;22.88;92.69;67.32199999999999;96.03;449.762
1717;1599.4099999999999;125.705;142.06799999999998;47.071;79.56799999999998;22.88;22.88;117.77399999999999;147.20099999999996;101.624;19.076999999999998;131.411;107.974;108.955;153.29299999999998;99.37299999999999;37.226;22.88;150.452;41.202999999999996;201.219;22.88;52.092;43.748999999999995;38.486;22.88;63.475;45.571999999999996;64.637;377.308
1718;350.835;121.72399999999999;77.978;91.776;102.88699999999999;20.02;20.02;20.02;20.02;20.02;20.02;20.02;20.02;20.02;20.02;20.02;20.02;20.02;117.442;20.02;20.02;20.02;20.02;20.02;20.02;20.02;20.02;20.02;20.02;145.962
1719;772.3109999999999;20.02;20.02;75.71;111.03900000000002;20.02;20.02;20.02;162.749;20.02;20.02;58.79599999999999;20.02;37.92999999999999;150.79899999999998;20.02;20.02;20.02;161.69899999999998;62.949;118.07499999999999;20.02;20.02;20.02;20.02;20.02;20.02;20.02;20.02;20.02
1720;431.79;153.55;104.447;72.439;135.267;65.81700000000001;20.02;20.02;108.33699999999999;20.02;20.02;20.02;20.02;20.02;20.02;20.02;20.02;20.02;20.02;20.02;20.02;20.02;20.02;20.02;20.02;20.02;20.02;20.02;20.02;20.02
1721;62.77499999999999;20.02;20.02;20.02;20.02;20.02;20.02;20.02;20.02;20.02;20.02;20.02;20.02;20.02;20.02;20.02;20.02;20.02;20.02;20.02;20.02;20.02;20.02;20.02;20.02;20.02;20.02;20.02;20.02;20.02
1722;2203.668;174.761;161.54899999999998;281.332;195.91899999999998;217.094;22.165;229.27100000000002;258.98199999999997;172.176;208.254;214.59500000000003;355.852;255.549;283.984;224.18499999999997;86.094;22.165;376.038;216.63099999999997;333.03;176.29199999999997;146.01799999999997;238.05499999999998;111.287;22.165;142.314;22.165;166.79;309.054
1723;108.973;70.916;22.88;76.243;77.13399999999999;22.88;22.88;84.80699999999999;22.88;22.88;22.88;22.88;22.88;22.88;22.88;22.88;22.88;22.88;22.88;22.88;22.88;22.88;22.88;22.88;22.88;22.88;22.88;22.88;22.88;148.409
1724;62.77499999999999;20.02;20.02;20.02;20.02;20.02;20.02;20.02;20.02;20.02;20.02;20.02;20.02;20.02;20.02;20.02;20.02;20.02;20.02;20.02;20.02;20.02;20.02;20.02;20.02;20.02;20.02;20.02;20.02;20.02
1725;1310.282;123.382;127.495;143.567;182.192;92.15100000000001;22.88;71.155;181.02999999999997;22.88;22.88;115.092;66.49799999999999;62.678999999999995;130.828;22.88;22.88;22.88;126.69699999999999;22.88;22.88;22.88;22.88;22.88;22.88;22.88;22.88;22.88;22.88;123.21600000000001
1726;1653.9029999999998;73.568;141.09099999999998;192.981;207.648;175.452;22.88;162.88599999999997;227.92299999999997;132.166;132.57999999999998;161.103;173.547;155.224;272.852;167.805;146.49599999999998;22.88;189.85499999999996;180.914;296.498;149.51;130.388;149.59199999999998;131.885;22.88;96.939;49.81099999999999;60.58599999999999;213.02299999999997
1727;751.1769999999999;208.01099999999997;85.038;53.93299999999999;167.68499999999997;62.169;19.305;19.305;98.698;55.146;19.305;106.08099999999999;52.322;19.305;134.054;19.305;19.305;19.305;19.305;19.305;19.305;19.305;19.305;19.305;19.305;19.305;19.305;19.305;19.305;130.37900000000002
1728;62.05999999999999;19.305;19.305;19.305;19.305;19.305;19.305;19.305;19.305;19.305;19.305;19.305;19.305;19.305;19.305;19.305;19.305;19.305;19.305;19.305;19.305;19.305;19.305;19.305;19.305;19.305;19.305;19.305;19.305;19.305
1729;1531.262;88.448;181.05999999999997;6.459;88.21199999999999;113.816;25.74;17.023;113.219;15.651999999999997;37.759;105.42599999999999;25.74;86.233;154.06799999999998;31.758999999999997;31.65;25.74;79.318;25.74;191.47099999999998;47.64999999999999;53.995999999999995;25.74;25.74;25.74;87.43;77.68999999999998;61.77799999999999;329.772
1730;674.338;149.04699999999997;198.76299999999998;215.38899999999995;199.18900000000002;172.223;25.74;94.822;140.964;59.559999999999995;25.74;25.74;25.74;25.74;25.74;25.74;25.74;25.74;25.74;25.74;25.74;25.74;25.74;25.74;25.74;25.74;25.74;25.74;25.74;156.07199999999997
1731;2070.99;94.757;146.659;140.978;188.4;239.392;20.02;174.385;367.96500000000003;324.489;198.036;263.43600000000004;205.87199999999999;230.013;208.434;210.67999999999998;164.191;20.02;274.381;175.69899999999998;299.201;149.015;119.353;169.799;116.703;20.02;143.47899999999998;135.17799999999997;139.68699999999998;470.179
1732;2486.7279999999996;296.858;377.38599999999997;337.737;209.93199999999996;336.69;20.02;242.374;352.37699999999995;223.475;238.55700000000002;262.797;229.289;326.15799999999996;311.98499999999996;185.975;136.66;20.02;306.45;158.25400000000002;217.517;97.488;93.84199999999998;69.044;68.93799999999999;20.02;82.38399999999999;20.02;192.388;510.602
1733;293.48099999999994;88.37;75.205;20.02;20.02;20.02;20.02;20.02;20.02;20.02;20.02;20.02;20.02;20.02;20.02;20.02;20.02;20.02;20.02;20.02;20.02;20.02;20.02;20.02;20.02;20.02;20.02;20.02;20.02;152.49799999999996
1734;741.395;114.521;127.58999999999999;118.64699999999999;132.237;59.788;22.88;84.979;117.31099999999998;22.88;76.675;22.88;22.88;22.88;22.88;22.88;89.35;22.88;121.95399999999998;22.88;22.88;22.88;22.88;22.88;22.88;22.88;22.88;22.88;22.88;22.88
1735;66.63499999999999;20.02;20.02;20.02;20.02;20.02;20.02;20.02;20.02;20.02;20.02;20.02;20.02;20.02;20.02;20.02;20.02;20.02;20.02;20.02;20.02;20.02;20.02;20.02;20.02;20.02;20.02;20.02;20.02;20.02
1736;1732.211;187.22799999999998;206.445;152.37199999999999;160.215;113.354;22.88;104.291;207.33499999999998;83.15799999999999;59.424;89.22200000000001;109.012;156.31399999999996;192.57099999999997;114.978;78.647;22.88;187.00599999999997;141.60199999999998;363.04900000000004;125.238;107.94699999999999;78.997;95.655;22.88;91.945;87.693;136.415;416.34099999999995
1737;65.63499999999999;22.88;22.88;22.88;22.88;22.88;22.88;22.88;22.88;22.88;22.88;22.88;22.88;22.88;22.88;22.88;22.88;22.88;22.88;22.88;22.88;22.88;22.88;22.88;22.88;22.88;22.88;22.88;22.88;22.88
1738;2695.5609999999997;140.93099999999998;156.25099999999998;276.60299999999995;195.336;322.96299999999997;22.88;253.91799999999998;263.11;163.201;200.67499999999998;222.77999999999997;332.97099999999995;228.47699999999998;308.933;177.70899999999997;140.221;22.88;351.2389999999999;163.39399999999998;305.214;164.689;140.19299999999998;156.564;154.988;22.88;114.35499999999999;98.28999999999999;197.31599999999997;495.10099999999994
1739;337.13499999999993;92.526;74.977;73.325;86.996;20.02;20.02;20.02;20.02;20.02;20.02;20.02;20.02;20.02;20.02;20.02;20.02;20.02;106.72699999999999;20.02;20.02;20.02;20.02;20.02;20.02;20.02;20.02;20.02;20.02;143.65800000000002
1740;302.80499999999995;84.957;111.504;80.54799999999999;20.02;20.02;20.02;20.02;20.02;20.02;20.02;20.02;20.02;20.02;20.02;20.02;20.02;20.02;20.02;20.02;20.02;20.02;20.02;20.02;20.02;20.02;20.02;20.02;20.02;149.20100000000002
1741;2464.3999999999996;322.65999999999997;403.34999999999997;412.93399999999997;219.235;302.777;19.305;247.57;363.915;254.017;90.05799999999999;222.62;162.404;185.025;258.919;214.973;189.964;19.305;519.811;226.47500000000002;272.717;154.926;103.345;180.40599999999998;147.181;19.305;145.252;76.538;128.53699999999998;476.23600000000005
1742;627.5759999999999;165.63500000000002;113.96099999999998;87.039;180.63099999999997;83.529;20.02;87.404;20.02;20.02;20.02;20.02;20.02;20.02;20.02;20.02;20.02;20.02;20.02;20.02;20.02;20.02;20.02;20.02;20.02;20.02;20.02;20.02;20.02;20.02
1743;1908.091;101.984;124.886;239.43200000000002;205.73499999999999;148.87499999999997;16.445;114.91599999999998;194.942;109.029;207.26999999999998;163.94099999999997;213.327;191.411;252.843;58.28699999999999;16.445;16.445;261.23900000000003;117.13299999999998;273.275;44.114;16.445;16.445;16.445;16.445;16.445;16.445;16.445;159.494
1744;62.05999999999999;19.305;19.305;19.305;19.305;19.305;19.305;19.305;19.305;19.305;19.305;19.305;19.305;19.305;19.305;19.305;19.305;19.305;19.305;19.305;19.305;19.305;19.305;19.305;19.305;19.305;19.305;19.305;19.305;19.305
1745;1427.8009999999997;87.048;261.202;386.693;175.70499999999998;261.858;25.74;128.816;320.34499999999997;130.14499999999998;16.303999999999995;95.304;56.49699999999999;66.388;132.42199999999997;68.17;25.74;25.74;145.718;54.562;146.51799999999997;32.086;83.01599999999999;25.74;71.47200000000001;25.74;64.594;25.74;54.32299999999999;213.62199999999999
1746;62.77499999999999;20.02;20.02;20.02;20.02;20.02;20.02;20.02;20.02;20.02;20.02;20.02;20.02;20.02;20.02;20.02;20.02;20.02;20.02;20.02;20.02;20.02;20.02;20.02;20.02;20.02;20.02;20.02;20.02;20.02
1747;3357.2059999999997;162.425;212.14799999999997;247.534;229.075;239.76699999999994;22.88;247.862;321.151;218.973;227.13399999999996;269.048;227.464;236.005;288.42999999999995;186.82999999999998;105.94899999999998;22.88;379.46799999999996;163.44899999999998;312.204;156.25799999999998;101.37099999999998;168.323;163.136;22.88;95.67099999999999;104.525;168.165;477.972
1748;524.207;89.99600000000001;20.02;176.27499999999998;137.504;82.05799999999999;20.02;20.02;20.02;20.02;20.02;20.02;20.02;20.02;20.02;20.02;20.02;20.02;116.918;20.02;20.02;20.02;20.02;20.02;20.02;20.02;20.02;20.02;20.02;149.30999999999997
1749;1653.089;102.869;127.725;196.421;159.589;188.649;20.02;176.98999999999998;240.608;170.99099999999999;183.28499999999997;242.846;147.49900000000002;192.952;243.93399999999997;116.523;70.434;20.02;293.16999999999996;152.275;291.23;135.885;114.451;157.03300000000002;133.605;20.02;149.91500000000002;136.231;183.261;459.231
1750;208.76799999999997;74.191;62.099999999999994;20.02;20.02;20.02;20.02;20.02;20.02;20.02;20.02;20.02;20.02;20.02;20.02;20.02;20.02;20.02;20.02;20.02;20.02;20.02;20.02;20.02;20.02;20.02;20.02;20.02;20.02;145.54899999999998
1751;1916.5149999999999;142.966;79.14699999999999;175.32399999999998;175.59099999999998;203.999;22.88;98.81799999999998;385.06;188.024;101.17599999999999;128.772;178.216;107.83;216.7;142.065;148.153;22.88;247.78799999999998;160.92499999999998;284.10499999999996;166.968;141.559;147.54;139.317;22.88;172.56899999999996;122.074;177.723;458.736
1752;2748.6519999999996;216.088;295.085;319.381;215.58799999999997;325.08899999999994;16.445;266.726;396.23299999999995;244.38399999999996;239.19;358.99899999999997;207.88799999999998;212.267;267.551;171.31599999999997;141.652;16.445;247.326;215.043;351.952;123.69199999999998;109.37699999999998;210.63299999999998;133.319;16.445;72.54899999999999;137.46999999999997;226.83799999999997;596.4159999999999
1753;915.6019999999999;164.87;56.48299999999999;16.445;90.388;16.445;16.445;16.445;115.778;16.445;16.445;45.331999999999994;16.445;51.11399999999999;16.445;16.445;16.445;16.445;114.68799999999999;16.445;16.445;16.445;77.133;16.445;16.445;16.445;16.445;16.445;16.445;152.05999999999997
1754;1609.509;188.488;174.56599999999997;249.24599999999995;208.46499999999997;228.64800000000002;20.02;169.977;381.51199999999994;249.399;102.331;298.167;58.166999999999994;119.33599999999998;107.42199999999998;133.928;71.538;20.02;209.618;53.843999999999994;208.18899999999996;158.858;66.65199999999999;77.356;20.02;20.02;77.25699999999999;66.691;20.02;355.813
1755;276.197;66.555;79.356;16.445;173.742;16.445;16.445;16.445;16.445;16.445;16.445;16.445;16.445;16.445;16.445;16.445;16.445;16.445;107.64899999999999;16.445;16.445;16.445;16.445;16.445;16.445;16.445;16.445;16.445;16.445;16.445
1756;2074.73;236.609;180.277;170.54799999999997;176.077;166.84199999999998;22.165;204.156;289.348;218.58799999999997;183.17499999999998;213.654;169.411;163.707;242.65499999999997;193.762;142.87099999999998;22.165;274.41999999999996;154.94199999999998;277.8;139.939;132.993;162.938;139.576;22.165;147.33999999999997;132.30200000000002;175.279;390.68999999999994
1757;2164.2079999999996;235.276;276.841;291.77;252.277;244.49699999999999;22.88;248.139;408.398;424.59;258.822;260.5609999999999;199.504;200.31599999999997;292.46099999999996;245.846;219.74799999999996;22.88;212.85299999999998;166.12099999999998;316.133;151.652;166.475;148.671;152.922;22.88;182.76999999999998;169.308;169.123;486.078
1758;370.395;67.222;66.19899999999998;22.88;115.937;22.88;22.88;22.88;22.88;22.88;22.88;22.88;22.88;22.88;22.88;22.88;22.88;22.88;22.88;22.88;22.88;22.88;22.88;22.88;22.88;22.88;22.88;22.88;22.88;143.801
1759;1821.654;119.503;91.369;165.492;196.40099999999998;165.93599999999998;22.88;136.10500000000002;368.349;260.654;214.66499999999996;166.127;166.267;170.123;288.313;176.0;157.399;22.88;273.096;124.336;301.63599999999997;152.18099999999998;117.73499999999999;151.046;108.16999999999999;22.88;131.929;89.90599999999999;104.514;293.899
1760;884.513;321.66299999999995;279.721;110.286;183.78999999999996;97.10999999999999;25.74;115.64499999999998;177.243;106.35799999999999;102.43299999999999;80.26299999999999;63.431999999999995;93.23299999999999;133.85399999999998;25.74;25.74;25.74;25.74;25.74;144.92;25.74;25.74;25.74;25.74;25.74;25.74;25.74;25.74;164.85699999999997
1761;2839.6519999999996;127.48599999999999;140.464;236.82799999999997;243.613;196.35799999999998;22.88;240.52099999999996;494.287;410.94599999999997;271.839;277.849;214.75099999999998;185.617;263.84000000000003;224.42399999999998;212.429;22.88;301.89;197.024;329.118;214.97499999999997;190.331;157.828;175.799;22.88;213.36299999999997;159.24599999999998;203.088;574.18
1762;2587.274;214.397;148.78799999999998;246.36499999999998;166.334;293.078;20.02;301.544;176.26;94.021;144.60399999999998;87.86;202.716;119.26399999999998;180.412;72.227;20.02;20.02;232.517;113.946;214.92;135.762;67.684;189.515;166.37099999999998;20.02;64.118;46.842;114.51399999999998;433.37
1763;1282.216;153.15499999999997;143.90699999999998;76.00899999999999;216.57799999999997;135.19799999999998;20.02;145.243;120.95999999999998;100.399;91.45899999999999;17.952999999999996;118.189;94.643;185.701;18.257999999999996;18.149;20.02;172.88299999999998;113.499;208.63199999999998;53.76299999999999;87.72199999999998;71.87899999999999;57.431999999999995;20.02;42.863;47.75399999999999;48.776999999999994;416.43
1764;64.91999999999999;22.165;22.165;22.165;22.165;22.165;22.165;22.165;22.165;22.165;22.165;22.165;22.165;22.165;22.165;22.165;22.165;22.165;22.165;22.165;22.165;22.165;22.165;22.165;22.165;22.165;22.165;22.165;22.165;22.165
1765;571.457;118.75799999999998;81.55199999999999;167.539;176.93099999999998;261.053;22.88;139.48199999999997;140.142;22.88;22.88;22.88;22.88;22.88;22.88;22.88;22.88;22.88;22.88;22.88;22.88;22.88;22.88;22.88;22.88;22.88;22.88;22.88;22.88;212.41
1766;2406.24;296.87699999999995;205.143;238.56899999999996;264.89;329.07699999999994;19.305;180.54799999999997;296.544;190.33799999999997;97.851;258.77799999999996;71.203;111.88199999999999;229.971;20.194;22.084999999999997;19.305;343.852;136.08999999999997;239.174;141.11399999999998;114.40299999999999;108.573;80.69;19.305;125.281;45.691;110.957;421.38499999999993
1767;892.4269999999999;22.88;79.639;90.173;154.779;69.69999999999999;22.88;76.34;93.26799999999999;81.97599999999998;22.88;115.721;80.382;79.952;173.49099999999999;75.261;74.572;22.88;181.611;61.678999999999995;164.096;63.91799999999999;22.88;59.59299999999999;56.309999999999995;22.88;77.548;22.88;50.462999999999994;174.051
1768;159.57799999999997;22.88;22.88;22.88;114.75199999999998;22.88;22.88;22.88;22.88;22.88;22.88;22.88;22.88;22.88;22.88;22.88;22.88;22.88;107.109;61.26599999999999;22.88;22.88;22.88;22.88;22.88;22.88;22.88;22.88;22.88;22.88
1769;1392.7179999999998;118.55099999999999;-19.299999999999997;125.923;220.65999999999997;126.68199999999999;25.74;8.438999999999997;123.508;41.001;11.695999999999998;96.04499999999999;111.852;115.125;202.48999999999998;120.27199999999999;37.629;25.74;190.488;29.846999999999994;208.526;48.62899999999999;55.974999999999994;65.44;39.346;25.74;88.56799999999998;61.42999999999999;73.91;170.87
1770;807.49;140.651;164.69099999999997;196.70299999999997;152.514;172.34799999999998;20.02;63.751999999999995;19.93;20.02;20.02;20.02;20.02;20.02;20.02;20.02;20.02;20.02;20.02;20.02;20.02;20.02;20.02;20.02;20.02;20.02;20.02;20.02;20.02;149.54899999999998
1771;1975.4809999999998;85.01099999999998;82.57199999999999;240.57;160.583;257.962;16.445;240.57899999999995;239.909;243.74999999999997;258.77799999999996;286.774;232.266;212.865;257.70099999999996;85.91499999999999;73.85;16.445;258.539;168.87699999999998;288.725;100.15799999999999;127.572;60.50399999999999;49.85199999999999;16.445;77.75299999999999;16.445;124.827;367.8889999999999
1772;197.853;94.64099999999999;22.88;22.88;95.91599999999998;22.88;22.88;22.88;22.88;22.88;22.88;22.88;22.88;22.88;22.88;22.88;22.88;22.88;22.88;22.88;22.88;22.88;22.88;22.88;22.88;22.88;22.88;22.88;22.88;22.88
1773;1491.578;100.75;115.339;153.233;190.29199999999997;202.39999999999998;16.445;198.816;247.49099999999999;81.15899999999999;45.053;171.874;149.78499999999997;96.29299999999999;174.48999999999998;47.81;16.445;16.445;233.022;121.238;284.919;123.00400000000002;52.10799999999999;114.666;70.344;16.445;16.445;16.445;123.198;379.273
1774;2598.0829999999996;226.27499999999998;205.87699999999998;217.45;209.04799999999997;244.12599999999998;20.02;218.928;461.645;241.024;210.97799999999995;265.336;233.608;262.90099999999995;304.265;247.90300000000002;217.346;20.02;463.52799999999996;192.355;339.36899999999997;162.61999999999998;124.26799999999999;229.77299999999997;213.85999999999999;20.02;244.99199999999996;157.58299999999997;235.73399999999998;352.1039999999999
1775;189.223;71.591;22.88;22.88;22.88;22.88;22.88;22.88;22.88;22.88;22.88;22.88;22.88;22.88;22.88;22.88;22.88;22.88;22.88;22.88;22.88;22.88;22.88;22.88;22.88;22.88;22.88;22.88;22.88;145.931
1776;1956.886;136.349;126.839;201.904;221.29899999999998;225.32;20.02;158.916;304.316;187.176;122.064;110.018;107.813;154.89999999999998;218.564;50.02199999999999;55.914;20.02;393.4889999999999;50.364999999999995;248.202;104.395;102.928;83.214;53.443;20.02;115.279;71.94699999999999;84.38399999999999;410.289
1777;2612.4929999999995;122.40099999999998;105.33099999999999;221.615;167.289;245.577;22.88;230.482;265.288;179.29600000000002;155.248;160.404;215.19099999999997;260.95799999999997;299.39099999999996;100.107;81.506;22.88;291.168;200.87099999999998;338.728;179.218;95.00899999999999;180.736;141.507;22.88;90.99699999999999;128.409;245.868;484.05499999999995
1778;64.98299999999999;20.02;20.02;20.02;20.02;20.02;20.02;20.02;20.02;20.02;20.02;20.02;20.02;20.02;20.02;20.02;20.02;20.02;20.02;20.02;20.02;20.02;20.02;20.02;20.02;20.02;20.02;20.02;20.02;20.02
1779;416.48699999999997;95.653;79.092;162.54399999999998;153.209;112.69599999999998;20.02;65.18799999999999;90.40799999999999;20.02;20.02;20.02;20.02;20.02;20.02;20.02;20.02;20.02;20.02;20.02;20.02;20.02;20.02;20.02;20.02;20.02;20.02;20.02;20.02;157.78799999999998
1780;1160.94;65.818;-20.984999999999996;160.11899999999997;151.15800000000002;15.701999999999998;20.02;1.211000000000002;259.248;94.637;6.030999999999999;-3.9570000000000007;88.231;75.836;111.42599999999999;44.443;15.323999999999998;20.02;211.043;89.71199999999999;176.448;64.32499999999999;90.26499999999999;120.78;81.972;20.02;74.287;52.167;119.1;205.34799999999998
1781;518.47;92.08800000000001;22.88;69.526;123.263;22.88;22.88;22.88;22.88;22.88;22.88;22.88;22.88;22.88;22.88;22.88;22.88;22.88;22.88;22.88;104.523;22.88;22.88;22.88;22.88;22.88;22.88;22.88;22.88;162.516
1782;3602.0429999999997;220.575;187.548;489.80600000000004;208.26800000000003;486.577;16.445;332.269;428.907;381.248;185.127;275.471;345.49899999999997;367.363;352.68;306.63699999999994;263.52099999999996;16.445;630.165;221.982;356.33;168.446;126.01599999999999;182.727;201.182;16.445;189.03599999999997;110.88000000000001;268.963;621.9599999999999
1783;59.19999999999999;16.445;16.445;16.445;16.445;16.445;16.445;16.445;16.445;16.445;16.445;16.445;16.445;16.445;16.445;16.445;16.445;16.445;16.445;16.445;16.445;16.445;16.445;16.445;16.445;16.445;16.445;16.445;16.445;16.445
1784;982.1949999999999;108.494;107.14399999999999;150.565;130.048;56.232;20.02;86.28899999999999;126.679;20.02;95.066;91.957;93.65099999999998;154.24099999999999;188.13799999999998;20.02;73.01599999999999;20.02;105.79499999999999;20.02;164.413;20.02;20.02;31.735;20.02;20.02;56.938;45.58;82.26499999999999;336.937
1785;525.86;88.52699999999999;58.40599999999999;20.02;119.191;20.02;20.02;20.02;104.67399999999999;20.02;20.02;20.02;20.02;20.02;20.02;20.02;20.02;20.02;119.50699999999999;20.02;20.02;20.02;20.02;20.02;20.02;20.02;20.02;20.02;20.02;150.505
1786;457.20899999999995;83.11;71.383;82.213;163.60299999999998;19.305;19.305;19.305;19.305;19.305;19.305;19.305;19.305;19.305;19.305;19.305;19.305;19.305;19.305;19.305;19.305;19.305;19.305;19.305;19.305;19.305;19.305;19.305;19.305;147.899
1787;3482.4029999999993;202.84199999999998;304.159;388.1209999999999;255.865;315.52099999999996;22.165;288.606;352.558;341.723;182.623;211.045;295.97900000000004;476.864;281.109;285.512;129.48399999999998;22.165;416.89699999999993;331.00399999999996;311.439;146.563;85.282;230.034;296.182;22.165;387.75;70.466;705.7269999999999;817.582
1788;4610.374;181.90699999999998;179.10299999999998;211.8;225.377;298.82899999999995;20.02;296.24299999999994;350.881;239.40299999999996;270.522;251.03499999999997;346.863;299.55899999999997;346.68799999999993;258.27700000000004;114.556;20.02;535.405;196.68;303.308;167.0;114.898;206.522;205.609;20.02;138.952;113.535;237.71699999999996;562.438
1789;84.80599999999998;22.88;22.88;22.88;22.88;22.88;22.88;22.88;22.88;22.88;22.88;22.88;22.88;22.88;22.88;22.88;22.88;22.88;22.88;22.88;22.88;22.88;22.88;22.88;22.88;22.88;22.88;22.88;22.88;22.88
1790;62.05999999999999;19.305;19.305;19.305;19.305;19.305;19.305;19.305;19.305;19.305;19.305;19.305;19.305;19.305;19.305;19.305;19.305;19.305;19.305;19.305;19.305;19.305;19.305;19.305;19.305;19.305;19.305;19.305;19.305;19.305
1791;513.7429999999999;91.173;81.347;166.768;107.37199999999999;94.643;22.88;73.776;182.254;70.35199999999999;22.88;22.88;22.88;22.88;22.88;22.88;22.88;22.88;22.88;22.88;22.88;22.88;22.88;22.88;22.88;22.88;22.88;22.88;22.88;171.168
1792;1114.3319999999999;140.917;86.58699999999999;156.688;171.63299999999998;157.38699999999997;22.88;144.199;172.49099999999999;74.95999999999998;22.88;22.88;22.88;22.88;22.88;22.88;22.88;22.88;111.62899999999999;22.88;22.88;22.88;22.88;22.88;22.88;22.88;22.88;22.88;22.88;135.193
1793;598.0149999999999;105.631;105.851;138.295;166.84799999999998;173.888;22.88;22.88;154.87099999999998;60.69999999999999;22.88;69.937;22.88;22.88;138.127;22.88;22.88;22.88;22.88;22.88;22.88;22.88;22.88;22.88;22.88;22.88;22.88;22.88;22.88;158.908
1794;698.5749999999999;110.51599999999999;97.571;194.81599999999997;197.61099999999996;165.623;22.88;79.50099999999999;92.21799999999999;22.88;22.88;22.88;22.88;22.88;22.88;22.88;22.88;22.88;139.755;22.88;22.88;22.88;22.88;22.88;22.88;22.88;22.88;22.88;22.88;156.68699999999998
1795;2921.9129999999996;171.761;221.522;294.58299999999997;160.24399999999997;128.213;20.02;83.76899999999999;267.882;109.925;76.24799999999999;80.816;198.301;113.25399999999999;233.602;144.12199999999999;78.811;20.02;310.294;120.09899999999999;245.916;88.53399999999999;59.232;103.67;99.303;20.02;85.19699999999999;60.876999999999995;105.12199999999999;432.3949999999999
1796;549.805;137.78099999999998;135.362;171.952;178.8;66.027;22.88;65.809;115.686;22.88;22.88;22.88;22.88;22.88;22.88;22.88;22.88;22.88;22.88;22.88;22.88;22.88;22.88;22.88;22.88;22.88;22.88;22.88;22.88;165.385
1797;885.2829999999999;102.69899999999998;113.26599999999998;137.803;185.748;71.958;22.88;78.96000000000001;141.47;54.245;22.88;62.48199999999999;55.571999999999996;64.463;133.63799999999998;22.88;22.88;22.88;89.38799999999999;22.88;196.696;83.243;76.13399999999999;52.852999999999994;22.88;22.88;22.88;22.88;22.88;125.63999999999999
1798;65.63499999999999;22.88;22.88;22.88;22.88;22.88;22.88;22.88;22.88;22.88;22.88;22.88;22.88;22.88;22.88;22.88;22.88;22.88;22.88;22.88;22.88;22.88;22.88;22.88;22.88;22.88;22.88;22.88;22.88;22.88
1799;2115.739;77.151;107.41299999999998;237.937;189.289;234.015;20.02;210.47999999999996;271.144;138.901;7.365999999999996;99.9;178.361;186.05199999999996;197.24099999999999;41.968999999999994;24.229999999999997;20.02;428.272;135.22;266.532;88.583;69.431;70.313;35.864999999999995;20.02;56.441;53.331999999999994;51.75699999999999;547.4959999999999
1800;2202.707;114.98399999999998;173.874;292.03899999999993;232.58299999999997;243.53400000000002;16.445;232.40499999999997;394.631;212.178;248.54899999999998;334.03000000000003;244.192;201.506;246.79799999999997;170.96099999999998;74.588;16.445;249.52499999999998;194.39;359.931;154.86700000000002;141.054;157.327;142.337;16.445;127.752;126.892;142.057;426.618
1801;62.05999999999999;19.305;19.305;19.305;19.305;19.305;19.305;19.305;19.305;19.305;19.305;19.305;19.305;19.305;19.305;19.305;19.305;19.305;19.305;19.305;19.305;19.305;19.305;19.305;19.305;19.305;19.305;19.305;19.305;19.305
1802;606.7719999999999;92.529;71.67699999999999;162.183;153.80599999999998;134.596;22.88;131.525;105.083;22.88;22.88;22.88;22.88;22.88;22.88;22.88;22.88;22.88;22.88;22.88;22.88;22.88;22.88;22.88;22.88;22.88;22.88;22.88;22.88;22.88
1803;120.52399999999999;22.88;70.35199999999999;22.88;22.88;22.88;22.88;22.88;22.88;22.88;22.88;22.88;22.88;22.88;22.88;22.88;22.88;22.88;22.88;22.88;22.88;22.88;22.88;22.88;22.88;22.88;22.88;22.88;22.88;22.88
1804;2470.3309999999997;183.685;93.577;337.899;190.111;148.603;19.305;137.495;157.692;101.041;202.904;121.612;97.22199999999998;109.58999999999999;191.868;125.69399999999999;64.207;19.305;280.09399999999994;103.17499999999998;191.56199999999998;133.23999999999998;51.083;65.095;77.241;19.305;88.39699999999999;78.42899999999999;200.58099999999996;589.8059999999999
1805;1344.649;122.732;198.15699999999998;185.701;192.54699999999997;160.254;22.88;149.735;293.88699999999994;157.787;252.52099999999996;145.558;137.999;107.987;214.46699999999998;106.65899999999999;114.018;22.88;274.84999999999997;158.694;249.19;136.24099999999999;111.772;148.562;102.136;22.88;68.678;124.017;115.31399999999998;417.668
1806;62.77499999999999;20.02;20.02;20.02;20.02;20.02;20.02;20.02;20.02;20.02;20.02;20.02;20.02;20.02;20.02;20.02;20.02;20.02;20.02;20.02;20.02;20.02;20.02;20.02;20.02;20.02;20.02;20.02;20.02;20.02
1807;1845.914;170.105;194.445;173.528;184.81699999999998;187.83599999999998;22.88;205.863;359.37699999999995;155.456;109.15499999999999;216.796;133.42999999999998;118.158;222.343;109.393;145.257;22.88;226.298;161.518;288.657;123.797;141.766;103.80799999999999;55.550999999999995;22.88;132.61599999999999;22.88;137.882;367.94199999999995
1808;1527.0169999999998;153.058;370.68499999999995;237.81400000000002;252.065;206.05999999999997;20.02;279.64399999999995;443.30699999999996;269.6;251.28;241.76199999999997;191.67299999999997;217.525;213.029;97.279;177.67199999999997;20.02;354.111;136.85;348.727;169.255;152.357;210.11399999999998;175.50799999999998;20.02;156.406;145.933;195.37899999999996;442.02199999999993
1809;1432.357;135.939;149.628;182.988;209.17499999999998;172.67099999999996;20.02;126.59;266.925;113.569;20.02;81.78399999999999;58.29899999999999;52.19;178.254;62.385;83.547;20.02;39.971999999999994;20.02;151.594;20.02;20.02;20.02;20.02;20.02;20.02;20.02;20.02;130.855
1810;513.9480000000001;80.073;81.282;155.142;74.92599999999999;20.02;20.02;20.02;20.02;20.02;20.02;20.02;20.02;20.02;20.02;20.02;20.02;20.02;115.813;20.02;20.02;20.02;20.02;20.02;20.02;20.02;20.02;20.02;20.02;166.821
1811;301.40999999999997;82.36099999999999;87.834;55.071;69.61599999999999;22.88;22.88;22.88;71.742;22.88;22.88;22.88;22.88;22.88;22.88;22.88;22.88;22.88;22.88;22.88;22.88;22.88;22.88;22.88;22.88;22.88;22.88;22.88;22.88;22.88
1812;1981.1159999999998;81.494;126.91899999999998;183.43899999999996;174.17;193.777;22.88;121.529;241.779;97.81;110.675;118.716;76.59;58.342;130.38799999999998;112.929;99.148;22.88;202.31;88.844;194.52599999999995;81.657;22.88;35.595;44.486000000000004;22.88;58.98899999999999;22.88;76.204;351.09599999999995
1813;479.95799999999997;95.446;16.445;59.373999999999995;164.21099999999998;67.201;16.445;16.445;64.72;16.445;16.445;16.445;16.445;16.445;55.244;16.445;16.445;16.445;16.445;16.445;16.445;16.445;16.445;16.445;16.445;16.445;16.445;16.445;16.445;146.016
1814;2005.0719999999997;71.723;22.88;67.461;152.36599999999999;22.88;22.88;95.55199999999999;123.838;22.88;25.334999999999997;22.88;22.88;51.91799999999999;173.21699999999998;22.88;22.88;22.88;186.676;39.78999999999999;207.05899999999997;57.135999999999996;22.88;62.91799999999999;22.88;22.88;22.88;22.88;89.69999999999999;211.03199999999998
1815;1030.406;178.86599999999999;195.966;148.522;181.94599999999997;4.2379999999999995;20.02;60.16799999999999;160.83999999999997;130.309;44.507999999999996;80.35799999999999;74.88799999999999;74.726;126.737;98.01599999999999;20.02;20.02;182.954;23.300999999999995;158.789;20.02;31.973999999999997;37.147999999999996;77.359;20.02;111.388;114.70799999999998;20.02;417.02799999999996
1816;930.6969999999999;141.113;68.882;20.02;20.02;74.1;20.02;20.02;20.02;20.02;20.02;20.02;20.02;20.02;20.02;20.02;20.02;20.02;122.57199999999999;20.02;20.02;20.02;20.02;20.02;20.02;20.02;20.02;20.02;20.02;192.89799999999997
1817;175.04199999999997;20.02;68.49199999999999;20.02;72.86099999999999;20.02;20.02;20.02;20.02;20.02;20.02;20.02;20.02;20.02;20.02;20.02;20.02;20.02;20.02;20.02;20.02;20.02;20.02;20.02;20.02;20.02;20.02;20.02;20.02;20.02
1818;4557.652;218.378;211.172;291.145;202.37699999999998;214.253;22.88;211.98499999999999;317.462;182.738;165.72899999999998;203.00400000000002;124.14499999999998;129.48499999999999;185.286;144.858;109.846;22.88;316.774;202.94;253.08300000000003;100.357;91.335;84.261;120.36999999999999;22.88;94.158;82.37;148.25199999999998;424.087
1819;2183.299;231.665;307.525;259.762;239.76299999999998;252.182;20.02;251.41799999999998;405.184;461.499;269.877;233.158;175.396;182.58999999999997;196.12699999999998;185.03199999999998;83.06099999999999;20.02;271.645;176.652;295.55899999999997;50.02799999999999;50.05799999999999;20.02;78.404;20.02;20.02;86.07699999999998;20.02;341.92699999999996
1820;62.05999999999999;19.305;19.305;19.305;19.305;19.305;19.305;19.305;19.305;19.305;19.305;19.305;19.305;19.305;19.305;19.305;19.305;19.305;19.305;19.305;19.305;19.305;19.305;19.305;19.305;19.305;19.305;19.305;19.305;19.305
1821;922.1039999999999;73.221;20.02;20.02;161.374;60.884;20.02;73.576;100.598;20.02;20.02;20.02;20.02;20.02;20.02;20.02;20.02;20.02;20.02;20.02;20.02;20.02;20.02;20.02;20.02;20.02;20.02;20.02;20.02;148.375
1822;654.854;138.47;199.59699999999998;205.559;96.521;121.606;25.74;113.348;87.31200000000001;25.74;25.74;25.74;25.74;25.74;25.74;25.74;25.74;25.74;112.011;25.74;25.74;25.74;25.74;25.74;25.74;25.74;25.74;25.74;25.74;193.034
1823;636.847;102.774;111.423;179.75600000000003;167.381;102.87;20.02;66.404;20.02;20.02;20.02;20.02;20.02;20.02;20.02;20.02;20.02;20.02;114.63699999999999;20.02;20.02;20.02;20.02;20.02;20.02;20.02;20.02;20.02;20.02;171.18099999999998
1824;850.502;-3.9570000000000007;78.077;20.02;113.077;20.02;20.02;89.178;183.238;20.02;20.02;20.02;54.742;20.02;20.02;17.301;14.192;20.02;148.606;48.081;106.75799999999998;20.02;93.12799999999999;61.471;20.02;20.02;20.02;96.245;20.02;180.798
1825;1373.307;194.23;250.004;141.844;230.76599999999996;114.404;22.88;156.97899999999998;192.814;224.43;94.40599999999999;76.89699999999999;93.52099999999999;93.79299999999999;205.572;83.03099999999999;89.75999999999999;22.88;180.141;65.517;175.78499999999997;47.765;91.31799999999998;83.303;47.486000000000004;22.88;61.54899999999999;61.635999999999996;108.23499999999999;437.5959999999999
1826;969.336;61.847;96.28999999999999;90.28999999999999;154.19899999999998;77.177;25.74;76.493;156.87800000000001;65.34199999999998;100.694;77.42399999999999;102.645;80.53099999999999;145.6;79.948;77.92899999999999;25.74;145.27;72.101;200.05799999999996;109.093;95.01299999999999;25.74;25.74;25.74;25.74;25.74;25.74;178.23799999999997
1827;2285.938;185.43999999999997;132.074;268.5;189.224;203.25399999999996;20.02;244.846;334.37199999999996;233.15599999999998;258.78499999999997;171.171;182.71099999999998;239.876;333.621;100.04499999999999;20.02;20.02;392.38;205.988;285.10699999999997;201.27300000000002;81.481;168.54399999999998;59.25399999999999;20.02;76.91999999999999;20.02;166.53299999999996;490.53
1828;602.836;126.346;97.64099999999999;110.31899999999999;139.93099999999998;57.58;20.02;63.775;20.02;20.02;20.02;20.02;20.02;20.02;20.02;20.02;20.02;20.02;20.02;20.02;20.02;20.02;20.02;20.02;20.02;20.02;20.02;20.02;20.02;20.02
1829;2578.292;183.45399999999998;184.40099999999998;241.73499999999999;181.773;213.47599999999997;22.165;173.774;372.04200000000003;237.265;188.004;258.37199999999996;226.555;185.706;299.211;179.05899999999997;162.757;22.165;229.759;215.384;340.76599999999996;188.498;141.91199999999998;168.678;162.199;22.165;158.67000000000002;171.67099999999996;189.542;557.741
1830;2975.5409999999993;100.114;147.902;167.36199999999997;185.671;224.88599999999997;20.02;260.724;260.781;200.47199999999998;154.444;121.62699999999998;210.51999999999998;192.15300000000002;264.58599999999996;149.337;80.04599999999999;20.02;360.157;235.23699999999997;282.219;160.22699999999998;62.13499999999999;139.23;141.822;20.02;20.02;20.02;114.83;463.04999999999995
1831;474.679;61.297;20.02;132.83399999999997;174.82799999999997;81.448;20.02;94.28999999999999;144.618;83.68099999999998;81.07499999999999;60.68899999999999;20.02;73.1;100.64799999999998;20.02;20.02;20.02;20.02;20.02;132.067;20.02;20.02;20.02;20.02;20.02;20.02;20.02;20.02;20.02
1832;2906.3779999999997;353.374;143.635;291.475;175.95699999999997;284.78999999999996;16.445;145.31199999999998;321.87199999999996;249.265;242.39499999999998;266.388;287.829;186.114;223.36399999999998;233.736;152.376;16.445;335.504;118.40799999999999;69.309;16.445;16.445;16.445;16.445;16.445;16.445;16.445;16.445;205.899
1833;62.77499999999999;20.02;20.02;20.02;20.02;20.02;20.02;20.02;20.02;20.02;20.02;20.02;20.02;20.02;20.02;20.02;20.02;20.02;20.02;20.02;20.02;20.02;20.02;20.02;20.02;20.02;20.02;20.02;20.02;20.02
1834;1745.676;203.012;81.993;156.891;190.22199999999998;165.512;22.88;178.30499999999998;137.278;22.88;22.88;77.1;196.64300000000003;150.48999999999998;247.52099999999996;138.14;70.8;22.88;369.1569999999999;175.14399999999998;293.947;143.607;104.785;181.69;152.814;22.88;107.167;83.82;95.445;241.21499999999997
1835;691.1099999999999;137.24099999999999;73.41999999999999;51.385;113.345;187.05499999999998;20.02;91.351;188.076;171.803;51.971999999999994;57.318;20.02;20.02;101.88699999999999;20.02;20.02;20.02;20.02;20.02;20.02;20.02;20.02;20.02;20.02;20.02;20.02;20.02;20.02;20.02
1836;2529.301;137.961;156.92700000000002;149.879;180.939;165.58999999999997;17.16;196.264;231.42;134.604;117.661;154.551;181.91299999999998;151.783;232.25799999999998;115.535;68.81299999999999;17.16;205.05599999999998;124.136;335.53999999999996;146.006;92.479;140.762;127.93199999999999;17.16;84.091;77.65599999999999;172.76;428.95099999999996
1837;762.8919999999999;60.44;72.155;22.88;213.439;22.88;22.88;-2.1409999999999982;89.15;4.586999999999996;22.88;22.88;2.793999999999997;49.05;146.909;22.88;22.88;22.88;131.148;22.88;183.97499999999997;27.812999999999995;22.88;41.007999999999996;22.88;22.88;42.681;47.571999999999996;58.91799999999999;235.385
1838;2746.575;141.42499999999998;162.819;132.26;183.86599999999999;220.738;20.02;209.92999999999995;293.114;281.582;187.329;111.06800000000001;197.60499999999996;150.087;214.748;137.271;149.815;20.02;334.938;253.15;264.779;112.10799999999999;100.44699999999999;63.919999999999995;43.62599999999999;20.02;90.86199999999998;56.03999999999999;55.89999999999999;436.39099999999996
1839;65.63499999999999;22.88;22.88;22.88;22.88;22.88;22.88;22.88;22.88;22.88;22.88;22.88;22.88;22.88;22.88;22.88;22.88;22.88;22.88;22.88;22.88;22.88;22.88;22.88;22.88;22.88;22.88;22.88;22.88;22.88
1840;109.53499999999998;84.499;22.88;22.88;22.88;22.88;22.88;22.88;22.88;22.88;22.88;22.88;22.88;22.88;22.88;22.88;22.88;22.88;22.88;22.88;22.88;22.88;22.88;22.88;22.88;22.88;22.88;22.88;22.88;22.88
1841;62.77499999999999;20.02;20.02;20.02;20.02;20.02;20.02;20.02;20.02;20.02;20.02;20.02;20.02;20.02;20.02;20.02;20.02;20.02;20.02;20.02;20.02;20.02;20.02;20.02;20.02;20.02;20.02;20.02;20.02;20.02
1842;1140.348;146.62699999999998;192.56199999999998;102.23999999999998;197.889;95.483;25.74;85.54599999999999;205.941;33.937;80.50999999999999;97.326;72.68299999999999;78.574;201.958;80.314;45.17399999999999;25.74;99.33699999999999;25.74;183.646;64.92999999999999;80.696;52.73599999999999;25.74;25.74;63.864;65.3;66.191;229.90599999999998
1843;481.477;136.12;99.839;147.497;169.223;68.28699999999999;22.88;22.88;174.65699999999998;22.88;22.88;22.88;22.88;22.88;22.88;22.88;22.88;22.88;22.88;22.88;22.88;22.88;22.88;22.88;22.88;22.88;22.88;22.88;22.88;160.82
1844;79.97999999999999;22.88;66.786;22.88;22.88;22.88;22.88;22.88;22.88;22.88;22.88;22.88;22.88;22.88;22.88;22.88;22.88;22.88;22.88;22.88;22.88;22.88;22.88;22.88;22.88;22.88;22.88;22.88;22.88;22.88
1845;62.77499999999999;20.02;20.02;20.02;20.02;20.02;20.02;20.02;20.02;20.02;20.02;20.02;20.02;20.02;20.02;20.02;20.02;20.02;20.02;20.02;20.02;20.02;20.02;20.02;20.02;20.02;20.02;20.02;20.02;20.02
1846;2075.594;163.42899999999997;216.93699999999998;160.154;218.99499999999998;72.387;22.88;158.553;178.368;121.90199999999999;99.54999999999998;78.515;82.047;84.537;187.60999999999999;81.94999999999999;22.88;22.88;270.115;72.93799999999999;170.97399999999996;75.274;60.545;22.88;22.88;22.88;22.88;22.88;69.463;388.249
1847;1277.413;80.163;115.78799999999998;150.093;163.54399999999998;130.99699999999999;22.88;112.975;172.033;57.7;90.28899999999999;69.67;136.71099999999998;113.30799999999999;192.34499999999997;65.65599999999999;71.719;22.88;228.68199999999996;46.985;180.05199999999996;51.766999999999996;48.05;22.88;22.88;22.88;22.88;22.88;71.51599999999999;178.343
1848;3584.3459999999995;161.09599999999998;161.235;202.041;178.66899999999998;115.91699999999999;20.02;162.826;356.573;266.072;173.53;104.01199999999999;150.63199999999998;160.394;199.239;71.026;70.274;20.02;349.23400000000004;100.294;286.786;98.744;100.143;97.357;84.92599999999999;20.02;135.163;110.721;58.431;373.24
1849;149.188;72.109;20.02;20.02;20.02;20.02;20.02;20.02;20.02;20.02;20.02;20.02;20.02;20.02;20.02;20.02;20.02;20.02;20.02;20.02;20.02;20.02;20.02;20.02;20.02;20.02;20.02;20.02;20.02;20.02
1850;62.77499999999999;20.02;20.02;20.02;20.02;20.02;20.02;20.02;20.02;20.02;20.02;20.02;20.02;20.02;20.02;20.02;20.02;20.02;20.02;20.02;20.02;20.02;20.02;20.02;20.02;20.02;20.02;20.02;20.02;20.02
1851;1787.2579999999998;95.202;102.925;216.50099999999998;203.162;171.49199999999996;22.88;101.93199999999999;211.16299999999998;85.71699999999998;133.40499999999997;115.542;195.539;123.75799999999998;285.77;63.744;22.88;22.88;320.13399999999996;104.33699999999999;237.072;72.387;71.219;70.09;65.786;22.88;73.762;22.88;70.67699999999999;264.05999999999995
1852;1104.6349999999998;108.851;83.571;164.694;164.208;152.253;22.88;132.277;205.613;81.42399999999998;78.22399999999999;81.25800000000001;22.88;22.88;22.88;22.88;22.88;22.88;114.543;22.88;22.88;22.88;22.88;22.88;22.88;22.88;22.88;22.88;22.88;162.38299999999998
1853;62.05999999999999;19.305;19.305;19.305;19.305;19.305;19.305;19.305;19.305;19.305;19.305;19.305;19.305;19.305;19.305;19.305;19.305;19.305;19.305;19.305;19.305;19.305;19.305;19.305;19.305;19.305;19.305;19.305;19.305;19.305
1854;159.958;72.45700000000001;22.88;22.88;100.45899999999999;67.874;22.88;22.88;22.88;22.88;22.88;22.88;22.88;22.88;22.88;22.88;22.88;22.88;22.88;22.88;22.88;22.88;22.88;22.88;22.88;22.88;22.88;22.88;22.88;22.88
1855;156.358;77.15499999999999;22.88;22.88;22.88;22.88;22.88;22.88;22.88;22.88;22.88;22.88;22.88;22.88;22.88;22.88;22.88;22.88;22.88;22.88;22.88;22.88;22.88;22.88;22.88;22.88;22.88;22.88;22.88;157.90800000000002
1856;528.473;124.65799999999999;90.767;69.455;167.439;20.02;20.02;20.02;20.02;20.02;20.02;20.02;20.02;20.02;20.02;20.02;20.02;20.02;115.132;20.02;20.02;20.02;20.02;20.02;20.02;20.02;20.02;20.02;20.02;178.392
1857;2549.0559999999996;100.24;163.47899999999998;230.333;209.892;278.05899999999997;22.88;251.676;352.155;169.694;261.68699999999995;214.966;281.95799999999997;215.96899999999997;309.633;132.98499999999999;91.031;22.88;266.39;165.881;337.5279999999999;154.56899999999996;88.345;163.623;155.19299999999998;22.88;22.88;73.64;170.6;415.662
1858;181.546;103.62299999999999;20.02;20.02;20.02;20.02;20.02;20.02;20.02;20.02;20.02;20.02;20.02;20.02;20.02;20.02;20.02;20.02;117.442;20.02;20.02;20.02;20.02;20.02;20.02;20.02;20.02;20.02;20.02;20.02
1859;194.722;76.056;76.00099999999999;20.02;97.65299999999999;20.02;20.02;20.02;20.02;20.02;20.02;20.02;20.02;20.02;20.02;20.02;20.02;20.02;105.901;20.02;20.02;20.02;20.02;20.02;20.02;20.02;20.02;20.02;20.02;20.02
1860;1339.834;151.945;85.596;108.547;160.668;136.10399999999998;22.88;142.355;178.405;88.45599999999999;22.383999999999997;70.04599999999999;137.726;65.37299999999999;158.7;54.245;22.88;22.88;22.88;22.88;119.80799999999999;22.88;22.88;89.389;39.724999999999994;22.88;72.756;22.88;87.786;237.12
1861;1764.819;146.06;106.952;125.93299999999999;246.67999999999995;11.525999999999996;22.88;142.35;117.67399999999999;3.100999999999999;64.298;18.904999999999994;123.35399999999998;95.23299999999999;131.78199999999998;94.72;92.644;22.88;267.115;68.148;206.14799999999997;77.449;79.16;99.597;64.022;22.88;87.602;55.138999999999996;122.06299999999999;414.354
1862;2215.3099999999995;196.72299999999998;268.352;258.068;177.987;298.56499999999994;20.02;207.07;308.581;202.06499999999997;114.82499999999999;80.68700000000001;140.173;202.06099999999998;235.39;92.203;20.02;20.02;337.198;152.257;235.62099999999998;106.283;77.6;135.153;104.79499999999999;20.02;90.57999999999998;51.385;445.601;439.558
1863;4288.362999999999;211.68699999999995;244.418;218.14999999999998;229.875;245.90299999999996;22.88;176.12199999999996;301.578;205.79999999999998;154.88099999999997;257.901;185.79;125.11599999999999;206.50799999999998;187.13199999999998;90.502;22.88;262.005;99.803;239.856;115.806;139.07099999999997;46.07299999999999;40.550999999999995;22.88;154.71299999999997;22.88;92.47999999999999;449.76599999999996
1864;287.3709999999999;61.908;72.02099999999999;63.361999999999995;20.02;20.02;20.02;20.02;20.02;20.02;20.02;20.02;20.02;20.02;20.02;20.02;20.02;20.02;20.02;20.02;20.02;20.02;20.02;20.02;20.02;20.02;20.02;20.02;20.02;20.02
1865;123.20899999999999;120.25399999999999;72.79899999999999;25.74;25.74;25.74;25.74;25.74;25.74;25.74;25.74;25.74;25.74;25.74;25.74;25.74;25.74;25.74;25.74;25.74;25.74;25.74;25.74;25.74;25.74;25.74;25.74;25.74;25.74;25.74
1866;202.308;79.48899999999999;22.88;110.09;93.519;77.452;22.88;22.88;22.88;22.88;22.88;22.88;22.88;22.88;22.88;22.88;22.88;22.88;22.88;22.88;22.88;22.88;22.88;22.88;22.88;22.88;22.88;22.88;22.88;168.516
1867;62.77499999999999;20.02;20.02;20.02;20.02;20.02;20.02;20.02;20.02;20.02;20.02;20.02;20.02;20.02;20.02;20.02;20.02;20.02;20.02;20.02;20.02;20.02;20.02;20.02;20.02;20.02;20.02;20.02;20.02;20.02
1868;2831.581;178.13299999999998;261.888;217.45099999999996;242.452;289.299;25.74;208.20599999999996;466.82599999999996;298.697;223.953;239.968;261.212;175.075;284.77;230.40999999999997;140.777;25.74;305.78099999999995;206.54399999999998;336.794;188.546;152.369;219.167;211.122;25.74;205.58599999999996;121.60399999999998;226.77599999999995;517.138
1869;2312.843;241.80499999999995;131.85199999999998;186.714;219.457;130.65800000000002;22.165;120.897;164.269;196.36899999999997;12.424999999999999;112.27699999999999;80.786;138.701;132.846;40.81999999999999;46.881;22.165;278.368;105.524;293.21899999999994;193.373;138.97;52.42099999999999;22.165;22.165;81.17999999999999;69.405;153.052;555.881
1870;1275.105;83.57;90.934;22.88;111.86099999999999;-0.2710000000000008;22.88;22.88;127.36499999999998;22.88;22.88;22.88;22.88;88.57499999999999;145.86599999999999;22.88;22.88;22.88;68.49;62.446;170.37599999999998;22.88;22.88;52.702;57.961999999999996;22.88;44.507;22.88;66.03;319.33
1871;854.261;72.155;137.058;86.63799999999999;104.12199999999999;22.88;22.88;22.88;125.463;71.756;13.943999999999996;94.395;22.564;58.959999999999994;134.445;22.88;19.529999999999998;22.88;173.62599999999998;22.88;150.37800000000001;40.583;34.355999999999995;36.898999999999994;47.102999999999994;22.88;51.885;50.811;65.204;213.243
1872;1101.754;86.329;208.046;112.8;158.368;118.768;22.88;113.09700000000001;280.12699999999995;173.552;149.373;109.08099999999999;99.797;78.20299999999999;195.541;121.682;91.08599999999998;22.88;82.728;108.092;192.21499999999997;121.547;22.88;109.475;52.52799999999999;22.88;62.765;61.65599999999999;54.288999999999994;211.94699999999997
1873;68.202;25.74;25.74;25.74;25.74;25.74;25.74;25.74;25.74;25.74;25.74;25.74;25.74;25.74;25.74;25.74;25.74;25.74;25.74;25.74;25.74;25.74;25.74;25.74;25.74;25.74;25.74;25.74;25.74;25.74
1874;849.626;126.98;90.99199999999999;115.84499999999997;181.397;91.883;20.02;71.163;173.74899999999997;20.02;20.02;20.02;61.687;20.02;114.50099999999999;20.02;20.02;20.02;20.02;20.02;20.02;20.02;20.02;20.02;20.02;20.02;20.02;20.02;20.02;129.85500000000002
1875;62.77499999999999;20.02;20.02;20.02;20.02;20.02;20.02;20.02;20.02;20.02;20.02;20.02;20.02;20.02;20.02;20.02;20.02;20.02;20.02;20.02;20.02;20.02;20.02;20.02;20.02;20.02;20.02;20.02;20.02;20.02
1876;69.526;20.02;20.02;20.02;20.02;20.02;20.02;20.02;20.02;20.02;20.02;20.02;20.02;20.02;20.02;20.02;20.02;20.02;20.02;20.02;20.02;20.02;20.02;20.02;20.02;20.02;20.02;20.02;20.02;20.02
1877;88.67399999999999;20.02;20.02;20.02;20.02;20.02;20.02;20.02;20.02;20.02;20.02;20.02;20.02;20.02;20.02;20.02;20.02;20.02;20.02;20.02;20.02;20.02;20.02;20.02;20.02;20.02;20.02;20.02;20.02;20.02
1878;1409.79;84.65899999999999;22.88;22.88;121.036;22.88;22.88;76.939;163.96999999999997;22.88;22.88;62.48199999999999;78.586;64.79299999999999;151.565;22.88;22.88;22.88;96.10300000000001;22.88;168.48199999999997;30.267999999999997;56.56999999999999;41.659;53.354;22.88;91.136;49.027;63.748999999999995;239.304
1879;411.8399999999999;89.162;66.46799999999999;88.12599999999998;161.07;16.445;16.445;16.445;16.445;16.445;16.445;16.445;16.445;16.445;16.445;16.445;16.445;16.445;16.445;16.445;16.445;16.445;16.445;16.445;16.445;16.445;16.445;16.445;16.445;146.517
1880;460.013;60.026999999999994;62.91799999999999;82.26999999999998;120.42599999999999;22.88;22.88;70.809;173.94699999999997;22.88;22.88;22.88;22.88;22.88;102.46200000000002;22.88;22.88;22.88;22.88;22.88;22.88;22.88;22.88;22.88;22.88;22.88;22.88;22.88;22.88;22.88
1881;1061.4499999999998;50.67;19.305;138.513;138.188;78.238;19.305;91.82;171.43599999999998;115.83899999999998;19.305;73.167;59.16;19.305;130.773;19.305;19.305;19.305;64.82499999999999;19.305;19.305;19.305;19.305;19.305;19.305;19.305;19.305;19.305;19.305;145.247
1882;1947.6;103.602;112.06;162.95;186.801;203.295;20.02;107.571;198.97299999999996;261.592;111.55;95.49799999999999;130.17399999999998;98.494;179.73799999999997;99.88;107.80699999999999;20.02;178.184;20.02;175.17899999999997;35.192;20.02;43.8;41.626000000000005;20.02;47.81699999999999;43.538;75.166;238.482
1883;1194.964;48.876;51.766999999999996;60.87799999999999;153.541;22.88;22.88;71.7;117.72399999999998;22.88;22.88;63.30799999999999;49.678999999999995;71.896;128.18399999999997;22.88;22.88;22.88;90.803;60.766999999999996;229.82;51.093999999999994;71.44;22.88;22.88;22.88;22.88;22.88;86.092;207.85999999999999
1884;664.393;145.271;163.096;80.571;177.742;210.085;22.88;113.30199999999999;278.23199999999997;86.329;22.88;22.88;22.88;22.88;22.88;22.88;22.88;22.88;22.88;22.88;22.88;22.88;22.88;22.88;22.88;22.88;22.88;22.88;22.88;22.88
1885;340.23699999999997;71.126;57.113;22.88;127.524;73.981;22.88;70.35199999999999;77.377;22.88;22.88;22.88;22.88;22.88;22.88;22.88;22.88;22.88;22.88;22.88;22.88;22.88;22.88;22.88;22.88;22.88;22.88;22.88;22.88;22.88
1886;59.19999999999999;16.445;16.445;16.445;16.445;16.445;16.445;16.445;16.445;16.445;16.445;16.445;16.445;16.445;16.445;16.445;16.445;16.445;16.445;16.445;16.445;16.445;16.445;16.445;16.445;16.445;16.445;16.445;16.445;16.445
1887;448.06499999999994;119.24799999999999;164.70899999999997;152.72899999999998;187.05499999999998;224.694;20.02;134.105;140.17699999999996;95.339;63.775;80.64299999999999;20.02;60.644999999999996;20.02;20.02;20.02;20.02;20.02;20.02;20.02;20.02;20.02;20.02;20.02;20.02;20.02;20.02;20.02;20.02
1888;531.055;134.709;126.871;148.376;172.033;111.17;22.88;76.40799999999999;177.397;49.87599999999999;22.88;22.88;22.88;22.88;22.88;22.88;22.88;22.88;22.88;22.88;22.88;22.88;22.88;22.88;22.88;22.88;22.88;22.88;22.88;22.88
1889;801.338;113.78399999999998;115.69799999999998;142.85399999999998;163.743;81.954;22.88;68.28699999999999;168.01;76.52199999999999;22.88;90.93299999999999;85.64399999999999;90.05199999999999;132.013;22.88;22.88;22.88;22.88;22.88;22.88;22.88;22.88;22.88;22.88;22.88;22.88;22.88;22.88;22.88
1890;2431.193;179.62199999999999;199.99699999999999;109.17799999999998;221.527;150.363;25.74;149.914;248.35799999999998;160.827;148.04199999999997;113.50199999999998;185.69199999999998;106.264;213.56;136.15699999999998;98.762;25.74;240.29799999999997;85.20599999999999;208.13899999999995;84.412;78.437;99.449;56.60099999999999;25.74;75.29299999999999;63.274;70.47699999999999;400.85699999999997
1891;1163.024;111.03099999999999;149.76099999999997;149.86399999999998;190.81199999999998;179.99099999999999;20.02;166.714;314.896;158.853;127.566;124.15099999999998;157.78;181.852;210.41899999999995;122.803;90.416;20.02;218.636;146.96;222.41400000000002;76.857;86.102;95.762;85.387;20.02;148.74599999999998;79.43799999999999;117.03099999999999;411.017
1892;5297.849;121.638;163.373;233.51399999999998;191.63399999999996;198.162;16.445;187.60699999999997;231.43200000000002;104.21000000000001;205.86799999999997;125.31299999999999;170.44299999999998;194.62;248.27599999999998;95.048;91.042;16.445;273.075;150.976;352.29499999999996;131.682;116.49199999999999;155.308;151.01399999999998;16.445;85.09299999999999;136.397;200.14499999999998;535.1869999999999
1893;62.77499999999999;20.02;20.02;20.02;20.02;20.02;20.02;20.02;20.02;20.02;20.02;20.02;20.02;20.02;20.02;20.02;20.02;20.02;20.02;20.02;20.02;20.02;20.02;20.02;20.02;20.02;20.02;20.02;20.02;20.02
1894;1578.288;139.464;149.803;232.71300000000002;191.483;206.041;25.74;220.515;250.46300000000002;252.76;168.06900000000002;258.72;245.625;175.84799999999998;258.84299999999996;212.995;158.334;25.74;374.085;169.89;372.542;153.703;196.374;131.652;141.317;25.74;125.12899999999999;82.90299999999999;179.117;501.09000000000003
1895;2086.564;161.13;136.179;148.739;212.30399999999997;125.776;22.88;124.278;211.885;124.92699999999999;57.54899999999999;73.715;116.814;42.202999999999996;186.69000000000003;22.88;22.88;22.88;119.947;22.88;122.973;22.88;22.88;22.88;37.312;22.88;51.54899999999999;22.88;67.33099999999999;387.7169999999999
1896;3081.4709999999995;194.678;175.527;194.582;159.06599999999997;221.152;16.445;237.80699999999996;313.26;175.01099999999997;154.525;236.503;251.127;199.46399999999997;250.24599999999998;228.367;155.278;16.445;402.211;222.84499999999997;350.306;131.315;112.41299999999998;159.94099999999997;139.60899999999998;16.445;187.772;170.993;169.99599999999998;493.911
1897;657.808;59.20899999999999;70.1;20.02;113.49;20.02;20.02;20.02;100.598;20.02;20.02;20.02;20.02;20.02;20.02;20.02;20.02;20.02;108.76899999999999;20.02;20.02;20.02;20.02;20.02;20.02;20.02;20.02;20.02;20.02;20.02
1898;868.109;55.244;16.445;16.445;161.386;16.445;16.445;65.15599999999999;143.206;16.445;16.445;16.445;16.445;16.445;16.445;16.445;16.445;16.445;108.846;16.445;16.445;16.445;16.445;16.445;16.445;16.445;16.445;16.445;16.445;141.561
1899;467.171;90.754;83.67599999999999;128.10899999999998;147.91199999999998;22.88;22.88;22.88;101.00699999999999;22.88;22.88;22.88;22.88;22.88;22.88;22.88;22.88;22.88;111.62899999999999;22.88;22.88;22.88;22.88;22.88;22.88;22.88;22.88;22.88;22.88;160.51600000000002
1900;1119.795;94.865;122.43999999999998;184.358;206.65099999999995;183.795;22.88;113.757;296.531;213.18699999999995;324.776;125.88499999999999;124.347;64.51599999999999;142.203;17.4;19.290999999999997;22.88;42.608999999999995;22.88;152.416;22.88;22.88;37.07299999999999;22.88;22.88;22.88;22.88;22.88;80.567
1901;180.998;82.6;22.88;22.88;22.88;22.88;22.88;22.88;22.88;22.88;22.88;22.88;22.88;22.88;22.88;22.88;22.88;22.88;22.88;22.88;22.88;22.88;22.88;22.88;22.88;22.88;22.88;22.88;22.88;163.236
1902;671.8029999999999;141.74;85.794;78.19899999999998;179.277;96.64699999999999;22.88;22.88;132.97799999999998;22.88;22.88;22.88;22.88;22.88;22.88;22.88;22.88;22.88;122.36699999999999;22.88;22.88;22.88;22.88;22.88;22.88;22.88;22.88;22.88;22.88;171.123
1903;59.19999999999999;16.445;16.445;16.445;16.445;16.445;16.445;16.445;16.445;16.445;16.445;16.445;16.445;16.445;16.445;16.445;16.445;16.445;16.445;16.445;16.445;16.445;16.445;16.445;16.445;16.445;16.445;16.445;16.445;16.445
1904;184.975;16.445;16.445;62.956999999999994;140.562;55.244;16.445;16.445;16.445;16.445;16.445;16.445;16.445;16.445;16.445;16.445;16.445;16.445;16.445;16.445;16.445;16.445;16.445;16.445;16.445;16.445;16.445;16.445;16.445;16.445
1905;1205.07;106.082;86.429;116.7;175.37199999999999;76.853;22.88;131.34099999999998;137.00799999999998;69.16399999999999;39.376999999999995;62.06899999999999;74.62499999999999;68.204;142.203;22.88;22.88;22.88;25.334999999999997;22.88;160.828;60.354;22.88;67.595;67.48599999999999;22.88;56.74499999999999;22.88;78.703;231.45899999999997
1906;1656.7109999999998;188.962;188.48499999999999;191.031;203.155;238.81599999999997;20.02;230.54199999999997;352.72400000000005;315.09399999999994;279.217;352.548;245.195;237.131;274.25;245.397;210.32299999999998;20.02;384.977;210.29299999999998;316.847;186.89999999999998;136.89799999999997;185.21999999999997;203.92399999999998;20.02;163.132;139.75;213.45699999999997;541.093
1907;3266.694;246.13;170.65699999999998;265.628;232.63599999999997;371.89599999999996;16.445;121.707;342.65999999999997;247.881;128.65699999999998;207.20299999999997;253.83399999999997;205.786;265.00199999999995;190.41699999999997;148.106;16.445;342.931;257.808;342.978;167.58499999999998;164.714;198.44;132.548;16.445;105.82199999999999;74.062;170.626;479.654
1908;2055.048;125.544;127.489;151.47299999999998;181.303;170.897;22.88;97.91499999999999;179.04899999999998;125.822;101.15699999999998;136.71599999999998;91.127;158.77299999999997;168.779;22.88;61.65599999999999;22.88;201.989;74.756;220.95;71.816;22.88;83.158;22.88;22.88;60.83;22.88;96.168;355.097
1909;2255.694;150.384;128.389;132.332;203.695;185.43099999999998;20.02;190.87199999999999;269.287;206.013;118.50399999999999;226.482;290.93899999999996;189.02299999999997;247.988;149.179;99.731;20.02;318.365;131.941;273.621;139.56099999999998;174.65699999999998;157.344;114.90299999999999;20.02;166.09;75.121;79.62299999999999;403.65799999999996
1910;62.77499999999999;20.02;20.02;20.02;20.02;20.02;20.02;20.02;20.02;20.02;20.02;20.02;20.02;20.02;20.02;20.02;20.02;20.02;20.02;20.02;20.02;20.02;20.02;20.02;20.02;20.02;20.02;20.02;20.02;20.02
1911;1648.031;84.445;90.95899999999999;149.761;214.62099999999998;158.772;25.74;176.45499999999998;285.84299999999996;132.233;173.099;142.081;188.16099999999997;138.771;236.15999999999997;83.67499999999998;78.943;25.74;170.942;144.898;300.394;131.921;75.201;146.869;168.828;25.74;75.684;61.235;130.89;424.666
1912;198.484;22.88;22.88;22.88;123.67599999999999;22.88;22.88;22.88;22.88;22.88;22.88;22.88;22.88;22.88;22.88;22.88;22.88;22.88;22.88;22.88;22.88;22.88;22.88;22.88;22.88;22.88;22.88;22.88;22.88;158.648
1913;284.147;22.88;22.88;22.88;111.116;22.88;22.88;22.88;22.88;22.88;22.88;22.88;22.88;22.88;22.88;22.88;22.88;22.88;22.88;22.88;22.88;22.88;22.88;22.88;22.88;22.88;22.88;22.88;22.88;22.88
1914;2185.938;135.695;145.039;174.93599999999998;242.66799999999995;158.664;22.88;152.51;234.83499999999998;208.565;110.208;117.029;125.095;95.827;185.49199999999996;124.69399999999999;92.612;22.88;208.55599999999998;126.40699999999998;259.423;65.838;40.202999999999996;64.435;58.013999999999996;22.88;85.501;22.88;97.744;283.847
1915;3519.0379999999996;272.60299999999995;118.38999999999999;157.577;208.112;264.506;16.445;145.879;262.73400000000004;147.98299999999998;103.73;126.40499999999999;149.87;207.062;263.95399999999995;185.95799999999997;176.414;16.445;296.197;191.51799999999997;314.28;150.589;105.618;114.642;127.637;16.445;106.77099999999999;103.018;52.76599999999999;363.784
1916;930.9679999999998;144.753;77.263;152.14499999999998;168.48899999999998;163.103;22.88;108.54699999999998;98.556;22.88;22.88;22.88;22.88;22.88;22.88;22.88;22.88;22.88;22.88;22.88;22.88;22.88;22.88;22.88;22.88;22.88;22.88;22.88;22.88;131.476
1917;90.386;19.305;19.305;19.305;19.305;19.305;19.305;19.305;19.305;19.305;19.305;19.305;19.305;19.305;19.305;19.305;19.305;19.305;19.305;19.305;19.305;19.305;19.305;19.305;19.305;19.305;19.305;19.305;19.305;19.305
1918;1869.2259999999997;189.951;149.827;133.52800000000002;186.28099999999998;129.04399999999998;22.88;109.92399999999999;267.923;111.06699999999998;75.887;134.79299999999998;176.843;169.03499999999997;202.51799999999997;121.58699999999997;89.274;22.88;192.665;175.522;290.46999999999997;151.307;62.394000000000005;124.446;130.757;22.88;87.51199999999999;72.603;117.774;377.58799999999997
1919;263.534;134.55200000000002;20.02;72.553;20.02;70.067;20.02;74.00599999999999;78.576;20.02;20.02;20.02;63.361999999999995;20.02;20.02;20.02;20.02;20.02;20.02;20.02;20.02;20.02;20.02;20.02;20.02;20.02;20.02;20.02;20.02;164.43799999999996
1920;821.9459999999999;128.083;104.823;314.208;152.02499999999998;217.224;20.02;164.38299999999998;236.95800000000003;214.45800000000003;99.448;172.22899999999998;213.869;62.232;117.53099999999998;20.02;20.02;20.02;109.182;20.02;20.02;20.02;20.02;20.02;20.02;20.02;20.02;20.02;20.02;157.656
1921;291.073;80.74199999999999;22.88;22.88;95.584;22.88;22.88;22.88;92.631;22.88;22.88;22.88;22.88;22.88;22.88;22.88;22.88;22.88;22.88;22.88;22.88;22.88;22.88;22.88;22.88;22.88;22.88;22.88;22.88;22.88
1922;71.67099999999999;22.165;22.165;22.165;22.165;22.165;22.165;22.165;22.165;22.165;22.165;22.165;22.165;22.165;22.165;22.165;22.165;22.165;22.165;22.165;22.165;22.165;22.165;22.165;22.165;22.165;22.165;22.165;22.165;22.165
1923;493.98400000000004;81.85399999999998;85.775;20.02;148.32099999999997;139.455;20.02;144.32099999999997;188.56799999999998;107.53099999999999;77.687;92.841;20.02;49.327;122.02;85.21099999999998;89.16499999999999;20.02;20.02;20.02;130.88199999999998;20.02;20.02;20.02;20.02;20.02;20.02;20.02;20.02;132.611
1924;65.63499999999999;22.88;22.88;22.88;22.88;22.88;22.88;22.88;22.88;22.88;22.88;22.88;22.88;22.88;22.88;22.88;22.88;22.88;22.88;22.88;22.88;22.88;22.88;22.88;22.88;22.88;22.88;22.88;22.88;22.88
1925;83.717;25.74;25.74;25.74;25.74;25.74;25.74;25.74;25.74;25.74;25.74;25.74;25.74;25.74;25.74;25.74;25.74;25.74;25.74;25.74;25.74;25.74;25.74;25.74;25.74;25.74;25.74;25.74;25.74;25.74
1926;1571.3339999999998;146.946;172.679;115.60999999999999;154.653;140.242;22.88;153.617;233.83899999999997;112.923;116.821;113.434;118.11099999999999;59.87599999999999;175.42099999999996;62.20099999999999;22.88;22.88;26.964;22.88;142.61199999999997;22.88;22.88;22.88;69.80699999999999;22.88;22.88;22.88;66.329;326.68
1927;373.204;156.755;142.329;22.165;22.165;22.165;22.165;22.165;22.165;22.165;22.165;22.165;22.165;22.165;22.165;22.165;22.165;22.165;22.165;22.165;22.165;22.165;22.165;22.165;22.165;22.165;22.165;22.165;22.165;169.132
1928;346.40099999999995;117.749;79.70299999999999;20.02;109.41399999999999;20.02;20.02;53.297;60.50099999999999;106.619;58.828;59.20899999999999;20.02;20.02;20.02;20.02;20.02;20.02;109.182;20.02;20.02;20.02;20.02;20.02;20.02;20.02;20.02;20.02;20.02;147.65499999999997
1929;1156.273;77.71699999999998;77.555;20.02;106.523;82.026;20.02;20.02;104.67399999999999;20.02;20.02;60.208999999999996;20.02;52.417;117.338;20.02;20.02;20.02;159.45999999999998;20.02;133.47199999999998;20.02;20.02;20.02;20.02;20.02;20.02;20.02;20.02;149.44
1930;116.574;71.155;22.88;22.88;22.88;22.88;22.88;22.88;22.88;22.88;22.88;22.88;22.88;22.88;22.88;22.88;22.88;22.88;22.88;22.88;22.88;22.88;22.88;22.88;22.88;22.88;22.88;22.88;22.88;22.88
1931;65.63499999999999;22.88;22.88;22.88;22.88;22.88;22.88;22.88;22.88;22.88;22.88;22.88;22.88;22.88;22.88;22.88;22.88;22.88;22.88;22.88;22.88;22.88;22.88;22.88;22.88;22.88;22.88;22.88;22.88;22.88
1932;62.77499999999999;20.02;20.02;20.02;20.02;20.02;20.02;20.02;20.02;20.02;20.02;20.02;20.02;20.02;20.02;20.02;20.02;20.02;20.02;20.02;20.02;20.02;20.02;20.02;20.02;20.02;20.02;20.02;20.02;20.02
1933;1652.8909999999998;135.60399999999998;139.47299999999998;200.901;158.31099999999998;177.495;25.74;228.399;274.647;137.824;130.39999999999998;68.319;178.541;160.385;267.395;91.34599999999999;25.74;25.74;216.642;145.628;306.137;152.58299999999997;51.736;115.082;156.736;25.74;25.74;60.256;140.39999999999998;432.392
1934;464.96199999999993;98.25199999999998;80.20299999999999;132.262;155.26999999999998;22.88;22.88;22.88;22.88;22.88;22.88;22.88;22.88;22.88;22.88;22.88;22.88;22.88;22.88;22.88;22.88;22.88;22.88;22.88;22.88;22.88;22.88;22.88;22.88;160.01
1935;4476.145;135.10799999999998;187.777;432.751;223.576;656.0809999999999;25.74;392.573;409.2389999999999;214.481;235.42199999999997;229.50900000000001;230.45099999999996;173.893;257.038;150.47199999999998;105.81299999999999;25.74;488.402;108.03999999999999;249.15699999999995;125.21699999999998;70.298;181.237;124.42099999999999;25.74;125.51499999999999;91.71799999999999;178.833;486.404
1936;2143.221;110.014;153.672;235.26299999999998;230.92499999999998;231.583;22.88;215.94899999999998;281.712;144.773;166.365;184.904;206.79899999999998;188.925;261.00399999999996;104.32499999999999;95.702;22.88;192.68699999999998;126.661;207.98399999999998;87.90599999999998;67.485;89.54499999999999;62.894999999999996;22.88;83.587;65.15899999999999;102.04599999999999;317.264
1937;3201.395;182.519;187.49899999999997;247.675;216.987;286.557;16.445;305.036;528.24;402.57899999999995;265.94199999999995;290.328;279.25199999999995;224.18900000000002;324.43699999999995;263.457;195.36499999999995;16.445;279.77299999999997;198.834;308.227;158.93599999999998;153.753;181.49699999999999;205.34099999999998;16.445;195.351;159.993;212.797;544.896
1938;115.34799999999998;75.74499999999999;20.02;20.02;20.02;20.02;20.02;20.02;20.02;20.02;20.02;20.02;20.02;20.02;20.02;20.02;20.02;20.02;20.02;20.02;20.02;20.02;20.02;20.02;20.02;20.02;20.02;20.02;20.02;20.02
1939;567.9280000000001;206.20499999999998;223.403;129.804;159.07;74.244;16.445;16.445;103.137;16.445;16.445;16.445;16.445;16.445;16.445;16.445;16.445;16.445;16.445;16.445;16.445;16.445;16.445;16.445;16.445;16.445;16.445;16.445;16.445;156.32599999999996
1940;900.4839999999999;107.29999999999998;155.402;124.204;173.29899999999998;140.68599999999998;22.88;144.371;232.794;146.516;123.36899999999999;130.88;121.032;136.212;205.076;113.769;131.346;22.88;123.898;119.27199999999998;218.63799999999998;22.88;22.88;22.88;22.88;22.88;65.39599999999999;88.96;22.88;301.014
1941;3249.526;198.509;181.95;212.56199999999998;226.87;292.96299999999997;20.02;273.13699999999994;366.898;282.481;235.599;452.955;306.573;229.317;301.358;199.56499999999997;163.96499999999997;20.02;306.924;217.952;338.6689999999999;189.393;186.9;191.11399999999998;203.09;20.02;243.01399999999998;112.29599999999999;310.20099999999996;552.587
1942;1599.8519999999999;91.39699999999999;73.576;436.031;182.123;282.27;20.02;262.60699999999997;135.445;20.02;20.02;55.904999999999994;20.02;20.02;129.315;20.02;20.02;20.02;116.377;20.02;20.02;20.02;20.02;20.02;20.02;20.02;20.02;20.02;20.02;161.086
1943;57.96199999999999;20.02;20.02;20.02;20.02;20.02;20.02;20.02;20.02;20.02;20.02;20.02;20.02;20.02;20.02;20.02;20.02;20.02;20.02;20.02;20.02;20.02;20.02;20.02;20.02;20.02;20.02;20.02;20.02;20.02
1944;81.863;20.02;20.02;20.02;20.02;20.02;20.02;20.02;20.02;20.02;20.02;20.02;20.02;20.02;20.02;20.02;20.02;20.02;20.02;20.02;20.02;20.02;20.02;20.02;20.02;20.02;20.02;20.02;20.02;20.02
1945;675.6859999999999;114.697;122.24799999999999;89.848;156.988;67.048;22.88;79.146;117.72399999999998;62.587999999999994;22.88;22.88;22.88;22.88;22.88;22.88;22.88;22.88;22.88;22.88;136.112;22.88;22.88;22.88;22.88;22.88;22.88;22.88;22.88;154.945
1946;1039.4609999999998;134.164;133.962;155.27799999999996;158.474;22.88;22.88;148.68899999999996;220.26699999999997;136.19599999999997;147.271;13.030999999999999;93.03899999999999;76.793;141.23499999999999;93.369;22.88;22.88;135.266;91.11099999999999;213.925;81.13999999999999;50.550999999999995;47.44199999999999;22.88;22.88;93.704;58.461;56.52799999999999;434.591
1947;323.65199999999993;120.32899999999998;16.445;16.445;61.85199999999999;64.743;16.445;16.445;16.445;16.445;16.445;16.445;16.445;16.445;16.445;16.445;16.445;16.445;117.97399999999999;16.445;16.445;16.445;16.445;16.445;16.445;16.445;16.445;16.445;16.445;16.445
1948;68.81400000000001;16.445;16.445;16.445;16.445;16.445;16.445;16.445;16.445;16.445;16.445;16.445;16.445;16.445;16.445;16.445;16.445;16.445;16.445;16.445;16.445;16.445;16.445;16.445;16.445;16.445;16.445;16.445;16.445;16.445
1949;453.15500000000003;100.43299999999999;92.086;71.082;176.19299999999998;79.86399999999999;25.74;25.74;153.926;60.973;25.74;25.74;25.74;25.74;25.74;25.74;25.74;25.74;25.74;25.74;25.74;25.74;25.74;25.74;25.74;25.74;25.74;25.74;25.74;152.50799999999998
1950;1018.7909999999999;251.565;209.765;215.19599999999997;178.641;-19.953;19.305;19.305;99.47;19.305;19.305;59.907;19.305;19.305;118.24799999999999;19.305;19.305;19.305;226.25899999999996;14.850999999999999;19.305;19.305;19.305;37.433;36.910999999999994;19.305;47.693;19.305;46.474999999999994;286.0
1951;513.369;71.568;167.88299999999998;84.91999999999999;160.518;22.88;22.88;22.88;22.88;22.88;22.88;22.88;22.88;22.88;22.88;22.88;22.88;22.88;119.08600000000001;22.88;22.88;22.88;22.88;22.88;22.88;22.88;22.88;22.88;22.88;152.061
1952;1573.7319999999997;129.22899999999998;69.38499999999999;137.79;167.543;125.598;19.305;-6.770000000000003;206.456;88.53699999999999;97.172;59.31999999999999;161.73499999999999;91.30199999999999;232.95499999999998;19.305;61.16899999999999;19.305;211.779;69.57799999999999;233.675;56.36;91.20599999999999;82.24499999999999;38.376999999999995;19.305;84.463;19.305;62.13699999999999;332.3589999999999
1953;2448.2209999999995;295.591;333.46999999999997;262.71299999999997;232.06199999999995;246.096;19.305;236.94299999999998;450.01199999999994;278.739;313.937;311.203;219.42199999999997;179.93099999999998;285.635;189.43599999999998;155.62099999999998;19.305;218.654;173.73199999999997;342.418;156.577;150.192;151.641;165.239;19.305;159.22;138.095;178.78099999999998;374.054
1954;175.185;66.72;16.445;16.445;16.445;16.445;16.445;16.445;16.445;16.445;16.445;16.445;16.445;16.445;16.445;16.445;16.445;16.445;110.14999999999999;16.445;16.445;16.445;16.445;16.445;16.445;16.445;16.445;16.445;16.445;16.445
1955;1286.154;130.56;85.26199999999999;152.976;179.298;145.485;22.88;181.454;217.56099999999998;90.42;163.07699999999997;64.547;205.59199999999998;143.966;272.586;72.499;92.25199999999998;22.88;250.777;151.63400000000001;290.806;131.079;60.461;131.629;145.847;22.88;56.855999999999995;60.568;108.842;420.16999999999996
1956;75.77799999999999;71.32900000000001;22.88;22.88;22.88;22.88;22.88;22.88;22.88;22.88;22.88;22.88;22.88;22.88;22.88;22.88;22.88;22.88;22.88;22.88;22.88;22.88;22.88;22.88;22.88;22.88;22.88;22.88;22.88;145.86599999999999
1957;1541.3110000000001;137.249;119.84899999999999;266.28299999999996;172.064;176.50599999999997;19.305;142.54;231.659;87.28899999999999;86.12299999999999;85.889;138.014;68.096;154.932;93.49;19.305;19.305;159.644;58.92999999999999;152.944;19.305;44.147999999999996;19.305;19.305;19.305;19.305;82.88399999999999;65.34299999999999;223.49399999999997
1958;263.718;82.326;104.672;62.535999999999994;140.93;20.02;20.02;20.02;20.02;20.02;20.02;20.02;20.02;20.02;20.02;20.02;20.02;20.02;20.02;20.02;20.02;20.02;20.02;20.02;20.02;20.02;20.02;20.02;20.02;20.02
1959;65.63499999999999;22.88;22.88;22.88;22.88;22.88;22.88;22.88;22.88;22.88;22.88;22.88;22.88;22.88;22.88;22.88;22.88;22.88;22.88;22.88;22.88;22.88;22.88;22.88;22.88;22.88;22.88;22.88;22.88;22.88
1960;168.505;68.588;65.56899999999999;16.445;58.06999999999999;16.445;16.445;16.445;16.445;16.445;16.445;16.445;16.445;16.445;16.445;16.445;16.445;16.445;16.445;16.445;16.445;16.445;16.445;16.445;16.445;16.445;16.445;16.445;16.445;143.626
1961;65.45299999999999;19.305;19.305;19.305;19.305;19.305;19.305;19.305;19.305;19.305;19.305;19.305;19.305;19.305;19.305;19.305;19.305;19.305;19.305;19.305;19.305;19.305;19.305;19.305;19.305;19.305;19.305;19.305;19.305;19.305
1962;255.844;102.55499999999999;20.02;73.149;126.28899999999999;20.02;20.02;20.02;67.079;20.02;20.02;20.02;20.02;20.02;20.02;20.02;20.02;20.02;20.02;20.02;20.02;20.02;20.02;20.02;20.02;20.02;20.02;20.02;20.02;20.02
1963;65.63499999999999;22.88;22.88;22.88;22.88;22.88;22.88;22.88;22.88;22.88;22.88;22.88;22.88;22.88;22.88;22.88;22.88;22.88;22.88;22.88;22.88;22.88;22.88;22.88;22.88;22.88;22.88;22.88;22.88;22.88
1964;62.77499999999999;20.02;20.02;20.02;20.02;20.02;20.02;20.02;20.02;20.02;20.02;20.02;20.02;20.02;20.02;20.02;20.02;20.02;20.02;20.02;20.02;20.02;20.02;20.02;20.02;20.02;20.02;20.02;20.02;20.02
1965;65.63499999999999;22.88;22.88;22.88;22.88;22.88;22.88;22.88;22.88;22.88;22.88;22.88;22.88;22.88;22.88;22.88;22.88;22.88;22.88;22.88;22.88;22.88;22.88;22.88;22.88;22.88;22.88;22.88;22.88;22.88
1966;62.77499999999999;20.02;20.02;20.02;20.02;20.02;20.02;20.02;20.02;20.02;20.02;20.02;20.02;20.02;20.02;20.02;20.02;20.02;20.02;20.02;20.02;20.02;20.02;20.02;20.02;20.02;20.02;20.02;20.02;20.02
1967;4366.915999999999;184.358;145.545;231.50699999999998;201.523;245.44199999999998;20.02;277.36899999999997;463.52599999999995;153.25799999999998;266.874;244.769;289.169;269.131;320.787;92.031;95.30099999999999;20.02;351.21299999999997;318.1379999999999;450.85299999999995;223.821;108.65399999999998;235.53799999999998;180.206;20.02;113.019;89.997;294.763;464.855
1968;339.581;105.554;22.88;22.88;118.41499999999999;22.88;22.88;22.88;22.88;89.76299999999999;22.88;22.88;22.88;22.88;22.88;22.88;22.88;22.88;109.564;22.88;22.88;22.88;22.88;22.88;22.88;22.88;22.88;22.88;22.88;22.88
1969;1574.4639999999997;112.722;75.84899999999999;147.733;172.962;167.44400000000002;20.02;161.319;196.973;55.275999999999996;110.816;130.30599999999998;157.266;135.30200000000002;150.112;99.395;20.02;20.02;345.982;130.7;181.35399999999998;20.02;20.02;50.486999999999995;20.02;20.02;119.24199999999999;20.02;50.19;379.06899999999996
1970;2276.9179999999997;116.86499999999998;109.217;260.903;171.779;135.039;22.88;102.88;324.15999999999997;154.692;149.998;133.14999999999998;76.806;73.167;218.01999999999998;77.40199999999999;65.35199999999999;22.88;266.079;100.75799999999998;213.828;76.27199999999999;96.937;87.518;58.111999999999995;22.88;53.528;66.2;84.78;524.112
1971;1261.3929999999998;70.947;69.121;127.93599999999998;159.148;115.19;20.02;34.411;207.96099999999996;20.02;80.78299999999999;20.02;77.64699999999999;106.47399999999999;205.21699999999998;58.144;20.02;20.02;185.22699999999998;20.02;166.46599999999998;20.02;31.125;20.02;20.02;20.02;55.062999999999995;46.58;66.157;374.80799999999994
1972;139.015;74.1;76.991;20.02;20.02;20.02;20.02;20.02;20.02;20.02;20.02;20.02;20.02;20.02;20.02;20.02;20.02;20.02;127.50500000000001;20.02;20.02;20.02;20.02;20.02;20.02;20.02;20.02;20.02;20.02;20.02
1973;1326.3559999999998;95.91399999999999;74.251;20.02;183.678;20.02;20.02;129.517;83.47999999999999;-2.6090000000000018;-2.7180000000000035;0.17299999999999827;84.083;60.726;102.15100000000001;10.02;12.911;20.02;55.751;55.648999999999994;171.115;38.53999999999999;45.166999999999994;36.302;20.02;20.02;53.287;54.711999999999996;58.016;381.65599999999995
1974;69.059;20.02;20.02;20.02;20.02;20.02;20.02;20.02;20.02;20.02;20.02;20.02;20.02;20.02;20.02;20.02;20.02;20.02;20.02;20.02;20.02;20.02;20.02;20.02;20.02;20.02;20.02;20.02;20.02;20.02
1975;126.157;69.50299999999999;79.304;22.88;22.88;22.88;22.88;22.88;22.88;22.88;22.88;22.88;22.88;22.88;22.88;22.88;22.88;22.88;22.88;22.88;22.88;22.88;22.88;22.88;22.88;22.88;22.88;22.88;22.88;22.88
1976;2674.0519999999997;135.733;229.86399999999998;193.662;187.85699999999997;259.423;22.88;180.637;148.71699999999998;99.69399999999999;115.71799999999999;109.205;201.68999999999994;84.204;224.23699999999997;65.891;67.782;22.88;263.379;83.84700000000001;212.052;78.52699999999999;35.181999999999995;72.037;75.033;22.88;59.98899999999999;52.22399999999999;90.041;465.476
1977;694.554;122.833;91.691;174.81;113.077;20.02;20.02;63.949;130.755;20.02;20.02;20.02;20.02;20.02;20.02;20.02;20.02;20.02;20.02;20.02;20.02;20.02;20.02;20.02;20.02;20.02;20.02;20.02;20.02;159.36099999999996
1978;946.488;-26.73400000000001;-21.016999999999996;88.161;159.669;162.41199999999998;25.74;170.414;185.683;31.132999999999996;51.04299999999999;18.762999999999998;101.044;70.395;161.106;56.647999999999996;40.95399999999999;25.74;112.75699999999999;54.684999999999995;143.628;33.912;40.257999999999996;81.17599999999999;55.754999999999995;25.74;107.333;51.712999999999994;75.63099999999999;96.88699999999999
1979;20.02;20.02;20.02;20.02;20.02;20.02;20.02;20.02;20.02;20.02;20.02;20.02;20.02;20.02;20.02;20.02;20.02;20.02;20.02;20.02;20.02;20.02;20.02;20.02;20.02;20.02;20.02;20.02;20.02;20.02
1980;259.546;79.912;72.75;68.31799999999998;91.072;65.42699999999999;20.02;20.02;20.02;20.02;20.02;20.02;20.02;20.02;20.02;20.02;20.02;20.02;20.02;20.02;20.02;20.02;20.02;20.02;20.02;20.02;20.02;20.02;20.02;143.897
1981;2228.042;166.338;189.82999999999998;201.214;195.58499999999998;191.914;25.74;170.687;286.14199999999994;243.72099999999995;170.29899999999998;240.15;170.904;180.587;246.7;214.08999999999997;103.321;25.74;200.18;181.231;271.87199999999996;103.725;127.90699999999998;46.577999999999996;52.468999999999994;25.74;66.759;83.87899999999999;98.029;440.94
1982;68.81099999999999;19.305;19.305;19.305;19.305;19.305;19.305;19.305;19.305;19.305;19.305;19.305;19.305;19.305;19.305;19.305;19.305;19.305;19.305;19.305;19.305;19.305;19.305;19.305;19.305;19.305;19.305;19.305;19.305;19.305
1983;1073.735;61.77799999999999;25.74;25.74;130.61199999999997;25.74;25.74;69.669;142.589;25.74;25.74;66.16799999999999;61.431999999999995;53.32299999999999;149.332;25.74;25.74;25.74;127.082;51.518;264.618;25.74;55.190999999999995;25.74;25.74;25.74;52.995999999999995;25.74;67.77799999999999;253.816
1984;231.03199999999998;104.582;70.36;71.62199999999999;75.92599999999999;20.02;20.02;20.02;20.02;20.02;20.02;20.02;20.02;20.02;20.02;20.02;20.02;20.02;20.02;20.02;20.02;20.02;20.02;20.02;20.02;20.02;20.02;20.02;20.02;20.02
1985;65.18299999999999;19.305;19.305;19.305;19.305;19.305;19.305;19.305;19.305;19.305;19.305;19.305;19.305;19.305;19.305;19.305;19.305;19.305;19.305;19.305;19.305;19.305;19.305;19.305;19.305;19.305;19.305;19.305;19.305;19.305
1986;3381.408;211.76999999999995;125.517;556.434;239.76099999999997;351.71299999999997;22.165;362.043;473.3359999999999;257.97799999999995;289.20099999999996;226.861;339.34799999999996;340.17699999999996;444.994;207.974;131.00099999999998;22.165;499.245;366.99799999999993;429.887;246.90099999999998;185.23199999999997;195.241;187.212;22.165;158.414;129.862;283.32899999999995;517.76
1987;1511.53;115.071;126.476;252.976;181.534;244.98200000000003;19.305;218.25399999999996;235.358;145.796;91.73599999999999;125.41999999999999;173.26299999999998;121.654;228.28199999999998;77.32999999999998;104.816;19.305;145.13;107.382;238.857;144.20499999999998;135.767;127.056;107.376;19.305;132.745;106.636;72.582;242.99
1988;1675.435;112.477;86.036;243.11299999999994;182.067;276.41;20.02;250.43199999999996;243.43899999999996;137.165;113.204;74.086;181.391;145.784;200.357;66.643;70.534;20.02;305.12699999999995;87.28899999999999;193.11499999999998;43.995;20.02;47.557;45.44799999999999;20.02;20.02;47.819;70.65599999999999;398.317
1989;576.675;103.06499999999998;101.023;140.13799999999998;178.351;63.744;22.88;48.224;121.8;59.590999999999994;22.88;22.88;22.88;22.88;178.40099999999998;22.88;22.88;22.88;22.88;22.88;22.88;22.88;22.88;22.88;22.88;22.88;22.88;22.88;22.88;22.88
1990;86.157;20.02;20.02;20.02;20.02;20.02;20.02;20.02;20.02;20.02;20.02;20.02;20.02;20.02;20.02;20.02;20.02;20.02;20.02;20.02;20.02;20.02;20.02;20.02;20.02;20.02;20.02;20.02;20.02;20.02
1991;60.084999999999994;22.88;22.88;22.88;22.88;22.88;22.88;22.88;22.88;22.88;22.88;22.88;22.88;22.88;22.88;22.88;22.88;22.88;22.88;22.88;22.88;22.88;22.88;22.88;22.88;22.88;22.88;22.88;22.88;22.88
1992;107.23699999999998;20.02;20.02;20.02;65.014;20.02;20.02;20.02;20.02;20.02;20.02;20.02;20.02;20.02;20.02;20.02;20.02;20.02;20.02;20.02;20.02;20.02;20.02;20.02;20.02;20.02;20.02;20.02;20.02;20.02
1993;1633.9209999999998;128.769;163.601;197.52399999999997;172.0;199.108;20.02;211.77399999999997;437.08599999999996;282.788;172.899;220.031;182.822;187.878;137.305;105.905;80.459;20.02;275.467;149.23;225.51099999999997;99.58500000000001;72.61699999999999;56.481;52.623999999999995;20.02;71.819;20.02;54.709999999999994;399.4599999999999
1994;1208.185;176.43499999999997;163.79199999999997;167.259;148.31299999999996;25.74;25.74;118.01399999999998;127.93699999999998;25.74;25.74;180.646;59.01899999999999;56.91;130.797;25.74;25.74;25.74;61.91;25.74;204.62099999999998;25.74;48.01899999999999;25.74;25.74;25.74;25.74;25.74;25.74;301.03799999999995
1995;102.07399999999998;70.502;16.445;16.445;16.445;16.445;16.445;16.445;16.445;16.445;16.445;16.445;16.445;16.445;16.445;16.445;16.445;16.445;16.445;16.445;16.445;16.445;16.445;16.445;16.445;16.445;16.445;16.445;16.445;16.445
1996;3353.8;207.34900000000002;320.75;422.37;180.587;449.347;20.02;285.139;288.19199999999995;132.922;132.343;118.27299999999998;172.897;244.38400000000001;250.66400000000002;95.08999999999997;87.269;20.02;465.82099999999997;194.755;261.696;196.07799999999997;60.622;50.49399999999999;20.02;20.02;54.68899999999999;57.58;65.83999999999999;309.567
1997;1005.241;99.586;81.35499999999999;187.767;195.629;213.83599999999998;20.02;128.786;177.599;119.26299999999999;66.84;60.861;102.947;20.02;173.66099999999997;20.02;20.02;20.02;20.02;20.02;20.02;20.02;20.02;20.02;20.02;20.02;20.02;20.02;20.02;173.91
1998;2149.7519999999995;162.51999999999998;-8.550000000000004;0.3409999999999975;143.72699999999998;22.165;22.165;22.165;89.488;115.705;121.27499999999999;108.61599999999999;68.625;134.983;129.156;50.226;94.31499999999998;22.165;400.077;58.07299999999999;173.541;103.304;22.165;62.78999999999999;22.165;22.165;22.165;22.165;22.165;166.344
1999;16.445;16.445;16.445;16.445;16.445;16.445;16.445;16.445;16.445;16.445;16.445;16.445;16.445;16.445;16.445;16.445;16.445;16.445;16.445;16.445;16.445;16.445;16.445;16.445;16.445;16.445;16.445;16.445;16.445;16.445
2000;1297.863;73.005;102.25699999999999;153.15499999999997;126.92999999999999;132.792;20.02;150.99;202.32299999999998;109.69;83.441;70.868;135.838;135.674;239.61099999999996;116.405;90.535;20.02;140.338;151.04899999999998;283.534;103.99499999999999;113.88;104.276;69.339;20.02;115.412;124.90299999999998;151.191;414.229
2001;2448.8979999999997;172.22;163.589;308.22499999999997;215.78199999999995;262.62699999999995;25.74;282.92199999999997;282.81699999999995;191.751;196.214;174.433;234.19499999999996;229.80299999999997;265.876;137.77100000000002;96.28799999999998;25.74;308.171;235.322;333.283;158.69;96.36099999999999;180.48899999999998;168.666;25.74;98.014;91.92999999999999;194.53900000000002;569.336
2002;279.96799999999996;72.947;74.924;20.02;112.27799999999999;20.02;20.02;20.02;20.02;20.02;20.02;20.02;20.02;20.02;20.02;20.02;20.02;20.02;20.02;20.02;20.02;20.02;20.02;20.02;20.02;20.02;20.02;20.02;20.02;20.02
2003;1062.4579999999999;67.048;113.89599999999999;144.028;153.04199999999997;139.133;22.88;120.619;204.534;70.966;52.504999999999995;22.88;123.288;108.905;159.65;113.37699999999998;22.88;22.88;158.64999999999998;146.59799999999998;244.457;151.39999999999998;64.93799999999999;22.88;22.88;22.88;22.88;22.88;22.88;280.307
2004;2489.1299999999997;189.72699999999998;204.87099999999998;167.713;178.404;147.77300000000002;19.305;235.164;273.832;263.116;192.53699999999998;238.36699999999996;206.833;201.447;248.022;196.631;173.82299999999998;19.305;279.77700000000004;154.49599999999998;307.43899999999996;134.214;107.36999999999999;128.089;127.27599999999998;19.305;117.869;93.991;163.071;520.522
2005;2349.165;131.167;152.694;227.50799999999998;181.42;298.359;19.305;279.715;311.652;185.368;200.10299999999998;201.927;203.98899999999998;228.74699999999999;301.947;178.19400000000002;173.92899999999997;19.305;373.181;206.98399999999998;351.703;190.99800000000002;133.53900000000002;161.673;211.729;19.305;165.111;161.424;232.646;509.76
2006;3219.7079999999996;169.067;116.53099999999999;141.613;209.807;255.50099999999998;25.74;238.887;326.03;149.10699999999997;205.648;183.56199999999998;249.313;177.719;262.633;192.60999999999999;101.065;25.74;294.067;191.66999999999996;315.981;186.274;116.85399999999998;167.654;132.079;25.74;105.86999999999999;61.65;63.788999999999994;273.01599999999996
2007;62.77499999999999;20.02;20.02;20.02;20.02;20.02;20.02;20.02;20.02;20.02;20.02;20.02;20.02;20.02;20.02;20.02;20.02;20.02;20.02;20.02;20.02;20.02;20.02;20.02;20.02;20.02;20.02;20.02;20.02;20.02
2008;243.57299999999998;78.83699999999999;76.081;147.29899999999998;22.88;22.88;22.88;22.88;22.88;22.88;22.88;22.88;22.88;22.88;22.88;22.88;22.88;22.88;22.88;22.88;22.88;22.88;22.88;22.88;22.88;22.88;22.88;22.88;22.88;155.328
2009;1582.9489999999996;112.35399999999998;97.219;193.67599999999996;152.54;53.449999999999996;20.02;88.78699999999999;176.034;107.84599999999999;79.16199999999999;57.166999999999994;182.768;68.773;149.062;85.198;56.905;20.02;321.23699999999997;98.823;189.279;44.711999999999996;96.832;61.18599999999999;71.923;20.02;52.132;51.842;50.733;499.438
2010;65.63499999999999;22.88;22.88;22.88;22.88;22.88;22.88;22.88;22.88;22.88;22.88;22.88;22.88;22.88;22.88;22.88;22.88;22.88;22.88;22.88;22.88;22.88;22.88;22.88;22.88;22.88;22.88;22.88;22.88;22.88
2011;236.38299999999998;16.445;16.445;61.416;134.904;16.445;16.445;16.445;105.17499999999998;16.445;16.445;56.047;16.445;59.373999999999995;16.445;16.445;16.445;16.445;16.445;16.445;16.445;16.445;16.445;16.445;16.445;16.445;16.445;16.445;16.445;16.445
2012;1046.9189999999999;74.30699999999999;129.822;76.637;163.87599999999998;67.222;22.88;112.624;96.935;92.327;93.48899999999999;65.35;92.059;62.21499999999999;186.072;109.189;89.39500000000001;22.88;69.059;27.509;190.003;22.88;44.63699999999999;62.05999999999999;66.151;22.88;66.166;54.092;120.70399999999998;297.365
2013;1390.982;157.07999999999998;186.349;293.041;241.41699999999997;285.15799999999996;22.88;258.171;386.86699999999996;234.01399999999995;282.861;229.44;231.982;186.38799999999998;304.563;226.096;200.29899999999998;22.88;211.994;195.048;339.996;207.964;203.629;178.597;140.292;22.88;162.92199999999997;149.98499999999999;207.243;357.83199999999994
2014;2370.549;182.878;132.015;214.444;198.861;192.57;22.88;187.426;309.5;134.885;119.73299999999999;146.473;113.30699999999999;99.594;193.433;91.413;97.30399999999999;22.88;168.38899999999998;100.513;223.066;96.50199999999998;77.076;69.18199999999999;66.073;22.88;89.22200000000001;54.221999999999994;83.692;422.3379999999999
2015;2631.607;154.83599999999998;102.857;201.584;204.647;275.899;19.305;178.569;256.518;219.60999999999999;234.649;192.43600000000004;178.495;211.573;275.294;244.83899999999997;192.828;19.305;264.009;234.973;395.32399999999996;183.105;149.10299999999998;175.05199999999996;201.53900000000002;19.305;98.797;102.12299999999999;170.88099999999997;547.718
2016;786.834;87.76499999999999;22.88;71.55;128.57799999999997;22.88;22.88;22.88;171.82;22.88;22.88;22.88;22.88;22.88;22.88;22.88;22.88;22.88;114.08399999999999;22.88;22.88;22.88;22.88;22.88;22.88;22.88;22.88;22.88;22.88;166.40099999999998
2017;62.77499999999999;20.02;20.02;20.02;20.02;20.02;20.02;20.02;20.02;20.02;20.02;20.02;20.02;20.02;20.02;20.02;20.02;20.02;20.02;20.02;20.02;20.02;20.02;20.02;20.02;20.02;20.02;20.02;20.02;20.02
2018;1559.716;166.149;178.171;93.435;186.72899999999998;62.554;20.02;66.00399999999999;189.906;178.02599999999998;35.036;118.05499999999998;90.257;86.08500000000001;144.137;28.162;13.801999999999998;20.02;353.75399999999996;83.10399999999998;187.607;43.497;134.688;131.16799999999998;45.840999999999994;20.02;86.984;52.656;75.23599999999999;312.962
2019;80.954;75.753;22.88;22.88;22.88;22.88;22.88;22.88;22.88;22.88;22.88;22.88;22.88;22.88;22.88;22.88;22.88;22.88;22.88;22.88;22.88;22.88;22.88;22.88;22.88;22.88;22.88;22.88;22.88;22.88
2020;539.6349999999999;78.111;62.949;20.02;111.03900000000002;20.02;20.02;20.02;67.658;20.02;20.02;20.02;20.02;20.02;90.512;20.02;20.02;20.02;20.02;20.02;20.02;20.02;20.02;20.02;20.02;20.02;20.02;20.02;20.02;20.02
2021;2631.0469999999996;134.447;97.80099999999999;216.98199999999997;194.04699999999997;245.226;25.74;235.506;231.927;145.101;139.822;181.486;187.772;176.368;266.35799999999995;105.87899999999999;99.58099999999999;25.74;332.717;170.421;309.656;124.27999999999999;88.97899999999998;127.50599999999997;123.79299999999998;25.74;107.797;66.604;103.976;427.871
2022;1362.5539999999999;136.61999999999998;150.57299999999998;232.64099999999996;156.826;126.581;22.88;124.38999999999999;245.30299999999997;136.583;22.565999999999995;112.81200000000001;152.557;89.92699999999999;116.81899999999999;88.422;103.602;22.88;296.79499999999996;133.16199999999998;262.90099999999995;117.25299999999999;98.012;118.80399999999997;50.971999999999994;22.88;116.73899999999999;62.596999999999994;71.393;423.99199999999996
2023;146.923;77.111;22.88;22.88;22.88;22.88;22.88;22.88;22.88;22.88;22.88;22.88;22.88;22.88;22.88;22.88;22.88;22.88;22.88;22.88;22.88;22.88;22.88;22.88;22.88;22.88;22.88;22.88;22.88;154.604
2024;169.40799999999996;80.51999999999998;22.88;22.88;22.88;22.88;22.88;22.88;22.88;22.88;22.88;22.88;22.88;22.88;22.88;22.88;22.88;22.88;22.88;22.88;22.88;22.88;22.88;22.88;22.88;22.88;22.88;22.88;22.88;22.88
2025;1096.962;162.03799999999998;221.47;187.367;180.19699999999997;173.33299999999997;20.02;153.036;325.90899999999993;223.90499999999997;113.45199999999998;196.27999999999997;157.324;132.857;181.67499999999998;110.138;73.485;20.02;76.203;83.898;181.655;63.949;65.83999999999999;86.503;41.92999999999999;20.02;62.81899999999999;20.02;64.404;218.70299999999997
2026;2751.2;280.033;228.96099999999998;302.23499999999996;222.00099999999998;255.26399999999998;19.305;266.338;321.719;225.252;243.206;234.20999999999998;278.705;301.405;298.17099999999994;245.49899999999997;177.37099999999998;19.305;289.303;203.914;324.27099999999996;167.46099999999998;145.12099999999998;157.35899999999998;163.375;19.305;122.65699999999998;75.053;199.96699999999998;477.5759999999999
2027;1047.454;76.621;64.96;121.906;185.834;64.983;22.88;22.88;143.623;30.854999999999997;41.20099999999999;64.96;63.37299999999999;65.809;171.117;77.93599999999999;86.93199999999999;22.88;157.49999999999997;69.01599999999999;219.913;45.007999999999996;46.898999999999994;89.91499999999999;22.88;22.88;54.632999999999996;22.88;22.88;229.612
2028;62.77499999999999;20.02;20.02;20.02;20.02;20.02;20.02;20.02;20.02;20.02;20.02;20.02;20.02;20.02;20.02;20.02;20.02;20.02;20.02;20.02;20.02;20.02;20.02;20.02;20.02;20.02;20.02;20.02;20.02;20.02
2029;1858.548;128.80599999999998;103.186;327.855;181.142;312.134;25.74;283.436;331.3;196.932;166.493;205.503;219.85699999999997;227.168;270.916;24.194999999999997;22.086;25.74;342.811;150.389;285.498;178.125;62.199999999999996;143.70299999999997;103.97399999999999;25.74;25.74;25.74;148.581;423.596
2030;75.07900000000001;74.226;16.445;16.445;16.445;16.445;16.445;16.445;16.445;16.445;16.445;16.445;16.445;16.445;16.445;16.445;16.445;16.445;16.445;16.445;16.445;16.445;16.445;16.445;16.445;16.445;16.445;16.445;16.445;16.445
2031;1664.1390000000001;181.15699999999998;201.64;265.015;209.99599999999998;137.642;25.74;165.15999999999997;257.864;221.37599999999998;161.625;410.834;280.394;114.905;224.40399999999997;126.413;88.75899999999999;25.74;166.85999999999999;110.48899999999999;171.414;41.672999999999995;38.56399999999999;61.62;129.25199999999998;25.74;135.346;89.639;151.064;479.839
2032;1432.2949999999998;123.34;120.494;233.23299999999998;190.24099999999996;192.137;22.88;175.71699999999998;205.369;59.352;64.983;62.48199999999999;156.57799999999997;116.369;210.119;540.9929999999999;384.36699999999996;22.88;307.09299999999996;96.942;246.53399999999996;92.502;89.227;91.859;106.75;22.88;71.112;50.679;140.077;259.383
2033;114.405;62.264999999999986;16.445;16.445;16.445;16.445;16.445;16.445;16.445;16.445;16.445;16.445;16.445;16.445;16.445;16.445;16.445;16.445;16.445;16.445;16.445;16.445;16.445;16.445;16.445;16.445;16.445;16.445;16.445;16.445
2034;1723.395;225.20999999999998;171.712;174.30499999999998;191.04499999999996;147.563;25.74;81.845;274.027;191.189;184.14999999999998;124.69399999999999;124.84299999999999;133.519;195.176;141.27499999999998;117.77199999999999;25.74;326.75199999999995;133.536;211.73399999999998;96.28699999999999;71.11699999999999;134.267;120.017;25.74;92.47999999999999;68.669;79.93799999999999;329.728
2035;945.9139999999999;138.581;139.75099999999998;99.32999999999998;169.54399999999998;25.74;25.74;-8.561999999999998;110.39399999999999;25.74;25.74;25.74;82.05199999999999;65.78899999999999;120.607;58.343999999999994;62.235;25.74;73.82;25.74;131.839;50.497;25.74;25.74;97.11399999999999;25.74;25.74;25.74;68.14899999999999;191.875
2036;559.8019999999999;186.981;231.92700000000002;109.253;189.051;124.333;20.02;102.762;126.679;20.02;20.02;20.02;20.02;20.02;20.02;20.02;20.02;20.02;20.02;20.02;20.02;20.02;20.02;20.02;20.02;20.02;20.02;20.02;20.02;20.02
2037;1888.3079999999995;267.87899999999996;308.528;295.451;164.79899999999998;204.18199999999996;19.305;79.35499999999999;245.202;162.551;10.305;190.886;174.993;128.005;171.618;139.192;19.305;19.305;310.094;81.651;194.173;51.456999999999994;19.305;98.393;51.82999999999999;19.305;133.594;65.21199999999999;100.163;359.459
2038;142.78799999999998;22.88;22.88;22.88;22.88;22.88;22.88;22.88;22.88;22.88;22.88;22.88;22.88;22.88;22.88;22.88;22.88;22.88;22.88;22.88;22.88;22.88;22.88;22.88;22.88;22.88;22.88;22.88;22.88;22.88
2039;640.383;126.761;64.17699999999999;16.445;93.19799999999998;16.445;16.445;-18.27;103.54999999999998;50.265;16.445;62.212;16.445;45.614999999999995;133.73000000000002;16.445;16.445;16.445;46.184999999999995;16.445;139.867;16.445;16.445;30.573;59.763999999999996;16.445;47.712;16.445;56.351;84.15899999999999
2040;3584.0129999999995;280.88;293.32;143.386;225.04899999999998;132.94799999999998;20.02;153.53699999999998;332.09999999999997;207.69099999999997;132.20499999999998;196.746;149.43099999999998;115.31799999999998;169.38400000000001;151.19;45.629;20.02;308.39099999999996;80.01499999999999;282.239;88.287;104.14499999999998;109.18099999999998;102.776;20.02;157.451;81.967;199.737;504.73999999999995
2041;326.408;56.28399999999999;17.16;113.394;168.265;17.16;17.16;17.16;17.16;17.16;17.16;17.16;17.16;17.16;17.16;17.16;17.16;17.16;17.16;17.16;17.16;17.16;17.16;17.16;17.16;17.16;17.16;17.16;17.16;17.16
2042;1050.426;90.29399999999998;83.952;165.44;169.587;167.80499999999998;25.74;129.307;200.15300000000002;62.625;85.886;66.16799999999999;87.404;85.07499999999999;186.159;25.74;25.74;25.74;183.32299999999998;42.64999999999999;194.39999999999998;91.42800000000001;25.74;25.74;25.74;25.74;25.74;25.74;25.74;389.05899999999997
2043;1679.6529999999998;173.219;157.83499999999998;22.88;163.39999999999998;164.903;22.88;179.62399999999997;306.08299999999997;179.058;124.02799999999999;158.80700000000002;220.356;153.385;273.009;201.111;126.90499999999997;22.88;196.11899999999997;138.60299999999998;277.854;183.32799999999997;149.509;157.632;131.11399999999998;22.88;103.946;52.766999999999996;104.231;438.49699999999996
2044;683.2449999999999;93.899;67.095;171.786;162.91299999999998;100.20899999999999;19.305;161.95499999999998;217.29999999999998;19.305;19.305;19.305;19.305;19.305;19.305;19.305;19.305;19.305;19.305;19.305;19.305;19.305;19.305;19.305;19.305;19.305;19.305;19.305;19.305;136.987
2045;2761.8959999999997;142.35199999999998;136.04899999999998;212.034;188.94699999999997;267.80999999999995;16.445;194.62699999999998;243.28699999999995;125.49099999999999;170.16899999999998;235.152;124.476;90.28299999999999;179.695;44.126999999999995;36.983999999999995;16.445;303.707;209.787;305.82899999999995;105.958;71.425;159.887;93.52799999999999;16.445;101.43299999999999;57.616;177.421;434.14699999999993
2046;64.91999999999999;22.165;22.165;22.165;22.165;22.165;22.165;22.165;22.165;22.165;22.165;22.165;22.165;22.165;22.165;22.165;22.165;22.165;22.165;22.165;22.165;22.165;22.165;22.165;22.165;22.165;22.165;22.165;22.165;22.165
2047;1413.6999999999998;175.408;146.605;413.08399999999995;170.63;344.98699999999997;20.02;138.589;223.05399999999997;141.658;138.247;113.875;127.73899999999999;74.713;204.57999999999998;85.49499999999999;21.192;20.02;17.519;26.409999999999997;163.85299999999998;41.64699999999999;36.824;81.36599999999999;52.336;20.02;67.573;49.125;107.35499999999999;98.167
2048;1730.7479999999998;123.49;87.431;162.49599999999998;161.243;133.503;19.305;132.246;226.644;124.80499999999999;123.62899999999999;94.347;127.865;125.934;233.88899999999998;108.498;77.19299999999998;19.305;255.28699999999998;123.513;233.744;114.719;79.928;95.27;122.40200000000002;19.305;76.89;75.618;154.529;468.8469999999999
2049;897.1199999999999;107.77199999999999;20.02;24.409999999999997;86.116;45.288;20.02;31.973999999999997;100.984;70.79599999999999;20.02;77.54899999999999;63.872;129.96099999999998;122.213;20.02;20.02;20.02;166.64999999999998;74.687;181.61999999999998;82.46900000000001;96.684;20.02;20.02;20.02;20.02;20.02;20.02;205.30299999999997
2050;98.25399999999999;20.02;20.02;20.02;20.02;20.02;20.02;20.02;20.02;20.02;20.02;20.02;20.02;20.02;20.02;20.02;20.02;20.02;20.02;20.02;20.02;20.02;20.02;20.02;20.02;20.02;20.02;20.02;20.02;20.02
2051;899.553;85.55199999999999;71.291;218.54999999999998;187.127;86.642;20.02;71.002;207.68599999999998;20.02;20.02;20.02;20.02;20.02;20.02;20.02;20.02;20.02;20.02;20.02;20.02;20.02;20.02;20.02;20.02;20.02;20.02;20.02;20.02;158.903
2052;507.94899999999996;75.12;87.18799999999999;123.922;169.99099999999999;22.88;22.88;22.88;22.88;22.88;22.88;22.88;22.88;22.88;22.88;22.88;22.88;22.88;22.88;22.88;22.88;22.88;22.88;22.88;22.88;22.88;22.88;22.88;22.88;159.56
2053;65.63499999999999;22.88;22.88;22.88;22.88;22.88;22.88;22.88;22.88;22.88;22.88;22.88;22.88;22.88;22.88;22.88;22.88;22.88;22.88;22.88;22.88;22.88;22.88;22.88;22.88;22.88;22.88;22.88;22.88;22.88
2054;1066.7199999999998;147.889;171.118;167.719;116.12700000000001;74.81299999999999;22.88;128.791;159.947;60.831999999999994;22.88;22.88;46.15899999999999;54.05;126.97199999999998;22.88;22.88;22.88;93.652;111.49599999999998;227.63899999999998;42.267999999999994;54.477999999999994;22.88;22.88;22.88;45.723;22.88;63.05;170.117
2055;1081.436;133.259;104.60899999999998;98.78;179.97699999999998;86.75699999999999;25.74;90.48799999999999;132.453;25.74;96.73;25.74;25.74;57.81999999999999;145.862;25.74;25.74;25.74;155.178;25.74;150.18099999999998;25.74;25.74;25.74;25.74;25.74;25.74;25.74;77.082;67.86399999999999
2056;96.03;20.02;20.02;20.02;20.02;20.02;20.02;20.02;20.02;20.02;20.02;20.02;20.02;20.02;20.02;20.02;20.02;20.02;20.02;20.02;20.02;20.02;20.02;20.02;20.02;20.02;20.02;20.02;20.02;20.02
2057;85.445;22.88;22.88;76.59100000000001;22.88;22.88;22.88;22.88;22.88;22.88;22.88;22.88;22.88;22.88;22.88;22.88;22.88;22.88;22.88;22.88;22.88;22.88;22.88;22.88;22.88;22.88;22.88;22.88;22.88;22.88
2058;3093.7309999999998;212.29700000000003;249.498;195.93800000000002;171.01699999999997;170.91;22.88;194.25699999999998;251.17;150.524;94.85;124.44999999999999;172.677;93.93599999999999;178.017;79.713;76.26599999999999;22.88;333.67699999999996;95.63;208.82299999999998;22.88;75.30799999999999;102.38999999999999;69.44200000000001;22.88;118.232;22.88;92.654;350.011
2059;315.757;85.37299999999999;73.62599999999999;22.88;22.88;22.88;22.88;22.88;22.88;22.88;22.88;22.88;22.88;22.88;22.88;22.88;22.88;22.88;22.88;22.88;22.88;22.88;22.88;22.88;22.88;22.88;22.88;22.88;22.88;22.88
2060;87.05899999999998;22.88;22.88;22.88;22.88;22.88;22.88;22.88;22.88;22.88;22.88;22.88;22.88;22.88;22.88;22.88;22.88;22.88;22.88;22.88;22.88;22.88;22.88;22.88;22.88;22.88;22.88;22.88;22.88;22.88
2061;1989.685;204.552;170.22199999999998;141.19400000000002;234.47699999999998;67.55699999999999;25.74;57.245999999999995;237.60299999999998;162.262;81.71;117.15499999999999;72.794;112.908;189.12499999999997;150.19299999999998;87.275;25.74;294.703;128.31699999999998;209.843;93.816;130.53300000000002;71.882;68.15599999999999;25.74;122.04299999999999;81.29999999999998;132.853;335.03000000000003
2062;1778.705;220.88299999999998;164.76;164.444;229.53699999999998;157.057;25.74;153.867;305.893;154.36599999999999;88.76399999999998;66.994;87.357;81.24799999999999;184.66899999999998;25.74;25.74;25.74;205.072;65.74099999999999;200.521;62.864;57.081999999999994;52.27699999999999;50.257999999999996;25.74;25.74;60.385999999999996;96.61399999999999;312.4959999999999
2063;1961.753;94.809;163.53199999999998;80.05;174.023;76.684;22.88;71.981;111.19699999999997;22.88;22.88;74.983;94.091;65.00699999999999;146.715;76.244;63.330999999999996;22.88;89.43199999999999;67.606;189.33799999999997;79.64599999999999;86.88;98.711;83.548;22.88;113.437;108.78099999999999;93.283;401.36099999999993
2064;2021.047;149.541;148.12;171.58800000000002;206.469;223.843;19.305;204.97499999999997;285.91799999999995;146.46099999999998;83.211;128.85399999999998;145.696;178.676;247.23399999999998;112.47399999999999;113.145;19.305;233.599;131.296;320.95699999999994;175.972;115.69399999999999;83.63;134.336;19.305;84.75399999999999;19.305;215.767;423.21
2065;1181.2259999999999;135.599;34.123999999999995;-8.698999999999998;203.36899999999997;117.97999999999999;20.02;120.43999999999998;137.28199999999998;20.02;20.02;98.133;73.20599999999999;55.943;143.41899999999998;20.02;20.02;20.02;171.81199999999998;20.02;133.08599999999998;20.02;20.02;35.888999999999996;37.039;20.02;45.821;20.02;88.423;355.59
2066;1555.846;150.08299999999997;173.159;207.039;183.685;185.97299999999998;22.88;160.303;245.57;204.59799999999998;111.61699999999999;133.50099999999998;94.53;110.702;203.813;84.71799999999999;87.793;22.88;147.161;73.709;219.839;64.49099999999999;84.435;59.316;61.31199999999999;22.88;71.34299999999999;52.15899999999999;99.929;405.51099999999997
2067;382.89899999999994;61.025999999999996;63.219;86.747;93.61099999999999;16.445;16.445;16.445;16.445;16.445;16.445;16.445;16.445;16.445;16.445;16.445;16.445;16.445;107.64899999999999;16.445;16.445;16.445;16.445;16.445;16.445;16.445;16.445;16.445;16.445;16.445
2068;783.9459999999999;84.545;78.24199999999999;167.559;183.40499999999997;158.678;19.305;149.182;211.93099999999995;74.63499999999999;19.305;19.305;19.305;19.305;19.305;19.305;19.305;19.305;114.639;19.305;19.305;19.305;19.305;19.305;19.305;19.305;19.305;19.305;19.305;165.11
2069;541.006;94.59399999999998;74.189;180.047;177.63299999999998;72.14699999999999;25.74;47.605999999999995;25.74;25.74;25.74;25.74;25.74;25.74;25.74;25.74;25.74;25.74;25.74;25.74;25.74;25.74;25.74;25.74;25.74;25.74;25.74;25.74;25.74;154.629
2070;653.2589999999999;100.34499999999998;87.196;86.25599999999999;131.757;56.995;20.02;20.02;20.02;20.02;20.02;72.029;60.471;20.02;20.02;20.02;20.02;20.02;20.02;20.02;20.02;20.02;20.02;20.02;20.02;20.02;20.02;20.02;20.02;154.22199999999998
2071;236.034;104.31199999999998;79.326;92.12700000000001;80.198;16.445;16.445;16.445;16.445;16.445;16.445;16.445;16.445;16.445;16.445;16.445;16.445;16.445;16.445;16.445;16.445;16.445;16.445;16.445;16.445;16.445;16.445;16.445;16.445;158.504
2072;62.77499999999999;20.02;20.02;20.02;20.02;20.02;20.02;20.02;20.02;20.02;20.02;20.02;20.02;20.02;20.02;20.02;20.02;20.02;20.02;20.02;20.02;20.02;20.02;20.02;20.02;20.02;20.02;20.02;20.02;20.02
2073;64.91999999999999;22.165;22.165;22.165;22.165;22.165;22.165;22.165;22.165;22.165;22.165;22.165;22.165;22.165;22.165;22.165;22.165;22.165;22.165;22.165;22.165;22.165;22.165;22.165;22.165;22.165;22.165;22.165;22.165;22.165
2074;1316.12;122.74499999999999;118.556;164.55599999999998;204.97000000000003;177.376;20.02;137.549;270.045;101.63300000000001;113.22299999999998;161.08599999999998;10.412;80.488;122.365;20.539999999999996;29.430999999999997;20.02;175.969;24.649;219.226;42.431;122.507;105.30199999999999;40.702999999999996;20.02;59.394999999999996;49.232;97.32;371.18199999999996
2075;1191.4499999999998;111.04899999999999;58.13499999999999;77.40199999999999;173.29199999999997;88.961;16.445;107.44099999999999;189.548;122.734;14.335999999999999;16.445;129.40599999999998;85.972;113.18399999999998;16.445;16.445;16.445;184.5;72.006;187.855;73.34;51.028;82.08999999999999;76.586;16.445;110.49999999999999;66.966;95.45499999999998;301.66999999999996
2076;535.81;116.66;104.399;194.846;200.38199999999998;168.402;22.88;156.093;183.951;65.874;100.065;22.88;62.092;22.88;22.88;22.88;22.88;22.88;22.88;22.88;22.88;22.88;22.88;22.88;22.88;22.88;22.88;22.88;22.88;22.88
2077;62.77499999999999;20.02;20.02;20.02;20.02;20.02;20.02;20.02;20.02;20.02;20.02;20.02;20.02;20.02;20.02;20.02;20.02;20.02;20.02;20.02;20.02;20.02;20.02;20.02;20.02;20.02;20.02;20.02;20.02;20.02
2078;1937.7209999999995;102.214;128.527;153.793;184.57799999999997;208.944;19.305;168.075;244.98999999999998;94.327;94.952;92.715;183.026;159.84199999999998;206.84699999999998;76.66799999999998;64.25299999999999;19.305;194.571;62.211999999999996;222.05299999999997;73.245;69.646;132.00099999999998;129.155;19.305;126.07599999999998;124.01299999999999;119.63799999999999;386.695
2079;403.38300000000004;126.21599999999998;78.49899999999998;99.96399999999998;155.126;64.601;20.02;20.02;20.02;20.02;20.02;20.02;20.02;20.02;20.02;20.02;20.02;20.02;20.02;20.02;20.02;20.02;20.02;20.02;20.02;20.02;20.02;20.02;20.02;156.24299999999997
2080;652.7179999999998;98.54299999999999;81.29399999999998;117.93499999999999;155.176;118.895;22.88;149.87399999999997;107.53399999999999;22.88;22.88;56.28699999999999;22.88;22.88;22.88;22.88;22.88;22.88;22.88;22.88;22.88;22.88;22.88;22.88;22.88;22.88;22.88;22.88;22.88;22.88
2081;4029.2129999999997;248.07799999999997;232.874;323.354;231.71299999999997;468.99399999999997;16.445;345.53700000000003;287.896;271.803;342.83500000000004;408.57699999999994;292.274;258.62399999999997;240.933;126.52;6.922999999999998;16.445;601.7049999999999;161.63299999999998;255.95;174.00599999999997;128.48899999999998;100.04999999999998;107.869;16.445;100.23599999999999;82.619;164.213;534.262
2082;826.223;240.051;275.176;153.37499999999997;224.79;180.643;22.88;162.00900000000001;212.939;22.88;22.88;101.717;22.88;22.88;22.88;22.88;22.88;22.88;136.64899999999997;22.88;22.88;22.88;22.88;22.88;22.88;22.88;22.88;22.88;22.88;189.27700000000002
2083;59.91499999999999;17.16;17.16;17.16;17.16;17.16;17.16;17.16;17.16;17.16;17.16;17.16;17.16;17.16;17.16;17.16;17.16;17.16;17.16;17.16;17.16;17.16;17.16;17.16;17.16;17.16;17.16;17.16;17.16;17.16
2084;2226.2839999999997;104.19999999999999;189.19;257.65999999999997;230.51999999999998;224.24599999999998;22.165;145.86399999999998;347.029;237.661;173.625;194.475;153.70399999999998;131.432;227.65299999999996;138.49099999999999;111.078;22.165;280.123;134.877;239.369;86.94999999999999;71.95599999999999;119.462;85.73499999999999;22.165;143.408;90.035;166.667;443.106
2085;1328.5089999999998;85.586;105.55199999999999;159.195;149.339;181.73199999999997;20.02;158.47699999999998;243.73699999999997;196.776;123.15699999999998;109.642;147.376;136.488;182.676;20.02;20.02;20.02;255.389;147.489;152.969;20.02;20.02;20.02;20.02;20.02;20.02;20.02;20.02;171.163
2086;2451.0099999999993;103.11399999999999;109.52599999999998;242.75;178.71999999999997;299.96099999999996;19.305;222.837;322.97999999999996;130.08599999999998;180.66499999999996;198.826;260.96299999999997;232.84499999999997;320.077;108.976;53.147999999999996;19.305;367.704;237.97;331.171;200.629;116.39299999999997;237.11899999999997;207.50899999999996;19.305;61.09899999999999;105.137;210.39299999999997;356.647
2087;291.62;80.067;94.58099999999999;68.69999999999999;131.28199999999998;22.88;22.88;22.88;22.88;22.88;22.88;22.88;22.88;22.88;22.88;22.88;22.88;22.88;22.88;22.88;22.88;22.88;22.88;22.88;22.88;22.88;22.88;22.88;22.88;148.99599999999998
2088;870.299;124.179;122.20799999999998;160.88199999999998;147.62199999999999;181.102;20.02;135.398;112.826;20.02;20.02;70.72699999999999;20.02;20.02;20.02;20.02;20.02;20.02;20.02;20.02;20.02;20.02;20.02;20.02;20.02;20.02;20.02;20.02;20.02;139.88899999999998
2089;234.57799999999997;20.02;20.02;77.555;80.882;20.02;20.02;20.02;20.02;20.02;20.02;20.02;20.02;20.02;20.02;20.02;20.02;20.02;20.02;20.02;20.02;20.02;20.02;20.02;20.02;20.02;20.02;20.02;20.02;20.02
2090;1192.757;155.40099999999998;138.83399999999997;92.657;148.48899999999998;134.378;22.88;119.09200000000001;129.144;22.88;73.916;22.88;22.88;86.19999999999999;107.14399999999999;22.88;12.531999999999998;22.88;77.18099999999998;22.88;162.03099999999998;22.88;22.88;22.88;22.88;22.88;45.484;22.88;81.18699999999998;242.21499999999997
2091;1780.0559999999998;76.32799999999999;22.083;98.662;188.041;111.663;20.02;96.543;211.464;72.32999999999998;53.58;73.112;82.952;62.155;212.094;73.106;85.63;20.02;123.608;60.440999999999995;233.91699999999997;54.587999999999994;20.02;73.175;71.739;20.02;59.78399999999999;61.675;69.41;346.18600000000004
2092;1105.56;80.154;84.1;130.09599999999998;152.661;97.035;20.02;132.97699999999998;246.22199999999998;115.344;20.02;20.02;20.02;20.02;20.02;20.02;20.02;20.02;129.15699999999998;20.02;20.02;20.02;20.02;20.02;20.02;20.02;20.02;20.02;20.02;126.725
2093;1205.8509999999999;154.48;107.56299999999999;171.62199999999999;208.21300000000002;210.116;22.88;193.71699999999998;302.109;145.957;171.849;165.525;183.515;186.53599999999997;258.034;162.226;148.79399999999998;22.88;216.328;174.777;306.84299999999996;153.036;124.46799999999999;167.968;204.21;22.88;161.61;127.83399999999997;153.833;347.791
2094;149.154;16.445;16.445;16.445;16.445;16.445;16.445;16.445;16.445;16.445;16.445;16.445;16.445;16.445;16.445;16.445;16.445;16.445;16.445;16.445;16.445;16.445;16.445;16.445;16.445;16.445;16.445;16.445;16.445;16.445
2095;930.0139999999999;212.01699999999997;144.589;160.30599999999998;199.42299999999997;8.481999999999996;20.02;85.86599999999999;96.482;91.66299999999998;18.026999999999997;105.304;151.321;113.18599999999998;229.36899999999997;130.94099999999997;86.547;20.02;240.753;108.368;198.09299999999996;81.37199999999999;80.014;98.201;82.092;20.02;88.472;52.36299999999999;114.254;438.0179999999999
2096;78.148;20.02;20.02;20.02;20.02;20.02;20.02;20.02;20.02;20.02;20.02;20.02;20.02;20.02;20.02;20.02;20.02;20.02;20.02;20.02;20.02;20.02;20.02;20.02;20.02;20.02;20.02;20.02;20.02;20.02
2097;3595.2539999999995;235.86599999999996;234.10299999999998;215.21699999999998;235.041;269.28499999999997;16.445;290.26399999999995;553.718;385.1739999999999;318.852;430.378;353.10699999999997;262.679;357.321;426.37499999999994;186.51799999999997;16.445;431.88;212.55;342.941;159.79;168.01399999999998;170.80799999999996;176.30599999999998;16.445;222.23899999999998;248.89299999999997;266.27299999999997;562.177
2098;68.49499999999999;25.74;25.74;25.74;25.74;25.74;25.74;25.74;25.74;25.74;25.74;25.74;25.74;25.74;25.74;25.74;25.74;25.74;25.74;25.74;25.74;25.74;25.74;25.74;25.74;25.74;25.74;25.74;25.74;25.74
2099;1532.495;58.178;66.402;196.31099999999998;189.581;185.53199999999998;22.88;210.985;219.14899999999997;22.88;22.88;98.00800000000001;146.155;175.55599999999998;254.11199999999997;22.88;22.88;22.88;243.68499999999995;142.413;290.058;129.04;70.329;142.646;130.763;22.88;52.17999999999999;55.071;122.472;318.249
2100;2652.298;150.572;120.37899999999999;244.515;199.93099999999998;207.03999999999996;22.88;210.69399999999996;279.049;105.392;100.536;78.972;184.545;151.747;217.83999999999997;70.865;60.416999999999994;22.88;313.51300000000003;220.34199999999998;304.133;178.04699999999997;53.419;95.734;87.49099999999999;22.88;52.135999999999996;22.88;122.36699999999999;345.927
2101;2232.8949999999995;151.48;158.30599999999998;280.979;195.736;281.889;20.02;284.108;365.32599999999996;189.801;140.833;216.30499999999998;220.74399999999997;306.015;229.087;144.53;30.473;20.02;344.56699999999995;192.40699999999998;375.16099999999994;179.19600000000003;60.84899999999999;159.743;154.676;20.02;88.14699999999999;55.385000000000005;130.571;457.47600000000006
2102;1617.729;109.919;129.688;194.933;169.67;220.144;22.88;82.67699999999999;129.12599999999998;84.77599999999998;72.392;66.37299999999999;16.782999999999998;64.354;128.516;22.88;22.88;22.88;154.456;113.86499999999998;197.29699999999997;22.88;22.88;22.88;22.88;22.88;22.88;22.88;62.288999999999994;386.063
2103;334.01499999999993;157.083;59.06999999999999;16.445;122.14299999999999;16.445;16.445;16.445;16.445;16.445;16.445;16.445;16.445;16.445;16.445;16.445;16.445;16.445;16.445;16.445;16.445;16.445;16.445;16.445;16.445;16.445;16.445;16.445;16.445;164.76699999999997
2104;271.77700000000004;136.253;22.88;62.91799999999999;90.29599999999999;22.88;22.88;22.88;128.48499999999999;22.88;22.88;22.88;22.88;22.88;22.88;22.88;22.88;22.88;22.88;22.88;22.88;22.88;22.88;22.88;22.88;22.88;22.88;22.88;22.88;22.88
2105;979.7529999999999;87.171;113.439;177.29499999999996;190.574;60.026999999999994;22.88;69.37299999999999;345.12699999999995;126.97299999999998;48.28699999999999;62.48199999999999;66.335;50.05;133.63799999999998;66.89599999999999;65.78699999999999;22.88;112.78699999999998;22.88;165.663;22.88;22.88;22.88;22.88;22.88;22.88;22.88;48.462999999999994;75.27499999999999
2106;366.45099999999996;85.585;83.065;80.04599999999999;148.344;73.65599999999999;22.88;22.88;109.159;22.88;85.22;88.11099999999999;22.88;22.88;22.88;22.88;22.88;22.88;22.88;22.88;22.88;22.88;22.88;22.88;22.88;22.88;22.88;22.88;22.88;22.88
2107;843.8249999999999;182.904;90.085;22.88;114.698;65.91799999999999;22.88;22.88;158.766;102.61499999999998;22.88;63.482;22.88;22.88;115.70899999999999;22.88;22.88;22.88;22.88;22.88;22.88;22.88;22.88;22.88;22.88;22.88;22.88;22.88;22.88;150.887
2108;1554.6789999999996;66.702;98.91799999999999;87.44200000000001;109.823;22.88;22.88;32.117;105.49599999999998;22.88;65.809;22.88;50.571999999999996;52.918;123.448;61.24499999999999;59.590999999999994;22.88;93.062;22.88;147.927;22.88;22.88;22.88;64.983;22.88;86.04599999999999;22.88;60.876;333.37
2109;5087.794999999999;170.976;152.62699999999998;175.998;221.24699999999999;242.06199999999995;22.88;223.369;405.686;214.478;330.481;163.034;230.801;183.60399999999998;288.49399999999997;150.80599999999998;127.25899999999999;22.88;388.831;191.41499999999996;330.30299999999994;207.97899999999998;160.399;158.24699999999996;174.03300000000002;22.88;105.244;90.804;206.26;453.4
2110;64.91999999999999;22.165;22.165;22.165;22.165;22.165;22.165;22.165;22.165;22.165;22.165;22.165;22.165;22.165;22.165;22.165;22.165;22.165;22.165;22.165;22.165;22.165;22.165;22.165;22.165;22.165;22.165;22.165;22.165;22.165
2111;715.1959999999999;101.80499999999999;109.22899999999998;22.88;131.851;22.88;22.88;39.78999999999999;116.257;22.88;22.88;62.06899999999999;90.50399999999999;22.88;91.25299999999999;22.88;22.88;22.88;73.977;22.88;160.982;49.288999999999994;22.88;55.071;59.20099999999999;22.88;22.88;22.88;22.88;282.75199999999995
2112;1414.147;98.34099999999998;103.661;103.82999999999998;167.42;63.56399999999999;22.88;55.592999999999996;131.99;22.88;22.88;64.547;65.584;69.56299999999999;173.07399999999998;79.52099999999999;22.88;22.88;160.666;57.54899999999999;157.125;22.88;22.88;22.88;22.88;22.88;22.88;22.88;66.34799999999998;300.328
2113;716.855;90.744;99.68399999999998;71.155;158.812;22.88;22.88;22.88;22.88;102.356;57.135999999999996;22.88;43.919999999999995;22.88;112.65200000000002;22.88;22.88;22.88;93.524;22.88;130.851;22.88;36.15899999999999;36.007999999999996;22.88;22.88;22.88;22.88;22.88;192.277
2114;1267.164;154.097;-17.705;-18.269;106.54599999999999;110.44;22.88;-7.299000000000003;120.67299999999997;98.43799999999999;22.88;103.42099999999999;76.93199999999999;113.12099999999998;172.214;92.52699999999999;79.655;22.88;82.41499999999999;22.88;156.49200000000002;98.85;61.26599999999999;88.79599999999999;142.902;22.88;49.074;22.88;51.702;176.22699999999998
2115;1838.1999999999998;273.32800000000003;203.70299999999997;201.48899999999998;167.85199999999998;75.263;22.88;145.85399999999998;347.88599999999997;182.025;161.509;190.849;117.654;124.24599999999998;164.52499999999998;103.52;22.205;22.88;196.86499999999998;76.91799999999999;224.57299999999998;85.12899999999999;95.411;76.38199999999999;64.961;22.88;86.198;57.461;70.463;398.84499999999997
2116;2878.732;272.572;172.40599999999998;210.24099999999999;213.48399999999998;182.54399999999998;22.88;180.29799999999997;234.15;143.877;169.94799999999998;113.29299999999998;229.188;228.78899999999996;260.699;190.976;201.111;22.88;339.73;196.51799999999997;377.05799999999994;146.308;119.00199999999998;160.76099999999997;171.509;22.88;113.81299999999999;103.49099999999999;173.968;529.9659999999999
2117;193.75599999999997;109.03200000000001;22.88;22.88;22.88;22.88;22.88;22.88;22.88;22.88;22.88;22.88;22.88;22.88;22.88;22.88;22.88;22.88;22.88;22.88;22.88;22.88;22.88;22.88;22.88;22.88;22.88;22.88;22.88;161.017
2118;62.77499999999999;20.02;20.02;20.02;20.02;20.02;20.02;20.02;20.02;20.02;20.02;20.02;20.02;20.02;20.02;20.02;20.02;20.02;20.02;20.02;20.02;20.02;20.02;20.02;20.02;20.02;20.02;20.02;20.02;20.02
2119;59.19999999999999;16.445;16.445;16.445;16.445;16.445;16.445;16.445;16.445;16.445;16.445;16.445;16.445;16.445;16.445;16.445;16.445;16.445;16.445;16.445;16.445;16.445;16.445;16.445;16.445;16.445;16.445;16.445;16.445;16.445
2120;1928.7109999999998;130.501;151.87099999999998;195.792;176.80399999999997;174.82899999999998;20.02;115.56299999999999;245.24399999999997;152.25099999999998;108.125;79.067;96.44099999999999;81.87100000000001;190.39299999999997;20.02;20.02;20.02;109.182;20.02;20.02;36.909;37.254999999999995;20.02;20.02;20.02;20.02;20.02;20.02;157.851
2121;1160.806;182.234;193.1;136.629;162.38400000000001;77.561;20.02;85.077;176.928;20.02;20.02;20.02;20.02;20.02;20.02;20.02;20.02;20.02;112.637;20.02;20.02;20.02;20.02;20.02;20.02;20.02;20.02;20.02;20.02;175.127
2122;650.982;82.963;0.7289999999999992;127.62499999999999;90.30799999999999;14.401999999999997;22.88;110.184;134.028;61.658;57.54899999999999;69.895;67.786;22.88;143.22199999999998;22.88;22.88;22.88;88.219;43.203;193.70299999999997;22.88;22.88;41.833999999999996;65.203;22.88;57.896;22.88;50.876;258.81499999999994
2123;218.32099999999997;80.20899999999999;72.314;70.29499999999999;89.887;70.90899999999999;20.02;20.02;20.02;20.02;20.02;20.02;20.02;20.02;20.02;20.02;20.02;20.02;121.136;20.02;20.02;20.02;20.02;20.02;20.02;20.02;20.02;20.02;20.02;148.201
2124;372.293;80.53699999999999;89.487;111.165;121.642;20.02;20.02;20.02;20.02;20.02;20.02;20.02;20.02;20.02;20.02;20.02;20.02;20.02;20.02;20.02;20.02;20.02;20.02;20.02;20.02;20.02;20.02;20.02;20.02;157.54699999999997
2125;62.77499999999999;20.02;20.02;20.02;20.02;20.02;20.02;20.02;20.02;20.02;20.02;20.02;20.02;20.02;20.02;20.02;20.02;20.02;20.02;20.02;20.02;20.02;20.02;20.02;20.02;20.02;20.02;20.02;20.02;20.02
2126;402.63999999999993;20.02;92.804;199.56799999999998;20.02;20.02;20.02;20.02;20.02;20.02;20.02;20.02;20.02;20.02;20.02;20.02;20.02;20.02;20.02;20.02;20.02;20.02;20.02;20.02;20.02;20.02;20.02;20.02;20.02;158.48799999999997
2127;2496.325;312.62;244.57599999999996;178.762;179.54899999999998;193.67199999999997;16.445;215.548;308.037;300.782;148.62099999999998;194.221;181.34699999999998;156.90099999999998;219.90099999999998;181.41699999999997;113.697;16.445;311.26;147.178;302.198;93.92099999999999;206.62599999999998;167.474;104.625;16.445;138.53799999999998;88.43599999999999;186.50099999999998;452.785
2128;62.05999999999999;19.305;19.305;19.305;19.305;19.305;19.305;19.305;19.305;19.305;19.305;19.305;19.305;19.305;19.305;19.305;19.305;19.305;19.305;19.305;19.305;19.305;19.305;19.305;19.305;19.305;19.305;19.305;19.305;19.305
2129;335.044;76.35099999999998;22.88;22.88;118.80099999999999;22.88;22.88;22.88;22.88;22.88;22.88;22.88;22.88;22.88;22.88;22.88;22.88;22.88;22.88;22.88;22.88;22.88;22.88;22.88;22.88;22.88;22.88;22.88;22.88;22.88
2130;1168.0949999999998;143.077;117.655;183.59599999999998;191.88599999999997;156.25599999999997;20.02;115.232;289.057;192.356;169.94400000000002;188.54799999999997;142.161;139.081;213.81199999999998;124.816;115.817;20.02;59.232;20.02;142.61599999999999;20.02;102.92099999999999;20.02;20.02;20.02;20.02;20.02;20.02;145.962
2131;1317.217;130.065;146.57399999999998;154.10199999999998;185.337;200.47899999999998;20.02;154.307;198.583;66.25299999999999;17.778999999999996;99.78199999999998;83.499;84.27799999999999;176.481;65.035;63.925999999999995;20.02;76.03099999999999;91.10199999999999;195.196;48.081;20.02;83.365;59.114;20.02;20.02;48.47099999999999;79.76799999999999;231.541
2132;85.06099999999999;22.88;22.88;22.88;22.88;22.88;22.88;22.88;22.88;22.88;22.88;22.88;22.88;22.88;22.88;22.88;22.88;22.88;22.88;22.88;22.88;22.88;22.88;22.88;22.88;22.88;22.88;22.88;22.88;22.88
2133;71.56;22.88;22.88;22.88;22.88;22.88;22.88;22.88;22.88;22.88;22.88;22.88;22.88;22.88;22.88;22.88;22.88;22.88;22.88;22.88;22.88;22.88;22.88;22.88;22.88;22.88;22.88;22.88;22.88;22.88
2134;62.77499999999999;20.02;20.02;20.02;20.02;20.02;20.02;20.02;20.02;20.02;20.02;20.02;20.02;20.02;20.02;20.02;20.02;20.02;20.02;20.02;20.02;20.02;20.02;20.02;20.02;20.02;20.02;20.02;20.02;20.02
2135;242.558;71.20700000000001;20.02;20.02;129.816;20.02;20.02;65.601;20.02;20.02;20.02;20.02;20.02;20.02;20.02;20.02;20.02;20.02;20.02;20.02;20.02;20.02;20.02;20.02;20.02;20.02;20.02;20.02;20.02;20.02
2136;2449.677;145.99;254.65099999999995;223.69299999999998;230.89999999999998;224.02999999999997;20.02;188.81;350.45099999999996;199.414;169.959;192.09599999999998;98.695;84.97999999999999;213.76299999999998;155.15699999999998;38.792;20.02;374.71399999999994;85.094;262.885;40.56099999999999;49.48;89.158;76.393;20.02;146.325;84.252;112.95299999999999;254.90799999999996
2137;1267.0169999999998;202.236;145.428;158.95999999999998;137.285;118.14299999999999;16.445;150.587;208.64899999999997;58.111999999999995;16.445;83.127;132.23199999999997;158.789;179.749;97.41999999999999;16.445;16.445;233.01799999999997;103.236;241.114;63.251000000000005;115.853;41.399;40.28999999999999;16.445;72.946;16.445;84.351;375.71199999999993
2138;849.4639999999999;94.64099999999999;115.15199999999999;22.88;194.62199999999999;98.31099999999999;22.88;21.926999999999996;145.096;30.9;15.422999999999996;21.314;91.481;102.466;192.608;77.981;83.87199999999999;22.88;127.00399999999999;88.038;210.24399999999997;70.273;93.525;62.967999999999996;22.88;22.88;71.696;62.788;85.995;236.40200000000002
2139;621.1479999999999;123.017;135.364;88.07399999999998;34.367;20.02;20.02;62.949;20.02;69.731;20.02;20.02;20.02;20.02;20.02;20.02;20.02;20.02;20.02;20.02;20.02;20.02;20.02;20.02;20.02;20.02;20.02;20.02;20.02;141.006
2140;279.41499999999996;74.865;22.88;22.88;111.86099999999999;22.88;22.88;62.91799999999999;22.88;22.88;22.88;22.88;22.88;22.88;22.88;22.88;22.88;22.88;22.88;22.88;22.88;22.88;22.88;22.88;22.88;22.88;22.88;22.88;22.88;22.88
2141;196.059;70.036;22.88;93.713;22.88;22.88;22.88;22.88;22.88;22.88;22.88;22.88;22.88;22.88;22.88;22.88;22.88;22.88;22.88;22.88;22.88;22.88;22.88;22.88;22.88;22.88;22.88;22.88;22.88;22.88
2142;551.574;109.083;83.254;76.96;136.892;20.02;20.02;20.02;20.02;20.02;20.02;20.02;20.02;20.02;20.02;20.02;20.02;20.02;20.02;20.02;20.02;20.02;20.02;20.02;20.02;20.02;20.02;20.02;20.02;161.43499999999997
2143;73.447;20.02;20.02;20.02;20.02;20.02;20.02;20.02;20.02;20.02;20.02;20.02;20.02;20.02;20.02;20.02;20.02;20.02;20.02;20.02;20.02;20.02;20.02;20.02;20.02;20.02;20.02;20.02;20.02;20.02
2144;68.49499999999999;25.74;25.74;25.74;25.74;25.74;25.74;25.74;25.74;25.74;25.74;25.74;25.74;25.74;25.74;25.74;25.74;25.74;25.74;25.74;25.74;25.74;25.74;25.74;25.74;25.74;25.74;25.74;25.74;25.74
2145;1001.748;176.60899999999998;145.016;282.652;176.594;229.236;22.88;69.939;102.216;22.88;22.88;22.88;22.88;22.88;22.88;22.88;22.88;22.88;130.161;22.88;22.88;22.88;22.88;22.88;22.88;22.88;22.88;22.88;22.88;157.161
2146;2340.8869999999997;225.178;190.99599999999998;272.371;200.68899999999996;262.938;20.02;124.72399999999999;367.275;178.733;112.04599999999999;193.165;160.901;174.611;222.392;198.128;28.896;20.02;265.068;103.589;252.18999999999997;67.05699999999999;100.60199999999999;88.889;96.19299999999998;20.02;69.975;55.866;107.524;433.227
2147;230.97299999999996;62.48199999999999;84.91399999999999;69.916;89.44299999999998;22.88;22.88;22.88;22.88;22.88;22.88;22.88;22.88;22.88;22.88;22.88;22.88;22.88;22.88;22.88;22.88;22.88;22.88;22.88;22.88;22.88;22.88;61.242999999999995;22.88;22.88
2148;1084.315;155.47899999999998;190.606;137.001;189.882;155.37699999999998;22.88;113.01599999999999;261.051;154.146;126.081;123.67399999999999;132.476;156.84399999999997;236.84999999999997;120.14399999999999;133.0;22.88;205.677;115.82499999999999;242.00199999999998;117.547;105.321;105.027;106.918;22.88;117.18099999999998;106.82799999999999;133.772;439.3159999999999
2149;1632.3059999999996;315.152;178.23399999999998;113.03299999999999;187.01799999999997;87.662;22.88;95.47;229.33399999999997;145.88;53.57;119.00899999999999;100.995;94.92499999999998;183.021;104.69199999999998;91.52599999999998;22.88;193.03199999999998;105.16399999999999;201.81399999999996;113.364;82.329;51.983999999999995;55.928;22.88;75.255;51.092;70.47;381.90299999999996
2150;454.943;141.16;80.051;19.305;143.036;19.305;19.305;19.305;19.305;19.305;19.305;19.305;19.305;19.305;19.305;19.305;19.305;19.305;19.305;19.305;19.305;19.305;19.305;19.305;19.305;19.305;19.305;19.305;19.305;150.964
2151;741.853;62.687;56.551;20.02;160.935;20.02;20.02;45.602999999999994;114.86399999999998;20.02;68.295;56.754;42.647;95.627;187.079;20.02;82.326;20.02;94.46199999999999;20.02;138.374;88.55499999999999;20.02;52.888999999999996;20.02;20.02;53.863;20.02;159.137;69.547
2152;994.1519999999998;100.624;20.02;20.02;118.77799999999999;20.02;20.02;-13.108000000000004;125.05399999999999;20.02;20.02;70.818;86.167;20.02;130.172;20.02;56.275999999999996;20.02;65.654;20.02;140.99099999999999;20.02;20.02;43.147999999999996;20.02;20.02;43.408;20.02;80.05799999999999;233.45
2153;1486.4019999999996;93.168;99.98399999999998;118.783;160.742;95.786;22.88;22.88;143.003;41.52799999999999;22.88;62.48199999999999;55.157;88.376;185.727;22.88;22.88;22.88;22.88;22.88;175.88;22.88;22.88;49.82599999999999;61.717;22.88;46.788;22.88;76.269;168.623
2154;657.963;82.77699999999999;25.74;450.962;158.42199999999997;237.464;25.74;201.41899999999998;264.988;113.04899999999998;25.74;25.74;25.74;25.74;25.74;25.74;25.74;25.74;25.74;25.74;25.74;25.74;25.74;25.74;25.74;25.74;25.74;25.74;25.74;25.74
2155;651.645;157.415;161.17999999999998;341.99;203.048;174.057;19.305;126.57099999999998;117.47799999999998;19.305;19.305;114.07499999999999;19.305;19.305;19.305;19.305;19.305;19.305;118.402;19.305;19.305;19.305;19.305;19.305;19.305;19.305;19.305;19.305;19.305;159.788
2156;4675.429;123.93299999999999;124.958;253.90899999999996;256.00899999999996;289.55499999999995;25.74;203.965;319.996;214.788;209.96099999999998;188.98499999999999;153.225;181.481;265.14199999999994;157.69;92.826;25.74;438.49199999999996;158.772;315.62899999999996;150.93699999999998;90.505;109.68299999999999;161.158;25.74;87.68499999999999;91.55199999999999;124.50799999999998;486.884
2157;110.02599999999998;22.88;22.88;22.88;22.88;22.88;22.88;22.88;22.88;22.88;22.88;22.88;22.88;22.88;22.88;22.88;22.88;22.88;22.88;22.88;22.88;22.88;22.88;22.88;22.88;22.88;22.88;22.88;22.88;22.88
2158;640.986;124.91099999999999;116.30499999999998;97.667;166.718;72.599;20.02;74.92599999999999;140.233;156.29500000000002;111.33399999999997;92.01899999999998;102.10899999999998;75.64499999999998;20.02;20.02;82.859;20.02;168.545;60.05799999999999;116.948;20.02;20.02;20.02;20.02;20.02;20.02;139.65599999999998;57.166999999999994;124.98699999999998
2159;953.0509999999999;155.92699999999996;153.413;195.565;178.132;314.76;19.305;219.15499999999997;235.71499999999997;128.315;115.582;126.146;124.21999999999998;105.064;253.468;84.687;139.098;19.305;137.97;21.456;129.25599999999997;31.238;37.583999999999996;41.019999999999996;19.305;19.305;19.305;41.583999999999996;19.305;276.817
2160;2860.6189999999997;130.631;82.235;316.669;174.54;187.082;22.165;207.95499999999998;199.35699999999997;76.788;45.476;99.758;250.293;182.30499999999998;269.158;62.78399999999999;113.681;22.165;499.44399999999996;159.928;277.751;69.384;100.42;121.95599999999999;105.053;22.165;92.505;63.637;135.06300000000002;360.706
2161;3437.2519999999995;370.05299999999994;238.41199999999998;388.99499999999995;213.70999999999998;444.668;22.165;341.216;528.977;300.609;226.54999999999998;239.28399999999996;352.79499999999996;318.17699999999996;275.279;274.045;237.495;22.165;362.63899999999995;243.48999999999998;385.49199999999996;295.496;137.45299999999997;154.1;277.58500000000004;22.165;215.53499999999997;182.54699999999997;187.746;504.08299999999997
2162;1131.385;67.54899999999999;67.98499999999999;190.089;216.96299999999997;231.04399999999998;22.165;222.037;279.519;88.50399999999999;58.422;64.006;164.421;147.86599999999999;207.474;22.165;22.165;22.165;225.505;134.491;242.25799999999998;101.76999999999998;48.574;110.068;96.27199999999999;22.165;71.411;45.269999999999996;92.071;226.721
2163;1668.3849999999998;177.369;124.458;261.179;180.536;146.701;19.305;93.137;204.19699999999997;164.523;72.807;162.406;90.291;103.77699999999999;170.709;94.95400000000001;70.958;19.305;116.19299999999998;19.305;104.279;19.305;19.305;19.305;19.305;19.305;19.305;19.305;19.305;191.64300000000003
2164;2718.529;162.619;162.078;190.396;219.642;295.951;16.445;143.587;207.724;236.30199999999996;92.806;19.569;45.718;11.261;173.99199999999996;48.566;44.733999999999995;16.445;378.88399999999996;88.84100000000001;188.478;73.52799999999999;56.06;85.30799999999999;72.26499999999999;16.445;65.09899999999999;79.169;56.135000000000005;324.639
2165;311.65799999999996;64.18799999999999;19.305;19.305;118.47600000000001;19.305;19.305;19.305;19.305;19.305;19.305;19.305;19.305;19.305;19.305;19.305;19.305;19.305;19.305;19.305;19.305;19.305;19.305;19.305;19.305;19.305;19.305;19.305;19.305;19.305
2166;931.156;66.89699999999999;52.501;163.90999999999997;237.05;49.117;22.165;241.007;258.17999999999995;25.843999999999998;63.477000000000004;146.447;120.58099999999999;141.704;181.10899999999998;132.058;36.393;22.165;255.75099999999998;75.54799999999999;227.753;98.812;142.327;155.63599999999997;74.38299999999998;22.165;114.80199999999999;63.61599999999999;114.625;433.818
2167;314.614;74.21199999999999;72.02699999999999;112.21199999999999;22.165;22.165;22.165;22.165;22.165;22.165;22.165;22.165;22.165;22.165;22.165;22.165;22.165;22.165;22.165;22.165;22.165;22.165;22.165;22.165;22.165;22.165;22.165;22.165;22.165;22.165
2168;2018.4049999999997;287.424;290.59799999999996;361.49499999999995;226.56799999999998;89.46099999999998;19.305;132.671;347.09899999999993;365.133;321.341;226.35999999999996;133.452;179.003;215.62099999999998;173.896;111.12099999999998;19.305;235.7;171.66199999999998;299.937;170.701;142.103;164.147;63.82299999999999;19.305;196.816;116.43699999999998;208.70699999999997;448.52399999999994
2169;59.19999999999999;16.445;16.445;16.445;16.445;16.445;16.445;16.445;16.445;16.445;16.445;16.445;16.445;16.445;16.445;16.445;16.445;16.445;16.445;16.445;16.445;16.445;16.445;16.445;16.445;16.445;16.445;16.445;16.445;16.445
2170;1366.175;159.476;147.01999999999998;420.48099999999994;221.046;312.392;22.165;228.62499999999997;267.46999999999997;201.17699999999996;128.83599999999998;103.01999999999998;151.563;122.588;190.196;97.65699999999998;100.54799999999999;22.165;295.48;127.744;267.969;167.042;40.70399999999999;160.389;165.351;22.165;110.931;55.15899999999999;131.236;332.67699999999996
2171;1006.3439999999999;137.37599999999998;118.839;326.71799999999996;209.178;283.536;16.445;101.03299999999999;254.862;254.268;162.33099999999996;200.91999999999996;162.927;166.173;91.975;111.37699999999998;76.328;16.445;134.575;16.445;77.89399999999999;16.445;16.445;16.445;16.445;16.445;16.445;16.445;16.445;173.17299999999997
2172;1685.7019999999998;146.267;186.628;197.808;241.07099999999997;169.65599999999998;19.305;138.021;256.68;189.22199999999998;93.609;122.29299999999998;60.41699999999999;102.529;194.52799999999996;85.137;90.832;19.305;262.75899999999996;143.15699999999998;250.962;85.576;81.631;113.541;101.12899999999999;19.305;95.07999999999998;87.347;114.524;324.441
2173;485.80999999999995;63.76599999999999;111.90899999999998;54.894;140.566;56.22099999999999;16.445;62.003;95.94599999999998;16.445;16.445;16.445;16.445;16.445;16.445;16.445;16.445;16.445;16.445;16.445;16.445;16.445;16.445;16.445;16.445;16.445;16.445;16.445;16.445;16.445
2174;611.8399999999999;202.22299999999998;165.087;55.62599999999999;161.24999999999997;43.41;19.305;54.346;202.59699999999998;75.535;104.28399999999999;163.995;71.55699999999999;65.538;135.764;19.305;19.305;19.305;108.05399999999999;19.305;19.305;19.305;19.305;19.305;19.305;19.305;19.305;19.305;19.305;200.614
2175;553.909;194.046;121.626;92.253;19.305;19.305;19.305;19.305;19.305;19.305;87.817;19.305;19.305;19.305;19.305;19.305;19.305;19.305;19.305;19.305;19.305;19.305;19.305;19.305;19.305;19.305;19.305;19.305;19.305;147.766
2176;2253.9709999999995;146.458;102.57300000000001;196.017;211.91199999999998;205.934;16.445;186.15099999999998;308.44399999999996;155.0;172.00099999999998;213.88699999999997;367.59099999999995;217.03799999999998;315.787;152.218;85.941;16.445;350.80299999999994;190.35700000000003;336.203;190.578;113.326;175.391;195.55699999999996;16.445;87.471;88.069;190.325;469.2639999999999
2177;224.63799999999998;19.305;19.305;19.305;115.10999999999999;19.305;19.305;19.305;76.38799999999999;19.305;19.305;19.305;19.305;19.305;19.305;19.305;19.305;19.305;108.90299999999999;19.305;19.305;19.305;19.305;19.305;19.305;19.305;19.305;19.305;19.305;19.305
2178;1314.1129999999998;198.18999999999997;33.424;222.371;174.95499999999998;129.31;22.165;186.333;101.624;1.5779999999999959;22.165;103.04199999999999;232.38099999999997;184.999;206.526;87.398;59.289;22.165;239.992;162.934;233.518;103.502;57.535;106.911;83.60399999999998;22.165;100.207;67.43599999999999;179.221;419.28299999999996
2179;62.05999999999999;19.305;19.305;19.305;19.305;19.305;19.305;19.305;19.305;19.305;19.305;19.305;19.305;19.305;19.305;19.305;19.305;19.305;19.305;19.305;19.305;19.305;19.305;19.305;19.305;19.305;19.305;19.305;19.305;19.305
2180;1230.048;156.52299999999997;141.087;192.50799999999998;150.86299999999997;167.391;16.445;94.80099999999999;328.853;128.19799999999998;16.445;101.803;182.98199999999997;84.448;170.95099999999996;100.113;80.30099999999999;16.445;226.45100000000002;115.032;219.12699999999998;16.445;16.445;35.14;42.617999999999995;16.445;68.31;43.55;89.949;60.952
2181;1320.8959999999997;152.75799999999998;132.703;219.271;171.98999999999998;205.046;16.445;206.69;242.74399999999997;43.846999999999994;85.982;182.84;171.64399999999998;87.835;163.517;111.42599999999999;51.199999999999996;16.445;343.227;133.488;311.041;57.68;44.592;132.102;142.361;16.445;53.265;56.15599999999999;187.90300000000002;282.722
2182;1374.696;132.738;64.75399999999999;181.92199999999997;191.915;164.421;22.88;132.676;301.24;220.058;199.70499999999998;221.76299999999998;177.22799999999998;151.899;275.14599999999996;195.072;102.93299999999999;22.88;126.70199999999998;83.208;225.034;94.215;78.995;95.25;85.12899999999999;22.88;71.514;55.092;61.928999999999995;296.35999999999996
2183;1222.9769999999999;159.373;133.476;94.761;176.151;95.09599999999999;19.305;138.334;186.192;127.74199999999999;33.208;90.715;11.195999999999998;84.547;182.31300000000002;18.868999999999996;25.214999999999996;19.305;276.28099999999995;170.691;220.026;48.153999999999996;81.84599999999999;95.761;89.88799999999999;19.305;106.91899999999998;90.19;106.08099999999999;371.498
2184;2342.667;123.482;151.09799999999998;219.12999999999997;213.47699999999998;268.085;16.445;237.24499999999998;403.61199999999997;193.48799999999997;121.326;251.77499999999998;244.70599999999996;145.75099999999998;93.017;185.85799999999998;80.752;16.445;564.511;204.19199999999998;201.07;107.50499999999998;49.483000000000004;218.55599999999998;120.225;16.445;153.843;91.639;212.24899999999997;431.839
2185;407.71899999999994;19.305;67.102;51.083;149.02499999999998;66.65899999999999;19.305;84.64699999999999;87.993;19.305;19.305;19.305;19.305;19.305;19.305;19.305;19.305;19.305;108.87999999999998;19.305;19.305;19.305;19.305;19.305;19.305;19.305;19.305;19.305;19.305;19.305
2186;4002.7039999999997;214.72299999999998;200.523;541.577;240.35899999999998;345.33099999999996;22.165;171.167;252.632;110.22999999999999;218.439;205.12199999999999;196.331;326.03999999999996;220.827;166.62399999999997;84.96899999999998;22.165;501.9699999999999;164.38;218.93799999999996;133.467;22.165;98.29599999999999;106.044;22.165;104.002;22.165;167.62099999999998;525.2549999999999
2187;2801.162;296.09999999999997;204.24499999999998;276.79499999999996;218.85399999999998;275.58299999999997;22.165;233.59699999999998;282.481;186.095;102.09299999999999;152.736;129.43099999999998;104.406;125.184;71.463;22.165;22.165;112.97899999999998;22.165;22.165;22.165;22.165;22.165;22.165;22.165;22.165;22.165;22.165;152.65
2188;194.19899999999998;62.264999999999986;16.445;16.445;16.445;16.445;16.445;16.445;16.445;16.445;16.445;16.445;16.445;16.445;16.445;16.445;16.445;16.445;16.445;16.445;16.445;16.445;16.445;16.445;16.445;16.445;16.445;16.445;16.445;16.445
2189;1888.1719999999998;226.58499999999998;92.21699999999998;190.514;213.802;271.69199999999995;19.305;166.73;343.073;235.90999999999997;187.784;151.36599999999999;171.79;244.95700000000002;287.33399999999995;171.41799999999998;201.32999999999998;19.305;229.24199999999996;128.73299999999998;179.5;141.82399999999998;33.498;58.46199999999999;58.041;19.305;170.42399999999998;156.15699999999998;248.12999999999997;253.464
2190;2093.8559999999998;243.60599999999997;204.56799999999998;324.042;260.54299999999995;254.81899999999996;25.025;243.947;319.28499999999997;143.891;188.36799999999997;106.531;237.006;172.166;262.322;82.627;82.518;25.025;348.05699999999996;156.41299999999998;252.76299999999998;137.269;105.22399999999999;137.077;102.49799999999999;25.025;80.75200000000001;86.92899999999999;215.471;406.491
2191;428.65299999999996;19.305;19.305;19.305;92.835;19.305;19.305;19.305;19.305;19.305;19.305;19.305;19.305;19.305;19.305;19.305;19.305;19.305;19.305;19.305;19.305;19.305;19.305;19.305;19.305;19.305;19.305;19.305;19.305;19.305
2192;274.342;164.499;91.085;111.04599999999999;19.305;19.305;19.305;19.305;19.305;19.305;19.305;19.305;19.305;19.305;19.305;19.305;19.305;19.305;19.305;19.305;19.305;19.305;19.305;19.305;19.305;19.305;19.305;19.305;19.305;167.23499999999999
2193;1326.9039999999998;64.268;62.05199999999999;225.263;162.005;189.92999999999998;22.165;201.075;135.49099999999999;235.75699999999998;222.01600000000002;199.95299999999997;129.07;145.808;207.639;148.071;98.76599999999999;22.165;171.72899999999998;29.552999999999997;169.274;52.289;66.08999999999999;74.294;62.718999999999994;22.165;87.91999999999999;82.35199999999999;112.35099999999998;111.981
2194;2338.111;143.039;258.425;196.916;204.211;142.72899999999998;19.305;138.475;98.131;60.967;19.305;100.791;132.16199999999998;163.19599999999997;203.00599999999997;80.591;61.625;19.305;149.375;19.305;245.297;19.305;19.305;107.59700000000001;45.45399999999999;19.305;74.148;19.305;186.75;285.753
2195;1503.1459999999997;115.844;114.84899999999999;242.83099999999996;208.682;169.13899999999998;25.74;183.20999999999998;192.04;71.97299999999998;82.56700000000001;111.75299999999999;175.28199999999998;185.75799999999998;270.299;83.03;68.21;25.74;258.702;181.45099999999996;356.11899999999997;167.95999999999998;104.09899999999999;170.736;164.89999999999998;25.74;82.732;92.59899999999999;169.909;393.11099999999993
2196;3433.883;187.47599999999997;387.26599999999996;356.892;210.237;298.198;19.305;206.96599999999998;407.00399999999996;285.593;274.94399999999996;189.848;297.726;226.91799999999998;260.49199999999996;206.83;175.69799999999998;19.305;378.837;196.92899999999997;374.628;138.78;179.822;173.095;140.92499999999998;19.305;173.29999999999998;123.53;148.8;519.141
2197;1722.163;141.26199999999997;129.769;213.10399999999998;209.39499999999998;137.661;25.025;124.68799999999999;235.61799999999997;156.69799999999998;185.527;140.152;153.748;73.29199999999999;239.66299999999998;174.22199999999998;84.0;25.025;356.905;195.50599999999997;356.95599999999996;212.40299999999996;221.552;178.47299999999998;162.47899999999998;25.025;174.138;108.66699999999997;175.13599999999997;491.05699999999996
2198;1911.078;150.971;283.296;209.82899999999998;204.45299999999997;193.70399999999998;16.445;42.179;192.63199999999998;129.32899999999998;68.876;54.394999999999996;64.999;185.54799999999997;252.503;153.754;56.06399999999999;16.445;320.757;196.91699999999997;225.102;27.378;16.445;16.445;16.445;16.445;48.638999999999996;42.179;75.08699999999999;218.12099999999998
2199;2902.234;127.759;97.22899999999998;218.286;210.683;274.675;19.305;194.47799999999998;309.22499999999997;147.99;151.98399999999998;235.815;215.34099999999998;306.78999999999996;331.85299999999995;188.11699999999996;82.405;19.305;328.551;107.37100000000001;301.7939999999999;172.95499999999998;101.919;193.22499999999997;188.156;19.305;239.04799999999997;200.751;258.295;484.532
2200;6214.181999999999;170.973;168.129;299.615;229.67900000000003;225.09499999999997;19.305;209.606;293.97799999999995;194.236;150.291;137.51899999999998;223.253;220.37699999999998;306.871;270.608;223.20899999999997;19.305;501.68699999999995;193.951;324.484;112.90899999999999;126.19199999999998;172.382;184.628;19.305;208.72199999999998;128.207;190.07099999999997;462.16799999999995
2201;1375.5919999999999;57.58;20.02;34.565;127.34299999999999;20.02;20.02;42.408;116.48899999999999;20.02;20.02;59.62199999999999;60.125;87.17;185.688;55.666;20.02;20.02;109.182;20.02;132.673;20.02;20.02;20.02;20.02;20.02;20.02;20.02;20.02;155.048
2202;368.948;19.305;19.305;19.305;113.072;19.305;19.305;71.613;19.305;67.293;19.305;77.88999999999999;59.227;55.34299999999999;147.52100000000002;70.878;19.305;19.305;143.677;19.305;150.879;19.305;19.305;19.305;19.305;19.305;19.305;83.297;19.305;19.305
2203;5633.619;166.03;139.094;263.158;193.265;362.998;16.445;333.611;379.849;284.969;306.117;289.839;330.56;305.282;352.6209999999999;220.957;125.15499999999999;16.445;367.772;280.38800000000003;367.726;211.822;140.105;255.76399999999998;210.023;16.445;116.98500000000001;173.69299999999998;267.335;564.7529999999999
2204;1495.282;195.80599999999998;136.829;163.69299999999998;145.772;115.72;16.445;-15.617999999999999;84.78;16.445;16.445;64.72;-2.163000000000004;16.445;130.26;16.445;11.814;16.445;316.085;64.16499999999999;163.13400000000001;16.445;16.445;36.051;35.68299999999999;16.445;49.608;16.445;85.13499999999999;212.365
2205;152.077;16.445;16.445;16.445;16.445;16.445;16.445;16.445;16.445;16.445;16.445;16.445;16.445;16.445;16.445;16.445;16.445;16.445;16.445;16.445;16.445;16.445;16.445;16.445;16.445;16.445;16.445;16.445;16.445;16.445
2206;1798.0789999999997;222.39399999999998;165.076;252.70599999999996;221.827;261.813;19.305;232.88699999999997;351.667;421.74399999999997;269.198;346.21399999999994;212.702;137.51399999999998;275.635;190.09299999999996;160.396;19.305;325.76199999999994;156.27599999999998;276.11;130.212;134.934;185.33599999999998;149.41299999999998;19.305;139.07299999999998;104.54699999999998;175.68099999999998;498.553
2207;3579.6230000000005;178.551;162.838;187.48199999999997;238.777;222.10000000000002;22.165;198.59999999999997;293.368;143.33;132.963;187.02299999999997;190.982;144.654;270.075;81.50699999999999;87.08999999999999;22.165;357.54200000000003;131.78699999999998;305.24899999999997;149.221;96.749;142.046;147.73499999999999;22.165;126.75099999999998;120.86099999999999;169.47799999999998;323.722
2208;1393.4479999999999;98.946;158.277;211.969;211.988;208.64100000000002;22.165;196.31799999999998;215.903;68.878;99.908;69.874;136.089;79.387;194.56099999999998;22.165;27.098;22.165;223.325;186.052;265.81399999999996;70.727;51.616;77.267;54.596999999999994;22.165;88.824;22.165;105.696;400.657
2209;3061.768;196.89600000000002;213.935;261.507;194.528;280.313;22.165;267.976;322.152;159.916;126.30699999999999;219.22199999999998;279.79999999999995;211.222;357.277;172.224;109.13299999999998;22.165;239.16500000000002;238.15999999999997;343.131;206.333;102.43299999999999;132.175;81.98899999999999;22.165;101.08499999999998;74.231;150.72899999999998;488.544
2210;2435.201;240.27300000000002;215.214;282.721;189.43200000000002;303.826;25.74;197.19799999999998;272.885;162.19199999999998;110.57399999999998;102.34299999999999;220.099;200.93599999999998;153.85899999999998;136.964;128.498;25.74;519.333;180.005;242.697;189.178;85.65599999999999;160.229;168.562;25.74;96.336;84.804;288.93899999999996;228.54899999999998
2211;68.49499999999999;25.74;25.74;25.74;25.74;25.74;25.74;25.74;25.74;25.74;25.74;25.74;25.74;25.74;25.74;25.74;25.74;25.74;25.74;25.74;25.74;25.74;25.74;25.74;25.74;25.74;25.74;25.74;25.74;25.74
2212;64.91999999999999;22.165;22.165;22.165;22.165;22.165;22.165;22.165;22.165;22.165;22.165;22.165;22.165;22.165;22.165;22.165;22.165;22.165;22.165;22.165;22.165;22.165;22.165;22.165;22.165;22.165;22.165;22.165;22.165;22.165
2213;781.088;122.64399999999998;350.65299999999996;185.031;176.288;89.225;16.445;58.961;113.35399999999998;16.445;16.445;54.742999999999995;16.445;16.445;83.633;16.445;16.445;16.445;16.445;16.445;16.445;16.445;16.445;16.445;16.445;16.445;16.445;16.445;16.445;147.756
2214;2677.3239999999996;157.137;212.29199999999997;145.897;224.156;200.19099999999997;19.305;186.772;244.82;172.784;197.036;142.003;120.13399999999999;124.04799999999999;243.93;129.17;109.77599999999998;19.305;225.065;220.00599999999997;271.817;111.275;78.822;165.783;103.11399999999999;19.305;92.746;65.446;88.249;499.306
2215;87.814;20.02;20.02;20.02;85.255;20.02;20.02;20.02;66.913;20.02;20.02;20.02;20.02;20.02;20.02;20.02;20.02;20.02;20.02;20.02;20.02;20.02;20.02;20.02;20.02;20.02;20.02;20.02;20.02;20.02
2216;3562.0959999999995;259.557;327.89;645.934;257.883;394.3639999999999;19.305;244.166;478.578;376.746;216.23499999999996;554.377;249.90499999999997;313.879;241.75;200.25;146.435;19.305;474.405;189.256;350.422;178.51500000000001;148.215;184.64800000000002;139.546;19.305;133.69299999999998;86.733;143.89299999999997;398.082
2217;993.612;160.641;193.495;150.12;183.45499999999998;155.738;22.165;58.48599999999999;173.314;85.58699999999999;70.614;61.353999999999985;96.271;60.334999999999994;153.71599999999998;22.165;84.505;22.165;137.031;61.07299999999999;164.94799999999998;22.165;22.165;22.165;22.165;22.165;22.165;22.165;22.165;201.176
2218;3528.606;325.34499999999997;338.936;560.604;195.41199999999998;500.664;16.445;439.24199999999996;436.45;315.746;281.18199999999996;361.592;608.192;316.90999999999997;328.25300000000004;115.275;40.09299999999999;16.445;739.2539999999999;310.35999999999996;323.39399999999995;215.48999999999995;93.364;274.063;203.57399999999998;16.445;157.976;150.668;295.93;434.25600000000003
2219;59.19999999999999;16.445;16.445;16.445;16.445;16.445;16.445;16.445;16.445;16.445;16.445;16.445;16.445;16.445;16.445;16.445;16.445;16.445;16.445;16.445;16.445;16.445;16.445;16.445;16.445;16.445;16.445;16.445;16.445;16.445
2220;2255.236;150.18;232.01999999999998;245.58399999999997;237.551;211.70199999999997;25.74;210.159;336.185;276.736;204.36599999999999;233.213;192.949;191.961;246.21299999999997;256.644;169.80899999999997;25.74;148.004;156.94;309.60999999999996;154.226;130.54;158.195;171.427;25.74;163.87;160.46;236.27800000000002;478.025
2221;1024.617;162.68699999999998;-27.529000000000003;74.396;106.16;87.121;22.88;55.245;193.428;23.607999999999997;93.592;92.83699999999999;114.26799999999999;73.591;145.794;29.942999999999998;21.378999999999998;22.88;223.531;22.88;35.397999999999996;37.421;39.312;96.41999999999999;43.486;22.88;160.16899999999998;162.803;52.791;231.57599999999996
2222;2944.329;282.47700000000003;287.419;229.57999999999998;221.83299999999997;268.839;16.445;249.24699999999999;464.53899999999993;331.99;257.663;316.31999999999994;277.01699999999994;222.349;295.09299999999996;264.01399999999995;189.74;16.445;270.929;216.76999999999998;330.38899999999995;189.095;214.63799999999998;166.021;163.95999999999998;16.445;158.74699999999999;215.81099999999998;168.338;637.442
2223;7030.9039999999995;149.663;180.08499999999998;175.191;196.16299999999998;218.356;19.305;238.44799999999998;302.346;87.289;65.12499999999999;63.473;113.059;136.95;164.09799999999998;65.06;19.305;19.305;471.64;348.78999999999996;306.08299999999997;131.552;98.098;153.37199999999999;181.368;19.305;136.66;19.305;106.621;466.257
2224;2091.453;56.21399999999999;67.797;208.777;170.487;193.023;25.74;225.74099999999999;252.89099999999996;115.839;169.247;109.83799999999998;269.00199999999995;260.90099999999995;220.769;118.16799999999999;124.452;25.74;332.66999999999996;111.377;189.707;75.66199999999999;69.84299999999999;117.95299999999997;183.236;25.74;25.74;87.818;144.593;25.74
2225;432.30999999999995;110.29999999999998;149.863;134.119;118.66899999999998;95.17599999999999;19.305;101.86299999999999;19.305;19.305;19.305;19.305;19.305;19.305;19.305;19.305;19.305;19.305;110.50899999999999;19.305;19.305;19.305;19.305;19.305;19.305;19.305;19.305;19.305;19.305;19.305
2226;1634.9269999999997;93.263;149.475;175.86599999999999;222.67899999999997;190.60099999999997;19.305;157.65499999999997;261.242;109.44999999999999;74.88;59.31999999999999;107.602;89.65299999999999;189.938;134.987;100.75399999999999;19.305;68.913;19.305;157.846;19.305;19.305;19.305;19.305;19.305;19.305;19.305;19.305;165.589
2227;3826.9119999999994;136.404;271.431;273.373;231.213;250.131;16.445;304.69899999999996;428.02799999999996;321.16099999999994;320.37;308.71099999999996;223.508;226.649;183.88799999999998;248.65499999999997;84.108;16.445;367.954;215.929;368.745;93.04699999999998;125.361;146.341;79.234;16.445;159.06;139.217;152.605;537.348
2228;897.8919999999999;257.258;162.83999999999997;194.03599999999997;175.989;16.445;16.445;16.445;16.445;16.445;16.445;16.445;16.445;16.445;16.445;16.445;16.445;16.445;110.97599999999997;16.445;16.445;16.445;16.445;16.445;16.445;16.445;16.445;16.445;16.445;165.10199999999998
2229;2251.567;129.126;111.797;223.44899999999998;197.228;211.12599999999998;16.445;216.32999999999998;308.063;247.631;205.95899999999997;260.457;161.50099999999998;258.132;246.15099999999998;16.445;16.445;16.445;334.27;177.856;331.69;122.697;16.445;128.865;136.685;16.445;16.445;67.514;186.07999999999998;415.647
2230;1912.671;68.84299999999999;16.445;127.88299999999998;179.49699999999999;144.289;16.445;165.80899999999997;206.62599999999998;68.52499999999999;139.1;72.346;91.44699999999999;87.222;199.95100000000002;68.198;70.263;16.445;317.79599999999994;89.709;224.92399999999998;68.889;64.481;88.65;66.88;16.445;62.416;77.192;169.08599999999998;328.34
2231;767.0509999999999;92.227;80.66299999999998;125.43899999999998;177.671;53.592;16.445;60.373999999999995;113.32699999999998;16.445;16.445;16.445;16.445;16.445;90.932;16.445;16.445;16.445;229.97799999999998;67.917;182.90799999999996;55.244;16.445;16.445;16.445;16.445;16.445;16.445;16.445;122.976
2232;59.19999999999999;16.445;16.445;16.445;16.445;16.445;16.445;16.445;16.445;16.445;16.445;16.445;16.445;16.445;16.445;16.445;16.445;16.445;16.445;16.445;16.445;16.445;16.445;16.445;16.445;16.445;16.445;16.445;16.445;16.445
2233;1334.9879999999998;63.482;114.77599999999998;111.54199999999999;190.04799999999997;20.845999999999997;22.88;69.29899999999999;317.655;73.299;84.14099999999999;91.564;147.84599999999998;111.79799999999997;191.093;137.101;63.82299999999999;22.88;176.113;100.501;240.63699999999997;52.943999999999996;63.733999999999995;147.883;87.52;22.88;103.12199999999999;63.876999999999995;149.00900000000001;250.35
2234;37.733999999999995;19.305;19.305;19.305;70.274;19.305;19.305;19.305;86.578;19.305;19.305;19.305;19.305;19.305;43.78;19.305;19.305;19.305;19.305;19.305;70.274;19.305;19.305;19.305;19.305;19.305;19.305;19.305;19.305;19.305
2235;2129.343;104.90199999999999;228.269;302.73799999999994;254.63100000000003;168.044;16.445;200.47699999999998;301.94599999999997;143.344;147.394;175.345;102.481;160.664;272.51899999999995;78.488;70.00899999999999;16.445;281.47499999999997;106.41;306.423;159.76999999999998;87.95;137.375;108.03300000000002;16.445;79.883;16.445;163.11399999999998;242.88899999999998
2236;1550.473;235.42899999999997;211.90099999999998;322.828;187.423;289.717;22.165;135.819;468.37;118.67399999999999;22.165;72.266;250.161;130.951;117.30599999999998;22.165;53.855;22.165;330.001;298.69;334.774;173.72699999999998;94.80399999999999;22.165;22.165;22.165;22.165;22.165;22.165;189.789
2237;816.1329999999998;127.74099999999999;85.102;173.296;172.82799999999997;229.75199999999995;16.445;214.39899999999997;200.501;87.80799999999999;66.785;94.869;16.445;16.445;16.445;16.445;16.445;16.445;111.80199999999998;16.445;16.445;16.445;16.445;16.445;16.445;16.445;16.445;16.445;16.445;145.626
2238;2792.303999999999;207.32999999999998;249.95299999999997;411.965;202.819;435.681;19.305;483.54999999999995;326.171;184.795;255.863;316.087;307.78;284.01099999999997;264.073;138.153;48.387;19.305;422.373;254.964;359.176;197.489;117.94299999999998;219.46300000000002;179.935;19.305;91.84499999999998;140.39;234.872;432.0089999999999
2239;923.432;252.23599999999996;135.95299999999997;267.428;189.11799999999997;248.80499999999995;25.74;226.35000000000002;205.735;84.77599999999998;25.74;25.74;25.74;25.74;25.74;93.54599999999999;25.74;25.74;25.74;25.74;25.74;25.74;25.74;25.74;25.74;25.74;25.74;25.74;25.74;25.74
2240;64.91999999999999;22.165;22.165;22.165;22.165;22.165;22.165;22.165;22.165;22.165;22.165;22.165;22.165;22.165;22.165;22.165;22.165;22.165;22.165;22.165;22.165;22.165;22.165;22.165;22.165;22.165;22.165;22.165;22.165;22.165
2241;2028.7169999999996;163.968;173.959;273.93899999999996;168.112;297.45899999999995;22.165;249.034;281.17999999999995;251.05299999999997;300.342;283.247;294.43399999999997;262.246;335.506;282.155;141.565;22.165;340.761;122.75099999999999;264.14599999999996;80.834;67.54899999999999;75.356;22.165;22.165;58.833999999999996;22.165;22.165;235.34099999999998
2242;59.91499999999999;17.16;17.16;17.16;17.16;17.16;17.16;17.16;17.16;17.16;17.16;17.16;17.16;17.16;17.16;17.16;17.16;17.16;17.16;17.16;17.16;17.16;17.16;17.16;17.16;17.16;17.16;17.16;17.16;17.16
2243;1357.4689999999998;93.35399999999998;145.764;162.426;178.82;177.15499999999997;22.165;138.723;215.97999999999996;138.971;127.74199999999999;105.80099999999999;114.776;130.71699999999998;201.08799999999997;112.94899999999998;95.03699999999999;22.165;248.85899999999998;59.992999999999995;237.171;102.17599999999999;106.68599999999999;100.78899999999999;43.422999999999995;22.165;99.62599999999999;45.68299999999999;127.649;232.684
2244;2464.111;191.377;135.49599999999998;179.613;208.403;215.75099999999998;19.305;186.69;286.383;273.02699999999993;152.01999999999998;242.00699999999995;199.759;143.844;254.39999999999995;164.006;137.769;19.305;184.541;165.92499999999998;217.44299999999998;191.58399999999997;151.71299999999997;172.91199999999998;188.20499999999998;19.305;139.003;126.09499999999998;163.04399999999998;454.457
2245;2898.408;225.13899999999998;256.697;260.226;208.39999999999995;264.325;19.305;252.111;394.2489999999999;213.20899999999997;327.331;215.974;317.675;229.99099999999996;312.50199999999995;230.685;138.199;19.305;409.634;310.19399999999996;355.81600000000003;192.90399999999997;123.727;270.14099999999996;217.03199999999998;19.305;158.04399999999998;103.85300000000001;212.231;512.2009999999999
2246;1934.9269999999997;94.62899999999999;90.304;196.567;179.358;175.85799999999998;20.02;142.14399999999998;210.80599999999998;122.44999999999999;117.98700000000001;168.515;168.98;192.968;299.722;112.01299999999999;75.94;20.02;325.75699999999995;170.006;292.7;117.58;20.02;20.02;66.18199999999999;20.02;73.714;87.626;175.828;388.4649999999999
2247;62.77499999999999;20.02;20.02;20.02;20.02;20.02;20.02;20.02;20.02;20.02;20.02;20.02;20.02;20.02;20.02;20.02;20.02;20.02;20.02;20.02;20.02;20.02;20.02;20.02;20.02;20.02;20.02;20.02;20.02;20.02
2248;1258.367;187.605;304.936;230.319;254.14199999999997;156.29999999999998;20.02;137.83599999999998;213.15699999999998;126.131;24.887999999999998;131.378;146.32899999999998;74.26299999999999;112.82999999999998;184.26;20.02;20.02;281.69;43.93;225.00099999999998;29.365999999999993;28.256999999999998;46.30199999999999;20.02;20.02;40.233999999999995;20.02;78.01599999999999;220.414
2249;2795.95;212.81399999999996;191.44;270.589;193.426;307.308;22.165;298.438;354.3829999999999;201.95299999999997;225.78999999999996;260.201;420.90700000000004;267.07399999999996;358.2049999999999;355.16799999999995;135.222;22.165;398.274;213.219;335.81499999999994;172.617;168.129;171.386;172.126;22.165;166.91199999999998;168.73799999999997;223.53699999999998;888.884
2250;545.6469999999999;175.96699999999998;75.931;50.69;86.16900000000001;19.305;19.305;19.305;27.541999999999994;49.431;54.77699999999999;19.305;65.157;77.707;19.305;71.175;55.62599999999999;19.305;245.27999999999997;116.74699999999999;161.062;86.52099999999999;19.305;42.8;19.305;19.305;19.305;19.305;85.12299999999999;202.851
2251;3458.644;192.738;240.539;328.998;219.84199999999998;225.245;19.305;118.969;273.39599999999996;159.884;146.106;254.85899999999998;223.849;191.427;210.64499999999995;72.60499999999999;63.07199999999999;19.305;167.522;98.085;185.242;85.18799999999999;75.463;171.339;74.643;19.305;135.283;79.01299999999999;292.983;122.428
2252;3128.1989999999996;179.188;259.751;308.553;224.87299999999996;367.661;22.165;375.12899999999996;345.70599999999996;384.675;245.488;354.269;315.544;264.741;330.711;235.123;241.571;22.165;218.23399999999998;268.20899999999995;372.325;214.411;230.659;262.66599999999994;232.809;22.165;270.407;273.03;266.88;607.3849999999999
2253;62.885999999999996;19.305;19.305;19.305;19.305;19.305;19.305;19.305;19.305;19.305;19.305;19.305;19.305;19.305;19.305;19.305;19.305;19.305;19.305;19.305;19.305;19.305;19.305;19.305;19.305;19.305;19.305;19.305;19.305;19.305
2254;2073.447;233.786;265.829;267.809;216.61599999999999;237.77499999999998;16.445;233.593;366.7509999999999;245.95399999999998;218.492;233.161;155.718;196.462;273.822;137.525;113.05999999999999;16.445;173.618;157.27499999999998;283.73;195.99099999999999;123.23599999999998;153.002;167.85999999999999;16.445;131.836;147.304;203.052;451.085
2255;261.663;167.25300000000001;179.675;135.18599999999998;123.035;107.99;22.88;79.96000000000001;22.88;22.88;22.88;22.88;22.88;22.88;22.88;22.88;22.88;22.88;22.88;22.88;22.88;22.88;22.88;22.88;22.88;22.88;22.88;22.88;22.88;22.88
2256;1929.894;140.64399999999998;242.376;143.393;212.433;208.72999999999996;20.02;167.296;345.976;182.182;176.323;168.009;160.399;139.51;226.986;167.402;53.25299999999999;20.02;204.151;175.09499999999997;258.966;94.434;71.507;154.554;155.29399999999998;20.02;133.53199999999998;92.238;107.144;459.37499999999994
2257;700.252;82.807;22.165;22.165;112.744;22.165;22.165;22.165;104.368;22.165;22.165;22.165;22.165;22.165;22.165;22.165;22.165;22.165;118.76099999999998;22.165;22.165;22.165;22.165;22.165;22.165;22.165;22.165;22.165;22.165;183.29
2258;394.721;70.90899999999999;62.211;19.305;87.90599999999999;19.305;19.305;81.03699999999999;19.305;19.305;19.305;19.305;19.305;19.305;19.305;19.305;19.305;19.305;110.11899999999999;19.305;19.305;19.305;19.305;19.305;19.305;19.305;19.305;19.305;19.305;144.048
2259;1647.655;125.207;121.81;158.88199999999998;183.13299999999998;150.48399999999998;16.445;194.369;353.185;282.175;166.22899999999998;138.33999999999997;151.26999999999998;162.552;222.47699999999998;250.80199999999996;142.018;16.445;302.539;113.322;252.62099999999998;159.656;157.035;84.01899999999998;113.972;16.445;121.62799999999999;120.096;130.363;276.017
2260;801.334;136.675;95.589;259.721;177.86499999999998;208.946;25.74;97.823;166.578;25.74;79.168;25.74;25.74;25.74;25.74;25.74;25.74;25.74;25.74;25.74;25.74;25.74;25.74;25.74;25.74;25.74;25.74;25.74;25.74;134.09699999999998
2261;64.91999999999999;22.165;22.165;22.165;22.165;22.165;22.165;22.165;22.165;22.165;22.165;22.165;22.165;22.165;22.165;22.165;22.165;22.165;22.165;22.165;22.165;22.165;22.165;22.165;22.165;22.165;22.165;22.165;22.165;22.165
2262;739.5449999999998;113.518;112.50099999999999;138.19899999999998;201.57;16.445;16.445;88.871;176.722;51.265;16.445;16.445;97.32;16.445;16.445;16.445;16.445;16.445;16.445;16.445;16.445;16.445;16.445;16.445;16.445;16.445;16.445;16.445;16.445;155.47299999999998
2263;2308.574;523.4549999999999;409.3929999999999;279.942;200.47899999999998;252.737;16.445;219.35;472.87799999999993;242.99599999999998;178.209;182.16;187.03299999999996;142.71699999999998;301.323;184.91199999999998;101.81299999999999;16.445;363.06899999999996;222.28300000000002;322.14;160.439;163.54;151.81699999999998;121.86499999999998;16.445;182.038;160.159;225.84599999999998;692.5139999999999
2264;1610.671;98.005;225.142;-21.222999999999995;163.37199999999999;129.593;22.165;76.35199999999999;100.292;115.327;22.165;129.075;5.382999999999999;81.68699999999998;133.969;75.005;22.165;22.165;173.53099999999998;72.83;195.845;106.863;36.922;55.524;52.269999999999996;22.165;67.131;47.74799999999999;97.89099999999999;429.09799999999996
2265;1064.1599999999999;126.09;149.248;236.15599999999998;221.77299999999997;239.09199999999998;22.88;177.89299999999997;292.64099999999996;157.50199999999998;109.929;159.515;22.88;22.88;22.88;22.88;22.88;22.88;122.36699999999999;22.88;22.88;22.88;22.88;22.88;22.88;22.88;22.88;22.88;22.88;138.497
2266;1352.578;156.24599999999998;121.81900000000002;280.019;200.206;468.8179999999999;22.88;268.85499999999996;396.10299999999995;22.88;22.88;22.88;22.88;22.88;22.88;22.88;22.88;22.88;22.88;22.88;22.88;22.88;22.88;22.88;22.88;22.88;22.88;22.88;22.88;191.57199999999997
2267;1810.4729999999997;111.95599999999999;125.22599999999998;144.40699999999998;185.35099999999997;151.483;25.74;194.24599999999998;320.693;251.82799999999995;203.66899999999998;209.911;196.63;158.992;233.34799999999996;203.595;144.177;25.74;229.57399999999998;176.875;262.759;72.47399999999999;25.74;86.28599999999999;78.71099999999998;25.74;101.98599999999999;25.74;121.59799999999998;407.027
2268;1649.722;117.45599999999999;161.31;164.96099999999998;176.54;114.006;19.305;146.17899999999997;262.191;153.97899999999998;85.817;122.243;175.571;190.43200000000002;207.28199999999998;107.15099999999998;90.582;19.305;284.10799999999995;65.73399999999998;212.138;47.41;96.55099999999999;92.06199999999998;55.778999999999996;19.305;82.32;71.78200000000001;153.98299999999998;508.089
2269;1746.039;220.31599999999997;279.645;174.819;201.534;151.492;19.305;205.223;330.628;315.17699999999996;215.11999999999998;255.07399999999998;214.712;155.312;279.06199999999995;185.07399999999998;139.889;19.305;288.544;187.884;338.12699999999995;214.053;192.18799999999996;181.99699999999999;162.226;19.305;161.75;166.232;243.20299999999997;539.29
2270;3290.524;201.12899999999996;179.168;225.642;213.70999999999998;254.33599999999998;16.445;127.78;306.54499999999996;192.25799999999998;103.655;129.59599999999998;160.35699999999997;125.74999999999999;169.50799999999998;132.791;99.276;16.445;386.3299999999999;216.411;332.6619999999999;154.24499999999998;91.797;119.91499999999999;103.066;16.445;121.127;91.156;204.46999999999997;547.785
2271;1775.3139999999999;127.48199999999999;152.777;147.03699999999998;189.94399999999996;171.93;16.445;138.85999999999999;238.72499999999997;149.951;79.92399999999999;97.812;143.218;109.28699999999998;228.70499999999998;213.928;94.572;16.445;196.704;155.029;267.892;111.731;76.891;62.74;56.852999999999994;16.445;58.151999999999994;16.445;83.279;399.054
2272;948.9279999999999;241.667;169.04899999999998;198.06;215.75199999999998;176.422;19.305;173.36399999999998;349.668;290.9069999999999;167.613;164.044;71.30699999999999;68.01599999999999;147.386;19.305;19.305;19.305;117.163;19.305;19.305;19.305;19.305;19.305;19.305;19.305;19.305;19.305;19.305;164.143
2273;1261.161;103.66;129.619;108.474;162.094;88.56899999999999;20.02;87.024;112.41299999999998;52.187999999999995;55.07899999999999;71.03099999999999;59.27499999999999;63.85399999999999;57.144;69.23400000000001;63.925999999999995;20.02;108.85999999999999;20.02;160.749;20.02;45.58;20.02;20.02;20.02;20.02;20.02;20.02;365.635
2274;1260.8339999999998;90.281;163.909;230.601;178.743;95.788;22.88;156.99699999999999;187.95899999999995;63.894999999999996;92.89099999999999;81.976;170.76399999999998;102.30999999999999;183.40799999999996;90.98999999999998;95.368;22.88;256.368;162.04399999999998;181.647;55.657999999999994;68.549;108.674;116.99799999999999;22.88;67.572;77.45899999999999;86.82;238.28300000000002
2275;1705.2579999999998;146.10199999999998;135.98;173.42;203.04999999999998;161.60399999999998;22.88;178.34999999999997;249.563;87.99199999999999;87.95799999999998;73.753;99.376;71.335;164.98399999999998;85.88499999999999;60.591;22.88;157.572;62.504999999999995;226.83599999999998;62.092;72.91399999999999;40.247;41.138;22.88;75.892;22.88;74.115;246.97500000000002
2276;272.272;65.531;19.305;74.675;19.305;19.305;19.305;19.305;19.305;19.305;19.305;19.305;19.305;19.305;19.305;19.305;19.305;19.305;113.42299999999999;19.305;19.305;19.305;19.305;19.305;19.305;19.305;19.305;19.305;19.305;19.305
2277;1822.761;136.72799999999998;111.187;317.835;208.697;270.342;20.02;246.524;312.69599999999997;163.612;85.81199999999998;202.98899999999998;203.08899999999997;207.158;301.5;119.16399999999999;20.02;20.02;309.7579999999999;141.634;288.345;102.905;65.849;107.92099999999999;61.814;20.02;68.258;52.108999999999995;112.511;443.565
2278;1048.1139999999998;109.90999999999998;121.62499999999999;147.394;170.504;143.301;20.02;112.204;239.767;153.81799999999998;71.68499999999999;104.13;3.0569999999999986;20.02;131.25;15.761;16.652;20.02;133.706;52.849;163.689;65.943;68.00299999999999;45.111;39.039;20.02;52.028;46.75399999999999;67.72;272.556
2279;2836.2169999999996;97.36599999999999;96.125;164.44;205.738;154.088;22.88;176.27299999999997;333.768;128.06199999999998;171.72899999999998;207.53699999999998;194.089;198.212;247.637;185.53699999999998;69.201;22.88;279.14099999999996;144.154;287.89;98.31499999999998;124.42099999999999;117.392;70.241;22.88;22.88;22.88;100.199;472.439
2280;1497.1;101.70199999999998;132.737;156.108;173.249;202.54999999999998;25.74;186.808;180.435;79.08;78.971;95.20899999999999;191.56199999999998;239.51799999999997;243.325;70.044;66.87499999999999;25.74;205.963;175.361;307.198;86.317;47.524;74.4;52.294999999999995;25.74;66.65899999999999;53.952;98.325;264.339
2281;65.63499999999999;22.88;22.88;22.88;22.88;22.88;22.88;22.88;22.88;22.88;22.88;22.88;22.88;22.88;22.88;22.88;22.88;22.88;22.88;22.88;22.88;22.88;22.88;22.88;22.88;22.88;22.88;22.88;22.88;22.88
2282;1286.61;153.22499999999997;142.27499999999998;93.012;201.0;120.55999999999999;25.74;9.43;186.96099999999998;78.83;109.30799999999999;204.807;137.082;91.954;231.02700000000002;25.74;65.103;25.74;172.226;124.43199999999999;196.753;130.024;53.364999999999995;101.26499999999999;79.156;25.74;52.995999999999995;58.757;197.127;438.91799999999995
2283;3012.2389999999996;181.34799999999998;202.527;190.19099999999997;206.815;257.808;16.445;220.98499999999996;228.04399999999998;157.98199999999997;183.373;242.577;250.03;229.77199999999996;291.948;143.238;95.87;16.445;742.7180000000001;190.50199999999998;325.605;174.742;99.52199999999999;166.01799999999997;140.13;16.445;72.24699999999999;60.915000000000006;131.933;406.311
2284;493.895;100.502;108.86;90.584;164.32999999999998;81.40599999999999;22.88;22.88;22.88;22.88;22.88;22.88;22.88;22.88;22.88;22.88;22.88;22.88;22.88;22.88;22.88;22.88;22.88;22.88;22.88;22.88;22.88;22.88;22.88;22.88
2285;378.46299999999997;121.392;89.09899999999999;16.445;65.56899999999999;16.445;16.445;16.445;16.445;16.445;16.445;16.445;16.445;16.445;16.445;16.445;16.445;16.445;16.445;16.445;16.445;16.445;16.445;16.445;16.445;16.445;16.445;16.445;16.445;182.752
2286;1686.2649999999999;16.445;16.445;192.083;174.17999999999998;137.368;16.445;168.509;230.198;116.274;73.83999999999999;56.047;120.835;126.81899999999999;244.488;132.57299999999998;123.67499999999998;16.445;147.15499999999997;139.751;261.317;138.786;135.331;92.47099999999999;82.28999999999999;16.445;138.664;145.99599999999998;196.52899999999997;442.015
2287;5908.091;220.557;247.55099999999996;764.1339999999999;269.14799999999997;503.5559999999999;25.74;440.7819999999999;512.247;679.268;517.9;453.38;402.596;365.51899999999995;363.903;463.69499999999994;344.93199999999996;25.74;712.779;426.592;483.705;266.955;267.91999999999996;331.238;333.94399999999996;25.74;274.82;259.399;408.33299999999997;689.5120000000001
2288;62.05999999999999;19.305;19.305;19.305;19.305;19.305;19.305;19.305;19.305;19.305;19.305;19.305;19.305;19.305;19.305;19.305;19.305;19.305;19.305;19.305;19.305;19.305;19.305;19.305;19.305;19.305;19.305;19.305;19.305;19.305
2289;820.9639999999999;82.15799999999999;108.588;127.649;182.17499999999998;108.173;19.305;90.17999999999999;33.888;44.062;19.305;19.305;212.14999999999998;173.71499999999997;70.032;150.305;19.305;19.305;186.42199999999997;19.305;124.38499999999999;19.305;19.305;19.305;19.305;19.305;19.305;19.305;19.305;19.305
2290;1946.7189999999996;172.33599999999998;125.53299999999999;231.889;196.01199999999997;212.73399999999998;20.02;227.99299999999997;211.69399999999996;139.957;207.426;142.35399999999998;166.98399999999998;170.456;204.49099999999999;20.02;20.02;20.02;233.166;101.94099999999999;117.768;116.11399999999999;64.46;123.166;129.226;20.02;53.03999999999999;20.02;130.647;414.47799999999995
2291;2634.384;124.88;168.42399999999998;137.94;108.704;101.655;16.445;61.56899999999999;234.68999999999997;87.68;82.90899999999999;145.37599999999998;157.877;224.49999999999997;126.60899999999998;96.09299999999999;100.083;16.445;359.15999999999997;89.81099999999999;234.48299999999995;68.35999999999999;88.613;97.399;16.445;16.445;105.976;93.35499999999999;72.85;372.72299999999996
2292;1919.8179999999998;270.334;155.14499999999998;241.58799999999997;143.644;209.213;22.165;221.041;358.46;239.553;135.33999999999997;171.27100000000002;191.689;209.942;292.654;137.863;83.55099999999999;22.165;349.27599999999995;185.433;341.56399999999996;163.69299999999998;168.644;178.64499999999998;178.69799999999998;22.165;121.65799999999999;48.964;67.321;223.55300000000003
2293;1830.9249999999997;291.441;175.39999999999998;174.791;179.92499999999998;206.66199999999998;16.445;119.499;252.719;157.902;148.46800000000002;224.711;161.874;149.869;214.98499999999996;175.614;156.667;16.445;281.099;87.05999999999999;310.826;131.968;111.15899999999999;74.19899999999998;41.94199999999999;16.445;103.49799999999999;50.04899999999999;99.076;269.47900000000004
2294;375.29299999999995;101.81599999999999;84.11099999999999;124.04599999999999;153.023;79.868;25.74;25.74;25.74;25.74;25.74;25.74;25.74;25.74;25.74;25.74;25.74;25.74;25.74;25.74;25.74;25.74;25.74;25.74;25.74;25.74;25.74;25.74;25.74;158.29000000000002
2295;1107.8359999999998;87.181;144.063;113.269;171.469;86.96799999999999;19.305;177.08499999999998;159.556;67.603;70.49399999999999;19.305;39.867;106.25299999999999;192.63099999999997;89.894;19.305;19.305;147.682;19.305;180.89599999999996;19.305;19.305;19.305;19.305;19.305;43.56099999999999;19.305;87.161;281.858
2296;1133.717;132.538;138.92399999999998;85.91300000000001;121.22899999999998;79.469;20.02;154.23699999999997;152.78699999999998;52.797999999999995;59.896;68.644;0.17299999999999827;63.775;109.99299999999998;20.02;20.02;20.02;20.02;20.02;20.02;20.02;20.02;40.974;20.02;20.02;41.647;20.02;55.429;156.32999999999998
2297;62.05999999999999;19.305;19.305;19.305;19.305;19.305;19.305;19.305;19.305;19.305;19.305;19.305;19.305;19.305;19.305;19.305;19.305;19.305;19.305;19.305;19.305;19.305;19.305;19.305;19.305;19.305;19.305;19.305;19.305;19.305
2298;144.75;16.445;16.445;16.445;16.445;16.445;16.445;16.445;16.445;16.445;16.445;16.445;16.445;16.445;16.445;16.445;16.445;16.445;16.445;16.445;16.445;16.445;16.445;16.445;16.445;16.445;16.445;16.445;16.445;16.445
2299;64.91999999999999;22.165;22.165;22.165;22.165;22.165;22.165;22.165;22.165;22.165;22.165;22.165;22.165;22.165;22.165;22.165;22.165;22.165;22.165;22.165;22.165;22.165;22.165;22.165;22.165;22.165;22.165;22.165;22.165;22.165
2300;708.633;107.53299999999999;142.533;77.919;93.57999999999998;19.305;19.305;19.305;50.28;19.305;19.305;19.305;19.305;19.305;19.305;19.305;19.305;19.305;60.976;19.305;19.305;19.305;19.305;68.234;19.305;19.305;19.305;19.305;19.305;150.551
2301;1335.484;116.66799999999999;150.89;193.535;180.442;206.421;22.88;176.82999999999998;333.927;201.177;135.66199999999998;176.607;214.639;146.10899999999998;251.30399999999997;106.24199999999999;16.836;22.88;77.50099999999999;22.88;174.23999999999998;22.88;34.769;35.66;22.88;22.88;47.788;47.224;22.88;218.005
2302;3514.745;19.305;121.30799999999999;118.89999999999999;207.75399999999996;114.127;19.305;130.93099999999998;180.826;42.019999999999996;23.910999999999998;23.802;131.30599999999998;119.864;207.41199999999998;86.30799999999999;49.25699999999999;19.305;639.735;91.64899999999999;364.86400000000003;165.23999999999998;102.232;79.505;118.00299999999999;19.305;141.856;115.66699999999999;296.46;518.1099999999999
2303;65.63499999999999;22.88;22.88;22.88;22.88;22.88;22.88;22.88;22.88;22.88;22.88;22.88;22.88;22.88;22.88;22.88;22.88;22.88;22.88;22.88;22.88;22.88;22.88;22.88;22.88;22.88;22.88;22.88;22.88;22.88
2304;902.5909999999999;58.899;29.909999999999997;82.68099999999998;61.07299999999999;22.165;22.165;29.988999999999997;142.40699999999998;161.51299999999998;88.98499999999999;102.563;102.25399999999999;65.5;182.39399999999998;59.397999999999996;61.289;22.165;275.984;59.724999999999994;158.834;22.165;22.165;52.18399999999999;47.074999999999996;22.165;52.59899999999999;22.165;126.05600000000001;217.313
2305;122.98199999999997;79.41499999999999;22.88;22.88;22.88;22.88;22.88;22.88;22.88;22.88;22.88;22.88;22.88;22.88;22.88;22.88;22.88;22.88;22.88;22.88;22.88;22.88;22.88;22.88;22.88;22.88;22.88;22.88;22.88;22.88
2306;2209.089;68.763;91.60899999999998;166.52100000000002;213.4;158.964;22.88;110.81299999999999;204.97299999999998;108.38299999999998;67.874;119.073;169.581;119.42099999999999;209.85899999999998;22.88;22.88;22.88;285.044;149.565;286.838;140.66;71.72;111.55499999999999;95.071;22.88;78.167;72.025;172.742;387.23999999999995
2307;538.487;76.041;20.02;20.02;123.67999999999999;20.02;20.02;83.18599999999999;129.13;20.02;20.02;20.02;20.02;20.02;20.02;20.02;20.02;20.02;20.02;20.02;20.02;20.02;20.02;20.02;20.02;20.02;20.02;20.02;20.02;154.487
2308;292.58399999999995;93.30199999999999;65.809;68.69999999999999;106.16;22.88;22.88;22.88;22.88;22.88;22.88;22.88;22.88;22.88;22.88;22.88;22.88;22.88;114.08399999999999;22.88;22.88;22.88;22.88;22.88;22.88;22.88;22.88;22.88;22.88;151.3
2309;65.63499999999999;22.88;22.88;22.88;22.88;22.88;22.88;22.88;22.88;22.88;22.88;22.88;22.88;22.88;22.88;22.88;22.88;22.88;22.88;22.88;22.88;22.88;22.88;22.88;22.88;22.88;22.88;22.88;22.88;22.88
2310;1986.9229999999998;165.041;178.41899999999998;196.026;209.416;313.697;19.305;221.82;218.72899999999998;200.164;260.26300000000003;226.154;315.964;260.278;266.18;123.45299999999999;21.773999999999997;19.305;358.312;141.37900000000002;281.99699999999996;147.539;82.785;283.118;156.243;19.305;65.405;93.853;135.673;434.229
2311;62.77499999999999;20.02;20.02;20.02;20.02;20.02;20.02;20.02;20.02;20.02;20.02;20.02;20.02;20.02;20.02;20.02;20.02;20.02;20.02;20.02;20.02;20.02;20.02;20.02;20.02;20.02;20.02;20.02;20.02;20.02
2312;478.982;86.41199999999999;20.02;20.02;109.001;20.02;20.02;20.02;160.237;20.02;20.02;20.02;20.02;20.02;20.02;20.02;20.02;20.02;20.02;20.02;20.02;20.02;20.02;20.02;20.02;20.02;20.02;20.02;20.02;20.02
2313;1586.809;130.403;285.58500000000004;224.165;200.176;284.953;20.02;174.711;347.153;177.793;176.369;101.048;234.587;235.30999999999997;291.43899999999996;187.47999999999996;94.857;20.02;181.47699999999998;191.65;318.337;142.591;112.9;72.682;51.068999999999996;20.02;86.359;20.02;78.16499999999999;417.66999999999996
2314;1248.272;146.79299999999998;126.90699999999998;120.408;165.7;113.744;22.165;84.85;169.922;68.289;67.15899999999999;77.963;52.334999999999994;81.601;182.82299999999998;64.268;22.165;22.165;96.999;68.765;184.058;72.092;22.165;22.165;22.165;22.165;22.165;22.165;60.416999999999994;22.165
2315;127.72000000000001;62.971999999999994;19.305;19.305;19.305;19.305;19.305;19.305;19.305;19.305;19.305;19.305;19.305;19.305;19.305;19.305;19.305;19.305;19.305;19.305;19.305;19.305;19.305;19.305;19.305;19.305;19.305;19.305;19.305;19.305
2316;1806.717;166.762;153.826;210.86899999999997;200.478;220.245;20.02;167.65099999999998;257.65299999999996;201.75199999999998;150.19299999999998;74.21199999999999;154.02999999999997;216.17499999999998;197.14799999999997;206.262;134.646;20.02;252.56199999999998;145.094;325.009;139.481;160.453;147.17499999999998;79.497;20.02;41.233999999999995;43.711999999999996;45.602999999999994;328.839
2317;1253.091;99.18599999999998;107.62599999999998;204.611;147.056;191.975;20.02;160.712;209.732;132.618;156.47499999999997;179.902;164.29299999999998;207.28599999999997;247.754;58.36;20.02;20.02;195.665;20.02;123.502;20.02;20.02;20.02;20.02;20.02;20.02;20.02;20.02;200.798
2318;1834.647;151.049;160.68599999999998;270.98900000000003;206.507;246.80999999999997;16.445;186.71499999999997;283.041;228.232;175.795;265.429;201.18199999999996;184.05599999999998;293.829;149.822;180.873;16.445;300.489;150.113;257.864;123.08399999999999;134.314;126.63399999999999;97.64999999999998;16.445;85.252;44.178999999999995;59.525;396.92099999999994
2319;3381.5009999999997;158.66199999999998;135.875;252.25799999999998;182.327;245.44;22.88;236.36499999999998;284.62699999999995;192.449;261.53999999999996;245.917;308.11699999999996;243.879;273.977;228.062;106.67099999999999;22.88;270.489;221.49200000000002;354.89300000000003;192.69199999999998;101.54899999999998;170.08499999999998;169.437;22.88;140.82899999999998;66.953;171.181;397.957
2320;906.0439999999999;128.801;65.658;106.75299999999999;91.20599999999999;4.819999999999997;22.165;100.46199999999999;149.56699999999998;22.165;22.165;22.165;64.03399999999999;92.78599999999999;168.89;62.721;22.165;22.165;173.14;112.476;159.724;56.843999999999994;22.165;102.80099999999999;57.007999999999996;22.165;22.165;67.681;121.195;337.55499999999995
2321;2166.2299999999996;113.50399999999999;125.80199999999999;339.287;195.02499999999998;143.987;19.305;171.52999999999997;295.679;110.19;137.42399999999998;161.426;194.487;120.43299999999999;211.54999999999998;37.821;19.305;19.305;321.77199999999993;133.584;256.215;139.416;50.233999999999995;89.90699999999998;92.345;19.305;48.10399999999999;19.305;98.756;356.41599999999994
2322;921.587;104.14699999999999;93.91099999999999;159.78499999999997;165.117;109.107;22.88;115.97900000000001;186.76099999999997;94.16399999999999;74.023;130.89799999999997;89.78099999999999;22.88;148.317;22.88;22.88;22.88;22.88;22.88;22.88;22.88;22.88;22.88;22.88;22.88;22.88;22.88;22.88;22.88
2323;3860.1449999999995;147.41199999999998;144.47699999999998;209.25;223.488;212.748;22.88;206.39299999999997;470.1619999999999;149.477;179.61399999999998;102.56799999999998;111.904;87.27599999999998;207.96499999999997;111.87799999999999;90.084;22.88;331.426;113.28699999999999;281.998;106.6;43.289;86.469;99.725;22.88;58.562999999999995;96.82399999999998;87.985;470.3159999999999
2324;502.076;22.88;22.88;22.88;149.17;22.88;22.88;22.88;90.81699999999998;22.88;22.88;80.176;56.57199999999999;51.462999999999994;140.38500000000002;22.88;57.135999999999996;22.88;22.88;22.88;140.188;22.88;22.88;22.88;22.88;22.88;22.88;22.88;22.88;22.88
2325;982.7829999999999;150.09099999999998;127.50199999999998;119.70999999999998;89.74499999999998;0.22799999999999798;22.88;2.5549999999999997;104.21799999999999;35.792;22.88;100.142;87.43100000000001;43.196;100.424;96.755;22.88;22.88;112.98599999999999;22.88;49.681;61.511;53.135999999999996;144.88600000000002;166.417;22.88;71.099;22.88;131.589;243.142
2326;3461.415;187.911;339.74999999999994;191.14999999999998;242.83100000000002;236.53300000000002;25.74;234.24799999999993;356.746;200.36399999999998;175.976;241.243;168.17499999999998;107.97699999999999;235.67199999999997;367.55799999999994;133.159;25.74;518.953;161.22299999999998;188.04599999999996;126.273;170.712;179.307;141.275;25.74;197.39499999999998;64.453;245.101;780.933
2327;1524.936;170.99099999999999;118.60799999999999;191.623;207.154;216.14;22.88;213.61599999999999;303.83299999999997;201.598;127.78399999999999;121.24699999999999;212.72199999999998;198.77999999999997;290.911;151.77499999999998;84.90899999999999;22.88;206.444;216.337;303.5079999999999;146.402;106.41199999999999;158.683;140.002;22.88;82.437;72.262;152.76399999999998;400.643
2328;1286.225;106.34699999999998;111.365;151.702;143.729;157.601;22.165;115.07499999999999;173.981;95.695;198.10999999999996;167.646;183.623;176.44799999999998;240.97;181.177;60.52799999999999;22.165;230.34;116.103;245.07499999999996;106.359;114.826;116.045;123.136;22.165;115.97999999999999;111.472;134.469;297.304
2329;83.00999999999999;20.02;63.33899999999999;20.02;20.02;20.02;20.02;20.02;20.02;20.02;20.02;20.02;20.02;20.02;20.02;20.02;20.02;20.02;107.13999999999999;20.02;20.02;20.02;20.02;20.02;20.02;20.02;20.02;20.02;20.02;20.02
2330;2174.5589999999997;132.997;118.93599999999998;182.27299999999997;196.85699999999997;224.205;22.88;236.14600000000002;375.41799999999995;314.505;224.746;326.675;276.81999999999994;203.677;290.43999999999994;258.586;187.24099999999999;22.88;243.464;186.875;299.654;180.98899999999998;222.20600000000002;177.96800000000002;181.07299999999998;22.88;158.63799999999998;139.73000000000002;220.678;557.036
2331;170.605;22.88;22.88;22.88;112.274;22.88;22.88;22.88;22.88;22.88;22.88;22.88;22.88;22.88;22.88;22.88;22.88;22.88;108.761;22.88;22.88;22.88;22.88;22.88;22.88;22.88;22.88;22.88;22.88;22.88
2332;2502.179;244.33599999999998;310.07;246.383;195.05499999999998;110.953;22.88;108.95;272.409;143.539;52.980999999999995;89.607;128.33100000000002;75.342;182.242;58.525999999999996;96.15199999999999;22.88;247.07099999999997;170.132;252.551;75.08699999999999;22.88;77.4;49.397999999999996;22.88;85.163;49.44;90.96199999999999;426.023
2333;71.14699999999999;22.88;22.88;22.88;22.88;22.88;22.88;22.88;22.88;22.88;22.88;22.88;22.88;22.88;22.88;22.88;22.88;22.88;22.88;22.88;22.88;22.88;22.88;22.88;22.88;22.88;22.88;22.88;22.88;22.88
2334;1770.6259999999997;162.23399999999998;131.24599999999998;311.601;199.268;144.96499999999997;25.025;208.76399999999995;307.865;196.01799999999997;217.599;306.739;120.32199999999999;119.593;269.271;161.593;74.516;25.025;259.006;205.128;264.128;107.64299999999999;125.18499999999999;113.838;110.072;25.025;103.298;68.701;113.645;393.786
2335;2979.0879999999997;202.028;324.91599999999994;321.695;187.358;254.63399999999996;19.305;226.422;415.30999999999995;337.45399999999995;254.885;308.804;226.485;150.629;223.18699999999998;190.301;153.761;19.305;387.429;188.36399999999998;263.433;144.766;166.83299999999997;141.49099999999999;98.32999999999998;19.305;121.62599999999998;72.12299999999999;116.935;457.542
2336;2019.797;165.11899999999997;128.317;248.632;168.522;203.21999999999997;16.445;229.23399999999998;324.14399999999995;236.14499999999998;172.204;196.721;208.53699999999998;186.16499999999996;254.78;259.549;134.139;16.445;356.54699999999997;173.903;302.998;161.32999999999998;150.48899999999998;136.694;135.23999999999998;16.445;168.18699999999998;157.72899999999998;100.87599999999999;264.21799999999996
2337;526.615;131.668;111.30399999999999;112.91099999999997;185.926;112.65199999999999;16.445;88.94299999999998;16.445;16.445;16.445;98.58599999999998;16.445;16.445;16.445;16.445;16.445;16.445;16.445;16.445;16.445;16.445;16.445;16.445;16.445;16.445;16.445;16.445;16.445;149.19299999999998
2338;59.19999999999999;16.445;16.445;16.445;16.445;16.445;16.445;16.445;16.445;16.445;16.445;16.445;16.445;16.445;16.445;16.445;16.445;16.445;16.445;16.445;16.445;16.445;16.445;16.445;16.445;16.445;16.445;16.445;16.445;16.445
2339;67.928;64.29899999999999;19.305;19.305;19.305;19.305;19.305;19.305;19.305;19.305;19.305;19.305;19.305;19.305;19.305;19.305;19.305;19.305;19.305;19.305;19.305;19.305;19.305;19.305;19.305;19.305;19.305;19.305;19.305;19.305
2340;1721.4769999999999;179.35;230.135;261.092;153.112;241.18599999999995;16.445;205.13;290.668;178.156;132.578;134.50199999999998;197.671;151.65699999999998;200.508;137.253;60.268;16.445;318.027;191.849;352.578;108.09;71.078;135.632;64.316;16.445;117.08499999999998;116.685;139.959;434.5489999999999
2341;132.291;20.02;20.02;20.02;20.02;172.01799999999997;20.02;20.02;159.612;20.02;20.02;20.02;20.02;20.02;20.02;20.02;20.02;20.02;20.02;20.02;20.02;20.02;20.02;20.02;20.02;20.02;20.02;20.02;20.02;20.02
2342;382.61799999999994;55.95099999999999;51.495999999999995;74.351;152.91899999999998;63.690999999999995;19.305;19.305;181.91799999999998;19.305;19.305;19.305;19.305;19.305;19.305;19.305;19.305;19.305;19.305;19.305;19.305;19.305;19.305;19.305;19.305;19.305;19.305;19.305;19.305;19.305
2343;1346.226;135.58099999999996;52.77799999999999;105.978;163.903;128.892;22.88;139.393;95.812;91.91;17.485999999999997;72.97899999999998;85.567;67.75999999999999;145.242;83.097;108.14699999999999;22.88;212.915;22.88;198.44599999999997;40.964;45.855;54.635;45.766999999999996;22.88;80.323;61.31;22.88;192.564
2344;1507.4099999999999;97.223;133.82899999999998;25.74;111.417;25.74;25.74;112.315;158.04;-0.1930000000000014;25.74;64.713;78.34599999999999;72.73599999999999;148.765;25.74;25.74;25.74;85.47;53.801;155.882;25.74;25.74;45.476;59.367;25.74;54.148999999999994;25.74;25.74;312.776
2345;893.624;93.88;74.868;122.35599999999998;182.036;111.809;22.165;22.165;189.95499999999998;69.038;110.42299999999999;74.701;121.466;179.83299999999997;262.722;92.06;117.17299999999999;22.165;163.502;91.794;203.94099999999997;101.96599999999998;111.22199999999998;133.346;96.02;22.165;74.86;22.165;22.165;156.042
2346;1258.771;143.72199999999998;182.62400000000002;87.856;196.166;123.49499999999999;20.02;129.202;246.381;75.63399999999999;20.02;61.011999999999986;20.02;63.846;165.325;20.02;20.02;20.02;119.07100000000001;20.02;119.42599999999999;20.02;20.02;20.02;20.02;20.02;20.02;20.02;20.02;169.95799999999997
2347;95.741;20.02;20.02;20.02;20.02;20.02;20.02;20.02;20.02;20.02;20.02;20.02;20.02;20.02;20.02;20.02;20.02;20.02;20.02;20.02;20.02;20.02;20.02;20.02;20.02;20.02;20.02;20.02;20.02;20.02
2348;1740.237;6.093;147.183;205.21699999999998;194.59599999999998;7.407999999999998;22.88;109.024;586.3009999999999;66.53299999999999;65.79899999999999;26.689999999999998;130.851;143.911;102.13;107.66699999999999;34.91;22.88;364.86699999999996;47.117;147.18699999999998;107.069;129.296;65.042;48.15899999999999;22.88;99.564;64.13999999999999;66.98299999999999;396.696
2349;259.117;69.121;20.02;20.02;20.02;20.02;20.02;20.02;20.02;20.02;20.02;20.02;20.02;20.02;20.02;20.02;20.02;20.02;20.02;20.02;20.02;20.02;20.02;20.02;20.02;20.02;20.02;20.02;20.02;20.02
2350;1869.259;162.618;105.941;36.95099999999999;197.47700000000003;116.43099999999998;16.445;87.336;158.58399999999997;118.88799999999999;85.564;139.59199999999998;85.193;47.85;119.24399999999999;16.445;44.919;16.445;221.47199999999998;68.863;268.749;16.445;82.112;16.445;16.445;16.445;16.445;16.445;103.452;419.779
2351;1504.8289999999997;96.26899999999999;121.126;176.499;163.807;159.158;22.165;155.83999999999997;248.578;106.157;90.52499999999999;164.69299999999998;144.225;174.889;258.264;120.073;33.269999999999996;22.165;267.23199999999997;187.352;297.13300000000004;103.20599999999999;89.08500000000001;61.616;76.99499999999999;22.165;22.165;22.165;94.78299999999999;334.29099999999994
2352;70.16699999999999;16.445;16.445;16.445;16.445;16.445;16.445;16.445;16.445;16.445;16.445;16.445;16.445;16.445;16.445;16.445;16.445;16.445;16.445;16.445;16.445;16.445;16.445;16.445;16.445;16.445;16.445;16.445;16.445;16.445
2353;1175.041;147.59799999999998;147.476;190.265;209.84299999999996;169.89199999999997;16.445;177.27999999999997;321.55499999999995;206.28799999999998;175.42399999999998;176.37;106.04299999999999;78.68599999999999;220.07599999999996;137.53400000000002;104.58999999999999;16.445;146.706;48.373999999999995;210.46699999999998;50.70099999999999;59.22099999999999;16.445;16.445;16.445;16.445;16.445;16.445;16.445
2354;546.487;97.458;22.88;22.88;108.198;22.88;22.88;22.88;113.648;22.88;22.88;63.330999999999996;22.88;22.88;22.88;22.88;22.88;22.88;22.88;22.88;22.88;22.88;22.88;22.88;22.88;22.88;22.88;22.88;22.88;156.66899999999998
2355;3042.7419999999993;135.99099999999999;87.51199999999999;200.43199999999996;165.91299999999998;135.356;16.445;73.71199999999999;188.106;148.31799999999998;68.63699999999999;60.17699999999999;154.737;106.089;189.36599999999999;16.445;16.445;16.445;197.242;85.061;154.988;58.93799999999999;62.657999999999994;97.963;95.55699999999999;16.445;69.17899999999999;53.679;106.332;376.22299999999996
2356;2037.2229999999997;300.476;271.115;198.569;197.73099999999997;149.901;22.88;138.029;251.70699999999997;196.21799999999996;92.065;100.08399999999999;141.284;103.425;186.11399999999998;129.696;97.58699999999999;22.88;199.551;85.01299999999999;235.96499999999997;61.215999999999994;65.67599999999999;83.54299999999999;41.312;22.88;80.58699999999999;54.396;82.82399999999998;471.405
2357;157.86399999999998;22.165;22.165;22.165;110.814;22.165;22.165;22.165;22.165;22.165;22.165;22.165;22.165;22.165;22.165;22.165;22.165;22.165;22.165;22.165;22.165;22.165;22.165;22.165;22.165;22.165;22.165;22.165;22.165;22.165
2358;3027.778;183.716;252.60200000000003;331.99299999999994;183.91299999999998;857.587;16.445;552.327;201.98000000000002;298.217;93.559;162.091;412.88;247.499;338.28299999999996;184.103;66.511;16.445;342.272;219.019;365.477;278.43399999999997;152.411;189.546;166.727;16.445;172.203;68.88499999999999;285.48799999999994;628.882
2359;507.928;77.645;20.02;65.42699999999999;157.458;20.02;20.02;20.02;20.02;20.02;20.02;20.02;20.02;20.02;20.02;20.02;20.02;20.02;20.02;20.02;20.02;20.02;20.02;20.02;20.02;20.02;20.02;20.02;20.02;152.33999999999997
2360;1419.281;67.079;20.02;20.02;121.22899999999998;20.02;20.02;58.340999999999994;115.27699999999999;20.02;20.02;20.02;20.02;20.02;119.982;20.02;20.02;20.02;196.266;20.02;99.293;85.25099999999999;20.02;20.02;20.02;20.02;20.02;20.02;105.48799999999999;248.821
2361;59.19999999999999;16.445;16.445;16.445;16.445;16.445;16.445;16.445;16.445;16.445;16.445;16.445;16.445;16.445;16.445;16.445;16.445;16.445;16.445;16.445;16.445;16.445;16.445;16.445;16.445;16.445;16.445;16.445;16.445;16.445
2362;1487.5649999999998;218.18800000000002;274.152;149.63299999999998;178.821;191.844;22.88;141.817;244.15399999999997;162.65299999999996;140.38299999999998;131.192;152.66299999999998;119.83399999999999;216.26;117.28799999999998;22.88;22.88;166.14600000000002;66.63499999999999;240.333;22.88;22.88;22.88;45.13799999999999;22.88;58.40199999999999;22.88;111.37299999999999;263.388
2363;985.8299999999999;46.080999999999996;68.681;174.373;168.425;88.773;16.445;61.07599999999999;196.98499999999996;216.56599999999997;105.664;141.42899999999997;112.128;59.43299999999999;87.29599999999999;56.047;16.445;16.445;16.445;16.445;16.445;66.80799999999999;16.445;16.445;16.445;16.445;16.445;16.445;87.04499999999999;89.93599999999998
2364;1442.229;144.04699999999997;148.706;20.02;81.50399999999999;20.02;20.02;-6.091999999999999;85.669;78.83999999999999;20.02;59.62199999999999;71.91;57.765;131.56599999999997;50.49399999999999;20.02;20.02;134.31099999999998;37.516999999999996;217.478;42.29899999999999;20.02;40.735;48.62599999999999;20.02;116.96600000000001;20.02;56.343999999999994;406.31499999999994
2365;0.0;0.0;0.0;0.0;0.0;0.0;0.0;0.0;0.0;0.0;0.0;0.0;0.0;0.0;0.0;0.0;0.0;0.0;0.0;0.0;0.0;0.0;0.0;0.0;0.0;0.0;0.0;0.0;0.0;0.0
