code_student;0;1;2;3;4;5;7;8;9;10;11;12;13;14;15;16;18;19;20;21;22;23;24;26;27;28;29
1;203;4;2;;1;;;;3;;4;1;1;;;;11;1;2;;;;;;;;5
2;147;4;;14;1;9;;;;;;;;;;;;;;;;;;;;;1
3;151;17;9;12;1;;;;;;;;;;;;4;;;;;;;;;;
4;111;7;10;;;;;;;;;;;;;;;;;;;;;;;;2
5;420;12;8;11;2;11;5;10;14;20;4;19;8;5;;;28;15;3;2;4;5;2;;1;4;8
6;861;27;12;19;7;21;15;10;13;3;9;11;5;6;17;7;43;19;13;12;5;3;2;5;5;4;10
7;278;3;2;10;5;10;9;1;8;4;13;12;;1;;;2;;;;;;;;;;
8;562;35;15;18;8;11;8;2;2;5;16;3;4;1;6;5;41;22;7;5;4;2;1;1;;2;3
9;1344;39;24;26;7;8;12;26;23;37;7;26;24;6;2;2;20;4;2;;1;19;4;3;1;2;12
10;20;2;2;;;;;;;;;;;;;;2;;;;;;;;;;1
11;1;;;;;;;;;;;;;;;;;;;;;;;;;;
12;999;7;7;13;3;13;10;12;21;30;15;15;20;9;21;2;20;18;14;10;13;8;15;16;8;2;3
13;147;2;;;1;;;;1;;4;2;1;;1;;;;;;;1;;;;;1
14;833;5;12;14;2;10;11;19;14;37;23;22;15;9;24;12;102;27;18;13;16;11;17;9;10;14;22
15;30;;;;;;;;;;;;;;;;;;;;;;;;;;1
16;146;9;;2;;;;;2;;;;;;;;;;;;;;;;;;1
17;526;16;18;17;4;20;19;24;27;23;21;23;18;13;28;15;29;24;13;10;17;15;20;22;19;21;45
18;1;;;;;;;;;;;;;;;;;;;;;;;;;;
19;106;;7;2;3;2;1;;;;;;;;;;4;;;;;;;;;;1
20;87;3;3;1;;9;1;;;;;;;;;;;;;;;;;;;;2
21;694;27;21;16;6;10;7;22;7;7;27;12;19;9;28;10;40;12;14;2;9;5;2;5;3;6;31
22;307;13;12;5;3;4;3;4;5;6;8;2;9;1;2;2;19;2;2;2;2;2;1;1;2;5;1
23;947;32;30;22;12;26;23;17;31;38;37;29;29;13;26;19;78;38;26;24;10;12;12;11;9;29;10
24;277;11;6;4;4;8;3;4;4;4;6;4;3;3;4;1;13;3;2;2;1;2;1;2;1;5;10
25;175;;4;6;;;2;;;;2;2;1;;1;;1;;;;;;;;;;
26;414;13;;13;5;12;11;5;;;;12;11;10;;;37;8;3;;;2;2;3;;2;10
27;661;3;7;9;3;2;3;1;2;4;7;7;4;2;;3;11;2;2;1;;3;2;2;;4;8
28;1;;;;;;;;;;;;;;;;;;;;;;;;;;
29;905;8;12;23;6;22;17;22;54;41;46;30;26;22;36;30;66;30;26;26;41;17;23;19;25;29;43
30;89;1;2;;;;;1;;;;;;;;;;;;;;;;;;;
31;1032;22;18;26;12;24;23;29;23;31;32;32;21;13;14;10;53;32;25;16;24;14;25;23;23;29;44
32;365;13;8;3;3;1;2;2;1;3;4;7;5;3;1;7;6;1;2;1;2;1;1;4;3;5;6
33;74;19;9;;;;;;;;;;;;;;;;;;;;;;;;2
34;282;12;7;11;3;10;9;13;9;1;;;;;;;;;;;;;;;;;1
35;353;12;16;6;5;14;10;12;8;6;10;6;4;2;;;3;;;;;;;;;;2
36;124;4;5;;1;;;;;;;;;;;;2;;;;;;;;;;1
37;216;15;3;;;;;;;;;;;;;;2;;;1;;;;;;1;1
38;830;24;13;13;5;17;14;22;41;43;30;23;19;10;27;13;19;22;20;11;13;10;4;15;8;14;25
39;1;;;;;;;;;;;;;;;;;;;;;;;;;;
40;154;2;;11;2;5;;;;;;;;;;;;;;;;;;;;;
41;431;3;5;9;2;14;15;16;12;22;12;13;11;5;9;2;21;9;9;3;5;6;6;1;;4;3
42;269;7;4;1;1;1;1;;2;2;2;1;4;;;;8;1;1;1;;1;;;;;1
43;67;;;;;;;;;;2;4;1;1;;;;;;;;;;;;;
44;304;14;10;3;4;3;3;3;6;3;5;1;1;;;;15;3;3;;3;1;1;1;1;2;7
45;1;;;;;;;;;;;;;;;;;;;;;;;;;;
46;285;6;4;8;2;11;9;3;5;5;;;;;;;;;;;;;;;;;2
47;339;36;24;12;13;17;6;12;5;33;14;9;1;3;;;2;;;;;;;;;;3
48;33;5;;2;;;;;;;;2;;;;;;;;;;;;;;;
49;459;10;10;1;5;8;10;4;;6;3;4;5;;;2;16;;1;2;2;2;;3;;7;6
50;463;15;12;11;5;18;13;4;4;6;3;12;7;5;3;2;21;8;4;2;2;2;3;4;2;6;15
51;557;18;14;20;7;17;5;4;4;6;3;18;4;;10;;28;21;18;8;13;10;;;;;5
52;64;;8;5;2;2;;1;;;;;;;;;3;;;;;;;;;;1
53;495;11;6;14;5;13;12;15;23;35;12;12;10;5;18;10;24;21;14;7;4;7;12;5;9;10;11
54;297;;;;2;;2;5;2;2;4;1;4;2;1;2;14;;5;;2;1;3;4;2;6;3
55;456;9;6;15;1;13;4;11;3;4;7;12;11;5;;;20;5;3;4;2;8;16;;;7;3
56;67;4;2;;;;;;;;;;;;;;;;;;;;;;;;2
57;880;7;20;23;8;12;16;22;14;13;14;9;16;5;17;1;19;5;10;4;3;9;2;12;6;9;34
58;367;19;7;6;3;4;4;10;20;6;17;9;9;9;17;8;23;11;7;10;11;12;7;11;16;13;30
59;179;;;6;;2;1;;;2;;7;6;2;;;13;;1;;;1;;;;2;2
60;591;13;22;13;6;14;18;21;31;40;23;15;12;6;20;12;31;14;15;5;11;9;10;10;16;18;32
61;282;3;5;10;3;8;8;;8;25;18;7;13;4;;;41;9;9;8;1;9;9;2;;6;7
62;842;23;20;28;7;23;16;17;11;31;14;16;11;6;7;3;23;5;3;3;3;6;3;6;3;10;27
63;71;9;13;5;4;10;3;2;3;2;2;;;;;;2;;;;;;;;;;
64;583;24;10;15;4;10;4;15;4;2;8;4;4;1;4;1;8;1;2;2;3;1;1;3;2;2;5
65;56;2;2;;;;;;;;;;;;;;;;;;;;;;;;1
66;395;4;3;3;4;4;1;2;;;2;2;1;1;2;2;11;1;1;2;2;1;;;;3;5
67;1815;17;15;19;11;23;13;18;23;17;9;14;15;9;18;10;27;25;29;11;6;17;14;10;16;27;29
68;1074;20;24;18;6;19;13;24;37;33;19;18;22;11;35;15;36;23;24;22;19;24;18;27;13;17;24
69;464;11;11;9;5;7;9;9;9;4;;12;3;1;1;;19;7;3;2;2;3;2;3;1;2;4
70;205;13;10;10;6;13;3;2;2;1;;;;;;;7;;;;;;;;;;1
71;244;7;1;6;5;5;1;7;6;3;1;4;2;1;;1;4;;1;;1;2;1;3;;4;6
72;512;16;17;13;6;6;4;4;2;1;;4;6;8;3;3;40;13;10;1;2;1;1;1;1;1;3
73;1;;;;;;;;;;;;;;;;;;;;;;;;;;
74;651;11;13;17;4;16;9;13;12;34;13;14;16;3;8;4;52;10;5;7;10;8;8;4;2;10;6
75;399;8;8;12;7;16;10;4;10;12;2;10;9;6;8;;40;15;11;5;5;3;4;5;;1;6
76;18;2;1;;;;;;;;;;;;;;;;;;;;;;;;1
77;281;10;11;18;7;8;11;13;19;33;15;18;8;2;2;2;5;2;1;1;;;;;;;2
78;448;7;8;11;2;2;10;13;5;;6;6;4;2;6;;2;1;2;3;;3;1;3;;1;1
79;58;;;;;;;;;;;;2;;;1;;;;;;;;;;;
80;433;18;12;9;12;10;7;22;32;6;38;14;20;4;12;11;25;17;9;8;17;9;8;10;16;5;22
81;80;;3;1;;1;6;2;3;3;2;5;7;6;18;3;10;2;1;;;;;1;;;1
82;697;19;16;17;5;12;7;27;36;39;17;16;15;8;11;8;29;19;8;4;15;8;13;4;10;18;12
83;98;;6;3;4;3;;2;;;;;;;;;5;;;;;;;;;;
84;163;5;4;1;3;2;1;2;;;;;;;;;;;;;;;;;;;
85;359;16;8;12;4;13;10;5;19;29;16;17;15;9;21;9;28;23;17;6;4;9;18;2;2;10;6
86;138;2;2;;1;4;;;;;;;;;;;2;;;;;;;;;;1
87;632;5;9;25;3;44;33;23;22;9;12;36;17;10;7;;61;36;32;13;11;10;3;7;;8;15
88;613;15;14;13;4;7;2;9;;;;5;5;3;9;;9;5;1;3;;;;;;;2
89;633;20;12;9;9;15;9;21;22;29;23;13;23;10;14;8;18;10;8;12;16;9;6;8;7;14;6
90;57;2;2;;;;;;;;;;;;;;3;;;;;;;;;;
91;285;4;;;1;;3;;1;;;5;;;;;11;1;1;;;;;;;2;
92;339;5;10;8;6;10;9;8;7;11;8;18;13;11;14;1;29;11;6;6;4;5;8;6;4;4;19
93;223;4;7;9;1;10;10;12;3;;;;;;;;;;;;;;;;;;1
94;301;19;31;16;4;13;5;2;4;5;5;1;1;;2;2;12;1;;1;;;;;;;
95;681;21;18;7;3;8;7;7;8;3;8;5;3;1;4;2;19;2;3;3;6;3;2;5;1;2;6
96;564;12;8;12;5;14;13;18;20;9;10;9;7;4;1;3;25;8;6;4;2;4;3;;;1;7
97;1;;;;;;;;;;;;;;;;;;;;;;;;;;
98;58;1;;1;2;;1;;;;;;;;;;2;;;;;;;;;;
99;1;;;;;;;;;;;;;;;;;;;;;;;;;;
100;764;20;16;16;8;15;10;16;17;23;22;11;8;7;8;10;29;12;12;6;13;5;10;10;4;6;20
101;15;2;;;;;;;;;;;;;;;;;;;;;;;;;
102;615;19;12;9;7;7;11;16;24;14;14;12;12;6;4;4;39;9;6;6;4;10;5;8;4;3;15
103;40;4;;;;;;;;;;;;;;;;;;;;;;;;;
104;418;;6;2;;2;1;;;;3;2;2;1;;;3;1;;;;1;;1;;1;5
105;764;6;8;11;4;13;22;11;6;7;3;13;8;10;4;2;18;7;9;4;4;3;2;13;4;3;17
106;618;20;12;12;2;13;12;19;6;19;9;23;18;10;12;3;24;22;10;5;2;9;5;2;;1;4
107;418;5;3;10;5;13;7;10;3;8;6;5;7;6;9;4;22;6;6;3;6;4;3;8;4;5;10
108;3;;;;;;;;;;;;;;;;;;;;;;;;;;
109;10;;;;;;;;;;;;;;;;;;;;;;;;;;
110;350;15;14;21;6;7;8;4;2;5;;9;11;4;4;8;23;8;11;2;7;6;6;10;6;7;17
111;674;27;13;24;5;25;17;14;15;5;9;20;14;11;18;;53;25;15;14;5;17;6;3;1;;10
112;1;;;;;;;;;;;;;;;;;;;;;;;;;;
113;18;2;;;;;;;;;;;;;;;;;;;;;;;;;
114;441;13;12;15;3;8;4;8;10;8;6;10;8;6;4;;19;7;8;6;4;3;4;;2;8;6
115;821;27;41;14;13;22;20;38;33;18;20;19;15;10;29;18;27;15;9;12;12;15;11;14;2;10;17
116;548;9;10;;7;7;4;2;18;;6;8;10;1;3;1;7;1;2;1;;1;2;1;;2;2
117;390;15;12;16;6;17;14;18;8;4;24;26;11;8;2;2;36;25;6;8;1;18;9;11;5;8;4
118;414;10;5;4;5;1;2;;2;2;;3;3;1;4;;11;1;2;2;4;2;3;4;2;1;7
119;1;;;;;;;;;;;;;;;;;;;;;;;;;;
120;195;6;3;13;6;1;;2;2;;;3;;;;;;;;;;;;;;;2
121;643;12;10;8;3;7;8;8;6;5;7;5;4;3;5;3;12;7;3;4;3;3;2;7;2;3;6
122;1;;;;;;;;;;;;;;;;;;;;;;;;;;
123;300;3;;2;1;;1;;;;;4;1;1;1;1;20;;;;;;;;;;7
124;1;;;;;;;;;;;;;;;;;;;;;;;;;;
125;342;13;12;6;3;14;8;2;4;7;11;15;12;4;4;;31;15;12;6;6;8;3;3;3;4;3
126;21;;;;;;;;;;;;;;;;;;;;;;;;;;
127;319;2;2;6;2;;;1;3;;3;4;2;2;5;4;8;4;3;1;2;1;3;2;3;1;3
128;1;;;;;;;;;;;;;;;;;;;;;;;;;;
129;34;2;;2;2;1;1;;;;;;;;;;;;;;;;;;;;
130;294;4;8;5;2;2;2;3;1;;;4;4;;;;27;;;2;2;6;1;2;2;1;
131;325;8;4;4;1;4;6;6;5;9;8;5;1;2;3;2;17;2;2;5;5;4;3;4;2;1;8
132;1;;;;;;;;;;;;;;;;;;;;;;;;;;
133;1;;;;;;;;;;;;;;;;;;;;;;;;;;
134;52;2;3;;;;;;;;;;;;;;;;;;;;;;;;
135;259;9;13;7;4;10;12;13;12;16;21;8;11;3;11;3;43;31;8;2;5;14;7;19;2;11;33
136;93;2;;4;4;5;3;3;2;;;;;;;;;;;;;;;;;;
137;204;10;17;15;7;13;6;;;;;;;;;;1;;;;;;;;;;1
138;352;13;9;14;6;19;12;6;4;6;3;12;6;5;8;7;30;5;6;3;;4;2;3;1;1;9
139;514;9;13;24;8;15;19;10;13;31;13;7;3;1;2;;22;16;14;5;5;7;14;3;7;5;15
140;797;10;8;14;5;11;11;19;27;29;15;13;14;9;21;10;55;14;12;5;5;7;9;14;13;11;20
141;79;9;7;1;1;4;1;;;;;;;;;;;;;;;;;;;;1
142;740;13;17;13;4;20;14;18;5;6;6;13;9;6;22;10;35;19;14;9;13;8;14;17;21;19;24
143;15;;;;;;;;;;;;;;;;;;;;;;;;;;
144;599;22;36;12;6;15;16;36;30;18;23;14;15;6;15;10;29;13;8;4;11;6;5;10;9;10;14
145;634;11;16;15;5;13;12;24;30;30;19;14;8;6;14;10;15;10;9;7;5;6;5;22;7;13;26
146;483;8;7;12;2;10;13;6;3;3;14;13;10;6;2;1;45;11;7;3;3;5;5;2;2;5;9
147;486;9;7;4;11;19;14;22;12;11;5;2;2;;2;;18;2;3;1;;;;;;;5
148;632;10;7;9;7;13;15;12;17;24;16;17;10;6;11;10;21;18;14;8;11;11;12;11;9;17;21
149;58;3;6;;1;;;;;;;;;;;;1;;;;;;;;;;1
150;1;;;;;;;;;;;;;;;;;;;;;;;;;;
151;506;7;4;4;2;7;8;2;4;5;;13;10;1;4;6;22;11;3;2;3;4;4;6;1;3;6
152;4;;;;;;;;;;;;;;;;;;;;;;;;;;
153;25;6;2;;;;;;;;;;;;;;;;;;;;;;;;1
154;470;19;7;9;7;8;8;26;15;2;11;7;5;4;2;;;;;;;;;;;;4
155;745;33;25;27;9;24;32;6;7;2;9;11;8;3;8;2;37;12;9;8;2;5;4;3;1;7;18
156;481;30;23;53;9;15;7;28;9;6;19;;;;;;4;;;;;;;;;;6
157;579;3;5;13;4;6;9;7;4;2;4;8;9;4;6;;5;;;;;4;4;5;;6;11
158;48;2;;;;;;;;;;;;;;;;;;;;;;;;;
159;514;9;6;9;8;7;6;8;15;10;8;7;8;5;17;10;63;11;7;4;9;4;3;14;10;10;22
160;579;20;20;13;6;7;4;8;7;4;14;3;2;1;2;3;8;1;1;1;3;2;3;5;2;4;15
161;1;;;;;;;;;;;;;;;;;;;;;;;;;;
162;404;11;6;10;4;19;11;12;18;5;16;14;12;8;8;6;24;12;6;6;6;7;13;6;8;5;6
163;128;4;;1;1;;;;;;;;;;;;;;;;;;;;;;
164;953;6;15;26;8;21;16;15;17;11;8;11;12;9;7;;22;8;5;5;2;4;3;3;;3;18
165;280;4;9;8;1;2;4;;2;2;3;6;4;1;2;2;25;5;4;2;4;3;2;4;3;2;7
166;407;9;20;11;6;14;9;12;15;3;17;9;7;4;4;4;17;10;11;1;2;2;1;;;1;4
167;165;8;10;4;1;1;;1;;;;;;;;;;;;;;;;;;;
168;154;3;;;1;;1;;;3;2;1;2;;;;13;3;2;;2;1;1;2;;1;3
169;217;;;2;1;;3;3;2;3;5;3;;;3;;7;;;;4;2;3;4;1;1;7
170;399;12;;1;2;2;2;4;2;1;4;5;3;;;;15;1;1;;;4;1;2;;3;3
171;1;;;;;;;;;;;;;;;;;;;;;;;;;;
172;343;5;1;3;3;2;2;1;1;;2;4;13;1;;2;37;3;3;2;2;1;1;2;;2;
173;187;11;4;5;;;;;1;2;2;;;;;;;;;;;;;;;;
174;639;15;15;14;9;14;23;16;21;32;28;21;17;14;9;3;40;9;13;9;6;7;14;14;10;13;42
175;1;;;;;;;;;;;;;;;;;;;;;;;;;;
176;481;7;8;12;;13;14;7;8;11;19;13;4;4;7;7;11;2;1;2;1;2;4;4;2;4;11
177;110;13;;1;1;;;;;;;;;;;;;;;;;;;;;;4
178;998;19;18;26;7;27;26;37;42;28;26;32;30;18;27;18;32;27;23;21;19;17;29;5;8;26;38
179;992;17;17;16;7;18;20;13;23;31;16;25;12;6;10;2;34;17;17;14;6;10;19;20;9;26;17
180;195;6;;6;;11;6;10;1;;;;;;;;;;;;;;;;;;1
181;24;;1;;;;;;;;;;;;;;2;;;;;;;;;;
182;75;;;1;;1;2;;;;;3;1;1;1;1;2;1;1;2;2;2;3;2;1;8;5
183;6;;;;;;;;;;;;;;;;;;;;;;;;;;
184;131;8;;6;2;;;;;;;;;;;;3;;;;;;;;;;1
185;293;5;2;;5;5;4;2;;;3;1;2;;;2;;;;;;;;;;;1
186;22;;;;;;;;;;;;;;;;;;;;;;;;;;
187;184;4;3;1;;;;;4;2;2;1;1;;;;5;;;;;;;;;4;
188;529;21;12;16;7;20;18;32;28;46;27;19;26;14;28;19;37;24;22;11;19;22;24;15;11;21;14
189;14;;;;;;;;;;;;;;;;;;;;;;;;;;
190;1;;;;;;;;;;;;;;;;;;;;;;;;;;
191;579;23;14;14;7;11;8;18;8;9;18;12;12;4;6;1;30;2;7;4;4;3;5;2;4;7;16
192;199;;;;;;1;;;;;;2;;;;;;;;;;;;;;
193;545;12;16;5;7;10;3;34;17;26;5;7;4;2;6;6;19;2;4;1;4;1;1;1;;1;4
194;595;9;14;11;5;14;12;22;8;3;6;24;12;9;7;6;47;22;19;15;20;17;21;24;14;13;22
195;247;2;3;6;6;9;11;22;22;19;10;12;3;3;16;4;19;5;2;3;4;10;16;6;4;10;21
196;258;2;1;1;;;4;;;1;1;6;2;2;;;20;1;3;;;;2;3;1;5;12
197;531;17;13;11;6;17;7;15;17;7;17;17;10;13;11;7;32;22;14;10;18;10;17;9;6;16;22
198;130;10;1;2;2;2;;2;;;;;;;;;;;;;;;;;;;
199;81;3;7;3;2;5;1;;;;;;2;;;;;;;;;;;;;;1
200;243;9;9;11;7;11;9;5;;3;2;;;;;;;;;;;;;;;;3
201;427;7;5;6;5;9;4;5;10;8;8;6;15;3;6;1;12;6;5;6;3;7;;1;2;1;5
202;203;5;1;1;;;;;;;;;2;;;;13;;;;;;;;;1;2
203;1517;15;11;12;6;18;16;12;2;7;4;6;2;;2;;31;3;;1;;3;2;4;;3;11
204;615;23;10;10;9;17;13;10;22;25;10;8;9;7;8;4;29;12;10;9;4;6;3;2;3;3;12
205;425;12;4;4;4;5;5;7;5;4;6;12;4;5;6;2;22;3;3;3;;7;5;13;1;6;10
206;301;2;;4;1;9;3;;3;2;4;1;2;;;;32;2;3;;;1;1;;;4;2
207;144;18;17;14;;;;;;;;;;;;;;;;;;;;;;;2
208;359;20;20;17;3;10;5;3;2;6;13;2;1;1;7;1;3;;;;1;2;1;2;1;;7
209;6;;;;;;;;;;;;;;;;;;;;;;;;;;
210;652;11;16;13;3;8;7;14;10;4;12;18;11;5;9;6;17;13;8;8;8;3;2;9;4;7;31
211;1;;;;;;;;;;;;;;;;;;;;;;;;;;
212;158;7;3;1;1;3;3;6;6;4;5;4;3;14;2;5;4;;;;2;;;2;2;3;4
213;9;1;;;;;;;;;;;;;;;;;;;;;;;;;
214;201;5;2;2;1;2;3;;;;;3;;;;;1;1;;1;2;2;2;4;1;3;6
215;20;;;;;;;;;;;;;;;;2;;;;;;;;;;
216;59;8;6;;;;;;;;;;;;;;;;;;;;;;;;2
217;1;;;;;;;;;;;;;;;;;;;;;;;;;;
218;1469;21;20;24;12;25;23;29;37;39;29;20;13;7;15;14;76;10;22;5;13;6;4;7;7;8;24
219;691;21;26;12;7;12;16;31;34;42;17;20;15;8;21;14;17;15;11;7;9;12;21;12;5;17;17
220;395;14;12;10;10;16;9;11;12;5;14;7;7;4;4;3;31;4;4;;;;;;;;1
221;1;;;;;;;;;;;;;;;;;;;;;;;;;;
222;375;10;4;6;3;10;6;12;22;30;20;17;10;3;8;2;17;9;5;3;9;8;8;14;13;6;18
223;714;17;10;19;8;20;19;24;30;9;15;21;21;14;27;4;36;14;17;9;11;10;12;17;12;15;36
224;311;13;8;30;3;7;1;2;;;;;;;;;2;;;;;;;;;;
225;559;11;14;6;2;7;9;1;5;4;5;5;4;3;7;1;16;2;2;2;4;4;1;4;;2;5
226;301;10;15;6;4;5;6;3;7;3;3;4;2;2;5;3;;3;;1;1;3;1;4;1;1;7
227;294;;;1;;2;;5;5;;2;9;4;2;1;3;21;5;5;4;2;11;4;4;2;4;3
228;233;9;9;5;5;8;2;7;14;9;7;5;4;5;7;6;12;7;3;4;4;3;2;3;2;2;3
229;126;13;13;5;;2;2;;;;;;;;;;4;;;;;;;;;;2
230;232;3;3;5;3;2;;3;4;2;2;1;1;1;;;7;;;;;1;;2;;2;10
231;20;;;1;;;;;;;;;;;;;;;;;;;;;;;1
232;164;11;11;9;5;18;4;;;;;;;;;;;;;;;;;;;;1
233;1172;11;28;16;11;20;27;29;35;39;25;23;17;8;36;11;33;18;18;16;16;15;11;25;18;19;53
234;554;32;57;38;18;24;8;12;11;2;9;;;;;;;;;;;;;;;;3
235;168;10;3;1;2;7;6;3;1;;;;;;;;2;;;;;;;;;;2
236;38;5;1;1;;;;;;;;;;;;;3;;;;;;;;;;
237;298;9;1;7;2;2;4;2;;;2;1;;1;;;13;1;1;1;;2;1;2;;;5
238;734;39;28;25;8;21;23;10;29;34;25;37;18;8;29;22;21;17;17;14;27;15;20;19;5;7;18
239;271;;11;6;;1;1;;;;;2;2;2;;;8;2;1;1;;;;1;;8;3
240;279;14;6;28;7;19;4;;;;1;;;;;;;;;;;;;;;;2
241;2;;;;;;;;;;;;;;;;;;;;;;;;;;
242;69;7;6;3;1;1;;;;;;;;;;;3;;;;;;;;;;
243;192;14;3;;;;;;;;3;;;;;;;;;2;;;;;;;
244;818;14;8;12;2;7;7;14;5;14;17;15;9;4;10;1;14;7;5;3;5;4;3;6;4;3;11
245;407;6;12;4;8;7;7;12;13;8;8;6;14;4;10;11;19;9;8;6;11;5;6;12;7;4;15
246;284;9;9;9;5;12;4;1;;2;2;;;1;;;1;1;1;1;;2;;1;;2;5
247;1;;;;;;;;;;;;;;;;;;;;;;;;;;
248;123;12;7;5;1;1;2;;;;;;;;;;;;;;;;;;;;2
249;544;12;20;15;5;12;5;5;2;1;4;15;4;;2;;14;3;10;3;2;1;1;7;;2;5
250;236;10;2;5;1;1;;;;;;;;;;;2;;;;;;;;;;2
251;206;18;;;1;;;;;;;;;;;;2;;;;;;;;;;5
252;310;9;9;3;1;1;2;2;5;1;4;2;3;1;1;1;8;2;2;1;2;;;;1;;2
253;201;15;7;8;2;4;3;3;;;;;;;;;;;;;;;;;;;
254;104;5;;6;2;1;;;;;;;;;;;;;;;;;;;;;
255;1;;;;;;;;;;;;;;;;;;;;;;;;;;
256;645;10;3;2;;4;2;6;2;5;3;4;3;2;6;2;16;4;3;2;2;3;2;7;4;2;8
257;284;10;17;5;2;2;1;;3;2;4;1;4;;3;2;1;;;;1;;;;;1;
258;449;9;1;1;5;8;8;4;7;;;5;7;1;;;15;4;2;2;;1;;1;2;3;5
259;794;14;12;18;13;21;20;49;37;33;27;26;24;18;27;18;32;27;16;9;32;19;20;21;20;22;33
260;135;4;4;;1;;;;;;;;;;;;6;;;;;;;;;;1
261;1049;36;18;28;11;26;15;41;46;35;33;25;23;15;28;11;50;29;23;21;23;14;22;12;21;49;52
262;436;1;;3;3;1;6;18;8;9;10;13;10;3;6;3;34;5;7;2;5;6;2;5;2;8;29
263;272;9;6;1;4;;;1;2;1;8;3;3;;1;;3;1;;1;;1;1;1;;4;14
264;804;26;22;12;14;33;16;22;15;34;19;18;17;5;8;3;29;19;15;12;7;5;3;12;1;6;12
265;346;8;5;9;2;5;2;8;6;8;5;5;2;1;6;2;12;8;1;1;3;1;;2;;3;5
266;665;10;11;12;6;17;17;20;34;28;20;18;10;9;23;16;30;26;13;12;13;11;19;14;17;22;39
267;946;23;26;13;10;26;12;22;17;32;28;17;15;13;26;11;41;13;9;9;11;8;20;14;14;14;26
268;343;9;9;11;4;7;;;;;;;;;;;3;;;;;;;;;;
269;1;;;;;;;;;;;;;;;;;;;;;;;;;;
270;930;14;11;31;5;29;21;18;23;32;21;27;30;7;18;11;35;14;22;8;11;13;22;8;4;7;18
271;301;2;3;1;2;2;6;5;2;1;2;1;2;1;7;2;13;2;3;;2;3;3;4;4;2;5
272;459;6;5;11;8;15;9;16;6;15;5;18;16;2;2;2;29;17;16;12;12;5;13;6;;7;18
273;1;;;;;;;;;;;;;;;;;;;;;;;;;;
274;1323;37;25;31;9;23;22;24;32;5;21;22;16;11;23;3;44;29;12;3;5;6;3;3;3;5;22
275;398;;3;1;1;;;2;3;5;2;1;1;1;2;;2;;1;;;2;;;;2;1
276;487;2;3;5;3;11;4;9;6;6;11;8;2;3;4;4;9;;3;;4;2;2;4;;3;19
277;722;12;20;20;12;27;23;19;23;30;24;23;12;4;13;7;24;22;18;15;12;9;20;7;8;19;31
278;806;32;10;13;6;7;7;9;4;12;3;4;7;4;3;2;23;1;5;3;3;1;;;;3;6
279;472;7;8;11;4;19;5;5;10;2;2;19;6;;;;41;17;4;9;8;1;;2;;3;5
280;1;;;;;;;;;;;;;;;;;;;;;;;;;;
281;473;12;6;10;4;6;;4;4;9;4;1;;;;;21;4;2;4;;;;;;;2
282;2;;;;;;;;;;;;;;;;;;;;;;;;;;
283;703;23;26;27;6;9;10;4;4;1;2;13;7;4;3;;45;10;9;9;7;5;5;2;;16;13
284;124;10;11;27;2;2;1;;;;;;;;;;3;;;;;;;;;;
285;275;22;23;10;1;;;;;;;;;;;;3;;;;;;;;;;6
286;70;8;7;4;1;1;1;2;2;2;2;;;;;;;;;;;;;;;;
287;319;10;29;16;8;10;11;10;15;6;9;11;5;2;7;2;23;2;2;2;1;5;2;1;4;6;16
288;279;11;10;8;8;6;2;4;4;3;6;4;3;;;;2;;;;;;;;;;3
289;590;;;6;3;6;5;;2;;2;6;9;3;1;2;29;6;3;4;3;4;6;7;1;6;14
290;1;;;;;;;;;;;;;;;;;;;;;;;;;;
291;1;;;;;;;;;;;;;;;;;;;;;;;;;;
292;519;6;9;16;11;13;10;21;17;27;1;16;8;8;3;2;38;21;9;9;6;5;5;2;6;10;8
293;98;4;6;8;2;1;2;;;2;;;;;;;1;;;;;;;;;;1
294;176;;;;;;;;;;;;;;;;14;1;1;1;1;1;1;;2;2;3
295;409;27;13;8;3;6;9;14;14;8;7;8;3;2;3;1;13;4;5;2;2;3;1;3;;4;11
296;1946;54;24;29;16;43;33;41;41;43;54;46;19;10;28;23;89;36;15;20;19;20;20;25;20;33;28
297;35;;;1;;;;;;;;;;;;;;;;;;;;;;;
298;144;2;2;;;;;;1;;;;;;;;;;;;;;;;;;
299;114;4;1;;;;;;;4;;;;;;2;;;;;;;;;;;
300;241;3;3;1;;;;;;;;;;;;;2;2;2;;;;;;;2;3
301;510;7;2;5;3;2;4;1;5;;1;4;6;;;;31;2;2;2;;1;;1;;5;9
302;1072;41;18;21;6;21;20;19;39;40;64;22;18;13;27;13;37;22;21;17;20;15;21;15;10;25;27
303;1;;;;;;;;;;;;;;;;;;;;;;;;;;
304;528;7;;22;3;5;7;;4;2;2;5;7;5;;2;44;6;9;10;6;5;2;2;;4;2
305;1;;;;;;;;;;;;;;;;;;;;;;;;;;
306;194;4;3;11;3;16;7;7;5;;5;;;;;;;;;;;;;;;;1
307;1;;;;;;;;;;;;;;;;;;;;;;;;;;
308;213;1;4;5;1;;;;2;2;2;;1;;;;5;;;;;1;2;;;2;5
309;133;8;5;20;3;5;;;;;;;;;;;2;;;;;;;;;;1
310;427;8;9;12;2;17;12;10;13;6;7;13;7;5;7;4;21;5;4;5;5;6;4;6;2;4;7
311;43;;;;;;1;;;;;;;;;;;;;;;;;;;;
312;654;12;19;18;7;22;10;18;27;17;6;20;8;3;2;4;22;20;3;4;3;3;2;3;2;3;7
313;376;7;3;;3;2;5;8;9;7;10;7;3;2;4;4;32;6;7;3;4;3;2;5;4;5;4
314;687;16;11;6;3;4;9;6;1;1;6;8;6;2;7;;37;9;7;4;4;7;4;9;;8;27
315;482;4;6;1;;1;2;2;2;;6;5;3;;5;;13;2;4;;1;;;4;;1;8
316;332;5;6;13;9;8;7;2;2;2;6;11;14;2;;;12;2;;;;7;;4;;1;9
317;950;5;5;4;2;6;2;6;3;34;7;8;2;1;2;;31;14;3;4;4;4;2;2;2;3;7
318;462;9;1;5;4;11;10;4;3;7;5;9;9;4;4;3;37;9;7;7;6;5;3;4;3;6;5
319;7;2;;;;;;;;;;;;;;;;;;;;;;;;;
320;325;11;10;11;5;2;4;4;6;4;9;4;3;2;4;6;18;2;3;1;6;2;1;4;4;12;11
321;10;;;;;;;;;;;;;;;;;;;;;;;;;;
322;91;14;15;4;2;;;;;;;;;;;;1;;;;;;;;;;
323;107;3;1;1;1;;;;;1;;;;;;;5;;;;;;;;;;
324;257;14;15;12;14;17;5;;;;;;;;;;;;;;;;;;;;1
325;376;1;2;7;1;4;2;2;1;;;2;1;;;;8;1;2;1;;1;1;1;;2;8
326;1;;;;;;;;;;;;;;;;;;;;;;;;;;
327;451;9;9;13;3;14;9;15;18;3;16;19;19;1;15;6;25;14;16;16;1;14;15;6;;7;11
328;287;10;7;17;6;18;11;3;5;;6;6;2;2;;;;;;;;;;;;;2
329;1;;;;;;;;;;;;;;;;;;;;;;;;;;
330;60;1;3;5;1;;1;15;;2;4;1;;;;2;;;;;;;;;;;
331;455;19;19;13;13;19;10;34;33;20;34;23;13;11;15;4;43;8;4;5;6;4;2;16;18;6;25
332;19;3;;;1;2;;;;;;;;;;;;;;;;;;;;;
333;252;12;9;2;3;11;3;11;13;1;;2;1;;2;1;18;;;;1;;;1;;;6
334;11;;;;;;;;;;;;;;;;;;;;;;;;;;
335;1293;16;18;15;8;21;26;11;6;1;7;10;6;9;9;2;31;4;5;4;1;4;2;2;3;4;18
336;21;10;2;;;;;;;;;;;;;;;;;;;;;;;;2
337;550;6;6;3;1;1;3;2;2;;;2;;;;1;38;1;3;1;2;1;1;3;;;7
338;42;2;;;;;;;;;;;;;;;;;;;;;;;;;
339;5;;;;;;;;;;;;;;;;;;;;;;;;;;
340;540;12;13;2;2;1;3;2;;;3;3;2;2;4;4;14;1;1;1;2;1;1;1;;1;2
341;635;10;4;15;8;15;8;23;17;18;22;21;8;6;2;;13;6;5;8;3;2;2;3;;2;15
342;1;;;;;;;;;;;;;;;;;;;;;;;;;;
343;1;;;;;;;;;;;;;;;;;;;;;;;;;;
344;1144;49;51;18;8;20;24;30;26;6;26;17;11;5;16;4;28;5;3;1;;5;3;8;6;4;8
345;564;19;20;20;3;20;2;3;;4;2;1;1;;;;14;;2;1;2;;;1;;4;7
346;794;5;1;;2;10;13;15;14;9;6;20;11;9;15;4;45;28;16;9;5;14;6;4;;4;17
347;1404;50;34;7;3;9;15;49;43;10;40;40;44;17;30;28;79;32;26;26;28;30;17;19;12;10;48
348;181;12;6;11;4;7;4;8;2;1;;;;;;;;;;;;;;;;;
349;121;;;3;1;;1;2;;;2;9;8;8;4;4;3;1;;1;;;;;;;2
350;882;14;17;16;9;24;15;40;33;25;25;17;12;7;15;5;72;19;13;13;5;13;20;5;9;21;27
351;480;6;8;17;6;17;13;16;10;4;6;7;11;9;2;4;14;8;9;8;11;9;5;2;;1;9
352;634;5;13;14;11;18;19;14;22;17;23;15;15;7;17;4;78;21;19;9;8;15;21;3;6;15;17
353;209;19;3;11;4;7;5;;;;;;;;;;4;;;;;;;;;;1
354;358;12;15;14;7;18;22;21;28;6;19;7;3;1;2;2;4;1;1;1;2;1;1;2;2;1;6
355;93;16;7;2;;;;;;;;;;;;;;;;;;;;;;;2
356;1475;26;28;26;10;24;21;25;30;31;31;17;20;7;9;;30;18;13;15;1;16;18;11;3;12;13
357;583;6;9;10;9;13;3;;;2;5;3;1;3;;1;51;4;6;3;3;2;4;1;;3;8
358;380;9;21;14;4;10;8;3;5;;3;7;15;6;10;2;24;13;6;4;2;6;2;6;2;6;5
359;290;7;2;;;;;;;;2;1;1;;;;12;1;1;;;;;2;;1;
360;1;;;;;;;;;;;;;;;;;;;;;;;;;;
361;317;6;9;5;4;9;10;9;15;10;7;7;3;2;7;;17;12;2;6;5;2;1;1;3;3;1
362;21;3;;;;;;;;;;;;;;;;;;;;;;;;;
363;1;;;;;;;;;;;;;;;;;;;;;;;;;;
364;48;14;;;;;;;;;;;;;;;;;;;;;;;;;2
365;214;3;1;4;;;;;;2;3;;;;;;;;;;;;;;;;1
366;76;9;3;;;;;;;;;;;;;;;;;;;;;;;;3
367;186;2;2;1;1;;;;;;;;;;;;;;;;;;;;;;2
368;568;15;10;18;7;18;14;16;20;36;25;17;7;12;5;7;23;15;7;4;10;5;4;1;4;7;10
369;180;1;;;;;;;;;;1;2;1;2;2;6;;;;;;;;;;
370;427;9;7;21;5;8;7;13;2;1;;5;6;3;5;5;9;1;2;;2;8;3;4;2;3;9
371;146;6;10;15;4;1;1;2;;1;;;;;;;;;;;;;;;;;3
372;420;12;9;8;9;3;4;8;2;8;5;10;4;5;6;8;19;3;3;3;3;6;2;4;2;5;7
373;56;;;;;;;;;;;;;;;;;;;;;;;;;;
374;362;3;2;4;2;1;7;11;14;6;5;12;5;6;6;10;31;10;7;5;11;1;1;4;2;1;10
375;517;1;12;13;7;14;12;9;17;5;12;11;12;4;23;11;12;1;1;1;2;8;4;3;2;12;39
376;476;8;2;8;4;8;7;1;4;2;19;2;5;2;2;2;4;1;2;;;1;1;2;;3;4
377;147;6;;7;;;;2;;;;;;;;;2;;;;;;;;;;
378;1;;;;;;;;;;;;;;;;;;;;;;;;;;
379;495;24;31;23;10;19;13;9;14;8;15;4;4;1;6;1;28;4;3;1;1;6;2;6;1;13;14
380;791;20;24;19;11;16;14;18;19;14;27;13;19;6;23;12;27;6;6;7;10;9;4;14;7;15;33
381;206;4;2;1;2;;;;;;;1;;;;;3;;;;;;;;;;3
382;868;44;37;27;9;29;15;37;29;38;22;26;15;13;25;20;39;18;17;12;15;20;13;15;9;14;16
383;658;18;22;19;8;16;14;16;28;38;28;16;12;9;14;7;15;9;7;8;8;7;7;7;4;5;11
384;346;9;6;6;2;3;6;3;2;3;2;3;2;1;;;14;6;6;3;6;5;2;4;3;3;5
385;606;6;13;22;2;21;15;19;35;13;5;26;19;12;11;7;35;15;18;1;9;8;1;4;4;19;17
386;220;12;11;15;5;23;7;25;17;1;6;15;12;6;18;2;21;8;;;;;;;;;2
387;683;40;15;26;7;20;20;21;21;10;6;6;6;11;7;10;40;7;5;9;6;4;3;7;6;3;10
388;33;6;5;4;;1;;;;;;;;;;;;;;;;;;;;;
389;40;;;;;;;;;;;;;;;;3;;;;;;;;;;
390;1;;;;;;;;;;;;;;;;;;;;;;;;;;
391;879;29;20;18;14;27;17;26;45;32;36;27;17;12;14;13;51;21;18;7;17;13;16;32;17;33;40
392;302;9;15;11;2;12;6;7;1;1;5;6;2;2;3;2;18;2;2;3;3;4;3;4;1;4;11
393;28;;;;;;;;;;;;;;;;;;;;;;;;;;
394;118;4;;3;;;;;;;;;;;;;3;;;;;;;;;;
395;852;12;24;18;8;14;18;34;28;38;30;13;14;8;26;10;25;16;11;5;13;7;4;8;3;7;15
396;1037;8;4;10;1;16;9;14;15;30;11;7;5;3;4;2;34;9;1;4;4;8;9;2;5;9;11
397;1506;17;15;25;12;28;22;35;35;54;33;29;20;23;30;21;66;19;18;19;21;23;23;43;2;5;43
398;1;;;;;;;;;;;;;;;;;;;;;;;;;;
399;753;17;12;25;9;23;20;19;14;32;14;28;15;16;20;9;57;26;20;15;19;10;4;7;4;2;11
400;99;2;;;;;;;;;;;;;;;;;;;;;;;;;
401;8;;;;;;;;;;;;;;;;;;;;;;;;;;
402;444;8;6;2;2;;1;;;;;;;;;;9;;2;;;;;2;1;8;6
403;55;;;;;1;;;;;;;;;;;;;;;;;;;;;
404;1;;;;;;;;;;;;;;;;;;;;;;;;;;
405;665;6;;8;1;10;1;3;2;3;;;6;;;1;14;;2;;1;;;;;8;5
406;7;;;;;;;;;;;;;;;;;;;;;;;;;;
407;111;1;;;;4;;;;;;;;;;;;;;;;;;;;;
408;469;4;1;4;1;2;1;3;;1;2;12;9;5;5;4;40;4;1;2;1;1;3;2;;1;
409;393;7;6;2;4;8;7;13;19;15;18;8;3;4;5;4;12;2;2;2;;;;;;1;7
410;540;7;7;17;7;14;19;24;5;5;4;14;8;10;8;19;12;19;6;11;4;11;3;1;;3;3
411;291;20;14;20;6;20;14;23;17;2;;9;4;3;;;;;;;;;;;;;3
412;235;20;13;4;4;2;2;3;4;6;5;2;2;1;5;1;5;3;3;1;3;;1;3;1;5;2
413;409;1;2;1;;2;1;;1;;1;4;4;;2;;10;2;1;;;3;;4;;2;4
414;1;;;;;;;;;;;;;;;;;;;;;;;;;;
415;433;3;11;4;2;4;4;2;8;2;3;6;5;;1;;31;9;2;2;1;4;1;2;;3;2
416;2;;;;;;;;;;;;;;;;;;;;;;;;;;
417;214;14;;1;1;;;1;;;;;;;;;;;;;;;;;;;1
418;611;13;11;11;3;6;5;7;20;24;14;20;9;5;2;;104;19;14;5;3;3;3;;;3;20
419;67;2;;;;;;;;;;;;;;;3;;;;;;;;;;2
420;124;;6;1;;1;3;14;17;26;15;26;8;5;4;5;10;12;3;;;;;;;;
421;137;9;6;6;;;;;;;;;;;;;2;;;;;;;;;;1
422;409;8;7;10;4;17;15;26;29;1;4;15;3;1;2;;20;18;16;4;;7;14;6;3;9;5
423;466;12;5;5;4;13;12;8;2;3;1;16;12;5;5;2;5;6;5;2;;1;4;1;;2;9
424;498;20;17;7;6;9;7;9;11;11;7;5;3;2;6;3;17;4;7;4;8;3;1;5;3;5;6
425;166;15;1;;;1;;;;;;;;;;;3;;;;;;;;;;
426;201;5;6;19;4;1;1;2;;;;;;;;;;;;;;;;;;;3
427;31;3;;;;;;;;;;;;;;;;;;;;;;;;;1
428;780;13;12;17;2;12;11;14;36;33;19;20;21;8;21;4;32;26;16;13;3;7;11;4;8;15;22
429;309;1;3;1;4;3;3;2;6;7;6;4;11;8;20;6;15;4;7;7;9;7;8;7;3;7;20
430;29;3;;;;;;;;;;;;;;;;;;;;;;;;;
431;445;17;12;12;4;7;5;12;19;3;13;5;11;6;4;1;35;2;7;1;4;6;3;9;1;2;24
432;485;3;1;3;3;4;4;5;2;;7;6;1;2;;;12;3;1;1;;1;2;6;4;6;9
433;266;18;7;2;3;4;3;2;2;;;;;;;;;2;1;1;;1;;2;;1;3
434;1;;;;;;;;;;;;;;;;;;;;;;;;;;
435;724;24;14;7;9;20;8;15;26;5;23;9;18;16;20;7;28;16;19;12;20;16;17;10;18;18;21
436;311;10;2;16;9;8;5;21;6;1;4;5;4;1;5;2;11;5;3;2;1;2;1;1;2;1;6
437;433;8;8;8;3;2;2;;;;2;4;2;2;2;2;17;1;2;1;2;2;1;;;2;4
438;1;;;;;;;;;;;;;;;;;;;;;;;;;;
439;654;12;8;16;3;13;10;15;25;32;19;18;18;6;23;11;33;20;16;12;14;12;17;7;13;18;25
440;112;3;5;8;;;;;;;;;;;;;;;;;;;;;;;1
441;372;17;9;5;4;1;5;4;7;;5;5;1;;2;;6;;;;;;;;;;3
442;434;8;2;7;2;2;6;1;2;;1;3;2;;;;22;1;1;1;;2;1;1;;3;2
443;145;6;11;12;3;4;;;;;;;;;;;2;;;;;;;;;;2
444;304;;3;1;;;1;4;;5;5;10;9;6;5;2;15;17;11;3;6;9;12;3;2;9;11
445;219;1;5;;;;;;;;;;;;;;;;;;;;;;;;
446;413;12;8;12;2;14;12;14;19;24;4;13;10;5;;;27;19;4;4;10;2;1;;;2;6
447;248;9;7;9;3;;1;1;1;;4;;2;;;;16;1;2;2;;;;2;;1;3
448;512;7;17;6;4;1;4;3;3;1;;4;2;2;;;26;2;4;1;4;4;3;;2;3;7
449;3;3;;;;;;;;;;;;;;;;;;;;;;;;;
450;860;13;13;9;1;10;5;9;18;37;18;6;4;1;5;2;32;3;3;2;4;3;3;10;6;3;23
451;176;4;3;;1;;;;;;;;;;;;;;;;;;;;;;
452;2097;23;22;32;7;33;24;28;32;50;30;23;14;12;13;5;52;29;20;14;13;21;21;11;14;28;37
453;478;11;18;6;5;8;10;34;16;8;8;3;2;;4;4;10;;1;2;2;;;2;;3;1
454;1;;;;;;;;;;;;;;;;;;;;;;;;;;
455;505;10;4;6;3;8;5;10;5;6;6;10;4;1;7;14;12;11;2;4;6;8;5;7;3;4;9
456;1;;;;;;;;;;;;;;;;;;;;;;;;;;
457;879;20;14;34;12;30;18;46;48;39;42;29;28;13;18;16;77;25;19;13;17;13;25;16;9;9;18
458;48;4;;2;;1;;;;;;;;;;;;;;;;;;;;;
459;555;9;12;11;6;12;8;14;8;;5;8;9;5;4;4;2;;;;2;1;;;2;1;4
460;750;34;23;14;13;17;26;36;39;26;23;14;15;5;16;12;43;26;6;8;14;19;4;10;3;9;18
461;574;10;19;18;8;19;15;30;31;14;20;19;19;7;13;7;20;4;1;5;15;6;5;2;4;4;6
462;109;7;8;4;2;5;1;;;;;;;;;;2;;;;;;;;;;
463;692;13;15;19;5;15;5;21;17;26;23;10;14;5;18;13;36;12;10;11;17;9;10;9;10;11;25
464;239;4;1;9;6;15;3;14;15;26;3;1;;;;;3;;;;;;;;;;
465;127;4;6;11;5;10;;;;;;;;;;;3;;;;;;;;;;2
466;315;21;23;6;11;15;18;26;17;7;15;7;4;2;2;2;12;;;;;;;;;;1
467;544;26;22;22;11;9;13;19;12;9;4;14;8;5;12;7;41;8;8;7;7;6;4;2;3;;9
468;694;23;13;25;5;23;13;15;21;26;13;18;18;12;17;11;11;14;7;4;1;6;2;2;;3;13
469;622;16;22;8;8;13;15;25;14;34;14;20;7;4;10;8;20;12;3;5;7;8;7;14;19;10;10
470;703;10;14;14;5;3;3;8;2;5;5;4;10;2;;1;46;6;7;2;1;3;1;2;;4;7
471;306;1;6;1;2;2;3;2;1;2;1;13;12;12;5;2;13;9;8;4;4;2;1;4;;5;10
472;615;8;11;8;3;1;3;14;6;2;2;7;16;6;19;14;37;10;7;6;7;7;4;5;2;1;11
473;425;16;13;13;3;13;9;11;23;9;23;10;6;5;9;6;30;17;11;5;2;4;17;5;7;11;18
474;306;8;;8;5;18;6;15;17;28;9;;;;;;2;;;;;;;;;;
475;683;14;16;42;7;38;16;12;17;13;7;42;24;22;26;12;58;29;23;1;13;12;15;9;2;11;23
476;585;16;10;6;1;7;12;15;22;23;8;12;11;8;18;6;22;14;6;6;8;4;10;11;12;8;6
477;605;38;30;25;8;27;21;25;25;17;23;32;29;16;39;21;43;25;23;18;27;16;25;16;18;18;19
478;741;13;17;10;9;17;10;25;33;13;20;8;15;12;20;11;62;6;8;10;10;9;7;15;10;14;26
479;17;;;4;1;;;;;;;;;;;;;;;;;;;;;;
480;555;17;20;18;9;14;12;23;29;29;17;17;7;2;6;2;33;8;9;2;7;6;4;9;2;4;10
481;1019;18;15;13;6;14;9;9;13;8;10;21;9;9;21;4;28;9;4;6;10;7;9;10;3;9;6
482;313;;1;;;;1;2;2;6;;1;3;;;;;;;2;2;1;1;2;;2;3
483;705;9;12;9;11;14;15;17;23;11;33;18;14;7;12;9;23;4;4;4;5;5;4;3;4;6;18
484;608;17;18;10;9;17;8;24;14;9;9;9;3;2;5;4;15;1;5;1;4;7;1;8;2;3;9
485;736;15;20;12;2;14;9;20;25;36;24;19;20;10;18;20;18;13;12;10;11;7;7;14;13;17;16
486;1;;;;;;;;;;;;;;;;;;;;;;;;;;
487;146;12;2;2;;;;;;;2;;;;;;;;;;;;1;;;;
488;341;5;6;5;2;2;5;7;7;5;14;9;8;3;2;2;35;8;3;7;;2;1;1;3;9;17
489;944;12;28;8;11;18;19;21;30;16;20;16;15;13;25;15;34;18;16;8;14;13;5;13;6;11;25
490;640;25;9;25;6;9;13;8;5;4;6;20;10;3;10;5;15;8;9;7;5;9;5;9;4;8;20
491;64;1;2;;2;;;;;;;;;;;;;;;;;;;;;;
492;264;18;16;9;2;;;;;;;;;;;;;;;;;;;;;;3
493;740;31;15;15;1;20;16;22;37;32;24;21;17;12;20;8;24;13;12;10;9;16;15;10;14;33;29
494;110;9;7;4;2;5;;2;;2;;;;;;;2;;;;;;;;;;2
495;628;10;11;19;8;17;12;2;9;;13;10;14;6;5;4;23;7;6;9;3;6;4;7;1;14;13
496;62;5;;2;;;;;;;1;;;;;;;;;;;;;;;;2
497;426;9;10;12;3;23;12;18;8;10;7;6;5;5;4;4;17;11;13;6;16;11;7;5;4;9;11
498;241;8;2;6;11;13;9;2;4;;;;;;;;13;;;;;;;;;;1
499;770;12;18;14;5;9;12;21;37;34;20;11;10;7;8;9;33;14;9;5;9;6;12;8;7;14;28
500;3;;;;;;;;;;;;;;;;;;;;;;;;;;
501;323;17;12;12;3;10;;;;;;;1;;;;2;;;;;;;;;;2
502;7;;;;;;;;;;;;;;;;;;;;;;;;;;
503;538;11;9;19;7;14;7;16;25;12;14;17;8;5;15;8;21;12;8;6;23;8;8;12;11;11;11
504;9;2;;;;;;;;;;;;;;;;;;;;;;;;;1
505;1;;;;;;;;;;;;;;;;;;;;;;;;;;
506;260;4;3;5;2;6;7;7;4;17;13;8;2;2;3;2;20;3;2;2;2;2;4;3;1;5;8
507;545;8;10;10;4;4;2;2;3;;1;1;1;;2;;10;1;;;;;;2;;2;1
508;1;;;;;;;;;;;;;;;;;;;;;;;;;;
509;349;7;4;14;4;6;3;4;2;2;2;2;2;;3;;4;1;1;2;2;2;;;;2;1
510;277;6;;;;;4;;1;2;;5;;;2;;17;3;1;1;1;2;1;4;1;4;5
511;1219;11;19;21;9;19;13;25;23;33;10;14;15;9;20;21;20;14;12;11;17;10;18;23;14;8;6
512;907;31;41;26;13;29;23;54;69;53;44;26;22;21;34;37;31;22;17;12;27;15;16;14;6;5;19
513;708;44;35;28;13;23;24;39;32;45;30;27;21;13;24;5;26;24;17;3;4;4;2;2;3;2;8
514;57;6;6;;;;;;;;;;;;;;;;;;;;;;;;
515;188;1;1;1;1;;;;2;;;;;;;;;;;;;;;;;;1
516;393;8;10;9;2;1;4;;5;10;6;1;6;1;4;2;15;7;3;7;2;2;1;6;3;2;9
517;1030;5;15;18;6;31;20;26;16;10;26;26;19;3;8;;50;24;19;7;6;16;13;2;;8;17
518;1;;;;;;;;;;;;;;;;;;;;;;;;;;
519;58;;;;;;1;;6;;;;;;;;;;;;;;;;;;
520;18;;;;;;;;;;;;;;;;;;;;;;;;;;
521;1;;;;;;;;;;;;;;;;;;;;;;;;;;
522;61;5;;;;;;;;;;;;;;;;;;;;;;;;;2
523;142;;;;;;;;;;3;;;;;;7;;;;;;;;;;
524;88;2;;;2;;;;;;;;;;;;;;;;;;;;;;
525;1351;47;49;41;18;26;23;30;42;44;44;20;28;14;46;21;38;27;16;10;16;12;19;8;5;12;31
526;785;29;25;16;9;22;14;23;29;36;28;18;10;16;30;17;25;20;5;12;8;16;10;14;5;8;28
527;668;27;11;24;9;12;26;24;26;22;32;9;15;21;26;10;35;19;12;7;9;5;4;16;5;9;40
528;117;11;8;;;;;;;;;;;;;;3;;;;;;;;;;2
529;51;4;;;;;;;;;;;;;;;;;;;;;;;;;3
530;795;19;14;16;8;19;10;25;35;37;24;17;15;15;19;7;38;15;19;13;13;13;16;16;20;18;20
531;247;1;2;1;;;;4;;;;1;;;;;20;;;;;1;;;;;1
532;440;4;5;16;9;19;14;18;8;29;6;23;24;18;3;1;13;14;20;16;8;3;;;;;7
533;3;;;;;;;;;;;;;;;;;;;;;;;;;;
534;84;;;;;;;;;;;;;;;;;;;;;;;;;;1
535;750;22;17;11;7;16;13;19;26;27;30;14;12;11;19;10;33;24;15;12;17;8;11;14;15;12;32
536;1;;;;;;;;;;;;;;;;;;;;;;;;;;
537;108;2;;11;1;;;;;;;;;;;;;;;;;;;;;;
538;49;1;;1;;;;;;;;;;;;;2;;;;;;;;;;
539;397;;3;;;;;3;;;;3;7;4;1;;5;;;;;;;;;2;6
540;428;5;11;16;;8;5;5;5;3;4;10;10;2;5;2;19;4;3;1;5;3;2;3;1;6;14
541;77;2;;;2;;;;;;;;;;;;;;;;;;;;;;
542;1;;;;;;;;;;;;;;;;;;;;;;;;;;
543;66;3;1;1;;;;;;;;;;;;;;;;;;;;;;;
544;1;;;;;;;;;;;;;;;;;;;;;;;;;;
545;14;;;;;;;;;;;;;;;;;;;;;;;;;;
546;293;10;19;7;2;2;4;11;18;14;13;9;5;6;4;6;2;;2;;3;2;1;5;2;4;1
547;174;2;;1;;;;;;;;;;;;;;;;;;;;;;;
548;41;11;;;;;;;;;;;;;;;;;;;;;;;;;2
549;915;30;35;24;12;26;11;38;22;27;34;5;18;9;12;12;71;19;22;9;7;21;19;12;5;18;20
550;88;7;;2;1;2;2;2;2;2;2;;;;;;1;;;;;;;;;;2
551;70;8;11;4;1;1;1;;;;;;;;;;;;;;;;;;;;
552;635;7;4;2;2;6;2;10;8;2;4;16;11;1;;;42;9;4;1;;8;3;2;;5;11
553;333;8;12;12;6;8;8;11;10;10;14;7;6;3;6;2;17;4;4;4;6;7;7;20;11;11;12
554;1065;27;21;10;4;17;19;28;32;40;21;15;14;7;24;14;25;17;13;10;10;13;17;10;9;14;29
555;122;;;1;;;;;;;3;1;;;;;;;;1;;;;;;1;1
556;113;4;;6;;;;;;;;;;;;;;;;;;;;;;;
557;60;6;;;;;;;;;;;;;;;;;;;;;;;;;1
558;236;14;26;7;2;;;;;;;;;;;;3;;;;;;;;;;4
559;4;;;;;;;;;;;;;;;;;;;;;;;;;;
560;267;6;6;3;1;8;4;;5;2;;7;2;;8;3;4;;;;;;;;;;
561;347;25;16;24;5;16;5;1;11;2;11;;;;;;4;;;;;;;;;;1
562;282;;3;;1;1;1;2;3;5;1;4;1;1;2;1;14;4;3;3;4;4;2;5;2;3;4
563;1;;;;;;;;;;;;;;;;;;;;;;;;;;
564;548;15;16;13;7;9;10;21;14;2;10;16;11;3;3;2;57;9;5;2;2;6;2;7;2;9;14
565;73;8;7;2;;;;;;;;;;;;;;;;;;;;;;;
566;42;13;2;;;;;;;;;;;;;;;;;;;;;;;;3
567;505;12;8;13;2;3;5;8;8;;8;7;11;3;11;;33;8;11;2;3;5;8;10;4;10;20
568;168;6;6;8;3;12;4;7;4;;;;;;;;;;;;;;;;;;3
569;394;11;2;13;3;5;7;1;6;4;4;5;6;2;4;4;22;6;1;;;1;1;2;;3;5
570;489;6;6;4;;4;13;8;8;5;12;5;6;1;11;;19;13;8;12;9;8;6;16;10;16;25
571;490;16;16;12;7;17;15;18;25;34;19;17;13;9;17;8;23;21;18;11;7;13;18;9;12;19;12
572;935;23;24;30;9;35;19;30;35;58;23;23;23;10;32;9;57;29;26;22;20;24;13;20;12;10;35
573;514;9;12;7;5;12;10;7;8;13;16;8;5;1;2;2;27;5;3;3;6;4;3;8;8;7;11
574;113;9;5;3;1;;;;;;;2;;;1;;7;;;;;;;;;;1
575;63;;3;4;;;1;;;;1;2;2;;2;2;2;;;;;;;;;;2
576;1200;26;43;38;9;28;13;24;4;11;8;26;16;4;5;2;26;21;14;15;6;14;3;4;2;4;7
577;1469;10;23;17;4;15;13;17;30;36;23;19;12;9;29;10;33;22;14;11;6;14;15;19;17;19;25
578;451;18;6;15;6;16;11;3;;;3;18;12;6;7;3;18;14;7;5;3;4;3;5;1;4;5
579;209;2;2;34;2;15;3;11;7;;2;;;;;;;;;;;;;;;;
580;442;8;3;9;2;10;13;7;9;6;11;7;8;3;;;14;7;8;5;1;9;4;8;;4;4
581;9;;;;;;;;;;;;;;;;;;;;;;;;;;
582;184;7;4;3;4;5;3;;;;;;;;;;;;;;;;;;;;1
583;569;18;16;18;3;23;12;20;25;29;9;21;17;7;11;5;31;21;19;6;12;8;6;14;11;9;36
584;90;6;1;8;2;1;1;1;;;;;;;;;;;;;;;;;;;1
585;292;1;1;8;1;8;2;1;;;;1;1;;;1;10;;;;;2;;;;1;2
586;236;;;1;;;;;;;;;4;;;;10;;;;;;;;;;1
587;28;1;;;;;;;;;;;;;;;;;;;;;;;;;2
588;443;;;;;;;;;;;2;1;;;;3;;;;;;;;;;1
589;248;1;1;;;1;1;1;;1;2;1;3;;2;;18;4;1;2;;2;1;2;;2;
590;2386;20;16;25;14;27;19;19;23;40;30;18;17;2;;6;18;15;14;1;3;3;1;5;;7;18
591;25;;;;1;9;5;1;;;;;;;;;;;;;;;;;;;
592;5;1;;;;;;;;;;;;;;;;;;;;;;;;;
593;850;19;11;10;3;9;4;7;8;2;3;1;4;;3;;22;5;3;2;4;;;4;;2;8
594;48;10;1;;;;;;;;;;;;;;3;;;;;;;;;;
595;301;13;13;6;4;7;6;16;16;9;3;1;;;;;1;;;;;;;;;;6
596;15;;;3;;;;;;;;;;;;;;;;;;;;;;;
597;613;20;13;11;2;16;12;16;18;28;18;21;13;5;18;10;22;12;11;8;8;9;10;5;2;3;5
598;1007;16;11;17;10;23;17;7;14;25;14;17;17;11;6;4;21;19;19;11;6;15;22;12;8;17;20
599;394;9;9;10;3;4;3;3;5;9;8;4;5;3;6;6;16;1;3;2;8;2;3;6;6;4;7
600;7;;;;;;;;;;;;;;;;;;;;;;;;;;
601;762;38;23;19;6;17;14;25;32;40;55;14;18;10;29;15;23;22;13;10;8;12;20;15;12;26;35
602;523;11;9;11;6;19;12;6;;;5;1;1;;;;15;1;;;;;;;;;1
603;13;;;;;;;;;;;;;;;;;;;;;;;;;;
604;304;20;17;5;4;15;10;31;33;;6;;;;;;;;;;;;;;;;1
605;314;4;4;8;1;13;7;5;17;25;8;15;12;5;16;12;18;19;15;9;9;4;13;10;10;5;8
606;89;3;2;;;;;;;;;;;;;;;;;;;;;;;;2
607;52;7;7;3;1;;;;;;;;;;;;1;;;;;;;;;;2
608;398;12;15;10;5;15;16;26;35;34;29;18;20;5;15;;14;2;1;;2;1;1;11;;;34
609;154;11;10;15;;;1;;;;;;;;;;;;;;;;;;;;5
610;1100;44;26;35;11;20;28;37;50;71;36;31;21;16;25;7;38;28;29;21;20;37;31;23;23;22;45
611;146;2;4;11;6;7;3;1;1;;;;;;;;;;;;;;;;;;
612;149;4;5;5;1;;;;;;;;;;;;;;;;;;;;;;
613;306;6;1;5;3;2;1;;;3;4;2;8;3;3;;11;1;3;3;2;1;;;;8;6
614;1136;36;10;30;7;16;15;33;30;17;6;18;22;20;29;4;39;43;30;22;21;16;22;14;14;14;16
615;803;5;11;24;8;24;23;23;31;33;24;25;22;11;27;11;66;35;16;11;12;11;13;14;6;16;42
616;608;10;7;12;10;23;19;28;34;31;33;19;11;10;25;15;37;19;19;12;10;10;14;18;13;9;36
617;1217;22;24;22;9;10;15;42;24;36;12;17;18;11;14;6;29;15;13;3;6;7;6;;3;11;10
618;323;1;;1;;;;;;;2;;;;;;;;;;;;;;;2;4
619;94;7;11;1;2;;1;18;16;2;;1;;;;;;;;;;;;;;;1
620;18;;;;;;;;;;;;;;;;;;;;;;;;;;
621;261;4;6;7;3;2;3;1;1;;2;8;2;;1;;17;6;;;;1;;4;;5;5
622;663;4;4;22;3;11;6;15;16;12;19;6;7;3;12;6;20;5;4;1;5;5;4;6;3;2;9
623;1;;;;;;;;;;;;;;;;;;;;;;;;;;
624;202;6;1;;;;;;;;;;;;;;2;;;;;;;;;;
625;1;;;;;;;;;;;;;;;;;;;;;;;;;;
626;92;2;;2;1;;;;;;;9;;1;1;;;;;;;;;;;;1
627;754;19;14;13;10;14;19;10;16;10;13;16;10;5;6;2;41;5;8;5;8;5;3;5;2;13;15
628;319;4;1;10;1;9;14;19;2;11;3;3;13;5;7;;14;4;3;6;3;5;1;7;3;4;5
629;6;;;;;;;;;;;;;;;;;;;;;;;;;;
630;174;3;5;11;3;13;4;17;25;31;19;7;;;;;;;;;;;;;;;
631;424;15;17;7;5;8;8;16;15;17;13;8;4;6;3;4;11;2;2;2;2;4;1;3;;1;3
632;508;6;8;10;3;11;9;12;17;33;28;12;9;8;11;8;26;15;16;9;9;9;15;4;8;17;17
633;23;6;1;;;;;;;;;;;;;;;;;;;;;;;;
634;299;13;12;15;8;4;3;11;12;2;4;4;1;2;2;2;13;4;3;3;4;1;1;1;2;3;8
635;647;3;8;10;8;15;5;16;14;16;15;7;5;4;9;15;30;7;9;5;6;9;5;14;6;6;19
636;69;6;2;3;;;;;;;;;;;;;2;;;;;;;;;;
637;256;5;;7;2;6;5;6;6;14;1;3;2;1;;1;9;5;3;4;;5;4;4;4;4;4
638;728;18;9;19;12;17;19;6;11;6;23;21;10;3;10;3;37;7;8;3;4;3;3;10;2;11;19
639;506;10;13;12;5;11;9;21;4;23;17;17;12;8;9;1;33;12;3;3;3;5;4;2;2;4;7
640;382;9;20;15;8;15;18;14;13;7;10;9;14;9;16;14;35;13;6;1;2;;;;;;1
641;1052;38;51;36;16;25;23;51;51;48;41;27;28;15;30;14;74;28;24;19;26;24;21;26;17;29;35
642;558;15;18;13;5;10;8;13;13;21;24;19;11;8;12;6;26;16;11;8;6;7;10;13;9;9;18
643;523;16;6;13;3;13;10;15;14;10;16;16;9;4;9;2;33;16;11;9;4;11;9;6;4;6;11
644;581;12;5;9;4;16;9;13;20;33;12;11;14;6;18;9;20;15;3;5;2;5;11;8;;7;26
645;157;2;2;;1;;;;;;;;3;;;;12;12;10;2;2;;;;;;
646;256;1;5;2;1;1;3;;2;;1;;;;1;;13;1;3;;;;;;;;
647;94;;;;;;;;;;;;;;;;;;;;;;;;;;
648;604;15;28;36;22;24;20;51;40;46;17;17;18;10;20;8;44;24;17;6;1;6;2;8;2;2;25
649;66;;;;;;;;;;;;;;;;;;;;;;;;;;
650;294;9;11;14;4;12;8;9;20;28;17;13;10;7;13;9;;;;;;;;;;;3
651;3;;;;;;;;;;;;;;;;;;;;;;;;;;
652;5;;;;;;;;;;;;;;;;;;;;;;;;;;
653;468;10;10;2;2;4;6;9;7;4;10;11;7;1;8;2;19;7;4;1;1;2;;3;;1;10
654;675;16;6;23;4;17;22;24;19;8;5;22;20;12;13;;30;29;17;9;4;21;4;7;1;5;7
655;72;7;10;8;1;3;;;;;;;;;;;;;;;;;;;;;1
656;297;19;9;1;1;5;;;2;;;;;;;;3;;;;;;;;;;3
657;364;14;12;9;4;6;8;9;4;5;5;6;4;2;4;2;14;6;5;2;2;2;7;13;6;11;16
658;1;;;;;;;;;;;;;;;;;;;;;;;;;;
659;560;16;25;14;8;13;7;12;16;7;13;9;5;5;14;2;33;6;3;4;4;5;3;3;1;2;15
660;97;2;;;;;;;;;;;;;;;;;;;;;;;;;
661;1;;;;;;;;;;;;;;;;;;;;;;;;;;
662;517;6;13;14;2;18;11;17;25;35;21;20;13;11;18;13;28;16;15;6;12;10;8;21;14;13;21
663;76;4;5;3;2;3;;;;;;;;;;;;;;;;;;;;;
664;1;;;;;;;;;;;;;;;;;;;;;;;;;;
665;540;11;9;17;2;6;7;2;4;6;3;5;10;7;3;2;7;2;;;;2;3;5;;3;4
666;940;9;4;17;14;24;9;12;23;5;15;11;15;12;12;5;44;23;19;11;6;11;18;9;12;16;28
667;340;10;15;6;8;8;7;21;22;26;15;7;6;6;21;6;28;13;12;9;20;17;4;10;1;4;5
668;45;4;;1;;;;;;;;;;;;;;;;;;;;;;;3
669;1204;17;9;12;5;12;9;12;7;2;4;2;5;2;1;;19;18;15;6;19;4;6;7;1;5;7
670;892;14;16;8;4;18;19;23;27;19;15;16;11;5;2;;33;10;9;7;9;8;8;5;3;4;10
671;1;;;;;;;;;;;;;;;;;;;;;;;;;;
672;75;;3;1;;9;;;;;;;1;;;2;;;;;;;;;;;
673;360;33;16;24;8;1;1;;;;;;;;;;1;;;;;;;;;;3
674;9;;;;;;;;;;;;;;;;;;;;;;;;;;1
675;105;;;;;;;;;;;;;;;;;;;;;;;;;;
676;118;5;3;;2;;;;;1;;;2;;;;11;4;1;;;;;;;;1
677;554;11;8;15;5;15;10;12;18;7;5;4;7;4;13;2;33;10;9;6;6;4;4;2;3;4;12
678;207;6;22;19;5;12;5;7;9;;4;6;8;7;1;2;1;1;;1;3;1;8;3;2;3;10
679;13;2;;2;;;;;;;;;;;;;;;;;;;;;;;
680;363;7;14;16;3;20;8;8;2;4;;9;8;8;9;4;19;3;2;;;;;;;;
681;103;;2;;;;1;;;;;2;1;3;2;;;;1;;;2;2;2;;2;2
682;269;9;10;4;2;6;4;6;3;2;4;5;5;1;2;3;9;5;2;1;2;2;1;1;2;1;6
683;10;;1;1;;;;;;;;;;;;;;;;;;;;;;;
684;528;3;8;7;5;8;9;16;23;37;19;12;13;10;27;13;15;11;10;7;6;5;7;11;15;14;29
685;531;18;11;18;7;8;3;1;9;5;4;;13;7;1;;17;10;2;1;;1;;;;;2
686;194;6;1;5;4;8;3;10;;;2;1;;;;;2;;;;;;;;;;1
687;228;12;9;2;;3;5;6;3;5;3;5;5;3;5;6;12;5;4;3;1;6;5;3;3;4;6
688;1;;;;;;;;;;;;;;;;;;;;;;;;;;
689;664;17;12;17;6;23;6;2;;7;7;23;18;7;15;2;22;20;29;15;4;15;23;5;3;14;14
690;1;;;;;;;;;;;;;;;;;;;;;;;;;;
691;591;16;18;24;6;19;12;20;29;12;16;24;17;4;12;4;62;17;18;10;16;13;7;15;9;27;20
692;76;;;;;;;;;;;;;;;;;;;;;;;;;;
693;3;;;;;;;;;;;;;;;;;;;;;;;;;;
694;351;14;9;10;7;12;4;9;12;3;2;3;4;3;11;6;28;5;3;;6;5;1;5;;18;22
695;484;;2;;;3;5;4;2;3;2;4;7;2;1;1;24;5;4;2;4;2;2;4;2;4;9
696;1;;;;;;;;;;;;;;;;;;;;;;;;;;
697;90;12;2;;;;;;;;;;;;;;2;;;;;;;;;;1
698;14;1;;;;;;;;;;;;;;;;;;;;;;;;;
699;246;1;1;3;3;2;6;;1;3;3;2;2;1;3;;9;2;3;2;4;4;1;3;;2;4
700;184;8;15;13;4;1;;2;4;;;;;;;;2;;;;;;;;;;
701;203;2;1;;2;1;1;4;;4;9;1;1;;;;12;3;1;;;5;1;4;;4;7
702;599;10;10;16;3;21;10;16;20;39;21;14;16;13;26;11;24;15;14;6;6;13;17;14;10;12;14
703;862;19;22;12;18;35;26;30;29;32;20;20;19;9;10;10;64;21;12;11;8;12;7;9;5;6;27
704;1;;;;;;;;;;;;;;;;;;;;;;;;;;
705;223;11;9;4;3;7;3;2;;;;;;;;;;;;;;;;;;;1
706;158;;4;5;3;14;12;7;7;11;9;6;6;5;4;2;2;1;1;;;;;;;;7
707;238;17;8;8;1;2;2;;2;;;2;1;;;1;5;;;2;;;;1;;1;6
708;1214;24;26;25;6;26;23;22;33;44;31;21;26;9;38;21;97;20;13;15;11;9;14;12;13;10;28
709;550;1;9;9;8;14;13;18;29;6;5;12;11;6;18;10;20;19;10;9;15;12;14;14;18;21;27
710;765;17;9;21;10;20;12;14;6;10;6;14;14;8;4;2;41;24;17;1;4;3;4;9;8;7;20
711;1;;;;;;;;;;;;;;;;;;;;;;;;;;
712;767;28;25;20;8;25;23;14;30;17;17;14;21;11;16;13;20;14;16;9;12;8;18;8;2;3;9
713;480;18;12;8;3;4;1;2;6;;7;2;4;5;9;;21;1;1;;4;4;2;10;4;8;8
714;108;4;2;4;3;5;;;;;;;;;;;3;;;;;;;;;;1
715;135;;;;;;3;2;;3;;8;4;2;;;2;;;1;;1;2;1;;6;10
716;40;;;;;;;;;;;2;1;;;;;;;;;;;;;;
717;923;32;21;21;7;20;21;16;15;31;16;23;22;13;21;12;44;28;17;8;10;12;17;6;14;21;24
718;559;8;16;17;6;17;11;28;29;14;6;13;18;13;16;15;25;14;12;10;12;14;14;16;14;14;20
719;1;;;;;;;;;;;;;;;;;;;;;;;;;;
720;321;;3;1;1;1;2;;;;3;2;5;1;;;19;6;6;1;;3;2;1;;1;6
721;1;;;;;;;;;;;;;;;;;;;;;;;;;;
722;579;19;13;16;4;4;4;4;4;2;;6;5;;;;27;4;;1;2;1;1;;;3;5
723;429;13;9;3;1;5;8;8;9;8;5;6;2;2;3;5;14;3;4;3;6;3;2;4;3;2;10
724;845;10;7;16;5;19;14;24;9;3;5;7;9;3;6;8;28;3;13;1;4;4;2;4;2;9;29
725;646;19;11;10;9;17;13;5;3;7;15;20;15;13;24;6;22;9;6;7;6;7;2;7;2;25;23
726;1506;46;26;42;13;40;30;42;56;68;43;36;33;20;52;31;37;22;32;15;12;16;18;14;18;24;43
727;392;26;14;21;8;29;20;2;;1;;1;1;1;;;;;;;;;;;;;6
728;510;7;3;9;4;8;8;6;5;2;5;9;9;5;11;7;35;19;15;7;4;6;6;9;4;7;12
729;453;11;5;34;2;4;4;6;2;6;5;9;7;5;11;6;40;5;3;3;5;1;1;;;1;12
730;906;14;11;12;2;13;10;6;17;13;7;13;11;3;4;;20;8;11;4;5;4;5;6;2;8;13
731;807;34;15;10;8;17;13;7;14;8;11;8;12;6;15;1;43;17;5;3;6;10;4;15;6;8;14
732;838;33;39;44;14;18;23;15;30;31;6;21;12;5;23;6;108;33;21;14;10;10;6;14;2;13;51
733;816;25;24;10;7;16;11;26;19;15;13;14;7;7;14;17;30;7;8;6;12;6;6;10;11;5;18
734;738;26;17;18;13;15;11;16;39;13;10;21;10;3;5;5;74;9;7;5;4;4;;4;1;4;14
735;312;25;9;7;3;5;5;7;17;5;12;5;4;;6;;3;;;;1;;;;;;
736;186;7;6;1;1;6;2;4;4;2;2;4;3;;2;3;15;4;1;1;2;;;;3;;3
737;334;17;7;3;1;11;3;16;8;7;3;13;5;;4;4;6;2;2;1;1;2;1;1;1;2;7
738;521;19;15;7;7;9;6;2;8;9;7;7;1;2;2;1;19;;1;;3;2;2;6;2;4;11
739;612;9;9;10;3;9;12;12;15;23;18;17;14;7;15;9;14;9;4;5;14;4;5;9;7;4;16
740;456;12;7;9;2;8;11;10;12;3;5;7;9;8;9;2;21;9;7;4;8;4;1;2;;2;7
741;636;15;12;7;8;9;13;38;27;13;15;26;16;13;18;11;20;9;7;2;4;2;2;4;1;6;14
742;469;28;13;12;9;10;13;8;14;7;9;8;8;5;7;5;31;5;4;2;3;4;4;3;3;10;7
743;26;;;;;;;;;;;;;;;;;;;;;;;;;;
744;337;31;14;17;5;20;11;16;18;36;15;;;;;;3;;;;;;;;;;1
745;99;10;4;;;;;;;;;;;;;;;;;;;;;;;;1
746;299;7;12;9;3;5;7;5;11;30;10;8;7;1;5;8;;;;;;;;;;;5
747;1624;27;22;30;14;31;34;24;28;41;16;9;8;2;2;;66;29;22;9;8;13;7;6;1;7;27
748;405;3;1;;;;;;;;;;4;5;;;27;;;;;;;;;;2
749;681;4;;6;6;5;6;7;3;4;4;7;4;1;3;;25;4;7;3;3;2;3;3;1;4;14
750;96;10;12;10;1;1;2;1;;;;;;;;;2;;;;;;;;;;1
751;239;9;8;1;5;3;5;4;6;4;4;1;2;;1;2;8;3;;2;6;2;1;2;;1;4
752;287;8;2;4;2;4;6;4;8;6;4;5;9;2;5;1;16;5;7;5;2;2;1;4;1;5;15
753;1111;7;10;12;4;15;12;33;29;30;28;17;14;9;26;7;39;16;12;7;7;10;9;10;2;10;12
754;735;2;;21;6;17;13;14;15;20;17;20;19;12;6;;33;17;10;6;5;11;8;3;2;9;3
755;429;4;11;9;8;3;3;7;12;6;21;6;5;3;9;12;29;7;5;5;6;6;5;12;6;6;14
756;5;;;;;;;;;;;;;;;;;;;;;;;;;;
757;1;;;;;;;;;;;;;;;;;;;;;;;;;;
758;1995;46;50;28;18;33;33;37;69;62;73;37;38;19;59;31;38;32;16;12;21;24;24;27;23;27;73
759;47;2;7;9;;9;5;;;;;;;;;;;;;;;;;;;;1
760;356;6;1;6;2;10;2;10;7;20;2;3;7;3;;;9;;2;;;;;2;2;1;2
761;375;21;25;16;2;24;17;30;23;17;30;15;9;3;4;;2;;;;;;;;;;
762;409;25;17;14;5;8;7;17;31;10;14;12;15;9;22;3;27;27;16;6;12;8;2;7;10;11;8
763;485;19;8;1;3;4;5;13;9;7;4;16;6;4;8;1;22;6;7;5;4;3;1;5;4;2;16
764;246;12;7;11;5;7;11;1;1;2;3;4;5;3;1;1;8;6;3;5;2;;;;;;3
765;573;3;7;17;6;6;9;13;32;15;22;5;8;7;1;1;11;6;7;5;1;4;4;2;2;3;13
766;9;;;;;;;;;;;;;;;;;;;;;;;;;;
767;1;;;;;;;;;;;;;;;;;;;;;;;;;;
768;53;2;3;;;;;;;;;;;;;;;;;;;;;;;;1
769;431;23;8;11;5;8;2;4;17;7;9;3;;;;;2;;;;;;;;;;2
770;85;5;1;;;;;;;;;;;;;;2;;;;;;;;;;
771;671;12;8;10;5;5;3;15;15;6;16;19;20;2;4;3;33;11;5;9;4;6;2;6;1;11;11
772;330;11;18;15;7;11;8;15;9;9;6;13;9;5;3;2;16;16;11;8;1;5;13;10;7;16;6
773;185;15;3;10;2;10;;;;;;;;;;;;;;;;;;;;;2
774;37;;;;;2;;2;;;;;;;;;2;;;;;;;;;;
775;550;20;8;7;3;17;14;43;37;10;7;30;21;15;26;19;19;18;10;14;19;18;9;21;9;21;38
776;191;12;9;4;1;2;2;9;5;;5;;;;;;;;;;;;;;;;1
777;281;5;6;13;9;14;6;14;5;;;;;;;;3;;;;;;;;;;3
778;341;13;3;8;5;9;1;;;;;;;;;;2;;;;;;;;;;2
779;966;31;13;19;5;23;18;11;4;27;9;17;17;10;23;19;32;20;20;11;17;11;18;26;15;14;18
780;682;10;10;8;4;14;20;14;21;32;20;18;15;6;23;8;19;20;20;14;16;14;19;10;11;17;34
781;2;;;;;;;;;;;;;;;;;;;;;;;;;;
782;674;15;14;17;3;14;18;28;26;29;16;16;14;5;27;6;25;18;10;8;7;12;8;7;12;13;23
783;153;2;;2;;2;;;;;;;;;;;3;;;;;;;;;;
784;30;2;;1;;;;;;;;;;;;;1;;;;;;;;;;
785;43;;;;;;;;;;;;;;;;;;;;;;;;;;
786;614;16;15;11;8;18;14;22;15;7;8;14;18;8;28;10;34;14;11;8;13;3;;5;1;2;16
787;25;2;2;;1;;;;;;;;;;;;;;;;;;;;;;1
788;558;17;22;19;8;16;14;26;23;14;15;20;10;11;19;10;22;16;6;6;9;9;6;7;2;12;9
789;437;6;19;8;6;12;12;24;19;31;21;14;10;3;18;4;22;11;6;5;5;6;5;9;4;10;17
790;750;8;7;9;4;12;13;14;14;32;4;12;15;8;11;1;20;15;9;10;10;12;16;7;6;9;13
791;546;11;9;15;6;14;9;11;14;15;20;12;12;7;;;6;;;;;;;;;;2
792;303;10;2;2;4;;2;;4;;4;2;4;1;2;;10;;;;;;;4;;4;2
793;229;9;;2;;1;1;2;2;2;2;;;;;;;;;;;;;;;;
794;492;5;10;9;8;6;7;9;5;7;11;5;7;1;6;3;17;5;4;3;6;7;5;8;4;4;15
795;751;8;4;6;3;3;2;4;6;;;4;5;;4;;14;;3;;2;;;2;;;2
796;783;7;8;6;4;13;9;6;22;8;8;9;5;4;3;3;4;;5;2;2;1;2;4;2;4;9
797;1282;29;17;24;9;20;15;18;13;22;25;17;16;9;10;6;54;16;11;3;6;12;4;7;2;13;25
798;190;;;1;;;;10;3;;4;2;;;;;9;1;1;;;;;;;;1
799;557;12;14;15;5;23;19;26;30;19;5;22;16;8;21;9;21;22;19;8;10;15;15;1;15;19;18
800;439;11;12;9;4;18;14;12;14;23;14;19;12;5;14;;24;19;15;5;14;16;12;5;8;11;16
801;882;10;8;10;6;3;8;15;10;17;9;13;9;5;5;6;37;4;6;3;6;3;4;7;4;5;14
802;807;11;6;11;5;13;12;22;8;23;29;16;8;9;10;6;32;8;4;3;1;4;5;6;2;5;9
803;62;1;;;;;;;;;;;;;;;1;;;;;;;;;;
804;365;7;7;4;3;6;10;6;6;4;5;2;4;1;4;;14;3;3;4;4;4;;3;2;6;3
805;284;2;;;1;;1;1;;;;2;1;1;;2;11;1;1;2;;;;;;;
806;1;;;;;;;;;;;;;;;;;;;;;;;;;;
807;622;15;14;16;7;22;13;21;20;2;4;8;10;1;8;7;59;20;16;4;5;2;2;6;2;12;9
808;55;2;;;;;;;;;;;;;;;;;;;;;;;;;1
809;1;;;;;;;;;;;;;;;;;;;;;;;;;;
810;545;12;10;10;7;18;8;28;6;6;12;4;4;1;6;2;25;1;1;4;3;4;2;5;4;5;13
811;1;;;;;;;;;;;;;;;;;;;;;;;;;;
812;158;9;15;8;6;9;4;4;5;1;2;5;1;;;;;;;;;;;;;;
813;1020;36;34;24;2;26;24;45;44;35;29;18;14;11;5;2;34;22;21;9;18;20;14;25;13;25;31
814;239;5;2;2;2;;1;1;2;3;3;3;2;1;;;14;3;1;1;4;3;2;4;2;2;2
815;124;12;2;;;4;;;;;;;;;;;2;;;;;;;;;;
816;20;6;1;;;;;;;;;;;;;;;;;;;;;;;;
817;462;17;21;7;9;10;12;15;23;15;17;10;11;7;11;16;34;11;10;6;10;7;6;14;6;5;14
818;276;8;10;2;6;15;4;2;4;6;9;3;5;;5;2;18;2;1;1;2;3;2;3;1;4;9
819;381;10;14;12;7;12;10;18;14;7;12;13;8;5;;1;23;5;6;3;7;4;5;2;;5;5
820;786;7;10;16;4;16;19;18;33;35;25;28;20;12;18;6;33;32;20;11;13;16;25;11;8;22;40
821;399;22;8;1;2;16;5;11;5;15;5;4;5;3;2;1;50;17;3;3;2;2;1;1;;;2
822;73;;1;;;;;;1;;;4;4;1;7;2;;1;1;1;1;;1;;;1;
823;12;1;;;;;;;;;;;;;;;;;;;;;;;;;
824;716;13;4;15;6;4;9;3;8;8;7;9;9;6;1;2;29;8;5;6;;10;4;4;3;16;13
825;225;2;;;9;11;5;2;;4;;1;1;;;;2;;;;;;;;;;3
826;136;9;13;11;1;;1;;;;;;;;;;;;;;;;;;;;3
827;70;2;;1;3;1;;;;;;;;;;;;;;;;;;;;;
828;550;40;19;3;3;4;9;4;2;20;9;12;3;3;9;8;14;9;3;1;1;4;3;5;5;13;7
829;215;12;18;21;;;;;;;;;;;;;4;;;;;;;;;;1
830;378;28;32;24;11;25;3;4;19;4;16;7;5;2;3;11;24;5;2;2;2;2;;3;4;4;8
831;434;10;5;9;6;18;9;12;7;6;8;8;3;3;7;7;24;6;1;4;8;3;1;3;4;5;7
832;9;;;;;;;;;;;;;;;;;;;;;;;;;;
833;421;4;10;2;2;6;2;4;;;;8;10;5;2;2;13;5;5;3;3;;;;;2;2
834;917;14;14;26;5;26;14;21;30;31;19;17;19;13;21;11;47;33;27;20;17;20;22;15;23;33;48
835;71;17;13;5;1;;;;;;;;;;;;;;;;;;;;;;2
836;157;1;7;5;;;;;;;;;;;;;3;;;;;;;;;;
837;1;;;;;;;;;;;;;;;;;;;;;;;;;;
838;33;3;;;;;;;;;;;;;;;;;;;;;;;;;1
839;1;;;;;;;;;;;;;;;;;;;;;;;;;;
840;327;19;14;12;10;18;9;30;33;30;7;;2;;;;;;;;;;;;;;4
841;1239;14;17;19;5;28;20;29;22;44;32;20;13;8;21;9;40;26;16;12;6;12;10;14;26;24;41
842;2075;15;16;25;9;20;17;23;25;35;28;22;18;13;26;16;138;31;20;16;15;19;24;20;18;30;39
843;458;2;13;5;4;18;7;11;10;20;16;10;9;9;12;13;11;12;10;5;10;11;10;10;6;10;9
844;227;7;6;1;;;;;;;;;2;1;1;1;2;;;;;;;;;;1
845;83;;2;;1;;;2;2;;;11;9;5;3;1;7;;;;;;;;;;
846;104;9;5;5;1;1;1;;;;;;;;;;2;;;;;;;;;;
847;101;3;2;5;1;1;;;;;;;;;;;2;;;;;;;;;;
848;343;9;3;9;9;10;12;13;2;21;3;18;8;9;2;1;1;;;1;;;;;;1;1
849;1506;54;52;39;17;34;34;60;73;58;67;44;32;16;54;25;39;32;24;13;27;23;20;26;24;27;56
850;427;5;1;8;2;;2;2;1;3;12;;;;;;49;4;;1;1;3;2;;;2;10
851;471;7;10;8;2;17;6;22;19;23;15;11;7;8;15;6;28;15;2;2;;5;4;4;3;21;18
852;401;12;4;8;6;13;1;3;6;10;4;8;6;4;;;26;1;3;1;1;3;3;2;2;5;4
853;37;13;12;;;;;;;;;;;;;;;;;;;;;;;;
854;267;24;4;6;;;;;;;;;;;;;;;;;;;;;;;
855;1155;13;13;28;6;34;14;22;29;53;27;30;25;13;21;4;49;16;17;18;28;18;25;12;16;21;54
856;721;16;11;12;3;15;15;11;12;31;24;17;7;7;6;1;22;14;9;6;;5;4;4;1;6;7
857;425;8;5;11;2;13;12;12;7;9;8;18;8;5;7;1;29;10;6;6;13;6;4;5;2;5;16
858;103;6;2;7;1;;1;;1;;;;;;;;3;;;;;;;;;;
859;65;3;;5;1;1;1;;;;;;;;;;;;;;;;;;;;
860;290;4;7;7;1;11;8;14;9;4;3;4;2;;1;1;28;5;7;4;7;4;2;5;1;2;7
861;1723;35;25;26;4;25;26;30;41;45;45;24;18;16;44;32;34;25;20;11;13;19;24;30;22;21;36
862;287;11;;6;3;3;4;5;4;;5;3;3;;2;2;9;;2;1;2;3;1;2;2;1;4
863;155;2;;1;1;;;;2;1;1;3;;1;1;1;1;2;2;3;1;1;1;2;1;1;2
864;29;5;3;;;;;;;;;;;;;;;;;;;;;;;;2
865;35;7;5;;;;;;;;;;;;;;;;;;;;;;;;
866;818;16;19;13;7;19;11;20;16;27;23;16;18;5;13;2;22;24;17;11;9;19;13;;4;10;31
867;435;12;8;17;6;22;20;13;14;30;22;16;13;6;28;18;28;20;13;7;15;7;18;18;10;17;30
868;538;20;29;25;9;10;10;20;12;6;5;11;14;3;5;;60;36;15;6;7;9;3;5;2;6;12
869;503;14;11;13;7;19;10;10;23;11;19;7;7;8;6;4;24;13;6;10;5;5;5;7;4;8;20
870;891;11;11;12;5;18;15;26;24;33;36;18;14;8;22;9;38;25;14;11;22;14;14;10;8;13;23
871;796;;2;1;2;1;1;6;4;1;4;;5;;1;;34;2;;;1;3;;2;;2;2
872;171;6;5;2;1;1;1;;;;;;;;;;;;;;;;;;;;2
873;551;18;13;16;4;20;14;14;5;;7;19;10;3;6;;33;22;12;5;;7;4;7;1;9;18
874;1345;27;19;26;8;21;21;32;44;43;30;35;29;24;29;16;132;29;19;23;14;11;21;18;24;23;50
875;489;12;13;12;2;14;11;14;27;32;17;15;12;7;14;13;23;22;10;9;17;6;14;2;4;10;14
876;106;;1;1;1;1;;;;;2;;6;9;8;;;;;;;;;;;;
877;448;6;17;15;3;20;15;25;25;23;28;19;11;8;14;12;22;10;9;1;4;6;2;8;2;10;7
878;561;17;24;23;10;23;24;23;36;46;30;18;18;12;41;14;30;29;20;15;20;15;16;18;15;16;32
879;182;3;6;8;2;1;1;2;2;;;;;;;;;;;;;;;;;;1
880;1743;11;9;17;6;27;28;17;18;26;21;15;17;10;18;5;68;29;15;9;9;4;4;7;4;7;13
881;1;;;;;;;;;;;;;;;;;;;;;;;;;;
882;99;4;3;2;;;;;;;;;;;;;;;;;;;;;;;2
883;3;;;;;;;;;;;;;;;;;;;;;;;;;;
884;23;2;;1;;;;;;;;;;;;;;;;;;;;;;;
885;525;19;18;20;6;8;4;4;10;3;9;1;8;3;8;6;23;5;5;1;7;;;2;;1;10
886;76;16;10;2;;;;;;;;;;;;;;;;;;;;;;;4
887;1;;;;;;;;;;;;;;;;;;;;;;;;;;
888;101;;;;1;;;;;;;;1;;;;;;;;;;;;;;
889;120;2;;1;1;;;;;;;;;;;;;;;;;;;;;;1
890;321;3;6;2;4;3;4;6;8;9;4;7;3;3;8;4;7;9;5;2;4;3;2;4;;2;6
891;677;12;11;16;3;17;14;14;19;28;20;14;8;8;9;9;21;18;16;9;8;16;18;11;4;9;3
892;209;6;2;11;1;16;1;;;;2;1;1;;;;9;;;;;;;;;;
893;58;3;6;1;;1;;;;;;;;;;;;;;;;;;;;;
894;898;17;12;17;3;16;12;13;13;30;22;11;12;5;16;12;35;19;15;8;17;10;12;18;8;5;12
895;251;4;1;12;1;17;4;3;;;;;;;;;;;;;;;;;;;6
896;428;12;8;11;7;14;11;14;3;10;5;18;10;8;1;6;25;14;11;7;6;10;6;6;2;1;10
897;1;;;;;;;;;;;;;;;;;;;;;;;;;;
898;344;;;;;;;;;;;;1;;;;31;1;;;;;;;;2;6
899;755;18;10;15;3;13;7;6;7;3;10;11;9;6;2;2;38;7;12;4;2;9;5;10;3;3;9
900;109;6;5;3;;;;2;;;;;;;;;2;;;;;;;;;;1
901;216;8;13;6;2;12;2;13;3;4;2;1;2;1;2;1;2;;;;;;;;;;1
902;279;1;;;;;1;;;;;2;1;;1;;13;2;1;1;;;;;;;4
903;145;10;3;6;5;4;1;;;;;;;;;;1;;;;;;;;;;1
904;22;;;;;;;;;;;;;;;;3;;;;;;;;;;
905;439;10;17;7;4;11;9;13;8;9;8;5;3;2;2;3;16;11;5;3;8;5;5;5;2;1;4
906;391;14;10;1;1;2;3;;4;2;;;2;;2;2;11;1;;1;2;1;1;;;2;2
907;1;;;;;;;;;;;;;;;;;;;;;;;;;;
908;973;14;11;16;4;15;12;12;10;5;6;10;8;7;9;4;23;6;4;5;2;2;6;4;;6;18
909;989;10;17;16;6;33;24;20;19;35;25;20;17;10;23;9;20;19;13;7;8;8;14;1;3;9;24
910;1402;42;41;27;15;24;17;21;43;34;37;34;26;11;35;8;48;12;15;11;15;5;7;10;7;7;22
911;871;13;11;11;1;14;12;10;20;4;8;15;11;11;4;;13;14;7;4;3;6;3;8;3;7;18
912;99;5;1;;1;;;2;;;1;15;1;1;3;3;2;;;;;;;;;;2
913;1;;;;;;;;;;;;;;;;;;;;;;;;;;
914;431;6;5;15;4;5;5;1;3;;3;2;4;;7;;28;3;2;2;2;;1;2;;1;12
915;252;24;15;8;1;2;3;;;;;;;;;;3;;;;;;;;;;2
916;137;6;5;1;;1;;1;;2;6;1;;;;;;;;;;;;;;;1
917;127;4;7;12;;;;1;;;;2;3;;;1;6;;;2;;;;;;1;3
918;183;9;5;3;3;;;;;;;;;;;;;;;;;;;;;;1
919;418;4;2;8;3;4;1;6;12;3;2;2;28;5;2;2;54;10;4;1;2;2;;;;1;11
920;558;23;14;15;3;12;11;14;18;37;21;10;10;4;12;4;21;15;8;4;12;7;14;10;6;9;12
921;112;1;;;;;;;;;;;;;;;;;;;;;;;;;
922;180;11;2;9;2;12;6;;;;;;;;;;;;;;;;;;;;3
923;707;15;3;2;1;3;3;2;3;4;1;2;3;2;;1;9;5;5;5;;3;4;3;4;6;14
924;202;10;13;8;6;2;1;;2;;2;1;2;1;1;;;;;;;;;;;;2
925;611;23;34;26;7;17;14;15;20;8;17;10;6;11;9;6;28;20;18;12;11;7;6;5;4;11;21
926;600;29;20;19;9;18;6;12;11;8;8;17;16;12;20;6;29;12;7;5;2;4;4;2;1;6;11
927;406;12;2;5;1;2;3;;2;3;3;3;3;;1;;18;4;3;1;2;1;1;3;;1;
928;1234;54;38;38;10;34;18;24;46;41;19;28;21;16;38;10;68;27;26;23;18;14;17;11;14;24;37
929;1;;;;;;;;;;;;;;;;;;;;;;;;;;
930;1;;;;;;;;;;;;;;;;;;;;;;;;;;
931;479;3;2;8;2;7;3;10;8;7;6;4;3;4;;;12;8;3;2;8;2;1;6;8;5;9
932;218;2;;7;;7;4;9;4;;;4;3;1;;;16;2;3;1;6;4;1;6;5;4;2
933;1087;11;13;13;9;18;16;27;22;39;30;22;14;11;27;8;30;22;18;12;16;15;18;22;19;25;37
934;751;13;16;35;9;16;12;28;33;27;30;19;16;11;22;10;40;13;11;6;7;8;6;8;5;8;17
935;269;10;3;11;3;12;8;5;2;;;7;9;2;;2;7;8;2;;;;;;;;1
936;170;3;4;9;5;7;6;10;4;12;11;15;11;6;15;7;15;7;5;6;;;;;;;
937;604;9;10;15;4;23;14;20;15;26;17;13;12;10;12;5;35;6;9;4;2;5;4;2;2;5;5
938;503;24;12;12;1;3;1;2;2;;7;8;3;;6;;19;2;;3;;;1;1;;1;6
939;314;;1;12;4;8;11;10;23;7;18;14;7;5;4;11;22;2;1;2;2;;;;;;1
940;323;10;2;3;5;2;2;8;;;;;;;;;;;;;;;;;;;1
941;241;4;5;10;4;3;3;4;4;2;2;3;2;1;2;;17;2;;1;;3;2;4;;3;4
942;137;11;12;10;3;2;1;3;;;;;;;;;2;;;;;;;;;;
943;37;3;;;;;;;;;;;;;;;;;;;;;;;;;1
944;605;6;4;14;2;16;6;8;12;14;4;16;11;3;17;7;20;15;8;4;3;11;11;;;12;8
945;1;;;;;;;;;;;;;;;;;;;;;;;;;;
946;1989;23;22;29;7;19;14;37;49;38;36;19;26;19;32;21;91;22;28;24;28;20;26;24;20;27;42
947;582;18;11;21;3;22;11;13;22;26;17;27;12;8;19;2;26;10;5;4;;3;5;3;1;5;10
948;1;;;;;;;;;;;;;;;;;;;;;;;;;;
949;791;14;13;15;3;17;9;18;11;24;10;15;11;9;15;3;15;14;10;4;9;5;4;6;5;4;8
950;44;;3;;;;;;;;;;;;;;;;;;;;;;;;
951;76;3;1;2;;;;;;;;;;;;;1;;;;;;;;;;
952;828;13;13;14;4;7;7;4;11;4;4;6;7;4;3;3;26;6;8;4;2;5;6;4;3;3;8
953;446;10;16;8;2;2;2;20;23;5;16;14;2;2;2;2;34;5;5;3;1;6;1;;;4;9
954;1;;;;;;;;;;;;;;;;;;;;;;;;;;
955;368;2;7;3;1;1;4;4;6;9;4;7;8;3;7;4;8;2;3;2;6;8;3;9;2;6;16
956;369;8;8;5;5;21;11;27;17;8;5;5;5;3;8;3;39;5;17;9;5;5;4;6;2;5;23
957;187;4;5;3;;2;3;2;2;3;7;2;1;1;1;2;6;;1;2;2;3;;5;1;1;7
958;566;12;12;27;12;18;11;24;23;15;12;21;12;10;14;6;33;7;11;12;11;11;17;6;10;15;33
959;57;;;;;;;;;;;;;;;;;;;;;;;;;;1
960;136;7;6;4;;;;;;;;;;;;;;;;;;;;;;;1
961;736;3;5;16;4;23;20;16;9;3;8;16;26;8;43;9;37;51;12;11;12;5;8;9;4;10;16
962;41;6;1;;;;;;;;;;;;;;;;;;;;;;;;
963;22;2;;;;;;;;;;;;;;;;;;;;;;;;;
964;60;4;;;;;;;;;;;;;;;;;;;;;;;;;
965;1;;;;;;;;;;;;;;;;;;;;;;;;;;
966;511;2;28;14;6;17;13;13;9;15;7;8;5;4;16;8;7;17;9;9;9;1;2;4;2;2;12
967;970;19;16;10;8;14;21;21;26;39;34;19;16;10;20;19;42;25;13;7;15;11;21;18;10;10;19
968;192;9;8;2;2;1;2;2;6;6;6;4;1;2;6;6;8;3;3;3;6;2;1;6;;2;2
969;458;3;2;10;4;11;14;3;5;19;5;11;10;5;;;16;14;11;6;1;6;7;;;3;14
970;225;19;13;8;8;8;1;;;;;;;;;;;;;;;;;;;;5
971;193;9;13;13;3;1;1;8;3;;;1;;;;1;2;;;;;;;;;;3
972;347;7;8;12;4;12;4;10;10;;8;12;9;3;4;;28;12;8;4;4;3;2;1;2;3;4
973;156;5;1;8;3;7;;;6;;;5;;;;;;;;;;;;;;;1
974;316;12;2;6;1;5;4;3;2;1;6;4;4;3;;;15;5;2;3;3;3;3;6;;3;6
975;27;2;;;;;;;;;;;;;;;;;;;;;;;;;
976;85;2;;;1;1;;;;;;;;;;;2;;;;;;;;;;
977;600;25;16;13;5;17;11;14;21;35;16;16;13;5;3;2;21;19;17;9;8;12;18;11;7;5;19
978;21;;;;;;;;;;;;;;;;;;;;;;;;;;
979;946;20;26;22;9;28;15;26;38;31;22;14;27;9;14;24;35;20;23;7;20;12;14;24;13;12;27
980;1;;;;;;;;;;;;;;;;;;;;;;;;;;
981;383;5;2;17;5;13;4;;;;;10;8;6;3;2;21;3;1;;1;1;1;;3;1;5
982;450;15;7;10;4;9;8;3;8;3;9;7;10;9;6;1;23;8;7;4;4;4;3;3;2;5;12
983;1;;;;;;;;;;;;;;;;;;;;;;;;;;
984;405;15;15;25;7;21;17;16;10;13;13;12;8;3;9;10;19;11;12;1;13;3;2;5;2;9;8
985;447;11;10;9;2;14;17;15;7;8;3;10;2;2;4;3;22;;1;1;1;2;1;2;;1;2
986;731;15;11;10;5;7;8;7;13;13;12;12;5;6;6;4;47;6;4;6;7;13;7;15;6;10;22
987;477;16;23;17;5;11;9;12;15;16;19;8;10;3;2;;13;1;1;1;;4;2;2;;;3
988;228;9;3;3;3;2;4;2;1;;;;;;;;5;;;1;;;;;;1;2
989;454;11;9;12;3;16;11;13;9;14;9;20;14;4;7;1;16;6;7;2;;5;4;5;1;6;12
990;10;;;;1;;;;;;;;;;;;;;;;;;;;;;
991;689;19;7;8;7;14;6;14;28;32;31;14;17;7;;13;13;19;9;9;13;11;15;12;12;13;23
992;1;;;;;;;;;;;;;;;;;;;;;;;;;;
993;185;12;23;11;5;2;;7;;1;;;;;;;4;;;;;;;;;;1
994;95;6;6;11;2;5;;;;;;;;;;;2;;;;;;;;;;2
995;738;35;16;17;6;20;16;22;26;35;18;18;19;14;24;13;110;24;17;18;17;11;16;7;9;27;47
996;719;13;10;19;7;16;23;21;27;46;22;19;15;9;17;6;38;27;7;9;5;5;8;1;8;10;15
997;260;20;15;15;3;4;3;;;;;2;2;1;;;3;;;;;;;1;3;;4
998;373;7;9;11;5;11;4;18;20;20;19;8;6;4;6;;2;;;;;;;;;;3
999;1313;33;21;19;9;27;26;16;23;8;22;27;17;5;21;7;56;26;21;14;4;16;17;10;10;29;31
1000;1218;20;22;16;6;26;20;24;12;12;10;22;12;8;18;15;79;13;7;7;4;18;6;7;7;8;14
1001;246;9;;3;2;2;;;;;;;1;;;1;22;1;1;;;;;;;1;5
1002;149;7;11;12;3;9;;2;;;;;;;;;;;;;;;;;;;1
1003;77;5;;3;;;;;;;;;;;;;2;;;;;;;;;;
1004;464;11;4;7;4;6;6;7;5;11;3;11;10;3;2;1;35;9;6;3;1;8;4;5;1;3;17
1005;643;24;19;26;4;11;9;24;28;31;26;17;23;13;29;14;35;18;8;7;10;8;11;21;7;12;26
1006;356;6;;2;1;;3;;;;2;1;1;1;;;12;2;1;1;2;;;3;;1;6
1007;808;30;17;28;6;24;10;26;22;10;14;12;9;5;6;4;46;18;15;4;3;3;1;7;6;10;12
1008;994;20;22;28;15;20;16;24;18;9;14;23;26;10;34;15;48;23;23;15;19;12;12;21;10;16;29
1009;158;8;5;6;2;2;2;1;;;;;;;;;3;;;;;;;;;;
1010;1;;;;;;;;;;;;;;;;;;;;;;;;;;
1011;1;;;;;;;;;;;;;;;;;;;;;;;;;;
1012;612;37;22;23;12;13;10;13;34;23;23;12;14;6;13;10;23;20;8;6;9;7;8;8;9;7;20
1013;752;11;14;11;8;21;17;25;38;33;27;15;17;7;19;15;43;30;24;9;22;12;8;23;13;9;16
1014;787;15;16;9;6;17;18;6;14;8;6;10;8;7;12;2;35;21;11;4;2;6;2;3;8;4;5
1015;311;2;6;10;2;6;6;5;2;;3;5;3;4;4;4;23;5;6;5;5;3;3;4;5;3;10
1016;886;23;28;21;13;17;23;10;22;9;25;21;13;3;25;9;26;9;8;6;2;12;9;7;3;9;8
1017;596;9;11;11;;8;6;8;4;3;4;2;2;;;;31;11;7;2;4;1;;3;;1;7
1018;96;10;9;4;;2;;;;;;;;;;;;;;;;;;;;;2
1019;320;12;8;18;4;6;5;;3;;2;2;2;;1;;1;;;;;;;;;;5
1020;973;27;24;25;9;25;19;27;31;40;32;33;23;22;41;12;39;27;26;15;24;17;31;21;5;12;32
1021;1087;27;26;41;2;34;22;5;42;19;16;33;22;15;40;16;39;15;9;9;8;5;6;17;8;6;26
1022;152;15;12;8;1;4;3;2;;10;3;5;4;4;3;;2;2;;;;;;;;;
1023;628;5;10;13;8;11;13;15;20;12;13;20;15;7;14;11;27;10;11;11;13;6;9;6;3;18;8
1024;324;7;14;8;4;13;6;7;6;11;12;10;6;6;2;8;19;4;9;2;4;6;3;8;4;4;5
1025;92;13;15;11;;;;;;;;;;;;;3;;;;;;;;;;1
1026;390;6;;1;;;;9;;1;;1;2;;2;1;8;1;2;;1;1;;3;;5;1
1027;2153;30;45;49;7;36;22;42;62;54;46;25;16;9;55;23;45;12;13;8;7;12;7;11;1;5;11
1028;334;5;;8;1;3;4;;2;;3;5;8;5;;1;5;3;3;3;;2;1;;;3;4
1029;80;6;;;;1;;2;;1;;;;;;;3;;;;;;;;;;2
1030;1030;15;17;16;6;30;28;20;48;44;43;38;39;25;54;35;42;35;22;23;28;27;29;30;21;26;51
1031;662;30;18;9;5;9;6;7;6;2;5;6;6;4;6;2;37;5;2;1;2;;1;;;3;5
1032;1007;8;8;13;5;16;14;14;5;3;5;15;13;7;4;1;38;6;4;2;2;6;3;3;1;5;16
1033;601;30;8;19;7;21;28;39;14;3;9;7;2;4;4;3;38;4;3;3;2;4;3;7;1;13;9
1034;1335;8;12;16;9;21;21;22;43;40;30;18;17;11;21;25;43;28;22;7;9;12;4;27;13;10;34
1035;534;12;10;13;7;14;14;33;33;39;21;11;8;5;15;4;31;16;8;5;5;2;3;10;3;12;9
1036;1;;;;;;;;;;;;;;;;;;;;;;;;;;
1037;685;17;15;9;2;4;7;17;10;5;6;15;11;6;11;3;26;15;2;1;1;3;2;4;3;4;8
1038;67;9;4;;;;;;;;;;;;;;2;;;;;;;;;;2
1039;1;;;;;;;;;;;;;;;;;;;;;;;;;;
1040;58;10;6;3;;;;;;;;;;;;;;;;;;;;;;;2
1041;310;7;15;1;1;3;2;2;8;7;3;6;4;1;1;1;12;4;1;1;5;2;1;3;1;3;14
1042;1;;;;;;;;;;;;;;;;;;;;;;;;;;
1043;1104;24;18;13;9;8;24;12;18;22;25;15;13;11;26;6;52;23;21;17;28;35;20;19;22;29;46
1044;263;12;7;12;1;13;7;9;3;13;2;6;5;5;2;;1;;;;;;;;;;1
1045;649;23;20;23;11;13;12;17;18;13;9;8;6;8;10;6;27;2;1;;2;4;;5;;2;8
1046;608;14;17;9;6;22;17;26;19;23;14;12;18;9;13;12;30;14;9;6;10;10;7;18;12;9;10
1047;137;;;;3;;1;;1;;;;;;;;3;;;;;;;;;;1
1048;1;;;;;;;;;;;;;;;;;;;;;;;;;;
1049;160;12;11;8;4;7;;;;;;;;;;;;;;;;;;;;;3
1050;104;5;6;;;;1;;;;;;;;;;;;;;;;;;;;
1051;1430;19;24;16;13;17;23;26;28;38;38;12;12;13;16;14;60;19;18;9;10;13;3;4;4;1;7
1052;15;2;2;;;;;;;;;;;;;;;;;;;;;;;;
1053;198;8;11;8;2;3;1;2;8;1;6;2;5;1;4;;;;;;;;;;;;
1054;450;13;22;13;4;17;6;16;21;11;25;10;17;9;11;2;12;7;5;2;;;;;;1;4
1055;673;10;15;12;6;16;10;12;21;9;19;7;9;3;13;5;23;5;3;6;5;2;4;3;3;;8
1056;1;;;;;;;;;;;;;;;;;;;;;;;;;;
1057;369;15;8;13;4;16;12;12;9;20;7;10;6;5;5;5;28;12;8;9;10;4;6;8;7;6;11
1058;1;;;;;;;;;;;;;;;;;;;;;;;;;;
1059;1;;;;;;;;;;;;;;;;;;;;;;;;;;
1060;403;24;25;15;4;16;7;4;2;3;2;4;8;3;3;;10;7;4;5;4;4;10;;;8;7
1061;294;6;12;7;5;9;2;5;11;2;3;4;2;2;3;;8;1;1;2;;;;;;1;5
1062;651;13;19;22;7;26;20;24;21;5;9;25;21;9;26;15;30;27;24;13;21;23;4;4;2;5;14
1063;93;8;;;;;;;;;;;;;;;;;;;;;;;;;
1064;45;1;1;;;;;;;;;;;;;;;;;;;;;;;;
1065;33;2;7;;;;;;;;;;;;;;;;;;;;;;;;1
1066;864;12;12;18;5;16;8;15;14;31;11;13;7;8;14;6;27;16;18;22;9;16;15;8;6;5;23
1067;282;11;13;3;;3;3;4;5;1;;5;6;1;4;1;4;2;1;1;3;4;2;6;1;2;2
1068;674;14;7;8;2;16;3;12;3;;3;1;1;;1;5;3;;;;;;;;;;
1069;476;6;6;7;1;3;5;2;1;;3;2;3;1;;;19;2;2;;2;4;2;1;;3;7
1070;774;12;22;14;8;23;14;21;14;12;20;18;10;11;13;7;25;22;17;5;4;11;19;12;13;22;34
1071;502;11;12;10;3;14;9;9;12;9;13;16;5;3;10;;40;24;12;6;;4;2;3;1;4;7
1072;1389;14;19;48;11;20;20;21;32;51;22;18;18;9;19;14;39;18;10;8;12;5;2;4;1;2;15
1073;599;8;11;18;7;17;14;47;25;3;14;21;13;8;8;3;42;9;7;9;9;12;7;21;7;10;19
1074;798;23;17;11;12;20;16;20;38;52;21;26;17;10;28;5;71;18;12;4;5;5;7;17;5;11;15
1075;1;;;;;;;;;;;;;;;;;;;;;;;;;;
1076;729;7;13;10;6;22;17;11;19;16;29;17;6;5;4;2;50;24;17;9;4;6;3;7;1;11;24
1077;91;4;3;3;;4;1;;;;;;;;;;;;;;;;;;;;
1078;1;;;;;;;;;;;;;;;;;;;;;;;;;;
1079;237;12;11;6;3;12;5;6;;;;7;4;2;;;17;4;10;4;1;1;;;;1;5
1080;419;12;10;10;8;17;7;12;13;20;12;14;8;3;2;1;29;21;16;5;;2;5;2;3;9;8
1081;854;19;15;27;9;21;14;26;21;32;25;21;17;10;23;8;58;13;15;9;12;9;17;15;9;12;13
1082;578;9;9;16;5;7;8;13;10;7;22;14;7;6;8;3;26;5;4;3;4;8;7;2;;4;16
1083;402;7;15;8;2;18;11;14;18;7;19;15;11;4;10;3;22;19;7;3;11;7;4;12;4;10;18
1084;1;;;;;;;;;;;;;;;;;;;;;;;;;;
1085;310;6;4;12;3;11;7;17;20;6;11;18;6;1;5;2;7;3;2;4;4;2;2;3;2;2;1
1086;696;10;7;10;5;16;7;19;28;25;14;18;16;6;23;7;23;18;10;12;3;13;12;;;4;6
1087;704;10;12;14;8;28;11;39;34;22;25;20;14;9;21;10;32;15;17;10;12;21;21;27;10;14;20
1088;1;;;;;;;;;;;;;;;;;;;;;;;;;;
1089;280;6;2;;1;;1;2;;2;2;1;1;;;;18;2;2;2;;2;1;;;;2
1090;431;7;11;3;2;6;3;8;9;7;10;2;5;4;5;4;24;2;7;2;5;6;2;4;1;4;13
1091;136;4;3;6;5;5;4;3;1;;;4;4;2;;;;;;;;;;;;;
1092;101;10;3;5;;;;;;;;;;;;;;;;;;;;;;;1
1093;444;7;4;4;5;8;2;9;8;4;5;9;7;;;;16;14;8;6;4;1;;2;4;4;5
1094;732;10;27;12;11;11;11;17;17;21;12;12;7;5;4;5;18;5;7;3;6;6;2;10;3;4;11
1095;369;6;6;7;7;18;7;4;6;3;4;13;7;;;;4;;;;;;;;;;2
1096;1;;;;;;;;;;;;;;;;;;;;;;;;;;
1097;728;12;16;36;13;34;26;36;17;6;6;23;10;3;4;1;40;20;16;11;12;24;7;5;3;4;10
1098;185;24;13;6;4;15;3;;;;;;;;;;;;;;;;;;;;4
1099;66;3;2;2;;;;;;;;;;;;;;;;;;;;;;;3
1100;691;6;5;25;14;19;13;4;36;11;7;13;10;5;3;3;65;6;9;4;3;14;3;;;3;12
1101;215;22;10;21;3;3;;;;;;;;;;;;;;;;;;;;;4
1102;1;;;;;;;;;;;;;;;;;;;;;;;;;;
1103;23;2;;3;;;;;;;;;;;;;;;;;;;;;;;
1104;357;8;10;14;;20;5;;4;4;3;10;3;;4;3;23;1;3;1;4;1;1;4;2;3;4
1105;539;12;7;9;1;16;12;12;4;17;7;16;12;7;1;2;27;18;14;7;4;8;13;;5;14;15
1106;90;7;1;;;;;;;;;;;;;;;;;;;;;;;;2
1107;30;2;1;;;;;;;;;;;;;;;;;;;;;;;;2
1108;239;5;6;8;1;15;8;;;;;;;;;;;;;;;;;;;;
1109;26;1;;;;;;;;;;;;;;;;;;;;;;;;;1
1110;11;;;;;;;;;;;;;;;;;;;;;;;;;;
1111;765;20;25;18;7;19;16;16;24;19;12;10;11;3;8;12;28;6;3;3;7;7;7;8;5;8;6
1112;27;5;;3;;;;;;;;;;;;;;;;;;;;;;;2
1113;920;14;5;13;3;13;11;6;9;5;11;19;14;8;9;2;27;15;9;5;3;6;4;8;1;4;20
1114;210;2;3;2;;;;3;;;;;;;;;;;;;;;;;;;1
1115;74;4;2;;;;;2;;;;;;;;;1;;;;;;;;;;
1116;395;16;15;3;4;2;2;4;5;3;5;2;5;1;1;1;16;1;1;;4;2;3;4;2;2;7
1117;455;12;8;8;5;4;4;13;13;11;13;7;4;5;6;4;10;5;5;3;7;2;2;6;6;3;6
1118;1054;14;15;19;7;26;16;29;23;27;33;13;20;15;18;8;24;10;8;7;5;5;8;20;10;7;13
1119;41;;5;;;;;;;1;;;;;;;;;;;;;;;;;
1120;1502;46;97;34;34;51;38;50;63;60;74;48;41;16;36;31;35;9;7;10;27;12;22;21;16;36;56
1121;498;20;12;3;1;9;17;9;15;5;13;11;12;4;14;6;45;10;6;5;1;6;5;14;5;7;17
1122;403;7;10;14;4;5;7;7;10;1;2;8;4;5;;;16;5;2;2;2;6;5;3;2;5;16
1123;144;10;8;18;1;6;;;;1;;;;;;;;;;;;;;;;;2
1124;1;;;;;;;;;;;;;;;;;;;;;;;;;;
1125;11;2;;;;;;;;;;;;;;;;;;;;;;;;;1
1126;288;11;6;11;4;12;6;4;6;4;6;4;2;1;5;6;9;2;3;2;4;2;1;5;3;1;10
1127;121;8;9;4;;;;;;;;;;;;;2;;;;;;;;;;1
1128;1;;;;;;;;;;;;;;;;;;;;;;;;;;
1129;427;11;8;13;6;14;11;20;27;34;19;7;10;5;10;8;20;14;9;5;8;2;2;4;1;1;8
1130;360;19;8;3;5;;7;15;10;6;11;7;10;10;3;3;28;8;5;5;10;3;3;3;2;5;12
1131;242;1;;2;3;;;;;;;;;;;;1;;;;;;;;;;
1132;141;16;12;2;;;;;;;;;;;;;;;;;;;;;;;
1133;553;13;12;7;1;11;4;4;12;10;5;7;7;3;2;4;59;7;4;5;1;2;;3;2;4;9
1134;468;15;4;18;7;20;13;3;1;2;3;3;2;;;;4;;;;;;;;;;2
1135;293;10;7;18;7;9;6;11;6;15;9;5;5;7;7;10;5;4;5;5;8;5;4;4;4;3;7
1136;854;5;1;10;7;11;14;3;6;9;9;16;10;8;12;2;31;4;5;4;5;6;3;8;3;11;24
1137;885;11;11;11;7;13;7;16;6;24;12;11;10;4;20;6;56;19;14;5;3;8;6;2;;5;10
1138;928;53;49;22;8;24;22;22;34;17;31;26;24;11;20;5;44;10;7;5;3;4;6;9;3;6;29
1139;427;18;15;6;4;14;5;4;9;2;6;3;5;1;4;;22;3;1;3;;3;2;2;;2;3
1140;732;5;2;3;2;;5;8;11;22;9;8;21;8;6;4;77;22;16;9;8;13;20;6;6;10;9
1141;1124;25;24;24;18;22;18;28;29;28;33;15;14;11;15;15;35;5;3;4;8;9;6;14;10;8;25
1142;578;6;9;13;6;11;12;3;4;2;2;11;6;6;4;;17;5;7;6;;3;1;;1;5;3
1143;1;;;;;;;;;;;;;;;;;;;;;;;;;;
1144;1;;;;;;;;;;;;;;;;;;;;;;;;;;
1145;414;2;;2;;2;5;;3;5;8;1;3;5;2;2;11;2;4;1;6;4;;2;2;4;
1146;80;10;;;;;;;;;;;;;;;;;;;;;;;;;
1147;69;6;2;;2;;1;;;;;;;;;;;;;;;;;;;;
1148;345;10;10;13;6;10;11;6;4;;5;1;4;;4;2;15;;1;;2;3;;1;1;3;6
1149;499;1;7;9;1;14;8;15;9;5;21;10;9;6;9;6;17;4;7;6;3;4;2;2;;2;11
1150;1;;;;;;;;;;;;;;;;;;;;;;;;;;
1151;175;13;6;;;1;1;;;;;;;;;;4;;;;;;;;;;2
1152;1186;33;33;29;8;32;26;27;39;38;26;19;25;12;27;7;61;21;16;14;20;19;17;25;20;21;39
1153;773;15;12;10;4;12;13;13;20;28;7;14;12;7;4;2;25;12;9;6;10;5;8;8;9;7;19
1154;1;;;;;;;;;;;;;;;;;;;;;;;;;;
1155;73;8;;1;1;3;;;;;;;;;;;;;;;;;;;;;
1156;429;13;14;10;3;5;6;7;10;8;4;6;2;2;3;1;13;9;7;3;2;3;1;5;1;2;6
1157;883;9;12;15;7;20;15;29;22;36;39;18;14;11;25;18;23;14;11;10;16;8;6;15;12;10;16
1158;1;;;;;;;;;;;;;;;;;;;;;;;;;;
1159;95;5;8;1;;2;1;3;3;;;1;;;;;2;;;;;;;;;;1
1160;131;3;5;3;1;9;3;10;10;;;1;;;;;;;;;;;;;;;
1161;1;;;;;;;;;;;;;;;;;;;;;;;;;;
1162;714;9;6;18;3;2;8;5;6;3;8;16;13;9;12;;20;11;10;8;6;15;14;3;5;18;19
1163;670;16;20;8;10;3;5;14;4;6;5;1;2;1;2;2;32;13;8;8;10;13;9;8;8;4;19
1164;1;;;;;;;;;;;;;;;;;;;;;;;;;;
1165;431;6;9;12;4;11;8;6;1;5;2;5;2;1;2;;22;6;2;3;4;2;2;4;2;3;8
1166;751;14;12;13;7;12;8;25;22;50;19;11;10;9;20;12;69;17;7;9;16;11;13;11;8;14;15
1167;1;;;;;;;;;;;;;;;;;;;;;;;;;;
1168;375;9;2;10;2;3;5;4;1;;2;;3;2;;;9;3;5;;;;;;;2;7
1169;1;;;;;;;;;;;;;;;;;;;;;;;;;;
1170;22;6;;;;;;;;;;;;;;;;;;;;;;;;;
1171;423;9;8;5;1;2;;6;2;2;11;4;7;2;8;5;11;6;11;4;4;1;1;4;1;6;9
1172;1;;;;;;;;;;;;;;;;;;;;;;;;;;
1173;209;6;3;3;;;;;;;;;;;;;2;;;;;;;;;;
1174;1;;;;;;;;;;;;;;;;;;;;;;;;;;
1175;649;11;10;12;6;25;20;24;6;23;13;22;8;3;5;6;49;16;15;6;8;8;5;5;4;12;13
1176;1;;;;;;;;;;;;;;;;;;;;;;;;;;
1177;94;5;2;4;;;;;;;;;;;;;;;;;;;;;;;1
1178;605;2;;10;3;7;5;1;;;2;3;2;1;2;;13;3;3;;;;;;;;2
1179;1135;44;42;16;14;23;18;39;40;40;42;30;29;23;35;27;50;34;24;15;26;18;17;22;14;46;53
1180;2;;;;;;;;;;;;;;;;;;;;;;;;;;
1181;10;2;;;;;;;;;;;;;;;;;;;;;;;;;
1182;2;;;;;;;;;;;;;;;;;;;;;;;;;;
1183;55;;;1;;;;;;;;;;;;;;;;;;;;;;;
1184;61;5;;;;;;;;;;;;;;;;;;;;;;;;;2
1185;390;9;14;9;7;7;10;5;1;1;3;19;4;1;7;;15;4;4;2;4;;1;3;;3;9
1186;360;21;24;21;6;13;3;;;;;;;;;;;;;;;;;;;;3
1187;2;1;;;;;;;;;;;;;;;;;;;;;;;;;
1188;315;2;10;6;1;7;4;5;2;;2;6;4;;4;4;18;7;11;9;4;1;;2;1;4;6
1189;93;;;8;4;7;5;;;2;;;;;;;;;;;;;;;;;2
1190;1376;22;31;22;4;25;28;21;59;43;35;32;25;11;42;20;98;19;14;10;28;19;34;35;29;32;37
1191;159;;3;;;;;;;;;1;2;;;;;;;;;;;;;;1
1192;97;6;2;;;;;;;;;;;;;;2;;;;;;;;;;1
1193;78;8;3;;;;;;;;;;;;;;3;;;;;;;;;;2
1194;51;2;;;;;;;;;;;;;;;;;;;;;;;;;
1195;993;60;52;35;14;24;18;27;42;38;32;19;31;23;49;23;37;18;20;18;24;16;12;1;3;5;3
1196;728;11;8;38;3;18;17;20;18;15;16;23;11;5;5;2;22;9;5;7;8;6;8;11;6;10;22
1197;400;8;17;14;11;13;6;12;9;6;7;9;4;1;5;;28;9;2;2;2;3;1;3;;2;8
1198;261;22;24;17;3;3;3;15;4;5;;2;1;;4;2;22;1;2;;2;2;1;2;;2;7
1199;388;20;15;9;7;12;2;;5;3;2;4;4;2;6;2;8;1;4;;;;;;;;
1200;1;;;;;;;;;;;;;;;;;;;;;;;;;;
1201;590;16;9;13;6;10;5;2;5;14;7;9;9;3;21;4;32;16;5;2;5;2;;;;1;4
1202;5;;;;;;;;;;;;;;;;;;;;;;;;;;
1203;333;6;3;7;5;11;4;2;8;2;5;5;2;2;3;3;1;1;1;1;2;3;3;5;1;4;4
1204;752;14;16;15;8;12;10;23;17;33;19;22;12;10;13;16;20;20;17;10;8;14;17;7;9;13;23
1205;526;7;8;6;5;7;4;2;4;5;4;11;6;6;2;;22;5;3;4;1;4;3;3;2;5;15
1206;293;7;5;5;2;5;;1;2;1;5;4;7;2;4;;4;;;;1;;;;;;2
1207;372;6;5;16;1;2;3;3;3;5;5;8;5;2;8;2;22;1;;2;1;1;1;2;;;1
1208;261;9;1;2;9;3;6;4;5;;4;5;3;4;1;2;17;1;;;;;;1;;4;10
1209;163;6;8;7;7;15;8;;2;3;3;;;;;;2;;;;;;;;;;1
1210;96;1;3;2;1;;2;1;;;;2;;;;;;;;;;;;;;;
1211;1155;27;17;14;8;20;13;31;28;11;37;14;9;6;14;11;32;8;8;7;17;13;11;19;16;15;21
1212;126;3;;1;1;2;;;2;;;;;;;;;;;;;;;;;;
1213;17;;;;;;;;;;;;;;;;;;;;;;;;;;
1214;273;15;16;5;2;3;1;4;4;2;4;3;3;;;2;17;4;2;2;2;3;3;6;2;1;7
1215;573;11;9;8;5;12;11;8;16;16;18;12;9;4;5;;30;2;4;6;1;4;5;5;4;9;15
1216;396;10;9;9;4;8;8;14;21;6;14;7;12;1;4;2;17;4;4;1;3;3;3;8;2;4;9
1217;1127;13;23;22;4;19;19;21;15;14;15;18;16;7;5;6;42;6;4;2;6;3;2;;2;2;12
1218;443;8;14;19;10;16;11;14;26;23;4;11;4;2;2;;;;;;;;;;;;1
1219;1;;;;;;;;;;;;;;;;;;;;;;;;;;
1220;31;1;;;;;;;;;;;;;;;;;;;;;;;;;
1221;113;2;5;2;;1;;;;;;;;;;;;;;;;;;;;;2
1222;138;9;3;2;1;1;1;2;3;1;3;4;;;;;;;;1;1;;;;;;
1223;175;5;2;11;;;;;1;;;;;;;;;;;;;;;;;;1
1224;736;12;10;15;6;19;12;13;11;13;11;13;13;10;6;5;15;22;10;5;15;10;17;8;3;13;25
1225;252;11;11;7;3;4;7;4;3;1;1;2;2;;1;4;10;;;;;1;3;3;;1;6
1226;1;;;;;;;;;;;;;;;;;;;;;;;;;;
1227;150;3;4;2;1;6;;;;;;1;2;;;;;;;;;;;;;;1
1228;10;3;;;;;;;;;;;;;;;;;;;;;;;;;
1229;165;7;4;4;1;2;;2;5;;4;;;;;;;;;;;;;;;;1
1230;1;;;;;;;;;;;;;;;;;;;;;;;;;;
1231;938;37;21;29;4;28;16;31;30;60;45;30;30;14;39;15;65;14;16;15;13;16;9;12;11;15;34
1232;363;8;17;14;7;15;19;28;27;21;24;18;5;4;2;;3;;;;;;;;;;2
1233;285;7;6;10;1;15;10;17;8;2;;3;2;1;;;12;9;5;6;;3;2;2;;2;9
1234;322;2;15;16;8;11;10;11;21;11;18;7;8;4;10;4;20;11;2;2;;2;;;;;
1235;30;1;;;;;;;;;;;;;;;;;;;;;;;;;
1236;1;;;;;;;;;;;;;;;;;;;;;;;;;;
1237;279;18;14;13;4;13;8;15;3;;2;22;2;1;4;;;;;;;;;;;;5
1238;189;18;1;9;2;7;2;;;;;;;;;;;;;;;;;;;;3
1239;661;19;24;21;6;18;13;24;35;12;9;20;13;8;15;8;24;16;14;7;16;12;5;16;13;11;8
1240;122;19;13;5;3;1;3;1;;1;;;;;;;3;;;;;;;;;;2
1241;108;8;1;3;1;;;;;;;;;;;;;;;;;;;;;;
1242;663;10;4;14;5;18;15;18;3;5;7;19;15;9;17;1;36;25;26;9;1;7;4;5;5;5;22
1243;629;37;25;20;9;21;12;15;25;5;;;;;;;2;;;;;;;;;;9
1244;1;;;;;;;;;;;;;;;;;;;;;;;;;;
1245;535;15;11;13;3;15;12;10;26;41;22;13;13;6;14;9;23;18;10;5;13;6;12;11;;6;10
1246;1;;;;;;;;;;;;;;;;;;;;;;;;;;
1247;578;31;19;13;9;13;9;22;4;;6;;1;;;;3;;;;2;;;;;;5
1248;1;;;;;;;;;;;;;;;;;;;;;;;;;;
1249;1;;;;;;;;;;;;;;;;;;;;;;;;;;
1250;434;2;3;6;1;3;7;5;6;9;7;7;5;3;3;4;15;9;7;6;8;6;3;6;1;4;7
1251;613;13;10;6;4;8;2;4;3;;4;2;3;;1;;31;3;2;2;3;1;1;1;;1;4
1252;1;;;;;;;;;;;;;;;;;;;;;;;;;;
1253;1;;;;;;;;;;;;;;;;;;;;;;;;;;
1254;568;17;11;9;7;8;16;14;5;5;11;12;15;11;5;2;20;8;7;11;6;15;9;4;5;7;14
1255;301;5;2;;1;;1;;;;2;2;1;2;;;1;;2;;2;1;;4;2;4;7
1256;15;;;;;;;;;;;;;;;;;;;;;;;;;;
1257;729;17;13;22;8;18;10;15;9;9;6;13;5;5;10;8;58;4;4;2;2;;;4;2;;9
1258;856;23;26;11;7;7;18;21;20;15;18;16;13;7;6;3;60;21;15;11;9;7;11;8;2;7;12
1259;63;6;;;;;;;;;;;;;;;;;;;;;;;;;
1260;11;5;;;;;;;;;;;;;;;;;;;;;;;;;
1261;504;8;7;11;8;14;10;5;10;26;6;17;11;6;2;;23;12;12;4;10;4;14;3;6;11;6
1262;106;15;7;1;1;;;;;;;;;;;;;;;;;;;;;;3
1263;246;11;7;15;2;8;1;5;4;;;1;;;;;;;;;;;;;;;2
1264;39;;3;3;2;;;;;;;;;;;;2;;;;;;;;;;
1265;151;11;17;22;9;18;8;;;;;;;;;;;;;;;;;;;;1
1266;118;2;1;;1;;;3;2;;4;1;;;;;2;;;;;;;;;;1
1267;30;2;;;;;;;;;;;;;;;;;;;;;;;;;1
1268;61;2;5;;1;;;;;;4;2;;;;;;;;;;;;;;;1
1269;1067;27;30;22;13;32;29;25;41;52;35;24;25;16;41;22;48;20;18;8;23;16;19;30;10;25;48
1270;269;4;5;8;4;;2;;4;9;2;1;2;;2;3;19;4;;4;;7;8;4;;17;7
1271;1;;;;;;;;;;;;;;;;;;;;;;;;;;
1272;262;;1;1;4;3;;5;4;3;3;3;2;1;3;3;19;12;4;2;6;2;1;7;4;4;8
1273;368;4;3;6;2;;2;;;;;1;2;1;;;15;1;2;1;;1;3;2;;2;2
1274;685;6;5;5;1;1;5;3;5;;1;4;3;;6;2;12;3;2;;;2;;1;;1;6
1275;428;25;23;8;3;5;4;7;18;16;6;8;8;2;8;4;24;6;4;5;4;3;5;12;8;11;21
1276;386;13;8;10;7;6;6;6;4;3;4;3;5;1;;;2;2;2;1;1;3;1;1;1;3;6
1277;92;;2;;1;;;3;;;;;;;;;3;;;;;;;;;;1
1278;672;38;25;20;10;16;10;14;10;8;13;8;8;7;10;9;35;7;7;4;4;5;4;6;3;8;12
1279;102;5;6;7;2;13;7;10;;;;;;;;;;;;;;;;;;;1
1280;62;5;1;;;;;;;;;;;;;;;;;;;;;;;;1
1281;61;3;1;3;;;;;1;;;1;2;;;;;;;;;;;;;;
1282;92;9;;;;;;;2;;;;;;;;;;;;;;;;;;1
1283;22;5;2;1;;;;;;;;;;;;;;;;;;;;;;;
1284;927;12;16;14;8;15;10;14;33;4;13;9;9;9;12;5;20;3;6;3;6;1;2;6;;4;8
1285;418;14;16;15;7;19;11;13;8;6;2;13;7;2;7;8;19;4;2;2;3;1;1;2;2;2;6
1286;156;7;1;6;;3;;;;;;;;;;;;;;;;;;;;;1
1287;996;14;10;14;7;14;16;18;23;33;28;15;12;12;12;10;35;11;7;9;6;9;8;6;3;8;18
1288;42;4;;5;;;;;;;;;;;;;;;;;;;;;;;1
1289;802;22;29;21;10;41;28;52;59;50;30;22;20;14;26;16;26;9;10;3;11;18;14;16;8;8;30
1290;550;15;21;14;8;21;23;39;22;5;11;17;17;10;24;13;32;15;16;10;13;9;19;12;13;18;8
1291;221;3;10;5;4;8;6;1;14;3;4;6;1;;2;1;8;2;2;2;1;2;1;4;1;2;9
1292;637;16;14;15;5;22;18;27;27;31;16;15;11;5;19;10;26;15;13;11;20;11;8;21;17;18;41
1293;1;;;;;;;;;;;;;;;;;;;;;;;;;;
1294;1;;;;;;;;;;;;;;;;;;;;;;;;;;
1295;50;8;3;2;1;;;;;;;;;;;;;;;;;;;;;;
1296;86;2;3;3;2;;;3;2;2;3;2;3;1;;;2;;;;;;;;;;
1297;1;;;;;;;;;;;;;;;;;;;;;;;;;;
1298;75;5;2;5;;;;;;;;;;;;;3;;;;;;;;;;1
1299;528;6;12;6;4;11;2;4;2;2;;5;2;1;2;;14;1;1;;;;;;;1;5
1300;152;10;4;1;;;;2;14;;10;3;5;1;2;;3;;;;;;;;;;1
1301;416;19;22;26;6;21;13;15;17;8;11;17;19;9;16;5;33;20;22;5;7;12;8;5;6;4;22
1302;125;7;5;;2;;;2;;;;;;;;;;;;;;;;;;;1
1303;403;1;1;8;;10;10;6;18;29;3;17;14;7;6;1;16;19;16;11;;10;8;1;1;8;6
1304;556;4;2;13;5;7;10;12;3;2;3;7;9;6;12;10;38;4;4;4;2;8;1;4;;3;3
1305;1;;;;;;;;;;;;;;;;;;;;;;;;;;
1306;1145;19;16;14;9;11;17;19;28;31;32;22;14;13;28;10;53;20;10;11;10;7;5;20;15;14;32
1307;386;9;18;12;7;4;14;10;13;4;7;4;1;1;3;4;15;4;2;1;6;4;2;3;2;3;6
1308;29;;;;1;9;;;;;;;;;;;;;;;;;;;;;
1309;456;7;7;9;4;7;16;21;10;28;10;21;9;4;11;4;48;20;11;4;8;5;2;8;2;4;10
1310;1027;57;19;22;21;31;25;47;44;38;31;24;15;10;16;2;38;7;11;2;4;5;2;13;6;8;10
1311;157;8;5;5;3;9;4;2;2;;;;;;;;2;;;;;;;;;;2
1312;263;7;6;14;4;6;2;12;2;2;1;3;3;;3;2;1;1;;;1;;;2;;4;5
1313;1;;;;;;;;;;;;;;;;;;;;;;;;;;
1314;513;10;8;1;4;2;1;2;2;4;;2;6;2;1;2;19;3;2;2;4;3;;2;;1;9
1315;97;6;3;7;4;2;1;;;;;;;;;;;;;;;;;;;;1
1316;471;26;24;17;7;14;11;16;22;14;33;12;16;7;10;1;36;15;9;8;20;11;8;9;11;10;21
1317;265;12;7;4;2;;;4;;;;;;;;;;;;;;;;;;;
1318;305;9;6;11;7;4;;;1;;;;;;;;;;;;;1;;2;;4;2
1319;140;7;1;;;;;;;;;;;;;;;;;;;;;;;;2
1320;348;3;4;8;1;11;12;3;4;17;2;13;12;5;7;3;15;16;14;7;3;15;16;;;11;5
1321;743;5;12;24;6;21;22;34;25;37;34;24;22;14;27;10;33;28;14;6;3;4;4;8;5;7;13
1322;39;4;3;3;;;;;;;;;;;;;2;;;;;;;;;;1
1323;546;26;11;14;9;12;7;19;12;6;7;13;16;5;7;6;32;8;4;7;11;8;5;12;4;6;16
1324;53;;1;6;;;;;;;;;;;;;3;;;;;;;;;;
1325;966;7;5;14;4;12;8;18;11;12;11;9;5;;;;20;3;9;8;8;3;1;1;;3;10
1326;80;;;;;;;;;;;;;;;;;;;;;;;;;;
1327;635;10;23;10;3;15;11;18;22;10;3;5;7;5;12;9;30;8;11;4;4;11;1;8;3;10;13
1328;223;3;11;15;4;;;;;;;;;;;;3;;;;;;;;;;
1329;34;6;1;1;1;2;;;;;;;;;;;1;;;;;;;;;;
1330;63;;;1;1;;;;;;;;;;;;;;;;;;;;;;1
1331;510;7;5;7;4;12;4;11;19;30;12;12;6;3;4;1;24;12;10;3;4;3;;;;1;4
1332;272;12;16;11;2;4;4;;2;;;2;1;2;;4;6;;;;;;;;;;
1333;642;18;29;16;15;23;20;27;39;41;25;20;18;8;19;12;24;21;14;7;16;9;12;13;15;18;22
1334;211;;2;1;1;;2;1;;;2;;;;;;5;;;;;;;;;3;
1335;52;3;;;1;;;;;;;;;;;;;;;;;;;;;;
1336;701;18;15;15;9;17;17;27;11;15;6;13;6;4;6;2;13;3;2;2;2;8;3;3;1;8;22
1337;1;;;;;;;;;;;;;;;;;;;;;;;;;;
1338;327;7;3;8;3;6;4;4;3;11;19;6;3;3;4;3;13;1;1;2;5;3;7;1;1;4;8
1339;297;4;;;1;;3;1;8;5;6;;2;;1;;;;;;;;;;;;3
1340;1;;;;;;;;;;;;;;;;;;;;;;;;;;
1341;84;2;1;;;;;;;;;;;;;;;;;;;;;;;;
1342;13;;;1;1;;1;;;;;;;;;;;;;;;;;;;;
1343;1;;;;;;;;;;;;;;;;;;;;;;;;;;
1344;637;34;17;19;11;13;5;15;23;9;24;26;10;10;19;1;33;12;19;5;4;3;1;6;2;3;33
1345;803;14;13;16;11;22;20;23;19;8;13;10;19;8;23;8;39;26;18;13;16;10;6;17;6;13;20
1346;1;;;;;;;;;;;;;;;;;;;;;;;;;;
1347;151;13;10;8;1;4;;;;;;;;;;;;;;;;;;;;;2
1348;145;4;1;2;1;;2;;;;;;;;;;3;;;;;;;;;;3
1349;368;5;7;8;5;14;10;2;;;1;14;8;7;1;2;30;35;10;6;;6;13;4;5;10;7
1350;346;10;4;3;1;3;2;5;3;;2;;1;1;3;;19;2;2;4;2;2;1;1;2;3;13
1351;423;8;2;4;2;8;5;5;6;4;6;6;3;2;;;16;3;3;2;2;2;4;;;4;11
1352;526;7;2;13;4;10;9;4;11;7;5;5;2;3;8;9;28;4;2;2;6;7;3;4;5;4;10
1353;620;9;8;3;4;6;4;3;;5;3;3;4;;1;;34;15;15;4;3;9;4;9;7;6;16
1354;482;12;15;17;10;19;15;19;13;8;16;11;11;9;10;11;19;16;15;9;10;12;16;14;6;12;16
1355;1;;;;;;;;;;;;;;;;;;;;;;;;;;
1356;459;10;3;4;;1;2;;7;1;3;6;1;2;1;;24;7;8;1;;;1;;;1;7
1357;73;3;2;;;;;;;;;;;;;;;;;;;;;;;;
1358;1;;;;;;;;;;;;;;;;;;;;;;;;;;
1359;620;14;11;16;4;20;14;22;13;5;3;18;18;13;25;9;22;15;11;14;17;14;18;9;;1;21
1360;246;4;;12;2;6;8;5;;;;;;;;;;;;;;;;;;;2
1361;434;18;16;9;7;11;10;19;11;11;6;14;6;2;2;;2;;;;;2;;1;;;4
1362;166;21;19;5;3;5;;;;;;;;;;;2;;;;;;;;;;1
1363;1;;;;;;;;;;;;;;;;;;;;;;;;;;
1364;5;;;;;;;;;;;;;;;;;;;;;;;;;;
1365;276;7;9;2;5;11;9;29;37;11;10;1;2;4;3;2;4;11;1;2;;1;1;;;;2
1366;98;8;2;7;;;;;;;;;;;;;;;;;;;;;;;
1367;647;20;31;12;10;31;17;13;30;21;30;20;14;8;20;9;61;12;9;16;4;11;15;24;18;41;47
1368;220;22;24;17;4;11;;;;;;;;;;;;;;;;;;;;;2
1369;65;2;2;1;;6;;;;;;;;;;;;;;;;;;;;;
1370;147;10;5;4;3;1;3;1;;;;;;;;;3;;;;;;;;;;1
1371;710;18;12;21;4;20;18;24;17;4;12;29;13;5;18;1;67;10;4;3;;6;5;5;;6;23
1372;395;11;8;8;6;12;11;13;9;16;10;12;7;5;11;6;16;13;10;8;11;10;12;12;12;12;17
1373;338;8;4;16;3;6;4;2;2;1;;6;3;2;1;1;19;1;1;2;2;3;1;1;1;5;15
1374;179;15;21;8;1;;;2;;;;;;;;;;;;;;;;;;;1
1375;429;19;2;1;3;2;1;5;7;2;2;1;3;;;;6;;;;;;;1;;2;3
1376;442;27;10;14;5;11;10;9;12;15;8;8;5;7;5;2;22;7;5;1;2;2;2;3;2;3;8
1377;1;;;;;;;;;;;;;;;;;;;;;;;;;;
1378;252;25;9;16;5;6;4;;;;;;;;;;4;;;;;;;;;;2
1379;1;;;;;;;;;;;;;;;;;;;;;;;;;;
1380;393;13;11;5;3;6;1;6;4;4;6;5;7;4;7;5;22;13;1;1;2;1;;9;2;11;9
1381;51;;;;1;;;;;;;;;;;;2;;;;;;;;;;1
1382;44;6;;;;;;;;;;;;;;;;;;;;;;;;;3
1383;34;1;7;;;;;;;;;;;;;;;;;;;;;;;;1
1384;705;10;16;17;14;21;16;32;36;36;31;16;20;10;25;22;26;22;18;11;34;13;21;19;21;3;9
1385;339;23;24;30;7;2;1;;2;;4;;;;;;;;;;;;;;;;4
1386;467;14;17;11;6;7;8;8;18;14;14;13;9;7;10;10;43;14;11;10;4;12;12;10;7;11;21
1387;353;17;7;9;4;6;11;16;17;10;8;7;6;7;9;1;18;3;3;2;6;5;2;6;2;5;11
1388;473;6;9;9;3;10;6;17;8;4;10;8;5;2;8;6;24;9;5;3;4;4;5;6;4;4;6
1389;1;;;;;;;;;;;;;;;;;;;;;;;;;;
1390;22;;;;;;;;;;;;;;;;;;;;;;;;;;
1391;39;2;;;;;;;;;;;;;;;3;;;;;;;;;;2
1392;28;1;;;;;;;;;;;;;;;1;;;;;;;;;;
1393;225;9;5;3;2;5;1;4;1;;;6;3;1;1;;1;;1;;;;;;;;4
1394;393;11;6;14;2;4;13;10;6;4;5;9;15;6;11;2;26;16;9;5;6;;;4;;2;3
1395;4;;;;;;;;;;;;;;;;;;;;;;;;;;
1396;1;;;;;;;;;;;;;;;;;;;;;;;;;;
1397;62;4;6;;;;;;;;;;;;;;;;;;;;;;;;
1398;1;;;;;;;;;;;;;;;;;;;;;;;;;;
1399;1664;23;30;19;11;25;25;25;22;39;41;26;19;12;11;6;24;16;20;6;9;9;7;12;6;16;35
1400;995;31;20;31;9;26;9;10;26;6;7;28;16;10;24;8;30;25;21;21;2;12;12;10;4;14;30
1401;758;28;21;27;6;23;30;26;46;39;42;30;16;7;29;19;20;21;18;16;28;14;15;15;3;7;34
1402;551;30;8;18;5;20;7;21;30;40;23;14;9;10;6;1;;;;;;;;;;;6
1403;1093;24;19;19;5;21;17;25;24;38;30;26;13;9;22;5;55;15;20;17;19;14;15;15;17;23;36
1404;1;;;;;;;;;;;;;;;;;;;;;;;;;;
1405;340;9;;5;4;1;6;5;3;5;7;1;7;1;2;3;;3;1;1;;1;1;;;;5
1406;1;;;;;;;;;;;;;;;;;;;;;;;;;;
1407;142;16;9;6;1;2;2;4;;;;;;;;;;;;;;;;;;;1
1408;81;11;8;;;;;;;;;1;;;;;;;;;;;;;;;4
1409;89;2;4;5;1;;;;;;;;;;;;;;;;;;;;;;
1410;483;19;25;11;2;16;12;10;17;28;19;16;16;6;22;20;8;14;7;5;8;11;7;9;14;17;20
1411;145;9;1;1;1;1;;3;2;;;1;1;;1;5;2;;;;;;;1;1;;
1412;688;10;25;21;7;22;13;20;24;28;48;21;19;9;25;7;25;17;9;9;11;8;10;15;2;7;17
1413;1149;15;13;10;4;3;2;3;9;;6;2;1;;1;;9;;;;;1;;2;;1;2
1414;644;24;15;19;5;21;21;25;25;41;27;24;16;17;29;12;31;21;17;14;18;19;17;22;15;20;39
1415;1;;;;;;;;;;;;;;;;;;;;;;;;;;
1416;446;9;8;11;4;12;10;7;9;29;6;10;8;6;9;9;23;17;11;7;7;6;14;12;7;10;5
1417;89;1;;;;1;;;;;;;;;;;;;;;;;;;;;2
1418;1;;;;;;;;;;;;;;;;;;;;;;;;;;
1419;404;7;11;9;5;11;15;13;11;32;13;14;12;12;6;4;21;9;10;5;17;4;9;6;6;4;9
1420;16;;;;;;;;;;;;;;;;;;;;;;;;;;
1421;475;11;11;13;4;16;13;8;11;4;10;8;2;3;6;3;13;2;2;1;3;4;5;7;6;5;8
1422;1;;;;;;;;;;;;;;;;;;;;;;;;;;
1423;91;6;1;2;;;;;;;;;;;;;2;;;;;;;;;;1
1424;1;;1;;;;;;;;;;;;;;;;;;;;;;;;
1425;1;;;;;;;;;;;;;;;;;;;;;;;;;;
1426;340;3;7;10;1;;2;;;;1;5;1;;1;;12;;;;;;;;;;4
1427;61;3;6;9;;;;;;;;;;;;;;;;;;;;;;;
1428;424;17;17;13;5;8;8;10;6;8;6;7;4;4;6;4;22;6;6;7;8;5;3;6;4;4;17
1429;450;5;6;7;5;3;4;2;5;2;2;1;4;1;;;19;3;3;2;5;3;1;2;1;4;6
1430;128;5;1;5;;;;;;;;;;;;;2;;;;;;;;;;1
1431;574;6;7;13;2;10;15;5;2;1;12;15;15;7;3;3;29;14;10;4;3;6;4;5;;1;6
1432;302;12;20;11;4;18;12;21;19;8;11;8;;;1;;2;;;;;;;;;;2
1433;653;17;12;19;5;17;16;36;43;26;27;11;14;8;20;9;15;20;7;10;13;13;8;18;6;11;23
1434;1;;;;;;;;;;;;;;;;;;;;;;;;;;
1435;22;;;;;;;;;;;;;;;;;;;;;;;;;;
1436;779;15;11;21;6;21;12;29;23;10;10;14;15;11;17;2;38;20;16;15;5;17;6;12;17;15;33
1437;82;;;;;;;;;;;;;;;;;;;;;;;;;;
1438;25;4;2;4;1;3;2;5;2;2;;;;;;;;;;;;;;;;;
1439;995;28;27;17;7;22;15;11;32;12;11;13;12;2;10;;19;18;12;6;5;3;4;5;2;9;13
1440;749;29;25;22;8;18;18;29;43;53;39;14;11;9;23;13;44;17;14;12;30;6;7;8;11;24;64
1441;432;30;10;8;6;14;13;11;13;10;13;12;7;6;11;7;21;9;6;3;4;6;4;6;4;4;14
1442;580;45;22;29;6;32;24;55;33;27;25;19;20;14;21;10;34;29;29;10;23;24;20;27;46;33;15
1443;515;3;;;;1;;;;;;;2;;;;32;;1;;;;;;;1;1
1444;789;19;11;20;5;15;11;7;6;16;9;12;3;4;4;4;9;3;3;3;2;4;4;3;2;6;21
1445;289;8;8;20;3;12;5;4;;;;;;;;;3;;;;;;;;;;8
1446;750;19;13;11;6;6;6;6;10;4;8;4;2;3;6;6;43;;2;2;6;1;1;;3;4;7
1447;294;21;14;11;4;1;4;4;;;5;5;5;4;5;;4;;;1;;1;;2;2;2;7
1448;2;;;;;;;;;;;;;;;;;;;;;;;;;;
1449;68;7;3;2;1;;;;;;;;;;;;;;;;;;;;;;
1450;1;;;;;;;;;;;;;;;;;;;;;;;;;;
1451;1;;;;;;;;;;;;;;;;;;;;;;;;;;
1452;591;17;13;16;9;9;8;6;6;4;5;8;9;2;10;8;37;5;6;3;3;5;3;9;10;8;16
1453;1;;;;;;;;;;;;;;;;;;;;;;;;;;
1454;607;19;32;19;9;22;20;27;21;10;30;13;14;5;9;7;33;14;6;4;14;7;7;8;3;8;14
1455;1;;;;;;;;;;;;;;;;;;;;;;;;;;
1456;545;4;10;15;4;11;11;24;6;5;20;14;5;3;4;2;29;22;12;7;;12;8;5;1;5;7
1457;3;;;;;;;;;;;;;;;;;;;;;;;;;;
1458;594;17;5;4;2;1;5;4;9;1;3;1;3;;;;18;13;1;4;3;1;2;3;;3;8
1459;11;2;;;;;;;;;;;;;;;;;;;;;;;;;
1460;92;8;4;;;;;;;;;;;;;;3;;;;;;;;;;2
1461;1101;25;25;25;6;18;14;28;32;33;31;17;18;10;22;10;51;21;10;7;11;11;10;16;6;17;24
1462;1213;8;12;29;14;29;23;27;29;36;43;27;25;18;27;4;50;24;12;9;7;13;9;21;11;15;29
1463;128;2;8;18;5;4;5;;;;;;;;;;;;;;;;;;;;1
1464;783;20;23;15;5;21;19;26;23;29;14;12;12;10;6;3;19;8;7;5;3;3;3;4;2;5;13
1465;414;9;2;5;2;6;4;2;4;1;5;1;3;;2;;;;;;;;;;;;
1466;445;6;7;24;6;7;7;1;2;6;12;6;6;2;6;7;15;3;2;2;3;6;4;3;;1;5
1467;418;23;19;27;5;2;3;3;3;7;4;3;2;2;2;4;18;13;3;2;6;1;1;4;2;3;8
1468;2;;;;;;;;;;;;;;;;;;;;;;;;;;
1469;69;;;;;;;;;;;;;;;;6;;;;;;;;;;1
1470;33;2;1;;;;;;;;;;;;;;;;;;;;;;;;
1471;9;;;;;;;;;;;;;;;;;;;;;;;;;;
1472;609;16;4;17;2;27;13;18;3;4;7;13;9;2;3;2;43;12;4;3;3;13;6;7;4;6;14
1473;667;14;8;19;1;10;11;15;20;8;13;7;6;5;15;7;20;15;8;4;9;4;10;3;6;5;21
1474;751;10;4;14;5;15;8;20;17;32;24;15;15;10;2;;15;19;9;9;2;9;11;4;2;12;7
1475;732;6;8;28;3;15;12;19;8;11;7;15;19;10;21;4;37;19;13;6;8;12;16;4;6;4;10
1476;404;22;8;17;6;9;10;8;8;8;5;9;7;5;7;6;26;8;5;1;4;2;2;8;6;5;10
1477;453;2;4;2;3;1;2;10;6;11;6;6;8;3;2;;33;8;7;3;5;3;4;2;2;7;6
1478;160;10;4;;;;;;;;;;;;;;2;;;;;;;;;;2
1479;1;;;;;;;;;;;;;;;;;;;;;;;;;;
1480;1480;19;20;13;5;17;15;17;25;40;28;20;15;7;23;6;55;22;17;16;13;16;18;19;7;21;32
1481;488;9;9;7;;7;2;5;11;7;8;9;6;6;4;;16;11;3;3;6;4;2;9;;3;1
1482;761;14;14;29;10;28;20;23;31;34;15;19;9;9;22;10;53;20;16;16;14;15;19;11;6;17;31
1483;374;12;8;9;1;3;1;3;4;5;2;8;8;3;5;7;3;;;;;1;1;2;;2;16
1484;582;6;7;13;3;9;7;8;;;2;8;8;5;6;2;18;8;;4;3;7;7;7;8;3;22
1485;329;4;;;;;;;;;4;;;;;;;;;;;;;;;;
1486;782;9;8;18;9;17;21;24;35;44;18;23;12;14;13;5;16;27;20;13;14;22;17;14;13;19;25
1487;410;11;12;4;4;3;7;10;6;16;8;6;6;2;5;;21;14;9;1;4;5;9;5;2;3;3
1488;1512;19;21;21;9;24;12;30;36;47;32;22;20;9;28;18;18;18;19;4;17;9;12;21;14;14;14
1489;563;13;9;17;10;15;11;21;24;10;7;21;13;6;9;5;29;28;24;20;16;16;11;6;9;14;22
1490;283;20;20;14;3;1;;2;2;;2;;;;;;2;;;;1;;;;;;2
1491;5;;;2;1;;;;;;;;;;;;;;;;;;;;;;
1492;617;6;12;12;6;3;9;8;9;8;18;5;4;5;4;1;25;8;7;2;8;1;1;3;1;1;3
1493;512;11;7;9;3;2;2;6;8;2;7;3;;;1;1;29;8;5;4;2;2;2;1;;2;8
1494;476;8;12;18;7;18;17;27;32;42;27;17;13;11;6;8;39;23;17;10;5;9;17;2;4;9;8
1495;765;21;14;12;7;16;11;14;22;34;15;20;17;12;27;8;30;25;24;10;20;16;19;14;16;24;39
1496;491;11;10;3;5;5;4;4;6;8;10;4;4;3;4;2;15;2;;1;2;;2;1;;2;5
1497;501;16;14;21;6;18;6;6;9;2;11;5;5;2;8;2;40;16;12;6;4;4;2;5;2;4;16
1498;676;17;16;14;4;17;10;16;10;30;7;11;15;7;8;5;22;12;12;10;3;7;6;9;2;6;9
1499;1;;;;;;;;;;;;;;;;;;;;;;;;;;
1500;1;;;;;;;;;;;;;;;;;;;;;;;;;;
1501;445;16;9;7;8;8;8;18;6;7;8;9;9;5;10;4;13;3;2;4;2;1;3;2;2;2;14
1502;1112;41;35;28;15;27;24;17;6;18;19;17;14;11;16;7;72;26;19;14;12;13;14;21;8;10;14
1503;1;;;;;;;;;;;;;;;;;;;;;;;;;;
1504;513;12;11;25;7;23;23;31;41;69;25;10;9;7;6;3;42;14;3;3;5;6;3;5;1;4;9
1505;1;;;;;;;;;;;;;;;;;;;;;;;;;;
1506;1;;;;;;;;;;;;;;;;;;;;;;;;;;
1507;1;;;;;;;;;;;;;;;;;;;;;;;;;;
1508;569;13;22;24;7;21;25;20;20;32;27;34;18;9;36;16;31;11;8;8;5;6;17;14;15;17;34
1509;1;;;;;;;;;;;;;;;;;;;;;;;;;;
1510;445;10;14;56;2;8;18;6;6;5;12;8;6;4;8;4;19;6;6;3;4;5;2;8;1;8;14
1511;1;;;;;;;;;;;;;;;;;;;;;;;;;;
1512;358;12;9;8;4;13;11;12;19;17;13;18;9;9;17;10;27;6;9;5;10;9;6;10;7;4;18
1513;420;4;8;11;5;22;13;20;16;16;11;17;14;7;9;7;21;10;10;3;3;6;11;4;;8;23
1514;783;10;13;18;4;13;10;40;40;35;20;28;11;6;21;12;48;19;20;10;8;13;18;16;12;12;33
1515;358;20;15;8;4;8;11;4;1;1;11;5;1;1;1;2;3;1;1;1;1;2;2;4;;3;7
1516;297;11;8;1;2;1;1;2;6;;3;1;3;1;4;5;21;3;2;;;2;4;2;;1;2
1517;1058;5;6;16;1;12;8;2;;;6;1;;;;;19;17;9;1;;5;;2;;7;4
1518;920;11;12;7;4;5;2;4;2;6;19;3;4;2;2;;31;2;3;4;3;4;3;1;;6;13
1519;412;14;22;12;7;12;2;14;20;7;9;4;8;5;5;2;15;4;4;3;5;2;1;8;2;6;7
1520;36;2;2;4;2;1;;1;;;;;;;;;2;;;;;;;;;;1
1521;179;5;1;2;;;;2;2;2;2;1;2;;;;1;1;;;;;;2;;1;
1522;232;10;12;16;4;10;2;;;;;;;;;;;;;;;;;;;;1
1523;101;6;;;;;;;;;;;;;;;3;;;;;;;;;;1
1524;348;5;10;16;3;13;1;2;5;;3;2;3;;;;16;26;7;1;;2;2;;1;2;8
1525;278;7;11;21;8;18;11;2;2;9;5;1;21;9;14;2;2;;;;;;;;;;1
1526;1;;;;;;;;;;;;;;;;;;;;;;;;;;
1527;760;16;18;10;7;17;16;12;7;32;22;12;17;8;16;13;25;19;15;4;21;12;13;15;19;20;21
1528;1;;;;;;;;;;;;;;;;;;;;;;;;;;
1529;618;20;16;21;7;9;14;15;23;4;16;19;22;11;21;9;19;20;16;12;16;6;10;7;4;13;35
1530;23;1;6;2;2;;;;;;;;;;;;;;;;;;;;;;1
1531;30;2;;;;;;;;;;;;;;;;;;;;;;;;;1
1532;1;;;;;;;;;;;;;;;;;;;;;;;;;;
1533;138;10;15;6;5;8;2;;;;;;;;;;;;;;;;;;;;
1534;87;8;8;7;1;;;;;;;;;;;;;;;;;;;;;;1
1535;1085;7;19;23;3;85;15;18;23;24;18;23;15;19;15;7;30;26;28;11;28;42;20;27;17;27;25
1536;505;13;6;6;6;5;3;8;4;4;7;5;3;;;2;5;2;1;2;2;1;1;1;1;4;10
1537;197;14;11;8;4;10;6;8;2;;;;;;;;;;;;;;;;;;1
1538;835;21;15;13;7;15;12;20;8;10;6;8;10;3;4;3;40;13;12;8;13;6;3;3;3;4;10
1539;423;7;6;11;4;6;9;19;20;11;18;6;4;1;3;9;18;8;8;1;2;1;1;7;4;3;19
1540;1;;;;;;;;;;;;;;;;;;;;;;;;;;
1541;244;6;5;7;2;9;3;8;9;23;10;;;;;;3;;;;;;;;;;1
1542;612;34;24;21;5;18;17;20;23;28;16;31;17;11;23;5;38;23;18;11;16;11;22;20;17;15;16
1543;1;;;;;;;;;;;;;;;;;;;;;;;;;;
1544;386;8;13;8;6;17;17;26;37;33;27;20;11;7;22;8;25;12;12;9;13;10;7;9;3;8;13
1545;149;6;2;;1;;3;1;2;;;1;5;1;;;3;2;;;;;1;;;1;4
1546;298;19;10;3;5;3;3;8;8;5;9;6;6;2;3;4;12;;6;2;6;3;2;6;3;5;15
1547;1;;;;;;;;;;;;;;;;;;;;;;;;;;
1548;1;;;;;;;;;;;;;;;;;;;;;;;;;;
1549;863;33;21;17;9;19;17;17;26;28;21;22;14;2;1;;25;11;8;3;7;13;7;13;4;27;38
1550;1443;28;17;19;9;18;15;17;23;41;30;19;20;17;21;21;48;24;17;15;17;13;16;10;10;29;44
1551;421;12;17;10;8;9;5;25;20;14;9;9;7;4;6;9;8;15;18;9;2;2;;;;;3
1552;626;15;15;22;7;20;16;14;24;31;15;17;20;12;4;6;40;27;14;13;17;12;14;7;6;14;26
1553;557;12;14;12;8;15;11;10;19;35;15;17;15;8;19;9;19;21;16;10;13;9;16;4;9;23;18
1554;998;31;19;19;8;21;16;17;18;24;10;20;13;11;22;2;48;13;12;9;4;9;4;1;;10;33
1555;183;10;12;10;2;1;;;;;;;;;;;;;;;;;;;;;2
1556;782;20;23;16;8;12;12;16;13;8;12;11;8;5;8;9;32;5;4;5;7;7;6;5;5;6;25
1557;642;13;13;16;6;19;12;21;14;34;23;14;8;8;7;4;45;12;9;8;2;5;6;4;4;5;16
1558;78;4;7;6;1;;;;;;;;;;;;;;;;;;;;;;
1559;440;;4;13;5;13;9;21;17;14;12;15;11;9;13;11;10;3;3;3;7;4;3;11;3;2;1
1560;629;21;9;12;4;16;13;12;10;11;3;7;10;5;10;5;27;2;4;2;1;4;5;2;2;3;21
1561;1;;;;;;;;;;;;;;;;;;;;;;;;;;
1562;1;;;;;;;;;;;;;;;;;;;;;;;;;;
1563;70;3;5;6;4;;2;;;;;;;;;;;;;;;;;;;;3
1564;463;12;14;10;2;10;9;11;7;8;;9;5;9;8;2;22;6;6;9;6;6;6;2;;8;13
1565;830;36;27;19;6;22;29;29;28;25;17;26;14;7;12;4;19;21;18;6;3;3;2;3;3;5;14
1566;649;16;13;11;7;15;10;17;26;34;18;12;8;6;15;6;8;10;11;6;12;6;10;10;8;7;13
1567;942;28;36;18;11;13;9;22;22;14;20;16;8;5;10;2;38;9;9;3;3;8;2;1;6;6;16
1568;638;18;28;25;4;19;7;5;5;1;5;7;11;5;9;6;20;18;7;6;3;7;16;10;2;8;12
1569;585;13;8;8;5;12;2;9;12;4;9;10;10;3;3;3;43;20;19;6;6;6;6;8;2;6;12
1570;888;23;18;15;7;11;10;23;27;19;18;13;14;8;15;3;39;23;17;11;8;11;10;12;11;9;25
1571;209;2;;;;1;;;;;;;;;;;8;;;;;;;;;;2
1572;101;;;;;;;;;;;;;;;;;;;;;;;;;;1
1573;1;;;;;;;;;;;;;;;;;;;;;;;;;;
1574;487;18;7;6;2;6;2;6;2;2;3;3;3;5;3;;24;4;1;1;;2;1;;;4;5
1575;747;2;6;17;3;18;9;13;13;2;7;9;10;2;1;;22;16;13;7;2;6;;1;;5;4
1576;468;17;17;8;5;11;11;13;23;15;9;10;6;1;6;6;18;3;8;1;7;2;2;3;;3;5
1577;810;12;9;15;4;14;11;13;30;36;18;18;5;7;9;4;27;19;16;7;19;10;11;19;14;19;15
1578;226;5;4;6;7;11;9;2;14;2;;2;3;1;1;1;12;2;2;;;;;;;;2
1579;465;10;7;14;4;8;12;6;5;4;4;4;4;2;6;2;23;6;1;;;1;1;4;;3;8
1580;294;;2;19;6;19;7;;20;6;6;15;11;6;8;5;;;;;;;;;;;2
1581;311;28;18;23;11;14;5;;;;;;;;;;8;;;;;;;;;;2
1582;20;4;2;;;;;;;;;;;;;;;;;;;;;;;;1
1583;799;8;16;25;3;7;3;6;10;;2;;2;;;;19;12;14;4;3;10;4;1;2;16;20
1584;189;3;2;3;4;10;2;10;;4;3;2;;;;;1;;;;;;;;;;4
1585;154;;2;11;2;1;;;;;;;;;;;;;;;;;;;;;3
1586;568;10;3;8;4;7;3;3;;5;4;2;5;1;;2;53;7;14;6;1;2;6;2;7;10;14
1587;335;4;11;12;;17;14;2;1;3;5;4;6;;5;;8;7;1;1;4;4;2;7;;2;9
1588;56;15;;;;;;;;;;;;;;;;;;;;;;;;;5
1589;3;;;;;;;;;;;;;;;;;;;;;;;;;;
1590;434;10;9;14;10;17;5;19;21;15;15;14;12;6;12;12;16;8;6;6;12;5;5;8;4;6;10
1591;258;9;23;27;17;16;10;38;16;13;9;11;9;4;4;;3;3;2;;;;;;;;3
1592;139;10;4;;2;;;;;;;;;;;;;;;;;;;;;;
1593;77;6;12;2;;;;;;;;;;;;;;;;;;;;;;;
1594;51;4;3;;;1;;;;;;;;;;;;;;;;;;;;;
1595;1565;11;7;14;7;14;9;2;6;4;12;10;2;1;2;2;17;7;3;1;2;3;2;5;;2;13
1596;3;;;;;;;;;;;;;;;;;;;;;;;;;;
1597;1;;;;;;;;;;;;;;;;;;;;;;;;;;
1598;212;9;12;4;3;1;3;3;7;3;6;3;5;1;4;5;10;1;1;2;1;1;1;1;1;2;5
1599;1276;23;17;15;5;17;20;26;24;44;25;18;18;13;21;13;50;22;17;11;12;14;18;14;11;16;32
1600;235;5;3;2;;;;;;;;;;;;;3;;;;;;;;;;3
1601;1;;;;;;;;;;;;;;;;;;;;;;;;;;
1602;30;2;;;;;;;;;;;;;;;;;;;;;;;;;
1603;566;9;5;6;3;5;4;7;4;2;10;3;5;1;2;2;25;5;5;3;1;5;3;4;1;4;18
1604;5;;;;;;;;;;;;;;;;;;;;;;;;;;
1605;321;20;14;15;3;13;4;14;18;19;13;8;5;4;2;;3;;;;;;;;;;2
1606;209;7;5;1;3;2;1;2;2;3;8;6;1;1;2;2;10;;3;1;6;1;1;6;2;3;5
1607;5;;;;;;;;;;;;;;;;;;;;;;;;;;
1608;545;23;13;12;10;14;11;11;24;41;27;16;9;4;8;6;11;20;18;13;18;15;16;25;13;1;6
1609;257;8;4;10;3;6;2;4;5;1;4;3;3;2;2;;;;;;;;;;;;
1610;367;13;8;11;8;17;8;17;18;30;2;4;3;3;2;2;21;;1;1;2;2;1;4;4;3;13
1611;221;17;5;6;2;7;;5;2;;;;;;;;;;;;;;;;;;3
1612;371;13;9;13;4;9;14;18;9;5;17;9;6;2;6;6;31;12;9;5;9;6;2;2;4;6;19
1613;30;2;2;;;;;;;;;;;;;;;;;;;;;;;;
1614;740;18;14;13;5;20;14;12;21;32;11;20;18;12;9;4;32;17;17;8;10;12;19;9;5;16;22
1615;157;2;;;;;;;;;;;;;;;2;;;;;;;;;;
1616;737;11;17;12;6;17;17;18;22;40;35;22;10;10;16;7;32;26;13;13;7;10;9;7;4;8;22
1617;192;14;18;16;8;16;8;3;;;;;;;;;3;;;;;;;;;;1
1618;765;9;12;22;3;18;14;13;9;18;7;18;16;10;;;15;21;11;6;3;16;17;;;4;7
1619;955;12;24;23;12;18;15;17;30;20;20;18;16;9;7;6;35;24;19;16;12;15;23;3;9;10;6
1620;166;19;18;8;2;2;;;;;;;;;;;;;;;;;;;;;1
1621;1831;54;29;25;9;29;26;40;52;56;41;27;22;16;38;21;56;31;19;14;23;12;15;19;16;15;35
1622;229;7;15;13;2;13;4;11;2;;10;1;1;;;;3;;;;;;;;;;
1623;18;2;;;;;;;;;;;;;;;;;;;;;;;;;
1624;800;29;14;11;8;11;12;19;19;6;15;15;10;8;9;4;25;16;9;8;2;14;14;7;9;4;10
1625;507;23;17;10;14;26;10;25;29;9;17;14;12;9;7;13;24;2;1;1;3;6;4;7;9;11;29
1626;483;8;11;10;1;5;10;7;7;10;14;5;4;3;7;6;27;6;4;4;6;4;4;8;3;5;18
1627;321;2;11;10;4;12;3;;3;1;1;8;8;7;2;1;22;1;;;;;;;;;1
1628;371;11;2;4;3;2;2;;;;3;2;1;;;;14;;;;;1;1;2;2;4;4
1629;151;12;5;11;3;7;;;;;;;;;;;;;;;;;;;;;1
1630;449;29;8;7;2;7;5;5;4;8;4;5;2;1;2;4;8;7;3;1;2;4;1;6;2;1;4
1631;58;5;8;1;;;;;;;;;;;;;;;;;;;;;;;
1632;440;8;6;9;1;8;1;2;1;2;2;;4;;1;;2;;;;;;;;;;3
1633;827;20;23;13;18;20;6;10;14;13;24;12;11;6;14;8;45;5;6;3;8;6;6;9;6;4;16
1634;199;8;8;2;4;3;8;10;7;;3;3;2;1;10;2;9;1;1;1;2;2;1;2;1;1;4
1635;521;12;7;11;4;9;8;14;14;8;10;9;6;7;10;6;14;11;4;2;4;5;3;6;10;8;6
1636;298;11;14;10;3;10;6;14;6;13;10;5;8;9;13;3;16;7;3;1;4;7;4;7;8;4;6
1637;924;7;8;11;4;15;13;17;22;28;19;18;13;12;4;2;64;23;14;8;11;14;17;10;9;12;38
1638;337;8;12;18;8;13;17;6;5;2;2;7;3;2;7;6;24;8;5;3;5;9;5;4;1;4;17
1639;90;6;12;3;3;5;1;;;;;;;;;;;;;;;;;;;;2
1640;382;6;8;9;8;9;5;1;2;1;4;6;2;3;3;1;10;3;4;1;1;4;2;3;1;1;4
1641;1094;8;5;19;6;19;18;3;14;24;4;15;14;10;9;5;40;26;23;11;5;19;18;11;4;10;27
1642;535;8;5;17;5;16;10;10;7;11;15;8;6;4;5;;29;14;10;5;2;1;;;;;3
1643;202;28;9;8;;;;;;;;;;;;;;;;;;;;;;;1
1644;55;7;2;;1;;;;;;;;;;;;;;;;;;;;;;1
1645;289;13;18;2;1;1;4;2;6;2;16;4;4;1;2;;18;1;;;;1;;6;;4;4
1646;393;12;10;13;7;8;5;11;5;6;7;6;4;3;4;4;21;10;3;2;5;2;4;5;3;2;8
1647;15;;2;1;;;;;;;;;;;;;;;;;;;;;;;
1648;411;13;12;5;2;3;1;1;6;1;11;4;2;2;;;26;3;4;3;3;4;3;1;1;1;6
1649;1;;;;;;;;;;;;;;;;;;;;;;;;;;
1650;411;8;4;7;3;10;7;14;10;16;4;13;11;5;;;18;14;12;10;4;8;8;5;3;12;6
1651;191;9;5;15;1;13;8;3;2;2;2;1;;;;;2;;;;;;;;;;3
1652;1379;28;21;1;;1;2;10;11;10;12;2;2;1;2;;28;4;3;4;9;4;3;2;2;2;8
1653;1;;;;;;;;;;;;;;;;;;;;;;;;;;
1654;799;16;22;11;10;13;8;8;11;6;16;6;3;4;8;4;23;3;;;;6;3;5;5;6;10
1655;300;3;;6;1;4;2;7;5;4;2;4;7;1;3;3;26;11;11;6;6;5;3;3;4;2;6
1656;176;7;3;;;;1;1;2;;;;2;;;;1;2;1;1;2;2;;;;1;
1657;53;8;;;;;;;;;;;;;;;;;;;;;;;;;
1658;144;5;4;6;1;1;1;;;;;;;;;;3;;;;;;;;;;1
1659;53;1;2;;;;;;;;;;;;;2;;;;;;;;;;;1
1660;827;18;10;26;7;20;12;21;34;36;18;17;17;14;19;9;36;37;18;18;20;12;15;24;33;37;34
1661;452;3;13;19;5;6;10;14;14;6;6;12;7;9;9;2;11;3;3;2;2;2;1;4;3;1;2
1662;361;21;19;16;11;19;9;;;;;;;;;;5;;;;;;;;;;3
1663;5;6;;;;;;;;;;;;;;;;;;;;;;;;;
1664;897;9;19;14;2;15;13;18;27;8;13;13;17;1;10;5;32;5;7;2;2;6;3;5;2;6;13
1665;674;12;17;13;8;21;15;15;37;40;34;17;12;10;22;12;29;18;15;12;14;20;16;8;11;26;29
1666;556;13;14;4;11;13;12;14;11;16;2;12;8;3;10;9;17;10;8;5;6;7;10;5;5;6;5
1667;13;1;;;;;;;;;;;;;;;;;;;;;;;;;
1668;1;;;;;;;;;;;;;;;;;;;;;;;;;;
1669;97;5;;;;;;;;;;;;;;;2;;;;;;;;;;
1670;772;11;13;16;7;22;20;22;24;42;21;22;23;16;35;20;45;17;13;8;7;11;7;12;2;4;25
1671;529;10;4;6;3;7;4;7;11;9;7;8;6;2;4;;29;10;5;3;6;5;12;7;3;10;8
1672;481;7;8;7;4;6;9;9;16;9;18;10;8;5;4;2;29;21;10;5;2;4;3;3;2;3;16
1673;59;5;10;;1;;;1;;;;;;;;;;;;;;;;;;;
1674;1001;8;11;23;6;19;15;11;13;2;2;10;5;2;2;2;20;6;2;;;4;1;8;;6;19
1675;336;9;15;12;4;19;15;7;1;1;3;8;6;;3;1;18;19;9;7;6;5;1;2;1;1;5
1676;668;22;31;15;7;19;23;41;42;39;21;26;13;5;18;10;26;19;24;22;22;18;20;11;7;1;25
1677;55;6;;;;;;;;;;;;;;;;;;;;;;;;;1
1678;1;;;;;;;;;;;;;;;;;;;;;;;;;;
1679;514;19;5;7;5;11;6;5;9;1;12;4;3;3;;4;40;1;1;;;;;2;;3;2
1680;1;;;;;;;;;;;;;;;;;;;;;;;;;;
1681;464;9;6;4;3;1;5;2;;2;2;6;6;4;2;2;17;6;2;1;3;2;1;1;;4;
1682;895;21;27;16;14;25;35;30;23;13;26;18;16;5;16;17;30;11;17;14;11;11;4;10;9;6;17
1683;45;1;;;;;;;;;;;;;;;;;;;;;;;;;
1684;248;10;9;6;2;9;6;3;;;;1;1;1;;;10;1;2;1;;1;2;;;2;4
1685;502;22;14;9;1;12;8;7;15;16;7;8;6;3;10;6;13;2;1;1;;5;1;2;;5;5
1686;69;13;;;;;;;;;;;;;;;;;;;;;;;;;1
1687;875;13;13;14;4;21;17;32;22;16;25;14;13;8;12;16;18;22;14;13;8;16;12;19;21;15;31
1688;293;9;8;9;2;10;6;1;2;;4;3;4;1;4;1;10;3;3;2;1;4;2;3;;2;9
1689;669;10;11;13;7;13;13;23;30;28;22;14;13;8;14;7;22;17;17;6;4;9;9;12;5;14;13
1690;1;;;;;;;;;;;;;;;;;;;;;;;;;;
1691;1;;;;;;;;;;;;;;;;;;;;;;;;;;
1692;91;6;6;3;3;1;1;;;;;;;;;;;;;;;;;;;;1
1693;1;;;;;;;;;;;;;;;;;;;;;;;;;;
1694;350;7;3;14;6;4;1;;;;;;;;;;;;;;;;;;;;2
1695;436;14;7;15;6;18;6;2;3;2;2;5;7;5;;;27;2;3;1;;2;3;1;;;6
1696;102;6;;;1;;;;;;;;;;;;;;;;;;;;;;
1697;87;10;11;21;5;;;;;;;;;;;;2;;;;;;;;;;
1698;578;14;23;11;4;15;12;16;30;37;13;13;10;7;17;6;16;17;12;5;12;10;12;12;9;8;9
1699;180;15;7;16;2;14;2;;;;;;;;;;;;;;;;;;;;1
1700;380;21;8;6;1;5;;6;2;3;2;2;5;2;4;;5;;;;;;;2;;2;7
1701;464;4;5;11;4;15;20;29;35;48;18;6;5;2;5;4;23;2;2;2;5;5;1;2;3;3;7
1702;253;2;4;3;1;3;;2;4;2;1;1;2;;;;14;;2;4;1;1;1;;;3;
1703;13;;;;;;;;;;;;;;;;;;;;;;;;;;2
1704;102;8;;;;;;;;;;;;;;;;;;;;;;;;;4
1705;314;2;1;1;1;1;1;3;2;4;5;7;4;2;5;4;9;5;10;4;7;3;3;3;2;2;10
1706;1060;6;14;9;7;9;13;23;26;37;21;15;15;5;8;1;50;23;15;11;11;13;13;13;10;8;13
1707;302;10;7;10;3;2;2;;1;2;2;5;6;4;1;2;8;3;3;2;;5;4;1;2;3;12
1708;716;16;20;16;8;17;7;19;27;31;24;13;14;5;20;6;27;15;10;9;14;10;3;10;11;14;32
1709;495;15;11;28;3;9;2;;3;2;2;2;4;3;2;;27;1;2;;2;;4;;;4;10
1710;615;24;18;18;6;13;14;17;18;13;31;22;16;13;20;12;8;3;3;3;4;5;3;4;1;4;15
1711;476;;3;12;2;7;4;3;;2;2;2;3;;;;15;3;3;1;;1;1;;;2;3
1712;21;2;4;;;;;;;;;;;;;;;;;;;;;;;;1
1713;123;5;5;4;2;;2;;2;;;;;;;;3;;;;;;;;;;
1714;818;19;;7;1;10;4;4;;;;4;2;2;;;27;3;5;6;2;4;5;5;3;10;25
1715;1380;21;18;27;9;26;14;21;20;31;14;13;13;6;2;3;25;6;8;;;1;2;1;;6;11
1716;517;17;18;22;4;7;12;6;10;17;14;7;9;4;9;5;18;4;5;2;7;6;4;6;7;2;14
1717;350;4;8;3;2;;3;3;4;1;3;4;2;1;5;2;13;1;4;;2;2;1;4;1;1;6
1718;104;15;5;5;;;;;;;;;;;;;2;;;;;;;;;;1
1719;138;;;1;;;;1;;;2;;1;1;;;3;1;;;;;;;;;
1720;130;11;6;2;1;2;;;;;;;;;;;;;;;;;;;;;
1721;1;;;;;;;;;;;;;;;;;;;;;;;;;;
1722;728;20;18;25;8;14;14;15;17;33;21;42;21;11;30;3;36;21;13;15;14;28;7;17;;10;15
1723;16;2;;1;1;;1;;;;;;;;;;;;;;;;;;;;1
1724;1;;;;;;;;;;;;;;;;;;;;;;;;;;
1725;414;11;8;11;3;12;2;3;;;10;2;1;;;;3;;;;;;;;;;1
1726;473;2;7;6;4;10;9;8;15;26;10;12;10;6;11;9;16;15;6;4;6;7;6;6;1;2;1
1727;121;12;4;2;3;1;;;3;;13;1;;;;;;;;;;;;;;;1
1728;1;;;;;;;;;;;;;;;;;;;;;;;;;;
1729;411;3;10;1;1;4;1;2;2;3;5;;3;;2;2;7;;3;1;2;;;4;2;2;2
1730;183;15;14;19;3;17;8;;2;;;;;;;;;;;;;;;;;;2
1731;447;7;15;7;7;21;12;30;35;21;30;13;20;11;21;12;19;18;14;8;15;15;9;13;10;10;17
1732;785;28;30;16;7;22;15;21;25;13;29;22;19;13;11;9;41;9;4;6;7;4;5;4;;7;14
1733;73;6;4;;;;;;;;;;;;;;;;;;;;;;;;2
1734;220;7;12;3;1;1;2;;;3;;;;;;1;2;;;;;;;;;;
1735;1;;;;;;;;;;;;;;;;;;;;;;;;;;
1736;408;18;20;10;2;8;7;9;6;3;4;9;12;5;6;3;20;14;18;11;11;3;5;8;8;7;12
1737;1;;;;;;;;;;;;;;;;;;;;;;;;;;
1738;791;14;11;18;6;19;15;13;17;32;28;17;10;9;21;14;24;10;12;6;14;7;7;8;9;10;31
1739;81;7;5;5;;;;;;;;;;;;;1;;;;;;;;;;1
1740;81;6;8;3;;;;;;;;;;;;;;;;;;;;;;;1
1741;705;32;37;36;12;17;13;21;20;7;25;15;14;8;12;14;71;36;13;7;9;9;10;16;7;11;21
1742;181;20;12;6;7;6;1;;;;;;;;;;;;;;;;;;;;
1743;575;13;12;16;7;12;6;10;15;35;24;23;14;7;4;;21;11;10;2;;;;;;;2
1744;1;;;;;;;;;;;;;;;;;;;;;;;;;;
1745;357;5;13;9;8;11;7;6;7;2;8;1;1;;1;;16;1;;1;3;;2;3;;1;3
1746;1;;;;;;;;;;;;;;;;;;;;;;;;;;
1747;887;13;27;22;8;23;23;24;26;39;28;20;19;11;19;8;49;14;11;7;10;11;17;9;12;12;25
1748;161;8;;15;2;8;;;;;;;;;;;4;;;;;;;;;;1
1749;518;7;5;14;3;16;12;18;23;34;29;12;17;11;9;5;29;10;10;5;6;11;8;14;10;11;25
1750;46;6;2;;;;;;;;;;;;;;;;;;;;;;;;1
1751;562;13;4;16;3;17;6;20;16;3;8;11;2;3;7;14;18;14;9;8;7;5;6;13;4;9;5
1752;679;22;25;24;10;24;14;28;14;24;28;11;8;6;17;6;24;28;17;9;11;11;10;5;13;18;27
1753;260;19;1;;;;;;;;1;;1;;;;5;;;;1;;;;;;1
1754;504;22;19;21;8;17;11;26;24;9;23;1;10;;14;4;26;3;8;9;3;5;;8;4;;9
1755;63;5;7;;2;;;;;;;;;;;;3;;;;;;;;;;
1756;605;22;12;13;4;11;17;13;22;28;23;14;9;5;22;10;18;15;12;6;14;8;10;12;12;15;12
1757;600;16;23;19;10;20;13;27;38;39;27;18;15;9;29;24;26;14;12;6;21;11;14;18;18;17;18
1758;92;1;2;;;;;;;;;;;;;;;;;;;;;;;;1
1759;498;7;7;6;4;4;3;18;24;31;9;8;7;7;15;12;20;7;6;4;6;11;9;8;6;6;12
1760;244;21;25;6;2;4;3;3;6;7;5;1;3;;;;;;;;;;;;;;2
1761;943;9;13;14;13;16;12;19;21;22;29;15;11;9;14;16;20;9;13;10;18;8;11;22;12;10;30
1762;738;16;15;16;5;14;10;4;6;7;7;9;8;4;5;;22;5;1;6;3;7;7;2;1;8;11
1763;399;11;10;5;5;7;8;5;4;4;3;9;3;2;4;4;20;7;5;2;10;4;4;2;2;1;12
1764;1;;;;;;;;;;;;;;;;;;;;;;;;;;
1765;173;11;5;14;5;19;6;;;;;;;;;;;;;;;;;;;;15
1766;698;25;24;31;18;28;14;12;21;7;20;4;6;5;2;2;29;7;3;8;13;8;3;11;2;8;14
1767;250;;4;2;1;1;3;;4;;4;2;2;1;3;4;12;1;1;1;;1;1;3;;1;1
1768;31;;;;;;;;;;;;;;;;1;1;;;;;;;;;
1769;338;5;1;5;4;4;2;4;4;2;3;7;3;2;6;2;5;1;1;1;2;2;1;3;2;1;1
1770;237;19;19;12;5;20;2;4;;;;;;;;;;;;;;;;;;;1
1771;633;7;6;13;1;17;12;9;26;31;29;19;11;8;6;4;18;9;6;7;16;2;2;4;;4;5
1772;40;5;;;;;;;;;;;;;;;;;;;;;;;;;
1773;478;7;12;11;6;17;14;15;11;6;16;14;5;1;1;;20;15;15;8;6;9;9;;;8;14
1774;601;18;24;12;9;17;15;40;18;24;20;19;14;9;19;19;51;17;16;8;15;16;18;20;19;16;16
1775;42;1;;;;;;;;;;;;;;;;;;;;;;;;;1
1776;517;7;9;6;3;5;6;13;16;19;5;5;7;4;6;6;28;3;2;5;8;3;3;7;4;3;9
1777;709;11;8;9;2;13;11;16;33;26;17;14;16;10;14;7;16;21;18;10;11;11;13;5;16;20;28
1778;1;;;;;;;;;;;;;;;;;;;;;;;;;;
1779;104;10;7;15;4;7;1;;;;;;;;;;;;;;;;;;;;1
1780;276;4;3;10;1;4;4;15;4;3;1;3;3;2;3;1;17;5;4;4;4;6;3;3;2;3;4
1781;119;6;;1;;;;;;;;;;;;;;;;;;;;;;;2
1782;1054;38;19;30;12;25;20;20;40;30;26;27;28;16;39;28;65;20;20;12;16;12;21;19;5;14;30
1783;1;;;;;;;;;;;;;;;;;;;;;;;;;;
1784;280;8;8;12;2;3;2;;;4;4;5;13;2;;4;7;;1;;;1;;6;2;5;11
1785;145;5;1;;;;;;;;;;;;;;2;;;;;;;;;;1
1786;80;7;3;6;5;;;;;;;;;;;;;;;;;;;;;;1
1787;903;21;29;47;19;28;22;19;46;13;22;24;44;16;45;10;63;47;17;17;5;29;31;36;2;42;68
1788;1504;25;21;16;11;30;27;24;29;29;29;20;19;13;29;15;110;21;8;10;11;12;14;13;11;13;38
1789;5;;;;;;;;;;;;;;;;;;;;;;;;;;
1790;1;;;;;;;;;;;;;;;;;;;;;;;;;;
1791;147;6;3;12;;4;2;4;1;;;;;;;;;;;;;;;;;;2
1792;300;10;5;10;6;13;11;5;2;;;;;;;;2;;;;;;;;;;1
1793;147;10;6;8;2;8;;1;2;;3;;;;;;;;;;;;;;;;1
1794;206;11;11;19;3;11;3;2;;;;;;;;;3;;;;;;;;;;3
1795;930;25;22;22;4;14;6;17;15;5;4;20;13;11;20;6;35;19;13;8;1;10;5;5;2;10;14
1796;141;13;12;5;6;1;1;;;;;;;;;;;;;;;;;;;;3
1797;262;8;9;6;4;3;1;2;1;;2;1;1;;;;7;;1;1;1;2;;;;;
1798;1;;;;;;;;;;;;;;;;;;;;;;;;;;
1799;637;5;8;19;6;10;15;25;17;3;6;15;7;4;6;4;43;12;8;4;5;3;1;4;4;2;27
1800;657;13;15;17;8;20;18;26;25;25;35;25;15;7;19;3;32;24;17;8;12;11;17;8;11;6;13
1801;1;;;;;;;;;;;;;;;;;;;;;;;;;;
1802;171;5;2;9;1;9;5;;;;;;;;;;;;;;;;;;;;
1803;20;;1;;;;;;;;;;;;;;;;;;;;;;;;
1804;722;22;7;17;5;13;10;3;10;31;13;12;9;7;16;5;35;17;2;8;1;3;4;9;2;17;42
1805;357;13;16;7;4;10;4;16;14;25;11;8;6;4;8;6;20;14;5;6;5;9;1;4;10;7;7
1806;1;;;;;;;;;;;;;;;;;;;;;;;;;;
1807;526;14;18;13;8;14;13;26;8;6;21;8;9;7;8;13;19;15;9;7;10;6;1;9;;4;14
1808;435;11;29;20;15;21;25;38;19;34;28;18;13;9;9;17;33;13;17;9;17;17;9;12;11;19;30
1809;354;10;16;12;7;14;8;13;5;;4;1;1;1;1;4;2;;;;;;;;;;1
1810;124;5;5;8;1;;;;;;;;;;;;1;;;;;;;;;;4
1811;75;7;4;1;4;;;2;;;;;;;;;;;;;;;;;;;
1812;452;4;12;10;6;8;4;5;7;6;6;2;3;;3;6;12;3;3;2;;1;1;3;;2;3
1813;144;10;;1;5;2;;2;;;;;;1;;;;;;;;;;;;;2
1814;539;1;;1;1;;3;;;1;;;2;1;;;22;1;3;1;;1;;;;5;2
1815;291;16;15;6;5;1;4;6;9;3;4;2;2;1;3;;11;1;2;;1;1;2;3;3;;9
1816;242;20;2;;;1;;;;;;;;;;;2;;;;;;;;;;6
1817;35;;1;;1;;;;;;;;;;;;;;;;;;;;;;
1818;1474;20;12;18;7;17;10;9;11;10;13;5;6;4;12;5;24;7;6;4;2;3;3;2;2;3;9
1819;661;36;29;19;12;18;18;22;42;34;27;13;13;2;11;6;17;14;6;2;2;;1;;1;;4
1820;1;;;;;;;;;;;;;;;;;;;;;;;;;;
1821;231;4;;;4;1;3;;;;;;;;;;;;;;;;;;;;1
1822;158;20;26;14;7;8;7;4;;;;;;;;;2;;;;;;;;;;6
1823;196;14;11;11;1;7;2;;;;;;;;;;3;;;;;;;;;;5
1824;196;1;2;;;;3;6;;;;2;;;2;2;10;1;;;5;1;;;3;;4
1825;386;15;24;12;13;3;2;4;13;6;5;6;5;2;3;4;16;3;1;2;6;4;2;2;4;4;9
1826;252;2;8;7;4;4;2;1;2;7;3;8;6;2;3;1;16;3;3;6;2;;;;;;
1827;620;19;12;19;5;14;16;19;28;32;13;17;22;13;7;;40;22;12;16;8;9;3;4;;9;19
1828;151;10;4;10;1;1;1;;;;;;;;;;;;;;;;;;;;
1829;749;22;16;16;2;14;9;24;31;33;24;20;16;12;22;14;22;27;19;18;15;11;18;16;13;17;34
1830;838;5;10;9;4;14;15;18;25;23;8;18;12;9;19;7;40;18;8;10;4;7;8;;;5;14
1831;112;1;;5;4;9;6;2;7;4;1;;2;;;;;;;;;;;;;;
1832;585;46;17;11;12;14;4;15;16;22;14;16;10;8;18;11;23;3;;;;;;;;;9
1833;1;;;;;;;;;;;;;;;;;;;;;;;;;;
1834;518;29;5;10;7;16;9;;;;4;11;10;7;10;4;24;13;9;10;7;10;7;7;7;6;3
1835;174;9;5;1;7;18;5;6;13;1;2;;;;;;;;;;;;;;;;
1836;806;17;12;5;2;11;11;10;16;23;14;12;9;4;16;5;18;5;6;5;4;4;5;7;7;9;13
1837;177;1;2;;2;;2;1;3;;;1;1;1;;;13;;1;1;;1;;1;1;2;3
1838;767;12;13;10;9;14;10;18;23;19;8;17;12;7;14;12;40;20;11;9;8;5;2;5;3;2;13
1839;1;;;;;;;;;;;;;;;;;;;;;;;;;;
1840;13;4;;;;;;;;;;;;;;;;;;;;;;;;;
1841;1;;;;;;;;;;;;;;;;;;;;;;;;;;
1842;330;7;13;3;3;4;2;6;3;6;6;3;3;3;3;3;9;;3;3;6;1;;2;1;1;1
1843;123;11;7;9;3;1;;2;;;;;;;;;;;;;;;;;;;2
1844;5;;2;;;;;;;;;;;;;;;;;;;;;;;;
1845;1;;;;;;;;;;;;;;;;;;;;;;;;;;
1846;525;11;15;10;8;3;4;3;10;2;5;5;3;1;5;;25;2;1;3;4;;;;;1;11
1847;370;4;8;8;2;7;5;2;2;5;3;11;6;3;2;3;28;1;2;1;1;;;;;3;2
1848;890;15;12;9;7;4;8;22;23;10;9;11;8;3;4;2;41;5;14;6;9;5;2;13;9;2;12
1849;33;4;;;;;;;;;;;;;;;;;;;;;;;;;
1850;1;;;;;;;;;;;;;;;;;;;;;;;;;;
1851;561;5;5;11;8;8;9;4;4;6;8;12;12;11;1;;46;6;5;3;2;2;2;4;;2;6
1852;374;8;5;12;1;8;6;2;5;4;4;;;;;;1;;;;;;;;;;2
1853;1;;;;;;;;;;;;;;;;;;;;;;;;;;
1854;32;4;;;;1;;;;;;;;;;;;;;;;;;;;;
1855;33;2;;;;;;;;;;;;;;;;;;;;;;;;;1
1856;141;11;3;2;1;;;;;;;;;;;;3;;;;;;;;;;3
1857;875;11;19;19;6;24;21;31;24;43;22;34;18;13;16;8;41;16;22;7;8;13;13;;5;16;8
1858;35;10;;;;;;;;;;;;;;;2;;;;;;;;;;
1859;44;2;4;;;;;;;;;;;;;;1;;;;;;;;;;
1860;418;16;4;3;2;5;4;3;4;3;3;6;3;2;1;;;;;;;2;1;5;;3;7
1861;424;9;10;4;3;2;5;4;2;2;4;7;6;1;5;2;19;4;4;2;6;4;2;5;2;5;13
1862;606;22;23;11;5;16;11;13;9;4;4;10;10;5;4;;34;10;5;3;4;9;4;4;1;13;12
1863;1031;19;18;15;11;16;14;21;19;15;23;16;10;5;9;4;23;5;5;8;5;1;1;11;;4;14
1864;71;2;5;1;;;;;;;;;;;;;;;;;;;;;;;
1865;15;2;1;;;;;;;;;;;;;;;;;;;;;;;;
1866;46;5;;2;;3;;;;;;;;;;;;;;;;;;;;;2
1867;1;;;;;;;;;;;;;;;;;;;;;;;;;;
1868;810;15;24;18;17;29;14;32;35;20;20;22;14;10;24;11;30;18;18;14;12;18;19;14;7;10;19
1869;698;30;12;13;6;9;12;2;20;2;7;6;13;1;5;6;32;11;7;24;13;2;;7;4;10;28
1870;355;3;4;;;1;;1;;;;;5;;;;7;4;1;;;1;1;1;;2;1
1871;239;2;6;4;;;;;5;3;3;3;3;1;;2;10;;;3;1;1;2;2;1;2;1
1872;305;2;12;3;3;6;4;13;14;9;10;6;4;1;4;4;5;1;1;2;;5;1;2;2;1;5
1873;2;;;;;;;;;;;;;;;;;;;;;;;;;;
1874;254;8;7;11;5;9;3;4;;;;2;;;;;;;;;;;;;;;1
1875;1;;;;;;;;;;;;;;;;;;;;;;;;;;
1876;1;;;;;;;;;;;;;;;;;;;;;;;;;;
1877;6;;;;;;;;;;;;;;;;;;;;;;;;;;
1878;365;6;;;1;;4;7;;;2;7;5;3;;;16;;6;2;2;4;2;2;2;7;7
1879;113;7;2;4;2;;;;;;;;;;;;;;;;;;;;;;1
1880;111;1;1;2;;;1;4;;;;;;;;;;;;;;;;;;;
1881;269;1;;15;1;4;3;4;5;;2;2;;1;;;3;;;;;;;;;;1
1882;523;9;7;7;6;14;2;6;15;7;9;5;5;2;7;2;6;;1;1;;1;1;2;1;3;1
1883;265;1;1;2;2;;1;;;;2;2;3;;;;9;2;3;1;2;;;;;2;1
1884;149;12;11;6;3;10;8;13;6;;;;;;;;;;;;;;;;;;
1885;74;4;2;;1;2;1;;;;;;;;;;;;;;;;;;;;
1886;1;;;;;;;;;;;;;;;;;;;;;;;;;;
1887;125;9;8;7;6;12;8;4;2;1;2;;1;;;;;;;;;;;;;;
1888;149;12;11;11;4;7;3;1;1;;;;;;;;;;;;;;;;;;
1889;242;10;12;10;3;4;1;2;4;;5;6;7;;;;;;;;;;;;;;
1890;567;12;16;7;5;5;7;9;10;11;7;8;5;2;4;4;15;3;1;3;5;5;2;4;2;2;7
1891;312;8;9;10;8;13;11;21;22;17;11;10;14;5;16;9;27;10;3;4;6;5;4;9;5;10;14
1892;1312;16;19;13;5;16;10;10;15;30;10;16;9;6;12;5;21;18;17;6;6;7;11;4;15;15;27
1893;1;;;;;;;;;;;;;;;;;;;;;;;;;;
1894;503;19;14;14;4;8;9;9;20;15;18;17;10;5;18;11;66;8;8;5;17;3;4;11;4;7;10
1895;650;22;16;14;11;6;5;19;18;1;6;8;1;2;;;9;;;;;;1;2;;2;10
1896;993;33;16;18;8;18;21;27;28;28;33;32;18;12;33;16;66;27;19;16;13;11;12;21;12;12;30
1897;174;2;2;;;;;;;;;;;;;;2;;;;;;;;;;
1898;254;1;;;3;;1;2;;;;;;;;;2;;;;;;;;;;1
1899;118;9;6;7;2;;;;;;;;;;;;2;;;;;;;;;;2
1900;273;7;8;8;4;14;5;18;22;73;11;8;3;;2;2;2;;;;;1;;;;;6
1901;38;3;;;;;;;;;;;;;;;;;;;;;;;;;2
1902;207;14;3;1;1;2;;2;;;;;;;;;2;;;;;;;;;;3
1903;1;;;;;;;;;;;;;;;;;;;;;;;;;;
1904;33;;;2;1;1;;;;;;;;;;;;;;;;;;;;;
1905;304;6;5;1;4;1;3;2;3;1;2;3;2;;;;1;;2;2;;3;3;4;;2;4
1906;513;18;18;21;7;19;16;20;29;38;35;21;18;6;22;15;57;22;14;9;10;12;14;15;13;22;36
1907;962;39;24;24;11;36;8;28;41;15;29;26;23;14;26;16;55;33;23;22;15;11;12;9;6;16;25
1908;615;6;15;8;9;12;3;9;13;3;16;3;8;2;;2;31;4;4;3;;3;;2;;3;6
1909;629;15;10;11;9;16;17;20;15;8;14;16;17;7;11;2;26;7;9;8;18;9;5;11;6;8;14
1910;1;;;;;;;;;;;;;;;;;;;;;;;;;;
1911;432;5;7;4;6;10;8;14;16;32;9;13;5;6;8;6;9;12;8;4;5;7;15;3;1;4;15
1912;37;;;;;;;;;;;;;;;;;;;;;;;;;;1
1913;65;;;;;;;;;;;;;;;;;;;;;;;;;;
1914;641;13;13;10;15;12;9;9;12;8;9;6;6;1;6;7;17;10;5;3;1;3;2;7;;2;7
1915;1027;34;12;13;9;18;9;16;15;5;13;10;16;12;20;16;39;21;17;6;6;7;11;6;7;1;7
1916;276;22;3;7;3;6;6;;;;;;;;;;;;;;;;;;;;1
1917;10;;;;;;;;;;;;;;;;;;;;;;;;;;
1918;510;16;9;9;5;12;6;18;13;4;10;14;10;6;13;9;18;18;17;9;3;9;13;6;5;9;5
1919;59;15;;4;;3;3;3;;;;1;;;;;;;;;;;;;;;2
1920;211;13;7;20;3;16;10;12;13;2;8;10;1;;;;2;;;;;;;;;;2
1921;83;2;;;;;;2;;;;;;;;;;;;;;;;;;;
1922;1;;;;;;;;;;;;;;;;;;;;;;;;;;
1923;136;7;5;;1;8;7;2;6;2;4;;2;;4;4;;;;;;;;;;;
1924;1;;;;;;;;;;;;;;;;;;;;;;;;;;
1925;8;;;;;;;;;;;;;;;;;;;;;;;;;;
1926;431;7;5;3;3;4;8;12;9;4;6;2;2;1;1;;2;;;;;;2;;;3;4
1927;101;19;13;;;;;;;;;;;;;;;;;;;;;;;;4
1928;91;9;6;;;;2;3;17;2;2;;;;;;2;;;;;;;;;;2
1929;236;4;2;;;8;;;;;2;;3;;;;7;;;;;;;;;;1
1930;14;2;;;;;;;;;;;;;;;;;;;;;;;;;
1931;1;;;;;;;;;;;;;;;;;;;;;;;;;;
1932;1;;;;;;;;;;;;;;;;;;;;;;;;;;
1933;510;13;13;16;3;14;20;9;17;24;3;16;9;8;6;;26;13;8;7;1;5;17;;2;10;16
1934;137;9;3;6;2;;;;;;;;;;;;;;;;;;;;;;2
1935;1529;9;17;31;7;45;32;38;33;32;31;21;10;7;18;9;65;10;7;10;2;11;6;7;3;17;28
1936;568;12;9;14;7;10;15;12;12;23;17;15;5;4;9;4;18;8;2;4;3;4;2;4;1;8;11
1937;950;25;25;13;9;20;20;28;41;45;31;26;20;11;33;18;28;21;14;6;14;10;24;15;11;13;34
1938;17;2;;;;;;;;;;;;;;;;;;;;;;;;;
1939;148;31;20;8;3;1;;;;;;;;;;;;;;;;;;;;;2
1940;240;7;8;5;3;6;6;6;6;7;8;5;4;2;3;6;7;4;2;;;;;1;2;;4
1941;943;23;27;21;10;24;21;24;35;46;56;23;13;10;8;12;23;23;13;10;12;10;16;22;4;23;25
1942;421;7;3;26;3;16;15;3;;;2;;;;;;2;;;;;;;;;;3
1943;1;;;;;;;;;;;;;;;;;;;;;;;;;;
1944;4;;;;;;;;;;;;;;;;;;;;;;;;;;
1945;179;11;10;5;3;1;2;;3;;;;;;;;;;;;;;;;;;2
1946;317;9;13;9;4;;9;5;9;16;2;4;5;1;5;;13;6;2;5;1;1;;7;2;1;12
1947;82;11;;;1;1;;;;;;;;;;;3;;;;;;;;;;
1948;3;;;;;;;;;;;;;;;;;;;;;;;;;;
1949;99;7;4;1;1;1;;2;2;;;;;;;;;;;;;;;;;;1
1950;285;23;12;13;2;1;;;;;2;;;;;;10;1;;;;1;1;1;;1;1
1951;133;2;6;2;1;;;;;;;;;;;;1;;;;;;;;;;1
1952;476;16;2;10;2;7;3;9;4;8;2;13;5;4;;2;27;3;4;3;5;4;3;3;;5;3
1953;744;45;46;21;9;20;22;27;31;38;31;21;11;11;20;12;28;22;18;7;15;12;19;19;14;20;19
1954;38;2;;;;;;;;;;;;;;;2;;;;;;;;;;
1955;376;16;6;6;2;9;12;7;8;27;2;19;14;7;5;6;33;11;9;10;2;6;16;2;3;6;11
1956;7;2;;;;;;;;;;;;;;;;;;;;;;;;;1
1957;419;19;10;13;2;9;3;4;3;1;5;5;4;;5;;8;1;;;2;;;;1;2;7
1958;62;3;4;1;1;;;;;;;;;;;;;;;;;;;;;;
1959;1;;;;;;;;;;;;;;;;;;;;;;;;;;
1960;24;3;1;;1;;;;;;;;;;;;;;;;;;;;;;1
1961;2;;;;;;;;;;;;;;;;;;;;;;;;;;
1962;61;3;;3;1;;;1;;;;;;;;;;;;;;;;;;;
1963;1;;;;;;;;;;;;;;;;;;;;;;;;;;
1964;1;;;;;;;;;;;;;;;;;;;;;;;;;;
1965;1;;;;;;;;;;;;;;;;;;;;;;;;;;
1966;1;;;;;;;;;;;;;;;;;;;;;;;;;;
1967;1309;19;14;18;6;23;22;32;15;36;26;20;18;9;6;5;28;21;26;8;7;14;12;5;3;18;19
1968;67;7;;;;;;;1;;;;;;;;2;;;;;;;;;;
1969;430;8;3;7;3;10;8;4;1;6;8;9;10;;6;;40;5;1;;;2;;4;;1;4
1970;682;8;7;17;3;12;4;19;17;9;9;6;7;5;5;2;46;8;5;4;6;5;4;1;4;3;19
1971;356;2;2;5;1;15;2;9;;10;;4;7;8;2;;11;;;;2;;;4;2;5;13
1972;26;1;1;;;;;;;;;;;;;;3;;;;;;;;;;
1973;355;4;2;;2;;5;1;1;1;1;4;2;1;1;1;5;2;3;2;3;2;;3;1;1;7
1974;2;;;;;;;;;;;;;;;;;;;;;;;;;;
1975;19;2;4;;;;;;;;;;;;;;;;;;;;;;;;
1976;725;13;17;14;3;16;12;4;5;10;6;10;2;3;5;5;18;6;3;5;1;5;3;3;1;4;17
1977;173;10;7;14;;;1;;;;;;;;;;;;;;;;;;;;2
1978;233;1;1;2;2;2;5;9;3;4;1;6;2;2;4;2;6;2;1;1;2;3;2;5;2;3;6
1980;75;5;3;1;;1;;;;;;;;;;;;;;;;;;;;;1
1981;638;9;15;15;3;11;8;16;21;28;24;14;15;10;18;13;25;23;17;7;9;2;2;5;6;5;14
1982;1;;;;;;;;;;;;;;;;;;;;;;;;;;
1983;277;2;;;;;1;;;;2;1;1;;;;14;2;3;;2;;;2;;2;4
1984;56;14;2;1;1;;;;;;;;;;;;;;;;;;;;;;
1985;2;;;;;;;;;;;;;;;;;;;;;;;;;;
1986;1136;29;13;36;7;29;31;44;43;42;21;37;28;26;30;11;52;40;24;23;24;17;20;20;15;34;36
1987;368;9;11;18;4;14;11;6;11;6;6;8;6;3;4;5;6;4;5;6;6;4;4;2;2;2;7
1988;464;5;5;18;5;28;18;17;23;8;5;17;9;5;2;2;24;4;1;1;;2;2;;2;3;7
1989;170;11;8;12;4;1;1;;2;;;;;1;;;;;;;;;;;;;
1990;8;;;;;;;;;;;;;;;;;;;;;;;;;;
1991;2;;;;;;;;;;;;;;;;;;;;;;;;;;
1992;14;;;;1;;;;;;;;;;;;;;;;;;;;;;
1993;450;5;12;17;5;11;14;38;27;15;28;18;16;;5;3;32;13;6;6;6;3;1;6;;2;9
1994;321;18;8;11;1;;3;;;;5;1;1;;;;2;;1;;1;;;;;;1
1995;15;2;;;;;;;;;;;;;;;;;;;;;;;;;
1996;907;37;33;33;7;20;20;19;22;18;11;15;19;7;13;4;42;12;8;11;2;1;;1;1;1;3
1997;291;11;6;9;10;22;10;9;15;1;2;7;;1;;;;;;;;;;;;;3
1998;612;6;2;2;1;;;2;4;4;4;3;6;1;1;4;33;1;1;3;;1;;;;;3
2000;354;3;5;8;;7;9;3;8;5;4;8;9;7;8;4;10;7;6;4;6;5;2;10;12;12;11
2001;790;22;16;20;8;16;12;18;27;36;18;23;13;7;18;10;31;17;15;9;8;16;15;8;8;11;28
2002;61;2;3;;;;;;;;;;;;;;;;;;;;;;;;
2003;299;1;10;11;2;12;10;14;8;2;;11;5;4;13;;16;20;13;15;3;;;;;;1
2004;780;16;20;13;6;11;18;14;35;37;25;22;23;5;22;11;23;15;13;6;8;6;9;8;8;15;25
2005;768;8;13;20;5;18;17;20;24;29;20;18;15;9;21;15;50;18;15;10;13;11;15;16;13;17;31
2006;883;13;4;9;7;13;15;17;11;23;20;22;10;7;12;3;27;13;10;5;5;6;4;7;5;3;10
2007;1;;;;;;;;;;;;;;;;;;;;;;;;;;
2008;67;5;4;8;;;;;;;;;;;;;;;;;;;;;;;2
2009;484;10;7;17;3;1;2;3;12;5;1;15;2;1;4;2;23;5;4;1;7;3;3;3;1;1;21
2010;1;;;;;;;;;;;;;;;;;;;;;;;;;;
2011;49;;;2;1;;;;;;2;;1;;;;;;;;;;;;;;
2012;228;3;9;2;2;1;4;3;5;3;3;3;3;2;7;4;2;1;1;;2;4;2;3;2;4;11
2013;371;15;13;16;13;21;10;25;21;23;22;14;10;10;18;19;20;10;8;10;13;7;4;14;14;11;10
2014;699;24;12;27;9;23;15;36;13;11;17;7;6;4;8;8;27;6;5;3;5;2;2;5;2;4;11
2015;851;28;9;19;11;24;15;18;27;44;20;18;13;9;38;20;31;31;30;17;20;19;23;11;12;28;33
2016;178;3;;2;;;;2;;;;;;;;;3;;;;;;;;;;2
2017;1;;;;;;;;;;;;;;;;;;;;;;;;;;
2018;353;17;18;6;4;5;5;7;12;5;9;4;3;4;3;1;30;2;4;2;2;8;3;8;3;2;9
2019;7;3;;;;;;;;;;;;;;;;;;;;;;;;;
2020;127;3;1;;;;;;;;;;;;;;;;;;;;;;;;
2021;804;8;4;20;7;21;18;15;17;27;22;16;14;11;11;10;42;17;14;7;8;7;4;7;1;6;18
2022;389;7;14;14;2;3;4;9;9;6;8;9;4;2;4;5;42;9;6;4;4;7;3;6;3;3;11
2023;27;2;;;;;;;;;;;;;;;;;;;;;;;;;1
2024;29;5;;;;;;;;;;;;;;;;;;;;;;;;;
2025;308;5;18;8;5;11;9;22;15;11;13;10;7;1;7;3;3;4;1;1;1;3;1;5;;3;5
2026;877;26;26;21;8;19;21;16;28;42;23;22;18;10;28;14;26;21;14;10;17;11;14;16;7;18;25
2027;254;4;2;3;2;1;;2;2;3;2;3;2;1;4;2;15;2;3;1;1;2;;2;;;3
2028;1;;;;;;;;;;;;;;;;;;;;;;;;;;
2029;570;13;2;22;7;20;13;21;8;9;13;26;15;10;2;2;27;10;9;12;4;6;3;;;10;16
2030;7;5;;;;;;;;;;;;;;;;;;;;;;;;;
2031;390;20;9;13;2;7;5;11;12;8;26;19;5;3;5;2;15;11;;1;1;3;4;5;4;2;14
2032;509;11;11;16;5;12;11;4;2;1;2;10;7;4;8;10;55;6;5;3;5;6;6;4;2;4;6
2033;19;1;;;;;;;;;;;;;;;;;;;;;;;;;
2034;510;12;15;14;7;4;2;10;16;16;12;6;8;1;7;7;46;16;3;4;3;7;4;5;1;5;3
2035;260;8;3;2;2;;1;;;;;2;3;;1;1;4;;;1;;;2;;;1;1
2036;142;18;16;1;7;6;4;;;;;;;;;;;;;;;;;;;;
2037;561;26;31;25;4;19;4;6;10;2;9;15;6;1;5;;29;5;2;2;;3;2;5;4;6;20
2038;23;;;;;;;;;;;;;;;;;;;;;;;;;;
2039;179;8;2;;;;1;;2;;4;;1;;;;4;;;;;1;2;3;;3;7
2040;1027;23;32;13;7;11;12;15;18;13;16;10;6;2;8;2;40;7;7;5;7;6;11;17;3;12;22
2041;81;2;;9;1;;;;;;;;;;;;;;;;;;;;;;
2042;330;7;5;7;2;12;5;6;2;4;2;4;3;1;;;14;1;1;1;;;;;;;5
2043;540;17;16;;3;8;15;14;16;6;13;25;9;10;19;18;23;14;9;16;16;16;18;11;1;7;21
2044;221;10;3;17;3;6;12;8;;;;;;;;;;;;;;;;;;;1
2045;770;10;6;16;3;29;15;13;9;35;30;10;7;2;3;2;25;14;9;7;4;7;3;7;2;10;23
2046;1;;;;;;;;;;;;;;;;;;;;;;;;;;
2047;415;17;12;25;4;22;9;5;10;7;5;4;2;2;2;2;1;1;1;2;2;5;2;3;1;3;6
2048;598;18;7;14;2;17;9;11;19;29;13;11;13;8;16;8;61;20;10;9;12;4;13;7;7;18;25
2049;263;10;;1;;5;1;;1;;7;2;7;;;;8;1;1;1;2;;;;;;1
2050;12;;;;;;;;;;;;;;;;;;;;;;;;;;
2051;257;3;3;18;6;9;3;13;;;;;;;;;;;;;;;;;;;2
2052;132;5;8;8;2;;;;;;;;;;;;;;;;;;;;;;2
2053;1;;;;;;;;;;;;;;;;;;;;;;;;;;
2054;288;9;9;13;3;7;8;5;4;;;1;1;;;;9;12;10;1;4;;;2;;1;
2055;277;12;10;8;2;4;2;;;2;;;3;;;;14;;;;;;;;;2;2
2056;12;;;;;;;;;;;;;;;;;;;;;;;;;;
2057;8;;;6;;;;;;;;;;;;;;;;;;;;;;;
2058;1000;23;16;13;5;10;14;19;27;5;8;15;6;2;6;4;35;6;2;;1;2;2;3;;1;5
2059;106;6;3;;;;;;;;;;;;;;;;;;;;;;;;
2060;6;;;;;;;;;;;;;;;;;;;;;;;;;;
2061;577;13;17;11;8;6;2;7;12;5;6;2;5;3;12;3;28;8;6;5;8;3;2;10;3;6;8
2062;500;18;12;11;5;10;5;11;5;4;2;4;4;4;;;16;4;3;2;2;3;1;;2;8;2
2063;610;8;11;4;3;2;2;;;;1;2;2;1;3;1;9;3;3;2;4;5;3;7;8;5;6
2064;643;13;16;8;4;19;11;12;9;4;6;10;8;7;5;7;41;12;6;11;10;7;7;4;;13;11
2065;282;5;3;4;4;6;6;;;;4;4;3;;;;7;;;;;2;1;1;;5;10
2066;362;9;16;13;2;11;8;5;9;5;7;4;5;3;3;4;18;3;2;3;5;3;1;5;1;3;16
2067;112;1;3;3;;;;;;;;;;;;;3;;;;;;;;;;
2068;271;6;6;6;5;17;10;6;4;;;;;;;;3;;;;;;;;;;2
2069;159;7;2;8;1;1;1;;;;;;;;;;;;;;;;;;;;2
2070;194;9;6;3;2;3;;;;;2;1;;;;;;;;;;;;;;;1
2071;60;9;3;5;1;;;;;;;;;;;;;;;;;;;;;;2
2072;1;;;;;;;;;;;;;;;;;;;;;;;;;;
2073;1;;;;;;;;;;;;;;;;;;;;;;;;;;
2074;371;8;11;11;8;15;10;8;5;5;7;1;3;1;2;2;6;1;3;1;3;3;2;4;2;4;5
2075;313;6;1;5;3;11;2;3;3;2;;3;3;;;;15;4;3;3;2;3;3;8;4;5;8
2076;147;8;9;13;5;10;5;1;2;2;;1;;;;;;;;;;;;;;;
2077;1;;;;;;;;;;;;;;;;;;;;;;;;;;
2078;694;10;15;13;6;16;11;10;8;16;10;16;12;3;6;3;17;2;3;5;4;6;7;8;6;6;9
2079;87;5;5;5;1;1;;;;;;;;;;;;;;;;;;;;;2
2080;195;10;6;10;1;6;6;;;;2;;;;;;;;;;;;;;;;
2081;1260;33;29;30;17;30;32;27;46;35;52;34;22;13;11;1;92;30;21;17;23;12;15;15;11;5;34
2082;227;25;20;10;10;12;7;4;;;2;;;;;;4;;;;;;;;;;4
2083;1;;;;;;;;;;;;;;;;;;;;;;;;;;
2084;733;8;18;16;9;15;8;21;27;22;19;13;7;5;12;8;28;11;7;3;4;6;4;16;6;13;23
2085;488;7;6;9;4;13;10;13;19;8;8;7;7;6;;;19;13;2;;;;;;;;4
2086;758;7;8;18;7;20;16;22;9;32;22;19;20;12;14;1;37;25;14;11;5;14;18;6;13;20;6
2087;68;4;9;1;2;;;;;;;;;;;;;;;;;;;;;;1
2088;274;9;11;8;4;11;7;;;;4;;;;;;;;;;;;;;;;2
2089;36;;;2;;;;;;;;;;;;;;;;;;;;;;;
2090;262;13;6;9;2;5;5;4;;2;;;6;;;1;14;;2;;;;;2;;5;4
2091;576;8;2;3;2;3;2;6;4;5;4;5;3;3;4;4;17;5;4;2;;6;5;6;6;8;9
2092;336;5;6;10;4;6;9;9;5;;;;;;;;3;;;;;;;;;;1
2093;342;16;7;8;6;16;11;17;9;31;17;10;11;8;9;13;26;18;11;8;9;12;17;21;11;11;11
2094;27;;;;;;;;;;;;;;;;;;;;;;;;;;
2095;226;13;9;8;3;6;7;3;5;4;5;7;6;7;5;5;20;7;6;10;6;3;3;4;4;4;7
2096;4;;;;;;;;;;;;;;;;;;;;;;;;;;
2097;929;19;29;14;14;29;24;48;33;37;48;30;22;19;62;12;38;21;14;9;19;13;19;22;24;20;35
2098;1;;;;;;;;;;;;;;;;;;;;;;;;;;
2099;500;2;3;20;6;15;18;11;;;5;8;11;6;;;39;10;9;5;2;7;9;1;1;7;3
2100;826;11;9;23;8;16;12;14;10;5;4;11;6;3;4;2;31;20;8;10;1;5;3;2;;4;11
2101;643;11;17;22;4;17;20;33;20;11;21;20;25;7;12;2;42;18;17;12;3;8;7;4;1;4;17
2102;506;11;6;13;1;12;2;;9;4;2;2;1;;;;18;4;2;;;;;;;1;7
2103;91;14;1;;;;;;;;;;;;;;;;;;;;;;;;4
2104;59;7;;1;;;;1;;;;;;;;;;;;;;;;;;;
2105;257;5;8;13;4;1;2;25;11;3;2;4;1;;4;4;10;;;;;;;;;1;4
2106;74;3;4;2;1;1;;;;1;1;;;;;;;;;;;;;;;;
2107;176;16;3;;;1;;2;6;;2;;;;;;;;;;;;;;;;1
2108;452;1;3;2;;;1;;;1;;1;2;;1;2;6;;;;;;1;1;;1;2
2109;1543;18;11;9;7;18;17;30;26;40;18;22;15;14;17;12;53;24;19;13;11;13;15;12;8;13;24
2110;1;;;;;;;;;;;;;;;;;;;;;;;;;;
2111;192;5;9;;1;;1;1;;;2;3;;;;;11;;3;1;;1;1;;;;3
2112;428;9;12;5;3;2;1;;;;2;2;3;1;6;;29;1;;;;;;;;5;1
2113;196;6;4;2;2;;;;4;1;;1;;;;;6;;;;2;1;;;;;2
2114;295;6;2;1;;3;2;1;2;;4;3;3;1;4;2;3;;;2;1;3;7;2;;1;2
2115;562;26;20;16;3;5;9;19;18;14;21;7;6;1;4;1;24;4;4;4;8;4;3;4;2;1;8
2116;792;23;20;14;12;13;10;16;13;26;6;22;15;9;18;20;33;16;15;7;12;9;9;10;11;17;24
2117;36;5;;;;;;;;;;;;;;;;;;;;;;;;;1
2118;1;;;;;;;;;;;;;;;;;;;;;;;;;;
2119;1;;;;;;;;;;;;;;;;;;;;;;;;;;
2120;684;19;18;16;5;23;5;12;19;9;6;10;7;4;;;2;;;1;2;;;;;;2
2121;324;21;19;12;4;3;2;5;;;;;;;;;3;;;;;;;;;;3
2122;163;3;1;6;1;1;3;;1;1;2;2;;;;;14;1;3;;;1;1;3;;1;5
2123;54;4;4;2;;3;;;;;;;;;;;3;;;;;;;;;;1
2124;110;5;6;2;;;;;;;;;;;;;;;;;;;;;;;2
2125;1;;;;;;;;;;;;;;;;;;;;;;;;;;
2126;115;;9;15;;;;;;;;;;;;;;;;;;;;;;;2
2127;607;33;26;14;4;13;11;16;28;13;18;11;11;7;10;9;31;11;8;5;18;7;6;11;5;7;15
2128;1;;;;;;;;;;;;;;;;;;;;;;;;;;
2129;98;4;;;;;;;;;;;;;;;;;;;;;;;;;
2130;352;18;9;13;7;13;5;16;15;21;12;12;9;7;8;8;1;;;;4;;;;;;1
2131;381;14;12;5;2;12;10;4;1;2;7;5;5;4;2;2;5;1;2;1;;2;2;;2;3;6
2132;4;;;;;;;;;;;;;;;;;;;;;;;;;;
2133;1;;;;;;;;;;;;;;;;;;;;;;;;;;
2134;1;;;;;;;;;;;;;;;;;;;;;;;;;;
2135;58;3;;;2;;1;;;;;;;;;;;;;;;;;;;;
2136;579;10;24;15;9;17;16;15;16;13;14;5;5;4;9;4;29;4;5;1;2;4;4;8;4;6;8
2137;356;15;12;10;1;4;12;15;2;;5;6;9;5;10;;19;12;11;3;10;1;1;7;;3;7
2138;235;7;4;;2;2;2;3;4;1;1;4;7;4;3;3;11;6;5;2;7;2;;4;1;5;1
2139;156;13;20;6;;;1;;1;;;;;;;;;;;;;;;;;;1
2140;67;3;;;;;1;;;;;;;;;;;;;;;;;;;;
2141;50;3;;8;;;;;;;;;;;;;;;;;;;;;;;
2142;150;9;5;3;1;;;;;;;;;;;;;;;;;;;;;;3
2143;4;;;;;;;;;;;;;;;;;;;;;;;;;;
2144;1;;;;;;;;;;;;;;;;;;;;;;;;;;
2145;300;17;19;31;7;18;1;3;;;;;;;;;5;;;;;;;;;;3
2146;677;19;21;13;8;20;6;33;10;5;13;9;6;6;9;2;29;5;6;3;4;3;2;2;2;4;13
2147;35;2;3;2;;;;;;;;;;;;;;;;;;;;;2;;
2148;305;6;11;6;3;7;4;8;8;13;7;5;7;4;4;6;17;4;5;2;3;1;1;4;3;6;8
2149;449;31;15;7;2;2;3;5;9;2;11;5;6;1;6;4;22;4;3;3;1;3;5;4;2;3;10
2150;107;17;4;;1;;;;;;;;;;;;;;;;;;;;;;1
2151;176;2;4;;1;;1;;;2;1;1;6;3;;5;5;;;1;;2;;2;;2;3
2152;203;4;;;;;1;;;;4;2;;;;1;8;;;;;1;;1;;2;4
2153;395;9;3;7;1;2;;2;2;;2;2;6;3;;;;;;;;3;3;2;;2;4
2154;181;3;;24;1;8;3;17;14;;;;;;;;;;;;;;;;;;
2155;169;18;20;26;7;15;5;6;;;3;;;;;;1;;;;;;;;;;2
2156;1665;9;10;22;9;21;19;22;25;39;22;19;19;11;19;8;88;20;15;13;5;8;19;5;6;9;26
2157;17;;;;;;;;;;;;;;;;;;;;;;;;;;
2158;160;15;7;7;1;2;1;6;23;10;7;8;2;;;8;10;1;;;;;;;3;1;2
2159;252;11;14;15;5;20;11;7;5;3;7;3;2;2;2;4;2;1;1;1;2;1;;;1;;3
2160;760;12;5;16;8;10;10;3;5;3;9;15;12;7;2;2;43;10;11;3;5;5;5;8;2;6;3
2161;874;36;21;20;6;30;18;33;36;18;19;23;20;9;28;18;37;29;20;24;11;7;20;14;14;14;29
2162;331;2;1;9;7;18;11;13;4;3;2;10;5;2;;;22;9;3;4;1;2;3;5;1;3;4
2163;544;27;15;23;7;22;8;17;22;4;14;4;6;7;12;5;14;;;;;;;;;;6
2164;712;18;12;12;15;28;7;6;22;4;3;6;3;2;4;2;29;4;5;3;3;7;4;4;2;2;10
2165;63;3;;;;;;;;;;;;;;;;;;;;;;;;;
2166;241;2;5;3;4;4;7;4;3;4;5;6;4;3;4;4;20;3;3;5;7;5;3;9;2;7;11
2167;81;3;2;3;;;;;;;;;;;;;;;;;;;;;;;
2168;562;31;22;40;14;10;6;29;50;48;25;17;15;13;18;6;27;8;9;7;10;12;2;9;6;9;18
2169;1;;;;;;;;;;;;;;;;;;;;;;;;;;
2170;444;17;10;21;9;19;9;16;22;7;5;12;4;2;4;4;22;8;13;8;2;11;14;6;2;11;9
2171;320;15;9;20;6;19;5;17;33;19;23;13;9;4;7;2;5;;1;;;;;;;;3
2172;523;10;17;12;8;6;4;9;13;3;6;3;4;3;4;3;21;8;8;2;3;9;4;5;3;3;8
2173;151;4;8;3;1;2;2;;;;;;;;;;;;;;;;;;;;
2174;141;16;15;1;3;1;2;8;6;6;10;3;1;;;;2;;;;;;;;;;6
2175;165;36;13;7;;;;;;2;;;;;;;;;;;;;;;;;2
2176;779;15;7;17;6;14;12;23;24;31;29;24;18;16;17;8;38;23;15;11;11;12;17;10;10;14;32
2177;52;;;;;;;;;;;;;;;;1;;;;;;;;;;
2178;397;34;4;17;6;17;9;1;2;;7;25;8;4;2;2;19;12;3;7;4;11;4;13;6;6;16
2179;1;;;;;;;;;;;;;;;;;;;;;;;;;;
2180;367;15;10;11;2;11;4;26;11;;3;16;3;1;4;3;19;9;8;;;2;2;4;1;4;4
2181;413;18;13;13;6;16;19;17;4;7;14;12;6;1;8;2;38;9;19;1;2;9;14;2;2;18;11
2182;411;8;7;12;5;14;10;18;24;28;23;21;16;9;19;7;13;5;3;4;4;4;3;3;2;3;12
2183;347;11;6;2;2;8;2;3;5;4;4;1;2;1;1;2;51;8;4;2;4;2;1;5;2;2;5
2184;644;10;12;17;13;20;17;40;21;15;19;14;9;4;17;4;81;14;3;5;2;8;5;15;6;17;19
2185;73;;3;1;2;4;1;2;;;;;;;;;2;;;;;;;;;;
2186;1416;32;22;47;13;28;12;12;8;39;22;27;26;7;21;6;85;24;10;7;;3;3;4;;13;35
2187;802;21;25;20;14;20;17;18;12;5;7;9;6;;1;;2;;;;;;;;;;1
2188;31;1;;;;;;;;;;;;;;;;;;;;;;;;;
2189;566;24;5;14;5;17;12;19;34;34;17;20;24;11;23;13;12;14;2;3;1;3;2;14;8;22;15
2190;711;40;27;43;8;27;24;27;14;38;7;25;13;8;4;4;43;14;5;6;7;11;4;4;4;14;9
2191;140;;;;;;;;;;;;;;;;;;;;;;;;;;
2192;53;10;7;4;;;;;;;;;;;;;;;;;;;;;;;2
2193;297;1;6;13;2;7;10;3;9;13;12;8;4;2;8;6;7;2;2;2;4;5;3;8;6;10;11
2194;514;13;19;11;6;4;8;5;3;;5;7;4;2;4;4;3;;2;;;4;1;3;;7;9
2195;412;11;9;11;7;12;6;5;1;2;8;12;12;8;7;3;25;16;13;7;3;11;13;3;8;13;6
2196;914;19;31;21;11;20;12;29;29;30;16;24;17;7;10;12;41;20;13;3;14;9;4;13;12;6;20
2197;483;11;11;13;3;10;5;8;14;10;10;13;3;7;22;7;28;27;23;16;26;20;20;16;10;7;27
2198;549;17;27;16;8;21;2;5;16;3;2;4;22;11;17;4;37;19;2;1;;;;2;2;5;8
2199;1011;7;6;23;9;24;14;20;18;27;26;22;20;10;26;8;58;9;16;10;8;14;18;20;22;23;19
2200;2082;16;14;23;6;18;13;15;25;12;10;20;18;10;35;24;84;23;17;8;12;11;19;20;10;9;20
2201;423;1;;3;;;1;;;;2;1;2;1;2;;2;;;;;;;;;;1
2202;108;;;;;;7;;6;;5;3;2;;7;;13;;;;;;;;1;;
2203;1890;18;9;19;5;24;23;31;35;51;34;22;23;13;30;10;32;25;14;12;15;17;21;9;18;28;48
2204;385;9;8;5;3;11;1;1;;;2;1;;;;1;24;2;1;;;1;2;2;;2;8
2205;23;;;;;;;;;;;;;;;;;;;;;;;;;;
2206;497;19;15;18;6;20;15;18;52;29;32;20;9;9;11;13;34;9;6;4;9;17;8;10;5;9;22
2207;1222;22;14;23;8;15;12;21;18;13;19;23;13;12;7;4;63;16;13;9;12;12;14;11;14;9;16
2208;410;9;9;11;5;13;9;10;7;6;4;7;3;2;;1;17;11;4;2;2;3;1;4;;2;7
2209;993;24;28;20;5;24;25;26;14;7;23;28;18;14;23;8;31;33;21;16;16;11;4;5;4;16;19
2210;678;22;22;14;9;9;8;13;19;2;4;14;6;2;4;5;28;9;4;12;4;8;12;8;4;17;4
2211;1;;;;;;;;;;;;;;;;;;;;;;;;;;
2212;1;;;;;;;;;;;;;;;;;;;;;;;;;;
2213;201;16;29;15;4;3;1;;;;2;;;;;;;;;;;;;;;;1
2214;863;14;18;8;4;11;15;9;16;32;15;7;9;4;10;4;38;24;14;7;4;11;6;6;3;8;27
2215;4;;;;;;;;;;;;;;;;;;;;;;;;;;
2216;1039;28;42;58;20;37;21;37;45;21;42;17;21;10;16;8;81;21;24;11;14;14;13;7;2;12;27
2217;296;4;9;7;3;7;1;2;5;2;2;3;1;;;1;10;1;;;;;;;;;4
2218;982;35;35;35;8;29;25;28;45;34;31;43;21;14;11;2;64;21;13;11;5;19;10;10;12;13;18
2219;1;;;;;;;;;;;;;;;;;;;;;;;;;;
2220;768;13;19;11;7;15;14;20;25;34;18;13;12;5;21;11;13;13;10;6;4;12;16;16;15;26;12
2221;321;14;1;1;;3;1;4;3;2;3;5;1;2;2;1;13;;2;1;1;4;1;5;6;2;4
2222;848;27;29;18;8;23;18;36;36;37;35;31;24;13;39;19;34;22;16;21;28;16;18;21;24;23;42
2223;2104;21;18;18;9;15;19;27;7;1;1;5;5;4;1;;34;23;13;4;6;5;9;10;;11;25
2224;678;1;3;12;3;15;18;14;13;15;5;25;20;4;6;13;34;5;2;2;1;3;7;;2;3;
2225;114;7;2;5;1;4;1;;;;;;;;;;3;;;;;;;;;;
2226;445;9;12;11;13;17;13;13;15;3;2;5;7;4;9;5;2;;;;;;;;;;4
2227;1139;15;25;23;15;21;25;29;37;46;34;21;24;3;19;6;41;24;23;3;8;10;2;13;13;15;33
2228;249;38;19;17;3;;;;;;;;;;;;2;;;;;;;;;;2
2229;683;12;10;14;11;19;14;16;30;34;26;17;18;6;;;23;16;9;3;;6;7;;6;14;10
2230;618;3;;5;5;8;6;6;2;27;4;5;5;3;2;2;38;6;4;3;2;5;2;2;4;11;11
2231;170;8;7;6;4;1;1;;;;;;;;;;9;2;1;1;;;;;;;1
2232;1;;;;;;;;;;;;;;;;;;;;;;;;;;
2233;401;2;5;3;2;2;5;7;8;6;5;11;6;5;9;7;17;4;3;2;3;10;3;7;2;11;7
2234;8;;;;;;;;;;;;;;;;;;;;;;;;;;
2235;666;9;20;15;10;17;13;13;8;10;19;6;13;9;7;4;44;3;10;7;9;8;4;6;;14;7
2236;502;28;20;33;5;23;11;50;16;;2;25;12;;;2;27;33;30;21;8;;;;;;2
2237;270;15;4;12;5;16;14;5;7;2;4;;;;;;2;;;;;;;;;;1
2238;884;23;13;15;8;30;26;18;15;35;35;21;19;8;9;2;28;30;27;8;12;14;18;8;8;18;25
2239;273;20;15;31;8;15;10;10;1;;;;;;4;;;;;;;;;;;;
2240;1;;;;;;;;;;;;;;;;;;;;;;;;;;
2241;642;21;17;22;6;22;17;21;35;42;33;29;16;13;47;17;37;4;5;3;4;1;;2;;;8
2242;1;;;;;;;;;;;;;;;;;;;;;;;;;;
2243;402;5;12;12;4;10;8;6;10;6;7;9;7;4;7;6;23;3;7;4;6;3;1;6;1;5;5
2244;804;20;10;12;10;19;13;19;26;14;22;13;11;4;7;8;18;19;2;10;18;13;12;10;7;8;15
2245;845;23;20;29;14;23;24;21;24;41;27;23;18;12;23;13;36;33;20;13;15;14;14;19;13;11;31
2246;682;7;7;15;2;13;7;10;18;15;18;14;13;10;16;8;35;19;12;6;;;3;6;10;15;8
2247;1;;;;;;;;;;;;;;;;;;;;;;;;;;
2248;318;8;13;21;11;8;4;4;7;3;3;8;5;1;7;;24;1;3;1;1;2;;1;;1;4
2249;888;32;23;21;4;23;20;22;24;36;25;20;21;13;32;7;45;24;18;17;8;14;21;18;17;29;50
2250;142;10;8;3;1;;;1;1;2;;3;2;;3;1;26;14;3;3;;2;;;;1;4
2251;804;13;15;21;9;17;11;22;17;11;22;19;14;6;4;2;6;2;2;4;5;13;5;13;4;12;10
2252;1002;19;27;21;6;37;30;23;32;39;29;20;16;16;21;15;19;22;17;10;19;15;20;22;18;18;25
2253;2;;;;;;;;;;;;;;;;;;;;;;;;;;
2254;660;25;23;23;8;19;15;24;29;35;26;9;12;11;16;10;17;10;8;10;12;7;16;15;14;15;21
2255;51;12;11;2;1;10;1;;;;;;;;;;;;;;;;;;;;
2256;559;14;13;8;5;17;12;18;12;27;13;13;11;3;6;3;19;14;8;3;3;14;15;11;3;2;8
2257;208;3;;;;;;;;;;;;;;;2;;;;;;;;;;3
2258;87;5;2;;;;1;;;;;;;;;;2;;;;;;;;;;2
2259;420;8;7;18;8;18;15;25;39;19;7;13;14;9;28;13;36;10;11;9;15;5;5;11;15;18;4
2260;257;12;2;19;2;16;3;1;;1;;;;;;;;;;;;;;;;;1
2261;1;;;;;;;;;;;;;;;;;;;;;;;;;;
2262;200;5;3;9;2;;1;4;2;;;3;;;;;;;;;;;;;;;1
2263;733;55;51;22;11;18;17;17;35;12;17;16;13;8;12;2;54;23;13;12;9;14;9;13;12;14;39
2264;348;3;11;1;2;4;3;;5;;8;1;2;;2;;14;3;3;3;2;3;1;3;1;3;14
2265;253;11;21;21;11;21;8;11;11;9;11;;;;;;2;;;;;;;;;;1
2266;418;20;15;14;10;23;11;21;;;;;;;;;;;;;;;;;;;4
2267;529;9;9;6;2;10;10;20;30;27;17;16;10;5;15;5;25;10;6;1;;4;2;5;;4;6
2268;432;8;12;14;4;12;9;7;6;4;8;10;9;1;4;2;22;6;2;1;6;2;1;5;5;3;10
2269;534;17;21;11;11;10;10;18;22;34;22;20;11;10;17;6;30;19;18;13;17;15;13;18;16;19;13
2270;1139;15;13;11;9;19;6;17;19;7;8;10;6;1;5;6;60;20;16;4;4;6;5;10;10;15;24
2271;574;11;13;8;4;14;11;11;9;6;9;14;9;6;11;4;21;17;7;5;6;6;3;4;;8;9
2272;284;22;14;16;8;16;9;21;32;21;13;5;1;;;;1;;;;;;;;;;2
2273;322;10;10;12;2;8;6;;2;2;4;4;3;2;4;2;10;;2;;2;;;;;;6
2274;319;6;11;13;4;4;8;6;2;2;4;11;4;2;3;2;21;9;2;1;1;4;3;1;2;3;8
2275;538;15;11;8;5;7;11;11;6;3;3;4;2;1;4;2;13;1;1;1;4;1;1;5;;1;4
2276;79;2;;5;;;;;;;;;;;;;2;;;;;;;;;;
2277;576;15;9;31;7;24;24;21;19;5;15;17;16;8;12;;34;12;6;2;4;5;3;3;2;8;21
2278;269;13;5;6;4;8;3;7;19;3;11;2;;2;2;2;14;3;2;4;5;5;1;4;2;6;21
2279;875;4;5;9;8;10;13;22;17;29;24;14;19;8;20;4;29;15;12;5;7;7;3;;;3;17
2280;435;5;10;11;4;11;11;2;2;2;4;16;12;7;2;3;26;10;13;5;3;5;2;3;2;4;7
2281;1;;;;;;;;;;;;;;;;;;;;;;;;;;
2282;371;15;8;3;3;12;3;2;4;5;16;7;5;8;;2;20;13;3;3;2;2;2;2;1;3;19
2283;1012;21;16;9;6;17;15;8;21;35;19;23;16;11;18;9;141;18;9;11;11;9;14;6;3;6;31
2284;167;4;7;2;2;3;;;;;;;;;;;;;;;;;;;;;
2285;111;12;5;;1;;;;;;;;;;;;;;;;;;;;;;6
2286;609;;;10;4;12;5;10;6;4;2;10;4;5;9;5;12;9;9;7;13;4;3;7;7;15;13
2287;1925;21;34;49;17;30;37;40;68;58;31;36;25;11;52;27;61;37;29;17;24;25;33;29;19;36;48
2288;1;;;;;;;;;;;;;;;;;;;;;;;;;;
2289;213;4;10;9;9;6;8;2;1;;;25;15;5;14;;19;;;;;;;;;;
2290;550;8;10;11;4;7;7;9;18;34;15;8;5;3;;;11;6;3;4;5;3;4;2;;2;6
2291;685;5;13;9;2;7;2;8;7;4;8;12;11;1;6;4;33;3;5;2;6;6;;7;6;2;11
2292;632;34;12;23;9;21;21;20;31;13;11;21;18;18;11;4;32;17;20;13;21;18;25;17;2;4;5
2293;593;34;15;12;7;14;4;16;7;28;19;10;10;5;13;14;44;7;14;12;10;4;1;4;1;6;11
2294;87;8;3;5;2;3;;;;;;;;;;;;;;;;;;;;;1
2295;324;5;7;2;5;7;11;1;1;1;;1;5;2;7;;26;;2;;;;;2;;4;1
2296;273;5;4;4;;1;4;2;1;4;4;1;1;1;;;;;;;;1;;1;;1;1
2297;1;;;;;;;;;;;;;;;;;;;;;;;;;;
2298;34;;;;;;;;;;;;;;;;;;;;;;;;;;
2299;1;;;;;;;;;;;;;;;;;;;;;;;;;;
2300;197;9;6;2;;;;;;;;;;;;;3;;;;;1;;;;;1
2301;399;6;12;15;4;21;12;19;28;25;14;9;4;3;3;1;4;;1;;1;1;;2;1;;5
2302;709;;6;5;4;4;3;2;2;2;2;3;5;3;3;2;54;3;7;6;5;3;4;7;4;9;14
2303;1;;;;;;;;;;;;;;;;;;;;;;;;;;
2304;232;1;5;1;1;;1;2;6;3;4;5;3;4;2;2;14;1;;;;1;1;2;;3;3
2305;18;2;;;;;;;;;;;;;;;;;;;;;;;;;
2306;692;3;7;13;9;11;2;4;11;1;12;13;9;2;;;25;7;11;8;3;5;7;3;2;20;10
2307;143;3;;;;;1;;;;;;;;;;;;;;;;;;;;2
2308;75;3;1;1;;;;;;;;;;;;;3;;;;;;;;;;1
2309;1;;;;;;;;;;;;;;;;;;;;;;;;;;
2310;566;13;15;10;6;18;12;9;21;23;23;30;15;5;9;3;39;8;11;8;4;19;7;5;8;3;17
2311;1;;;;;;;;;;;;;;;;;;;;;;;;;;
2312;151;7;;;;;;2;;;;;;;;;;;;;;;;;;;
2313;470;10;15;9;5;14;8;21;19;20;7;20;15;8;11;6;11;17;15;7;12;3;2;5;;3;8
2314;408;11;10;5;3;14;4;4;2;1;3;1;5;2;1;;7;3;2;2;;;;;;4;
2315;16;2;;;;;;;;;;;;;;;;;;;;;;;;;
2316;507;15;10;18;4;11;8;16;11;9;5;8;10;5;21;10;23;10;13;5;10;7;3;1;1;1;5
2317;423;11;9;12;4;18;12;12;19;23;20;14;19;8;3;;12;;;;;;;;;;6
2318;556;12;15;17;4;17;11;22;20;21;21;16;12;11;14;16;49;17;9;5;11;9;6;4;2;3;13
2319;1096;10;11;16;3;21;20;14;27;46;28;32;19;10;28;9;32;23;19;12;9;13;12;9;3;9;21
2320;246;14;2;3;;2;3;2;;;;3;5;4;4;;15;14;6;4;;5;1;;2;8;6
2321;697;9;11;14;3;9;7;16;18;9;16;15;7;2;3;;35;8;3;6;2;3;2;2;;2;12
2322;296;8;7;11;2;6;2;1;4;3;11;6;;;;;;;;;;;;;;;
2323;1289;10;10;11;4;16;9;23;11;15;7;9;5;8;9;5;25;13;16;6;2;4;7;3;4;6;19
2324;143;;;;1;;;;;;3;1;1;;;1;;;;;;;;;;;
2325;285;10;7;5;2;2;1;2;2;;5;7;2;;14;;14;;1;3;2;8;10;4;;8;9
2326;973;24;29;16;11;18;14;18;11;16;26;23;11;13;52;14;74;11;11;5;13;9;9;11;1;19;69
2327;516;13;11;11;5;18;12;21;31;10;10;19;14;12;19;3;25;21;10;5;12;9;7;5;5;9;14
2328;338;6;8;6;2;11;5;4;5;34;17;15;9;8;18;2;14;9;3;4;9;4;5;11;5;3;8
2329;8;;2;;;;;;;;;;;;;;1;;;;;;;;;;
2330;617;11;9;7;6;14;17;21;29;31;19;22;15;10;26;13;24;22;11;14;18;9;13;13;10;20;28
2331;27;;;;;;;;;;;;;;;;1;;;;;;;;;;
2332;774;25;25;17;5;6;4;16;15;4;7;8;3;1;2;5;29;17;3;3;;3;1;5;2;1;11
2333;1;;;;;;;;;;;;;;;;;;;;;;;;;;
2334;499;18;10;24;4;7;7;19;25;33;32;13;10;14;18;3;48;25;13;6;9;9;9;9;3;11;9
2335;755;24;24;19;6;20;15;28;34;22;22;16;8;6;12;20;37;12;11;7;16;8;5;12;4;5;12
2336;637;23;14;20;3;16;16;21;31;30;17;22;14;13;29;12;35;25;16;10;22;12;17;18;23;10;8
2337;156;17;11;11;4;7;4;;;;2;;;;;;;;;;;;;;;;2
2338;1;;;;;;;;;;;;;;;;;;;;;;;;;;
2339;4;1;;;;;;;;;;;;;;;;;;;;;;;;;
2340;538;17;19;14;3;13;13;19;12;5;8;14;10;4;9;2;20;9;9;4;2;6;3;8;4;6;14
2341;22;;;;;10;;8;;;;;;;;;;;;;;;;;;;
2342;99;2;1;5;2;1;;3;;;;;;;;;;;;;;;;;;;
2343;429;7;4;4;1;2;2;1;3;3;4;6;2;2;5;3;10;;3;1;1;2;2;4;1;;4
2344;374;6;4;;;;3;2;1;;1;3;1;2;;;7;1;;;;1;1;1;;;6
2345;221;9;3;4;2;3;;6;4;22;4;9;4;3;4;7;8;10;6;2;5;3;5;7;;;1
2346;417;14;14;5;7;11;5;18;4;;3;;3;1;;;3;;;;;;;;;;4
2347;9;;;;;;;;;;;;;;;;;;;;;;;;;;
2348;482;6;10;10;5;2;3;24;6;4;4;5;6;1;5;3;26;1;2;4;4;5;1;4;3;2;14
2349;69;2;;;;;;;;;;;;;;;;;;;;;;;;;
2350;564;21;5;3;6;9;3;3;5;5;5;7;2;;;1;24;7;10;;1;;;;;12;9
2351;496;4;6;9;4;14;13;13;8;4;10;12;14;10;11;2;35;23;16;8;9;2;4;;;7;15
2352;2;;;;;;;;;;;;;;;;;;;;;;;;;;
2353;331;6;8;15;5;8;8;12;12;27;8;7;3;4;7;2;14;2;2;1;2;;;;;;
2354;190;3;;;;;;;;;1;;;;;;;;;;;;;;;;1
2355;1037;18;9;18;9;20;4;7;13;3;2;13;10;7;;;37;6;6;2;2;4;3;2;4;9;18
2356;534;37;22;18;7;8;8;13;25;8;9;8;7;3;8;8;33;2;3;3;4;3;1;5;2;6;14
2357;29;;;;;;;;;;;;;;;;;;;;;;;;;;
2358;916;22;25;19;8;30;31;13;36;8;11;26;21;14;13;4;25;10;12;9;16;12;7;10;4;14;34
2359;152;5;;1;2;;;;;;;;;;;;;;;;;;;;;;2
2360;409;1;;;;;1;;;;;;;;;;5;;;1;;;;;;1;2
2361;1;;;;;;;;;;;;;;;;;;;;;;;;;;
2362;374;15;20;4;3;9;6;4;9;8;5;5;3;1;5;;10;1;3;;;;1;3;;3;10
2363;283;2;6;12;7;6;3;7;18;5;11;9;4;;2;;;;;1;;;;;;1;1
2364;302;7;5;;1;;2;2;2;;2;3;3;1;1;;15;1;2;1;;1;1;4;;2;6
2365;1;;;;;;;;;;;;;;;;;;;;;;;;;;
