code_student;0;1;2;3;4;5;7;8;9;10;11;12;13;14;15;16;18;19;20;21;22;23;24;26;27;28;29
1;463;14;2;;5;;;;6;;27;17;4;;;;21;1;2;;;;;;;;33
2;218;14;;51;3;37;;;;;;;;;;;;;;;;;;;;;1
3;153;89;41;36;2;;;;;;;;;;;;4;;;;;;;;;;
4;141;7;13;;;;;;;;;;;;;;;;;;;;;;;;2
5;286;44;14;70;3;59;27;33;42;24;5;114;92;34;;;85;81;51;25;6;36;16;;1;64;21
6;796;72;25;168;16;126;119;16;16;7;16;44;24;25;53;9;146;155;71;68;16;22;23;23;13;43;83
7;117;5;2;83;9;89;76;2;12;4;65;52;;1;;;2;;;;;;;;;;
8;978;107;87;203;14;164;115;2;3;35;159;33;57;15;11;9;193;95;79;71;6;80;36;1;;9;21
9;1165;70;79;178;11;32;65;94;58;52;38;131;234;36;8;6;188;13;8;;2;136;12;6;1;4;35
10;45;5;4;;;;;;;;;;;;;;2;;;;;;;;;;1
12;411;14;9;75;5;83;62;41;45;35;62;67;110;58;49;2;70;56;56;65;51;48;56;67;22;26;6
13;126;4;;;1;;;;5;;8;10;27;;20;;;;;;;11;;;;;4
14;640;10;16;82;5;80;69;53;36;131;78;112;125;80;140;110;343;194;78;83;23;94;84;28;16;108;55
15;50;;;;;;;;;;;;;;;;;;;;;;;;;;3
16;217;45;;2;;;;;23;;;;;;;;;;;;;;;;;;1
17;640;66;74;181;5;234;187;122;202;43;147;201;224;143;140;96;126;146;115;138;96;178;125;141;116;127;263
19;208;;9;2;6;5;2;;;;;;;;;;5;;;;;;;;;;2
20;49;4;3;5;;18;4;;;;;;;;;;;;;;;;;;;;2
21;808;79;147;66;26;103;43;155;74;30;194;101;176;107;222;60;223;112;115;18;34;28;12;20;10;80;135
22;247;87;88;48;8;26;8;24;46;29;38;17;50;4;11;6;76;10;10;21;11;4;1;3;3;53;3
23;705;51;131;142;26;124;143;64;74;97;136;120;139;93;168;93;200;122;108;111;26;77;53;24;25;147;64
24;783;87;90;58;8;144;22;19;19;13;8;51;25;14;36;7;110;22;4;13;18;11;5;19;10;72;61
25;114;;20;49;;;3;;;;7;17;4;;9;;1;;;;;;;;;;
26;319;18;;73;10;67;74;26;;;;73;88;53;;;137;66;22;;;53;11;31;;29;21
27;436;5;13;25;3;13;25;1;3;9;23;39;10;11;;4;56;23;19;16;;10;6;2;;8;23
29;725;19;63;164;12;226;184;136;203;137;157;184;133;91;107;149;347;267;233;205;187;151;181;73;61;267;157
30;98;1;10;;;;;1;;;;;;;;;;;;;;;;;;;
31;1210;59;85;116;22;241;183;137;83;94;118;147;119;91;53;75;326;122;147;141;89;89;131;217;93;201;162
32;296;22;20;6;6;3;4;42;15;24;10;48;23;7;2;20;28;1;8;4;7;11;12;18;4;38;13
33;78;23;16;;;;;;;;;;;;;;;;;;;;;;;;5
34;262;35;10;122;9;79;72;48;18;1;;;;;;;;;;;;;;;;;4
35;309;74;121;70;6;56;53;80;47;22;55;51;51;2;;;3;;;;;;;;;;2
36;85;4;7;;1;;;;;;;;;;;;2;;;;;;;;;;6
37;213;24;3;;;;;;;;;;;;;;2;;;1;;;;;;1;1
38;694;54;20;71;5;84;73;136;210;101;115;119;112;60;141;85;91;85;84;75;48;43;22;60;17;54;89
40;87;2;;107;4;52;;;;;;;;;;;;;;;;;;;;;
41;335;5;6;86;2;141;94;101;43;48;59;85;73;62;10;2;96;63;85;63;10;87;39;4;;50;11
42;330;16;72;1;1;2;2;;4;13;2;5;33;;;;76;37;15;2;;1;;;;;1
43;55;;;;;;;;;;2;11;1;1;;;;;;;;;;;;;
44;505;44;50;8;5;22;6;7;22;7;11;1;5;;;;47;15;8;;3;23;14;7;1;17;22
46;129;9;4;68;2;88;71;23;8;9;;;;;;;;;;;;;;;;;4
47;273;119;129;140;18;110;34;18;10;45;30;15;1;5;;;2;;;;;;;;;;15
48;44;6;;4;;;;;;;;2;;;;;;;;;;;;;;;
49;723;30;35;1;10;33;59;39;;18;10;23;14;;;16;109;;22;7;6;15;;20;;26;20
50;260;24;17;57;6;85;110;4;4;8;5;50;40;5;3;2;74;60;36;20;3;3;13;11;2;6;45
51;684;60;44;113;9;86;34;7;34;64;19;120;26;;72;;197;82;80;75;65;64;;;;;6
52;154;;75;19;3;3;;1;;;;;;;;;3;;;;;;;;;;8
53;434;21;18;105;11;99;68;65;70;146;49;111;158;56;49;23;117;77;105;159;11;64;77;10;32;113;49
54;327;;;;2;;2;34;5;12;9;6;9;2;2;3;61;;6;;3;1;6;8;3;46;12
55;533;19;6;71;3;73;29;18;8;9;11;76;78;51;;;89;53;50;60;2;42;68;;;86;6
56;74;52;2;;;;;;;;;;;;;;;;;;;;;;;;5
57;755;25;53;174;22;63;90;77;57;32;52;35;87;14;65;12;103;17;40;21;15;54;23;47;22;43;134
58;343;40;27;22;3;7;5;12;33;6;23;16;23;16;19;8;40;14;23;22;11;12;9;17;22;19;61
59;237;;;55;;4;1;;;3;;53;63;44;;;44;;1;;;22;;;;43;6
60;645;17;67;117;12;84;89;126;221;92;164;72;130;53;121;69;137;94;75;60;49;71;48;68;73;102;149
61;245;4;6;55;4;45;50;;9;26;105;79;87;40;;;116;109;68;111;1;103;44;12;;33;19
62;567;36;42;112;10;175;106;37;23;67;44;81;39;12;20;9;64;9;10;10;9;32;9;22;5;68;122
63;132;16;39;32;5;75;3;2;4;2;2;;;;;;3;;;;;;;;;;
64;527;72;16;69;6;101;22;92;31;4;35;33;11;7;29;2;11;1;3;10;6;18;13;16;5;24;16
65;50;7;2;;;;;;;;;;;;;;;;;;;;;;;;1
66;410;5;4;28;6;37;9;6;;;2;20;16;1;2;11;34;4;44;6;10;3;;;;43;5
67;542;25;22;66;15;84;68;43;66;52;17;75;91;57;47;19;49;66;98;90;8;91;63;19;44;123;63
68;716;94;128;79;8;78;83;136;180;72;88;130;156;82;163;96;164;112;118;137;73;147;79;66;28;38;58
69;373;24;27;61;10;95;48;38;52;6;;51;31;1;13;;87;65;46;10;2;27;18;13;1;36;15
70;353;23;88;37;21;91;12;4;7;2;;;;;;;9;;;;;;;;;;1
71;258;15;1;41;10;21;2;13;11;4;1;7;6;1;;2;5;;1;;2;11;11;9;;37;16
72;487;48;42;30;9;14;4;6;3;1;;4;7;16;13;6;231;68;166;1;7;1;1;1;1;1;3
74;599;76;94;94;7;92;70;38;18;50;53;91;83;45;8;6;193;80;88;77;63;56;59;8;10;57;23
75;395;30;11;94;22;115;83;50;14;21;2;104;63;55;14;;111;71;102;76;10;48;55;43;;10;10
76;14;6;1;;;;;;;;;;;;;;;;;;;;;;;;1
77;273;11;22;79;8;70;35;36;37;40;34;51;27;3;3;3;6;3;1;1;;;;;;;6
78;385;21;77;92;2;2;76;74;9;;23;53;19;3;18;;6;6;4;4;;15;23;10;;7;3
79;69;;;;;;;;;;;;14;;;1;;;;;;;;;;;
80;316;38;101;63;14;113;39;147;130;46;168;86;136;31;82;71;116;111;88;39;85;72;59;52;71;41;73
81;104;;6;3;;1;27;10;19;38;10;10;108;72;46;9;37;2;1;;;;;1;;;1
82;517;91;88;97;12;67;79;140;144;109;76;78;95;55;72;63;112;72;60;74;28;55;54;7;24;88;37
83;208;;49;12;10;13;;3;;;;;;;;;10;;;;;;;;;;
84;107;14;58;11;3;13;8;7;;;;;;;;;;;;;;;;;;;
85;269;66;47;80;7;82;62;34;31;33;56;97;102;72;103;17;91;69;69;83;8;85;77;17;2;79;12
86;105;6;2;;1;9;;;;;;;;;;;2;;;;;;;;;;1
87;588;5;13;145;5;239;206;68;62;25;55;220;95;60;7;;327;165;259;130;15;48;59;9;;128;37
88;430;25;31;53;7;6;3;22;;;;6;6;4;16;;30;5;1;3;;;;;;;2
89;582;70;26;80;17;92;61;111;101;75;85;122;147;82;73;56;62;78;84;93;52;66;7;14;8;65;8
90;68;4;2;;;;;;;;;;;;;;3;;;;;;;;;;
91;685;20;;;2;;17;;1;;;12;;;;;74;1;1;;;;;;;6;
92;531;19;16;66;9;61;54;16;11;35;17;97;81;59;37;4;107;45;40;69;22;34;71;19;13;51;63
93;340;6;28;80;1;61;68;74;9;;;;;;;;;;;;;;;;;;1
94;406;114;193;80;9;38;9;2;12;15;21;4;3;;4;2;61;1;;1;;;;;;;
95;681;55;49;20;5;15;32;29;18;9;14;25;16;11;7;6;70;4;9;12;18;18;8;12;8;11;18
96;582;56;15;203;8;130;128;66;107;33;42;116;81;38;1;4;203;77;82;60;3;65;37;;;41;10
98;59;1;;1;3;;4;;;;;;;;;;2;;;;;;;;;;
100;443;66;37;167;17;48;61;77;79;77;148;70;65;49;101;55;117;87;71;60;56;69;63;60;34;80;105
101;13;3;;;;;;;;;;;;;;;;;;;;;;;;;
102;372;53;25;71;9;61;75;95;45;25;69;121;111;80;17;12;196;80;53;90;5;104;76;101;24;44;56
103;78;12;;;;;;;;;;;;;;;;;;;;;;;;;
104;250;;9;8;;2;3;;;;11;9;69;1;;;5;19;;;;12;;6;;16;33
105;320;11;18;87;5;93;121;31;12;16;10;81;41;43;32;2;94;49;36;23;29;32;7;45;4;92;60
106;514;33;14;118;3;158;142;84;26;55;50;147;129;43;25;5;63;103;68;94;13;92;32;18;;1;5
107;290;7;5;17;7;103;57;48;4;25;6;18;67;52;27;9;93;17;14;13;14;15;17;23;7;82;39
108;1;;;;;;;;;;;;;;;;;;;;;;;;;;
109;3;;;;;;;;;;;;;;;;;;;;;;;;;;
110;594;99;147;238;10;42;87;8;5;35;;52;81;11;58;56;95;25;43;5;27;32;39;65;33;45;112
111;492;52;33;121;8;64;169;125;40;30;65;87;142;76;29;;228;143;130;98;12;117;63;13;1;;16
113;35;3;;;;;;;;;;;;;;;;;;;;;;;;;
114;926;53;41;90;9;41;42;22;55;41;10;74;78;53;18;;121;79;67;74;39;40;17;;2;74;18
115;1083;160;287;133;20;152;107;241;221;112;119;108;95;63;132;104;113;70;66;112;54;78;64;77;20;132;104
116;832;53;49;;8;17;20;5;48;;17;28;52;1;5;2;46;2;14;1;;25;6;4;;24;3
117;520;23;52;101;9;151;74;95;38;5;62;98;34;10;4;3;131;142;7;39;1;68;44;13;5;11;10
118;535;14;19;21;7;4;6;;3;11;;36;11;8;11;;49;12;12;13;19;9;9;11;5;6;17
119;4;;;;;;;;;;;;;;;;;;;;;;;;;;
120;158;8;3;67;6;1;;19;2;;;4;;;;;;;;;;;;;;;2
121;335;29;21;42;4;20;26;15;39;9;38;37;48;59;77;13;62;15;17;12;19;30;29;38;16;41;27
123;584;3;;5;2;;9;;;;;23;20;5;1;1;83;;;;;;;;;;29
125;237;50;28;47;5;83;48;4;6;16;64;94;89;34;8;;91;56;57;69;8;64;24;5;7;34;10
126;28;;;;;;;;;;;;;;;;;;;;;;;;;;
127;223;2;2;33;2;;;1;10;;5;14;31;2;23;9;73;17;12;3;11;9;7;9;11;9;16
129;31;3;;18;2;24;1;;;;;;;;;;;;;;;;;;;;
130;276;5;9;7;3;6;3;3;3;;;23;6;;;;64;;;33;6;42;18;5;7;2;
131;560;36;22;14;5;93;20;9;19;24;21;59;95;24;20;20;225;12;9;39;17;38;30;15;17;1;53
134;107;2;11;;;;;;;;;;;;;;;;;;;;;;;;
135;605;28;72;34;7;60;107;82;93;78;130;94;339;5;115;11;289;292;37;12;23;125;43;116;16;111;252
136;81;3;;5;4;8;3;20;7;;;;;;;;;;;;;;;;;;
137;348;73;134;100;20;111;44;;;;;;;;;;1;;;;;;;;;;1
138;413;54;16;109;8;108;101;31;35;19;5;68;120;29;53;73;157;53;24;45;;34;33;18;13;24;34
139;391;10;36;133;10;66;74;70;33;70;26;33;13;2;4;;64;50;85;66;11;11;45;6;17;6;52
140;859;22;36;62;5;39;98;45;129;59;66;35;54;34;91;21;110;76;86;52;6;37;66;40;77;96;111
141;77;15;9;3;4;67;4;;;;;;;;;;;;;;;;;;;;1
142;494;26;29;90;6;117;67;51;15;20;12;73;75;54;83;64;122;61;64;82;49;56;62;68;74;83;130
143;5;;;;;;;;;;;;;;;;;;;;;;;;;;
144;908;103;181;100;14;144;151;240;222;99;182;146;127;78;137;85;152;92;32;49;53;54;34;54;30;92;131
145;483;59;44;93;12;74;124;155;172;51;80;79;99;49;83;35;104;60;64;69;41;48;66;82;39;120;133
146;413;10;10;81;3;113;119;27;5;11;91;96;84;27;2;1;190;70;66;24;5;58;53;10;10;30;29
147;642;69;11;58;21;128;101;88;41;23;33;2;4;;2;;203;5;22;2;;;;;;;27
148;722;17;10;79;11;60;92;47;29;23;64;135;92;56;13;12;123;75;93;69;20;68;59;39;10;125;92
149;51;5;6;;1;;;;;;;;;;;;1;;;;;;;;;;1
151;625;22;5;55;3;58;58;2;8;18;;72;86;35;18;17;100;63;44;53;19;13;10;8;1;15;19
152;11;;;;;;;;;;;;;;;;;;;;;;;;;;
153;61;24;2;;;;;;;;;;;;;;;;;;;;;;;;1
154;561;73;12;90;10;120;14;85;43;4;37;54;11;4;3;;;;;;;;;;;;11
155;551;75;49;252;18;225;334;10;19;3;24;117;85;4;95;3;161;14;9;47;5;75;26;30;3;87;64
156;1099;57;89;167;38;82;8;110;20;14;90;;;;;;4;;;;;;;;;;19
157;752;4;11;147;11;57;111;48;16;10;10;62;94;8;68;;5;;;;;82;52;56;;47;33
158;72;2;;;;;;;;;;;;;;;;;;;;;;;;;
159;423;14;8;54;13;11;10;11;26;12;10;8;9;5;27;16;150;11;9;6;10;9;8;36;17;33;83
160;535;37;30;32;8;11;17;11;17;4;25;7;2;1;2;3;43;1;1;2;4;16;20;12;2;21;38
162;287;17;8;84;11;95;96;13;35;20;76;139;107;48;11;7;98;61;63;71;8;72;92;9;9;58;26
163;110;12;;1;1;;;;;;;;;;;;;;;;;;;;;;
164;558;10;29;139;9;118;119;38;28;35;36;83;90;48;9;;144;63;65;59;2;64;13;26;;45;66
165;370;4;10;71;2;43;32;;6;9;4;15;20;24;8;9;96;11;50;27;8;25;8;8;22;49;26
166;544;50;202;77;11;82;42;93;122;22;80;68;74;42;41;31;90;53;75;2;6;2;1;;;16;49
167;96;42;13;25;1;1;;1;;;;;;;;;;;;;;;;;;;
168;179;3;;;3;;1;;;5;5;1;35;;;;69;8;41;;3;9;14;8;;36;23
169;321;;;2;1;;18;3;16;4;22;9;;;10;;21;;;;5;13;18;6;3;24;27
170;383;32;;2;4;3;5;6;4;2;8;7;10;;;;97;1;5;;;20;1;3;;16;5
172;280;10;1;48;7;5;4;2;1;;2;49;80;2;;2;114;4;11;2;2;1;6;16;;45;
173;150;40;16;5;;;;;1;2;3;;;;;;;;;;;;;;;;
174;610;32;69;118;9;106;276;202;110;45;124;105;159;115;37;3;185;111;129;95;70;76;85;86;68;87;191
176;385;18;20;90;;134;130;44;18;36;85;69;51;10;32;25;86;10;7;32;22;38;55;24;14;65;41
177;309;38;;2;1;;;;;;;;;;;;;;;;;;;;;;16
178;621;46;41;244;13;265;272;144;126;61;100;237;289;244;65;47;375;176;164;168;40;241;193;15;17;243;115
179;670;32;53;133;15;137;137;19;59;83;60;145;93;67;43;5;154;120;96;119;49;81;96;107;74;157;114
180;113;8;;58;;70;59;33;1;;;;;;;;;;;;;;;;;;1
181;17;;1;;;;;;;;;;;;;;3;;;;;;;;;;
182;73;;;4;;2;6;;;;;5;2;2;2;7;3;67;3;3;4;85;35;10;2;45;18
183;1;;;;;;;;;;;;;;;;;;;;;;;;;;
184;117;16;;23;4;;;;;;;;;;;;3;;;;;;;;;;1
185;526;20;3;;10;24;13;2;;;3;30;29;;;2;;;;;;;;;;;2
186;17;;;;;;;;;;;;;;;;;;;;;;;;;;
187;150;22;62;2;;;;;81;5;9;3;20;;;;6;;;;;;;;;48;
188;538;32;22;87;18;101;96;104;68;78;45;131;138;70;47;32;201;89;132;97;29;107;82;32;17;120;41
191;631;56;35;94;15;43;14;39;36;22;68;68;30;8;10;1;71;4;28;32;14;6;6;18;6;16;52
192;182;;;;;;2;;;;;;25;;;;;;;;;;;;;;
193;359;76;104;55;8;68;51;118;88;44;5;25;7;3;39;13;50;2;13;6;16;1;2;7;;33;12
194;473;13;95;77;6;71;62;64;19;18;8;98;107;57;15;14;135;84;80;83;69;73;83;87;59;68;140
195;217;3;3;8;7;61;59;95;41;35;13;72;14;4;17;5;57;26;6;19;4;14;18;9;9;10;47
196;294;3;1;5;;;10;;;4;8;31;17;4;;;35;5;11;;;;13;9;1;34;74
197;505;28;20;63;10;95;72;26;35;16;76;94;109;78;27;19;145;79;100;91;80;70;68;14;15;57;78
198;127;20;1;9;12;3;;2;;;;;;;;;;;;;;;;;;;
199;87;3;7;17;2;23;10;;;;;;23;;;;;;;;;;;;;;6
200;374;18;15;123;10;90;74;14;;8;2;;;;;;;;;;;;;;;;14
201;529;10;13;57;9;58;43;19;43;28;38;31;287;6;55;1;163;44;51;16;3;15;;12;3;1;20
202;231;9;1;1;;;;;;;;;8;;;;71;;;;;;;;;2;2
203;1170;50;25;100;16;84;82;79;3;22;16;7;62;;14;;161;2;;1;;25;10;22;;66;48
204;826;121;114;82;12;75;67;62;146;44;17;98;75;45;16;9;112;77;61;64;5;36;23;2;27;29;33
205;719;19;34;6;7;14;11;13;11;10;13;30;8;9;14;11;114;5;8;4;;27;19;24;1;68;18
206;248;2;;4;2;14;5;;4;2;13;4;5;;;;43;2;4;;;15;2;;;51;6
207;97;25;37;115;;;;;;;;;;;;;;;;;;;;;;;10
208;389;44;45;165;6;45;6;8;3;25;35;18;4;1;21;1;9;;;;1;2;3;11;6;;87
209;9;;;;;;;;;;;;;;;;;;;;;;;;;;
210;295;35;50;85;5;74;62;26;25;16;61;101;81;45;24;50;75;66;48;62;38;39;2;54;7;41;104
212;411;51;6;1;1;29;27;12;64;18;40;7;50;35;42;14;34;;;;5;;;4;3;52;24
213;9;1;;;;;;;;;;;;;;;;;;;;;;;;;
214;182;5;2;8;1;25;19;;;;;14;;;;;6;2;;42;24;36;39;15;1;14;16
215;2;;;;;;;;;;;;;;;;2;;;;;;;;;;
216;73;56;6;;;;;;;;;;;;;;;;;;;;;;;;3
218;502;30;31;62;21;107;46;62;70;33;55;47;94;37;44;22;110;26;52;11;20;10;11;17;9;10;68
219;613;123;157;83;17;96;95;154;178;101;187;104;96;58;115;134;109;69;78;73;24;101;89;81;12;119;53
220;649;47;45;107;13;145;83;60;74;29;102;81;100;41;4;4;111;6;18;;;;;;;;2
222;333;16;4;57;4;60;48;34;33;27;56;75;66;42;10;3;82;51;55;64;49;72;46;67;63;66;102
223;411;43;20;125;12;110;86;75;133;38;30;80;117;58;142;6;188;89;115;52;46;58;60;43;29;91;82
224;268;29;14;191;4;42;1;2;;;;;;;;;2;;;;;;;;;;
225;764;56;38;16;3;94;35;2;26;14;7;30;9;4;35;1;53;4;4;6;16;26;8;25;;24;8
226;371;87;130;66;8;88;36;41;84;6;26;15;17;11;36;14;;12;;2;4;21;35;18;1;20;48
227;245;;;9;;12;;5;5;;2;11;4;2;1;3;38;10;6;5;2;20;7;4;2;8;5
228;307;20;18;11;14;27;3;16;41;16;9;17;11;14;12;7;44;16;9;7;11;5;4;4;4;4;6
229;265;96;150;50;;38;11;;;;;;;;;;6;;;;;;;;;;8
230;265;3;3;8;4;2;;7;25;7;23;7;9;1;;;23;;;;;14;;30;;35;49
231;20;;;3;;;;;;;;;;;;;;;;;;;;;;;1
232;184;26;138;33;6;78;31;;;;;;;;;;;;;;;;;;;;2
233;1181;37;174;154;21;131;196;250;323;113;175;122;200;77;182;66;161;101;88;105;90;112;75;168;93;195;255
234;1331;217;465;510;39;185;45;44;100;7;22;;;;;;;;;;;;;;;;5
235;131;19;6;2;2;9;15;4;1;;;;;;;;2;;;;;;;;;;2
236;73;7;1;1;;;;;;;;;;;;;3;;;;;;;;;;
237;360;17;1;76;4;11;13;2;;;2;10;;1;;;58;4;6;24;;21;9;6;;;16
238;555;105;196;109;20;95;88;19;102;72;109;113;86;49;121;74;124;52;61;91;78;87;82;86;14;63;80
239;204;;13;11;;1;1;;;;;3;4;3;;;23;3;1;1;;;;1;;10;7
240;211;28;6;125;12;93;16;;;;1;;;;;;;;;;;;;;;;4
242;96;68;70;51;1;1;;;;;;;;;;;4;;;;;;;;;;
243;101;22;3;;;;;;;;4;;;;;;;;;2;;;;;;;
244;832;83;73;82;6;25;41;108;10;30;75;32;46;4;18;1;55;16;14;3;9;13;17;48;44;3;103
245;1015;8;30;24;16;13;101;91;113;28;26;56;106;19;39;40;38;33;44;35;51;19;47;55;25;13;28
246;382;57;172;123;14;115;5;1;;8;2;;;5;;;4;6;2;7;;11;;2;;10;18
248;114;45;19;7;2;1;4;;;;;;;;;;;;;;;;;;;;8
249;576;61;68;99;7;25;13;6;3;1;10;80;29;;42;;51;3;21;3;3;5;6;30;;24;10
250;222;22;3;9;1;1;;;;;;;;;;;2;;;;;;;;;;5
251;257;24;;;1;;;;;;;;;;;;2;;;;;;;;;;7
252;316;80;64;5;2;9;9;7;20;2;29;7;32;1;21;2;12;2;4;2;4;;;;1;;2
253;202;31;15;54;3;13;19;5;;;;;;;;;;;;;;;;;;;
254;147;11;;17;2;1;;;;;;;;;;;;;;;;;;;;;
256;593;22;42;60;;6;26;77;44;11;26;20;8;5;10;7;47;16;11;23;17;8;8;16;19;19;35
257;248;69;50;12;7;7;3;;25;2;26;9;11;;10;2;2;;;;1;;;;;16;
258;806;53;6;24;8;46;40;5;17;;;44;91;1;;;102;28;6;13;;6;;1;3;10;12
259;494;63;29;199;19;278;253;395;172;134;385;356;203;186;230;135;233;173;180;183;195;194;108;201;140;218;208
260;273;6;5;;2;;;;;;;;;;;;6;;;;;;;;;;1
261;749;78;59;83;15;84;55;90;129;43;57;44;55;35;50;14;87;30;37;43;25;24;13;18;25;64;87
262;472;1;;7;3;6;25;52;19;50;21;44;64;10;21;7;156;16;22;23;12;22;29;9;6;47;79
263;696;39;13;1;4;;;1;4;1;20;8;22;;1;;3;2;;1;;19;6;1;;109;38
264;532;39;53;87;22;141;116;69;33;79;98;107;88;21;11;5;90;88;121;68;9;11;17;22;1;26;34
265;257;19;5;63;3;63;36;69;53;36;32;44;21;4;59;17;72;52;29;4;7;7;;3;;8;11
266;654;16;37;172;13;129;81;143;284;111;118;125;128;119;196;85;117;156;73;101;53;57;90;137;105;129;200
267;684;151;195;122;22;192;198;206;217;73;242;134;105;105;178;95;159;77;66;83;62;86;75;109;86;91;109
268;254;15;11;127;5;85;;;;;;;;;;;3;;;;;;;;;;
270;735;37;21;238;13;232;132;83;51;44;74;125;120;13;33;27;107;37;69;14;17;34;64;12;8;39;81
271;763;2;4;1;3;3;17;8;2;2;2;4;30;2;40;2;44;7;6;;4;28;33;11;5;2;9
272;350;8;11;77;13;49;33;52;10;30;6;91;102;33;2;2;93;77;79;74;14;6;12;22;;14;25
274;831;93;48;214;25;139;100;66;91;10;70;117;149;88;68;11;182;35;47;13;12;30;11;5;4;52;49
275;317;;3;1;1;;;2;34;23;5;22;3;4;19;;2;;3;;;15;;;;19;1
276;267;2;8;25;6;16;45;82;80;37;28;27;19;3;23;27;40;;18;;15;16;18;11;;41;59
277;1031;35;54;128;21;200;103;56;48;36;89;104;110;48;30;8;98;83;67;90;15;74;76;9;30;143;87
278;1233;65;67;61;9;22;11;48;15;66;4;8;54;17;44;4;37;6;21;12;5;2;;;;50;12
279;515;19;57;121;6;90;23;100;33;3;2;91;92;;;;167;85;21;86;55;2;;16;;14;46
281;286;18;7;40;8;24;;4;5;13;7;1;;;;;100;56;46;60;;;;;;;16
283;612;90;163;124;10;79;58;5;5;2;5;72;75;47;23;;124;60;74;74;7;93;107;13;;83;28
284;220;27;25;128;6;3;8;;;;;;;;;;3;;;;;;;;;;
285;385;106;182;61;1;;;;;;;;;;;;3;;;;;;;;;;42
286;71;13;19;30;4;8;5;5;4;3;6;;;;;;;;;;;;;;;;
287;505;53;119;62;17;85;37;74;74;31;33;47;46;17;66;2;70;14;12;9;2;34;11;35;7;48;95
288;711;84;24;41;19;11;2;9;35;4;22;13;37;;;;5;;;;;;;;;;19
289;753;;;33;3;61;52;;5;;16;56;74;41;7;20;75;31;18;31;9;27;31;38;2;30;76
292;586;14;14;218;19;113;47;73;58;60;1;153;99;96;4;10;253;140;39;78;34;64;68;3;14;65;15
293;97;8;10;20;5;4;3;;;4;;;;;;;1;;;;;;;;;;5
294;289;;;;;;;;;;;;;;;;51;5;6;2;1;1;5;;2;2;8
295;349;79;22;17;6;8;20;21;72;40;89;66;5;3;71;1;61;11;7;5;2;11;13;11;;19;49
296;2475;255;145;273;24;486;367;228;202;230;381;383;259;208;204;124;522;213;110;201;40;157;117;79;65;138;105
297;33;;;5;;;;;;;;;;;;;;;;;;;;;;;
298;68;7;67;;;;;;1;;;;;;;;;;;;;;;;;;
299;87;12;1;;;;;;;30;;;;;;4;;;;;;;;;;;
300;168;21;4;1;;;;;;;;;;;;;3;2;2;;;;;;;19;16
301;888;66;13;14;3;2;35;1;7;;2;7;20;;;;131;5;6;2;;1;;24;;73;39
302;868;118;101;105;8;157;151;97;141;119;371;92;112;67;92;14;166;91;82;147;30;84;70;18;23;164;61
304;412;16;;118;3;64;16;;4;5;3;16;14;11;;2;107;9;43;18;9;8;7;2;;11;2
306;167;15;4;80;3;84;65;25;12;;6;;;;;;;;;;;;;;;;1
308;340;2;66;19;3;;;;22;12;2;;32;;;;13;;;;;15;16;;;43;20
309;128;20;7;105;5;17;;;;;;;;;;;2;;;;;;;;;;3
310;303;23;14;78;2;64;54;88;49;21;20;75;58;24;22;6;122;10;13;52;17;45;23;27;17;91;25
311;50;;;;;;1;;;;;;;;;;;;;;;;;;;;
312;527;54;33;106;12;85;62;106;98;71;16;125;87;6;25;5;82;39;16;12;14;25;19;15;19;48;35
313;486;19;7;;5;6;17;39;31;51;44;24;35;9;29;17;110;57;71;26;18;14;43;22;30;44;7
314;836;23;17;20;5;10;12;18;1;1;7;22;45;2;42;;181;55;55;15;10;30;17;25;;65;115
315;891;7;16;1;;3;2;3;12;;13;11;26;;15;;19;5;16;;1;;;7;;8;21
316;212;6;9;50;13;82;30;43;10;3;13;47;58;19;;;54;5;;;;34;;16;;10;22
317;473;9;8;70;6;21;2;9;7;84;10;44;18;1;2;;137;78;75;30;15;22;12;17;9;46;36
318;578;12;1;51;13;60;68;26;13;27;10;61;71;30;17;14;205;55;68;71;16;62;12;15;23;25;6
319;16;3;;;;;;;;;;;;;;;;;;;;;;;;;
320;279;28;17;20;12;3;6;8;14;7;11;21;7;3;7;11;43;2;3;1;6;3;1;7;8;13;15
321;8;;;;;;;;;;;;;;;;;;;;;;;;;;
322;85;73;26;4;2;;;;;;;;;;;;1;;;;;;;;;;
323;151;4;1;1;1;;;;;1;;;;;;;5;;;;;;;;;;
324;220;27;25;91;19;77;19;;;;;;;;;;;;;;;;;;;;1
325;207;1;11;26;1;9;8;20;1;;;17;3;;;;59;1;4;3;;1;2;4;;3;21
327;344;18;14;175;4;112;67;61;38;4;77;96;94;3;36;10;106;65;66;79;14;73;54;8;;46;39
328;385;23;10;79;9;95;56;28;56;;29;39;8;2;;;;;;;;;;;;;4
330;94;1;6;9;5;;3;50;;5;4;1;;;;2;;;;;;;;;;;
331;991;145;26;69;16;73;32;132;142;78;125;86;54;32;38;7;139;68;11;7;24;26;17;89;82;33;90
332;20;5;;;1;2;;;;;;;;;;;;;;;;;;;;;
333;314;41;15;32;5;6;56;71;100;1;;6;20;;3;4;84;;;;5;;;1;;;17
334;13;;;;;;;;;;;;;;;;;;;;;;;;;;
335;1323;31;56;71;11;114;143;23;28;2;16;40;27;52;44;4;110;30;7;5;1;24;14;18;6;47;60
336;56;59;3;;;;;;;;;;;;;;;;;;;;;;;;7
337;537;8;18;3;1;1;7;2;17;;;9;;;;1;149;1;7;2;2;1;1;3;;;16
338;16;3;;;;;;;;;;;;;;;;;;;;;;;;;
340;746;72;87;2;3;1;22;42;;;19;17;23;5;11;11;78;11;11;1;3;10;2;3;;25;7
341;449;51;4;57;15;93;41;54;33;52;64;86;97;48;13;;72;34;51;59;6;9;16;10;;5;38
344;2338;297;417;91;10;287;233;127;83;28;221;139;156;39;98;5;120;34;55;1;;62;78;73;15;9;51
345;550;97;126;154;3;68;3;11;;14;8;3;29;;;;55;;5;6;3;;;1;;16;33
346;545;8;1;;2;45;47;42;76;29;15;107;97;54;95;55;183;113;79;80;31;83;43;13;;66;106
347;2242;304;181;73;6;29;49;208;301;53;260;311;379;94;258;85;451;182;208;192;171;187;116;137;42;60;194
348;208;48;8;100;13;85;24;64;5;1;;;;;;;;;;;;;;;;;
349;155;;;4;1;;2;2;;;2;48;10;13;5;6;3;1;;1;;;;;;;2
350;747;31;34;90;16;122;46;183;107;63;109;46;45;36;21;8;135;55;93;56;19;42;62;18;13;114;110
351;851;19;14;89;11;106;112;73;77;8;27;62;121;53;6;12;95;47;63;62;15;31;27;21;;27;51
352;416;10;17;90;17;159;98;54;34;48;113;87;129;49;20;6;191;79;68;71;11;66;70;7;7;72;41
353;216;26;3;73;5;39;10;;;;;;;;;;4;;;;;;;;;;1
354;387;33;30;84;11;101;98;71;110;7;84;22;24;2;3;3;13;2;2;2;3;2;2;3;3;2;18
355;90;28;15;4;;;;;;;;;;;;;;;;;;;;;;;17
356;1169;104;85;104;14;133;127;97;134;69;158;120;154;59;49;;128;110;70;84;2;70;80;41;7;84;55
357;1154;9;17;92;18;72;5;;;3;42;5;1;3;;1;336;38;55;65;8;51;45;1;;13;84
358;353;29;68;99;7;62;59;11;14;;15;71;106;52;60;3;133;84;77;61;3;18;9;10;5;28;16
359;197;18;3;;;;;;;;2;3;6;;;;39;3;7;;;;;3;;34;
361;296;26;69;16;5;68;54;16;90;47;34;35;36;3;44;;107;66;6;75;13;11;7;10;14;46;1
362;30;8;;;;;;;;;;;;;;;;;;;;;;;;;
364;60;31;;;;;;;;;;;;;;;;;;;;;;;;;3
365;131;11;3;4;;;;;;3;6;;;;;;;;;;;;;;;;1
366;98;28;4;;;;;;;;;;;;;;;;;;;;;;;;10
367;104;5;5;1;1;;;;;;;;;;;;;;;;;;;;;;29
368;752;31;20;96;16;102;95;53;41;78;88;107;58;22;39;11;94;19;17;9;22;9;26;1;11;13;28
369;128;1;;;;;;;;;;16;30;2;48;4;20;;;;;;;;;;
370;313;12;7;100;8;7;91;24;7;1;;14;22;3;23;10;20;1;6;;10;24;15;7;2;34;30
371;229;8;10;86;7;1;1;2;;1;;;;;;;;;;;;;;;;;7
372;615;18;24;22;12;7;32;93;6;26;13;79;73;53;50;59;93;20;5;17;14;26;14;15;9;46;36
373;57;;;;;;;;;;;;;;;;;;;;;;;;;;
374;320;11;6;34;2;2;75;64;109;28;18;71;59;49;63;70;120;58;78;69;41;7;4;13;6;4;35
375;555;1;19;83;9;75;51;15;41;6;21;64;93;31;64;36;36;2;19;2;13;19;5;6;4;137;122
376;307;14;2;52;4;85;32;1;8;6;105;13;44;2;5;3;29;1;6;;;23;6;4;;35;14
377;287;15;;74;;;;2;;;;;;;;;2;;;;;;;;;;
379;779;125;350;244;20;124;89;64;137;81;138;21;61;1;32;8;145;24;21;22;5;47;22;30;4;81;23
380;966;27;37;135;29;98;79;68;120;108;153;65;88;20;98;50;115;31;70;56;62;71;20;62;19;94;135
381;209;7;3;1;2;;;;;;;1;;;;;4;;;;;;;;;;6
382;815;126;129;99;12;99;56;158;145;147;78;99;118;62;101;76;161;88;81;69;64;90;92;63;29;67;83
383;509;69;98;107;11;67;86;108;89;116;107;97;59;43;35;41;129;68;65;24;19;22;15;18;21;53;46
384;205;16;10;48;5;7;9;10;13;10;2;19;5;1;;;62;10;20;6;20;22;10;14;4;58;7
385;340;8;45;115;4;135;131;110;153;56;9;104;118;51;39;20;149;74;76;2;28;50;2;8;5;77;73
386;337;29;53;84;6;125;16;69;37;1;17;86;40;11;68;2;73;7;;;;;;;;;4
387;313;114;27;124;12;115;111;62;52;23;10;22;14;13;11;22;114;24;6;47;20;14;14;24;14;14;39
388;49;13;24;6;;1;;;;;;;;;;;;;;;;;;;;;
389;98;;;;;;;;;;;;;;;;3;;;;;;;;;;
391;685;86;139;135;18;130;86;119;199;63;188;123;99;70;105;73;183;84;107;75;68;85;96;121;63;146;181
392;524;26;49;63;3;65;49;32;3;1;7;33;14;2;4;7;63;5;43;25;47;22;25;10;5;28;49
393;23;;;;;;;;;;;;;;;;;;;;;;;;;;
394;88;4;;11;;;;;;;;;;;;;3;;;;;;;;;;
395;906;32;118;118;14;109;111;225;161;139;201;82;101;52;101;65;145;67;88;62;61;36;11;22;8;48;69
396;374;13;5;82;1;39;41;81;23;77;55;7;7;16;23;2;65;5;2;5;5;6;9;5;20;19;35
397;1965;22;16;162;17;169;141;107;61;142;150;176;149;138;63;138;265;140;131;179;153;236;91;133;3;34;91
399;586;22;21;279;13;233;210;76;30;99;30;236;165;124;42;31;163;146;146;105;104;86;40;18;12;44;38
400;126;7;;;;;;;;;;;;;;;;;;;;;;;;;
401;13;;;;;;;;;;;;;;;;;;;;;;;;;;
402;532;15;7;2;3;;6;;;;;;;;;;34;;13;;;;;5;1;56;15
403;86;;;;;1;;;;;;;;;;;;;;;;;;;;;
405;338;7;;10;1;7;1;13;3;4;;;27;;;1;121;;4;;1;;;;;49;64
407;106;1;;;;3;;;;;;;;;;;;;;;;;;;;;
408;382;13;1;7;1;4;1;5;;1;2;35;18;6;5;4;101;5;9;2;1;2;11;17;;1;
409;425;25;15;3;8;29;20;111;101;50;76;19;10;6;9;12;36;6;3;7;;;;;;8;26
410;529;38;29;251;10;131;91;90;5;21;10;116;101;56;76;95;58;73;65;73;37;122;3;6;;14;4
411;320;35;21;103;9;162;107;68;28;2;;36;18;4;;;;;;;;;;;;;13
412;195;84;31;5;7;2;3;8;21;43;15;4;6;4;23;10;9;7;10;3;13;;7;23;2;47;2
413;837;1;6;1;;5;1;;2;;18;30;32;;9;;29;11;5;;;10;;11;;14;6
415;413;3;35;5;2;9;24;3;21;2;12;15;53;;1;;130;49;11;3;1;23;7;12;;34;22
417;277;31;;1;1;;;1;;;;;;;;;;;;;;;;;;;2
418;354;15;12;89;4;64;23;27;47;30;62;135;64;53;8;;157;27;26;5;3;3;5;;;3;44
419;90;12;;;;;;;;;;;;;;;3;;;;;;;;;;10
420;107;;22;1;;4;7;80;32;56;58;70;14;12;4;6;55;79;6;;;;;;;;
421;124;25;18;43;;;;;;;;;;;;;2;;;;;;;;;;1
422;245;15;8;124;6;138;87;73;50;1;8;66;13;2;3;;129;64;73;35;;58;61;14;12;42;18
423;405;39;7;48;7;66;48;52;8;70;1;121;110;66;20;6;23;64;23;21;;9;19;4;;39;52
424;659;118;150;15;12;15;14;23;113;14;35;35;31;8;49;18;98;18;18;15;21;15;19;15;9;18;26
425;191;36;1;;;8;;;;;;;;;;;3;;;;;;;;;;
426;154;7;8;72;7;1;2;48;;;;;;;;;;;;;;;;;;;5
427;39;5;;;;;;;;;;;;;;;;;;;;;;;;;1
428;892;27;13;89;2;75;95;35;47;51;61;109;107;57;41;5;119;87;98;127;4;69;68;7;20;73;41
429;633;1;3;23;10;15;14;19;50;15;24;53;124;52;103;51;26;60;124;83;69;30;17;42;7;64;88
430;55;4;;;;;;;;;;;;;;;;;;;;;;;;;
431;781;44;71;94;5;26;18;96;88;19;116;45;103;9;8;1;226;5;80;23;34;39;11;56;1;38;60
432;377;4;1;6;6;24;33;6;3;;25;31;2;3;;;21;10;1;1;;1;6;22;8;17;42
433;195;40;52;21;3;59;7;5;3;;;;;;;;;6;7;8;;5;;14;;7;4
435;684;149;37;74;18;101;18;52;98;35;100;36;95;75;74;11;117;71;83;86;75;80;70;54;79;76;113
436;442;22;2;201;16;197;10;174;48;1;6;6;8;4;18;2;51;13;12;3;5;8;9;7;3;11;13
437;1067;24;19;62;6;8;5;;;;4;31;86;5;5;2;89;5;16;2;5;16;11;;;28;6
439;539;45;14;119;4;75;61;39;46;65;65;110;151;52;56;16;207;170;92;92;41;70;70;13;27;92;50
440;137;4;10;81;;;;;;;;;;;;;;;;;;;;;;;1
441;353;31;39;25;4;5;27;5;11;;16;17;4;;4;;6;;;;;;;;;;6
442;525;18;3;66;7;10;12;1;8;;1;13;23;;;;151;9;33;1;;21;11;4;;30;12
443;239;8;11;123;6;9;;;;;;;;;;;2;;;;;;;;;;8
444;367;;6;2;;;1;6;;24;9;75;88;49;21;12;86;98;62;31;41;70;57;9;3;88;52
445;228;1;8;;;;;;;;;;;;;;;;;;;;;;;;
446;409;39;9;109;3;78;70;69;61;35;4;79;63;48;;;111;64;50;62;99;9;27;;;30;14
447;857;15;32;47;3;;1;2;3;;4;;60;;;;141;2;2;17;;;;5;;71;20
448;462;13;72;42;12;2;4;3;16;1;;6;7;2;;;121;6;72;1;5;6;5;;3;25;62
449;;6;;;;;;;;;;;;;;;;;;;;;;;;;
450;1393;49;62;22;1;10;11;17;87;44;87;28;20;2;35;3;234;59;19;2;10;42;27;56;12;15;151
451;171;5;3;;1;;;;;;;;;;;;;;;;;;;;;;
452;758;42;56;174;9;124;111;91;59;118;114;58;54;28;30;10;144;74;48;68;71;124;111;83;61;115;193
453;295;37;126;13;6;49;34;127;24;15;9;3;2;;4;4;15;;2;2;2;;;2;;3;1
455;522;32;6;67;7;71;59;87;125;60;63;98;65;41;66;72;67;97;63;65;63;89;71;74;23;23;43
457;1032;63;34;220;36;150;136;275;386;65;99;142;125;123;123;64;287;153;161;156;94;76;87;88;69;49;71
458;75;11;;8;;15;;;;;;;;;;;;;;;;;;;;;
459;401;36;31;105;6;83;39;81;50;;42;61;92;41;22;17;3;;;;2;1;;;2;1;8
460;909;76;132;123;23;118;129;98;184;71;150;56;68;6;55;44;143;151;51;35;42;105;16;47;5;44;86
461;545;74;144;221;21;176;112;262;166;69;60;161;133;50;90;54;150;60;19;16;57;50;40;13;31;31;37
462;63;21;46;91;2;33;3;;;;;;;;;;2;;;;;;;;;;
463;682;112;44;134;11;86;59;58;27;32;141;91;119;46;78;19;162;68;65;84;45;73;81;38;26;96;215
464;316;10;1;85;12;103;47;35;56;48;3;1;;;;;3;;;;;;;;;;
465;317;6;17;154;31;102;;;;;;;;;;;3;;;;;;;;;;12
466;348;83;160;23;19;70;138;109;99;14;80;51;21;8;2;3;20;;;;;;;;;;1
467;488;100;35;108;23;13;32;157;22;24;11;34;17;9;92;9;155;9;12;9;21;30;16;6;7;;36
468;495;44;27;192;9;189;105;53;45;48;61;98;158;65;46;18;42;70;66;65;1;53;34;20;;62;61
469;776;53;104;56;12;114;132;115;109;77;139;108;69;52;112;22;100;59;55;97;20;60;36;75;103;70;74
470;224;11;53;184;5;13;35;8;2;16;8;27;132;9;;1;165;54;87;10;1;14;2;9;;67;70
471;188;1;15;7;3;2;8;2;4;9;1;80;101;69;12;4;75;62;61;7;4;15;1;25;;27;44
472;446;28;31;77;8;3;41;152;7;7;2;165;141;76;123;78;202;88;66;83;11;25;20;29;2;7;58
473;466;79;17;98;3;75;50;37;37;40;88;82;75;53;10;8;114;92;116;89;5;72;95;11;18;112;36
474;316;16;;76;8;119;46;64;103;37;62;;;;;;2;;;;;;;;;;
475;874;19;20;285;11;249;122;14;28;14;24;265;226;131;177;26;286;141;69;2;21;75;70;38;2;79;60
476;473;48;45;72;1;57;74;117;124;79;43;80;34;23;96;12;90;62;51;82;42;26;71;47;93;16;26
477;733;144;127;184;17;165;80;118;112;78;39;189;274;128;175;102;215;136;144;160;118;125;95;122;93;90;62
478;483;65;125;64;15;120;74;171;123;54;144;55;88;65;70;72;179;54;68;67;40;55;50;59;44;106;107
479;17;;;7;2;;;;;;;;;;;;;;;;;;;;;;
480;922;101;88;99;11;121;93;91;221;121;128;114;90;11;15;2;87;71;46;8;14;34;54;48;5;50;48
481;815;50;49;98;9;73;64;21;39;25;31;123;65;64;74;9;75;49;53;43;25;44;38;20;4;39;16
482;662;;1;;;;3;18;5;18;;2;23;;;;;;;13;7;9;12;11;;32;9
483;836;24;15;58;15;88;76;33;61;33;171;92;83;59;36;15;121;8;31;29;9;17;8;7;6;35;59
484;431;173;139;103;12;69;51;121;98;64;74;60;30;2;39;13;83;10;22;10;4;36;10;36;2;77;16
485;592;38;54;81;4;104;64;50;47;76;104;105;126;73;60;82;97;66;80;102;62;64;74;77;76;107;38
487;145;51;3;2;;;;;;;2;;;;;;;;;;;;1;;;;
488;296;6;13;44;5;21;45;65;31;17;75;109;60;13;15;14;335;34;26;56;;31;2;1;18;134;47
489;1162;28;108;88;15;90;85;64;140;54;73;243;114;186;172;55;166;80;78;73;84;82;63;81;10;121;70
490;409;50;28;64;10;22;32;42;13;6;10;52;43;13;63;18;47;26;10;24;22;31;17;21;9;24;91
491;98;1;2;;5;;;;;;;;;;;;;;;;;;;;;;
492;256;27;50;66;2;;;;;;;;;;;;;;;;;;;;;;6
493;526;51;38;131;1;44;37;107;81;66;69;36;39;34;32;15;33;25;30;24;14;17;23;15;30;131;54
494;104;22;8;42;4;12;;2;;2;;;;;;;2;;;;;;;;;;2
495;480;16;14;111;10;93;81;4;25;;37;94;148;44;32;9;100;92;57;88;3;79;51;35;1;161;60
496;46;11;;10;;;;;;;1;;;;;;;;;;;;;;;;6
497;261;12;16;212;5;255;181;125;36;72;42;30;36;15;13;16;146;136;171;176;48;181;164;9;9;44;157
498;296;47;14;33;12;84;53;33;16;;;;;;;;69;;;;;;;;;;4
499;997;24;26;98;9;109;76;93;190;44;112;77;80;53;39;13;125;77;53;64;52;50;57;55;54;83;156
501;182;29;25;136;5;47;;;;;;;4;;;;2;;;;;;;;;;2
502;13;;;;;;;;;;;;;;;;;;;;;;;;;;
503;454;25;17;123;13;151;91;64;103;29;29;105;127;62;123;51;114;94;99;109;102;75;69;49;35;131;58
504;5;3;;;;;;;;;;;;;;;;;;;;;;;;;1
506;256;5;6;34;2;9;39;14;40;25;52;8;16;2;3;2;53;46;28;9;3;17;16;42;1;51;78
507;278;51;22;66;6;24;8;14;8;;4;4;21;;27;;43;1;;;;;;4;;11;1
509;555;9;5;89;6;38;5;12;13;3;3;2;6;;4;;15;5;7;4;2;3;;;;8;1
510;323;7;;;;;6;;2;8;;32;;;3;;88;14;2;1;1;11;6;17;9;38;38
511;641;32;33;130;16;93;95;142;201;69;29;74;72;48;102;86;97;66;77;72;72;60;80;109;65;59;14
512;1524;99;321;191;21;207;170;363;296;216;236;164;119;97;143;153;222;136;80;89;104;106;87;65;21;57;128
513;610;325;121;233;22;228;224;144;141;136;241;167;287;101;79;12;200;91;88;4;5;12;4;6;16;3;26
514;76;54;77;;;;;;;;;;;;;;;;;;;;;;;;
515;107;2;1;1;1;;;;4;;;;;;;;;;;;;;;;;;7
516;560;32;16;73;3;2;9;;9;18;8;14;62;1;5;3;74;58;5;40;6;7;5;15;14;20;66
517;825;8;27;263;19;260;243;109;42;47;221;166;200;48;17;;318;168;142;83;11;170;178;15;;126;105
519;32;;;;;;10;;33;;;;;;;;;;;;;;;;;;
520;33;;;;;;;;;;;;;;;;;;;;;;;;;;
522;49;9;;;;;;;;;;;;;;;;;;;;;;;;;2
523;251;;;;;;;;;;3;;;;;;28;;;;;;;;;;
524;191;2;;;4;;;;;;;;;;;;;;;;;;;;;;
525;1203;175;198;440;46;293;267;163;96;142;187;136;157;101;182;29;245;85;128;97;65;80;75;42;10;204;131
526;917;76;96;80;14;88;54;75;174;85;158;106;95;103;146;76;75;65;16;83;54;78;49;71;38;67;165
527;725;46;23;151;13;24;75;95;147;94;276;52;173;119;143;19;187;88;90;54;42;60;51;65;15;84;180
528;114;39;12;;;;;;;;;;;;;;5;;;;;;;;;;7
529;59;7;;;;;;;;;;;;;;;;;;;;;;;;;3
530;586;152;130;155;17;221;120;172;151;85;81;109;90;98;26;7;115;77;90;93;35;113;58;106;78;93;124
531;222;1;6;1;;;;17;;;;1;;;;;34;;;;;1;;;;;2
532;618;7;14;120;25;135;113;62;12;30;20;107;287;136;3;1;62;65;305;139;44;30;;;;;70
534;88;;;;;;;;;;;;;;;;;;;;;;;;;;1
535;682;79;32;88;17;127;93;76;148;55;112;104;91;73;90;14;143;92;77;118;88;80;67;117;98;124;100
537;67;2;;70;1;;;;;;;;;;;;;;;;;;;;;;
538;45;1;;4;;;;;;;;;;;;;3;;;;;;;;;;
539;625;;5;;;;;5;;;;68;66;27;1;;18;;;;;;;;;33;44
540;584;8;40;135;;27;23;23;35;34;16;44;57;2;51;2;76;17;28;5;17;18;9;7;7;19;86
541;98;5;;;3;;;;;;;;;;;;;;;;;;;;;;
543;92;23;1;1;;;;;;;;;;;;;;;;;;;;;;;
545;14;;;;;;;;;;;;;;;;;;;;;;;;;;
546;749;16;79;17;2;3;10;32;151;49;25;46;28;9;34;10;3;;13;;7;13;12;9;8;36;4
547;76;5;;3;;;;;;;;;;;;;;;;;;;;;;;
548;88;61;;;;;;;;;;;;;;;;;;;;;;;;;4
549;1220;138;212;147;15;100;126;191;196;93;139;49;134;45;79;61;308;110;102;105;49;109;69;71;39;147;144
550;131;15;;45;2;48;7;4;6;3;3;;;;;;3;;;;;;;;;;5
551;128;83;94;31;3;1;13;;;;;;;;;;;;;;;;;;;;
552;1222;9;13;28;2;33;37;22;14;10;4;91;31;1;;;121;37;9;1;;21;25;3;;25;31
553;504;32;100;76;10;77;128;136;68;69;79;74;65;56;76;3;115;77;67;66;43;77;71;97;59;85;102
554;922;71;81;84;12;139;148;236;174;102;121;112;89;80;163;99;113;93;86;81;48;61;86;108;57;69;159
555;106;;;1;;;;;;;5;1;;;;;;;;1;;;;;;1;1
556;76;4;;61;;;;;;;;;;;;;;;;;;;;;;;
557;59;15;;;;;;;;;;;;;;;;;;;;;;;;;6
558;386;41;169;25;2;;;;;;;;;;;;5;;;;;;;;;;24
559;7;;;;;;;;;;;;;;;;;;;;;;;;;;
560;163;18;7;21;1;40;30;;50;12;;21;5;;31;4;19;;;;;;;;;;
561;750;77;185;191;12;85;24;2;110;3;115;;;;;;6;;;;;;;;;;1
562;198;;4;;1;2;3;9;16;7;1;7;7;2;3;4;91;49;5;4;11;29;5;13;11;30;20
564;467;41;32;39;9;29;25;119;104;3;37;59;52;10;13;31;138;24;8;3;10;39;55;35;9;56;66
565;77;38;19;2;;;;;;;;;;;;;;;;;;;;;;;
566;65;48;3;;;;;;;;;;;;;;;;;;;;;;;;9
567;395;46;20;29;2;9;8;62;39;;19;40;83;4;49;;160;34;61;49;36;23;33;52;21;57;114
568;232;23;7;64;9;64;47;31;7;;;;;;;;;;;;;;;;;;3
569;330;15;2;81;6;7;8;1;22;5;7;10;10;2;38;14;57;48;1;;;9;6;5;;12;11
570;677;7;35;10;;10;54;43;73;6;57;36;20;2;35;;83;82;115;84;50;75;55;78;64;104;137
571;397;41;38;88;11;96;70;98;47;45;72;107;114;119;44;17;95;61;77;83;13;82;84;16;31;119;32
572;913;101;232;246;22;270;106;160;160;192;163;193;222;77;172;92;299;187;117;116;89;153;72;86;92;81;257
573;758;16;30;62;8;49;49;71;39;66;71;36;38;7;6;6;87;13;15;18;26;21;20;26;33;34;20
574;183;21;5;6;1;;;;;;;15;;;11;;35;;;;;;;;;;1
575;177;;4;21;;;5;;;;11;10;15;;8;19;2;;;;;;;;;;3
576;1220;33;251;336;11;120;53;155;47;78;63;137;136;76;44;57;137;173;94;117;55;62;11;12;15;34;25
577;1272;31;86;119;13;74;96;68;88;51;106;140;90;93;66;21;154;76;88;91;14;89;64;53;49;114;70
578;652;54;9;99;9;81;78;29;;;3;183;122;33;28;16;122;142;16;23;8;29;19;27;1;37;48
579;324;2;7;232;2;114;22;75;16;;2;;;;;;;;;;;;;;;;
580;262;10;4;77;2;49;58;37;12;17;36;50;67;21;;;64;28;37;21;1;58;12;13;;24;9
582;320;8;6;4;9;4;14;;;;;;;;;;;;;;;;;;;;1
583;603;96;102;77;4;95;65;89;129;44;15;204;207;24;40;13;116;88;118;157;25;49;22;374;38;40;424
584;119;10;2;14;3;1;5;2;;;;;;;;;;;;;;;;;;;1
585;353;1;1;33;1;39;3;1;;;;3;2;;;1;20;;;;;5;;;;13;10
586;278;;;1;;;;;;;;;33;;;;50;;;;;;;;;;10
587;56;1;;;;;;;;;;;;;;;;;;;;;;;;;5
588;283;;;;;;;;;;;17;4;;;;18;;;;;;;;;;1
589;178;1;5;;;5;1;1;;1;3;3;10;;20;;46;38;4;2;;8;5;27;;28;
590;1871;33;45;330;42;192;243;118;79;97;156;137;107;7;;13;219;23;18;11;41;72;11;34;;69;61
591;27;;;;1;62;7;1;;;;;;;;;;;;;;;;;;;
592;4;2;;;;;;;;;;;;;;;;;;;;;;;;;
593;475;45;35;123;6;68;35;62;44;11;12;13;12;;12;;87;22;18;7;11;;;10;;22;27
594;51;16;1;;;;;;;;;;;;;;4;;;;;;;;;;
595;443;93;112;67;9;54;54;96;86;46;34;6;;;;;1;;;;;;;;;;12
596;7;;;7;;;;;;;;;;;;;;;;;;;;;;;
597;774;90;118;125;2;79;71;101;86;41;101;131;76;44;79;61;100;52;65;65;42;52;44;25;2;36;33
598;729;36;53;124;19;204;106;20;109;126;62;123;139;53;10;13;87;88;87;102;19;110;73;50;20;114;143
599;625;17;16;76;4;5;12;10;26;13;15;47;27;12;38;13;51;2;11;15;13;20;16;34;25;46;22
600;3;;;;;;;;;;;;;;;;;;;;;;;;;;
601;1150;163;197;151;7;206;171;251;216;132;325;181;173;131;200;140;160;130;123;167;71;129;134;159;119;181;246
602;318;16;12;80;7;95;56;7;;;6;11;18;;;;54;4;;;;;;;;;4
603;11;;;;;;;;;;;;;;;;;;;;;;;;;;
604;296;47;57;10;12;183;95;239;106;;10;;;;;;;;;;;;;;;;2
605;251;7;18;63;1;80;49;27;70;20;16;83;88;49;102;67;78;76;78;125;58;56;70;58;48;29;41
606;45;4;3;;;;;;;;;;;;;;;;;;;;;;;;6
607;76;27;49;3;1;;;;;;;;;;;;1;;;;;;;;;;7
608;355;44;97;59;8;86;66;139;131;71;114;91;108;65;78;;72;10;1;;8;3;2;21;;;124
609;138;24;11;36;;;2;;;;;;;;;;;;;;;;;;;;7
610;1156;106;75;340;16;248;280;166;196;188;194;211;195;174;101;10;279;125;192;263;100;249;204;184;176;268;124
611;224;3;4;133;8;104;26;1;1;;;;;;;;;;;;;;;;;;
612;263;6;9;69;3;;;;;;;;;;;;;;;;;;;;;;
613;298;20;1;6;3;2;3;;;7;5;9;56;3;5;;16;18;35;27;4;1;;;;41;30
614;644;61;12;127;10;124;102;79;47;16;22;112;126;136;96;6;126;125;196;130;45;147;107;44;45;24;34
615;716;6;23;126;15;295;228;100;121;53;82;204;306;140;59;26;282;169;146;127;24;197;99;102;33;184;137
616;782;18;14;79;22;97;92;206;221;105;157;126;89;55;145;76;144;105;89;104;21;76;75;76;98;101;140
617;819;42;86;163;12;23;34;136;116;52;19;97;67;57;35;24;94;23;32;10;21;32;8;;4;36;34
618;310;2;;1;;;;;;;2;;;;;;;;;;;;;;;2;10
619;105;21;18;4;5;;12;226;84;2;;1;;;;;;;;;;;;;;;1
620;39;;;;;;;;;;;;;;;;;;;;;;;;;;
621;357;5;6;11;3;2;8;1;1;;2;19;18;;3;;42;6;;;;6;;16;;47;11
622;623;8;18;117;4;82;30;121;89;79;134;72;84;14;75;22;108;31;38;38;48;48;39;42;19;54;105
624;146;15;1;;;;;;;;;;;;;;2;;;;;;;;;;
626;152;4;;2;2;;;;;;;62;;1;2;;;;;;;;;;;;1
627;538;48;18;41;20;39;47;20;21;9;23;28;34;12;6;2;74;5;17;6;8;6;3;5;2;38;37
628;500;50;1;57;1;87;78;38;2;45;18;49;122;41;9;;54;49;79;64;24;43;4;50;11;63;53
630;131;4;7;84;4;75;5;86;95;63;200;36;;;;;;;;;;;;;;;
631;685;85;85;73;15;50;48;106;106;45;52;52;30;13;14;11;50;5;6;3;3;18;10;20;;3;4
632;453;26;19;69;7;82;65;37;38;46;137;77;107;51;40;11;87;70;68;88;17;52;57;5;18;122;34
633;14;26;1;;;;;;;;;;;;;;;;;;;;;;;;
634;330;22;39;110;9;25;7;50;53;3;14;23;43;2;10;8;154;40;5;29;11;1;1;2;14;10;26
635;1409;3;21;177;24;93;100;143;144;115;57;87;94;83;106;56;146;49;62;74;56;97;43;65;51;38;53
636;104;19;2;6;;;;;;;;;;;;;3;;;;;;;;;;
637;224;17;;48;3;6;10;40;12;23;1;55;61;37;;1;68;46;46;41;;17;12;17;4;27;4
638;602;44;13;89;16;93;81;104;34;69;106;86;47;10;36;13;108;40;23;29;22;32;12;39;11;86;89
639;394;12;22;146;6;133;49;81;41;36;82;116;125;61;14;3;111;71;87;6;3;31;44;3;8;46;55
640;467;36;47;130;14;161;64;48;39;32;50;81;194;85;98;67;156;53;30;3;3;;;;;;1
641;2502;216;546;429;29;228;127;312;365;226;214;253;226;113;210;112;646;234;206;134;96;153;116;137;113;279;255
642;757;57;49;62;7;43;24;83;41;35;59;58;62;69;52;10;62;44;83;13;9;28;8;28;16;18;61
643;420;22;6;85;5;71;51;61;28;33;86;79;73;35;12;2;131;85;125;117;16;70;99;22;4;30;48
644;766;20;7;72;7;66;70;41;31;55;40;121;90;52;50;14;69;51;45;60;18;74;85;27;;97;61
645;111;2;2;;1;;;;;;;;6;;;;50;7;24;10;2;;;;;;
646;510;12;29;4;2;7;8;;11;;2;;;;2;;22;1;4;;;;;;;;
647;181;;;;;;;;;;;;;;;;;;;;;;;;;;
648;854;144;199;228;39;199;190;248;191;103;56;132;168;93;109;19;311;107;112;107;1;113;10;38;3;10;71
649;92;;;;;;;;;;;;;;;;;;;;;;;;;;
650;219;24;23;81;5;63;57;36;59;27;57;64;64;46;27;10;;;;;;;;;;;4
653;503;18;17;20;3;17;23;14;14;9;37;74;19;5;24;9;101;48;27;6;1;27;;15;;23;35
654;466;24;8;140;6;106;129;66;42;18;18;112;151;62;29;;142;142;115;78;4;90;29;54;10;45;17
655;99;17;103;89;1;1;;;;;;;;;;;;;;;;;;;;;3
656;403;65;27;30;1;35;;;4;;;;;;;;3;;;;;;;;;;16
657;621;40;33;87;14;28;38;87;51;17;32;80;50;22;16;4;126;53;21;4;8;21;40;42;6;53;70
659;1159;67;82;53;9;20;18;30;94;20;57;31;18;11;47;4;129;19;9;19;10;22;15;17;5;14;99
660;98;3;;;;;;;;;;;;;;;;;;;;;;;;;
662;285;17;26;72;2;73;67;40;39;49;68;93;91;63;72;73;80;62;63;61;54;59;60;81;65;106;138
663;100;20;11;4;3;1;;;;;;;;;;;;;;;;;;;;;
665;523;14;10;127;2;74;54;4;6;15;3;21;61;72;18;6;17;2;;;;14;16;10;;31;9
666;1018;10;4;83;21;108;87;34;42;11;36;98;122;63;18;6;316;121;166;95;61;114;83;14;49;89;52
667;396;54;61;19;11;60;36;122;187;157;105;30;35;17;157;11;160;127;110;57;143;114;16;55;9;55;18
668;108;6;;2;;;;;;;;;;;;;;;;;;;;;;;13
669;1008;23;55;98;17;80;74;91;42;4;11;6;47;12;6;;146;113;156;118;53;27;62;32;11;30;19
670;555;16;22;61;5;93;82;131;42;86;44;128;111;63;3;;102;66;91;71;33;84;75;18;8;94;29
672;152;;9;1;;7;;;;;;;1;;;5;;;;;;;;;;;
673;277;43;19;166;8;3;1;;;;;;;;;;1;;;;;;;;;;3
674;44;;;;;;;;;;;;;;;;;;;;;;;;;;1
675;112;;;;;;;;;;;;;;;;;;;;;;;;;;
676;128;13;4;;2;;;;;1;;;3;;;;86;48;1;;;;;;;;1
677;345;63;73;74;8;72;56;90;90;49;36;56;60;48;79;56;122;94;89;70;52;49;53;37;48;54;110
678;204;39;109;95;12;25;11;9;18;;5;20;17;14;1;3;3;1;;2;4;1;21;3;3;5;14
679;16;34;;5;;;;;;;;;;;;;;;;;;;;;;;
680;510;12;20;172;4;149;66;31;3;8;;80;88;45;54;10;103;26;10;;;;;;;;
681;66;;2;;;;1;;;;;9;9;4;5;;;;27;;;4;3;6;;3;3
682;386;26;76;52;2;72;45;69;50;9;17;18;16;4;4;11;54;28;2;1;2;8;11;3;6;12;39
683;7;;1;3;;;;;;;;;;;;;;;;;;;;;;;
684;514;4;15;48;6;63;56;87;84;59;87;63;67;47;104;66;60;50;65;66;40;56;53;55;59;87;133
685;587;20;13;61;9;13;3;1;19;8;4;;54;12;1;;54;43;2;1;;3;;;;;6
686;188;11;1;69;4;47;49;28;;;2;1;;;;;2;;;;;;;;;;1
687;291;34;11;3;;10;12;16;15;10;4;14;5;4;23;15;40;11;9;10;7;16;9;10;5;12;15
689;383;39;36;105;7;117;35;4;;23;11;107;106;68;83;2;131;119;101;103;6;80;85;31;4;43;37
691;492;41;79;152;17;114;92;77;120;80;70;126;193;51;22;19;288;138;135;87;67;110;73;58;71;115;101
692;15;;;;;;;;;;;;;;;;;;;;;;;;;;
694;268;53;70;45;11;71;18;73;49;3;6;21;20;9;50;21;101;23;7;;10;30;3;13;;102;104
695;1270;;7;;;20;24;15;15;37;5;51;94;14;1;4;59;25;19;19;8;28;20;20;27;63;37
697;114;38;13;;;;;;;;;;;;;;2;;;;;;;;;;1
698;11;1;;;;;;;;;;;;;;;;;;;;;;;;;
699;489;10;2;21;7;27;29;;1;12;3;3;28;1;7;;41;8;24;19;20;17;1;13;;30;22
700;230;14;63;15;6;2;;4;14;;;;;;;;2;;;;;;;;;;
701;448;2;1;;7;2;8;7;;17;28;1;10;;;;60;17;7;;;18;11;19;;81;24
702;357;20;30;74;3;92;50;104;113;74;76;65;81;80;103;79;70;61;80;67;45;78;69;64;64;68;97
703;860;27;35;117;24;235;129;118;101;56;96;168;149;79;126;91;191;116;108;103;17;42;28;37;18;30;116
705;223;40;56;60;4;85;59;14;;;;;;;;;;;;;;;;;;;3
706;295;;5;67;5;132;96;107;131;79;61;115;89;78;4;3;2;1;1;;;;;;;;12
707;299;56;14;14;1;2;14;;2;;;9;2;;;1;5;;;3;;;;2;;3;17
708;1517;86;57;174;10;168;103;95;246;155;175;143;172;72;175;117;412;64;97;93;85;49;63;65;74;67;145
709;577;1;29;137;8;76;104;100;71;12;6;87;99;116;165;101;102;65;60;94;72;100;68;58;81;130;128
710;1215;38;10;113;10;128;172;64;24;109;44;159;115;60;29;5;175;71;94;18;9;56;29;120;28;91;121
712;916;82;89;84;18;153;94;126;143;63;96;84;150;59;88;64;86;101;77;75;43;36;78;70;2;67;42
713;371;50;26;75;4;31;2;9;9;;35;17;23;8;64;;91;1;3;;6;22;14;50;5;59;30
714;162;12;3;4;3;24;;;;;;;;;;;3;;;;;;;;;;8
715;90;;;;;;10;44;;14;;50;61;7;;;2;;;10;;3;9;8;;36;27
716;55;;;;;;;;;;;49;6;;;;;;;;;;;;;;
717;909;49;45;174;15;163;140;75;49;50;56;140;128;108;94;26;160;163;129;76;32;64;69;9;42;129;98
718;408;35;63;95;9;97;56;121;121;37;48;71;71;99;89;73;95;70;90;116;45;66;64;82;65;106;131
720;201;;3;7;1;9;10;;;;4;20;51;1;;;65;53;39;41;;31;26;1;;34;18
722;565;88;44;69;6;7;36;51;38;12;;55;27;;;;112;74;;17;14;71;2;;;46;21
723;674;51;16;25;2;47;17;70;51;22;10;39;13;4;25;7;58;8;16;13;20;23;10;47;7;31;38
724;1385;16;68;125;7;152;119;111;19;4;12;33;39;18;18;15;135;22;37;2;18;60;14;31;16;87;196
725;684;35;46;110;26;90;76;7;5;19;55;80;116;141;58;10;115;44;30;37;28;71;35;12;21;165;56
726;1217;160;70;369;28;160;164;191;174;164;243;193;193;134;158;92;240;73;149;82;20;92;75;29;53;97;182
727;331;38;21;273;12;258;185;3;;1;;1;1;1;;;;;;;;;;;;;14
728;402;10;3;12;8;12;15;9;18;4;8;17;27;6;33;17;103;18;14;10;9;14;31;22;7;30;84
729;369;16;21;218;2;6;6;21;3;26;6;17;10;10;18;9;82;6;6;7;9;1;1;;;2;32
730;508;16;12;57;2;68;45;29;37;37;7;73;85;43;8;;112;54;92;56;7;56;53;16;2;86;39
731;754;164;43;14;12;69;75;13;59;44;73;39;51;13;40;1;139;55;21;5;14;85;33;60;19;30;89
732;1203;187;129;372;32;278;192;42;178;70;15;140;132;13;51;10;526;168;172;140;16;128;70;95;3;129;222
733;649;50;180;68;9;111;73;137;121;65;60;87;64;46;87;76;131;57;52;66;57;56;51;55;61;66;123
734;810;93;53;58;21;15;69;76;175;40;20;79;53;30;11;12;297;55;67;16;8;37;;17;1;13;60
735;404;88;129;37;8;38;28;42;181;13;111;13;91;;27;;5;;;;1;;;;;;
736;381;70;12;3;2;9;3;23;28;11;4;8;6;;6;4;62;13;6;4;2;;;;4;;17
737;380;35;12;9;1;24;5;34;23;21;18;32;11;;6;6;39;3;5;1;1;2;2;4;1;6;10
738;632;107;50;17;8;21;16;5;27;48;19;38;21;4;8;4;71;;5;;7;17;22;23;8;11;68
739;594;49;18;89;3;70;83;40;55;61;64;94;129;120;121;86;104;81;58;60;58;53;95;49;46;55;42
740;276;29;12;75;3;57;60;31;48;32;13;44;53;37;36;7;70;56;25;4;12;20;2;10;;18;11
741;403;26;22;37;13;72;64;163;126;45;56;104;132;83;91;16;67;56;54;10;8;9;8;19;7;58;57
742;1195;116;22;78;19;101;56;40;116;49;53;46;66;7;81;9;98;34;42;21;20;47;18;42;15;55;50
743;20;;;;;;;;;;;;;;;;;;;;;;;;;;
744;383;88;45;175;15;195;118;83;39;89;47;;;;;;3;;;;;;;;;;1
745;105;15;5;;;;;;;;;;;;;;;;;;;;;;;;1
746;297;9;17;86;5;54;73;60;91;56;71;47;20;6;16;42;;;;;;;;;;;7
747;884;66;44;283;37;229;245;165;76;193;36;33;35;2;2;;218;57;44;18;10;30;13;15;2;7;99
748;364;8;1;;;;;;;;;;42;19;;;66;;;;;;;;;;2
749;967;12;;28;7;32;11;71;6;17;16;18;40;7;10;;105;14;78;15;4;16;8;23;10;43;54
750;161;36;18;68;5;4;3;2;;;;;;;;;2;;;;;;;;;;3
751;366;11;15;2;6;15;28;25;44;38;19;5;10;;7;2;62;18;;20;20;12;2;3;;6;4
752;271;16;2;12;3;6;11;9;16;11;7;21;40;2;10;1;51;17;18;13;2;9;2;21;1;39;28
753;622;10;13;156;4;191;100;154;108;95;154;115;101;71;142;17;172;144;88;82;48;107;80;103;5;128;62
754;935;2;;161;12;222;130;58;34;58;62;114;99;92;7;;131;65;71;64;13;67;60;13;3;53;6
755;777;7;45;35;10;45;32;48;31;11;97;67;51;17;13;20;111;46;32;17;47;75;58;41;9;87;104
756;3;;;;;;;;;;;;;;;;;;;;;;;;;;
758;1389;88;161;199;39;231;191;205;326;171;377;242;232;102;345;122;221;138;104;141;153;273;145;270;139;198;364
759;15;5;75;85;;72;26;;;;;;;;;;;;;;;;;;;;1
760;251;25;1;57;3;63;5;29;18;21;2;49;68;42;;;56;;10;;;;;3;3;16;14
761;467;151;110;136;2;145;103;175;206;69;171;82;48;5;23;;2;;;;;;;;;;
762;513;216;115;120;8;165;115;177;132;34;38;38;227;69;116;82;148;120;80;9;33;48;2;19;19;49;79
763;1186;58;32;22;7;8;20;61;49;26;21;104;26;10;33;3;104;21;70;39;29;37;5;50;24;37;104
764;174;25;10;79;9;68;54;1;1;2;6;4;5;3;1;1;8;4;3;6;2;;;;;;3
765;404;3;9;28;9;7;13;21;97;35;32;6;10;7;2;1;27;10;10;7;2;4;4;2;9;3;27
766;1;;;;;;;;;;;;;;;;;;;;;;;;;;
768;34;2;6;;;;;;;;;;;;;;;;;;;;;;;;1
769;648;60;14;85;7;43;3;23;38;11;31;4;;;;;2;;;;;;;;;;5
770;97;26;1;;;;;;;;;;;;;;2;;;;;;;;;;
771;1212;26;14;22;8;48;7;83;30;18;50;102;125;11;35;5;114;62;25;57;9;31;5;21;1;72;49
772;488;27;41;93;19;79;72;74;52;21;42;73;67;44;24;3;54;61;55;69;7;66;53;22;20;101;15
773;104;20;3;132;3;60;;;;;;;;;;;;;;;;;;;;;3
774;103;;;;;2;;2;;;;;;;;;2;;;;;;;;;;
775;822;35;14;75;9;122;80;186;190;85;42;157;148;81;171;99;107;88;110;107;90;99;41;101;27;142;175
776;183;14;41;12;5;6;2;15;7;;8;;;;;;;;;;;;;;;;3
777;385;6;7;117;14;92;72;75;10;;;;;;;;3;;;;;;;;;;8
778;218;38;3;107;9;27;23;;;;;;;;;;2;;;;;;;;;;6
779;518;47;26;105;9;116;80;25;5;34;13;57;96;53;78;89;90;78;113;84;52;72;73;57;35;64;47
780;642;61;12;71;6;80;94;35;31;35;62;86;93;48;51;10;62;63;67;81;24;66;68;12;31;71;82
782;962;45;31;86;4;87;98;122;113;42;56;106;141;12;75;9;114;81;63;97;53;77;65;15;48;68;76
783;111;2;;2;;7;;;;;;;;;;;3;;;;;;;;;;
784;12;2;;1;;;;;;;;;;;;;1;;;;;;;;;;
785;76;;;;;;;;;;;;;;;;;;;;;;;;;;
786;650;44;30;109;15;109;117;103;54;14;14;93;101;70;133;22;175;97;67;122;39;13;;30;12;26;64
787;19;3;4;;1;;;;;;;;;;;;;;;;;;;;;;1
788;370;53;56;91;15;102;69;124;180;23;66;109;71;56;93;66;111;90;86;60;46;65;27;27;2;53;31
789;704;59;31;58;8;107;91;83;39;63;63;96;46;46;104;69;97;107;50;58;41;76;72;68;12;82;66
790;788;16;8;80;6;77;87;45;39;40;10;109;91;66;28;2;127;75;77;79;24;91;68;14;20;64;30
791;310;16;15;101;6;77;66;50;29;33;92;85;107;50;;;6;;;;;;;;;;4
792;537;10;3;23;5;;3;;42;;15;7;32;1;10;;19;;;;;;;8;;30;2
793;145;43;;2;;15;1;3;2;3;9;;;;;;;;;;;;;;;;
794;688;38;51;94;17;110;37;12;7;47;39;78;112;2;88;6;126;30;6;4;21;46;67;48;5;85;68
795;590;32;9;26;5;4;3;24;23;;;19;12;;5;;31;;37;;9;;;3;;;5
796;888;30;20;48;8;61;33;14;111;31;19;61;36;26;46;10;19;;47;16;12;13;7;51;5;28;45
797;1174;102;66;205;14;218;201;89;19;61;93;141;119;63;11;6;233;184;143;48;60;118;101;41;2;119;75
798;136;;;10;;;;32;7;;4;11;;;;;45;2;3;;;;;;;;3
799;482;15;31;135;8;107;131;122;88;34;25;144;126;59;61;13;94;93;165;96;25;88;75;2;46;121;88
800;497;66;17;63;5;88;63;35;23;21;64;82;73;45;23;;75;62;79;66;21;75;68;13;16;73;37
801;916;13;13;42;7;5;18;21;20;26;15;70;38;9;7;18;170;10;19;19;24;9;17;28;9;23;54
802;945;32;59;121;12;160;123;119;79;112;172;115;96;90;38;13;230;77;10;15;10;43;18;21;9;60;42
803;109;1;;;;;;;;;;;;;;;1;;;;;;;;;;
804;410;32;10;51;5;45;65;14;27;13;23;3;24;1;17;;69;43;39;46;11;7;;6;8;15;10
805;393;2;;;3;;1;1;;;;2;6;1;;2;23;1;1;2;;;;;;;
807;458;42;17;105;11;204;139;88;40;3;5;21;36;2;25;11;169;79;108;9;9;21;19;52;3;122;84
808;69;11;;;;;;;;;;;;;;;;;;;;;;;;;6
810;541;41;13;91;12;198;30;165;77;53;30;47;29;6;15;6;116;1;14;37;6;93;27;30;9;77;98
812;340;31;37;62;23;94;16;6;10;1;4;9;1;;;;;;;;;;;;;;
813;1326;138;254;94;3;152;116;252;169;128;176;83;123;39;41;3;119;86;79;82;59;96;82;103;58;101;141
814;138;6;6;2;3;;1;1;2;5;4;28;28;2;;;39;10;10;8;6;25;11;11;15;38;3
815;132;30;2;;;2;;;;;;;;;;;2;;;;;;;;;;
816;24;9;1;;;;;;;;;;;;;;;;;;;;;;;;
817;429;30;108;39;11;15;30;52;155;44;37;59;83;26;70;88;69;60;61;79;57;55;42;88;20;119;33
818;299;41;35;2;11;68;22;5;17;5;23;17;8;;14;24;69;3;1;8;17;8;2;10;1;22;42
819;476;16;30;133;10;85;100;50;34;17;43;83;123;61;;1;135;51;83;87;20;74;64;8;;27;11
820;877;10;12;160;4;100;123;46;65;73;69;176;126;72;29;6;175;105;90;93;15;107;147;12;18;165;105
821;332;79;14;2;2;116;22;33;6;54;18;46;34;5;2;2;186;86;24;11;2;23;7;1;;;2
822;91;;2;;;;;;1;;;17;24;4;63;6;;7;3;2;1;;1;;;1;
823;10;1;;;;;;;;;;;;;;;;;;;;;;;;;
824;1314;31;35;180;30;80;149;4;15;100;8;187;148;80;1;2;230;123;128;116;;85;97;17;12;121;49
825;119;2;;;15;60;8;2;;20;;1;1;;;;2;;;;;;;;;;4
826;135;12;22;33;1;;6;;;;;;;;;;;;;;;;;;;;10
827;106;4;;1;6;1;;;;;;;;;;;;;;;;;;;;;
828;514;86;26;4;3;9;16;4;4;15;19;32;7;5;14;15;104;26;8;4;3;10;8;20;37;18;15
829;155;17;48;75;;;;;;;;;;;;;4;;;;;;;;;;2
830;964;92;184;159;16;216;21;54;147;31;67;33;91;14;32;78;166;43;2;2;8;10;;12;11;16;59
831;506;29;12;72;18;86;69;112;77;17;40;19;25;4;24;12;146;64;26;66;60;15;15;9;11;32;24
832;4;;;;;;;;;;;;;;;;;;;;;;;;;;
833;349;8;13;47;2;49;41;19;;;;62;63;47;6;3;93;53;57;61;3;;;;;2;4
834;1219;14;44;192;9;178;115;89;59;81;86;132;149;96;108;30;221;188;127;150;39;124;162;34;73;182;184
835;44;68;89;45;1;;;;;;;;;;;;;;;;;;;;;;6
836;189;1;23;36;;;;;;;;;;;;;8;;;;;;;;;;
838;62;46;;;;;;;;;;;;;;;;;;;;;;;;;11
840;378;77;33;97;15;84;61;135;128;67;24;;8;;;;;;;;;;;;;;8
841;819;47;59;144;14;146;120;95;83;129;97;140;83;59;145;63;167;180;118;117;41;123;62;115;130;161;198
842;1271;24;27;133;12;174;127;93;79;61;73;104;122;80;100;43;549;108;101;114;57;153;152;54;44;222;99
843;924;47;100;90;13;93;57;103;66;41;121;90;63;63;97;108;78;62;110;75;68;78;61;87;70;97;68
844;205;50;9;1;;;;;;;;;21;1;1;2;2;;;;;;;;;;2
845;88;;23;;1;;;2;4;;;53;90;8;13;1;23;;;;;;;;;;
846;110;13;9;52;1;2;1;;;;;;;;;;2;;;;;;;;;;
847;65;4;3;44;1;1;;;;;;;;;;;2;;;;;;;;;;
848;420;29;4;178;24;232;236;75;3;49;4;130;129;85;2;1;1;;;1;;;;;;1;1
849;3303;184;218;366;40;347;218;443;539;372;460;270;212;108;337;191;392;180;203;158;149;185;170;171;130;256;292
850;448;7;1;12;2;;4;46;2;28;73;;;;;;163;5;;1;1;3;2;;;2;42
851;514;13;17;13;4;40;10;73;44;79;100;77;69;52;37;11;68;14;2;2;;9;11;5;13;116;87
852;521;59;6;38;22;90;1;114;17;28;7;95;115;11;;;87;7;26;18;2;18;6;3;2;33;11
853;43;40;39;;;;;;;;;;;;;;;;;;;;;;;;
854;180;71;6;64;;;;;;;;;;;;;;;;;;;;;;;
855;1033;39;32;230;17;306;108;107;57;98;118;141;163;92;40;16;178;77;125;70;98;207;204;33;44;60;165
856;758;26;26;139;5;86;136;74;118;62;124;183;177;138;17;1;107;74;63;77;;72;37;17;2;65;32
857;760;26;17;181;3;71;67;45;29;42;30;95;78;10;18;1;146;157;23;19;27;26;21;16;18;37;46
858;100;39;4;19;1;;1;;2;;;;;;;;3;;;;;;;;;;
859;71;15;;10;1;2;1;;;;;;;;;;;;;;;;;;;;
860;182;15;8;69;1;54;53;36;15;5;3;14;4;;5;2;106;51;117;62;42;54;5;13;2;16;50
861;740;56;99;119;13;124;124;188;133;79;137;109;109;88;150;115;234;136;82;101;70;128;125;154;75;134;205
862;110;22;;12;3;2;9;11;12;;5;11;28;;4;6;39;;13;9;3;8;4;8;8;2;7
863;293;44;;1;1;;;;7;1;2;9;;2;3;3;2;2;3;4;3;1;1;2;1;1;25
864;75;12;6;;;;;;;;;;;;;;;;;;;;;;;;13
865;65;11;5;;;;;;;;;;;;;;;;;;;;;;;;
866;569;33;27;76;9;71;62;45;38;24;60;84;100;40;19;2;74;71;85;67;14;89;47;;7;58;98
867;731;42;24;129;18;170;146;49;33;59;97;129;112;67;142;91;156;114;80;86;55;69;80;86;66;105;153
868;567;56;129;242;20;23;33;109;75;7;8;52;48;9;6;;316;205;44;52;57;77;4;8;5;86;119
869;595;32;39;55;13;85;27;70;83;44;72;28;46;22;30;10;80;49;79;28;12;28;19;26;6;44;53
870;759;31;16;114;5;192;114;180;209;113;219;173;133;106;119;80;216;195;102;80;90;155;120;98;73;113;167
871;474;;3;2;5;1;1;8;6;1;10;;29;;6;;74;2;;;1;5;;2;;3;2
872;93;9;10;8;1;1;1;;;;;;;;;;;;;;;;;;;;4
873;546;31;18;88;6;105;111;39;33;;21;80;45;3;8;;108;85;65;16;;27;14;46;1;44;36
874;1314;86;61;151;20;191;141;95;126;55;83;197;150;145;95;25;306;99;79;81;26;69;83;40;49;56;119
875;422;74;26;121;2;62;59;61;72;66;59;76;81;51;99;66;84;87;41;71;41;52;44;4;6;63;29
876;49;;1;1;1;1;;;;;10;;7;101;54;;;;;;;;;;;;
877;505;7;58;126;7;120;68;170;119;47;113;34;41;62;102;73;86;66;30;2;5;11;11;22;3;32;7
878;906;53;87;135;11;123;175;131;155;144;178;117;161;77;172;83;102;103;117;116;100;106;77;148;68;127;123
879;187;49;53;58;3;1;1;36;4;;;;;;;;;;;;;;;;;;1
880;840;19;14;128;17;136;247;57;44;87;117;122;100;85;60;21;256;104;71;42;28;72;23;39;7;71;45
882;112;14;4;10;;;;;;;;;;;;;;;;;;;;;;;5
884;11;3;;1;;;;;;;;;;;;;;;;;;;;;;;
885;933;36;83;87;10;39;19;47;63;4;20;1;98;5;46;9;81;6;18;1;8;;;24;;1;39
886;102;34;52;4;;;;;;;;;;;;;;;;;;;;;;;19
888;76;;;;1;;;;;;;;1;;;;;;;;;;;;;;
889;65;2;;1;1;;;;;;;;;;;;;;;;;;;;;;1
890;306;10;17;11;24;38;26;48;111;45;16;53;13;9;33;16;67;45;29;19;26;7;6;10;;29;12
891;638;39;26;91;3;98;85;60;50;36;62;81;83;60;23;18;98;63;85;84;23;84;72;19;4;35;8
892;311;16;31;86;3;107;1;;;;2;4;16;;;;32;;;;;;;;;;
893;106;3;21;7;;6;;;;;;;;;;;;;;;;;;;;;
894;622;46;19;118;6;202;159;52;32;42;87;78;117;84;100;98;107;97;62;83;64;71;72;84;52;49;75
895;181;7;3;53;1;69;49;6;;;;;;;;;;;;;;;;;;;16
896;306;67;14;78;19;83;78;45;7;29;7;114;76;74;1;7;119;111;76;79;32;64;56;46;2;23;42
898;375;;;;;;;;;;;;1;;;;126;1;;;;;;;;9;14
899;1214;24;39;140;7;80;53;21;42;26;13;79;28;14;12;8;224;57;45;20;8;36;13;37;23;19;40
900;234;12;9;8;;;;3;;;;;;;;;5;;;;;;;;;;1
901;338;15;16;57;2;69;53;62;11;4;2;9;20;1;14;1;2;;;;;;;;;;1
902;222;1;;;;;6;;;;;12;8;;1;;77;6;9;2;;;;;;;11
903;223;25;5;7;6;27;10;;;;;;;;;;2;;;;;;;;;;2
904;28;;;;;;;;;;;;;;;;3;;;;;;;;;;
905;411;50;29;75;8;65;70;55;52;51;53;54;65;37;10;3;114;57;28;63;42;53;43;14;6;45;13
906;374;18;13;3;1;7;20;;22;8;;;6;;3;10;48;3;;5;8;5;2;;;5;18
908;1034;35;19;84;4;86;81;30;21;30;24;83;122;49;36;5;93;10;8;78;33;19;35;16;;57;90
909;862;15;29;147;12;257;170;71;34;73;78;156;145;73;81;24;89;72;91;76;47;74;59;1;5;56;45
910;1661;284;264;142;24;222;69;101;220;71;213;171;201;54;149;52;213;90;139;72;59;62;75;39;27;108;144
911;567;28;30;45;1;102;63;34;37;10;15;51;61;62;10;;88;42;30;6;4;27;15;29;8;47;60
912;209;12;1;;1;;;2;;;1;77;11;1;4;20;13;;;;;;;;;;12
914;671;19;7;89;4;10;9;1;3;;9;7;9;;12;;69;7;16;3;2;;16;9;;7;51
915;195;39;31;59;1;9;3;;;;;;;;;;3;;;;;;;;;;7
916;129;11;5;1;;2;;1;;2;6;1;;;;;;;;;;;;;;;4
917;127;5;11;48;;;;1;;;;19;34;;;1;20;;;5;;;;;;1;8
918;272;32;5;3;7;;;;;;;;;;;;;;;;;;;;;;1
919;379;5;2;33;4;7;2;55;45;15;2;4;84;7;12;7;236;45;6;2;10;6;;;;1;68
920;454;36;18;144;3;138;87;103;75;64;88;100;92;55;53;6;91;97;83;87;38;105;98;77;30;145;55
921;101;1;;;;;;;;;;;;;;;;;;;;;;;;;
922;133;13;2;56;2;77;24;;;;;;;;;;;;;;;;;;;;11
923;503;27;5;19;1;24;22;2;4;17;1;8;22;2;;1;11;9;20;5;;9;31;4;5;43;33
924;230;15;17;72;9;8;19;;5;;2;1;24;1;7;;;;;;;;;;;;5
925;940;46;136;100;9;111;73;24;55;18;100;31;64;98;24;28;136;108;78;38;23;36;24;9;9;82;97
926;661;137;44;116;20;62;23;68;35;16;15;62;38;16;70;38;79;38;15;5;16;6;20;3;1;8;34
927;258;28;11;52;1;6;9;;28;5;9;8;11;;12;;70;5;7;1;2;11;9;6;;14;
928;1989;149;127;311;22;256;198;85;160;115;78;201;160;106;78;30;352;139;130;128;30;96;98;15;49;252;120
931;287;6;2;88;3;50;43;106;64;58;32;58;68;66;;;108;48;43;52;48;42;43;60;58;38;55
932;302;2;;52;;59;28;35;9;;;38;45;28;;;81;12;8;2;43;12;2;49;43;53;4
933;1262;16;15;108;10;82;54;116;40;63;163;98;66;58;55;14;123;105;160;99;64;95;83;127;84;131;147
934;724;39;43;278;12;62;63;84;88;126;115;92;54;64;82;21;190;80;42;21;23;44;39;81;15;106;54
935;159;12;4;62;3;76;74;49;2;;;60;63;24;;2;25;55;27;;;;;;;;1
936;233;4;8;74;8;70;47;34;9;26;55;76;65;43;27;10;59;58;53;48;;;;;;;
937;330;32;12;95;5;148;100;56;23;40;108;51;66;66;12;6;115;63;87;65;2;53;51;4;5;34;10
938;604;37;31;57;1;8;5;12;6;;22;42;56;;15;;76;7;;8;;;6;6;;3;17
939;484;;1;98;5;62;74;91;73;25;112;83;39;18;63;59;112;14;16;7;10;;;;;;4
940;314;55;9;11;8;3;15;67;;;;;;;;;;;;;;;;;;;2
941;382;13;6;57;12;4;3;34;14;5;8;47;8;7;3;;114;7;;2;;26;12;21;;13;47
942;244;32;79;67;4;3;3;4;;;;;;;;;2;;;;;;;;;;
943;68;3;;;;;;;;;;;;;;;;;;;;;;;;;3
944;399;10;5;105;2;80;45;33;28;33;5;71;108;40;26;13;68;97;92;66;7;70;56;;;76;23
946;1283;141;109;292;23;175;158;243;287;147;265;190;365;115;148;158;422;193;232;189;183;264;147;138;117;200;269
947;455;26;24;151;3;67;53;45;32;25;47;137;86;68;30;2;106;59;52;9;;13;22;5;1;36;31
949;631;32;26;97;4;98;83;51;26;52;53;72;65;71;138;5;76;59;61;63;36;53;20;30;14;43;46
950;38;;3;;;;;;;;;;;;;;;;;;;;;;;;
951;93;25;1;2;;;;;;;;;;;;;1;;;;;;;;;;
952;1030;86;60;39;6;26;12;6;14;7;4;64;31;5;3;4;120;50;30;7;2;24;15;5;4;21;18
953;884;151;164;89;4;19;12;96;59;31;97;52;24;11;2;3;220;20;91;56;2;54;8;;;55;28
955;372;2;21;7;3;8;53;59;34;56;23;39;63;14;66;15;42;30;49;30;15;39;37;37;9;21;49
956;412;24;10;72;7;76;67;120;50;9;22;22;44;7;59;7;191;11;83;50;11;30;15;31;2;39;100
957;336;28;23;28;;23;25;20;105;28;43;29;20;18;16;13;11;;3;16;9;31;;37;27;28;113
958;536;36;25;154;21;97;114;73;39;39;55;86;93;54;41;28;113;66;148;92;22;75;61;9;28;142;119
959;67;;;;;;;;;;;;;;;;;;;;;;;;;;1
960;125;11;6;4;;;;;;;;;;;;;;;;;;;;;;;1
961;520;8;9;88;10;164;81;71;15;6;10;31;43;12;77;18;83;123;26;24;21;14;13;12;4;16;19
962;54;19;2;;;;;;;;;;;;;;;;;;;;;;;;
963;19;3;;;;;;;;;;;;;;;;;;;;;;;;;
964;135;5;;;;;;;;;;;;;;;;;;;;;;;;;
966;656;2;179;100;9;120;87;124;112;52;47;65;98;42;123;90;99;142;165;34;27;3;24;25;5;25;135
967;940;36;32;208;11;96;112;65;57;104;206;143;89;90;91;58;216;106;94;78;32;114;151;71;33;145;43
968;208;18;17;15;7;9;3;13;13;15;22;15;11;6;17;9;19;3;4;3;7;11;11;7;;4;7
969;653;21;2;68;9;58;127;7;9;34;6;110;98;49;;;125;78;101;67;1;24;23;;;15;25
970;365;116;126;118;11;56;1;;;;;;;;;;;;;;;;;;;;10
971;235;12;24;88;4;1;2;37;3;;;1;;;;1;2;;;;;;;;;;3
972;256;14;27;90;6;67;16;46;30;;32;41;36;12;6;;64;39;15;17;19;13;11;18;3;12;14
973;151;8;1;39;5;32;;;7;;;39;;;;;;;;;;;;;;;6
974;289;29;3;9;2;4;4;7;20;2;41;4;8;3;;;44;22;2;3;6;8;9;18;;45;18
975;44;3;;;;;;;;;;;;;;;;;;;;;;;;;
976;127;13;;;1;1;;;;;;;;;;;2;;;;;;;;;;
977;364;35;32;88;6;96;79;41;50;53;38;84;113;55;14;4;64;88;89;77;23;78;85;30;24;71;61
978;21;;;;;;;;;;;;;;;;;;;;;;;;;;
979;1466;110;125;166;21;271;98;111;191;120;163;87;136;56;35;208;154;100;103;43;77;87;62;93;34;61;105
981;211;5;2;83;6;81;21;;;;;62;63;46;6;2;101;29;1;;1;12;6;;3;1;14
982;519;39;11;70;11;21;19;39;38;18;51;53;77;29;6;1;93;17;8;26;7;30;34;13;8;43;100
984;313;25;30;148;11;118;87;58;54;62;40;75;34;4;84;54;72;67;39;8;56;17;9;20;9;52;33
985;279;12;17;95;3;113;89;36;23;30;4;63;61;6;7;10;105;;5;12;1;11;5;18;;9;4
986;603;26;12;10;12;11;34;8;36;48;29;18;8;7;9;4;172;34;10;7;8;41;13;30;18;36;106
987;1011;90;164;162;13;70;63;35;33;27;72;54;88;11;6;;71;22;8;13;;29;21;5;;;5
988;327;19;6;7;3;1;5;3;1;;;;;;;;5;;;1;;;;;;1;2
989;306;12;12;61;3;94;61;38;18;93;110;34;80;43;11;1;51;11;30;2;;12;17;10;1;30;30
990;8;;;;1;;;;;;;;;;;;;;;;;;;;;;
991;459;32;7;82;10;63;60;53;77;35;104;89;126;81;;71;70;61;67;74;59;58;54;60;59;57;119
993;309;72;145;91;9;6;;30;;1;;;;;;;4;;;;;;;;;;1
994;144;42;20;123;2;6;;;;;;;;;;;3;;;;;;;;;;6
995;604;64;41;144;10;135;189;118;105;114;87;172;139;102;94;53;281;158;110;119;35;82;101;17;23;232;163
996;626;57;16;108;8;136;125;69;56;31;75;118;128;71;27;14;137;109;62;69;15;63;77;1;25;74;53
997;258;141;157;185;4;67;4;;;;;3;4;1;;;3;;;;;;;1;4;;6
998;521;10;19;83;10;75;53;79;127;50;61;54;53;41;40;;2;;;;;;;;;;5
999;975;95;54;171;17;375;282;31;54;8;79;169;132;94;42;11;250;160;129;113;9;160;95;24;23;276;77
1000;671;69;45;100;13;72;61;80;18;30;13;95;59;46;86;73;220;60;27;21;17;61;26;36;8;50;24
1001;318;63;;45;4;3;;;;;;;20;;;1;125;16;1;;;;;;;16;22
1002;230;39;14;108;3;62;;2;;;;;;;;;;;;;;;;;;;2
1003;75;6;;4;;;;;;;;;;;;;2;;;;;;;;;;
1004;483;35;16;13;5;8;12;41;51;49;4;36;97;5;6;1;191;81;10;5;1;64;14;24;1;42;81
1005;386;32;35;101;7;53;86;120;102;63;132;59;109;59;115;72;91;54;49;58;48;52;62;86;46;75;92
1006;499;13;;4;1;;19;;;;2;6;9;5;;;39;5;18;1;7;;;9;;34;21
1007;828;156;78;242;9;177;102;162;147;25;61;86;121;44;12;19;181;127;76;27;7;31;2;30;10;82;38
1008;2533;52;47;239;37;239;79;153;58;48;71;156;280;150;268;104;265;215;217;117;170;122;164;170;72;121;141
1009;162;12;10;18;2;2;2;1;;;;;;;;;3;;;;;;;;;;
1012;413;68;39;88;16;21;23;45;147;67;80;61;79;23;61;26;100;102;19;35;22;68;65;39;21;70;124
1013;1119;29;48;76;20;97;106;115;195;79;220;80;138;62;152;100;192;162;104;76;83;71;59;102;65;90;76
1014;842;37;29;60;11;103;79;29;67;38;15;67;34;26;73;3;107;92;53;8;2;19;2;7;41;22;7
1015;238;2;11;57;3;52;39;24;5;;4;15;16;12;11;10;65;10;12;5;38;9;11;31;21;38;25
1016;757;57;113;98;15;116;135;86;159;40;105;100;66;36;93;17;64;72;24;32;3;69;73;29;4;64;28
1017;475;33;65;55;;43;31;128;31;3;6;10;3;;;;135;65;49;35;12;18;;8;;7;68
1018;113;77;80;6;;2;;;;;;;;;;;;;;;;;;;;;2
1019;298;16;15;389;12;73;23;;57;;5;6;3;;1;;1;;;;;;;;;;9
1020;1284;84;82;181;20;108;120;102;87;75;116;171;204;129;65;27;207;128;155;95;52;116;114;52;23;57;81
1021;945;59;63;255;4;262;76;71;193;136;48;189;109;97;153;41;105;79;102;47;58;90;111;62;70;187;135
1022;122;44;74;17;1;5;6;2;;22;4;6;5;5;4;;2;3;;;;;;;;;
1023;528;8;27;97;12;131;79;23;30;32;54;96;68;74;56;31;104;85;121;89;21;57;69;11;4;86;15
1024;361;15;136;73;12;71;44;16;67;87;76;67;63;45;55;54;80;4;56;57;15;59;33;28;11;28;42
1025;120;98;103;116;;;;;;;;;;;;;6;;;;;;;;;;2
1026;445;53;;1;;;;30;;1;;57;21;;44;1;16;47;2;;1;1;;23;;17;1
1027;1852;75;146;461;10;169;148;339;463;177;177;174;125;89;240;126;200;121;45;99;62;75;56;63;11;40;50
1028;282;5;;12;1;4;15;;6;;3;6;16;6;;1;6;4;4;4;;3;5;;;33;15
1029;118;22;;;;1;;10;;1;;;;;;;3;;;;;;;;;;2
1030;657;42;33;134;9;235;275;87;195;69;160;225;276;173;209;73;209;150;179;147;74;152;109;93;92;153;182
1031;465;163;104;26;8;33;19;11;55;3;11;29;25;6;42;3;147;17;34;1;8;;4;;;7;22
1032;516;10;19;123;8;133;109;59;15;9;5;99;137;81;4;1;175;35;39;6;3;23;57;17;11;39;132
1033;733;86;80;146;19;182;145;217;76;21;42;24;2;4;8;8;178;6;4;4;3;21;11;38;6;71;34
1034;650;35;24;114;17;91;254;91;195;120;182;189;151;87;60;88;129;190;114;74;24;144;107;107;72;88;199
1035;298;23;66;89;8;75;100;82;82;81;68;82;63;53;64;7;130;97;60;77;15;55;44;24;3;92;25
1037;564;87;66;55;2;16;26;59;21;20;18;89;89;30;38;4;86;71;18;1;2;11;13;31;3;49;21
1038;100;76;4;;;;;;;;;;;;;;2;;;;;;;;;;8
1040;121;13;12;9;;;;;;;;;;;;;;;;;;;;;;;4
1041;558;11;55;2;2;9;6;12;27;14;3;73;42;18;9;13;84;9;3;16;11;5;11;15;1;31;45
1043;819;58;43;97;22;66;69;25;38;50;46;23;81;24;65;8;176;62;34;35;48;78;21;33;47;74;91
1044;473;24;94;113;3;82;64;36;11;81;2;79;76;57;21;;1;;;;;;;;;;1
1045;397;47;26;98;16;61;19;23;30;19;11;24;37;40;16;12;93;3;5;;4;7;;8;;21;45
1046;680;75;85;98;15;87;85;174;127;97;85;77;81;56;71;65;195;70;54;79;46;62;57;97;69;75;50
1047;103;;;;3;;1;;1;;;;;;;;3;;;;;;;;;;1
1049;218;39;29;21;10;42;;;;;;;;;;;;;;;;;;;;;7
1050;74;6;6;;;;1;;;;;;;;;;;;;;;;;;;;
1051;1322;59;62;102;14;142;137;189;197;161;236;120;165;129;50;56;179;79;78;107;66;136;23;18;11;4;41
1052;2;3;2;;;;;;;;;;;;;;;;;;;;;;;;
1053;137;21;25;26;2;5;1;2;33;1;31;30;17;1;44;;;;;;;;;;;;
1054;750;19;45;107;6;32;10;58;133;30;140;41;25;14;17;5;32;16;5;2;;;;;;1;8
1055;715;36;66;49;16;70;57;89;119;43;93;58;68;3;55;58;124;27;11;37;25;12;20;6;6;;35
1057;367;47;36;76;7;88;102;34;27;51;9;29;6;5;29;13;78;19;10;11;16;53;33;19;10;41;49
1060;370;87;136;105;6;118;83;20;6;20;2;62;86;39;3;;65;50;90;61;4;51;14;;;16;16
1061;354;9;43;57;6;52;11;10;25;9;6;73;28;22;3;;24;22;23;78;;;;;;10;62
1062;347;16;40;123;8;117;130;90;46;24;12;90;85;63;79;74;121;100;107;78;41;80;7;24;6;8;53
1063;149;11;;;;;;;;;;;;;;;;;;;;;;;;;
1064;38;1;1;;;;;;;;;;;;;;;;;;;;;;;;
1065;46;17;47;;;;;;;;;;;;;;;;;;;;;;;;1
1066;334;23;29;97;10;89;60;75;40;42;56;73;79;59;16;7;170;61;65;84;9;61;84;11;13;54;79
1067;360;48;140;24;;14;3;34;91;13;;6;49;3;30;7;26;6;3;15;26;24;30;17;3;28;3
1068;221;23;7;17;2;7;4;19;4;;3;2;2;;3;35;4;;;;;;;;;;
1069;543;12;8;69;1;25;13;68;2;;3;5;24;5;;;68;29;3;;3;17;4;3;;25;19
1070;1084;60;98;118;14;156;91;92;32;31;69;91;121;67;21;26;138;101;127;11;4;93;60;34;27;107;74
1071;394;16;15;83;3;70;80;38;17;23;61;84;72;3;10;;121;84;75;65;;14;2;5;1;4;13
1072;1024;43;61;161;22;132;119;177;186;149;95;86;102;53;114;78;118;55;43;37;30;18;16;7;2;23;62
1073;1531;23;37;121;14;179;119;148;109;11;45;110;85;28;33;3;145;22;33;38;33;114;56;85;20;79;72
1074;1439;54;36;110;39;136;134;141;207;191;64;147;128;91;172;15;349;134;73;30;17;32;51;62;25;37;81
1076;582;8;34;97;7;145;199;84;39;88;121;107;92;45;25;3;211;112;97;69;15;43;54;11;4;92;76
1077;83;7;4;8;;12;1;;;;;;;;;;;;;;;;;;;;
1079;441;14;11;49;4;71;61;25;;;;67;58;50;;;122;46;46;57;2;3;;;;27;17
1080;670;31;44;108;15;101;60;47;30;35;107;95;142;54;6;2;174;119;97;100;;60;51;16;4;124;33
1081;508;44;26;134;15;121;70;111;55;44;49;89;95;56;104;58;189;75;78;67;53;77;73;80;65;61;67
1082;378;22;34;48;6;32;55;46;31;27;198;36;51;18;17;4;77;8;5;17;12;69;71;3;;29;38
1083;274;116;68;98;5;117;118;160;140;57;103;115;118;47;99;52;100;94;76;82;53;89;65;90;40;135;140
1085;343;18;10;73;4;73;15;97;108;28;75;81;41;1;10;10;27;8;5;19;27;15;16;10;5;9;3
1086;572;11;11;66;6;85;64;44;74;58;44;92;136;70;78;15;103;67;144;85;5;63;59;;;58;17
1087;645;38;29;77;14;127;97;254;296;192;251;174;139;74;122;79;109;106;146;96;73;167;124;152;38;52;112
1089;237;8;2;;1;;11;37;;3;2;7;28;;;;65;18;31;35;;15;2;;;;5
1090;864;13;51;3;3;7;3;63;102;27;64;8;12;6;29;12;78;10;19;13;27;38;21;35;4;24;44
1091;231;15;14;14;6;6;10;3;1;;;21;6;5;;;;;;;;;;;;;
1092;123;18;5;22;;;;;;;;;;;;;;;;;;;;;;;2
1093;307;16;7;18;7;34;4;9;23;7;21;29;42;;;;52;47;24;64;14;12;;2;13;17;12
1094;1119;100;177;89;21;68;70;101;106;99;73;103;78;49;85;52;89;60;46;57;39;77;57;79;44;76;90
1095;623;18;11;60;13;76;33;5;9;13;4;78;41;;;;6;;;;;;;;;;10
1097;591;33;95;195;23;150;141;124;31;30;22;134;29;3;8;2;120;67;81;84;42;105;20;15;6;21;34
1098;223;114;87;48;5;64;14;;;;;;;;;;;;;;;;;;;;5
1099;55;18;3;8;;;;;;;;;;;;;;;;;;;;;;;7
1100;612;22;19;125;23;84;63;21;73;31;16;57;84;19;4;5;486;13;58;33;14;66;5;;;124;62
1101;458;79;18;82;5;62;;;;;;;;;;;;;;;;;;;;;9
1103;21;4;;5;;;;;;;;;;;;;;;;;;;;;;;
1104;430;21;17;114;;93;9;;5;14;3;33;6;;5;4;87;5;31;3;13;10;7;10;3;17;78
1105;275;15;10;68;2;102;100;60;25;69;40;123;151;92;6;11;129;117;115;103;9;73;111;;19;50;27
1106;117;14;1;;;;;;;;;;;;;;;;;;;;;;;;2
1107;30;3;1;;;;;;;;;;;;;;;;;;;;;;;;2
1108;94;10;11;87;2;86;62;;;;;;;;;;;;;;;;;;;;
1109;30;2;;;;;;;;;;;;;;;;;;;;;;;;;3
1110;10;;;;;;;;;;;;;;;;;;;;;;;;;;
1111;1002;61;152;104;13;86;45;59;145;48;37;106;117;33;53;20;109;40;4;22;22;14;28;21;16;44;31
1112;157;10;;35;;;;;;;;;;;;;;;;;;;;;;;15
1113;520;59;19;78;4;89;50;33;77;7;48;148;131;58;73;58;179;73;79;29;9;73;38;34;18;51;64
1114;158;2;4;14;;;;3;;;;;;;;;;;;;;;;;;;1
1115;142;12;3;;;;;7;;;;;;;;;1;;;;;;;;;;
1116;403;43;20;5;6;3;10;22;6;3;6;22;32;1;1;1;51;21;3;;9;13;11;10;4;18;33
1117;267;26;14;95;5;76;82;94;83;30;30;58;57;66;59;60;59;50;54;57;35;48;45;57;41;60;71
1118;642;31;47;98;7;157;69;63;34;90;127;87;103;67;103;59;111;50;62;78;48;18;12;76;52;33;96
1119;27;;6;;;;;;;1;;;;;;;;;;;;;;;;;
1120;2174;209;386;255;82;207;224;200;181;165;246;320;337;127;144;157;195;20;12;13;83;77;170;102;65;125;249
1121;588;47;22;12;5;33;67;49;83;28;64;37;28;16;64;15;147;20;25;14;3;42;43;66;9;72;56
1122;372;13;28;105;4;30;10;35;30;1;2;9;4;5;;;27;6;2;2;2;11;5;4;2;5;46
1123;150;22;16;119;1;26;;;;1;;;;;;;;;;;;;;;;;7
1125;12;2;;;;;;;;;;;;;;;;;;;;;;;;;1
1126;295;21;10;87;5;84;73;10;27;21;23;22;26;1;18;9;65;17;9;5;12;19;1;32;4;19;80
1127;106;9;18;5;;;;;;;;;;;;;2;;;;;;;;;;1
1129;332;35;11;141;12;105;77;206;175;74;132;69;80;43;66;69;77;65;77;78;27;20;4;33;18;9;94
1130;345;68;29;57;9;;52;70;85;13;42;56;44;39;5;3;86;13;57;8;23;29;13;9;4;76;38
1131;622;1;;11;10;;;;;;;;;;;;1;;;;;;;;;;
1132;111;68;84;9;;;;;;;;;;;;;;;;;;;;;;;
1133;243;29;26;49;1;62;44;7;33;28;16;54;98;19;39;7;109;29;56;22;2;14;;7;2;24;38
1134;232;24;6;138;19;125;66;3;1;2;3;10;29;;;;6;;;;;;;;;;3
1135;296;22;20;87;13;64;65;40;18;35;12;40;20;8;38;34;19;14;34;29;25;48;33;40;37;40;30
1136;580;27;2;111;9;68;81;39;33;61;35;154;134;72;102;3;157;61;47;68;61;104;75;24;16;75;158
1137;745;20;17;77;12;73;54;41;8;30;60;68;88;42;60;11;187;77;82;59;6;47;31;19;;21;32
1138;436;174;210;140;10;171;136;141;197;71;114;113;172;81;74;14;144;30;25;32;26;38;51;28;17;59;129
1139;615;116;137;56;7;70;10;4;32;6;19;8;21;2;8;;89;10;3;9;;35;2;4;;4;4
1140;491;6;4;11;2;;16;34;27;41;36;49;72;55;24;7;213;101;100;82;12;121;76;10;19;65;17
1141;1437;60;40;84;27;94;47;46;64;42;47;51;23;13;19;18;114;13;6;9;11;60;28;40;14;63;90
1142;424;7;31;116;7;73;93;4;17;3;2;91;85;61;5;;95;67;63;65;;51;44;;1;81;4
1145;329;2;;4;;8;14;;6;9;15;13;5;11;6;3;25;4;21;2;18;10;;13;5;33;
1146;80;14;;;;;;;;;;;;;;;;;;;;;;;;;
1147;127;34;5;;2;;2;;;;;;;;;;;;;;;;;;;;
1148;857;20;24;74;10;106;68;39;21;;18;1;27;;6;3;49;;2;;2;13;;13;1;19;26
1149;368;1;7;68;3;70;57;63;21;13;105;103;81;46;75;38;92;56;71;62;35;13;8;8;;25;24
1151;151;27;9;;;3;6;;;;;;;;;;7;;;;;;;;;;15
1152;1373;147;187;181;13;175;115;115;81;65;91;110;169;78;62;12;227;119;117;108;82;101;83;115;79;104;277
1153;447;38;45;114;6;78;104;37;43;43;11;101;125;68;20;3;131;117;85;68;23;73;89;16;23;145;70
1155;151;12;;14;1;13;;;;;;;;;;;;;;;;;;;;;
1156;378;32;22;87;5;45;32;9;77;26;27;37;38;6;6;1;37;20;27;10;5;17;5;26;2;47;29
1157;754;20;40;80;11;116;134;175;164;168;290;110;111;67;99;76;96;90;65;68;67;72;52;96;71;108;112
1159;107;9;9;1;;4;6;5;61;;;1;;;;;2;;;;;;;;;;2
1160;100;4;5;29;1;52;10;29;13;;;1;;;;;;;;;;;;;;;
1162;578;39;12;57;10;6;14;7;9;7;12;97;70;66;20;;107;66;78;63;8;111;89;15;7;144;48
1163;373;25;161;80;12;11;10;36;7;8;12;2;6;1;2;2;169;29;14;63;41;25;11;29;8;16;46
1165;641;11;13;99;17;80;59;43;1;28;4;60;55;37;2;;118;63;61;59;34;42;22;16;31;35;24
1166;624;44;20;93;10;76;54;99;55;99;38;20;28;19;40;34;148;17;16;17;36;36;52;32;10;81;77
1168;325;27;2;139;4;3;5;16;1;;2;;25;2;;;17;3;5;;;;;;;2;37
1170;30;7;;;;;;;;;;;;;;;;;;;;;;;;;
1171;380;166;85;9;2;13;;44;9;11;131;39;37;6;15;21;34;27;19;28;60;1;17;17;5;68;73
1173;177;14;5;5;;;;;;;;;;;;;2;;;;;;;;;;
1175;705;22;45;140;11;178;172;123;29;89;57;105;15;5;6;11;221;47;126;16;26;56;22;28;19;101;31
1177;101;10;3;7;;;;;;;;;;;;;;;;;;;;;;;1
1178;256;3;;29;4;33;9;1;;;2;26;42;1;35;;41;3;3;;;;;;;;4
1179;1350;110;208;123;28;114;99;213;192;103;221;130;120;91;138;119;160;89;123;90;104;99;90;164;77;156;214
1181;15;2;;;;;;;;;;;;;;;;;;;;;;;;;
1183;74;;;1;;;;;;;;;;;;;;;;;;;;;;;
1184;87;9;;;;;;;;;;;;;;;;;;;;;;;;;4
1185;596;28;66;24;10;31;24;5;2;1;9;78;19;4;40;;28;14;11;2;5;;5;9;;35;52
1186;259;29;32;88;8;82;6;;;;;;;;;;;;;;;;;;;;4
1187;1;1;;;;;;;;;;;;;;;;;;;;;;;;;
1188;393;4;17;13;1;27;7;17;6;;2;46;16;;28;7;76;13;42;17;9;6;;4;1;51;26
1189;130;;;65;7;67;17;;;3;;;;;;;;;;;;;;;;;10
1190;2009;102;134;145;10;216;183;169;317;155;319;147;220;76;223;111;428;177;154;149;99;147;171;167;113;176;180
1191;188;;4;;;;;;;;;5;23;;;;;;;;;;;;;;1
1192;99;36;2;;;;;;;;;;;;;;2;;;;;;;;;;1
1193;133;54;6;;;;;;;;;;;;;;3;;;;;;;;;;15
1194;67;7;;;;;;;;;;;;;;;;;;;;;;;;;
1195;1092;231;354;204;19;201;136;149;337;109;315;209;255;201;424;214;250;174;154;267;112;121;65;1;4;10;5
1196;673;13;9;193;3;151;65;49;31;33;31;105;53;12;10;3;116;49;16;27;26;41;50;42;11;81;238
1197;408;22;39;119;19;128;23;42;69;11;39;25;51;1;28;;90;66;17;5;2;13;9;9;;48;29
1198;496;83;140;53;4;7;3;70;8;28;;3;4;;8;2;80;1;11;;3;21;23;6;;16;43
1199;471;191;57;72;10;28;7;;42;3;46;5;7;2;19;5;71;1;17;;;;;;;;
1201;269;63;76;72;8;63;11;51;16;23;24;30;25;3;68;5;82;56;33;3;10;11;;;;16;8
1202;2;;;;;;;;;;;;;;;;;;;;;;;;;;
1203;432;74;3;59;9;20;11;12;97;24;31;34;13;15;51;10;3;24;3;9;14;17;18;33;9;58;8
1204;543;21;25;95;13;137;65;65;50;60;102;74;87;46;66;77;80;73;65;71;57;76;60;73;61;82;111
1205;1004;11;14;54;11;80;20;12;9;11;7;70;102;45;2;;106;25;25;44;1;69;3;12;9;60;190
1206;316;36;7;6;2;12;;1;37;1;19;53;81;41;16;;14;;;;1;;;;;;2
1207;360;7;9;52;2;12;5;18;25;40;13;56;41;2;30;3;160;3;;4;3;2;2;2;;;3
1208;427;56;1;29;14;4;18;10;18;;6;45;31;21;1;4;109;1;;;;;;1;;25;61
1209;281;10;13;75;14;110;84;;6;5;3;;;;;;2;;;;;;;;;;1
1210;78;3;4;6;3;;4;1;;;;6;;;;;;;;;;;;;;;
1211;811;46;27;64;17;64;23;67;43;20;125;24;23;7;21;13;99;48;45;58;51;71;91;70;55;107;111
1212;127;11;;1;1;2;;;2;;;;;;;;;;;;;;;;;;
1213;18;;;;;;;;;;;;;;;;;;;;;;;;;;
1214;398;88;109;72;5;13;1;19;67;2;12;9;26;;;3;93;26;5;22;9;13;16;24;3;25;12
1215;959;20;12;157;8;123;102;36;28;48;102;108;96;48;6;;126;48;47;99;2;58;63;43;35;82;47
1216;303;17;18;18;4;14;26;77;94;29;44;29;69;1;26;5;56;4;15;26;12;13;5;26;10;26;29
1217;683;15;73;117;4;109;100;58;24;47;66;89;101;53;5;12;83;18;11;19;14;5;4;;3;19;31
1218;527;18;35;95;22;82;92;75;98;68;4;65;5;2;2;;;;;;;;;;;;1
1220;28;1;;;;;;;;;;;;;;;;;;;;;;;;;
1221;113;3;5;8;;2;;;;;;;;;;;;;;;;;;;;;13
1222;189;14;8;5;1;7;3;4;16;1;8;4;;;;;;;;1;1;;;;;;
1223;198;7;5;72;;;;;1;;;;;;;;;;;;;;;;;;1
1224;423;16;79;89;17;104;74;51;19;48;21;76;85;61;11;5;80;73;60;72;55;60;47;13;12;69;51
1225;223;68;32;43;7;4;49;13;37;1;1;3;18;;1;13;44;;;;;6;22;5;;15;28
1227;154;8;29;3;1;25;;;;;;9;7;;;;;;;;;;;;;;4
1228;13;8;;;;;;;;;;;;;;;;;;;;;;;;;
1229;109;20;5;4;1;3;;4;5;;5;;;;;;;;;;;;;;;;1
1231;902;119;35;270;6;151;95;80;86;161;155;116;81;41;70;20;165;44;77;44;18;62;26;47;43;63;152
1232;246;27;53;178;14;182;142;275;188;97;175;149;90;41;2;;4;;;;;;;;;;4
1233;207;9;7;63;1;99;62;52;9;3;;14;18;1;;;41;62;64;14;;5;2;4;;18;28
1234;195;11;36;85;8;93;57;96;107;55;72;29;22;6;37;4;90;50;2;2;;2;;;;;
1235;46;1;;;;;;;;;;;;;;;;;;;;;;;;;
1237;207;29;16;95;9;105;78;81;3;;4;85;49;39;69;;;;;;;;;;;;22
1238;136;90;1;73;2;60;8;;;;;;;;;;;;;;;;;;;;14
1239;652;80;77;127;11;76;26;141;140;39;35;102;120;53;49;19;98;56;67;41;67;59;22;45;69;44;27
1240;332;83;150;50;5;1;11;1;;1;;;;;;;4;;;;;;;;;;12
1241;119;10;1;3;1;;;;;;;;;;;;;;;;;;;;;;
1242;1254;16;5;124;10;123;103;73;9;24;28;78;144;65;43;1;138;130;120;63;1;51;21;63;14;59;79
1243;533;62;48;127;9;163;88;67;154;13;;;;;;;2;;;;;;;;;;18
1245;442;42;15;77;5;106;106;81;167;130;194;119;80;67;112;90;84;73;74;87;84;86;59;47;;42;29
1247;1128;117;204;104;16;82;51;106;13;;31;;4;;;;14;;;;11;;;;;;14
1250;387;4;3;70;5;4;42;22;15;18;13;26;27;3;17;4;81;53;63;67;52;28;36;19;4;30;29
1251;407;21;39;20;5;21;6;9;5;;7;17;6;;1;;136;26;23;16;8;16;5;19;;15;4
1254;451;35;19;109;21;108;134;69;22;36;167;98;103;91;46;3;93;69;62;113;40;90;111;32;12;107;37
1255;330;16;2;;2;;1;;;;2;10;18;3;;;1;;34;;14;11;;8;12;64;31
1256;16;;;;;;;;;;;;;;;;;;;;;;;;;;
1257;405;39;19;74;11;43;22;24;14;19;8;57;27;14;31;15;140;7;5;4;9;;;12;3;;43
1258;575;115;63;97;24;45;62;75;92;74;51;80;87;74;7;4;197;81;78;61;19;60;45;10;9;67;21
1259;55;22;;;;;;;;;;;;;;;;;;;;;;;;;
1260;37;23;;;;;;;;;;;;;;;;;;;;;;;;;
1261;551;11;12;63;11;72;79;7;23;35;13;99;79;44;2;;106;56;60;62;48;45;47;5;13;43;14
1262;161;112;47;2;1;;;;;;;;;;;;;;;;;;;;;;5
1263;138;15;49;126;2;77;1;23;7;;;1;;;;;;;;;;;;;;;4
1264;92;;4;4;3;;;;;;;;;;;;4;;;;;;;;;;
1265;327;31;69;161;21;111;116;;;;;;;;;;;;;;;;;;;;1
1266;177;3;1;;1;;;5;6;;14;20;;;;;2;;;;;;;;;;1
1267;40;8;;;;;;;;;;;;;;;;;;;;;;;;;1
1268;136;22;5;;2;;;;;;10;17;;;;;;;;;;;;;;;1
1269;1373;169;134;165;26;253;190;82;211;168;128;141;274;106;214;92;186;130;172;96;100;126;133;169;92;236;280
1270;272;7;10;62;4;;2;;15;22;8;3;7;;2;3;54;19;;54;;44;46;4;;63;19
1272;172;;5;5;5;5;;21;15;3;3;7;22;5;39;9;53;20;50;3;21;4;1;58;21;41;12
1273;350;7;3;18;2;;6;;;;;18;36;4;;;40;2;36;12;;2;12;2;;19;10
1274;474;8;19;12;2;1;5;4;15;;1;29;14;;33;3;68;11;2;;;11;;12;;21;10
1275;629;63;153;29;4;8;17;24;62;45;9;24;78;9;66;12;94;56;25;29;13;9;46;40;23;65;134
1276;344;16;8;12;9;7;7;7;20;3;5;4;27;2;;;5;15;3;2;1;12;2;2;2;26;7
1277;89;;2;;1;;;3;;;;;;;;;3;;;;;;;;;;2
1278;649;168;82;62;29;28;27;35;18;20;25;19;26;11;22;20;152;43;55;17;11;34;22;8;4;54;97
1279;160;23;8;86;2;94;65;141;;;;;;;;;;;;;;;;;;;1
1280;62;7;1;;;;;;;;;;;;;;;;;;;;;;;;4
1281;155;10;6;15;;;;;2;;;2;10;;;;;;;;;;;;;;
1282;139;62;;;;;;;104;;;;;;;;;;;;;;;;;;1
1283;25;6;2;1;;;;;;;;;;;;;;;;;;;;;;;
1284;1049;16;29;76;15;76;71;44;83;12;65;79;100;53;77;10;91;19;47;8;9;5;5;7;;36;12
1285;431;47;49;214;21;138;72;43;76;29;9;50;41;28;50;76;71;7;9;16;11;1;1;35;4;11;22
1286;208;8;1;10;;1;;;;;;;;;;;;;;;;;;;;;1
1287;809;20;16;61;9;82;82;88;95;65;124;78;102;56;97;61;153;126;57;57;47;49;76;18;8;79;110
1288;63;7;;7;;;;;;;;;;;;;;;;;;;;;;;2
1289;455;47;59;250;16;305;232;342;535;246;254;140;141;106;120;81;133;79;71;61;28;94;82;94;56;61;133
1290;462;62;92;106;16;83;140;180;73;30;63;66;151;73;64;45;110;58;60;64;77;69;61;63;26;72;37
1291;266;3;75;58;9;76;25;1;33;16;5;17;20;;4;4;69;23;22;2;1;12;6;9;5;25;36
1292;504;22;26;89;11;86;97;77;84;33;65;31;12;11;33;17;39;9;33;23;70;37;30;85;68;104;159
1295;119;73;70;44;2;;;;;;;;;;;;;;;;;;;;;;
1296;276;30;21;5;5;;;35;20;22;15;20;39;1;;;5;;;;;;;;;;
1298;122;11;2;31;;;;;;;;;;;;;3;;;;;;;;;;2
1299;409;10;15;78;5;44;6;7;2;2;;34;18;2;4;;48;2;1;;;;;;;11;12
1300;375;116;18;10;;;;2;125;;15;14;65;7;20;;4;;;;;;;;;;1
1301;391;75;192;148;10;88;80;39;111;91;58;53;81;47;29;9;115;72;153;38;14;68;47;18;11;48;115
1302;162;27;15;;2;;;3;;;;;;;;;;;;;;;;;;;1
1303;318;9;2;55;;59;59;32;25;31;3;70;113;51;19;1;115;69;73;69;;61;43;1;1;69;9
1304;1136;5;4;127;7;25;13;33;14;4;4;16;23;6;99;68;114;5;7;10;2;14;1;7;;4;4
1306;598;26;36;112;15;87;86;111;118;77;152;110;114;68;137;87;159;68;63;80;50;85;62;85;68;77;172
1307;250;14;48;15;10;10;43;35;81;16;12;17;2;1;16;9;39;5;16;2;25;21;7;6;5;11;32
1308;15;;;;1;8;;;;;;;;;;;;;;;;;;;;;
1309;510;11;21;101;7;41;65;73;33;40;32;76;76;27;73;9;137;32;25;19;25;27;9;35;8;53;18
1310;1025;120;60;192;30;86;114;180;81;74;94;55;44;35;29;3;83;7;9;2;4;2;3;24;28;28;28
1311;174;12;6;53;9;56;74;2;3;;;;;;;;2;;;;;;;;;;2
1312;225;12;9;79;9;9;11;50;6;7;1;9;22;;23;2;1;1;;;2;;;6;;11;14
1314;686;35;27;1;4;8;3;2;3;6;;9;35;3;2;2;75;19;16;15;15;5;;4;;16;24
1315;159;8;4;16;5;3;1;;;;;;;;;;;;;;;;;;;;2
1316;493;64;129;95;15;57;147;118;102;58;230;120;158;56;11;1;262;98;84;33;62;80;60;26;32;112;49
1317;361;14;9;4;2;;;4;;;;;;;;;;;;;;;;;;;
1318;348;34;9;63;11;2;;;1;;;;;;;;;;;;;6;;6;;18;2
1319;176;7;1;;;;;;;;;;;;;;;;;;;;;;;;4
1320;291;5;7;68;1;50;61;37;29;28;14;74;156;55;8;3;65;67;90;74;6;60;61;;;93;46
1321;1216;41;20;210;6;158;139;151;61;97;190;142;136;82;148;13;234;177;89;33;7;22;22;32;17;69;42
1322;74;24;3;3;;;;;;;;;;;;;2;;;;;;;;;;1
1323;1018;141;37;92;13;118;33;126;60;48;34;106;93;50;66;29;205;68;9;71;34;69;26;74;12;69;140
1324;79;;1;31;;;;;;;;;;;;;4;;;;;;;;;;
1325;840;11;6;121;6;113;24;46;21;33;30;45;59;;;;138;8;49;8;24;6;5;1;;66;36
1326;69;;;;;;;;;;;;;;;;;;;;;;;;;;
1327;987;46;53;58;3;68;68;87;107;32;6;22;17;15;35;21;91;28;46;9;18;36;12;24;8;65;34
1328;260;11;35;95;5;;;;;;;;;;;;3;;;;;;;;;;
1329;52;10;1;2;2;2;;;;;;;;;;;1;;;;;;;;;;
1330;105;;;3;1;;;;;;;;;;;;;;;;;;;;;;3
1331;446;14;5;34;4;61;8;21;36;26;53;68;23;12;4;1;117;68;40;20;11;5;;;;19;7
1332;407;40;35;65;2;68;4;;10;;;9;5;2;;4;43;;;;;;;;;;
1333;672;93;145;95;26;108;133;243;320;95;95;89;122;87;141;94;163;82;83;84;89;121;88;102;96;125;146
1334;340;;7;2;2;;5;1;;;2;;;;;;11;;;;;;;;;49;
1335;48;4;;;1;;;;;;;;;;;;;;;;;;;;;;
1336;539;83;64;82;17;86;90;81;63;44;6;56;69;9;36;9;89;5;21;14;30;57;28;49;21;50;62
1338;387;7;3;43;4;10;6;25;11;4;66;29;45;12;21;6;30;16;8;20;17;15;15;13;11;31;20
1339;221;4;;;1;;10;3;20;5;10;;52;;1;;;;;;;;;;;;10
1341;185;8;1;;;;;;;;;;;;;;;;;;;;;;;;
1342;5;;;1;1;;1;;;;;;;;;;;;;;;;;;;;
1344;520;63;36;85;14;11;59;56;75;10;73;108;29;29;37;1;108;38;112;34;17;10;5;56;6;32;127
1345;672;28;21;128;12;171;127;89;56;53;42;79;178;41;89;54;137;98;100;69;52;78;69;75;14;88;79
1347;221;56;25;50;3;16;;;;;;;;;;;;;;;;;;;;;5
1348;259;15;1;6;1;;2;;;;;;;;;;3;;;;;;;;;;15
1349;309;12;7;72;6;78;62;2;;;2;73;58;48;2;2;104;88;59;66;;82;80;9;14;92;19
1350;275;72;12;5;3;7;2;10;17;;8;;15;1;4;;74;6;2;6;6;14;2;1;3;11;35
1351;277;11;2;49;4;30;68;26;48;34;32;38;4;2;;;24;3;5;4;2;2;4;;;52;72
1352;791;7;2;101;6;69;61;23;23;29;11;58;17;13;23;29;119;57;29;24;23;38;29;22;13;67;46
1353;741;48;9;6;4;22;5;3;;12;26;6;33;;2;;187;62;72;59;6;54;52;45;18;61;103
1354;432;20;37;99;22;141;95;88;29;21;64;71;87;56;69;40;95;73;104;72;72;77;55;67;49;81;71
1356;353;23;3;6;;1;7;;36;2;12;31;23;2;7;;84;55;70;2;;;16;;;1;13
1357;84;15;4;;;;;;;;;;;;;;;;;;;;;;;;
1359;422;30;31;153;6;196;81;66;29;11;11;99;139;79;115;24;160;60;66;70;65;86;71;37;;6;82
1360;167;5;;79;6;26;52;24;;;;;;;;;;;;;;;;;;;12
1361;531;95;112;55;16;120;39;97;82;49;46;65;51;16;13;;2;;;;;15;;3;;;8
1362;161;41;96;54;4;9;;;;;;;;;;;2;;;;;;;;;;6
1364;3;;;;;;;;;;;;;;;;;;;;;;;;;;
1365;374;84;48;7;9;64;27;89;161;57;23;1;9;5;5;5;14;5;5;10;;4;1;;;;3
1366;112;22;4;45;;;;;;;;;;;;;;;;;;;;;;;
1367;751;48;92;17;12;91;69;129;185;78;105;82;43;65;89;29;124;56;35;36;29;113;39;179;77;238;95
1368;211;35;55;102;5;75;;;;;;;;;;;;;;;;;;;;;2
1369;54;5;2;1;;29;;;;;;;;;;;;;;;;;;;;;
1370;174;35;117;30;4;32;48;16;;;;;;;;;4;;;;;;;;;;2
1371;411;27;28;86;4;160;138;71;27;5;31;156;78;10;21;1;242;56;13;7;;21;16;17;;44;54
1372;471;24;12;70;13;63;55;89;60;50;41;66;67;49;68;49;69;57;59;66;47;57;61;69;56;98;96
1373;271;16;27;110;3;34;16;2;18;4;;19;9;5;1;5;104;1;2;14;11;16;2;9;2;65;99
1374;210;37;37;23;2;;;2;;;;;;;;;;;;;;;;;;;1
1375;1079;35;2;1;3;2;1;5;13;2;2;2;10;;;;24;;;;;;;12;;8;6
1376;423;53;11;94;6;25;58;35;47;46;30;27;34;51;35;3;85;12;16;11;15;12;26;12;21;79;28
1378;311;90;44;95;7;16;7;;;;;;;;;;6;;;;;;;;;;2
1380;273;15;19;8;4;7;2;30;6;13;17;34;39;7;14;7;124;89;64;53;45;2;;18;3;65;19
1381;73;;;;1;;;;;;;;;;;;2;;;;;;;;;;1
1382;95;18;;;;;;;;;;;;;;;;;;;;;;;;;15
1383;25;1;7;;;;;;;;;;;;;;;;;;;;;;;;1
1384;639;30;38;172;25;204;197;219;208;147;240;159;200;102;191;157;196;180;153;172;177;168;110;123;146;11;28
1385;285;97;66;176;10;3;4;;3;;4;;;;;;;;;;;;;;;;4
1386;602;25;58;26;13;24;17;11;62;80;72;49;61;11;69;19;198;27;78;13;18;45;37;36;8;66;103
1387;279;56;75;64;10;93;74;96;152;56;27;64;70;49;38;3;45;33;51;27;16;33;38;8;18;53;55
1388;742;36;17;89;7;65;57;110;63;41;48;65;69;39;56;52;80;63;49;52;36;30;45;25;4;41;11
1390;11;;;;;;;;;;;;;;;;;;;;;;;;;;
1391;60;3;;;;;;;;;;;;;;;3;;;;;;;;;;5
1392;34;1;;;;;;;;;;;;;;;1;;;;;;;;;;
1393;280;27;6;4;4;30;37;48;1;;;54;9;1;1;;1;;1;;;;;;;;6
1394;537;26;16;145;2;60;115;96;41;16;30;108;118;50;13;17;118;95;89;52;42;;;16;;27;4
1395;7;;;;;;;;;;;;;;;;;;;;;;;;;;
1397;58;31;6;;;;;;;;;;;;;;;;;;;;;;;;
1399;1351;33;65;173;15;274;267;95;58;100;134;221;210;92;112;18;311;117;173;92;21;101;24;106;26;172;127
1400;619;128;54;246;11;220;23;13;107;13;36;149;94;90;58;11;159;95;128;126;15;62;66;28;7;61;93
1401;542;86;39;228;15;178;249;187;205;129;260;135;147;118;195;133;95;126;112;119;127;108;74;109;11;127;101
1402;579;119;15;214;12;46;16;136;56;114;267;37;20;20;13;2;;;;;;;;;;;17
1403;464;36;31;94;8;93;105;76;62;70;133;155;107;60;50;5;223;100;115;109;83;73;78;31;39;114;84
1405;645;10;;7;7;12;52;8;18;8;10;6;74;1;8;3;;3;1;1;;5;1;;;;15
1407;126;53;23;34;10;8;3;14;;;;;;;;;;;;;;;;;;;1
1408;133;73;50;;;;;;;;;1;;;;;;;;;;;;;;;12
1409;80;3;4;8;1;;;;;;;;;;;;;;;;;;;;;;
1410;468;69;69;73;2;171;60;34;57;59;177;84;90;62;103;68;80;62;61;76;45;92;88;47;50;92;284
1411;171;35;1;1;2;1;;3;2;;;3;6;;2;5;2;;;;;;;1;1;;
1412;784;17;57;167;12;119;61;81;53;119;189;84;84;61;71;7;86;67;35;28;23;37;34;33;9;47;78
1413;741;107;24;61;4;33;3;11;69;;23;6;17;;7;;23;;;;;6;;8;;7;4
1414;557;50;26;128;12;118;94;76;63;85;133;141;118;94;69;28;160;144;133;83;61;91;68;92;86;121;161
1416;819;23;26;73;4;56;54;25;14;34;8;57;83;37;81;56;83;65;78;66;38;54;55;62;47;42;23
1417;79;2;;;;1;;;;;;;;;;;;;;;;;;;;;2
1419;333;24;17;71;6;68;70;34;15;36;49;68;73;56;9;5;56;57;61;57;45;59;46;11;14;66;38
1420;28;;;;;;;;;;;;;;;;;;;;;;;;;;
1421;504;20;23;74;6;101;60;32;69;42;15;29;12;23;22;32;51;29;18;32;6;34;35;73;32;69;25
1423;130;6;1;2;;;;;;;;;;;;;3;;;;;;;;;;2
1424;;;1;;;;;;;;;;;;;;;;;;;;;;;;
1426;435;3;11;95;1;;6;;;;3;25;6;;17;;115;;;;;;;;;;10
1427;85;5;7;51;;;;;;;;;;;;;;;;;;;;;;;
1428;359;24;33;16;11;12;13;11;11;10;6;14;21;4;6;4;28;8;6;7;9;5;3;8;4;33;58
1429;401;10;20;55;8;9;56;5;10;10;6;13;36;1;;;102;42;31;51;8;39;9;5;1;61;49
1430;266;11;1;32;;;;;;;;;;;;;2;;;;;;;;;;1
1431;510;6;10;82;2;89;122;15;7;6;57;54;56;10;3;3;73;59;57;7;4;16;28;13;;7;25
1432;428;93;161;90;6;126;69;131;128;38;76;46;;;10;;2;;;;;;;;;;2
1433;450;48;17;78;7;71;73;126;131;57;73;68;77;62;72;35;59;61;39;61;54;68;38;46;11;24;68
1435;29;;;;;;;;;;;;;;;;;;;;;;;;;;
1436;494;20;13;136;8;75;26;82;49;60;35;35;80;60;23;2;205;71;147;116;7;119;27;30;62;116;94
1437;104;;;;;;;;;;;;;;;;;;;;;;;;;;
1438;39;59;59;51;6;47;43;43;2;21;;;;;;;;;;;;;;;;;
1439;731;91;51;85;10;117;77;39;62;28;29;74;86;4;12;;105;73;17;16;11;13;13;18;3;44;31
1440;989;95;55;219;13;125;65;122;105;60;132;114;90;113;62;38;110;36;24;19;72;18;36;16;29;54;277
1441;874;61;33;95;12;104;85;103;41;41;39;94;45;20;87;13;103;85;46;28;17;61;43;56;25;101;99
1442;542;157;39;128;9;186;59;172;148;86;59;78;70;28;35;14;158;105;108;89;69;66;24;57;100;70;49
1443;1024;3;;;;2;;;;;;;24;;;;53;;1;;;;;;;14;2
1444;868;79;26;110;7;16;24;16;11;25;16;32;4;5;5;5;17;4;6;5;3;24;28;5;6;46;95
1445;298;13;10;93;6;56;80;5;;;;;;;;;3;;;;;;;;;;22
1446;953;35;19;63;11;5;16;17;49;23;29;44;37;5;57;28;115;;12;12;11;1;1;;5;23;13
1447;244;35;26;32;6;1;6;4;;;7;6;8;4;6;;4;;;5;;8;;11;2;54;20
1449;110;16;3;2;1;;;;;;;;;;;;;;;;;;;;;;
1452;856;42;33;105;16;41;42;25;53;28;9;70;93;26;93;44;200;12;72;42;24;46;26;14;33;44;158
1454;1285;256;272;233;25;155;139;138;173;104;147;122;121;93;110;81;161;123;65;86;68;102;80;66;17;99;79
1456;469;8;34;103;6;118;50;98;49;43;145;60;25;5;6;3;226;144;90;36;;97;70;10;1;56;33
1457;11;;;;;;;;;;;;;;;;;;;;;;;;;;
1458;399;26;23;4;2;3;14;4;21;1;3;1;18;;;;83;20;1;5;4;12;9;8;;12;16
1459;4;15;;;;;;;;;;;;;;;;;;;;;;;;;
1460;138;49;11;;;;;;;;;;;;;;4;;;;;;;;;;7
1461;811;50;84;173;12;78;80;121;95;71;151;105;165;74;78;29;205;106;82;69;35;89;81;55;20;80;147
1462;1066;9;21;227;32;312;204;124;71;164;202;177;195;98;65;4;149;118;71;94;39;112;79;83;51;136;137
1463;150;2;11;25;7;4;5;;;;;;;;;;;;;;;;;;;;1
1464;470;42;143;171;12;138;130;137;53;56;88;42;43;80;18;15;101;138;64;28;16;6;41;10;24;48;45
1465;246;14;10;58;2;62;47;6;12;1;7;2;15;;11;;;;;;;;;;;;
1466;528;21;31;65;9;48;17;1;5;15;71;17;32;3;23;12;24;7;3;3;12;29;14;14;;12;25
1467;639;43;29;108;5;9;7;7;8;23;4;15;24;8;27;12;107;36;19;19;22;7;13;11;8;6;34
1469;68;;;;;;;;;;;;;;;;7;;;;;;;;;;1
1470;64;9;1;;;;;;;;;;;;;;;;;;;;;;;;
1471;4;;;;;;;;;;;;;;;;;;;;;;;;;;
1472;445;42;7;221;2;154;152;78;10;45;10;84;64;12;25;2;160;38;11;34;5;56;45;24;21;64;35
1473;682;28;25;99;1;57;79;42;45;10;40;61;59;48;32;10;90;56;53;49;12;56;50;5;17;74;121
1474;310;15;5;96;9;62;60;81;27;43;74;60;83;64;2;;103;74;68;86;2;48;60;8;2;71;19
1475;602;25;32;143;4;120;75;97;34;57;38;77;116;57;89;5;183;100;108;52;48;96;77;6;14;44;19
1476;335;32;18;87;9;127;58;30;33;31;24;71;97;46;12;17;81;51;24;17;22;22;29;37;31;50;31
1477;765;2;5;28;10;2;16;72;28;75;17;111;109;38;2;;245;85;85;85;32;72;73;9;3;109;21
1478;319;45;5;;;;;;;;;;;;;;3;;;;;;;;;;3
1480;1127;94;87;80;8;89;89;43;42;48;87;124;103;77;47;6;173;77;67;86;21;80;87;25;17;35;65
1481;255;31;52;58;;28;2;29;128;35;38;49;86;45;26;;115;62;52;61;11;14;18;20;;33;1
1482;977;50;47;163;18;154;123;86;60;67;71;125;90;86;56;32;164;105;126;93;38;109;71;76;21;84;137
1483;313;37;15;79;1;50;2;23;7;62;2;44;35;19;50;9;4;;;;;11;6;6;;63;98
1484;320;7;25;29;3;75;56;9;;;3;79;53;63;10;2;163;35;;26;16;56;70;9;23;20;67
1485;704;4;;;;;;;;;4;;;;;;;;;;;;;;;;
1486;965;23;8;172;13;98;109;209;70;102;63;134;148;127;40;5;91;178;150;133;17;156;85;55;27;164;129
1487;534;68;110;52;7;46;49;104;67;51;12;63;19;3;26;;68;10;17;40;29;48;50;7;2;20;14
1488;764;132;39;247;11;187;150;179;163;138;148;148;119;137;155;94;109;134;114;102;83;131;108;160;108;89;66
1489;585;49;13;69;15;30;29;53;109;41;8;63;45;8;40;13;120;87;85;69;41;32;42;12;21;53;102
1490;506;119;162;87;7;4;;4;2;;2;;;;;;3;;;;2;;;;;;19
1491;6;;;11;1;;;;;;;;;;;;;;;;;;;;;;
1492;588;22;32;122;11;3;12;17;104;21;47;27;31;30;28;1;165;39;67;2;9;13;10;19;1;32;10
1493;477;37;11;58;3;21;2;24;14;3;25;16;;;13;1;237;86;23;9;2;18;20;4;;32;22
1494;548;10;37;87;9;78;87;182;102;81;98;77;106;60;17;12;169;66;96;92;23;69;68;11;11;39;30
1495;584;94;25;91;9;136;120;87;45;130;69;230;268;198;116;48;173;200;195;174;75;129;140;57;90;234;136
1496;1134;87;100;14;5;4;16;27;90;47;38;17;31;7;43;8;51;7;;9;11;;3;5;;23;15
1497;538;53;25;130;9;69;28;8;12;7;76;28;34;16;18;11;150;122;126;75;20;28;18;35;12;53;78
1498;1001;36;30;107;5;87;71;52;35;35;29;66;95;55;32;7;125;75;73;71;23;60;67;21;3;102;29
1501;266;82;92;55;9;64;66;92;90;51;76;66;61;43;73;46;71;46;38;42;20;16;39;37;18;24;43
1502;908;117;152;295;26;189;93;75;86;94;82;48;76;48;67;13;206;54;42;31;20;86;33;64;13;76;89
1504;1106;29;70;237;19;142;166;132;165;198;120;87;127;65;28;13;205;79;17;21;29;40;49;39;7;34;19
1508;804;92;114;155;7;137;136;119;81;149;169;194;205;70;258;75;167;73;18;29;45;149;132;132;78;140;133
1510;337;16;25;138;2;35;45;34;7;10;41;56;28;29;12;23;75;49;29;20;14;60;22;17;7;55;68
1512;273;17;11;52;4;75;55;63;171;48;42;81;62;65;68;45;132;31;78;71;49;59;45;51;33;20;79
1513;358;4;8;77;8;119;79;56;30;28;64;91;123;49;20;7;120;67;119;63;4;57;72;8;;65;116
1514;1367;31;74;133;5;161;76;232;268;137;206;204;148;106;177;151;267;136;126;88;58;124;108;94;63;83;190
1515;361;61;54;30;5;11;48;16;9;1;83;44;9;3;1;2;7;3;1;3;1;27;19;12;;47;32
1516;343;41;14;4;2;1;4;2;21;;7;8;13;1;9;6;57;12;4;;;11;15;10;;5;4
1517;788;12;12;84;1;194;89;4;;;44;3;;;;;134;84;29;1;;27;;6;;18;13
1518;621;20;18;41;5;43;11;20;2;27;36;29;40;12;2;;223;18;35;19;9;39;20;2;;85;36
1519;457;90;107;101;12;87;15;116;91;45;40;11;90;45;18;11;91;7;62;41;18;10;4;31;2;62;59
1520;103;4;6;30;3;1;;1;;;;;;;;;2;;;;;;;;;;1
1521;111;6;1;9;;;;3;2;2;10;6;5;;;;3;9;;;;;;3;;14;
1522;136;19;19;97;4;11;2;;;;;;;;;;;;;;;;;;;;4
1523;202;8;;;;;;;;;;;;;;;3;;;;;;;;;;2
1524;492;7;14;106;4;31;1;2;27;;5;3;13;;;;56;105;18;6;;6;3;;1;51;15
1525;252;39;38;201;13;156;48;3;3;39;5;2;85;48;77;5;2;;;;;;;;;;1
1527;810;33;98;75;20;74;103;78;51;70;123;69;82;49;68;66;82;71;98;68;76;104;62;71;79;167;139
1529;357;31;19;82;12;17;73;40;53;16;74;71;141;111;45;66;109;105;122;59;53;14;30;24;5;97;103
1530;17;1;8;7;3;;;;;;;;;;;;;;;;;;;;;;1
1531;49;2;;;;;;;;;;;;;;;;;;;;;;;;;12
1533;143;64;98;55;6;54;3;;;;;;;;;;;;;;;;;;;;
1534;220;30;18;9;1;;;;;;;;;;;;;;;;;;;;;;1
1535;1026;30;92;144;6;259;76;55;52;34;92;133;115;126;30;8;157;158;267;108;142;179;78;147;78;124;152
1536;295;14;7;25;6;12;15;22;8;5;18;26;6;;;2;5;2;7;11;6;1;3;1;1;15;38
1537;254;84;89;59;10;73;81;81;5;;;;;;;;;;;;;;;;;;1
1538;513;47;41;106;11;21;44;85;41;42;10;75;19;3;24;7;205;62;87;70;40;32;25;14;10;52;65
1539;871;11;9;27;12;16;65;98;109;33;78;63;35;3;47;74;61;64;58;1;5;12;9;23;8;26;104
1541;197;7;7;53;2;54;45;34;12;23;43;;;;;;3;;;;;;;;;;1
1542;608;113;64;179;20;139;135;62;99;35;73;263;217;151;84;13;189;151;135;253;73;122;159;88;98;114;35
1544;344;22;64;68;7;80;97;85;192;79;157;108;76;68;93;87;116;60;93;73;48;90;63;52;15;59;61
1545;161;30;9;;2;;19;1;3;;;5;76;1;;;5;30;;;;;8;;;49;36
1546;389;45;23;8;14;7;10;54;99;19;18;34;55;8;8;15;57;;16;4;23;18;9;16;7;31;39
1549;636;56;42;87;13;103;141;85;50;34;94;66;53;3;1;;123;59;62;5;13;56;31;31;8;176;125
1550;889;68;29;178;10;194;132;89;34;91;134;196;196;121;33;63;196;158;126;114;37;134;103;22;27;157;98
1551;311;42;100;96;8;63;15;86;50;20;41;25;14;10;37;14;58;83;71;38;2;4;;;;;11
1552;666;58;38;198;14;87;59;84;77;107;74;54;85;67;17;39;193;130;215;97;71;165;75;28;21;92;90
1553;338;36;32;66;13;67;62;35;39;43;55;86;145;66;76;17;113;100;75;69;29;68;71;14;24;101;36
1554;1533;46;56;93;14;110;88;89;57;35;33;84;143;56;35;3;162;77;73;68;6;25;9;6;;46;95
1555;222;13;28;75;3;1;;;;;;;;;;;;;;;;;;;;;7
1556;750;165;102;122;12;35;55;62;49;72;76;60;81;17;51;21;60;12;22;39;25;18;13;53;14;16;129
1557;870;28;31;98;12;162;106;60;51;65;79;125;88;77;20;8;184;74;69;71;2;77;58;27;15;74;42
1558;104;7;10;39;2;;;;;;;;;;;;;;;;;;;;;;
1559;591;;8;71;14;177;89;253;157;81;88;85;71;53;67;85;102;14;5;10;34;60;4;59;9;19;3
1560;1016;59;33;99;7;67;96;16;38;29;5;70;116;15;241;5;41;5;7;18;4;23;47;7;2;3;119
1563;51;7;5;85;8;;2;;;;;;;;;;;;;;;;;;;;17
1564;398;51;38;69;2;49;49;40;11;16;;85;68;20;19;2;77;38;16;14;29;55;19;10;;56;102
1565;747;87;101;114;12;171;133;182;77;66;114;144;108;47;21;6;101;106;87;16;8;35;33;19;10;45;66
1566;466;97;110;84;14;76;68;116;118;79;73;78;81;46;86;52;62;74;72;64;54;53;56;53;16;77;93
1567;963;137;187;104;23;82;36;184;91;71;93;120;100;25;16;2;225;126;77;42;22;53;33;1;19;55;96
1568;867;72;97;192;12;132;40;9;7;1;6;16;92;46;50;7;75;24;17;6;3;58;44;14;2;34;17
1569;517;17;24;38;6;78;21;71;47;16;15;80;73;4;19;9;175;97;84;63;34;63;49;43;3;45;26
1570;682;98;108;176;14;52;101;193;98;56;71;132;175;80;19;7;151;124;103;115;28;116;79;65;24;140;158
1571;174;3;;;;1;;;;;;;;;;;10;;;;;;;;;;6
1572;96;;;;;;;;;;;;;;;;;;;;;;;;;;1
1574;719;37;14;82;3;64;36;28;3;19;5;45;61;46;18;;127;50;15;4;;36;11;;;30;22
1575;385;8;8;133;8;94;79;42;22;3;11;69;91;23;1;;97;68;44;68;4;31;;2;;19;6
1576;725;102;96;59;6;77;79;62;115;51;51;44;34;17;56;7;53;8;35;14;34;10;11;12;;33;8
1577;420;38;15;84;6;107;114;62;120;104;195;103;78;56;86;54;134;75;98;98;89;80;64;112;70;107;131
1578;508;9;5;88;14;91;54;3;24;4;;3;12;2;3;1;67;13;26;;;;;;;;2
1579;503;53;11;108;5;25;62;7;18;16;7;18;40;2;19;3;186;76;1;;;15;8;5;;29;21
1580;192;;5;141;8;137;50;;119;12;14;93;53;12;57;7;;;;;;;;;;;9
1581;599;279;178;167;20;101;16;;;;;;;;;;8;;;;;;;;;;12
1582;28;18;4;;;;;;;;;;;;;;;;;;;;;;;;1
1583;386;24;27;93;3;54;45;11;31;;2;;23;;;;74;40;51;62;3;64;19;1;2;85;35
1584;184;6;15;7;5;35;2;31;;7;10;5;;;;;1;;;;;;;;;;4
1585;193;;3;58;4;1;;;;;;;;;;;;;;;;;;;;;8
1586;1296;16;9;37;9;63;106;6;;22;21;15;25;5;;3;308;94;294;34;2;74;76;107;49;129;121
1587;274;14;22;65;;94;64;9;14;11;6;42;18;;39;;16;14;1;1;7;16;7;15;;11;22
1588;93;82;;;;;;;;;;;;;;;;;;;;;;;;;11
1589;4;;;;;;;;;;;;;;;;;;;;;;;;;;
1590;756;32;50;104;37;232;88;181;282;105;89;155;96;59;104;66;214;170;58;66;70;84;75;54;21;117;130
1591;963;19;181;75;43;304;95;175;123;71;48;113;85;8;16;;7;5;10;;;;;;;;9
1592;162;15;4;;2;;;;;;;;;;;;;;;;;;;;;;
1593;70;7;95;9;;;;;;;;;;;;;;;;;;;;;;;
1594;104;10;3;;;1;;;;;;;;;;;;;;;;;;;;;
1595;677;17;8;101;11;125;26;16;27;12;54;38;10;2;14;3;68;43;22;19;8;15;12;13;;26;31
1598;212;64;107;24;6;2;14;5;33;9;7;78;70;4;20;23;52;1;2;12;6;8;8;4;4;15;15
1599;934;62;63;104;10;148;125;91;103;127;77;130;130;104;48;25;256;116;114;144;26;102;144;165;113;187;234
1600;273;19;3;4;;;;;;;;;;;;;3;;;;;;;;;;4
1602;39;5;;;;;;;;;;;;;;;;;;;;;;;;;
1603;409;24;11;8;3;7;9;20;17;3;22;11;7;7;5;12;50;15;12;12;6;43;21;22;4;27;61
1604;4;;;;;;;;;;;;;;;;;;;;;;;;;;
1605;375;98;38;137;4;122;41;73;126;40;73;54;51;66;2;;3;;;;;;;;;;5
1606;415;22;10;5;4;11;2;3;18;16;20;39;63;5;9;8;55;;36;15;30;14;8;21;2;21;44
1608;671;61;38;138;20;98;90;87;163;186;253;108;37;14;33;20;77;117;97;124;64;87;67;134;63;2;10
1609;263;10;13;36;3;9;2;5;15;1;22;4;3;2;2;;;;;;;;;;;;
1610;386;20;21;73;16;97;52;60;44;35;3;36;35;12;3;3;116;;3;19;50;37;6;24;11;41;57
1611;152;47;8;63;3;68;;17;3;;;;;;;;;;;;;;;;;;20
1612;413;39;27;36;8;35;45;148;48;25;46;59;102;2;97;27;239;62;148;14;61;27;5;14;9;37;94
1613;59;13;3;;;;;;;;;;;;;;;;;;;;;;;;
1614;654;40;29;129;7;121;81;71;38;54;37;88;123;113;38;5;163;81;108;64;14;88;83;18;6;126;114
1615;157;2;;;;;;;;;;;;;;;2;;;;;;;;;;
1616;913;32;34;122;9;91;113;57;39;99;178;147;137;81;105;18;365;181;202;134;57;98;76;17;8;136;102
1617;292;20;31;81;12;66;69;4;;;;;;;;;3;;;;;;;;;;1
1618;495;16;16;120;3;104;87;46;14;34;12;88;95;56;;;74;58;92;67;4;94;50;;;42;15
1619;1380;16;117;219;14;190;102;63;111;38;61;139;126;71;18;9;189;85;219;107;47;99;124;4;18;82;10
1620;212;117;167;94;3;2;;;;;;;;;;;;;;;;;;;;;5
1621;726;213;236;271;24;287;266;289;190;337;312;197;254;179;265;162;264;351;349;247;191;202;187;201;114;170;198
1622;281;57;127;143;5;83;44;67;24;;91;3;1;;;;4;;;;;;;;;;
1623;4;2;;;;;;;;;;;;;;;;;;;;;;;;;
1624;1128;162;79;132;19;115;138;149;84;57;54;156;96;121;13;6;139;171;206;106;7;105;62;15;29;44;40
1625;419;88;27;32;24;208;73;106;102;57;35;100;82;37;13;30;54;2;7;43;3;43;52;10;28;167;66
1626;1908;11;50;20;1;28;53;15;57;29;73;38;75;14;64;13;131;18;20;10;23;21;26;30;4;28;86
1627;285;3;19;39;7;10;6;;15;1;1;31;36;21;14;1;102;1;;;;;;;;;4
1628;270;43;5;23;4;4;2;;;;5;9;4;;;;47;;;;;7;9;5;2;13;17
1629;155;25;24;88;5;6;;;;;;;;;;;;;;;;;;;;;1
1630;478;79;47;77;10;68;24;6;5;30;8;17;23;1;21;13;62;33;16;3;8;27;3;14;3;22;10
1631;93;16;8;1;;;;;;;;;;;;;;;;;;;;;;;
1632;745;10;7;89;1;59;1;2;1;2;4;;32;;1;;2;;;;;;;;;;10
1633;1774;137;116;103;35;111;55;48;189;67;179;131;59;31;137;30;209;60;49;19;36;21;21;58;21;68;42
1634;355;23;80;21;6;42;35;82;50;;6;9;13;4;43;2;54;2;3;4;6;9;15;6;1;12;50
1635;281;41;31;59;5;17;28;33;57;47;30;35;11;34;48;12;28;8;14;16;4;21;6;35;16;47;25
1636;331;31;123;85;6;76;54;111;78;70;66;11;76;53;77;48;87;72;48;53;45;79;57;67;31;70;39
1637;790;12;20;86;7;93;99;66;130;32;80;101;96;63;5;2;356;132;115;89;68;74;79;35;31;138;236
1638;319;11;20;135;16;123;110;24;17;3;2;64;7;7;27;30;103;54;30;25;14;55;19;9;4;34;67
1639;121;8;14;58;3;63;2;;;;;;;;;;;;;;;;;;;;6
1640;289;28;20;100;13;19;15;1;2;3;4;24;16;3;4;1;68;5;11;1;1;12;16;22;2;16;5
1641;636;19;15;86;9;170;150;5;70;150;5;83;36;61;13;9;223;151;200;83;19;167;150;46;5;140;154
1642;450;21;8;176;7;146;133;36;15;26;112;57;67;51;8;;160;64;63;69;9;1;;;;;8
1643;165;36;19;72;;;;;;;;;;;;;;;;;;;;;;;2
1644;65;9;4;;2;;;;;;;;;;;;;;;;;;;;;;1
1645;271;89;104;2;2;5;12;53;67;2;95;20;18;1;4;;69;3;;;;1;;15;;29;24
1646;375;47;37;59;9;65;14;92;38;41;15;32;52;17;8;23;35;38;34;56;17;15;21;17;5;12;53
1647;6;;4;1;;;;;;;;;;;;;;;;;;;;;;;
1648;657;82;52;20;3;3;8;4;36;7;41;21;11;4;;;111;7;4;3;7;19;9;3;1;12;32
1650;266;15;5;78;4;98;76;47;27;30;4;79;93;73;;;132;71;79;72;10;74;65;11;12;94;19
1651;225;23;7;114;2;64;29;4;14;4;2;6;;;;;2;;;;;;;;;;5
1652;496;94;76;1;;1;6;15;36;15;20;3;3;1;2;;64;17;11;13;14;15;8;2;2;13;21
1654;495;43;75;34;17;90;62;77;95;22;68;44;24;12;26;15;149;19;;;;47;21;35;17;43;79
1655;245;3;;51;2;41;13;79;38;36;8;41;79;1;3;3;95;80;54;58;14;43;15;9;31;15;26
1656;129;17;5;;;;1;1;7;;;;8;;;;2;5;14;6;10;6;;;;1;
1657;71;15;;;;;;;;;;;;;;;;;;;;;;;;;
1658;135;7;4;44;2;5;2;;;;;;;;;;3;;;;;;;;;;1
1659;75;1;2;;;;;;;;;;;;;2;;;;;;;;;;;3
1660;366;22;11;98;8;75;87;42;72;46;62;90;100;92;35;12;148;150;73;138;91;75;75;64;94;108;56
1661;511;5;34;60;16;37;28;96;59;40;28;65;59;35;44;19;43;11;12;11;13;20;7;11;13;2;2
1662;519;39;66;151;18;175;63;;;;;;;;;;5;;;;;;;;;;4
1663;2;6;;;;;;;;;;;;;;;;;;;;;;;;;
1664;442;13;34;99;3;82;68;52;64;21;61;71;98;7;56;8;111;23;26;21;14;43;18;16;2;36;44
1665;531;22;32;83;23;121;122;100;120;95;137;93;106;64;63;20;114;137;104;92;25;83;79;14;27;122;97
1666;778;99;119;56;14;89;80;106;124;50;18;71;76;39;60;53;89;82;48;62;42;71;43;28;24;39;23
1667;17;1;;;;;;;;;;;;;;;;;;;;;;;;;
1669;81;11;;;;;;;;;;;;;;;2;;;;;;;;;;
1670;493;20;19;92;12;228;126;101;113;86;156;115;158;86;150;59;125;87;59;63;17;53;51;40;7;43;71
1671;481;35;5;99;6;76;51;32;28;28;9;65;63;38;4;;166;74;81;58;9;69;53;19;14;114;28
1672;735;11;19;42;5;22;42;33;35;23;83;90;67;29;64;3;223;93;48;17;2;61;36;8;4;67;77
1673;57;17;19;;1;;;1;;;;;;;;;;;;;;;;;;;
1674;698;16;27;153;7;145;61;35;19;2;4;35;35;3;16;2;79;27;3;;;21;8;12;;35;50
1675;345;9;41;65;5;70;71;31;7;1;5;57;89;;11;2;78;58;63;70;36;25;14;12;3;8;9
1676;602;122;153;82;10;99;89;153;118;84;103;106;93;50;104;63;80;75;89;95;60;91;70;80;32;7;124
1677;31;16;;;;;;;;;;;;;;;;;;;;;;;;;1
1679;299;39;9;52;5;80;40;64;41;1;20;21;13;11;;10;108;1;7;;;;;3;;31;12
1681;568;17;7;57;9;1;17;2;;2;2;11;6;4;7;2;51;5;3;1;6;2;6;4;;51;
1682;2004;67;158;114;31;138;218;160;202;32;109;124;118;27;100;37;253;100;89;59;40;92;44;49;30;57;154
1683;70;1;;;;;;;;;;;;;;;;;;;;;;;;;
1684;166;20;11;68;2;52;56;5;;;;10;10;10;;;49;33;10;15;;16;26;;;48;10
1685;448;37;29;46;3;79;67;66;76;63;25;68;66;26;55;39;62;13;4;2;;46;1;7;;20;7
1686;78;16;;;;;;;;;;;;;;;;;;;;;;;;;12
1687;758;15;27;89;9;101;73;170;128;69;153;87;74;56;86;66;76;83;57;124;43;76;68;113;86;107;125
1688;298;17;10;32;2;26;6;1;6;;7;9;17;1;10;4;31;7;3;2;1;13;16;10;;34;21
1689;487;16;30;66;15;121;106;125;70;44;86;73;116;56;19;7;66;78;58;67;15;61;50;40;26;77;61
1692;140;73;78;49;6;43;1;;;;;;;;;;;;;;;;;;;;1
1694;289;13;3;91;9;24;1;;;;;;;;;;;;;;;;;;;;5
1695;558;59;29;101;7;56;18;3;4;11;9;24;28;10;;;71;6;6;6;;21;17;8;;;28
1696;104;22;;;1;;;;;;;;;;;;;;;;;;;;;;
1697;146;37;25;100;5;;;;;;;;;;;;2;;;;;;;;;;
1698;668;78;192;108;11;144;88;113;142;79;56;82;78;54;108;50;77;67;57;59;54;54;61;57;47;90;27
1699;235;55;8;104;9;156;2;;;;;;;;;;;;;;;;;;;;2
1700;318;85;14;52;1;23;;20;16;4;3;43;42;4;36;;5;;;;;;;3;;29;32
1701;489;7;19;110;4;155;169;237;203;119;67;18;42;6;38;13;116;9;14;18;15;27;8;16;7;32;34
1702;319;48;7;45;1;10;;17;20;12;1;1;19;;;;30;;2;8;1;2;2;;;5;
1703;12;;;;;;;;;;;;;;;;;;;;;;;;;;3
1704;270;55;;;;;;;;;;;;;;;;;;;;;;;;;13
1705;301;3;1;16;4;1;3;27;19;42;7;26;36;12;17;13;31;10;19;54;35;12;14;15;5;32;31
1706;954;11;79;70;15;80;86;130;162;106;96;93;138;43;16;1;170;90;68;89;23;95;55;42;18;55;33
1707;309;31;16;75;4;3;3;;2;4;2;34;59;15;1;2;55;27;7;4;;33;29;1;2;26;33
1708;615;59;75;145;13;89;52;74;68;38;96;119;115;74;89;56;129;75;86;79;66;93;13;70;62;100;143
1709;484;42;20;200;10;21;2;;7;6;2;2;13;3;10;;58;1;14;;2;;39;;;18;25
1710;542;78;82;140;8;96;103;123;106;69;194;123;116;101;111;92;15;4;3;12;8;17;29;17;3;22;51
1711;355;;4;68;3;71;28;7;;10;2;17;27;;;;52;15;25;2;;5;2;;;22;5
1712;31;3;4;;;;;;;;;;;;;;;;;;;;;;;;1
1713;212;7;6;15;2;;2;;5;;;;;;;;4;;;;;;;;;;
1714;420;27;;77;1;49;51;27;;;;4;2;2;;;40;3;6;6;3;4;5;8;4;8;71
1715;835;37;55;146;11;124;52;137;43;22;40;32;44;31;2;17;106;19;15;;;12;3;1;;8;18
1716;274;33;47;93;8;42;40;17;41;42;43;44;69;13;64;22;72;4;10;2;9;29;15;39;9;46;54
1717;659;34;25;5;2;;11;50;14;22;40;38;39;28;18;23;61;2;14;;4;9;3;17;1;18;21
1718;68;30;7;16;;;;;;;;;;;;;2;;;;;;;;;;1
1719;334;;;15;;;;1;;;2;;2;1;;;3;1;;;;;;;;;
1720;114;55;15;5;1;2;;;;;;;;;;;;;;;;;;;;;
1722;575;58;32;147;8;96;106;46;77;85;102;209;157;63;95;6;163;116;104;91;55;127;38;53;;94;64
1723;19;3;;4;2;;1;;;;;;;;;;;;;;;;;;;;1
1725;350;18;24;46;4;7;2;3;;;41;6;2;;;;3;;;;;;;;;;1
1726;473;4;23;112;10;73;46;31;31;34;60;76;76;51;73;72;90;93;71;81;59;73;54;30;4;10;1
1727;483;140;28;5;12;3;;;10;;41;1;;;;;;;;;;;;;;;1
1729;455;3;58;9;1;5;8;12;6;25;18;;33;;6;3;28;;6;6;8;;;19;16;10;2
1730;164;53;107;115;3;99;40;;2;;;;;;;;;;;;;;;;;;6
1731;993;26;42;74;11;139;78;138;209;90;139;109;138;20;110;73;107;75;93;70;37;86;62;78;73;76;124
1732;582;140;220;224;12;200;120;133;92;140;132;115;236;103;96;57;172;71;13;18;21;6;11;30;;130;116
1733;71;15;6;;;;;;;;;;;;;;;;;;;;;;;;4
1734;171;26;31;24;1;2;18;;;4;;;;;;1;2;;;;;;;;;;
1736;791;80;91;68;2;47;27;33;24;8;5;45;87;9;40;5;84;54;126;40;30;24;35;21;14;61;60
1738;862;22;25;143;6;188;127;31;42;75;82;221;150;91;62;36;181;73;78;92;49;75;78;27;24;122;78
1739;94;15;5;5;;;;;;;;;;;;;1;;;;;;;;;;2
1740;62;12;33;7;;;;;;;;;;;;;;;;;;;;;;;3
1741;812;195;266;254;20;177;134;155;100;22;81;60;103;65;119;89;267;101;89;116;60;101;63;81;25;46;111
1742;166;65;28;11;10;10;11;;;;;;;;;;;;;;;;;;;;
1743;316;18;18;146;10;70;37;12;32;65;66;117;122;61;6;;94;63;70;7;;;;;;;15
1745;406;10;134;304;20;159;31;112;54;5;13;7;14;;10;;57;3;;2;6;;4;17;;4;5
1747;1089;66;59;108;17;98;107;65;52;87;131;110;124;62;75;13;159;69;74;80;18;78;79;22;29;87;81
1748;132;12;;90;3;6;;;;;;;;;;;6;;;;;;;;;;6
1749;366;14;7;78;5;86;62;46;44;37;109;65;83;51;12;5;109;69;68;64;41;71;51;67;66;108;63
1750;51;7;2;;;;;;;;;;;;;;;;;;;;;;;;1
1751;521;29;4;80;3;78;22;162;91;38;54;67;49;46;67;65;76;67;52;86;47;53;57;75;40;98;83
1752;1218;78;156;174;19;189;148;153;135;113;240;108;119;46;61;58;145;98;117;43;29;128;54;23;62;147;200
1753;278;57;1;;;;;;;;1;;1;;;;5;;;;1;;;;;;2
1754;481;79;55;135;13;105;75;160;121;20;189;2;58;;38;4;104;11;27;87;4;11;;11;6;;16
1755;83;8;15;;3;;;;;;;;;;;;3;;;;;;;;;;
1756;720;116;47;77;6;80;80;97;122;78;107;82;84;64;98;67;87;69;67;71;51;82;58;66;57;86;26
1757;801;91;123;140;17;88;119;145;242;96;124;87;89;56;112;90;94;67;71;68;63;60;63;91;79;80;86
1758;90;2;2;;;;;;;;;;;;;;;;;;;;;;;;3
1759;604;18;12;65;8;62;43;116;131;75;62;73;86;71;82;65;97;50;84;77;48;69;26;61;23;32;43
1760;221;185;137;10;3;14;7;3;33;26;12;16;40;;;;;;;;;;;;;;5
1761;563;11;19;112;24;83;118;247;294;161;141;96;103;69;124;109;185;100;87;111;92;75;85;82;75;115;145
1762;559;110;57;142;11;172;186;4;21;37;10;130;45;4;8;;128;44;19;69;4;109;87;3;1;45;50
1763;308;23;14;16;8;21;26;57;16;11;20;36;29;2;7;4;84;54;31;2;22;17;5;3;5;5;45
1765;127;19;8;77;8;163;66;;;;;;;;;;;;;;;;;;;;32
1766;621;158;77;98;28;195;66;104;83;18;145;9;40;19;5;4;160;52;37;58;26;27;12;46;2;24;73
1767;191;;5;3;3;2;6;;4;;6;8;9;2;6;5;22;1;2;2;;8;1;8;;3;4
1768;28;;;;;;;;;;;;;;;;1;1;;;;;;;;;
1769;541;14;1;16;7;9;9;10;36;7;6;32;43;6;38;16;26;1;25;14;17;21;1;34;8;24;3
1770;204;48;63;115;7;74;2;23;;;;;;;;;;;;;;;;;;;5
1771;395;15;14;158;1;169;123;43;131;148;177;129;136;62;9;13;97;94;71;27;39;11;2;18;;72;9
1772;53;9;;;;;;;;;;;;;;;;;;;;;;;;;
1773;384;22;17;72;10;90;86;55;14;17;69;74;33;39;1;;68;43;86;76;10;66;27;;;71;31
1774;1032;102;58;85;14;119;99;214;134;93;149;122;162;111;143;129;250;111;117;82;30;131;109;117;72;164;79
1775;54;1;;;;;;;;;;;;;;;;;;;;;;;;;1
1776;591;14;24;87;6;114;48;77;66;29;17;32;73;7;20;22;216;12;55;32;34;34;15;51;10;20;40
1777;939;32;10;137;3;156;105;62;43;37;58;125;168;89;15;10;195;98;98;88;17;90;60;19;46;134;76
1779;138;14;8;77;6;41;2;;;;;;;;;;;;;;;;;;;;12
1780;286;5;5;22;1;8;11;44;10;10;1;22;7;3;9;5;125;38;13;8;10;35;18;32;9;72;9
1781;134;15;;1;;;;;;;;;;;;;;;;;;;;;;;12
1782;975;57;54;355;29;347;201;183;231;83;158;225;249;132;173;145;399;127;121;93;40;113;105;112;64;204;208
1784;249;25;8;33;5;7;17;;;10;4;38;88;13;;5;15;;2;;;2;;10;2;31;21
1785;165;7;1;;;;;;;;;;;;;;2;;;;;;;;;;1
1786;218;9;6;7;6;;;;;;;;;;;;;;;;;;;;;;2
1787;1516;46;141;206;30;164;138;123;147;63;100;176;320;74;141;26;242;172;99;64;35;118;181;157;10;573;364
1788;990;44;32;101;16;142;141;68;105;122;120;226;189;111;140;18;295;94;65;70;20;97;90;58;34;113;130
1789;11;;;;;;;;;;;;;;;;;;;;;;;;;;
1791;96;7;3;84;;16;3;15;1;;;;;;;;;;;;;;;;;;2
1792;289;47;9;71;7;67;47;15;12;;;;;;;;2;;;;;;;;;;1
1793;170;12;9;65;3;94;;1;6;;8;;;;;;;;;;;;;;;;2
1794;162;14;12;76;3;75;7;2;;;;;;;;;4;;;;;;;;;;4
1795;361;53;108;183;4;15;8;28;25;5;4;85;31;44;35;10;120;25;37;14;1;23;22;20;2;33;44
1796;208;51;45;95;7;7;1;;;;;;;;;;;;;;;;;;;;12
1797;250;20;28;60;6;3;3;15;1;;2;11;17;;;;27;;1;11;1;6;;;;;
1799;592;8;10;145;7;157;94;61;35;9;7;90;112;19;20;8;223;47;44;8;11;36;2;12;6;5;146
1800;463;31;61;174;25;117;104;149;92;122;198;125;108;57;87;12;132;92;133;81;59;79;61;57;55;83;74
1802;136;8;5;81;2;53;52;;;;;;;;;;;;;;;;;;;;
1803;16;;1;;;;;;;;;;;;;;;;;;;;;;;;
1804;669;52;12;215;8;65;23;3;11;62;13;22;20;8;43;5;83;9;3;10;1;3;6;19;24;35;152
1805;484;37;79;75;13;62;54;89;36;138;57;59;40;28;35;46;108;74;50;67;41;71;46;5;45;47;65
1807;531;53;77;70;15;71;84;147;66;16;108;36;35;34;33;60;122;54;62;28;40;23;18;29;;20;68
1808;576;73;239;117;36;86;116;180;145;88;99;86;134;11;16;77;154;45;96;79;48;94;68;72;64;107;150
1809;615;38;36;86;11;76;23;50;59;;24;17;8;1;12;5;3;;;;;;;;;;2
1810;133;9;7;73;1;;;;;;;;;;;;1;;;;;;;;;;15
1811;43;15;9;1;5;;;3;;;;;;;;;;;;;;;;;;;
1812;804;9;20;62;9;81;14;29;10;21;19;7;7;;42;8;42;7;17;3;;3;9;13;;27;6
1813;143;15;;1;9;2;;2;;;;;;1;;;;;;;;;;;;;4
1814;481;16;;1;1;;3;;;1;;;3;2;;;101;1;27;1;;1;;;;31;4
1815;271;50;85;50;9;3;6;10;38;4;19;9;27;1;22;;20;1;2;;1;7;14;4;4;;68
1816;213;38;3;;;1;;;;;;;;;;;3;;;;;;;;;;28
1817;19;;2;;1;;;;;;;;;;;;;;;;;;;;;;
1818;785;88;103;170;15;86;96;113;71;69;80;47;54;12;51;27;116;126;63;22;16;14;33;21;2;68;52
1819;579;104;177;151;23;142;143;186;295;151;79;94;97;17;101;20;106;86;74;3;4;;2;;1;;7
1821;266;4;;;7;1;5;;;;;;;;;;;;;;;;;;;;3
1822;200;29;81;111;8;37;22;5;;;;;;;;;2;;;;;;;;;;21
1823;152;16;31;100;1;32;3;;;;;;;;;;6;;;;;;;;;;18
1824;228;1;6;;;;7;18;;;;12;;;8;2;68;1;;;17;2;;;8;;7
1825;403;55;118;44;16;24;40;28;108;43;9;18;38;11;8;8;79;16;6;13;28;15;4;18;12;44;60
1826;269;3;12;12;12;5;2;1;2;14;3;9;6;4;4;2;22;4;3;7;4;;;;;;
1827;697;64;29;136;5;81;120;109;98;99;77;77;125;121;14;;176;107;67;112;15;95;19;29;;105;89
1828;204;33;20;30;5;1;1;;;;;;;;;;;;;;;;;;;;
1829;720;45;42;118;6;92;76;168;134;78;158;113;94;70;89;80;121;118;100;100;56;110;90;88;104;112;155
1830;796;20;23;65;4;87;118;46;87;51;16;98;70;56;38;7;163;117;39;57;5;58;66;;;52;70
1831;182;1;;63;9;6;22;10;11;16;7;;13;;;;;;;;;;;;;;
1832;1345;195;31;205;44;182;81;205;166;147;184;215;123;87;162;91;177;62;;;;;;;;;37
1834;521;76;13;76;11;74;52;;;;4;104;76;54;64;14;183;93;84;63;25;97;75;25;18;30;14
1835;239;64;7;1;7;94;13;8;78;2;3;;;;;;;;;;;;;;;;
1836;712;32;23;63;2;74;64;32;45;19;68;62;75;44;33;5;92;54;100;60;21;53;57;16;16;85;36
1837;220;1;3;;3;;8;1;9;;;2;2;3;;;66;;4;1;;8;;1;3;10;6
1838;1044;36;38;31;15;89;88;78;151;83;25;86;67;27;47;53;134;148;48;28;18;9;3;9;5;9;50
1840;13;5;;;;;;;;;;;;;;;;;;;;;;;;;
1842;282;30;68;5;4;3;9;8;17;18;7;13;16;6;8;8;27;;13;14;20;2;;3;3;1;2
1843;137;40;10;52;3;1;;3;;;;;;;;;;;;;;;;;;;7
1844;;;3;;;;;;;;;;;;;;;;;;;;;;;;
1846;825;60;103;53;10;3;42;9;30;2;12;12;28;1;10;;89;19;1;10;5;;;;;22;33
1847;337;6;26;72;2;62;11;5;3;29;5;56;41;10;6;5;109;2;11;1;1;;;;;21;4
1848;1501;45;21;69;16;14;28;129;152;49;19;68;67;36;8;11;128;32;73;18;12;12;24;48;13;2;31
1849;27;4;;;;;;;;;;;;;;;;;;;;;;;;;
1851;452;5;5;89;11;40;17;23;12;24;30;88;35;55;1;;104;18;5;3;2;3;2;4;;4;16
1852;166;16;6;75;1;71;57;29;9;6;6;;;;;;1;;;;;;;;;;2
1854;37;7;;;;1;;;;;;;;;;;;;;;;;;;;;
1855;22;8;;;;;;;;;;;;;;;;;;;;;;;;;1
1856;90;29;3;2;2;;;;;;;;;;;;3;;;;;;;;;;16
1857;501;12;36;106;12;140;120;108;48;114;106;147;115;87;30;13;128;71;86;84;13;78;71;;10;88;30
1858;59;19;;;;;;;;;;;;;;;2;;;;;;;;;;
1859;40;11;4;;;;;;;;;;;;;;1;;;;;;;;;;
1860;225;37;7;7;2;18;35;4;11;3;11;64;15;2;1;;;;;;;29;3;24;;37;18
1861;578;12;58;11;8;22;33;14;8;3;14;50;22;2;16;14;77;16;14;22;15;60;25;33;8;66;26
1862;503;74;145;150;5;166;79;80;90;6;6;48;110;43;11;;138;70;20;28;11;54;34;11;1;346;75
1863;1885;114;105;80;18;111;41;60;90;33;125;70;42;17;94;9;77;13;6;20;36;11;3;33;;39;55
1864;26;4;7;1;;;;;;;;;;;;;;;;;;;;;;;
1865;14;47;1;;;;;;;;;;;;;;;;;;;;;;;;
1866;38;5;;43;;6;;;;;;;;;;;;;;;;;;;;;18
1868;978;58;120;93;38;131;86;225;146;92;109;145;75;70;108;41;107;102;106;93;57;109;109;119;49;133;124
1869;642;95;13;88;16;20;37;2;79;8;16;10;38;1;13;14;160;21;83;93;56;10;;21;10;90;155
1870;393;4;5;;;1;;10;;;;;13;;;;19;13;1;;;4;1;2;;16;1
1871;220;3;10;13;;;;;9;9;3;15;9;14;;2;12;;;7;3;1;6;5;5;16;1
1872;403;18;85;43;3;45;41;87;71;53;12;30;13;36;53;17;30;47;2;59;;35;3;6;2;6;7
1873;1;;;;;;;;;;;;;;;;;;;;;;;;;;
1874;192;49;8;25;6;9;3;8;;;;2;;;;;;;;;;;;;;;1
1877;12;;;;;;;;;;;;;;;;;;;;;;;;;;
1878;384;8;;;2;;4;9;;;2;8;9;5;;;23;;7;2;6;4;16;48;3;7;37
1879;74;10;2;18;2;;;;;;;;;;;;;;;;;;;;;;1
1880;171;1;1;10;;;6;5;;;;;;;;;;;;;;;;;;;
1881;445;1;;52;1;8;16;6;41;;8;4;;1;;;3;;;;;;;;;;1
1882;620;14;8;76;11;89;4;21;163;31;19;59;24;2;37;4;8;;5;10;;12;9;6;1;25;1
1883;535;1;1;2;5;;4;;;;2;2;3;;;;33;23;49;9;25;;;;;38;6
1884;282;51;77;16;7;125;31;85;27;;;;;;;;;;;;;;;;;;
1885;100;4;2;;1;4;1;;;;;;;;;;;;;;;;;;;;
1887;112;37;88;79;8;135;40;48;34;1;16;;2;;;;;;;;;;;;;;
1888;119;47;27;68;8;26;3;1;2;;;;;;;;;;;;;;;;;;
1889;152;10;23;19;3;10;1;2;9;;17;10;12;;;;;;;;;;;;;;
1890;885;52;67;15;11;26;15;32;49;54;15;60;38;7;55;15;72;9;9;8;14;20;9;19;7;18;21
1891;365;28;12;62;10;57;49;104;53;41;48;62;98;27;43;16;104;61;27;9;13;20;10;60;9;40;35
1892;1067;29;30;126;5;89;72;32;19;71;51;85;123;48;19;5;93;58;104;66;50;75;68;19;57;118;152
1894;358;25;33;109;6;83;92;50;123;65;135;130;91;52;117;72;196;71;136;73;93;52;56;39;17;100;116
1895;576;43;25;30;18;12;6;31;34;1;7;16;3;2;;;41;;;;;;1;8;;18;34
1896;575;59;52;97;13;94;100;61;58;47;117;117;111;50;119;76;223;121;102;46;28;69;39;68;65;61;104
1897;147;2;10;;;;;;;;;;;;;;2;;;;;;;;;;
1898;297;1;;;5;;1;2;;;;;;;;;4;;;;;;;;;;1
1899;119;10;6;57;4;;;;;;;;;;;;2;;;;;;;;;;10
1900;413;10;12;62;10;76;46;92;107;141;30;51;14;;4;3;4;;;;;2;;;;;21
1901;35;4;;;;;;;;;;;;;;;;;;;;;;;;;5
1902;139;39;3;1;2;8;;2;;;;;;;;;2;;;;;;;;;;8
1904;41;;;3;1;1;;;;;;;;;;;;;;;;;;;;;
1905;263;19;29;49;5;17;25;2;4;1;2;27;19;;;;1;;6;23;;19;16;10;;21;29
1906;483;44;44;53;12;108;89;109;151;126;167;137;134;58;134;109;157;89;91;86;50;96;111;79;53;122;140
1907;999;92;54;146;49;220;31;115;128;43;99;138;111;52;78;49;187;135;107;55;47;99;68;40;10;94;90
1908;476;6;17;73;11;86;24;18;30;23;48;13;84;5;;2;69;13;18;3;;6;;2;;44;20
1909;846;50;25;32;15;63;65;98;97;43;115;186;105;48;77;45;135;54;72;70;65;76;61;68;17;13;35
1911;439;7;9;48;6;68;66;50;32;35;50;85;71;48;12;6;75;60;76;63;5;61;69;14;1;62;47
1912;53;;;;;;;;;;;;;;;;;;;;;;;;;;10
1913;84;;;;;;;;;;;;;;;;;;;;;;;;;;
1914;581;39;38;80;21;36;28;43;125;29;33;26;10;4;48;11;115;38;33;11;1;17;9;22;;48;48
1915;463;141;15;50;12;145;49;53;29;6;13;75;121;62;97;86;95;72;91;81;20;50;57;48;45;1;26
1916;297;40;4;75;4;87;33;;;;;;;;;;;;;;;;;;;;1
1917;8;;;;;;;;;;;;;;;;;;;;;;;;;;
1918;516;85;28;41;11;39;22;77;24;10;58;86;88;44;39;14;94;77;84;76;5;53;55;18;16;53;9
1919;53;39;;5;;3;4;10;;;;1;;;;;;;;;;;;;;;11
1920;309;40;33;213;11;128;83;63;134;41;101;140;4;;;;2;;;;;;;;;;10
1921;76;12;;;;;;2;;;;;;;;;;;;;;;;;;;
1923;127;11;12;;1;63;65;16;33;18;25;;5;;30;32;;;;;;;;;;;
1925;6;;;;;;;;;;;;;;;;;;;;;;;;;;
1926;679;62;83;45;3;50;58;69;22;35;24;47;4;2;4;;2;;;;;;2;;;11;26
1927;130;53;44;;;;;;;;;;;;;;;;;;;;;;;;6
1928;100;43;7;;;;6;8;31;2;2;;;;;;2;;;;;;;;;;2
1929;456;4;3;;;6;;;;;3;;6;;;;9;;;;;;;;;;2
1930;18;2;;;;;;;;;;;;;;;;;;;;;;;;;
1933;305;34;27;100;4;84;95;92;32;36;6;76;87;50;14;;104;55;100;88;1;57;77;;6;60;49
1934;104;11;3;56;5;;;;;;;;;;;;;;;;;;;;;;7
1935;918;34;43;266;8;461;222;132;49;92;85;100;72;33;35;13;240;22;15;16;2;80;31;25;5;76;84
1936;802;19;28;103;12;109;90;41;25;30;78;108;127;49;11;8;108;56;33;40;18;36;24;36;21;43;29
1937;946;36;46;139;12;152;167;274;247;118;169;158;127;97;142;92;84;81;80;92;72;97;84;94;62;106;119
1938;20;2;;;;;;;;;;;;;;;;;;;;;;;;;
1939;205;79;116;54;4;20;;;;;;;;;;;;;;;;;;;;;4
1940;173;18;69;49;4;52;52;69;52;44;41;42;42;36;43;49;22;49;42;;;;;1;26;;8
1941;1100;62;53;84;16;156;141;133;140;92;282;186;148;71;91;94;202;116;100;97;100;111;85;111;50;174;142
1942;438;16;5;328;4;195;179;3;;;2;;;;;;3;;;;;;;;;;4
1944;4;;;;;;;;;;;;;;;;;;;;;;;;;;
1945;203;12;17;5;4;1;2;;3;;;;;;;;;;;;;;;;;;4
1946;188;39;24;25;4;;19;15;27;26;5;21;21;3;16;;41;8;15;10;13;7;;15;5;7;66
1947;94;38;;;1;1;;;;;;;;;;;3;;;;;;;;;;
1949;115;21;15;3;2;6;;4;3;;;;;;;;;;;;;;;;;;1
1950;218;136;96;94;2;1;;;;;3;;;;;;47;;;;;8;5;10;;3;3
1951;97;2;89;12;1;;;;;;;;;;;;1;;;;;;;;;;3
1952;263;36;10;14;3;8;7;24;21;17;2;59;19;23;;15;97;23;7;4;15;26;3;21;;12;4
1953;637;116;158;125;19;114;101;198;160;154;172;105;101;62;100;78;111;77;99;78;69;71;74;71;67;95;111
1954;42;4;;;;;;;;;;;;;;;2;;;;;;;;;;
1955;322;38;9;77;4;64;63;21;19;36;2;94;57;48;6;12;130;69;74;55;7;75;73;6;4;43;38
1956;2;3;;;;;;;;;;;;;;;;;;;;;;;;;3
1957;374;32;17;169;5;88;30;25;24;3;10;49;18;;22;;8;1;;;5;;;;1;20;12
1958;69;10;28;1;3;;;;;;;;;;;;;;;;;;;;;;
1960;42;4;1;;3;;;;;;;;;;;;;;;;;;;;;;1
1962;70;41;;3;1;;;1;;;;;;;;;;;;;;;;;;;
1967;1217;51;33;114;11;112;144;222;35;123;131;182;181;113;11;21;240;218;189;148;32;148;107;52;32;210;70
1968;148;18;;;;;;;1;;;;;;;;2;;;;;;;;;;
1969;638;21;3;52;3;69;57;24;2;36;28;58;57;;19;;149;53;3;;;4;;8;;6;11
1970;714;25;8;133;8;19;9;118;35;65;40;17;10;6;14;9;137;26;7;6;14;39;9;4;6;22;121
1971;314;3;2;55;1;20;5;30;;16;;14;36;9;3;;17;;;;2;;;7;3;11;53
1972;30;1;1;;;;;;;;;;;;;;4;;;;;;;;;;
1973;428;14;3;;2;;10;1;4;1;1;16;13;5;3;3;13;8;7;7;15;4;;11;13;13;21
1975;21;2;6;;;;;;;;;;;;;;;;;;;;;;;;
1976;832;15;96;90;7;129;53;26;35;40;13;101;35;16;6;5;69;15;10;20;3;30;34;14;6;30;58
1977;254;36;8;83;;;2;;;;;;;;;;;;;;;;;;;;3
1978;288;1;3;14;3;42;42;54;9;32;18;27;5;13;16;9;58;3;4;3;5;41;14;33;2;21;35
1980;65;12;5;1;;1;;;;;;;;;;;;;;;;;;;;;1
1981;791;73;71;96;5;64;53;61;116;52;107;67;69;15;84;18;78;71;21;19;38;8;11;15;13;26;53
1983;407;10;;;;;2;;;;2;14;3;;;;36;8;35;;3;;;7;;16;36
1984;67;19;2;1;2;;;;;;;;;;;;;;;;;;;;;;
1986;921;74;17;389;11;190;207;181;104;105;101;189;200;173;84;29;275;211;140;111;64;99;83;60;46;176;96
1987;401;20;25;143;12;140;114;81;59;39;12;66;33;19;12;38;40;17;28;58;43;30;7;43;14;26;46
1988;449;18;6;126;10;143;130;59;46;21;8;79;53;7;2;3;117;16;3;6;;14;9;;3;23;30
1989;137;15;10;52;6;1;2;;2;;;;;3;;;;;;;;;;;;;
1992;18;;;;1;;;;;;;;;;;;;;;;;;;;;;
1993;485;61;41;86;10;100;93;178;159;67;101;70;80;;32;5;153;59;23;19;11;10;1;15;;7;84
1994;323;66;65;25;1;;19;;;;52;12;7;;;;25;;42;;1;;;;;;1
1995;3;2;;;;;;;;;;;;;;;;;;;;;;;;;
1996;1287;70;158;293;11;352;173;64;35;37;13;85;150;61;19;19;256;111;58;112;3;3;;1;1;1;6
1997;270;14;7;110;16;105;41;11;29;2;2;35;;2;;;;;;;;;;;;;3
1998;605;53;18;24;2;;;12;7;14;11;6;72;2;1;28;280;1;5;23;;2;;;;;12
2000;386;4;6;75;;60;73;37;38;12;7;59;57;36;44;26;58;77;63;40;40;38;8;39;52;76;47
2001;671;45;25;189;10;166;156;69;72;60;68;111;122;61;44;16;128;137;109;80;20;81;74;21;19;111;170
2002;98;5;8;;;;;;;;;;;;;;;;;;;;;;;;
2003;274;1;12;62;3;57;44;34;13;4;;55;52;39;21;;73;54;47;69;3;;;;;;1
2004;732;89;91;69;8;66;111;37;121;44;134;86;94;47;85;55;140;70;67;58;38;52;50;41;22;74;122
2005;581;8;25;95;15;170;150;72;55;63;79;80;113;66;50;49;164;106;110;97;33;69;115;59;45;104;121
2006;1168;33;4;43;17;131;92;75;37;88;44;126;61;48;57;5;98;70;76;85;28;82;47;19;7;10;21
2008;41;6;4;68;;;;;;;;;;;;;;;;;;;;;;;2
2009;391;27;10;89;4;1;4;3;27;17;1;81;22;1;11;3;142;26;15;3;17;7;29;5;6;2;121
2011;64;;;2;3;;;;;;2;;1;;;;;;;;;;;;;;
2012;382;6;14;2;3;2;6;14;30;4;3;23;11;4;23;8;2;4;1;;11;19;5;17;6;65;73
2013;415;27;54;164;19;147;133;147;114;159;104;110;85;79;107;77;104;100;113;118;111;95;65;72;59;116;85
2014;721;49;23;82;14;39;40;67;23;15;22;19;10;9;9;12;44;11;8;5;5;9;3;14;2;4;42
2015;669;36;15;96;16;170;83;52;113;102;102;90;126;65;120;89;146;121;130;96;59;80;100;29;33;76;118
2016;330;3;;5;;;;29;;;;;;;;;3;;;;;;;;;;2
2018;728;33;49;28;10;14;10;27;78;17;25;23;23;15;6;1;167;3;7;6;19;79;6;26;5;25;83
2019;5;5;;;;;;;;;;;;;;;;;;;;;;;;;
2020;206;16;1;;;;;;;;;;;;;;;;;;;;;;;;
2021;798;32;4;84;12;101;84;37;44;28;74;75;84;60;15;12;154;68;73;39;14;40;39;13;1;11;23
2022;277;13;28;105;2;23;13;28;40;9;15;48;19;5;13;13;160;43;27;33;17;35;7;42;10;16;45
2023;24;3;;;;;;;;;;;;;;;;;;;;;;;;;1
2024;43;7;;;;;;;;;;;;;;;;;;;;;;;;;
2025;350;47;110;72;7;56;60;108;111;37;87;57;45;18;27;3;3;4;3;2;1;14;6;14;;14;20
2026;841;138;78;166;13;151;139;101;89;91;111;159;192;93;135;99;120;106;86;89;39;80;81;48;14;118;98
2027;356;4;2;42;4;1;;12;3;9;2;13;14;1;11;5;72;19;4;12;11;7;;5;;;13
2029;598;31;3;185;12;173;161;111;90;64;97;98;123;55;10;5;149;66;69;90;4;95;58;;;80;43
2030;1;10;;;;;;;;;;;;;;;;;;;;;;;;;
2031;655;36;77;135;7;26;56;39;122;61;280;160;59;15;16;6;89;13;;12;6;22;85;84;37;99;96
2032;214;30;16;117;6;105;55;26;3;1;2;57;39;8;468;304;149;9;17;3;9;7;19;22;3;75;14
2033;15;1;;;;;;;;;;;;;;;;;;;;;;;;;
2034;468;128;60;62;10;69;4;75;72;50;18;39;40;4;43;32;112;34;3;8;3;48;31;13;1;22;3
2035;252;16;5;11;2;;1;;;;;11;12;;1;2;16;;;1;;;24;;;17;2
2036;183;88;137;44;7;39;13;;;;;;;;;;;;;;;;;;;;
2037;582;121;162;189;4;91;10;75;91;17;91;90;76;1;43;;122;25;29;4;;63;14;30;9;49;130
2038;20;;;;;;;;;;;;;;;;;;;;;;;;;;
2039;121;16;6;;;;1;;2;;4;;5;;;;6;;;;;4;5;9;;12;29
2040;1134;137;141;22;17;21;31;113;80;37;95;54;53;12;54;22;97;29;40;11;29;57;40;75;22;118;100
2041;103;4;;45;1;;;;;;;;;;;;;;;;;;;;;;
2042;214;7;7;63;2;64;49;24;3;21;2;31;31;2;;;89;1;3;6;;;;;;;19
2043;467;32;28;;6;54;62;80;66;25;26;98;79;59;94;26;86;50;53;86;24;76;46;27;2;40;50
2044;153;22;5;85;3;30;83;29;;;;;;;;;;;;;;;;;;;1
2045;1144;58;17;89;3;122;73;36;22;41;108;51;23;10;5;4;116;128;77;26;7;70;8;42;7;69;87
2047;320;51;20;275;6;213;15;18;42;21;21;34;9;3;14;9;1;7;1;15;7;44;17;25;7;59;42
2048;322;22;9;66;2;24;15;35;40;19;15;17;27;20;33;11;83;18;5;19;16;7;15;22;23;26;61
2049;251;16;;5;;6;1;;1;;11;12;65;;;;9;2;3;4;2;;;;;;1
2050;23;;;;;;;;;;;;;;;;;;;;;;;;;;
2051;277;9;3;124;8;8;6;41;;;;;;;;;;;;;;;;;;;2
2052;166;6;8;41;3;;;;;;;;;;;;;;;;;;;;;;14
2054;255;59;93;64;3;20;56;6;4;;;2;7;;;;44;54;46;1;4;;;3;;16;
2055;375;33;19;14;6;3;2;;;2;;;5;;;;65;;;;;;;;;22;7
2056;10;;;;;;;;;;;;;;;;;;;;;;;;;;
2057;4;;;6;;;;;;;;;;;;;;;;;;;;;;;
2058;953;95;105;76;5;66;63;32;36;9;18;67;30;6;16;12;123;17;5;;1;2;2;8;;1;11
2059;26;9;3;;;;;;;;;;;;;;;;;;;;;;;;
2060;6;;;;;;;;;;;;;;;;;;;;;;;;;;
2061;523;77;45;20;13;9;2;8;85;16;23;21;53;3;58;5;169;32;7;32;41;3;2;52;4;74;40
2062;631;76;24;29;5;17;14;78;6;5;2;15;6;8;;;32;4;8;2;2;4;2;;2;22;8
2063;474;13;37;7;3;2;2;;;;11;30;4;1;8;1;17;4;19;13;10;26;14;31;24;20;49
2064;457;47;49;57;7;109;77;82;55;7;7;70;105;50;22;16;108;44;94;104;42;15;58;6;;125;42
2065;416;14;4;8;5;7;9;;;;8;10;7;;;;19;;;;;4;4;7;;38;49
2066;558;26;37;85;3;64;46;73;109;44;36;24;35;4;5;5;65;23;23;8;22;22;25;23;8;49;28
2067;112;1;4;22;;;;;;;;;;;;;3;;;;;;;;;;
2068;115;11;6;96;11;68;61;25;4;;;;;;;;3;;;;;;;;;;8
2069;146;13;3;99;3;2;1;;;;;;;;;;;;;;;;;;;;3
2070;172;14;13;5;4;3;;;;;2;1;;;;;;;;;;;;;;;1
2071;53;19;4;11;2;;;;;;;;;;;;;;;;;;;;;;2
2074;375;25;16;78;9;85;48;35;14;22;46;10;10;5;10;16;16;4;28;16;26;7;3;13;4;45;10
2075;331;42;1;11;4;10;7;4;43;21;;42;20;;;;98;35;15;25;23;48;18;39;20;44;84
2076;149;25;13;107;16;84;81;1;12;2;;1;;;;;;;;;;;;;;;
2078;398;13;25;51;8;92;68;45;19;7;12;84;83;6;8;3;21;1;6;6;5;64;59;48;61;50;32
2079;148;55;11;27;1;1;;;;;;;;;;;;;;;;;;;;;9
2080;184;16;6;42;1;67;65;;;;2;;;;;;;;;;;;;;;;
2081;1154;92;87;164;32;324;199;87;114;211;247;159;142;43;30;1;350;46;36;54;30;24;35;24;16;40;145
2082;317;117;173;62;14;76;57;7;;;2;;;;;;5;;;;;;;;;;24
2084;607;11;56;127;13;83;23;102;95;56;71;50;38;10;30;15;102;46;21;11;20;53;31;63;21;84;67
2085;236;12;9;82;7;96;78;44;106;43;38;79;67;12;;;95;68;4;;;;;;;;11
2086;767;26;9;105;9;160;91;88;19;65;101;143;115;92;28;1;168;120;85;106;7;140;106;11;30;117;29
2087;100;6;12;1;2;;;;;;;;;;;;;;;;;;;;;;2
2088;228;29;33;68;5;86;59;;;;4;;;;;;;;;;;;;;;;2
2089;98;;;3;;;;;;;;;;;;;;;;;;;;;;;
2090;513;67;62;14;3;60;45;12;;6;;;10;;;1;20;;2;;;;;4;;29;67
2091;361;10;7;8;4;4;3;7;9;7;4;12;6;6;10;7;26;10;8;3;;9;5;7;6;11;15
2092;337;7;11;50;11;26;51;67;43;;;;;;;;4;;;;;;;;;;2
2093;363;46;10;71;7;101;73;57;38;40;69;83;106;54;88;66;99;75;73;69;46;77;107;67;52;79;99
2094;35;;;;;;;;;;;;;;;;;;;;;;;;;;
2095;342;79;23;43;5;21;28;18;6;19;12;79;39;35;53;5;136;54;26;17;19;65;46;45;6;65;70
2096;1;;;;;;;;;;;;;;;;;;;;;;;;;;
2097;1619;117;98;114;32;124;152;273;245;172;270;221;154;124;254;82;239;113;106;75;79;90;80;125;150;162;197
2099;336;3;3;89;6;80;75;38;;;12;70;90;40;;;110;64;67;61;4;58;42;1;1;55;5
2100;620;14;18;101;8;79;71;55;16;30;7;98;71;10;12;2;123;114;78;102;1;36;30;9;;52;33
2101;426;30;27;140;6;155;156;101;68;51;90;109;191;29;46;3;213;98;148;99;11;83;52;34;5;62;65
2102;344;25;8;99;2;94;16;;17;9;3;2;14;;;;59;37;9;;;;;;;14;19
2103;116;80;4;;;;;;;;;;;;;;;;;;;;;;;;21
2104;94;64;;1;;;;1;;;;;;;;;;;;;;;;;;;
2105;250;14;38;84;11;1;6;129;55;7;2;16;3;;9;5;43;;;;;;;;;1;20
2106;115;9;11;8;1;1;;;;1;1;;;;;;;;;;;;;;;;
2107;433;78;4;;;4;;3;23;;3;;;;;;;;;;;;;;;;1
2108;378;18;6;2;;;2;;;1;;6;4;;8;2;12;;;;;;1;1;;13;5
2109;1481;44;26;88;9;91;92;149;72;170;59;112;87;63;45;31;158;80;79;115;35;67;56;25;17;78;82
2111;148;15;15;;1;;1;1;;;2;21;;;;;18;;5;1;;1;1;;;;8
2112;309;18;16;6;4;4;4;;;;2;18;20;1;18;;51;1;;;;;;;;11;1
2113;218;9;28;2;2;;;;13;1;;1;;;;;11;;;;5;3;;;;;4
2114;454;52;4;2;;5;2;1;33;;11;8;41;4;20;2;18;;;35;1;8;56;4;;3;2
2115;561;123;69;69;10;15;29;123;75;57;61;27;50;3;24;2;79;14;17;16;18;28;15;29;4;23;27
2116;1186;167;46;99;17;94;70;46;24;50;6;118;137;62;83;87;138;99;150;66;25;55;63;33;20;80;140
2117;49;30;;;;;;;;;;;;;;;;;;;;;;;;;7
2120;392;27;50;93;5;66;28;52;64;40;9;22;10;4;;;2;;;8;4;;;;;;4
2121;442;80;95;49;6;8;13;11;;;;;;;;;4;;;;;;;;;;26
2122;109;10;2;54;1;7;6;;8;1;9;4;;;;;25;4;3;;;8;26;9;;3;25
2123;35;6;6;4;;3;;;;;;;;;;;3;;;;;;;;;;2
2124;86;5;9;49;;;;;;;;;;;;;;;;;;;;;;;7
2126;84;;9;104;;;;;;;;;;;;;;;;;;;;;;;4
2127;1120;170;114;72;14;71;67;81;136;49;76;83;60;8;81;28;118;59;51;17;76;78;13;35;21;82;67
2129;77;4;;;;;;;;;;;;;;;;;;;;;;;;;
2130;347;43;41;89;10;70;44;90;104;72;103;64;66;40;54;44;1;;;;11;;;;;;1
2131;328;22;19;38;5;72;38;7;1;6;22;18;17;5;7;3;19;37;6;1;;30;2;;2;31;29
2135;72;8;;;2;;2;;;;;;;;;;;;;;;;;;;;
2136;1012;29;112;100;25;99;69;137;97;66;87;31;17;16;72;14;187;40;68;10;13;42;33;76;18;47;31
2137;349;74;20;39;1;16;42;28;2;;6;74;94;11;14;;63;14;29;4;43;14;10;27;;40;20
2138;180;13;4;;2;2;7;33;12;1;4;22;26;6;5;8;40;17;27;15;20;12;;7;5;16;1
2139;260;38;36;8;;;1;;2;;;;;;;;;;;;;;;;;;1
2140;80;3;;;;;1;;;;;;;;;;;;;;;;;;;;
2141;28;3;;13;;;;;;;;;;;;;;;;;;;;;;;
2142;197;15;6;6;1;;;;;;;;;;;;;;;;;;;;;;4
2145;321;74;34;152;12;109;1;6;;;;;;;;;6;;;;;;;;;;6
2146;681;97;57;151;16;130;15;135;64;19;69;62;85;26;92;10;150;27;28;16;16;49;61;29;12;58;51
2147;55;2;12;2;;;;;;;;;;;;;;;;;;;;;2;;
2148;228;68;86;52;3;67;43;70;70;41;41;57;81;39;50;50;102;47;45;55;40;46;45;42;42;57;55
2149;520;179;69;22;3;4;5;37;50;3;42;32;25;2;28;19;79;12;10;16;1;13;11;26;3;18;23
2150;175;44;6;;1;;;;;;;;;;;;;;;;;;;;;;3
2151;155;3;21;;1;;1;;;2;1;3;21;3;;14;17;;;1;;21;;14;;17;19
2152;342;26;;;;;3;;;;10;43;;;;3;21;;;;;13;;5;;34;69
2153;422;11;5;38;1;32;;4;5;;2;5;30;14;;;;;;;;10;19;2;;25;15
2154;236;3;;329;1;152;114;106;21;;;;;;;;;;;;;;;;;;
2155;273;51;54;225;23;63;28;9;;;14;;;;;;1;;;;;;;;;;5
2156;753;23;24;136;39;166;79;70;70;67;73;39;66;41;38;11;168;49;67;49;17;28;53;7;10;34;92
2157;11;;;;;;;;;;;;;;;;;;;;;;;;;;
2158;147;37;37;22;4;3;1;11;59;31;13;24;30;;;18;25;1;;;;;;;5;1;3
2159;237;31;47;87;10;217;105;18;22;9;15;13;13;22;3;13;9;4;13;8;10;12;;;1;;4
2160;1138;42;8;209;15;105;126;15;6;6;15;164;105;79;3;63;297;93;88;5;35;60;41;15;8;70;7
2161;1402;218;116;277;18;322;213;285;165;130;110;232;200;62;156;150;162;134;142;198;60;76;182;131;102;97;112
2162;284;2;1;58;13;101;98;47;9;9;3;79;82;14;;;117;48;41;45;1;53;34;17;1;42;16
2163;454;56;27;136;8;47;17;22;29;5;40;16;38;8;17;5;23;;;;;;;;;;13
2164;1099;28;38;65;21;160;38;39;126;14;5;19;4;45;28;29;196;22;39;8;19;24;10;11;13;12;25
2165;116;5;;;;;;;;;;;;;;;;;;;;;;;;;
2166;309;3;12;47;17;39;108;13;26;58;53;49;71;17;55;15;76;27;52;41;79;60;32;36;15;54;65
2167;69;5;4;43;;;;;;;;;;;;;;;;;;;;;;;
2168;690;133;150;203;23;18;29;116;219;170;98;34;81;22;66;18;120;79;70;57;37;86;15;139;41;70;73
2170;304;31;14;275;12;175;99;26;49;9;7;53;38;3;6;6;100;32;59;75;2;66;74;14;2;48;17
2171;234;27;14;204;14;158;22;40;130;53;96;71;77;12;21;7;11;;3;;;;;;;;9
2172;498;22;50;74;10;66;11;28;74;12;34;14;32;3;8;21;160;65;32;10;7;24;31;18;10;34;94
2173;132;8;44;6;2;3;3;;;;;;;;;;;;;;;;;;;;
2174;277;95;57;1;10;2;5;29;15;40;91;7;1;;;;2;;;;;;;;;;34
2175;175;65;29;18;;;;;;2;;;;;;;;;;;;;;;;;2
2176;469;35;10;83;7;86;68;64;44;43;87;255;110;89;45;17;155;95;84;97;17;70;80;16;21;70;80
2177;16;;;;;;;;;;;;;;;;1;;;;;;;;;;
2178;318;53;13;107;7;69;83;1;5;;36;117;90;13;33;2;141;75;43;59;16;35;35;18;13;116;41
2180;293;28;22;107;4;56;23;87;38;;15;83;38;3;47;4;67;43;8;;;6;11;28;5;44;11
2181;300;39;29;119;9;103;92;50;8;16;79;90;30;3;52;5;153;67;83;15;5;74;77;5;5;106;47
2182;428;12;10;56;7;67;46;81;102;74;103;68;73;87;97;18;43;46;47;56;38;53;43;24;7;11;92
2183;293;32;17;21;4;10;13;7;22;25;6;2;7;12;1;3;132;100;55;2;8;25;46;51;37;50;8
2184;828;36;22;103;35;129;101;136;75;31;129;129;54;7;74;23;307;114;28;34;7;157;60;73;21;123;50
2185;191;;17;1;2;6;23;22;;;;;;;;;2;;;;;;;;;;
2186;774;55;70;362;14;206;53;48;20;73;96;67;208;15;53;18;234;55;22;51;;6;11;33;;44;121
2187;680;184;78;158;26;162;108;55;73;5;33;56;27;;2;;2;;;;;;;;;;1
2188;59;1;;;;;;;;;;;;;;;;;;;;;;;;;
2189;552;100;5;94;7;166;58;109;100;51;39;77;130;55;61;103;55;37;3;26;2;16;14;27;18;89;33
2190;447;67;43;134;15;96;87;55;19;45;10;114;85;61;8;5;134;49;10;36;12;36;8;5;8;93;15
2191;59;;;;;;;;;;;;;;;;;;;;;;;;;;
2192;106;76;9;42;;;;;;;;;;;;;;;;;;;;;;;10
2193;640;1;19;100;4;74;77;43;120;107;92;26;64;14;62;13;7;2;21;17;25;28;17;28;14;33;30
2194;1114;36;121;85;14;43;26;14;7;;13;60;107;11;26;4;17;;6;;;9;9;27;;128;90
2195;480;26;17;135;10;80;96;11;1;2;42;73;83;49;12;3;139;91;129;89;3;81;72;20;18;84;15
2196;886;61;231;213;17;171;80;151;149;130;94;174;118;65;107;66;175;90;147;58;76;85;66;73;22;55;126
2197;626;31;22;90;6;16;10;39;54;52;38;55;6;22;64;11;176;84;108;121;81;85;82;96;33;53;159
2198;524;37;158;102;11;82;5;6;47;3;2;17;99;51;68;5;132;109;8;7;;;;10;3;27;26
2199;780;8;6;97;16;137;66;73;24;37;106;112;212;116;75;10;167;30;68;91;23;101;90;140;99;162;106
2200;892;28;25;149;9;90;72;55;63;36;32;110;107;68;127;92;219;75;64;9;13;67;64;81;11;72;65
2201;323;1;;3;;;4;;;;2;18;40;1;3;;2;;;;;;;;;;1
2202;117;;;;;;27;;12;;19;12;10;;10;;67;;;;;;;;1;;
2203;708;32;19;138;9;220;186;126;160;131;142;194;170;110;76;30;238;170;133;119;27;140;95;25;58;139;136
2204;580;79;19;42;13;8;2;1;;;2;1;;;;3;139;4;1;;;7;2;10;;41;31
2205;49;;;;;;;;;;;;;;;;;;;;;;;;;;
2206;681;83;39;127;10;126;104;107;249;132;204;93;44;67;107;78;195;61;24;36;30;88;68;50;19;88;99
2207;631;52;41;60;19;99;57;75;44;21;53;75;59;53;9;24;108;35;65;64;18;52;53;36;26;78;39
2208;257;16;30;94;14;87;74;46;14;37;6;37;15;7;;1;123;97;51;23;3;22;19;23;;37;15
2209;873;77;61;132;8;143;126;82;41;28;117;153;111;137;68;23;124;115;91;121;31;67;28;38;14;66;81
2210;821;91;61;167;14;163;76;79;36;2;5;92;99;3;19;9;321;87;61;94;12;73;70;14;5;173;7
2213;276;24;237;89;7;6;1;;;;4;;;;;;;;;;;;;;;;1
2214;583;24;71;23;4;63;44;20;45;41;26;24;39;9;22;8;100;84;44;14;16;75;16;28;3;13;93
2216;1213;118;155;447;36;244;114;248;218;97;406;139;219;68;118;76;211;99;140;104;67;98;69;67;29;64;96
2217;229;50;99;65;3;73;1;3;9;3;2;35;14;;;1;60;4;;;;;;;;;10
2218;1149;158;167;421;20;358;301;224;158;121;231;464;222;124;24;10;485;191;129;133;19;184;123;51;35;221;50
2220;416;27;85;129;10;92;67;116;136;71;123;96;92;47;158;69;61;71;76;67;44;61;69;62;63;119;96
2221;307;38;1;10;;3;2;15;21;3;4;7;3;4;12;2;58;;3;4;3;21;8;14;10;4;11
2222;1090;133;136;103;17;135;122;200;180;110;176;151;114;73;135;89;149;113;96;83;107;74;72;70;82;78;214
2223;1459;45;55;55;24;95;106;97;8;1;1;43;64;5;3;;274;249;124;66;28;86;87;46;;16;122
2224;665;3;3;117;4;71;111;54;18;62;18;149;148;31;22;34;216;40;6;9;3;36;92;;3;55;
2225;130;37;88;65;1;6;27;;;;;;;;;;3;;;;;;;;;;
2226;607;11;41;97;28;97;69;63;23;4;2;33;14;4;61;33;6;;;;;;;;;;8
2227;1281;31;151;161;31;125;171;197;184;167;163;101;136;5;154;21;237;114;125;31;49;60;32;81;63;71;137
2228;311;125;71;94;3;;;;;;;;;;;;2;;;;;;;;;;14
2229;610;37;13;128;21;119;97;104;132;85;141;75;168;51;;;154;93;111;62;;55;61;;13;114;41
2230;441;5;;55;7;56;49;29;12;35;5;11;10;5;3;3;130;11;12;6;3;13;3;3;6;74;24
2231;353;22;9;46;4;1;2;;;;;;;;;;89;18;1;1;;;;;;;1
2233;383;3;9;54;2;7;22;126;20;27;8;61;62;19;64;17;81;23;17;12;19;60;33;37;6;72;20
2234;4;;;;;;;;;;;;;;;;;;;;;;;;;;
2235;612;17;79;162;20;60;84;89;35;39;55;31;81;60;9;8;149;47;84;94;19;63;38;20;;88;15
2236;490;95;82;194;5;182;40;194;23;;3;148;59;;;4;155;184;121;72;20;;;;;;3
2237;216;35;7;85;5;134;119;14;14;2;28;;;;;;2;;;;;;;;;;3
2238;816;57;116;286;9;285;330;92;70;107;171;183;183;57;59;8;232;142;118;102;17;147;100;26;28;153;89
2239;294;137;37;140;24;157;148;39;1;;;;;;16;;;;;;;;;;;;
2241;517;42;56;158;18;169;119;94;108;138;134;161;152;148;132;39;208;49;66;10;7;22;;16;;;29
2243;325;11;19;56;5;53;34;16;45;35;10;32;58;11;29;8;68;11;15;15;19;9;7;27;1;73;15
2244;682;46;36;76;17;86;63;88;137;56;104;87;74;57;85;66;83;70;24;98;50;83;97;58;52;86;120
2245;907;109;143;128;23;153;127;173;117;184;111;188;119;80;126;64;223;200;112;94;31;164;108;72;27;96;111
2246;361;8;12;86;2;91;66;36;31;35;61;68;95;92;28;9;133;92;79;61;;;17;8;20;94;15
2248;415;86;173;89;20;26;24;23;35;29;41;56;6;1;88;;105;8;7;5;1;14;;1;;33;13
2249;832;73;42;143;7;144;135;107;75;101;132;304;167;128;230;62;174;107;87;81;86;77;68;76;84;115;440
2250;114;50;29;8;1;;;1;1;2;;5;34;;9;1;146;27;3;10;;2;;;;2;5
2251;1719;69;150;211;24;108;19;80;57;52;142;128;104;17;5;2;10;2;2;21;16;103;28;57;14;220;45
2252;679;40;107;172;10;205;220;100;259;116;242;196;165;102;135;146;115;169;140;138;131;167;135;163;172;175;220
2254;526;92;126;132;16;98;95;127;117;82;107;66;104;58;33;23;82;75;57;111;33;78;78;59;73;79;69
2255;52;73;83;48;1;22;4;;;;;;;;;;;;;;;;;;;;
2256;622;23;134;34;12;82;47;112;84;57;60;60;53;13;97;14;105;86;32;27;11;67;67;57;31;52;87
2257;188;4;;;;;;;;;;;;;;;2;;;;;;;;;;12
2258;165;7;2;;;;7;;;;;;;;;;2;;;;;;;;;;3
2259;600;11;15;48;12;41;77;129;133;51;57;53;77;46;139;59;116;31;50;84;75;23;52;44;40;49;4
2260;195;34;3;160;3;111;20;2;;2;;;;;;;;;;;;;;;;;2
2262;192;8;5;41;2;;2;31;3;;;52;;;;;;;;;;;;;;;5
2263;706;333;230;144;19;128;90;243;110;65;69;83;57;86;84;24;220;122;99;53;54;53;43;92;46;129;274
2264;721;12;109;1;3;23;19;;14;;33;2;24;;16;;78;6;19;22;4;16;8;22;1;35;76
2265;451;27;30;113;13;116;71;80;59;29;45;;;;;;2;;;;;;;;;;1
2266;308;47;30;185;16;354;165;184;;;;;;;;;;;;;;;;;;;17
2267;321;19;17;66;2;65;75;109;129;86;108;83;73;24;116;50;111;81;39;11;;20;13;25;;41;29
2268;520;22;44;65;4;52;57;69;94;26;53;82;100;36;48;44;96;16;24;6;37;41;9;21;8;93;118
2269;545;110;162;79;14;72;93;118;182;91;131;103;76;55;96;73;124;84;81;126;101;89;76;74;86;156;156
2270;552;69;54;99;25;127;26;94;80;10;41;92;58;5;61;27;227;120;112;76;18;61;42;43;15;113;192
2271;453;34;35;60;5;56;17;36;63;9;25;43;22;16;122;9;102;64;45;53;10;25;21;17;;29;23
2272;276;126;76;97;21;79;85;133;190;48;85;6;1;;;;1;;;;;;;;;;5
2273;456;13;50;17;3;9;10;;2;2;4;4;7;2;5;3;29;;4;;2;;;;;;13
2274;445;12;42;133;7;14;28;34;3;5;5;68;24;4;25;2;88;97;5;2;12;33;41;23;5;33;24
2275;351;24;20;67;6;51;55;63;12;19;3;23;17;2;22;3;59;1;34;1;14;6;4;16;;25;31
2276;51;2;;5;;;;;;;;;;;;;2;;;;;;;;;;
2277;456;25;10;181;9;134;101;73;47;25;84;100;105;74;22;;185;68;66;49;6;51;16;3;2;47;66
2278;237;20;7;35;4;31;3;20;38;6;33;2;;3;7;5;37;5;7;11;9;9;6;8;4;15;31
2279;881;8;5;80;11;66;89;117;34;60;99;93;101;59;90;7;92;53;57;25;24;33;5;;;49;82
2280;356;22;31;58;4;107;71;3;5;2;4;83;139;42;3;4;89;87;69;11;9;16;10;17;3;41;24
2282;324;53;40;17;10;49;13;50;7;28;89;47;34;27;;3;73;60;23;3;2;38;13;7;1;41;51
2283;584;59;79;67;11;132;88;10;38;37;129;132;133;72;43;12;394;96;90;75;16;93;65;14;5;69;73
2284;70;18;31;21;2;8;;;;;;;;;;;;;;;;;;;;;
2285;97;31;5;;1;;;;;;;;;;;;;;;;;;;;;;21
2286;239;;;77;4;57;57;28;12;5;2;50;65;50;59;54;58;64;47;73;55;28;35;49;57;91;84
2287;1590;63;71;570;34;333;267;223;459;304;293;249;238;132;294;218;464;268;222;153;159;215;203;151;166;281;280
2289;344;12;14;59;15;27;42;3;1;;;123;94;12;75;;103;;;;;;;;;;
2290;543;38;18;127;4;83;111;38;50;64;56;71;84;43;;;81;51;69;63;7;55;57;10;;63;30
2291;1153;7;78;29;3;27;10;123;20;8;72;63;132;16;15;10;155;10;53;2;30;29;;23;19;6;50
2292;466;105;28;105;10;81;90;130;100;31;70;81;105;80;49;5;149;88;133;88;72;85;81;39;2;14;18
2293;516;130;56;81;9;70;38;63;54;53;121;67;76;39;82;67;142;17;92;56;33;15;10;8;2;37;45
2294;96;12;4;49;3;5;;;;;;;;;;;;;;;;;;;;;1
2295;314;22;56;11;9;12;52;1;1;1;;3;31;7;10;;43;;19;;;;;4;;35;1
2296;312;8;16;5;;1;16;2;2;1;7;1;1;1;;;;;;;;10;;2;;10;2
2298;28;;;;;;;;;;;;;;;;;;;;;;;;;;
2300;235;25;32;5;;;;;;;;;;;;;10;;;;;7;;;;;3
2301;263;31;25;85;5;92;80;95;80;28;68;107;67;32;26;2;17;;2;;3;1;;3;1;;19
2302;1975;;15;14;14;11;42;59;26;5;2;48;56;12;19;13;498;33;165;58;32;21;44;51;44;188;229
2304;216;1;9;19;2;;1;2;92;48;11;31;15;13;5;4;111;1;;;;17;9;6;;75;11
2305;14;2;;;;;;;;;;;;;;;;;;;;;;;;;
2306;594;6;10;36;9;58;3;6;20;1;18;61;24;13;;;94;67;60;67;3;37;14;8;7;79;34
2307;219;3;;;;;1;;;;;;;;;;;;;;;;;;;;2
2308;65;11;1;1;;;;;;;;;;;;;3;;;;;;;;;;1
2310;620;40;42;74;10;180;102;30;73;132;95;186;156;53;28;8;155;65;71;69;7;185;78;18;18;67;55
2312;109;12;;;;;;4;;;;;;;;;;;;;;;;;;;
2313;373;29;174;113;7;162;65;113;54;57;28;121;131;86;99;12;96;99;76;65;25;14;12;37;;29;38
2314;216;61;45;48;4;25;4;5;11;1;3;6;8;2;1;;9;3;2;2;;;;;;6;
2315;33;4;;;;;;;;;;;;;;;;;;;;;;;;;
2316;615;67;26;81;8;95;54;90;110;59;9;60;138;47;93;62;144;68;138;75;74;75;14;2;2;1;8
2317;300;17;12;103;9;99;70;56;41;54;83;84;116;71;3;;45;;;;;;;;;;9
2318;528;39;27;138;9;119;67;57;103;53;143;90;84;70;48;78;151;55;61;60;54;59;34;19;5;16;26
2319;975;37;16;128;3;112;105;49;57;97;112;169;146;76;109;15;141;100;103;87;21;82;86;28;5;94;57
2320;245;30;3;5;;3;4;3;;;;4;9;5;5;;80;45;7;5;;38;2;;17;35;72
2321;534;29;15;215;7;69;58;90;28;56;78;107;61;37;3;;130;57;51;70;2;46;45;4;;53;50
2322;202;17;12;65;4;29;49;1;19;3;53;20;;;;;;;;;;;;;;;
2323;383;21;16;78;17;92;90;214;30;35;20;29;8;27;21;12;218;13;20;9;8;9;15;9;11;22;71
2324;150;;;;1;;;;;;17;12;4;;;1;;;;;;;;;;;
2325;257;27;11;17;9;5;3;12;29;;10;35;5;;36;;43;;8;18;10;69;85;18;;68;26
2326;1249;39;193;65;16;111;120;97;64;67;114;51;17;20;210;28;323;59;88;29;55;67;29;77;10;109;331
2327;338;31;16;70;7;86;92;59;66;29;19;98;91;57;49;4;91;108;73;66;16;71;66;16;6;81;45
2328;469;8;15;65;2;76;43;30;23;87;80;101;103;61;95;2;135;59;69;67;66;72;76;56;60;83;74
2329;16;;2;;;;;;;;;;;;;;1;;;;;;;;;;
2330;647;32;15;104;10;119;106;127;172;83;211;154;113;78;137;102;131;89;71;87;122;91;89;74;63;128;152
2331;53;;;;;;;;;;;;;;;;1;;;;;;;;;;
2332;821;106;152;133;6;9;7;90;48;9;13;51;24;4;3;8;128;71;32;6;;15;4;24;3;34;35
2334;522;50;29;187;11;56;97;69;58;61;165;34;36;47;72;4;108;88;20;16;26;31;32;20;6;36;43
2335;1300;95;187;200;15;124;104;147;197;130;186;114;61;27;101;39;193;98;38;68;72;63;27;40;8;42;88
2336;614;37;22;136;4;117;94;114;109;73;113;100;107;61;139;63;168;76;82;87;59;67;58;89;74;38;37
2337;152;33;20;17;10;16;8;;;;2;;;;;;;;;;;;;;;;4
2339;;1;;;;;;;;;;;;;;;;;;;;;;;;;
2340;346;67;97;142;4;130;85;59;73;49;42;106;85;30;52;11;148;113;134;26;21;94;25;48;25;85;72
2341;23;;;;;91;;85;;;;;;;;;;;;;;;;;;;
2342;135;4;1;14;2;7;;21;;;;;;;;;;;;;;;;;;;
2343;378;19;11;8;1;2;2;1;11;8;10;12;18;4;8;7;47;;15;3;5;4;8;6;6;;19
2344;615;13;12;;;;4;2;4;;2;8;22;2;;;22;1;;;;3;14;3;;;19
2345;364;15;5;49;2;51;;25;12;22;4;65;107;63;13;31;74;56;68;74;76;98;55;20;;;11
2346;254;44;86;10;12;33;56;67;6;;4;;17;6;;;3;;;;;;;;;;8
2347;11;;;;;;;;;;;;;;;;;;;;;;;;;;
2348;458;10;28;83;7;6;6;349;54;54;12;47;56;13;15;10;170;17;5;53;11;16;4;41;7;16;44
2349;63;2;;;;;;;;;;;;;;;;;;;;;;;;;
2350;530;41;7;19;10;7;5;3;5;18;18;9;3;;;1;38;6;77;;13;;;;;38;79
2351;342;10;38;81;4;69;57;79;27;20;93;66;70;64;42;2;137;82;73;23;13;13;16;;;35;48
2352;4;;;;;;;;;;;;;;;;;;;;;;;;;;
2353;316;53;50;81;10;67;65;105;109;62;68;38;13;19;70;46;66;3;12;1;6;;;;;;
2354;68;3;;;;;;;;;1;;;;;;;;;;;;;;;;1
2355;761;25;10;111;16;45;5;8;48;3;2;65;34;25;;;76;21;6;2;2;17;14;30;8;18;38
2356;665;148;136;83;7;42;28;54;86;13;9;48;18;7;54;19;82;18;13;9;7;21;5;25;3;20;82
2357;34;;;;;;;;;;;;;;;;;;;;;;;;;;
2358;808;35;102;213;9;704;398;23;159;27;47;280;135;137;110;12;240;138;156;202;67;107;96;97;4;199;246
2359;139;6;;1;3;;;;;;;;;;;;;;;;;;;;;;3
2360;400;1;;;;;3;;;;;;;;;;48;;;1;;;;;;1;10
2362;539;123;133;14;5;68;17;56;38;36;52;47;30;21;23;;69;1;17;;;;8;12;;61;42
2363;349;11;6;109;11;29;4;37;139;50;73;40;4;;2;;;;;1;;;;;;1;1
2364;595;22;32;;1;;2;3;27;;2;10;13;2;3;;47;2;7;1;;11;16;13;;10;28
