code_etudiant;0;1;2;3;4;5;6;7;8;9;10;11;12;13;14;15;16;17;18;19;20;21;22;23;24;25;26;27;28;29
1;712.9660000000001;13.959999999999999;11.299999999999999;8.64;116.488;8.64;8.64;8.64;92.462;12.63;8.64;13.959999999999999;9.969999999999999;9.969999999999999;115.045;8.64;8.64;8.64;23.270000000000003;9.969999999999999;151.666;8.64;8.64;8.64;8.64;8.64;8.64;8.64;8.64;223.11200000000002
2;211.606;18.28;12.959999999999999;31.58;92.75200000000001;28.849999999999998;12.959999999999999;12.959999999999999;12.959999999999999;12.959999999999999;12.959999999999999;12.959999999999999;12.959999999999999;12.959999999999999;12.959999999999999;12.959999999999999;12.959999999999999;12.959999999999999;12.959999999999999;12.959999999999999;12.959999999999999;12.959999999999999;12.959999999999999;12.959999999999999;12.959999999999999;12.959999999999999;12.959999999999999;12.959999999999999;12.959999999999999;14.29
3;246.718;35.57000000000001;24.93;28.92;124.206;12.959999999999999;12.959999999999999;12.959999999999999;12.959999999999999;12.959999999999999;12.959999999999999;12.959999999999999;12.959999999999999;12.959999999999999;12.959999999999999;12.959999999999999;12.959999999999999;12.959999999999999;18.28;12.959999999999999;12.959999999999999;12.959999999999999;12.959999999999999;12.959999999999999;12.959999999999999;12.959999999999999;12.959999999999999;12.959999999999999;12.959999999999999;12.959999999999999
4;169.21400000000003;22.27;26.259999999999998;12.959999999999999;128.82999999999998;12.959999999999999;12.959999999999999;12.959999999999999;12.959999999999999;12.959999999999999;12.959999999999999;12.959999999999999;12.959999999999999;12.959999999999999;12.959999999999999;12.959999999999999;12.959999999999999;12.959999999999999;12.959999999999999;12.959999999999999;12.959999999999999;12.959999999999999;12.959999999999999;12.959999999999999;12.959999999999999;12.959999999999999;12.959999999999999;12.959999999999999;12.959999999999999;15.62
5;989.0319999999999;24.6;19.28;23.270000000000003;133.966;30.326;8.64;15.29;156.544;27.259999999999998;48.568;13.959999999999999;33.91;19.28;163.561;8.64;8.64;8.64;45.88;30.942;206.86400000000003;11.299999999999999;13.959999999999999;15.29;11.299999999999999;8.64;8.64;9.969999999999999;13.959999999999999;250.373
6;2178.0739999999996;48.870000000000005;28.92;38.230000000000004;131.329;47.162000000000006;12.959999999999999;32.91;153.85000000000002;30.25;16.95;24.93;27.590000000000003;19.61;157.303;35.57000000000001;22.27;12.959999999999999;70.15;41.366;203.10699999999997;28.92;19.61;16.95;15.62;12.959999999999999;19.61;19.61;18.28;222.813
7;473.644;16.95;15.62;26.259999999999998;122.435;26.259999999999998;12.959999999999999;24.93;126.46699999999998;23.6;18.28;30.25;28.92;12.959999999999999;162.10999999999999;12.959999999999999;12.959999999999999;12.959999999999999;15.62;12.959999999999999;12.959999999999999;12.959999999999999;12.959999999999999;12.959999999999999;12.959999999999999;12.959999999999999;12.959999999999999;12.959999999999999;12.959999999999999;12.959999999999999
8;1363.7;55.19;28.59;32.58;100.283;25.622;8.64;19.28;120.84;11.299999999999999;15.29;29.919999999999998;12.63;13.959999999999999;133.27100000000002;16.62;15.29;8.64;63.17;42.604;156.726;15.29;13.959999999999999;11.299999999999999;9.969999999999999;8.64;9.969999999999999;8.64;11.299999999999999;207.063
9;2684.0480000000002;64.83;44.879999999999995;47.54;121.13499999999999;23.6;12.959999999999999;28.92;154.306;43.55;79.418;22.27;47.54;44.879999999999995;147.56;15.62;15.62;12.959999999999999;39.56;18.28;138.684;12.959999999999999;14.29;38.230000000000004;18.28;12.959999999999999;16.95;14.29;15.62;242.28999999999996
10;30.919999999999998;6.9799999999999995;6.9799999999999995;4.32;67.91199999999999;4.32;4.32;4.32;4.32;4.32;4.32;4.32;4.32;4.32;4.32;4.32;4.32;4.32;6.9799999999999995;4.32;4.32;4.32;4.32;4.32;4.32;4.32;4.32;4.32;4.32;5.6499999999999995
11;9.969999999999999;8.64;8.64;8.64;8.64;8.64;8.64;8.64;8.64;8.64;8.64;8.64;8.64;8.64;8.64;8.64;8.64;8.64;8.64;8.64;8.64;8.64;8.64;8.64;8.64;8.64;8.64;8.64;8.64;8.64
12;1774.782;17.95;17.95;25.93;127.22200000000001;32.986000000000004;8.64;21.939999999999998;159.422;36.57;67.35600000000001;28.59;28.59;35.239999999999995;183.969;36.57;11.299999999999999;8.64;35.239999999999995;37.284;237.06099999999998;21.939999999999998;25.93;21.632;35.646;8.64;29.919999999999998;19.28;11.299999999999999;251.37599999999998
13;643.974;11.299999999999999;8.64;8.64;113.511;8.64;8.64;8.64;103.51299999999999;9.969999999999999;8.64;13.959999999999999;11.299999999999999;9.969999999999999;156.708;9.969999999999999;8.64;8.64;8.64;8.64;175.16000000000003;8.64;8.64;9.969999999999999;8.64;8.64;8.64;8.64;8.64;9.969999999999999
14;1486.194;19.61;28.92;31.58;137.865;28.612;12.959999999999999;27.590000000000003;180.70499999999998;31.58;73.93;43.55;42.22;32.91;187.447;44.879999999999995;28.92;12.959999999999999;148.61999999999998;55.926;232.44;30.25;34.239999999999995;29.942;43.410000000000004;12.959999999999999;24.93;26.259999999999998;33.931999999999995;276.711
15;44.22;4.32;4.32;4.32;4.32;4.32;4.32;4.32;4.32;4.32;4.32;4.32;4.32;4.32;4.32;4.32;4.32;4.32;4.32;4.32;4.32;4.32;4.32;4.32;4.32;4.32;4.32;4.32;4.32;5.6499999999999995
16;202.82;20.61;8.64;11.299999999999999;98.153;8.64;8.64;8.64;90.966;11.299999999999999;8.64;8.64;8.64;8.64;116.52600000000001;8.64;8.64;8.64;8.64;8.64;8.64;8.64;8.64;8.64;8.64;8.64;8.64;8.64;8.64;9.969999999999999
17;1114.732;34.239999999999995;36.9;35.57000000000001;118.20500000000001;45.048;12.959999999999999;38.230000000000004;179.702;48.870000000000005;57.662000000000006;40.89;43.55;36.9;183.197;50.2;32.91;12.959999999999999;51.53;51.151999999999994;221.75300000000001;26.259999999999998;35.57000000000001;35.262;46.616;12.959999999999999;42.22;38.230000000000004;43.242000000000004;305.072
18;9.969999999999999;8.64;8.64;8.64;8.64;8.64;8.64;8.64;8.64;8.64;8.64;8.64;8.64;8.64;8.64;8.64;8.64;8.64;8.64;8.64;8.64;8.64;8.64;8.64;8.64;8.64;8.64;8.64;8.64;8.64
19;153.94;12.959999999999999;22.27;15.62;114.552;15.62;12.959999999999999;14.29;12.959999999999999;12.959999999999999;12.959999999999999;12.959999999999999;12.959999999999999;12.959999999999999;12.959999999999999;12.959999999999999;12.959999999999999;12.959999999999999;18.28;12.959999999999999;12.959999999999999;12.959999999999999;12.959999999999999;12.959999999999999;12.959999999999999;12.959999999999999;12.959999999999999;12.959999999999999;12.959999999999999;14.29
20;190.20600000000002;12.63;12.63;9.969999999999999;88.80100000000002;22.962;8.64;9.969999999999999;126.036;8.64;8.64;8.64;8.64;8.64;8.64;8.64;8.64;8.64;8.64;8.64;8.64;8.64;8.64;8.64;8.64;8.64;8.64;8.64;8.64;11.299999999999999
21;1535.34;44.550000000000004;36.57;29.919999999999998;120.8;21.939999999999998;8.64;17.95;122.564;17.95;17.95;44.550000000000004;24.6;33.91;153.59;45.88;21.939999999999998;8.64;61.839999999999996;27.735999999999997;177.332;11.299999999999999;20.61;15.29;11.299999999999999;8.64;15.29;12.63;16.62;262.289
22;897.158;30.25;28.92;19.61;136.857;18.28;12.959999999999999;16.95;138.435;19.61;20.94;23.6;15.62;24.93;162.031;15.62;15.62;12.959999999999999;38.230000000000004;15.62;203.915;15.62;15.62;15.62;14.29;12.959999999999999;14.29;15.62;19.61;239.00799999999998
23;1678.9660000000001;51.199999999999996;48.54;37.900000000000006;135.57600000000002;51.06;8.64;39.23;174.78500000000003;49.87;77.99600000000001;57.849999999999994;47.209999999999994;47.209999999999994;192.90500000000003;43.22;33.91;8.64;112.38;69.37199999999999;245.91899999999998;40.56;21.939999999999998;24.6;29.304;8.64;23.270000000000003;20.61;51.914;253.657
24;812.9699999999999;31.91;25.26;22.599999999999998;150.16;30.272;17.28;21.27;155.723;22.599999999999998;22.599999999999998;25.26;22.599999999999998;21.27;166.034;22.599999999999998;18.61;17.28;34.57;21.27;189.843;19.939999999999998;18.61;19.939999999999998;18.61;17.28;19.939999999999998;18.61;23.93;254.44099999999997
25;688.67;12.959999999999999;18.28;20.94;107.14899999999999;12.959999999999999;12.959999999999999;15.62;139.06900000000002;12.959999999999999;12.959999999999999;15.62;15.62;14.29;162.197;14.29;12.959999999999999;12.959999999999999;14.29;12.959999999999999;179.792;12.959999999999999;12.959999999999999;12.959999999999999;12.959999999999999;12.959999999999999;12.959999999999999;12.959999999999999;12.959999999999999;12.959999999999999
26;1221.356;30.25;12.959999999999999;30.25;145.892;35.192;12.959999999999999;27.590000000000003;154.43200000000002;12.959999999999999;12.959999999999999;12.959999999999999;28.92;27.590000000000003;184.413;12.959999999999999;12.959999999999999;12.959999999999999;62.169999999999995;25.168;192.371;12.959999999999999;12.959999999999999;15.62;15.62;12.959999999999999;16.95;12.959999999999999;15.62;251.50799999999998
27;3529.4660000000003;16.95;22.27;24.93;141.954;15.62;12.959999999999999;16.95;148.473;15.62;18.28;22.27;22.27;18.28;165.49599999999998;12.959999999999999;16.95;12.959999999999999;27.590000000000003;15.62;128.242;14.29;12.959999999999999;16.95;15.62;12.959999999999999;15.62;12.959999999999999;18.28;23.6
28;9.969999999999999;8.64;8.64;8.64;88.085;8.64;8.64;8.64;81.071;8.64;8.64;8.64;8.64;8.64;8.64;8.64;8.64;8.64;8.64;8.64;8.64;8.64;8.64;8.64;8.64;8.64;8.64;8.64;8.64;8.64
29;1737.97;23.6;28.92;43.55;134.25400000000002;49.275999999999996;12.959999999999999;35.57000000000001;175.764;84.78;89.442;74.13999999999999;52.86;47.54;199.204;60.84;52.86;12.959999999999999;100.74000000000001;59.91600000000001;239.07899999999998;47.54;67.49;36.354;50.60600000000001;12.959999999999999;38.230000000000004;46.21;53.882000000000005;305.701
30;127.00999999999999;9.969999999999999;11.299999999999999;8.64;78.81;8.64;8.64;8.64;9.969999999999999;8.64;8.64;8.64;8.64;8.64;8.64;8.64;8.64;8.64;8.64;8.64;8.64;8.64;8.64;8.64;8.64;8.64;8.64;8.64;8.64;8.64
31;2605.808;37.900000000000006;32.58;43.22;146.206;45.263999999999996;8.64;39.23;192.023;39.23;54.574;51.199999999999996;51.199999999999996;36.57;190.676;27.259999999999998;21.939999999999998;8.64;79.13;59.04;235.201;29.919999999999998;40.56;29.611999999999995;51.297999999999995;8.64;39.23;39.23;54.266000000000005;304.207
32;950.378;25.93;19.28;12.63;112.555;9.969999999999999;8.64;11.299999999999999;158.669;9.969999999999999;12.63;13.959999999999999;17.95;15.29;149.85000000000002;9.969999999999999;17.95;8.64;16.62;9.969999999999999;188.21699999999998;9.969999999999999;11.299999999999999;9.969999999999999;9.969999999999999;8.64;13.959999999999999;12.63;15.29;16.62
33;111.38;38.230000000000004;24.93;12.959999999999999;12.959999999999999;12.959999999999999;12.959999999999999;12.959999999999999;12.959999999999999;12.959999999999999;12.959999999999999;12.959999999999999;12.959999999999999;12.959999999999999;12.959999999999999;12.959999999999999;12.959999999999999;12.959999999999999;12.959999999999999;12.959999999999999;12.959999999999999;12.959999999999999;12.959999999999999;12.959999999999999;12.959999999999999;12.959999999999999;12.959999999999999;12.959999999999999;12.959999999999999;15.62
34;462.1;24.6;17.95;23.270000000000003;115.53200000000001;24.292;8.64;20.61;25.93;20.61;9.969999999999999;8.64;8.64;8.64;8.64;8.64;8.64;8.64;8.64;8.64;8.64;8.64;8.64;8.64;8.64;8.64;8.64;8.64;8.64;9.969999999999999
35;761.1540000000001;24.6;29.919999999999998;16.62;100.766;29.611999999999995;8.64;21.939999999999998;116.27799999999999;19.28;16.62;21.939999999999998;16.62;13.959999999999999;126.52699999999999;8.64;8.64;8.64;12.63;8.64;8.64;8.64;8.64;8.64;8.64;8.64;8.64;8.64;8.64;11.299999999999999
36;180.616;13.959999999999999;15.29;8.64;135.83100000000002;8.64;8.64;8.64;90.966;8.64;8.64;8.64;8.64;8.64;8.64;8.64;8.64;8.64;11.299999999999999;8.64;8.64;8.64;8.64;8.64;8.64;8.64;8.64;8.64;8.64;9.969999999999999
37;302.592;32.91;16.95;12.959999999999999;113.53899999999999;12.959999999999999;12.959999999999999;12.959999999999999;12.959999999999999;12.959999999999999;12.959999999999999;12.959999999999999;12.959999999999999;12.959999999999999;12.959999999999999;12.959999999999999;12.959999999999999;12.959999999999999;15.62;12.959999999999999;12.959999999999999;14.29;12.959999999999999;12.959999999999999;12.959999999999999;12.959999999999999;12.959999999999999;12.959999999999999;14.29;14.29
38;1484.94;40.56;25.93;25.93;146.887;38.306;8.64;27.259999999999998;179.73600000000002;63.17;86.214;48.54;39.23;33.91;178.394;44.550000000000004;25.93;8.64;33.91;42.604;234.28699999999998;23.270000000000003;25.93;21.939999999999998;13.959999999999999;8.64;28.59;19.28;27.259999999999998;269.476
39;9.969999999999999;8.64;8.64;8.64;8.64;8.64;8.64;8.64;8.64;8.64;8.64;8.64;8.64;8.64;8.64;8.64;8.64;8.64;8.64;8.64;8.64;8.64;8.64;8.64;8.64;8.64;8.64;8.64;8.64;8.64
40;255.012;11.299999999999999;8.64;23.270000000000003;99.753;17.642;8.64;8.64;8.64;8.64;8.64;8.64;8.64;8.64;8.64;8.64;8.64;8.64;8.64;8.64;8.64;8.64;8.64;8.64;8.64;8.64;8.64;8.64;8.64;8.64
41;1082.462;16.95;19.61;24.93;136.166;33.931999999999995;12.959999999999999;32.91;165.66400000000002;28.92;56.331999999999994;28.92;30.25;27.590000000000003;161.927;24.93;15.62;12.959999999999999;40.89;27.282;215.889;16.95;19.61;20.94;20.94;12.959999999999999;14.29;12.959999999999999;18.28;216.589
42;485.594;26.589999999999996;22.599999999999998;18.61;118.114;18.61;17.28;18.61;120.009;19.939999999999998;19.939999999999998;19.939999999999998;18.61;22.599999999999998;163.85199999999998;17.28;17.28;17.28;27.919999999999998;18.61;203.834;18.61;17.28;18.61;17.28;17.28;17.28;17.28;17.28;234.615
43;97.75;8.64;8.64;8.64;102.113;8.64;8.64;8.64;106.78899999999999;8.64;8.64;11.299999999999999;13.959999999999999;9.969999999999999;166.751;8.64;8.64;8.64;8.64;8.64;186.414;8.64;8.64;8.64;8.64;8.64;8.64;8.64;8.64;8.64
44;893.952;31.58;26.259999999999998;16.95;147.97500000000002;16.95;12.959999999999999;16.95;132.00799999999998;20.94;16.95;19.61;14.29;14.29;155.82199999999997;12.959999999999999;12.959999999999999;12.959999999999999;32.91;16.95;16.95;12.959999999999999;16.95;14.29;14.29;12.959999999999999;14.29;14.29;15.62;220.864
45;9.969999999999999;8.64;8.64;8.64;8.64;8.64;8.64;8.64;8.64;8.64;8.64;8.64;8.64;8.64;8.64;8.64;8.64;8.64;8.64;8.64;8.64;8.64;8.64;8.64;8.64;8.64;8.64;8.64;8.64;8.64
46;503.33799999999997;20.94;18.28;23.6;120.64200000000001;29.942;12.959999999999999;24.93;133.707;19.61;19.61;12.959999999999999;12.959999999999999;12.959999999999999;12.959999999999999;12.959999999999999;12.959999999999999;12.959999999999999;12.959999999999999;12.959999999999999;12.959999999999999;12.959999999999999;12.959999999999999;12.959999999999999;12.959999999999999;12.959999999999999;12.959999999999999;12.959999999999999;12.959999999999999;15.62
47;579.078;60.84;44.879999999999995;28.92;154.19400000000002;37.922;12.959999999999999;20.94;166.07999999999998;19.61;74.09800000000001;31.58;24.93;14.29;16.95;12.959999999999999;12.959999999999999;12.959999999999999;15.62;12.959999999999999;12.959999999999999;12.959999999999999;12.959999999999999;12.959999999999999;12.959999999999999;12.959999999999999;12.959999999999999;12.959999999999999;12.959999999999999;16.95
48;58.017999999999994;15.29;8.64;11.299999999999999;104.451;8.64;8.64;8.64;109.12699999999998;8.64;8.64;8.64;11.299999999999999;8.64;109.12699999999998;8.64;8.64;8.64;8.64;8.64;8.64;8.64;8.64;8.64;8.64;8.64;8.64;8.64;8.64;8.64
49;1110.6779999999999;21.939999999999998;21.939999999999998;9.969999999999999;123.50699999999999;21.632;8.64;21.939999999999998;156.435;8.64;16.62;12.63;13.959999999999999;15.29;166.26299999999998;8.64;11.299999999999999;8.64;29.919999999999998;8.64;199.87;11.299999999999999;11.299999999999999;11.299999999999999;8.64;8.64;12.63;8.64;17.95;215.417
50;1197.1499999999999;32.91;28.92;27.590000000000003;132.924;44.739999999999995;12.959999999999999;30.25;149.06500000000003;18.28;20.94;16.95;28.92;22.27;178.40200000000002;16.95;15.62;12.959999999999999;40.89;23.6;206.77799999999996;15.62;15.62;15.62;16.95;12.959999999999999;18.28;15.62;20.94;266.341
51;1302.17;32.58;27.259999999999998;35.239999999999995;133.82;39.09;8.64;15.29;124.56;13.959999999999999;17.404;12.63;32.58;13.959999999999999;162.226;21.939999999999998;8.64;8.64;45.88;43.626;211.47799999999998;19.28;25.93;24.292;8.64;8.64;8.64;8.64;8.64;239.478
52;100.43200000000002;12.959999999999999;23.6;19.61;126.00200000000001;15.62;12.959999999999999;12.959999999999999;131.68599999999998;12.959999999999999;12.959999999999999;12.959999999999999;12.959999999999999;12.959999999999999;12.959999999999999;12.959999999999999;12.959999999999999;12.959999999999999;16.95;12.959999999999999;12.959999999999999;12.959999999999999;12.959999999999999;12.959999999999999;12.959999999999999;12.959999999999999;12.959999999999999;12.959999999999999;12.959999999999999;14.29
53;1258.9260000000002;31.91;25.26;35.9;140.85999999999999;36.922;17.28;33.24;181.404;47.87;88.91799999999999;33.24;33.24;30.58;187.398;41.22;30.58;17.28;49.2;50.69799999999999;228.957;26.589999999999996;22.599999999999998;26.589999999999996;37.944;17.28;23.93;29.25;30.58;260.135
54;1077.106;8.64;8.64;8.64;101.67;8.64;8.64;11.299999999999999;108.464;11.299999999999999;11.299999999999999;13.959999999999999;9.969999999999999;13.959999999999999;157.447;9.969999999999999;11.299999999999999;8.64;27.259999999999998;8.64;189.29000000000002;8.64;11.299999999999999;9.969999999999999;12.63;8.64;13.959999999999999;11.299999999999999;16.62;214.18599999999998
55;1077.2959999999998;24.93;20.94;32.91;151.232;32.602000000000004;12.959999999999999;18.28;173.04199999999997;16.95;18.28;22.27;28.92;27.590000000000003;170.452;12.959999999999999;12.959999999999999;12.959999999999999;39.56;19.61;147.87;18.28;15.62;23.6;38.944;12.959999999999999;12.959999999999999;12.959999999999999;22.27;16.95
56;120.10199999999999;18.28;15.62;12.959999999999999;135.20499999999998;12.959999999999999;12.959999999999999;12.959999999999999;12.959999999999999;12.959999999999999;12.959999999999999;12.959999999999999;12.959999999999999;12.959999999999999;12.959999999999999;12.959999999999999;12.959999999999999;12.959999999999999;12.959999999999999;12.959999999999999;12.959999999999999;12.959999999999999;12.959999999999999;12.959999999999999;12.959999999999999;12.959999999999999;12.959999999999999;12.959999999999999;12.959999999999999;15.62
57;1857.216;26.589999999999996;43.879999999999995;47.87;122.54499999999999;33.24;17.28;38.56;160.959;35.9;38.49;35.9;29.25;38.56;160.511;39.89;18.61;17.28;42.55;23.93;231.182;22.599999999999998;21.27;29.25;19.939999999999998;17.28;33.24;25.26;29.25;276.058
58;844.846;33.91;17.95;16.62;123.824;13.959999999999999;8.64;13.959999999999999;171.429;35.239999999999995;16.62;31.25;20.61;20.61;182.379;31.25;19.28;8.64;39.23;26.406;205.787;21.939999999999998;23.270000000000003;26.168;17.95;8.64;23.270000000000003;29.919999999999998;26.714;286.756
59;595.99;12.959999999999999;12.959999999999999;20.94;108.771;15.62;12.959999999999999;14.29;12.959999999999999;12.959999999999999;15.62;12.959999999999999;22.27;20.94;164.53;12.959999999999999;12.959999999999999;12.959999999999999;30.25;12.959999999999999;101.194;12.959999999999999;12.959999999999999;14.29;12.959999999999999;12.959999999999999;12.959999999999999;12.959999999999999;15.62;211.143
60;1261.934;25.93;37.900000000000006;25.93;122.49899999999998;34.316;8.64;32.58;172.031;49.87;83.792;39.23;28.59;24.6;171.905;35.239999999999995;24.6;8.64;49.87;29.611999999999995;230.614;15.29;23.270000000000003;20.61;26.644;8.64;21.939999999999998;29.919999999999998;34.932;280.59400000000005
61;845.092;16.95;19.61;26.259999999999998;113.25900000000001;25.952;12.959999999999999;23.6;138.42999999999998;23.6;62.67400000000001;36.9;22.27;30.25;161.766;12.959999999999999;12.959999999999999;12.959999999999999;67.49;26.497999999999998;217.203;23.6;14.29;26.497999999999998;29.634;12.959999999999999;15.62;12.959999999999999;20.94;237.76
62;1983.8439999999998;39.23;35.239999999999995;45.88;139.55599999999998;47.07000000000001;8.64;29.919999999999998;178.401;23.270000000000003;74.174;27.259999999999998;29.919999999999998;23.270000000000003;181.896;17.95;12.63;8.64;39.23;15.29;12.63;12.63;12.63;16.62;12.63;8.64;16.62;12.63;22.724000000000004;44.550000000000004
63;175.598;24.93;30.25;19.61;129.474;26.259999999999998;12.959999999999999;16.95;111.97399999999999;16.95;15.62;15.62;12.959999999999999;12.959999999999999;12.959999999999999;12.959999999999999;12.959999999999999;12.959999999999999;15.62;12.959999999999999;12.959999999999999;12.959999999999999;12.959999999999999;12.959999999999999;12.959999999999999;12.959999999999999;12.959999999999999;12.959999999999999;12.959999999999999;12.959999999999999
64;1334.7979999999998;44.879999999999995;26.259999999999998;32.91;138.826;26.259999999999998;12.959999999999999;18.28;166.03300000000002;18.28;15.62;23.6;18.28;18.28;172.973;18.28;14.29;12.959999999999999;23.6;14.29;207.73399999999998;15.62;16.95;14.29;14.29;12.959999999999999;16.95;15.62;15.62;19.61
65;148.976;11.299999999999999;11.299999999999999;8.64;8.64;8.64;8.64;8.64;8.64;8.64;8.64;8.64;8.64;8.64;8.64;8.64;8.64;8.64;8.64;8.64;8.64;8.64;8.64;8.64;8.64;8.64;8.64;8.64;8.64;9.969999999999999
66;1083.9740000000002;18.28;16.95;16.95;134.15;18.28;12.959999999999999;14.29;147.04399999999998;12.959999999999999;12.959999999999999;15.62;15.62;14.29;167.876;15.62;15.62;12.959999999999999;27.590000000000003;14.29;201.52499999999998;15.62;15.62;14.29;12.959999999999999;12.959999999999999;12.959999999999999;12.959999999999999;16.95;240.291
67;3111.342;35.57000000000001;32.91;38.230000000000004;159.826;51.39;12.959999999999999;30.25;176.39800000000002;43.55;41.842;24.93;31.58;32.91;179.046;36.9;26.259999999999998;12.959999999999999;48.870000000000005;53.266;252.639;27.590000000000003;20.94;37.922;36.284;12.959999999999999;26.259999999999998;34.239999999999995;55.141999999999996;287.938
68;2418.244;39.56;44.879999999999995;36.9;131.495;45.286;12.959999999999999;30.25;189.69299999999998;62.169999999999995;96.05000000000001;38.230000000000004;36.9;42.22;196.06099999999998;59.510000000000005;32.91;12.959999999999999;60.84;51.39;230.538;42.22;38.230000000000004;47.232;44.739999999999995;12.959999999999999;48.870000000000005;30.25;40.274;274.274
69;1413.296;27.590000000000003;27.590000000000003;24.93;138.66;22.27;12.959999999999999;24.93;155.076;24.93;18.28;12.959999999999999;28.92;16.95;157.013;14.29;12.959999999999999;12.959999999999999;38.230000000000004;22.27;196.73499999999999;15.62;15.62;16.95;15.62;12.959999999999999;16.95;14.29;15.62;240.427
70;328.72999999999996;30.25;26.259999999999998;26.259999999999998;128.315;32.602000000000004;12.959999999999999;16.95;15.62;15.62;14.29;12.959999999999999;12.959999999999999;12.959999999999999;12.959999999999999;12.959999999999999;12.959999999999999;12.959999999999999;22.27;12.959999999999999;12.959999999999999;12.959999999999999;12.959999999999999;12.959999999999999;12.959999999999999;12.959999999999999;12.959999999999999;12.959999999999999;12.959999999999999;14.29
71;749.464;17.95;9.969999999999999;16.62;113.93700000000001;17.642;8.64;9.969999999999999;141.721;16.62;12.63;9.969999999999999;13.959999999999999;11.299999999999999;133.692;8.64;9.969999999999999;8.64;13.959999999999999;8.64;167.544;8.64;9.969999999999999;11.299999999999999;9.969999999999999;8.64;12.63;8.64;13.959999999999999;16.62
72;804.0799999999999;38.56;39.89;34.57;137.529;25.26;17.28;22.599999999999998;161.67699999999996;19.939999999999998;18.61;17.28;22.599999999999998;25.26;149.943;21.27;21.27;17.28;70.47999999999999;34.57;190.543;18.61;19.939999999999998;18.61;18.61;17.28;18.61;18.61;18.61;244.289
73;14.29;12.959999999999999;12.959999999999999;12.959999999999999;12.959999999999999;12.959999999999999;12.959999999999999;12.959999999999999;12.959999999999999;12.959999999999999;12.959999999999999;12.959999999999999;12.959999999999999;12.959999999999999;12.959999999999999;12.959999999999999;12.959999999999999;12.959999999999999;12.959999999999999;12.959999999999999;12.959999999999999;12.959999999999999;12.959999999999999;12.959999999999999;12.959999999999999;12.959999999999999;12.959999999999999;12.959999999999999;12.959999999999999;12.959999999999999
74;1825.862;27.590000000000003;30.25;35.57000000000001;137.33;41.296;12.959999999999999;24.93;158.697;28.92;79.348;30.25;31.58;34.239999999999995;166.92000000000002;23.6;18.28;12.959999999999999;82.12;28.612;205.76999999999998;22.27;26.259999999999998;23.6;26.736000000000004;12.959999999999999;18.28;15.62;29.396;242.99299999999997
75;1035.582;19.28;19.28;24.6;132.55700000000002;34.624;8.64;21.939999999999998;128.37900000000002;21.939999999999998;34.007999999999996;11.299999999999999;21.939999999999998;20.61;157.87699999999998;19.28;8.64;8.64;61.839999999999996;35.646;185.861;15.29;15.29;12.63;13.959999999999999;8.64;15.29;8.64;9.969999999999999;236.66199999999998
76;36.9;15.62;14.29;12.959999999999999;12.959999999999999;12.959999999999999;12.959999999999999;12.959999999999999;12.959999999999999;12.959999999999999;12.959999999999999;12.959999999999999;12.959999999999999;12.959999999999999;12.959999999999999;12.959999999999999;12.959999999999999;12.959999999999999;12.959999999999999;12.959999999999999;12.959999999999999;12.959999999999999;12.959999999999999;12.959999999999999;12.959999999999999;12.959999999999999;12.959999999999999;12.959999999999999;12.959999999999999;14.29
77;383.154;21.939999999999998;23.270000000000003;32.58;114.47699999999999;25.552;8.64;23.270000000000003;147.16;33.91;79.97;28.59;32.58;19.28;166.17900000000003;11.299999999999999;11.299999999999999;8.64;15.29;11.299999999999999;9.969999999999999;9.969999999999999;8.64;8.64;8.64;8.64;8.64;8.64;8.64;11.299999999999999
78;1124.672;22.27;23.6;27.590000000000003;110.44800000000001;15.62;12.959999999999999;26.259999999999998;149.34500000000003;19.61;12.959999999999999;20.94;20.94;18.28;154.00900000000001;20.94;12.959999999999999;12.959999999999999;15.62;14.29;179.678;16.95;12.959999999999999;16.95;14.29;12.959999999999999;16.95;12.959999999999999;14.29;148.356
79;90.1;12.959999999999999;12.959999999999999;12.959999999999999;12.959999999999999;12.959999999999999;12.959999999999999;12.959999999999999;73.199;12.959999999999999;12.959999999999999;12.959999999999999;12.959999999999999;15.62;104.495;12.959999999999999;14.29;12.959999999999999;12.959999999999999;12.959999999999999;146.094;12.959999999999999;12.959999999999999;12.959999999999999;12.959999999999999;12.959999999999999;12.959999999999999;12.959999999999999;12.959999999999999;12.959999999999999
80;1073.3619999999999;36.9;28.92;24.93;141.813;28.612;12.959999999999999;22.27;168.329;55.519999999999996;20.94;63.5;31.58;39.56;167.72;28.92;27.590000000000003;12.959999999999999;46.21;41.058;217.058;23.6;35.57000000000001;24.93;27.52;12.959999999999999;26.259999999999998;34.239999999999995;19.61;272.783
81;312.624;17.28;21.27;18.61;124.781;18.61;17.28;25.26;108.737;21.27;21.27;19.939999999999998;23.93;26.589999999999996;129.254;41.22;21.27;17.28;30.58;19.939999999999998;207.21699999999998;17.28;17.28;17.28;17.28;17.28;18.61;17.28;17.28;18.61
82;1469.5699999999997;42.55;38.56;39.89;150.851;40.296;17.28;26.589999999999996;194.387;65.16;87.96600000000001;39.89;38.56;37.230000000000004;189.05;31.91;27.919999999999998;17.28;55.849999999999994;48.038;228.892;22.599999999999998;37.230000000000004;31.056;40.842;17.28;22.599999999999998;30.58;45.924;249.77500000000003
83;148.40400000000002;17.28;25.26;21.27;77.261;21.27;17.28;17.28;19.939999999999998;17.28;17.28;17.28;17.28;17.28;17.28;17.28;17.28;17.28;23.93;17.28;17.28;17.28;17.28;17.28;17.28;17.28;17.28;17.28;17.28;17.28
84;303.83000000000004;15.29;13.959999999999999;9.969999999999999;123.824;11.299999999999999;8.64;9.969999999999999;127.854;8.64;8.64;8.64;8.64;8.64;8.64;8.64;8.64;8.64;8.64;8.64;8.64;8.64;8.64;8.64;8.64;8.64;8.64;8.64;8.64;8.64
85;826.7660000000001;34.239999999999995;23.6;28.92;120.746;36.522000000000006;12.959999999999999;26.259999999999998;156.34900000000002;38.230000000000004;70.346;34.239999999999995;35.57000000000001;32.91;178.065;40.89;24.93;12.959999999999999;50.2;50.60600000000001;218.984;20.94;18.28;27.282;43.956;12.959999999999999;15.62;15.62;28.612;236.83599999999998
86;245.49200000000002;11.299999999999999;11.299999999999999;8.64;110.95500000000001;16.311999999999998;8.64;8.64;8.64;8.64;8.64;8.64;8.64;8.64;8.64;8.64;8.64;8.64;11.299999999999999;8.64;8.64;8.64;8.64;8.64;8.64;8.64;8.64;8.64;8.64;9.969999999999999
87;1350.176;15.29;20.61;41.89;144.86599999999999;75.78399999999999;8.64;52.53;182.344;37.900000000000006;21.394;24.6;56.519999999999996;31.25;159.16;17.95;8.64;8.64;89.77000000000001;64.36;253.478;25.93;23.270000000000003;21.939999999999998;12.63;8.64;17.95;8.64;19.28;257.45400000000006
88;1426.8259999999998;28.59;27.259999999999998;25.93;119.20000000000002;21.086;8.64;11.299999999999999;126.95500000000001;8.64;8.64;8.64;15.29;15.29;130.631;20.61;8.64;8.64;20.61;15.29;149.47899999999998;12.63;8.64;8.64;8.64;8.64;8.64;8.64;8.64;11.299999999999999
89;2390.7059999999997;39.56;28.92;24.93;152.49;32.91;12.959999999999999;24.93;182.087;42.22;51.53;43.55;30.25;43.55;204.722;31.58;23.6;12.959999999999999;36.9;26.259999999999998;219.112;28.92;34.239999999999995;24.93;20.94;12.959999999999999;23.6;22.27;36.284;242.96300000000002
90;108.754;11.299999999999999;11.299999999999999;8.64;8.64;8.64;8.64;8.64;8.64;8.64;8.64;8.64;8.64;8.64;8.64;8.64;8.64;8.64;12.63;8.64;8.64;8.64;8.64;8.64;8.64;8.64;8.64;8.64;8.64;8.64
91;991.7700000000001;18.28;12.959999999999999;12.959999999999999;113.96699999999998;12.959999999999999;12.959999999999999;16.95;131.416;14.29;12.959999999999999;12.959999999999999;19.61;12.959999999999999;162.821;12.959999999999999;12.959999999999999;12.959999999999999;27.590000000000003;14.29;171.443;12.959999999999999;12.959999999999999;12.959999999999999;12.959999999999999;12.959999999999999;12.959999999999999;12.959999999999999;15.62;238.84699999999998
92;882.0859999999999;15.29;21.939999999999998;19.28;124.83699999999999;21.939999999999998;8.64;20.61;133.69899999999998;17.95;23.270000000000003;19.28;32.58;25.93;173.349;27.259999999999998;9.969999999999999;8.64;47.209999999999994;23.270000000000003;201.865;16.62;13.959999999999999;15.29;19.28;8.64;16.62;13.959999999999999;13.959999999999999;253.952
93;476.142;13.959999999999999;17.95;20.61;127.53899999999999;24.292;8.64;21.939999999999998;163.895;12.63;8.64;8.64;8.64;8.64;8.64;8.64;8.64;8.64;8.64;8.64;8.64;8.64;8.64;8.64;8.64;8.64;8.64;8.64;8.64;9.969999999999999
94;904.074;38.230000000000004;54.19;34.239999999999995;125.64000000000001;37.306;12.959999999999999;19.61;132.377;18.28;19.61;19.61;14.29;14.29;170.583;15.62;15.62;12.959999999999999;28.92;14.29;190.40699999999998;14.29;12.959999999999999;12.959999999999999;12.959999999999999;12.959999999999999;12.959999999999999;12.959999999999999;12.959999999999999;12.959999999999999
95;1110.37;36.57;32.58;17.95;143.58800000000002;19.28;8.64;17.95;162.76299999999998;19.28;12.63;19.28;15.29;12.63;155.903;13.959999999999999;11.299999999999999;8.64;33.91;11.299999999999999;198.899;12.63;16.62;12.63;11.299999999999999;8.64;15.29;9.969999999999999;11.299999999999999;223.803
96;1289.9280000000003;28.92;23.6;28.92;117.60300000000001;36.284;12.959999999999999;30.25;180.856;39.56;24.93;26.259999999999998;24.93;22.27;176.418;14.29;16.95;12.959999999999999;46.21;23.6;209.968;18.28;15.62;18.28;16.95;12.959999999999999;12.959999999999999;12.959999999999999;14.29;255.06199999999995
97;9.969999999999999;8.64;8.64;8.64;8.64;8.64;8.64;8.64;8.64;8.64;8.64;8.64;8.64;8.64;8.64;8.64;8.64;8.64;8.64;8.64;8.64;8.64;8.64;8.64;8.64;8.64;8.64;8.64;8.64;8.64
98;85.78;9.969999999999999;8.64;9.969999999999999;115.47999999999999;8.64;8.64;9.969999999999999;8.64;8.64;8.64;8.64;8.64;8.64;8.64;8.64;8.64;8.64;11.299999999999999;8.64;8.64;8.64;8.64;8.64;8.64;8.64;8.64;8.64;8.64;8.64
99;14.29;12.959999999999999;12.959999999999999;12.959999999999999;12.959999999999999;12.959999999999999;12.959999999999999;12.959999999999999;12.959999999999999;12.959999999999999;12.959999999999999;12.959999999999999;12.959999999999999;12.959999999999999;12.959999999999999;12.959999999999999;12.959999999999999;12.959999999999999;12.959999999999999;12.959999999999999;12.959999999999999;12.959999999999999;12.959999999999999;12.959999999999999;12.959999999999999;12.959999999999999;12.959999999999999;12.959999999999999;12.959999999999999;12.959999999999999
100;1554.744;35.239999999999995;29.919999999999998;29.919999999999998;118.14499999999998;35.646;8.64;21.939999999999998;137.32500000000002;31.25;50.99000000000001;37.900000000000006;23.270000000000003;19.28;157.50799999999998;19.28;21.939999999999998;8.64;47.209999999999994;29.304;195.7;16.62;25.93;15.29;26.644;8.64;21.939999999999998;13.959999999999999;16.62;241.254
101;28.59;11.299999999999999;8.64;8.64;8.64;8.64;8.64;8.64;8.64;8.64;8.64;8.64;8.64;8.64;8.64;8.64;8.64;8.64;8.64;8.64;8.64;8.64;8.64;8.64;8.64;8.64;8.64;8.64;8.64;8.64
102;1710.158;33.91;24.6;20.61;125.09199999999998;19.518;8.64;23.270000000000003;163.885;40.56;37.452;27.259999999999998;24.6;24.6;182.644;13.959999999999999;13.959999999999999;8.64;60.51;22.177999999999997;201.611;16.62;13.959999999999999;21.939999999999998;15.29;8.64;19.28;13.959999999999999;12.63;264.99800000000005
103;125.744;18.28;12.959999999999999;12.959999999999999;114.802;12.959999999999999;12.959999999999999;12.959999999999999;12.959999999999999;12.959999999999999;12.959999999999999;12.959999999999999;12.959999999999999;12.959999999999999;12.959999999999999;12.959999999999999;12.959999999999999;12.959999999999999;12.959999999999999;12.959999999999999;12.959999999999999;12.959999999999999;12.959999999999999;12.959999999999999;12.959999999999999;12.959999999999999;12.959999999999999;12.959999999999999;12.959999999999999;12.959999999999999
104;1171.796;12.959999999999999;20.94;15.62;136.265;15.62;12.959999999999999;14.29;146.72199999999998;12.959999999999999;12.959999999999999;16.95;15.62;15.62;166.707;12.959999999999999;12.959999999999999;12.959999999999999;16.95;14.29;189.565;12.959999999999999;12.959999999999999;14.29;12.959999999999999;12.959999999999999;14.29;12.959999999999999;14.29;19.61
105;1590.4239999999998;20.94;23.6;27.590000000000003;129.895;37.306;12.959999999999999;42.22;171.76399999999998;20.94;23.054000000000002;16.95;30.25;23.6;189.089;18.28;15.62;12.959999999999999;36.9;22.27;201.208;18.28;18.28;16.95;15.62;12.959999999999999;30.25;18.28;16.95;270.809
106;1728.2599999999998;35.239999999999995;24.6;24.6;89.32600000000001;26.714;8.64;24.6;158.102;16.62;53.51;20.61;39.23;32.58;154.251;24.6;12.63;8.64;40.56;47.30799999999999;178.19299999999998;15.29;11.299999999999999;20.61;15.29;8.64;11.299999999999999;8.64;9.969999999999999;208.37800000000001
107;983.636;19.61;16.95;26.259999999999998;118.475;30.25;12.959999999999999;22.27;147.693;16.95;23.6;20.94;19.61;22.27;177.503;24.93;18.28;12.959999999999999;42.22;20.94;172.139;16.95;20.94;18.28;16.95;12.959999999999999;23.6;18.28;19.61;242.79500000000002
108;12.63;8.64;8.64;8.64;8.64;8.64;8.64;8.64;8.64;8.64;8.64;8.64;8.64;8.64;8.64;8.64;8.64;8.64;8.64;8.64;8.64;8.64;8.64;8.64;8.64;8.64;8.64;8.64;8.64;8.64
109;27.044;12.959999999999999;12.959999999999999;12.959999999999999;12.959999999999999;12.959999999999999;12.959999999999999;12.959999999999999;12.959999999999999;12.959999999999999;12.959999999999999;12.959999999999999;12.959999999999999;12.959999999999999;12.959999999999999;12.959999999999999;12.959999999999999;12.959999999999999;12.959999999999999;12.959999999999999;12.959999999999999;12.959999999999999;12.959999999999999;12.959999999999999;12.959999999999999;12.959999999999999;12.959999999999999;12.959999999999999;12.959999999999999;12.959999999999999
110;977.884;41.55;40.22;49.53;122.506;30.909999999999997;21.6;32.239999999999995;167.696;24.259999999999998;28.25;21.6;33.57;36.230000000000004;154.788;26.919999999999998;32.239999999999995;21.6;52.19;32.239999999999995;221.517;24.259999999999998;30.909999999999997;29.580000000000002;29.580000000000002;21.6;34.9;29.580000000000002;30.909999999999997;273.60400000000004
111;1593.8120000000001;48.870000000000005;30.25;44.879999999999995;129.10500000000002;53.266;12.959999999999999;35.57000000000001;151.735;32.91;19.61;24.93;39.56;31.58;166.509;36.9;12.959999999999999;12.959999999999999;83.45;49.346000000000004;218.314;31.58;19.61;35.57000000000001;20.94;12.959999999999999;16.95;14.29;12.959999999999999;222.501
112;18.61;17.28;17.28;17.28;17.28;17.28;17.28;17.28;17.28;17.28;17.28;17.28;17.28;17.28;17.28;17.28;17.28;17.28;17.28;17.28;17.28;17.28;17.28;17.28;17.28;17.28;17.28;17.28;17.28;17.28
113;32.58;11.299999999999999;8.64;8.64;8.64;8.64;8.64;8.64;8.64;8.64;8.64;8.64;8.64;8.64;8.64;8.64;8.64;8.64;8.64;8.64;8.64;8.64;8.64;8.64;8.64;8.64;8.64;8.64;8.64;8.64
114;975.41;25.93;24.6;28.59;115.09599999999999;19.28;8.64;13.959999999999999;158.778;21.939999999999998;19.28;16.62;21.939999999999998;19.28;181.78699999999998;13.959999999999999;8.64;8.64;33.91;17.95;192.581;16.62;13.959999999999999;12.63;13.959999999999999;8.64;8.64;11.299999999999999;19.28;234.85399999999998
115;1699.9460000000001;48.870000000000005;67.49;31.58;131.656;44.571999999999996;12.959999999999999;39.56;202.359;56.85;36.9;39.56;38.230000000000004;32.91;173.768;51.53;36.9;12.959999999999999;48.870000000000005;33.693999999999996;214.851;28.92;28.92;32.91;29.158;12.959999999999999;31.58;15.62;26.259999999999998;263.70099999999996
116;1362.3280000000002;20.61;21.939999999999998;8.64;112.778;20.302;8.64;13.959999999999999;118.066;32.58;8.64;16.62;19.28;21.939999999999998;148.889;12.63;9.969999999999999;8.64;17.95;9.969999999999999;183.541;9.969999999999999;8.64;9.969999999999999;11.299999999999999;8.64;9.969999999999999;8.64;11.299999999999999;200.418
117;1040.876;37.230000000000004;33.24;38.56;143.46800000000002;39.89;17.28;35.9;172.005;27.919999999999998;22.599999999999998;49.2;51.86;31.91;170.346;19.939999999999998;19.939999999999998;17.28;65.16;54.45;189.31799999999998;27.919999999999998;18.61;41.22;30.817999999999998;17.28;31.91;23.93;27.919999999999998;229.78300000000002
118;1423.628;26.259999999999998;19.61;18.28;121.655;14.29;12.959999999999999;15.62;122.064;15.62;15.62;12.959999999999999;16.95;16.95;176.589;18.28;12.959999999999999;12.959999999999999;27.590000000000003;14.29;189.233;15.62;18.28;15.62;16.95;12.959999999999999;18.28;15.62;14.29;208.13299999999998
119;18.61;17.28;17.28;17.28;17.28;17.28;17.28;17.28;17.28;17.28;17.28;17.28;17.28;17.28;17.28;17.28;17.28;17.28;17.28;17.28;17.28;17.28;17.28;17.28;17.28;17.28;17.28;17.28;17.28;17.28
120;271.91;16.62;12.63;25.93;117.184;9.969999999999999;8.64;8.64;124.02000000000001;11.299999999999999;8.64;8.64;12.63;8.64;118.02199999999999;8.64;8.64;8.64;8.64;8.64;8.64;8.64;8.64;8.64;8.64;8.64;8.64;8.64;8.64;11.299999999999999
121;1243.686;28.92;26.259999999999998;23.6;146.209;22.27;12.959999999999999;23.6;162.677;20.94;19.61;22.27;19.61;18.28;187.541;19.61;16.95;12.959999999999999;28.92;22.27;214.26999999999998;18.28;16.95;16.95;15.62;12.959999999999999;22.27;15.62;16.95;262.024
122;9.969999999999999;8.64;8.64;8.64;8.64;8.64;8.64;8.64;8.64;8.64;8.64;8.64;8.64;8.64;8.64;8.64;8.64;8.64;8.64;8.64;8.64;8.64;8.64;8.64;8.64;8.64;8.64;8.64;8.64;8.64
123;970.9519999999999;16.95;12.959999999999999;15.62;99.127;12.959999999999999;12.959999999999999;14.29;121.00399999999999;12.959999999999999;12.959999999999999;12.959999999999999;18.28;14.29;137.482;14.29;14.29;12.959999999999999;39.56;12.959999999999999;165.328;12.959999999999999;12.959999999999999;12.959999999999999;12.959999999999999;12.959999999999999;12.959999999999999;12.959999999999999;12.959999999999999;220.20999999999998
124;14.29;12.959999999999999;12.959999999999999;12.959999999999999;12.959999999999999;12.959999999999999;12.959999999999999;12.959999999999999;12.959999999999999;12.959999999999999;12.959999999999999;12.959999999999999;12.959999999999999;12.959999999999999;12.959999999999999;12.959999999999999;12.959999999999999;12.959999999999999;12.959999999999999;12.959999999999999;12.959999999999999;12.959999999999999;12.959999999999999;12.959999999999999;12.959999999999999;12.959999999999999;12.959999999999999;12.959999999999999;12.959999999999999;12.959999999999999
125;878.6360000000001;30.25;28.92;20.94;139.19500000000002;38.636;12.959999999999999;23.6;145.766;18.28;22.27;27.590000000000003;32.91;28.92;181.748;18.28;12.959999999999999;12.959999999999999;54.19;39.965999999999994;226.26800000000003;20.94;20.94;26.736000000000004;16.95;12.959999999999999;16.95;16.95;18.28;248.68200000000002
126;40.89;12.959999999999999;12.959999999999999;12.959999999999999;12.959999999999999;12.959999999999999;12.959999999999999;12.959999999999999;12.959999999999999;12.959999999999999;12.959999999999999;12.959999999999999;12.959999999999999;12.959999999999999;12.959999999999999;12.959999999999999;12.959999999999999;12.959999999999999;12.959999999999999;12.959999999999999;12.959999999999999;12.959999999999999;12.959999999999999;12.959999999999999;12.959999999999999;12.959999999999999;12.959999999999999;12.959999999999999;12.959999999999999;12.959999999999999
127;755.934;19.939999999999998;19.939999999999998;25.26;144.523;17.28;17.28;17.28;163.423;21.27;17.28;21.27;22.599999999999998;19.939999999999998;185.21599999999998;23.93;22.599999999999998;17.28;27.919999999999998;22.599999999999998;207.539;18.61;19.939999999999998;18.61;21.27;17.28;19.939999999999998;21.27;18.61;21.27
128;14.29;12.959999999999999;12.959999999999999;12.959999999999999;12.959999999999999;12.959999999999999;12.959999999999999;12.959999999999999;12.959999999999999;12.959999999999999;12.959999999999999;12.959999999999999;12.959999999999999;12.959999999999999;12.959999999999999;12.959999999999999;12.959999999999999;12.959999999999999;12.959999999999999;12.959999999999999;12.959999999999999;12.959999999999999;12.959999999999999;12.959999999999999;12.959999999999999;12.959999999999999;12.959999999999999;12.959999999999999;12.959999999999999;12.959999999999999
129;106.772;6.9799999999999995;4.32;6.9799999999999995;123.91000000000001;5.6499999999999995;4.32;5.6499999999999995;4.32;4.32;4.32;4.32;4.32;4.32;4.32;4.32;4.32;4.32;4.32;4.32;4.32;4.32;4.32;4.32;4.32;4.32;4.32;4.32;4.32;4.32
130;891.6279999999999;18.28;23.6;19.61;117.46200000000002;15.62;12.959999999999999;15.62;136.684;14.29;12.959999999999999;12.959999999999999;18.28;18.28;127.969;12.959999999999999;12.959999999999999;12.959999999999999;48.870000000000005;12.959999999999999;174.47699999999998;15.62;15.62;20.94;14.29;12.959999999999999;15.62;15.62;14.29;204.416
131;1758.4099999999999;23.6;18.28;18.28;137.174;18.28;12.959999999999999;20.94;161.716;19.61;24.93;23.6;19.61;14.29;153.47899999999998;16.95;15.62;12.959999999999999;35.57000000000001;15.62;201.889;19.61;19.61;18.28;16.95;12.959999999999999;18.28;15.62;14.29;231.98199999999997
132;9.969999999999999;8.64;8.64;8.64;8.64;8.64;8.64;8.64;8.64;8.64;8.64;8.64;8.64;8.64;8.64;8.64;8.64;8.64;8.64;8.64;8.64;8.64;8.64;8.64;8.64;8.64;8.64;8.64;8.64;8.64
133;9.969999999999999;8.64;8.64;8.64;8.64;8.64;8.64;8.64;8.64;8.64;8.64;8.64;8.64;8.64;8.64;8.64;8.64;8.64;8.64;8.64;8.64;8.64;8.64;8.64;8.64;8.64;8.64;8.64;8.64;8.64
134;82.12;15.62;16.95;12.959999999999999;86.746;12.959999999999999;12.959999999999999;12.959999999999999;12.959999999999999;12.959999999999999;12.959999999999999;12.959999999999999;12.959999999999999;12.959999999999999;12.959999999999999;12.959999999999999;12.959999999999999;12.959999999999999;12.959999999999999;12.959999999999999;12.959999999999999;12.959999999999999;12.959999999999999;12.959999999999999;12.959999999999999;12.959999999999999;12.959999999999999;12.959999999999999;12.959999999999999;12.959999999999999
135;848.9979999999999;24.93;30.25;22.27;114.09099999999998;26.259999999999998;12.959999999999999;28.92;121.38499999999999;28.92;34.239999999999995;40.89;23.6;27.590000000000003;99.902;27.590000000000003;16.95;12.959999999999999;70.15;54.19;218.612;15.62;19.61;31.58;22.27;12.959999999999999;38.230000000000004;15.62;27.590000000000003;270.329
136;155.066;11.299999999999999;8.64;13.959999999999999;149.015;15.29;8.64;12.63;153.887;11.299999999999999;8.64;8.64;8.64;8.64;8.64;8.64;8.64;8.64;8.64;8.64;8.64;8.64;8.64;8.64;8.64;8.64;8.64;8.64;8.64;8.64
137;361.49600000000004;21.939999999999998;31.25;28.59;103.42599999999999;32.986000000000004;8.64;16.62;142.402;8.64;8.64;8.64;8.64;8.64;8.64;8.64;8.64;8.64;9.969999999999999;8.64;8.64;8.64;8.64;8.64;8.64;8.64;8.64;8.64;8.64;9.969999999999999
138;1271.7759999999998;25.93;20.61;27.259999999999998;113.786;40.965999999999994;8.64;24.6;143.368;13.959999999999999;16.62;12.63;24.6;16.62;151.341;19.28;17.95;8.64;48.54;15.29;163.14299999999997;12.63;8.64;13.959999999999999;11.299999999999999;8.64;12.63;9.969999999999999;9.969999999999999;235.44600000000003
139;1104.66;29.25;34.57;49.2;153.142;44.286;17.28;42.55;177.731;34.57;78.11;34.57;26.589999999999996;21.27;182.717;19.939999999999998;17.28;17.28;46.540000000000006;43.264;221.02799999999996;23.93;23.93;28.941999999999997;43.739999999999995;17.28;21.27;26.589999999999996;26.282;265.455
140;1814.25;30.58;27.919999999999998;35.9;137.868;34.262;17.28;31.91;161.006;53.19;75.45;37.230000000000004;34.57;35.9;187.403;45.209999999999994;30.58;17.28;90.42999999999999;37.468;225.88400000000001;23.93;23.93;26.589999999999996;30.817999999999998;17.28;35.9;34.57;31.91;272.947
141;159.582;24.93;22.27;14.29;99.563;18.28;12.959999999999999;14.29;12.959999999999999;12.959999999999999;12.959999999999999;12.959999999999999;12.959999999999999;12.959999999999999;12.959999999999999;12.959999999999999;12.959999999999999;12.959999999999999;12.959999999999999;12.959999999999999;12.959999999999999;12.959999999999999;12.959999999999999;12.959999999999999;12.959999999999999;12.959999999999999;12.959999999999999;12.959999999999999;12.959999999999999;14.29
142;1624.36;30.25;35.57000000000001;30.25;122.02399999999999;46.616;12.959999999999999;31.58;170.023;19.61;20.94;20.94;30.25;24.93;180.90099999999998;42.22;26.259999999999998;12.959999999999999;59.510000000000005;45.286;217.238;24.93;30.25;25.952;38.636;12.959999999999999;35.57000000000001;40.89;40.582;264.704
143;30.942;8.64;8.64;8.64;8.64;8.64;8.64;8.64;8.64;8.64;8.64;8.64;8.64;8.64;8.64;8.64;8.64;8.64;8.64;8.64;8.64;8.64;8.64;8.64;8.64;8.64;8.64;8.64;8.64;8.64
144;1426.638;42.22;60.84;28.92;130.638;35.262;12.959999999999999;34.239999999999995;176.74;52.86;36.9;43.55;31.58;32.91;166.873;32.91;26.259999999999998;12.959999999999999;51.53;30.25;206.36200000000002;18.28;27.590000000000003;20.94;19.61;12.959999999999999;26.259999999999998;24.93;26.259999999999998;263.951
145;1928.3079999999998;31.91;38.56;37.230000000000004;149.57299999999998;40.058;17.28;33.24;187.42000000000002;57.18;79.916;42.55;35.9;27.919999999999998;184.05200000000002;35.9;30.58;17.28;37.230000000000004;32.932;223.06300000000002;26.589999999999996;23.93;26.828;23.93;17.28;46.540000000000006;26.589999999999996;34.57;281.784
146;1109.2859999999998;23.6;22.27;28.92;132.55;26.259999999999998;12.959999999999999;30.25;154.063;16.95;16.95;31.58;30.25;26.259999999999998;171.54899999999998;15.62;14.29;12.959999999999999;72.81;27.590000000000003;219.58999999999997;16.95;16.95;19.61;19.61;12.959999999999999;15.62;15.62;19.61;255.493
147;1308.1080000000002;29.25;26.589999999999996;22.599999999999998;137.586;47.254;17.28;35.9;140.55599999999998;33.24;34.262;23.93;19.939999999999998;19.939999999999998;139.957;19.939999999999998;17.28;17.28;41.22;19.939999999999998;153.983;18.61;17.28;17.28;17.28;17.28;17.28;17.28;17.28;205.83100000000002
148;1260.416;26.259999999999998;22.27;24.93;120.90200000000002;37.306;12.959999999999999;32.91;159.269;35.57000000000001;64.47999999999999;34.239999999999995;35.57000000000001;26.259999999999998;166.125;27.590000000000003;26.259999999999998;12.959999999999999;40.89;42.388;223.06900000000002;23.6;27.590000000000003;29.942;33.623999999999995;12.959999999999999;27.590000000000003;24.93;37.922;267.416
149;90.48400000000001;12.63;16.62;8.64;9.969999999999999;8.64;8.64;8.64;8.64;8.64;8.64;8.64;8.64;8.64;8.64;8.64;8.64;8.64;9.969999999999999;8.64;8.64;8.64;8.64;8.64;8.64;8.64;8.64;8.64;8.64;9.969999999999999
150;14.29;12.959999999999999;12.959999999999999;12.959999999999999;12.959999999999999;12.959999999999999;12.959999999999999;12.959999999999999;12.959999999999999;12.959999999999999;12.959999999999999;12.959999999999999;12.959999999999999;12.959999999999999;12.959999999999999;12.959999999999999;12.959999999999999;12.959999999999999;12.959999999999999;12.959999999999999;12.959999999999999;12.959999999999999;12.959999999999999;12.959999999999999;12.959999999999999;12.959999999999999;12.959999999999999;12.959999999999999;12.959999999999999;12.959999999999999
151;1147.3319999999999;26.589999999999996;22.599999999999998;22.599999999999998;137.712;26.589999999999996;17.28;27.919999999999998;142.215;22.599999999999998;23.93;17.28;34.57;30.58;181.33;22.599999999999998;25.26;17.28;46.540000000000006;38.182;204.983;19.939999999999998;21.27;22.599999999999998;22.599999999999998;17.28;25.26;18.61;21.27;245.17800000000003
152;18.28;12.959999999999999;12.959999999999999;12.959999999999999;12.959999999999999;12.959999999999999;12.959999999999999;12.959999999999999;12.959999999999999;12.959999999999999;12.959999999999999;12.959999999999999;12.959999999999999;12.959999999999999;12.959999999999999;12.959999999999999;12.959999999999999;12.959999999999999;12.959999999999999;12.959999999999999;12.959999999999999;12.959999999999999;12.959999999999999;12.959999999999999;12.959999999999999;12.959999999999999;12.959999999999999;12.959999999999999;12.959999999999999;12.959999999999999
153;46.21;20.94;15.62;12.959999999999999;12.959999999999999;12.959999999999999;12.959999999999999;12.959999999999999;12.959999999999999;12.959999999999999;12.959999999999999;12.959999999999999;12.959999999999999;12.959999999999999;12.959999999999999;12.959999999999999;12.959999999999999;12.959999999999999;12.959999999999999;12.959999999999999;12.959999999999999;12.959999999999999;12.959999999999999;12.959999999999999;12.959999999999999;12.959999999999999;12.959999999999999;12.959999999999999;12.959999999999999;14.29
154;745.468;38.230000000000004;22.27;24.93;125.81099999999998;25.952;12.959999999999999;23.6;189.609;32.91;15.62;27.590000000000003;22.27;19.61;18.28;15.62;12.959999999999999;12.959999999999999;12.959999999999999;12.959999999999999;12.959999999999999;12.959999999999999;12.959999999999999;12.959999999999999;12.959999999999999;12.959999999999999;12.959999999999999;12.959999999999999;12.959999999999999;18.28
155;1750.962;56.85;46.21;48.870000000000005;147.378;51.936;12.959999999999999;55.519999999999996;158.739;22.27;15.62;24.93;27.590000000000003;23.6;186.263;23.6;15.62;12.959999999999999;62.169999999999995;31.272;217.058;23.6;15.62;19.61;18.28;12.959999999999999;16.95;14.29;22.27;276.815
156;767.17;61.5;52.19;92.09;142.426;41.55;21.6;30.909999999999997;192.60199999999998;33.57;29.580000000000002;46.870000000000005;21.6;21.6;21.6;21.6;21.6;21.6;26.919999999999998;21.6;21.6;21.6;21.6;21.6;21.6;21.6;21.6;21.6;21.6;29.580000000000002
157;1521.558;16.95;19.61;30.25;136.473;24.076;12.959999999999999;24.93;125.63799999999999;18.28;15.62;18.28;23.6;24.93;171.554;20.94;12.959999999999999;12.959999999999999;19.61;12.959999999999999;154.48000000000002;12.959999999999999;12.959999999999999;18.28;18.28;12.959999999999999;19.61;12.959999999999999;20.94;27.590000000000003
158;85.424;15.62;12.959999999999999;12.959999999999999;59.765;12.959999999999999;12.959999999999999;12.959999999999999;73.605;12.959999999999999;12.959999999999999;12.959999999999999;12.959999999999999;12.959999999999999;12.959999999999999;12.959999999999999;12.959999999999999;12.959999999999999;12.959999999999999;12.959999999999999;12.959999999999999;12.959999999999999;12.959999999999999;12.959999999999999;12.959999999999999;12.959999999999999;12.959999999999999;12.959999999999999;12.959999999999999;12.959999999999999
159;1238.3239999999998;24.93;20.94;24.93;137.132;22.27;12.959999999999999;20.94;163.737;32.91;26.259999999999998;23.6;22.27;23.6;185.649;35.57000000000001;26.259999999999998;12.959999999999999;96.75;27.590000000000003;193.37199999999999;18.28;24.93;18.28;16.95;12.959999999999999;31.58;26.259999999999998;26.259999999999998;253.54900000000004
160;1772.438;39.56;39.56;30.25;133.833;24.622;12.959999999999999;18.28;162.038;22.27;18.28;31.58;16.95;15.62;184.99;15.62;16.95;12.959999999999999;23.6;14.29;212.24900000000002;14.29;16.95;15.62;16.95;12.959999999999999;19.61;15.62;18.28;32.91
161;9.969999999999999;8.64;8.64;8.64;8.64;8.64;8.64;8.64;8.64;8.64;8.64;8.64;8.64;8.64;8.64;8.64;8.64;8.64;8.64;8.64;8.64;8.64;8.64;8.64;8.64;8.64;8.64;8.64;8.64;8.64
162;1057.128;23.270000000000003;16.62;21.939999999999998;127.274;42.534;8.64;23.270000000000003;171.751;32.58;15.29;29.919999999999998;27.259999999999998;24.6;182.218;19.28;16.62;8.64;40.56;29.304;201.72;16.62;16.62;17.95;30.634;8.64;16.62;19.28;15.29;238.47
163;198.48000000000002;13.959999999999999;8.64;9.969999999999999;102.46000000000001;8.64;8.64;8.64;123.69800000000001;8.64;8.64;8.64;8.64;8.64;8.64;8.64;8.64;8.64;8.64;8.64;8.64;8.64;8.64;8.64;8.64;8.64;8.64;8.64;8.64;8.64
164;2502.3059999999996;16.62;28.59;43.22;139.608;43.626;8.64;29.919999999999998;173.403;31.25;27.973999999999997;19.28;23.270000000000003;24.6;187.476;17.95;8.64;8.64;37.900000000000006;21.632;200.92000000000002;15.29;11.299999999999999;13.959999999999999;12.63;8.64;12.63;8.64;12.63;263.45500000000004
165;733.4559999999999;18.28;24.93;23.6;141.85;15.62;12.959999999999999;18.28;139.708;15.62;15.62;16.95;20.94;18.28;177.228;15.62;15.62;12.959999999999999;46.21;19.61;203.38;15.62;18.28;16.95;15.62;12.959999999999999;18.28;16.95;15.62;249.42000000000002
166;1056.414;20.61;35.239999999999995;23.270000000000003;102.73500000000001;34.316;8.64;20.61;134.343;28.59;12.63;31.25;20.61;17.95;162.028;13.959999999999999;13.959999999999999;8.64;31.25;24.292;200.999;9.969999999999999;11.299999999999999;11.299999999999999;9.969999999999999;8.64;8.64;8.64;9.969999999999999;218.166
167;372.346;19.28;21.939999999999998;13.959999999999999;125.84;9.969999999999999;8.64;8.64;122.69;8.64;8.64;8.64;8.64;8.64;8.64;8.64;8.64;8.64;8.64;8.64;8.64;8.64;8.64;8.64;8.64;8.64;8.64;8.64;8.64;8.64
168;618.02;21.27;17.28;17.28;132.766;17.28;17.28;18.61;161.454;17.28;21.27;19.939999999999998;18.61;19.939999999999998;175.433;17.28;17.28;17.28;34.57;21.27;200.255;17.28;19.939999999999998;18.61;18.61;17.28;19.939999999999998;17.28;18.61;239.256
169;742.5780000000001;17.28;17.28;19.939999999999998;83.044;17.28;17.28;21.27;112.94800000000001;19.939999999999998;21.27;23.93;21.27;17.28;143.97899999999998;21.27;17.28;17.28;26.589999999999996;17.28;148.606;17.28;22.599999999999998;19.939999999999998;21.27;17.28;22.599999999999998;18.61;18.61;192.32799999999997
170;940.7179999999998;24.6;8.64;9.969999999999999;128.869;11.299999999999999;8.64;11.299999999999999;117.125;11.299999999999999;9.969999999999999;13.959999999999999;15.29;12.63;102.607;8.64;8.64;8.64;28.59;9.969999999999999;157.459;8.64;8.64;13.959999999999999;9.969999999999999;8.64;11.299999999999999;8.64;12.63;165.50900000000001
171;9.969999999999999;8.64;8.64;8.64;97.437;8.64;8.64;8.64;8.64;8.64;8.64;8.64;8.64;8.64;8.64;8.64;8.64;8.64;8.64;8.64;8.64;8.64;8.64;8.64;8.64;8.64;8.64;8.64;8.64;8.64
172;970.9100000000001;19.61;14.29;16.95;124.528;15.62;12.959999999999999;15.62;153.788;14.29;12.959999999999999;15.62;18.28;30.25;173.082;12.959999999999999;15.62;12.959999999999999;62.169999999999995;16.95;197.37400000000002;15.62;15.62;14.29;14.29;12.959999999999999;15.62;12.959999999999999;15.62;247.66899999999998
173;381.62199999999996;27.590000000000003;18.28;19.61;112.667;12.959999999999999;12.959999999999999;12.959999999999999;112.71199999999999;14.29;15.62;15.62;12.959999999999999;12.959999999999999;12.959999999999999;12.959999999999999;12.959999999999999;12.959999999999999;12.959999999999999;12.959999999999999;12.959999999999999;12.959999999999999;12.959999999999999;12.959999999999999;12.959999999999999;12.959999999999999;12.959999999999999;12.959999999999999;12.959999999999999;12.959999999999999
174;1609.582;28.59;28.59;27.259999999999998;100.77099999999999;28.043999999999997;8.64;39.23;146.038;36.57;69.232;45.88;36.57;31.25;158.105;20.61;12.63;8.64;61.839999999999996;20.61;206.499;20.61;16.62;17.95;31.18;8.64;27.259999999999998;21.939999999999998;25.93;258.358
175;14.29;12.959999999999999;12.959999999999999;12.959999999999999;12.959999999999999;12.959999999999999;12.959999999999999;12.959999999999999;12.959999999999999;12.959999999999999;12.959999999999999;12.959999999999999;12.959999999999999;12.959999999999999;12.959999999999999;12.959999999999999;12.959999999999999;12.959999999999999;12.959999999999999;12.959999999999999;12.959999999999999;12.959999999999999;12.959999999999999;12.959999999999999;12.959999999999999;12.959999999999999;12.959999999999999;12.959999999999999;12.959999999999999;12.959999999999999
176;1186.594;22.27;23.6;28.92;132.228;32.602000000000004;12.959999999999999;31.58;155.393;23.6;31.509999999999998;38.230000000000004;30.25;18.28;185.255;22.27;22.27;12.959999999999999;27.590000000000003;15.62;196.94299999999998;15.62;14.29;15.62;18.28;12.959999999999999;18.28;15.62;18.28;189.18200000000002
177;155.72400000000002;25.93;8.64;9.969999999999999;9.969999999999999;8.64;8.64;8.64;8.64;8.64;8.64;8.64;8.64;8.64;8.64;8.64;8.64;8.64;8.64;8.64;8.64;8.64;8.64;8.64;8.64;8.64;8.64;8.64;8.64;13.959999999999999
178;2018.46;38.230000000000004;36.9;47.54;139.2;55.926;12.959999999999999;47.54;197.631;68.82;56.471999999999994;47.54;55.519999999999996;52.86;196.86100000000002;48.870000000000005;36.9;12.959999999999999;55.519999999999996;53.574;235.69199999999998;40.89;38.230000000000004;37.922;60.153999999999996;12.959999999999999;19.61;23.6;54.596000000000004;302.885
179;2054.7839999999997;39.89;39.89;38.56;138.844;49.059999999999995;17.28;43.879999999999995;167.05399999999997;47.87;76.542;38.56;50.53;33.24;175.76;30.58;19.939999999999998;17.28;62.5;43.025999999999996;224.69100000000003;35.9;25.26;30.58;48.822;17.28;43.879999999999995;29.25;58.132;273.321
180;357.766;20.94;12.959999999999999;20.94;125.65;34.646;12.959999999999999;20.94;164.059;14.29;12.959999999999999;12.959999999999999;12.959999999999999;12.959999999999999;12.959999999999999;12.959999999999999;12.959999999999999;12.959999999999999;12.959999999999999;12.959999999999999;12.959999999999999;12.959999999999999;12.959999999999999;12.959999999999999;12.959999999999999;12.959999999999999;12.959999999999999;12.959999999999999;12.959999999999999;14.29
181;44.480000000000004;8.64;9.969999999999999;8.64;74.057;8.64;8.64;8.64;36.649;8.64;8.64;8.64;8.64;8.64;67.04299999999999;8.64;8.64;8.64;11.299999999999999;8.64;8.64;8.64;8.64;8.64;8.64;8.64;8.64;8.64;8.64;8.64
182;603.894;17.28;17.28;18.61;96.725;18.61;17.28;19.939999999999998;45.289;17.28;17.28;17.28;21.27;18.61;113.252;18.61;18.61;17.28;19.939999999999998;18.61;92.21;19.939999999999998;19.939999999999998;19.939999999999998;21.27;17.28;19.939999999999998;18.61;27.919999999999998;103.375
183;16.62;8.64;8.64;8.64;8.64;8.64;8.64;8.64;8.64;8.64;8.64;8.64;8.64;8.64;8.64;8.64;8.64;8.64;8.64;8.64;8.64;8.64;8.64;8.64;8.64;8.64;8.64;8.64;8.64;8.64
184;243.63799999999998;23.6;12.959999999999999;20.94;15.62;12.959999999999999;12.959999999999999;12.959999999999999;12.959999999999999;12.959999999999999;12.959999999999999;12.959999999999999;12.959999999999999;12.959999999999999;12.959999999999999;12.959999999999999;12.959999999999999;12.959999999999999;16.95;12.959999999999999;12.959999999999999;12.959999999999999;12.959999999999999;12.959999999999999;12.959999999999999;12.959999999999999;12.959999999999999;12.959999999999999;12.959999999999999;14.29
185;439.898;23.93;19.939999999999998;17.28;127.47099999999999;26.282;17.28;22.599999999999998;139.67399999999998;17.28;17.28;21.27;18.61;19.939999999999998;157.368;17.28;19.939999999999998;17.28;17.28;17.28;155.62;17.28;17.28;17.28;17.28;17.28;17.28;17.28;17.28;18.61
186;37.900000000000006;8.64;8.64;8.64;8.64;8.64;8.64;8.64;8.64;8.64;8.64;8.64;8.64;8.64;8.64;8.64;8.64;8.64;8.64;8.64;8.64;8.64;8.64;8.64;8.64;8.64;8.64;8.64;8.64;8.64
187;637.92;18.28;16.95;14.29;111.186;12.959999999999999;12.959999999999999;12.959999999999999;144.384;18.28;15.62;15.62;14.29;14.29;190.486;12.959999999999999;12.959999999999999;12.959999999999999;19.61;12.959999999999999;189.67399999999998;12.959999999999999;12.959999999999999;12.959999999999999;12.959999999999999;12.959999999999999;12.959999999999999;12.959999999999999;18.28;12.959999999999999
188;1208.482;36.57;24.6;29.919999999999998;114.47699999999999;42.296;8.64;32.58;137.563;45.88;90.20400000000001;44.550000000000004;33.91;43.22;171.38500000000002;45.88;33.91;8.64;57.849999999999994;49.967999999999996;211.86800000000002;23.270000000000003;33.91;38.684;47.616;8.64;28.59;23.270000000000003;42.058;259.413
189;35.9;17.28;17.28;17.28;110.75299999999999;17.28;17.28;17.28;101.401;17.28;17.28;17.28;17.28;17.28;17.28;17.28;17.28;17.28;17.28;17.28;17.28;17.28;17.28;17.28;17.28;17.28;17.28;17.28;17.28;17.28
190;9.969999999999999;8.64;8.64;8.64;8.64;8.64;8.64;8.64;8.64;8.64;8.64;8.64;8.64;8.64;8.64;8.64;8.64;8.64;8.64;8.64;8.64;8.64;8.64;8.64;8.64;8.64;8.64;8.64;8.64;8.64
191;1180.518;43.55;31.58;31.58;135.16299999999998;29.942;12.959999999999999;23.6;155.995;23.6;24.93;36.9;28.92;28.92;171.86599999999999;20.94;14.29;12.959999999999999;52.86;15.62;206.20100000000002;18.28;18.28;16.95;19.61;12.959999999999999;15.62;18.28;22.27;247.90700000000004
192;278.014;8.64;8.64;8.64;88.085;8.64;8.64;9.969999999999999;65.045;8.64;8.64;8.64;8.64;11.299999999999999;87.41;8.64;8.64;8.64;8.64;8.64;8.64;8.64;8.64;8.64;8.64;8.64;8.64;8.64;8.64;8.64
193;1325.8100000000002;28.92;34.239999999999995;19.61;135.16299999999998;30.964;12.959999999999999;16.95;188.96499999999997;35.57000000000001;66.356;19.61;22.27;18.28;179.088;20.94;20.94;12.959999999999999;38.230000000000004;15.62;200.403;14.29;18.28;14.29;14.29;12.959999999999999;14.29;12.959999999999999;14.29;18.28
194;1560.47;20.61;27.259999999999998;23.270000000000003;104.58500000000001;29.611999999999995;8.64;24.6;164.00900000000001;19.28;12.63;16.62;40.56;24.6;171.74900000000002;17.95;16.62;8.64;71.14999999999999;39.468;205.54;28.59;35.239999999999995;31.25;43.626;8.64;40.56;27.259999999999998;28.282;245.925
195;703.2939999999999;19.939999999999998;21.27;25.26;141.348;31.602;17.28;31.91;184.978;46.540000000000006;58.23;30.58;33.24;21.27;187.403;38.56;22.599999999999998;17.28;42.55;23.93;182.829;21.27;22.599999999999998;30.58;44.048;17.28;25.26;22.599999999999998;31.364000000000004;278.75
196;830.8040000000001;11.299999999999999;9.969999999999999;9.969999999999999;95.815;8.64;8.64;13.959999999999999;76.938;8.64;9.969999999999999;9.969999999999999;16.62;11.299999999999999;112.078;8.64;8.64;8.64;35.239999999999995;9.969999999999999;175.519;8.64;8.64;8.64;11.299999999999999;8.64;12.63;9.969999999999999;15.29;231.783
197;1302.086;31.25;25.93;23.270000000000003;117.184;38.306;8.64;17.95;147.685;31.25;17.95;31.25;31.25;21.939999999999998;149.122;23.270000000000003;17.95;8.64;51.199999999999996;44.956;181.98;21.939999999999998;32.58;24.292;38.306;8.64;20.61;16.62;34.624;241.17000000000002
198;187.428;26.259999999999998;14.29;15.62;104.71199999999999;15.62;12.959999999999999;12.959999999999999;15.62;12.959999999999999;12.959999999999999;12.959999999999999;12.959999999999999;12.959999999999999;12.959999999999999;12.959999999999999;12.959999999999999;12.959999999999999;12.959999999999999;12.959999999999999;12.959999999999999;12.959999999999999;12.959999999999999;12.959999999999999;12.959999999999999;12.959999999999999;12.959999999999999;12.959999999999999;12.959999999999999;12.959999999999999
199;130.882;16.95;22.27;16.95;112.786;21.962;12.959999999999999;14.29;12.959999999999999;12.959999999999999;12.959999999999999;12.959999999999999;12.959999999999999;15.62;12.959999999999999;12.959999999999999;12.959999999999999;12.959999999999999;12.959999999999999;12.959999999999999;12.959999999999999;12.959999999999999;12.959999999999999;12.959999999999999;12.959999999999999;12.959999999999999;12.959999999999999;12.959999999999999;12.959999999999999;14.29
200;551.366;29.25;29.25;31.91;125.45499999999998;36.614;17.28;29.25;149.4;17.28;22.054000000000002;19.939999999999998;17.28;17.28;168.52800000000002;17.28;17.28;17.28;17.28;17.28;17.28;17.28;17.28;17.28;17.28;17.28;17.28;17.28;17.28;21.27
201;1005.414;26.589999999999996;23.93;25.26;143.837;30.034;17.28;22.599999999999998;154.715;30.58;27.919999999999998;27.919999999999998;25.26;37.230000000000004;172.51800000000003;25.26;18.61;17.28;33.24;25.26;199.678;25.26;21.27;26.589999999999996;17.28;17.28;18.61;19.939999999999998;18.61;246.949
202;780.3899999999999;15.29;9.969999999999999;9.969999999999999;126.209;8.64;8.64;8.64;102.87400000000001;8.64;8.64;8.64;8.64;11.299999999999999;129.603;8.64;8.64;8.64;25.93;8.64;142.834;8.64;8.64;8.64;8.64;8.64;8.64;8.64;9.969999999999999;193.731
203;2995.674;32.91;27.590000000000003;28.92;137.65200000000002;43.956;12.959999999999999;34.239999999999995;175.432;15.62;26.973999999999997;18.28;20.94;15.62;179.73199999999997;15.62;12.959999999999999;12.959999999999999;54.19;16.95;209.54699999999997;14.29;12.959999999999999;16.95;15.62;12.959999999999999;18.28;12.959999999999999;16.95;266.975
204;1673.31;39.23;21.939999999999998;21.939999999999998;145.193;39.09;8.64;25.93;159.739;37.900000000000006;52.86599999999999;21.939999999999998;19.28;20.61;197.175;19.28;13.959999999999999;8.64;47.209999999999994;26.951999999999998;217.888;20.61;13.959999999999999;16.62;12.63;8.64;11.299999999999999;12.63;12.63;260.572
205;1120.738;28.92;18.28;18.28;116.506;19.61;12.959999999999999;19.61;150.717;19.61;18.28;20.94;28.92;18.28;167.24200000000002;20.94;15.62;12.959999999999999;42.22;16.95;187.38299999999998;16.95;12.959999999999999;22.27;19.61;12.959999999999999;30.25;14.29;20.94;250.978
206;905.242;11.299999999999999;8.64;13.959999999999999;115.84899999999999;22.962;8.64;12.63;118.38300000000001;12.63;11.299999999999999;13.959999999999999;9.969999999999999;11.299999999999999;165.52999999999997;8.64;8.64;8.64;51.199999999999996;11.299999999999999;189.438;8.64;8.64;9.969999999999999;9.969999999999999;8.64;8.64;8.64;13.959999999999999;218.483
207;251.11999999999998;32.58;31.25;27.259999999999998;8.64;8.64;8.64;8.64;8.64;8.64;8.64;8.64;8.64;8.64;8.64;8.64;8.64;8.64;8.64;8.64;8.64;8.64;8.64;8.64;8.64;8.64;8.64;8.64;8.64;11.299999999999999
208;994.1419999999998;35.239999999999995;35.239999999999995;31.25;137.213;21.939999999999998;8.64;15.29;134.063;11.299999999999999;16.62;25.93;11.299999999999999;9.969999999999999;139.646;17.95;9.969999999999999;8.64;12.63;8.64;161.11700000000002;8.64;9.969999999999999;11.299999999999999;9.969999999999999;8.64;11.299999999999999;9.969999999999999;8.64;17.95
209;20.94;12.959999999999999;12.959999999999999;12.959999999999999;12.959999999999999;12.959999999999999;12.959999999999999;12.959999999999999;12.959999999999999;12.959999999999999;12.959999999999999;12.959999999999999;12.959999999999999;12.959999999999999;12.959999999999999;12.959999999999999;12.959999999999999;12.959999999999999;12.959999999999999;12.959999999999999;12.959999999999999;12.959999999999999;12.959999999999999;12.959999999999999;12.959999999999999;12.959999999999999;12.959999999999999;12.959999999999999;12.959999999999999;12.959999999999999
210;1323.48;31.91;38.56;34.57;113.121;31.056;17.28;26.589999999999996;167.96300000000002;30.58;22.599999999999998;33.24;41.22;31.91;189.20599999999996;29.25;25.26;17.28;39.89;36.922;219.93900000000002;27.919999999999998;27.919999999999998;21.27;19.939999999999998;17.28;29.25;22.599999999999998;26.589999999999996;290.24199999999996
211;14.29;12.959999999999999;12.959999999999999;12.959999999999999;12.959999999999999;12.959999999999999;12.959999999999999;12.959999999999999;12.959999999999999;12.959999999999999;12.959999999999999;12.959999999999999;12.959999999999999;12.959999999999999;12.959999999999999;12.959999999999999;12.959999999999999;12.959999999999999;12.959999999999999;12.959999999999999;12.959999999999999;12.959999999999999;12.959999999999999;12.959999999999999;12.959999999999999;12.959999999999999;12.959999999999999;12.959999999999999;12.959999999999999;12.959999999999999
212;609.9960000000001;17.95;12.63;9.969999999999999;83.11699999999999;12.63;8.64;12.63;131.039;16.62;13.959999999999999;15.29;13.959999999999999;12.63;157.99599999999998;11.299999999999999;15.29;8.64;13.959999999999999;8.64;170.89;8.64;11.299999999999999;8.64;8.64;8.64;11.299999999999999;11.299999999999999;12.63;191.918
213;24.93;14.29;12.959999999999999;12.959999999999999;12.959999999999999;12.959999999999999;12.959999999999999;12.959999999999999;12.959999999999999;12.959999999999999;12.959999999999999;12.959999999999999;12.959999999999999;12.959999999999999;12.959999999999999;12.959999999999999;12.959999999999999;12.959999999999999;12.959999999999999;12.959999999999999;12.959999999999999;12.959999999999999;12.959999999999999;12.959999999999999;12.959999999999999;12.959999999999999;12.959999999999999;12.959999999999999;12.959999999999999;12.959999999999999
214;794.9780000000001;15.29;11.299999999999999;11.299999999999999;132.854;11.299999999999999;8.64;12.63;127.31400000000002;8.64;8.64;8.64;12.63;8.64;147.029;8.64;8.64;8.64;9.969999999999999;9.969999999999999;123.6;9.969999999999999;11.299999999999999;11.299999999999999;11.299999999999999;8.64;13.959999999999999;9.969999999999999;12.63;144.42000000000002
215;35.239999999999995;8.64;8.64;8.64;8.64;8.64;8.64;8.64;8.64;8.64;8.64;8.64;8.64;8.64;8.64;8.64;8.64;8.64;11.299999999999999;8.64;8.64;8.64;8.64;8.64;8.64;8.64;8.64;8.64;8.64;8.64
216;87.894;19.28;16.62;8.64;8.64;8.64;8.64;8.64;8.64;8.64;8.64;8.64;8.64;8.64;8.64;8.64;8.64;8.64;8.64;8.64;8.64;8.64;8.64;8.64;8.64;8.64;8.64;8.64;8.64;11.299999999999999
217;9.969999999999999;8.64;8.64;8.64;8.64;8.64;8.64;8.64;8.64;8.64;8.64;8.64;8.64;8.64;8.64;8.64;8.64;8.64;8.64;8.64;8.64;8.64;8.64;8.64;8.64;8.64;8.64;8.64;8.64;8.64
218;2383.4179999999997;36.57;35.239999999999995;40.56;137.057;49.730000000000004;8.64;39.23;176.078;57.849999999999994;76.19;47.209999999999994;35.239999999999995;25.93;183.226;28.59;27.259999999999998;8.64;109.72;21.939999999999998;235.85900000000004;15.29;25.93;16.62;13.959999999999999;8.64;17.95;17.95;19.28;279.945
219;1867.6860000000001;36.57;43.22;24.6;117.87499999999999;31.656;8.64;29.919999999999998;194.683;53.86000000000001;81.748;31.25;35.239999999999995;28.59;174.565;36.57;27.259999999999998;8.64;31.25;33.294;218.172;17.95;20.61;24.6;43.626;8.64;24.6;15.29;33.602;255.96800000000002
220;797.03;31.58;28.92;26.259999999999998;129.801;38.944;12.959999999999999;24.93;169.862;28.92;19.61;31.58;22.27;22.27;174.204;18.28;16.95;12.959999999999999;54.19;18.28;185.206;12.959999999999999;12.959999999999999;12.959999999999999;12.959999999999999;12.959999999999999;12.959999999999999;12.959999999999999;12.959999999999999;14.29
221;9.969999999999999;8.64;8.64;8.64;8.64;8.64;8.64;8.64;8.64;8.64;8.64;8.64;8.64;8.64;8.64;8.64;8.64;8.64;8.64;8.64;8.64;8.64;8.64;8.64;8.64;8.64;8.64;8.64;8.64;8.64
222;936.638;26.259999999999998;18.28;20.94;125.36999999999999;33.316;12.959999999999999;20.94;119.53800000000001;42.22;68.54;39.56;35.57000000000001;26.259999999999998;159.47;23.6;15.62;12.959999999999999;35.57000000000001;29.634;191.226;16.95;24.93;25.952;28.304000000000002;12.959999999999999;31.58;30.25;20.94;262.678
223;2398.4680000000003;31.25;21.939999999999998;33.91;102.62100000000001;37.592;8.64;33.91;153.27999999999997;48.54;20.61;28.59;36.57;36.57;170.85500000000002;44.550000000000004;13.959999999999999;8.64;56.519999999999996;27.259999999999998;212.84300000000002;20.61;23.270000000000003;21.939999999999998;28.52;8.64;31.25;24.6;28.59;274.224
224;575.1500000000001;25.93;19.28;48.54;120.411;17.95;8.64;9.969999999999999;116.164;8.64;8.64;8.64;8.64;8.64;8.64;8.64;8.64;8.64;11.299999999999999;8.64;8.64;8.64;8.64;8.64;8.64;8.64;8.64;8.64;8.64;8.64
225;1395.7740000000001;23.270000000000003;27.259999999999998;16.62;131.207;17.95;8.64;20.61;123.517;15.29;13.959999999999999;15.29;15.29;13.959999999999999;164.40800000000002;17.95;9.969999999999999;8.64;29.919999999999998;11.299999999999999;194.06199999999998;11.299999999999999;13.959999999999999;13.959999999999999;9.969999999999999;8.64;13.959999999999999;8.64;11.299999999999999;229.06599999999997
226;855.466;26.259999999999998;32.91;20.94;129.474;21.962;12.959999999999999;20.94;157.726;22.27;16.95;16.95;18.28;15.62;169.20600000000002;19.61;16.95;12.959999999999999;12.959999999999999;16.95;195.72200000000004;14.29;14.29;16.95;14.29;12.959999999999999;18.28;14.29;14.29;22.27
227;1064.108;12.959999999999999;12.959999999999999;14.29;119.02700000000002;15.62;12.959999999999999;12.959999999999999;120.001;19.61;12.959999999999999;15.62;24.93;18.28;154.539;14.29;16.95;12.959999999999999;40.89;19.61;193.55;18.28;15.62;27.590000000000003;18.28;12.959999999999999;18.28;15.62;18.28;228.06099999999998
228;628.2259999999999;29.25;29.25;23.93;118.758;31.839999999999996;17.28;19.939999999999998;141.648;35.9;29.25;26.589999999999996;23.93;22.599999999999998;172.84;26.589999999999996;25.26;17.28;33.24;27.374;205.52799999999996;22.599999999999998;22.599999999999998;21.27;19.939999999999998;17.28;21.27;19.939999999999998;19.939999999999998;250.664
229;261.676;25.93;25.93;15.29;113.88;11.299999999999999;8.64;11.299999999999999;69.924;8.64;8.64;8.64;8.64;8.64;8.64;8.64;8.64;8.64;13.959999999999999;8.64;8.64;8.64;8.64;8.64;8.64;8.64;8.64;8.64;8.64;11.299999999999999
230;915.008;16.95;16.95;19.61;116.45400000000001;15.62;12.959999999999999;12.959999999999999;116.499;18.28;15.62;15.62;14.29;14.29;155.98299999999998;12.959999999999999;12.959999999999999;12.959999999999999;22.27;12.959999999999999;178.18699999999998;12.959999999999999;12.959999999999999;14.29;12.959999999999999;12.959999999999999;15.62;12.959999999999999;15.62;181.16500000000002
231;62.68000000000001;8.64;8.64;9.969999999999999;8.64;8.64;8.64;8.64;8.64;8.64;8.64;8.64;8.64;8.64;8.64;8.64;8.64;8.64;8.64;8.64;8.64;8.64;8.64;8.64;8.64;8.64;8.64;8.64;8.64;9.969999999999999
232;376.504;23.270000000000003;23.270000000000003;20.61;134.34;37.284;8.64;13.959999999999999;137.08700000000002;8.64;8.64;8.64;8.64;8.64;8.64;8.64;8.64;8.64;8.64;8.64;8.64;8.64;8.64;8.64;8.64;8.64;8.64;8.64;8.64;9.969999999999999
233;2454.888;23.270000000000003;45.88;29.919999999999998;114.482;42.296;8.64;44.550000000000004;196.075;55.19;73.838;41.89;39.23;31.25;171.058;56.519999999999996;23.270000000000003;8.64;52.53;37.284;221.745;29.919999999999998;29.919999999999998;30.942;25.622;8.64;41.89;32.58;37.046;311.922
234;798.788;59.839999999999996;93.09;67.82;148.798;51.55199999999999;17.28;27.919999999999998;171.039;31.91;19.939999999999998;29.25;17.28;17.28;150.35399999999998;17.28;17.28;17.28;17.28;17.28;17.28;17.28;17.28;17.28;17.28;17.28;17.28;17.28;17.28;21.27
235;308.91200000000003;21.939999999999998;12.63;9.969999999999999;118.021;20.302;8.64;16.62;124.71100000000001;9.969999999999999;8.64;8.64;8.64;8.64;8.64;8.64;8.64;8.64;11.299999999999999;8.64;8.64;8.64;8.64;8.64;8.64;8.64;8.64;8.64;8.64;11.299999999999999
236;63.5;19.61;14.29;14.29;110.126;12.959999999999999;12.959999999999999;12.959999999999999;12.959999999999999;12.959999999999999;12.959999999999999;12.959999999999999;12.959999999999999;12.959999999999999;12.959999999999999;12.959999999999999;12.959999999999999;12.959999999999999;16.95;12.959999999999999;12.959999999999999;12.959999999999999;12.959999999999999;12.959999999999999;12.959999999999999;12.959999999999999;12.959999999999999;12.959999999999999;12.959999999999999;12.959999999999999
237;791.492;20.61;9.969999999999999;17.95;124.832;11.299999999999999;8.64;13.959999999999999;11.299999999999999;8.64;8.64;11.299999999999999;9.969999999999999;8.64;160.049;8.64;8.64;8.64;25.93;9.969999999999999;138.55200000000002;9.969999999999999;8.64;11.299999999999999;9.969999999999999;8.64;11.299999999999999;8.64;8.64;220.135
238;1556.796;64.83;50.2;46.21;123.10399999999998;47.946;12.959999999999999;43.55;167.03599999999997;51.53;86.404;46.21;62.169999999999995;36.9;174.84799999999998;51.53;42.22;12.959999999999999;40.89;42.626000000000005;232.38799999999998;31.58;48.870000000000005;35.262;46.616;12.959999999999999;38.230000000000004;19.61;22.27;259.062
239;835.5500000000002;8.64;23.270000000000003;16.62;92.761;9.969999999999999;8.64;9.969999999999999;96.28099999999999;8.64;8.64;8.64;11.299999999999999;11.299999999999999;171.152;8.64;8.64;8.64;19.28;11.299999999999999;184.222;9.969999999999999;8.64;8.64;8.64;8.64;9.969999999999999;8.64;21.632;225.22199999999998
240;519.262;27.259999999999998;16.62;45.88;121.07;36.262;8.64;13.959999999999999;128.81;8.64;8.64;9.969999999999999;8.64;8.64;8.64;8.64;8.64;8.64;8.64;8.64;8.64;8.64;8.64;8.64;8.64;8.64;8.64;8.64;8.64;11.299999999999999
241;11.299999999999999;8.64;8.64;8.64;8.64;8.64;8.64;8.64;8.64;8.64;8.64;8.64;8.64;8.64;8.64;8.64;8.64;8.64;8.64;8.64;8.64;8.64;8.64;8.64;8.64;8.64;8.64;8.64;8.64;8.64
242;113.354;22.27;20.94;16.95;97.428;14.29;12.959999999999999;12.959999999999999;12.959999999999999;12.959999999999999;12.959999999999999;12.959999999999999;12.959999999999999;12.959999999999999;12.959999999999999;12.959999999999999;12.959999999999999;12.959999999999999;16.95;12.959999999999999;12.959999999999999;12.959999999999999;12.959999999999999;12.959999999999999;12.959999999999999;12.959999999999999;12.959999999999999;12.959999999999999;12.959999999999999;12.959999999999999
243;269.104;31.58;16.95;12.959999999999999;93.993;12.959999999999999;12.959999999999999;12.959999999999999;109.314;12.959999999999999;12.959999999999999;16.95;12.959999999999999;12.959999999999999;120.752;12.959999999999999;12.959999999999999;12.959999999999999;12.959999999999999;12.959999999999999;146.53;15.62;12.959999999999999;12.959999999999999;12.959999999999999;12.959999999999999;12.959999999999999;12.959999999999999;12.959999999999999;12.959999999999999
244;1937.812;27.259999999999998;19.28;24.6;122.697;17.95;8.64;17.95;166.75799999999998;15.29;31.18;31.25;28.59;20.61;179.127;21.939999999999998;9.969999999999999;8.64;27.259999999999998;17.95;210.272;12.63;15.29;13.959999999999999;12.63;8.64;16.62;13.959999999999999;12.63;253.41199999999998
245;1409.2139999999997;16.62;24.6;13.959999999999999;136.443;17.95;8.64;17.95;162.83499999999998;25.93;19.28;19.28;16.62;27.259999999999998;151.10100000000003;21.939999999999998;23.270000000000003;8.64;33.91;20.61;199.09499999999997;16.62;23.270000000000003;15.29;16.62;8.64;24.6;17.95;13.959999999999999;249.192
246;898.3120000000001;20.61;20.61;20.61;132.22;24.6;8.64;13.959999999999999;98.67099999999999;8.64;11.299999999999999;11.299999999999999;8.64;8.64;161.21800000000002;8.64;8.64;8.64;9.969999999999999;9.969999999999999;116.747;9.969999999999999;8.64;11.299999999999999;8.64;8.64;9.969999999999999;8.64;11.299999999999999;15.29
247;14.29;12.959999999999999;12.959999999999999;12.959999999999999;12.959999999999999;12.959999999999999;12.959999999999999;12.959999999999999;12.959999999999999;12.959999999999999;12.959999999999999;12.959999999999999;12.959999999999999;12.959999999999999;12.959999999999999;12.959999999999999;12.959999999999999;12.959999999999999;12.959999999999999;12.959999999999999;12.959999999999999;12.959999999999999;12.959999999999999;12.959999999999999;12.959999999999999;12.959999999999999;12.959999999999999;12.959999999999999;12.959999999999999;12.959999999999999
248;173.798;24.6;17.95;15.29;97.14500000000001;9.969999999999999;8.64;11.299999999999999;8.64;8.64;8.64;8.64;8.64;8.64;8.64;8.64;8.64;8.64;8.64;8.64;8.64;8.64;8.64;8.64;8.64;8.64;8.64;8.64;8.64;11.299999999999999
249;1320.16;24.6;35.239999999999995;28.59;118.83099999999999;26.951999999999998;8.64;15.29;141.399;11.299999999999999;9.969999999999999;13.959999999999999;28.59;13.959999999999999;156.381;11.299999999999999;8.64;8.64;27.259999999999998;12.63;207.04;12.63;11.299999999999999;9.969999999999999;9.969999999999999;8.64;17.95;8.64;11.299999999999999;245.853
250;404.84;21.939999999999998;11.299999999999999;15.29;99.48299999999999;9.969999999999999;8.64;8.64;123.69800000000001;8.64;8.64;8.64;8.64;8.64;8.64;8.64;8.64;8.64;11.299999999999999;8.64;8.64;8.64;8.64;8.64;8.64;8.64;8.64;8.64;8.64;11.299999999999999
251;340.252;36.9;12.959999999999999;12.959999999999999;141.21099999999998;12.959999999999999;12.959999999999999;12.959999999999999;102.3;12.959999999999999;12.959999999999999;12.959999999999999;12.959999999999999;12.959999999999999;12.959999999999999;12.959999999999999;12.959999999999999;12.959999999999999;15.62;12.959999999999999;12.959999999999999;12.959999999999999;12.959999999999999;12.959999999999999;12.959999999999999;12.959999999999999;12.959999999999999;12.959999999999999;12.959999999999999;19.61
252;604.796;24.93;24.93;16.95;139.512;14.29;12.959999999999999;15.62;150.442;19.61;14.29;18.28;15.62;16.95;177.758;14.29;14.29;12.959999999999999;23.6;15.62;209.35399999999998;14.29;15.62;12.959999999999999;12.959999999999999;12.959999999999999;12.959999999999999;14.29;12.959999999999999;222.055
253;503.33;28.59;17.95;19.28;108.669;13.959999999999999;8.64;12.63;99.632;8.64;8.64;8.64;8.64;8.64;8.64;8.64;8.64;8.64;8.64;8.64;8.64;8.64;8.64;8.64;8.64;8.64;8.64;8.64;8.64;8.64
254;186.96;23.93;17.28;25.26;144.523;18.61;17.28;17.28;132.977;17.28;17.28;17.28;17.28;17.28;17.28;17.28;17.28;17.28;17.28;17.28;17.28;17.28;17.28;17.28;17.28;17.28;17.28;17.28;17.28;17.28
255;9.969999999999999;8.64;8.64;8.64;8.64;8.64;8.64;8.64;8.64;8.64;8.64;8.64;8.64;8.64;8.64;8.64;8.64;8.64;8.64;8.64;8.64;8.64;8.64;8.64;8.64;8.64;8.64;8.64;8.64;8.64
256;1325.146;30.58;21.27;19.939999999999998;144.201;22.599999999999998;17.28;19.939999999999998;142.656;19.939999999999998;23.93;21.27;22.599999999999998;21.27;139.625;25.26;19.939999999999998;17.28;38.56;22.599999999999998;168.962;19.939999999999998;19.939999999999998;21.27;19.939999999999998;17.28;26.589999999999996;22.599999999999998;19.939999999999998;224.05200000000002
257;820.312;26.259999999999998;35.57000000000001;19.61;131.28699999999998;15.62;12.959999999999999;14.29;144.384;16.95;15.62;18.28;14.29;18.28;157.521;16.95;15.62;12.959999999999999;14.29;12.959999999999999;193.711;12.959999999999999;14.29;12.959999999999999;12.959999999999999;12.959999999999999;12.959999999999999;12.959999999999999;14.29;12.959999999999999
258;1419.602;20.61;9.969999999999999;9.969999999999999;133.498;21.632;8.64;19.28;147.08300000000003;17.95;8.64;8.64;15.29;17.95;9.969999999999999;8.64;8.64;8.64;28.59;13.959999999999999;172.381;11.299999999999999;8.64;9.969999999999999;8.64;8.64;9.969999999999999;11.299999999999999;12.63;15.29
259;1542.9159999999997;35.9;33.24;41.22;139.171;52.266;17.28;43.879999999999995;215.57299999999998;66.49;69.79400000000001;53.19;51.86;49.2;194.806;53.19;41.22;17.28;59.839999999999996;60.245999999999995;230.68800000000002;29.25;59.839999999999996;44.902;50.93600000000001;17.28;45.209999999999994;43.879999999999995;48.108000000000004;295.24
260;188.19;13.959999999999999;13.959999999999999;8.64;117.781;8.64;8.64;8.64;76.532;8.64;8.64;8.64;8.64;8.64;8.64;8.64;8.64;8.64;16.62;8.64;8.64;8.64;8.64;8.64;8.64;8.64;8.64;8.64;8.64;9.969999999999999
261;1759.7459999999999;56.519999999999996;32.58;45.88;154.228;50.276;8.64;28.59;207.54699999999997;69.82;70.86999999999999;52.53;41.89;39.23;193.648;45.88;23.270000000000003;8.64;75.14;56.617999999999995;245.704;36.57;39.23;29.611999999999995;47.30799999999999;8.64;24.6;36.57;81.65;314.941
262;983.272;14.29;12.959999999999999;16.95;135.985;14.29;12.959999999999999;20.94;171.707;23.6;24.93;26.259999999999998;30.25;26.259999999999998;184.23700000000002;20.94;16.95;12.959999999999999;58.18000000000001;19.61;211.392;15.62;19.61;20.94;15.62;12.959999999999999;19.61;15.62;23.6;283.995
263;863.5360000000001;20.61;16.62;9.969999999999999;108.14899999999999;8.64;8.64;8.64;138.43200000000002;11.299999999999999;9.969999999999999;19.28;12.63;12.63;132.362;9.969999999999999;8.64;8.64;12.63;9.969999999999999;145.811;9.969999999999999;8.64;9.969999999999999;9.969999999999999;8.64;9.969999999999999;8.64;13.959999999999999;176.21099999999998
264;1975.256;47.54;42.22;28.92;153.825;64.69;12.959999999999999;34.239999999999995;173.005;32.91;76.996;38.230000000000004;36.9;35.57000000000001;177.233;23.6;16.95;12.959999999999999;51.53;45.286;221.29100000000003;28.92;22.27;19.61;16.95;12.959999999999999;28.92;14.29;20.94;265.967
265;1048.98;19.28;15.29;20.61;110.571;17.642;8.64;11.299999999999999;154.94400000000002;16.62;19.28;15.29;15.29;11.299999999999999;166.845;16.62;11.299999999999999;8.64;24.6;22.416000000000004;184.53400000000002;9.969999999999999;12.63;9.969999999999999;8.64;8.64;11.299999999999999;8.64;12.63;222.55199999999996
266;1964.434;26.259999999999998;27.590000000000003;28.92;147.861;44.194;12.959999999999999;35.57000000000001;184.373;58.18000000000001;71.368;39.56;36.9;26.259999999999998;197.54699999999997;43.55;34.239999999999995;12.959999999999999;52.86;54.596000000000004;231.62099999999998;28.92;30.25;29.942;46.854;12.959999999999999;31.58;35.57000000000001;46.924;302.40700000000004
267;3496.132;43.55;47.54;30.25;136.815;55.38;12.959999999999999;28.92;173.005;35.57000000000001;77.47200000000001;50.2;35.57000000000001;32.91;166.831;47.54;27.590000000000003;12.959999999999999;67.49;30.25;215.12699999999998;24.93;27.590000000000003;23.6;48.184;12.959999999999999;31.58;31.58;31.58;279.272
268;518.5419999999999;24.93;24.93;27.590000000000003;126.49699999999999;24.622;12.959999999999999;12.959999999999999;155.014;12.959999999999999;12.959999999999999;12.959999999999999;12.959999999999999;12.959999999999999;12.959999999999999;12.959999999999999;12.959999999999999;12.959999999999999;16.95;12.959999999999999;12.959999999999999;12.959999999999999;12.959999999999999;12.959999999999999;12.959999999999999;12.959999999999999;12.959999999999999;12.959999999999999;12.959999999999999;12.959999999999999
269;9.969999999999999;8.64;8.64;8.64;8.64;8.64;8.64;8.64;8.64;8.64;8.64;8.64;8.64;8.64;8.64;8.64;8.64;8.64;8.64;8.64;8.64;8.64;8.64;8.64;8.64;8.64;8.64;8.64;8.64;8.64
270;2438.02;35.9;31.91;58.51;141.499;65.258;17.28;45.209999999999994;190.70899999999997;47.87;106.096;45.209999999999994;53.19;57.18;191.227;41.22;31.91;17.28;63.83;35.9;247.79500000000002;27.919999999999998;31.91;36.922;54.379999999999995;17.28;27.919999999999998;22.599999999999998;26.589999999999996;275.929
271;840.1699999999998;11.299999999999999;12.63;9.969999999999999;121.85499999999999;11.299999999999999;8.64;16.62;153.089;11.299999999999999;9.969999999999999;11.299999999999999;9.969999999999999;11.299999999999999;151.866;17.95;11.299999999999999;8.64;25.93;11.299999999999999;172.651;8.64;11.299999999999999;12.63;12.63;8.64;13.959999999999999;13.959999999999999;11.299999999999999;223.11200000000002
272;1171.4460000000001;20.94;19.61;27.590000000000003;109.076;35.262;12.959999999999999;24.93;131.669;20.94;39.965999999999994;19.61;36.9;34.239999999999995;124.784;15.62;15.62;12.959999999999999;51.53;40.274;159.51800000000003;28.92;28.92;19.61;37.306;12.959999999999999;20.94;12.959999999999999;22.27;215.73000000000002
273;14.29;12.959999999999999;12.959999999999999;12.959999999999999;12.959999999999999;12.959999999999999;12.959999999999999;12.959999999999999;12.959999999999999;12.959999999999999;12.959999999999999;12.959999999999999;12.959999999999999;12.959999999999999;12.959999999999999;12.959999999999999;12.959999999999999;12.959999999999999;12.959999999999999;12.959999999999999;12.959999999999999;12.959999999999999;12.959999999999999;12.959999999999999;12.959999999999999;12.959999999999999;12.959999999999999;12.959999999999999;12.959999999999999;12.959999999999999
274;2410.726;62.169999999999995;46.21;54.19;157.166;52.17400000000001;12.959999999999999;42.22;190.332;55.519999999999996;19.61;40.89;42.22;34.239999999999995;199.67700000000002;43.55;16.95;12.959999999999999;71.48;59.370000000000005;231.36600000000004;16.95;19.61;20.94;16.95;12.959999999999999;16.95;16.95;19.61;286.841
275;1777.884;12.959999999999999;16.95;14.29;110.81700000000001;12.959999999999999;12.959999999999999;12.959999999999999;136.414;16.95;19.61;15.62;14.29;14.29;160.22299999999998;15.62;12.959999999999999;12.959999999999999;15.62;12.959999999999999;189.929;12.959999999999999;12.959999999999999;15.62;12.959999999999999;12.959999999999999;12.959999999999999;12.959999999999999;15.62;228.487
276;1394.4940000000001;15.62;16.95;19.61;139.19500000000002;32.294;12.959999999999999;18.28;169.743;20.94;20.94;27.590000000000003;23.6;15.62;175.74200000000002;18.28;18.28;12.959999999999999;24.93;12.959999999999999;209.92100000000002;12.959999999999999;18.28;15.62;15.62;12.959999999999999;18.28;12.959999999999999;16.95;255.404
277;1480.8519999999999;24.6;35.239999999999995;35.239999999999995;130.261;51.606;8.64;39.23;161.936;39.23;65.004;40.56;39.23;24.6;150.338;25.93;17.95;8.64;40.56;43.388;196.412;28.59;24.6;22.962;42.296;8.64;17.95;19.28;37.046;264.909
278;2630.5879999999997;51.199999999999996;21.939999999999998;25.93;131.85099999999997;17.95;8.64;17.95;145.01999999999998;13.959999999999999;24.6;12.63;13.959999999999999;17.95;145.117;12.63;11.299999999999999;8.64;39.23;9.969999999999999;195.278;12.63;12.63;9.969999999999999;8.64;8.64;8.64;8.64;12.63;234.07599999999996
279;1233.024;17.95;19.28;23.270000000000003;126.214;40.965999999999994;8.64;15.29;131.40800000000002;21.939999999999998;11.299999999999999;11.299999999999999;33.91;16.62;179.994;8.64;8.64;8.64;63.17;34.385999999999996;186.09199999999998;20.61;19.28;9.969999999999999;8.64;8.64;11.299999999999999;8.64;12.63;235.223
280;18.61;17.28;17.28;17.28;17.28;17.28;17.28;17.28;17.28;17.28;17.28;17.28;17.28;17.28;17.28;17.28;17.28;17.28;17.28;17.28;17.28;17.28;17.28;17.28;17.28;17.28;17.28;17.28;17.28;17.28
281;1405.666;28.92;20.94;26.259999999999998;139.465;23.292;12.959999999999999;12.959999999999999;139.71300000000002;18.28;24.93;18.28;14.29;12.959999999999999;166.452;12.959999999999999;12.959999999999999;12.959999999999999;40.89;18.28;15.62;18.28;12.959999999999999;12.959999999999999;12.959999999999999;12.959999999999999;12.959999999999999;12.959999999999999;12.959999999999999;15.62
282;11.299999999999999;8.64;8.64;8.64;8.64;8.64;8.64;8.64;8.64;8.64;8.64;8.64;8.64;8.64;8.64;8.64;8.64;8.64;8.64;8.64;8.64;8.64;8.64;8.64;8.64;8.64;8.64;8.64;8.64;8.64
283;1798.19;39.23;43.22;44.550000000000004;138.24099999999999;20.61;8.64;21.939999999999998;150.714;13.959999999999999;9.969999999999999;11.299999999999999;25.93;17.95;161.062;12.63;8.64;8.64;68.49000000000001;23.508000000000003;215.59199999999998;20.61;17.95;15.29;15.29;8.64;11.299999999999999;8.64;29.919999999999998;263.289
284;239.03199999999998;26.259999999999998;27.590000000000003;48.870000000000005;116.82300000000001;15.62;12.959999999999999;14.29;106.976;12.959999999999999;12.959999999999999;12.959999999999999;12.959999999999999;12.959999999999999;12.959999999999999;12.959999999999999;12.959999999999999;12.959999999999999;16.95;12.959999999999999;12.959999999999999;12.959999999999999;12.959999999999999;12.959999999999999;12.959999999999999;12.959999999999999;12.959999999999999;12.959999999999999;12.959999999999999;12.959999999999999
285;418.30999999999995;46.540000000000006;47.87;30.58;136.179;17.28;17.28;17.28;17.28;17.28;17.28;17.28;17.28;17.28;17.28;17.28;17.28;17.28;21.27;17.28;17.28;17.28;17.28;17.28;17.28;17.28;17.28;17.28;17.28;25.26
286;147.22799999999998;27.919999999999998;26.589999999999996;22.599999999999998;130.78699999999998;18.61;17.28;18.61;127.441;19.939999999999998;19.939999999999998;19.939999999999998;17.28;17.28;17.28;17.28;17.28;17.28;17.28;17.28;17.28;17.28;17.28;17.28;17.28;17.28;17.28;17.28;17.28;17.28
287;953.1020000000001;26.259999999999998;51.53;34.239999999999995;122.46499999999999;26.259999999999998;12.959999999999999;27.590000000000003;143.656;32.91;20.94;24.93;27.590000000000003;19.61;171.54399999999998;22.27;15.62;12.959999999999999;43.55;15.62;200.72;15.62;14.29;19.61;15.62;12.959999999999999;14.29;18.28;20.94;238.55500000000004
288;1057.086;23.270000000000003;21.939999999999998;19.28;121.10700000000001;18.972;8.64;11.299999999999999;146.023;13.959999999999999;12.63;16.62;13.959999999999999;12.63;151.705;8.64;8.64;8.64;11.299999999999999;8.64;149.957;8.64;8.64;8.64;8.64;8.64;8.64;8.64;8.64;178.165
289;1481.308;12.959999999999999;12.959999999999999;20.94;113.477;20.94;12.959999999999999;19.61;134.393;15.62;12.959999999999999;15.62;20.94;24.93;159.37599999999998;14.29;15.62;12.959999999999999;51.53;20.94;190.89;18.28;16.95;18.28;20.94;12.959999999999999;22.27;14.29;20.94;240.462
290;14.29;12.959999999999999;12.959999999999999;12.959999999999999;12.959999999999999;12.959999999999999;12.959999999999999;12.959999999999999;12.959999999999999;12.959999999999999;12.959999999999999;12.959999999999999;12.959999999999999;12.959999999999999;12.959999999999999;12.959999999999999;12.959999999999999;12.959999999999999;12.959999999999999;12.959999999999999;12.959999999999999;12.959999999999999;12.959999999999999;12.959999999999999;12.959999999999999;12.959999999999999;12.959999999999999;12.959999999999999;12.959999999999999;12.959999999999999
291;9.969999999999999;8.64;8.64;8.64;8.64;8.64;8.64;8.64;8.64;8.64;8.64;8.64;8.64;8.64;8.64;8.64;8.64;8.64;8.64;8.64;8.64;8.64;8.64;8.64;8.64;8.64;8.64;8.64;8.64;8.64
292;1212.846;29.580000000000002;33.57;42.879999999999995;148.905;47.514;21.6;34.9;189.667;44.21;85.73400000000001;22.93;42.879999999999995;32.239999999999995;187.104;25.59;24.259999999999998;21.6;72.14;58.938;215.38100000000003;33.57;29.580000000000002;28.25;28.25;21.6;24.259999999999998;29.580000000000002;38.036;231.87900000000002
293;171.12399999999997;13.959999999999999;16.62;19.28;11.299999999999999;9.969999999999999;8.64;11.299999999999999;8.64;8.64;11.299999999999999;8.64;8.64;8.64;8.64;8.64;8.64;8.64;9.969999999999999;8.64;8.64;8.64;8.64;8.64;8.64;8.64;8.64;8.64;8.64;9.969999999999999
294;546.144;17.28;17.28;17.28;135.488;17.28;17.28;17.28;92.59199999999998;17.28;17.28;17.28;17.28;17.28;132.819;17.28;17.28;17.28;35.9;18.61;114.86600000000001;18.61;18.61;18.61;18.61;17.28;17.28;19.939999999999998;19.939999999999998;211.557
295;1009.682;44.550000000000004;25.93;19.28;120.42599999999999;16.62;8.64;20.61;160.383;27.259999999999998;19.28;17.95;19.28;12.63;163.514;12.63;9.969999999999999;8.64;25.93;13.959999999999999;192.737;11.299999999999999;11.299999999999999;12.63;9.969999999999999;8.64;12.63;8.64;14.744;247.98800000000003
296;5179.716;84.78;44.879999999999995;51.53;138.84099999999998;77.206;12.959999999999999;56.85;208.048;67.49;84.262;84.78;74.13999999999999;38.230000000000004;190.476;50.2;43.55;12.959999999999999;131.32999999999998;70.248;210.357;39.56;38.230000000000004;39.56;42.696;12.959999999999999;46.21;39.56;57.634;267.904
297;55.19;8.64;8.64;9.969999999999999;8.64;8.64;8.64;8.64;8.64;8.64;8.64;8.64;8.64;8.64;8.64;8.64;8.64;8.64;8.64;8.64;8.64;8.64;8.64;8.64;8.64;8.64;8.64;8.64;8.64;8.64
298;320.51200000000006;15.62;15.62;12.959999999999999;97.08099999999999;12.959999999999999;12.959999999999999;12.959999999999999;78.377;14.29;12.959999999999999;12.959999999999999;12.959999999999999;12.959999999999999;12.959999999999999;12.959999999999999;12.959999999999999;12.959999999999999;12.959999999999999;12.959999999999999;12.959999999999999;12.959999999999999;12.959999999999999;12.959999999999999;12.959999999999999;12.959999999999999;12.959999999999999;12.959999999999999;12.959999999999999;12.959999999999999
299;164.57999999999998;18.28;14.29;12.959999999999999;80.715;12.959999999999999;12.959999999999999;12.959999999999999;94.743;12.959999999999999;18.28;12.959999999999999;12.959999999999999;12.959999999999999;12.959999999999999;12.959999999999999;15.62;12.959999999999999;12.959999999999999;12.959999999999999;12.959999999999999;12.959999999999999;12.959999999999999;12.959999999999999;12.959999999999999;12.959999999999999;12.959999999999999;12.959999999999999;12.959999999999999;12.959999999999999
300;765.8580000000001;12.63;12.63;9.969999999999999;133.86200000000002;8.64;8.64;8.64;142.402;8.64;8.64;8.64;8.64;8.64;8.64;8.64;8.64;8.64;11.299999999999999;11.299999999999999;170.682;8.64;8.64;8.64;8.64;8.64;8.64;8.64;11.299999999999999;12.63
301;1312.188;22.27;15.62;19.61;133.677;15.62;12.959999999999999;18.28;135.084;19.61;12.959999999999999;14.29;18.28;20.94;161.667;12.959999999999999;12.959999999999999;12.959999999999999;54.19;15.62;163.312;15.62;12.959999999999999;14.29;12.959999999999999;12.959999999999999;14.29;12.959999999999999;19.61;231.38
302;1838.944;63.17;32.58;36.57;131.85099999999997;43.626;8.64;35.239999999999995;162.357;60.51;76.73599999999999;93.75999999999999;37.900000000000006;32.58;175.37;44.550000000000004;25.93;8.64;57.849999999999994;43.388;219.68699999999998;31.25;35.239999999999995;30.942;44.41;8.64;28.59;21.939999999999998;44.242;265.761
303;18.61;17.28;17.28;17.28;17.28;17.28;17.28;17.28;17.28;17.28;17.28;17.28;17.28;17.28;17.28;17.28;17.28;17.28;17.28;17.28;17.28;17.28;17.28;17.28;17.28;17.28;17.28;17.28;17.28;17.28
304;1387.088;22.27;12.959999999999999;42.22;130.7;19.61;12.959999999999999;22.27;128.018;18.28;15.62;15.62;19.61;22.27;142.49;12.959999999999999;15.62;12.959999999999999;71.48;20.94;151.268;26.259999999999998;20.94;19.61;15.62;12.959999999999999;15.62;12.959999999999999;18.28;210.583
305;9.969999999999999;8.64;8.64;8.64;8.64;8.64;8.64;8.64;8.64;8.64;8.64;8.64;8.64;8.64;8.64;8.64;8.64;8.64;8.64;8.64;8.64;8.64;8.64;8.64;8.64;8.64;8.64;8.64;8.64;8.64
306;330.164;13.959999999999999;12.63;23.270000000000003;120.84699999999998;37.76;8.64;17.95;113.66500000000002;15.29;8.64;15.29;8.64;8.64;149.36700000000002;8.64;8.64;8.64;8.64;8.64;8.64;8.64;8.64;8.64;8.64;8.64;8.64;8.64;8.64;9.969999999999999
307;9.969999999999999;8.64;8.64;8.64;8.64;8.64;8.64;8.64;8.64;8.64;8.64;8.64;8.64;8.64;8.64;8.64;8.64;8.64;8.64;8.64;8.64;8.64;8.64;8.64;8.64;8.64;8.64;8.64;8.64;8.64
308;698.042;9.969999999999999;13.959999999999999;15.29;123.50200000000001;8.64;8.64;8.64;8.64;11.299999999999999;11.299999999999999;11.299999999999999;8.64;9.969999999999999;134.17;8.64;8.64;8.64;15.29;8.64;156.332;8.64;8.64;9.969999999999999;11.299999999999999;8.64;8.64;8.64;11.299999999999999;185.625
309;344.682;19.28;15.29;35.239999999999995;128.5;17.642;8.64;8.64;8.64;8.64;8.64;8.64;8.64;8.64;8.64;8.64;8.64;8.64;11.299999999999999;8.64;8.64;8.64;8.64;8.64;8.64;8.64;8.64;8.64;8.64;9.969999999999999
310;967.3820000000001;23.6;24.93;28.92;133.189;42.626000000000005;12.959999999999999;28.92;157.04500000000002;30.25;20.94;22.27;30.25;22.27;179.041;22.27;18.28;12.959999999999999;40.89;19.61;213.901;19.61;19.61;20.94;18.28;12.959999999999999;20.94;15.62;18.28;245.289
311;70.15;12.959999999999999;12.959999999999999;12.959999999999999;12.959999999999999;12.959999999999999;12.959999999999999;14.29;12.959999999999999;12.959999999999999;12.959999999999999;12.959999999999999;12.959999999999999;12.959999999999999;12.959999999999999;12.959999999999999;12.959999999999999;12.959999999999999;12.959999999999999;12.959999999999999;12.959999999999999;12.959999999999999;12.959999999999999;12.959999999999999;12.959999999999999;12.959999999999999;12.959999999999999;12.959999999999999;12.959999999999999;12.959999999999999
312;1471.5639999999999;28.92;38.230000000000004;36.9;139.839;49.275999999999996;12.959999999999999;26.259999999999998;173.0;48.870000000000005;35.57000000000001;20.94;39.56;23.6;178.61;15.62;18.28;12.959999999999999;42.22;39.56;204.918;18.28;16.95;16.95;15.62;12.959999999999999;16.95;15.62;16.95;256.34
313;1208.048;17.95;12.63;8.64;132.537;11.299999999999999;8.64;15.29;143.051;20.61;17.95;21.939999999999998;17.95;12.63;173.06900000000002;13.959999999999999;13.959999999999999;8.64;51.199999999999996;16.62;200.71200000000002;12.63;13.959999999999999;12.63;11.299999999999999;8.64;15.29;13.959999999999999;16.074;235.171
314;1394.334;38.56;31.91;25.26;127.149;22.599999999999998;17.28;29.25;151.775;18.61;18.61;25.26;27.919999999999998;25.26;161.945;26.589999999999996;17.28;17.28;66.49;29.25;200.74800000000002;22.599999999999998;22.599999999999998;26.589999999999996;22.599999999999998;17.28;29.25;17.28;28.704;281.41499999999996
315;1655.188;18.28;20.94;14.29;102.909;14.29;12.959999999999999;15.62;109.65100000000001;15.62;12.959999999999999;20.94;19.61;16.95;124.10500000000002;19.61;12.959999999999999;12.959999999999999;30.25;15.62;177.692;12.959999999999999;14.29;12.959999999999999;12.959999999999999;12.959999999999999;18.28;12.959999999999999;14.29;224.31400000000002
316;929.624;19.61;20.94;30.25;137.605;25.952;12.959999999999999;22.27;145.127;15.62;15.62;20.94;27.590000000000003;31.58;169.097;12.959999999999999;12.959999999999999;12.959999999999999;28.92;15.62;190.93699999999998;12.959999999999999;12.959999999999999;22.27;12.959999999999999;12.959999999999999;18.28;12.959999999999999;14.29;256.662
317;2849.164;19.61;19.61;18.28;118.445;20.94;12.959999999999999;15.62;124.30799999999999;16.95;76.996;22.27;23.6;15.62;185.41099999999997;15.62;12.959999999999999;12.959999999999999;54.19;36.284;212.571;18.28;18.28;18.28;15.62;12.959999999999999;15.62;15.62;16.95;240.613
318;1024.124;24.93;14.29;19.61;121.82099999999998;34.646;12.959999999999999;26.259999999999998;158.417;16.95;22.27;19.61;24.93;24.93;176.542;18.28;16.95;12.959999999999999;62.169999999999995;26.497999999999998;203.093;22.27;20.94;19.61;16.95;12.959999999999999;18.28;16.95;20.94;245.91799999999998
319;22.27;15.62;12.959999999999999;12.959999999999999;12.959999999999999;12.959999999999999;12.959999999999999;12.959999999999999;12.959999999999999;12.959999999999999;12.959999999999999;12.959999999999999;12.959999999999999;12.959999999999999;12.959999999999999;12.959999999999999;12.959999999999999;12.959999999999999;12.959999999999999;12.959999999999999;12.959999999999999;12.959999999999999;12.959999999999999;12.959999999999999;12.959999999999999;12.959999999999999;12.959999999999999;12.959999999999999;12.959999999999999;12.959999999999999
320;954.8100000000001;27.590000000000003;26.259999999999998;27.590000000000003;119.95600000000002;15.62;12.959999999999999;18.28;142.69;20.94;18.28;24.93;18.28;16.95;131.268;18.28;20.94;12.959999999999999;36.9;15.62;186.962;14.29;20.94;15.62;14.29;12.959999999999999;18.28;18.28;33.623999999999995;239.449
321;26.259999999999998;12.959999999999999;12.959999999999999;12.959999999999999;12.959999999999999;12.959999999999999;12.959999999999999;12.959999999999999;12.959999999999999;12.959999999999999;12.959999999999999;12.959999999999999;12.959999999999999;12.959999999999999;12.959999999999999;12.959999999999999;12.959999999999999;12.959999999999999;12.959999999999999;12.959999999999999;12.959999999999999;12.959999999999999;12.959999999999999;12.959999999999999;12.959999999999999;12.959999999999999;12.959999999999999;12.959999999999999;12.959999999999999;12.959999999999999
322;136.72599999999997;27.259999999999998;28.59;13.959999999999999;117.818;8.64;8.64;8.64;8.64;8.64;8.64;8.64;8.64;8.64;8.64;8.64;8.64;8.64;9.969999999999999;8.64;8.64;8.64;8.64;8.64;8.64;8.64;8.64;8.64;8.64;8.64
323;156.83800000000002;16.95;14.29;14.29;125.48400000000001;12.959999999999999;12.959999999999999;12.959999999999999;12.959999999999999;12.959999999999999;14.29;12.959999999999999;12.959999999999999;12.959999999999999;12.959999999999999;12.959999999999999;12.959999999999999;12.959999999999999;19.61;12.959999999999999;12.959999999999999;12.959999999999999;12.959999999999999;12.959999999999999;12.959999999999999;12.959999999999999;12.959999999999999;12.959999999999999;12.959999999999999;12.959999999999999
324;642.882;27.259999999999998;28.59;24.6;135.47699999999998;39.09;8.64;15.29;120.082;8.64;8.64;8.64;8.64;8.64;8.64;8.64;8.64;8.64;8.64;8.64;8.64;8.64;8.64;8.64;8.64;8.64;8.64;8.64;8.64;9.969999999999999
325;1013.2320000000001;14.29;15.62;22.27;116.132;19.064;12.959999999999999;15.62;158.095;14.29;12.959999999999999;12.959999999999999;15.62;14.29;177.067;12.959999999999999;12.959999999999999;12.959999999999999;23.6;14.29;203.167;14.29;12.959999999999999;14.29;14.29;12.959999999999999;14.29;12.959999999999999;15.62;23.6
326;9.969999999999999;8.64;8.64;8.64;8.64;8.64;8.64;8.64;8.64;8.64;8.64;8.64;8.64;8.64;8.64;8.64;8.64;8.64;8.64;8.64;8.64;8.64;8.64;8.64;8.64;8.64;8.64;8.64;8.64;8.64
327;1062.806;24.93;24.93;30.25;117.51400000000001;40.204;12.959999999999999;24.93;169.649;36.9;16.95;34.239999999999995;38.230000000000004;38.230000000000004;155.547;32.91;20.94;12.959999999999999;46.21;35.5;224.90099999999998;34.239999999999995;14.29;34.716;39.965999999999994;12.959999999999999;20.94;12.959999999999999;22.27;234.35199999999998
328;460.91;21.939999999999998;17.95;31.25;122.49899999999998;39.636;8.64;23.270000000000003;153.406;15.29;8.64;16.62;16.62;11.299999999999999;171.9;8.64;8.64;8.64;8.64;8.64;152.825;8.64;8.64;8.64;8.64;8.64;8.64;8.64;8.64;11.299999999999999
329;9.969999999999999;8.64;8.64;8.64;8.64;8.64;8.64;8.64;8.64;8.64;8.64;8.64;8.64;8.64;8.64;8.64;8.64;8.64;8.64;8.64;8.64;8.64;8.64;8.64;8.64;8.64;8.64;8.64;8.64;8.64
330;88.44;9.969999999999999;12.63;15.29;98.767;8.64;8.64;9.969999999999999;108.03500000000001;8.64;11.299999999999999;13.959999999999999;9.969999999999999;8.64;161.587;8.64;11.299999999999999;8.64;8.64;8.64;8.64;8.64;8.64;8.64;8.64;8.64;8.64;8.64;8.64;8.64
331;1251.182;33.91;33.91;25.93;122.457;39.397999999999996;8.64;21.939999999999998;154.89;52.53;39.943999999999996;53.86000000000001;39.23;25.93;170.808;28.59;13.959999999999999;8.64;65.83;19.28;198.218;15.29;16.62;13.959999999999999;11.299999999999999;8.64;29.919999999999998;32.58;16.62;277.76800000000003
332;33.91;12.63;8.64;8.64;9.969999999999999;11.299999999999999;8.64;8.64;8.64;8.64;8.64;8.64;8.64;8.64;8.64;8.64;8.64;8.64;8.64;8.64;8.64;8.64;8.64;8.64;8.64;8.64;8.64;8.64;8.64;8.64
333;778.5360000000001;28.92;24.93;15.62;104.764;34.646;12.959999999999999;16.95;135.213;30.25;14.29;12.959999999999999;15.62;14.29;145.504;15.62;14.29;12.959999999999999;36.9;12.959999999999999;167.666;12.959999999999999;14.29;12.959999999999999;12.959999999999999;12.959999999999999;14.29;12.959999999999999;12.959999999999999;190.185
334;28.374000000000002;12.959999999999999;12.959999999999999;12.959999999999999;12.959999999999999;12.959999999999999;12.959999999999999;12.959999999999999;12.959999999999999;12.959999999999999;12.959999999999999;12.959999999999999;12.959999999999999;12.959999999999999;12.959999999999999;12.959999999999999;12.959999999999999;12.959999999999999;12.959999999999999;12.959999999999999;12.959999999999999;12.959999999999999;12.959999999999999;12.959999999999999;12.959999999999999;12.959999999999999;12.959999999999999;12.959999999999999;12.959999999999999;12.959999999999999
335;4155.994;34.239999999999995;36.9;32.91;120.12699999999998;43.242000000000004;12.959999999999999;47.54;159.01399999999998;20.94;14.29;22.27;26.259999999999998;20.94;178.09500000000003;24.93;15.62;12.959999999999999;54.19;18.28;197.69600000000003;18.28;14.29;18.28;15.62;12.959999999999999;15.62;16.95;18.28;266.933
336;40.89;26.259999999999998;15.62;12.959999999999999;12.959999999999999;12.959999999999999;12.959999999999999;12.959999999999999;12.959999999999999;12.959999999999999;12.959999999999999;12.959999999999999;12.959999999999999;12.959999999999999;12.959999999999999;12.959999999999999;12.959999999999999;12.959999999999999;12.959999999999999;12.959999999999999;12.959999999999999;12.959999999999999;12.959999999999999;12.959999999999999;12.959999999999999;12.959999999999999;12.959999999999999;12.959999999999999;12.959999999999999;15.62
337;1383.804;16.62;16.62;12.63;111.81200000000001;9.969999999999999;8.64;12.63;129.335;11.299999999999999;8.64;8.64;11.299999999999999;8.64;116.635;8.64;9.969999999999999;8.64;59.18;9.969999999999999;138.111;9.969999999999999;11.299999999999999;9.969999999999999;9.969999999999999;8.64;12.63;8.64;8.64;217.589
338;74.308;15.62;12.959999999999999;12.959999999999999;12.959999999999999;12.959999999999999;12.959999999999999;12.959999999999999;12.959999999999999;12.959999999999999;12.959999999999999;12.959999999999999;12.959999999999999;12.959999999999999;12.959999999999999;12.959999999999999;12.959999999999999;12.959999999999999;12.959999999999999;12.959999999999999;12.959999999999999;12.959999999999999;12.959999999999999;12.959999999999999;12.959999999999999;12.959999999999999;12.959999999999999;12.959999999999999;12.959999999999999;12.959999999999999
339;19.61;12.959999999999999;12.959999999999999;12.959999999999999;12.959999999999999;12.959999999999999;12.959999999999999;12.959999999999999;12.959999999999999;12.959999999999999;12.959999999999999;12.959999999999999;12.959999999999999;12.959999999999999;12.959999999999999;12.959999999999999;12.959999999999999;12.959999999999999;12.959999999999999;12.959999999999999;12.959999999999999;12.959999999999999;12.959999999999999;12.959999999999999;12.959999999999999;12.959999999999999;12.959999999999999;12.959999999999999;12.959999999999999;12.959999999999999
340;1489.672;24.6;25.93;11.299999999999999;118.893;9.969999999999999;8.64;12.63;128.05700000000002;8.64;8.64;12.63;12.63;11.299999999999999;157.233;13.959999999999999;13.959999999999999;8.64;27.259999999999998;9.969999999999999;189.755;9.969999999999999;11.299999999999999;9.969999999999999;9.969999999999999;8.64;9.969999999999999;8.64;9.969999999999999;231.342
341;1454.9180000000001;26.259999999999998;18.28;32.91;140.312;35.262;12.959999999999999;23.6;176.034;35.57000000000001;43.172;42.22;40.89;23.6;166.764;15.62;12.959999999999999;12.959999999999999;30.25;20.94;209.916;23.6;16.95;15.62;15.62;12.959999999999999;16.95;12.959999999999999;15.62;225.97100000000003
342;18.61;17.28;17.28;17.28;17.28;17.28;17.28;17.28;17.28;17.28;17.28;17.28;17.28;17.28;17.28;17.28;17.28;17.28;17.28;17.28;17.28;17.28;17.28;17.28;17.28;17.28;17.28;17.28;17.28;17.28
343;14.29;12.959999999999999;12.959999999999999;12.959999999999999;12.959999999999999;12.959999999999999;12.959999999999999;12.959999999999999;12.959999999999999;12.959999999999999;12.959999999999999;12.959999999999999;12.959999999999999;12.959999999999999;12.959999999999999;12.959999999999999;12.959999999999999;12.959999999999999;12.959999999999999;12.959999999999999;12.959999999999999;12.959999999999999;12.959999999999999;12.959999999999999;12.959999999999999;12.959999999999999;12.959999999999999;12.959999999999999;12.959999999999999;12.959999999999999
344;3510.16;78.13000000000001;80.78999999999999;36.9;124.803;39.56;12.959999999999999;44.879999999999995;167.279;47.54;20.94;47.54;35.57000000000001;27.590000000000003;145.888;34.239999999999995;18.28;12.959999999999999;50.2;19.61;172.186;14.29;12.959999999999999;19.61;16.95;12.959999999999999;23.6;20.94;18.28;223.769
345;1330.2959999999998;33.91;35.239999999999995;35.239999999999995;106.819;41.512;8.64;11.299999999999999;122.373;8.64;13.959999999999999;11.299999999999999;9.969999999999999;9.969999999999999;136.305;8.64;8.64;8.64;27.259999999999998;8.64;141.457;9.969999999999999;11.299999999999999;8.64;8.64;8.64;9.969999999999999;8.64;13.959999999999999;221.62600000000003
346;2337.876;15.29;9.969999999999999;8.64;107.11099999999999;24.292;8.64;25.93;98.68299999999999;27.259999999999998;20.61;16.62;35.239999999999995;23.270000000000003;76.675;28.59;13.959999999999999;8.64;68.49000000000001;53.720000000000006;189.497;20.61;15.29;27.259999999999998;16.62;8.64;13.959999999999999;8.64;13.959999999999999;242.37599999999998
347;2738.744;70.82000000000001;49.540000000000006;13.629999999999999;105.476;16.29;4.32;24.27;188.58499999999998;61.510000000000005;17.619999999999997;57.519999999999996;57.519999999999996;62.84;160.534;44.22;41.56;4.32;109.39;54.72;191.667;38.9;41.56;45.788;32.418;4.32;29.59;20.28;17.619999999999997;283.526
348;311.306;24.6;16.62;23.270000000000003;106.871;21.086;8.64;13.959999999999999;125.625;11.299999999999999;9.969999999999999;8.64;8.64;8.64;8.64;8.64;8.64;8.64;8.64;8.64;8.64;8.64;8.64;8.64;8.64;8.64;8.64;8.64;8.64;8.64
349;350.29;12.959999999999999;12.959999999999999;16.95;120.808;12.959999999999999;12.959999999999999;14.29;131.317;12.959999999999999;12.959999999999999;15.62;24.93;23.6;163.28199999999998;18.28;18.28;12.959999999999999;16.95;14.29;12.959999999999999;14.29;12.959999999999999;12.959999999999999;12.959999999999999;12.959999999999999;12.959999999999999;12.959999999999999;12.959999999999999;15.62
350;1918.2759999999998;31.58;35.57000000000001;34.239999999999995;123.156;52.72;12.959999999999999;32.91;196.30599999999998;56.85;54.834;46.21;35.57000000000001;28.92;164.696;32.91;19.61;12.959999999999999;108.72;46.854;218.21800000000002;30.25;19.61;30.25;48.184;12.959999999999999;19.61;24.93;40.89;283.47
351;1226.432;25.26;27.919999999999998;39.89;148.144;47.730000000000004;17.28;34.57;165.308;30.58;22.599999999999998;25.26;26.589999999999996;31.91;200.37099999999998;19.939999999999998;22.599999999999998;17.28;35.9;27.919999999999998;224.87099999999998;27.919999999999998;31.91;29.25;23.93;17.28;19.939999999999998;17.28;18.61;271.93899999999996
352;1633.1079999999997;10.969999999999999;21.61;22.94;115.477;36.099999999999994;4.32;29.59;133.322;33.58;32.418;34.91;24.27;24.27;140.547;26.930000000000003;9.64;4.32;108.06;36.954;191.33799999999997;16.29;14.959999999999999;26.622;39.306;4.32;8.31;12.3;26.622;227.941
353;365.794;33.91;12.63;23.270000000000003;124.07900000000001;17.95;8.64;15.29;101.17499999999998;8.64;8.64;8.64;8.64;8.64;8.64;8.64;8.64;8.64;13.959999999999999;8.64;8.64;8.64;8.64;8.64;8.64;8.64;8.64;8.64;8.64;9.969999999999999
354;670.2039999999998;28.92;32.91;31.58;137.501;44.739999999999995;12.959999999999999;42.22;162.962;50.2;20.94;38.230000000000004;22.27;16.95;170.011;15.62;15.62;12.959999999999999;18.28;14.29;203.863;14.29;15.62;14.29;14.29;12.959999999999999;15.62;15.62;14.29;20.94
355;139.386;29.919999999999998;17.95;11.299999999999999;105.80600000000001;8.64;8.64;8.64;8.64;8.64;8.64;8.64;8.64;8.64;8.64;8.64;8.64;8.64;8.64;8.64;8.64;8.64;8.64;8.64;8.64;8.64;8.64;8.64;8.64;11.299999999999999
356;3269.8779999999997;47.54;50.2;47.54;139.153;51.936;12.959999999999999;40.89;186.986;52.86;75.358;54.19;35.57000000000001;39.56;180.53199999999998;24.93;12.959999999999999;12.959999999999999;52.86;42.388;172.11100000000002;32.91;14.29;36.592;41.604;12.959999999999999;27.590000000000003;16.95;28.92;204.701
357;1476.3020000000001;16.62;20.61;21.939999999999998;132.864;32.986000000000004;8.64;12.63;101.596;8.64;11.299999999999999;15.29;12.63;9.969999999999999;126.79699999999998;8.64;9.969999999999999;8.64;76.47;13.959999999999999;170.73000000000002;12.63;12.63;11.299999999999999;16.311999999999998;8.64;9.969999999999999;8.64;12.63;227.647
358;972.2959999999998;24.93;40.89;31.58;135.20999999999998;29.396;12.959999999999999;23.6;147.517;19.61;12.959999999999999;16.95;22.27;32.91;179.732;26.259999999999998;15.62;12.959999999999999;44.879999999999995;32.602000000000004;202.424;18.28;15.62;20.94;15.62;12.959999999999999;20.94;15.62;20.94;243.56500000000003
359;856.8999999999999;17.95;11.299999999999999;8.64;123.871;8.64;8.64;8.64;135.38799999999998;8.64;8.64;11.299999999999999;9.969999999999999;9.969999999999999;158.719;8.64;8.64;8.64;24.6;9.969999999999999;183.91;8.64;8.64;8.64;8.64;8.64;11.299999999999999;8.64;9.969999999999999;235.69600000000003
360;9.969999999999999;8.64;8.64;8.64;113.803;8.64;8.64;8.64;83.40899999999999;8.64;8.64;8.64;8.64;8.64;8.64;8.64;8.64;8.64;8.64;8.64;8.64;8.64;8.64;8.64;8.64;8.64;8.64;8.64;8.64;8.64
361;825.0020000000001;20.94;24.93;19.61;124.58000000000001;27.282;12.959999999999999;26.259999999999998;137.011;32.91;26.259999999999998;22.27;22.27;16.95;158.685;22.27;12.959999999999999;12.959999999999999;35.57000000000001;33.623999999999995;195.405;20.94;19.61;15.62;14.29;12.959999999999999;14.29;16.95;16.95;220.304
362;40.89;16.95;12.959999999999999;12.959999999999999;12.959999999999999;12.959999999999999;12.959999999999999;12.959999999999999;12.959999999999999;12.959999999999999;12.959999999999999;12.959999999999999;12.959999999999999;12.959999999999999;12.959999999999999;12.959999999999999;12.959999999999999;12.959999999999999;12.959999999999999;12.959999999999999;12.959999999999999;12.959999999999999;12.959999999999999;12.959999999999999;12.959999999999999;12.959999999999999;12.959999999999999;12.959999999999999;12.959999999999999;12.959999999999999
363;5.6499999999999995;4.32;4.32;4.32;4.32;4.32;4.32;4.32;4.32;4.32;4.32;4.32;4.32;4.32;4.32;4.32;4.32;4.32;4.32;4.32;4.32;4.32;4.32;4.32;4.32;4.32;4.32;4.32;4.32;4.32
364;78.368;31.58;12.959999999999999;12.959999999999999;12.959999999999999;12.959999999999999;12.959999999999999;12.959999999999999;12.959999999999999;12.959999999999999;12.959999999999999;12.959999999999999;12.959999999999999;12.959999999999999;12.959999999999999;12.959999999999999;12.959999999999999;12.959999999999999;12.959999999999999;12.959999999999999;12.959999999999999;12.959999999999999;12.959999999999999;12.959999999999999;12.959999999999999;12.959999999999999;12.959999999999999;12.959999999999999;12.959999999999999;15.62
365;814.636;21.27;18.61;22.599999999999998;116.78399999999999;17.28;17.28;17.28;104.28199999999998;17.28;19.939999999999998;21.27;17.28;17.28;158.612;17.28;17.28;17.28;17.28;17.28;171.279;17.28;17.28;17.28;17.28;17.28;17.28;17.28;17.28;18.61
366;112.072;20.61;12.63;8.64;87.538;8.64;8.64;8.64;59.93300000000001;8.64;8.64;8.64;8.64;8.64;8.64;8.64;8.64;8.64;8.64;8.64;8.64;8.64;8.64;8.64;8.64;8.64;8.64;8.64;8.64;12.63
367;256.02;11.299999999999999;11.299999999999999;9.969999999999999;94.168;8.64;8.64;8.64;8.64;8.64;8.64;8.64;8.64;8.64;8.64;8.64;8.64;8.64;8.64;8.64;8.64;8.64;8.64;8.64;8.64;8.64;8.64;8.64;8.64;11.299999999999999
368;1187.84;32.91;26.259999999999998;36.9;153.867;43.956;12.959999999999999;31.58;162.687;39.56;79.656;46.21;35.57000000000001;22.27;191.858;19.61;22.27;12.959999999999999;43.55;39.965999999999994;227.257;18.28;26.259999999999998;19.61;18.28;12.959999999999999;14.29;18.28;22.27;258.63100000000003
369;248.04000000000002;9.969999999999999;8.64;8.64;8.64;8.64;8.64;8.64;8.64;8.64;8.64;8.64;9.969999999999999;11.299999999999999;168.04399999999998;11.299999999999999;11.299999999999999;8.64;16.62;8.64;180.708;8.64;8.64;8.64;8.64;8.64;8.64;8.64;8.64;8.64
370;1025.782;20.61;17.95;36.57;129.243;22.416000000000004;8.64;17.95;156.715;11.299999999999999;9.969999999999999;8.64;15.29;16.62;171.204;15.29;15.29;8.64;20.61;9.969999999999999;191.615;8.64;11.299999999999999;19.28;12.63;8.64;13.959999999999999;11.299999999999999;12.63;230.55199999999996
371;296.916;25.26;30.58;37.230000000000004;138.47;18.61;17.28;18.61;19.939999999999998;17.28;18.61;17.28;17.28;17.28;17.28;17.28;17.28;17.28;17.28;17.28;17.28;17.28;17.28;17.28;17.28;17.28;17.28;17.28;17.28;21.27
372;1337.9119999999998;24.6;20.61;19.28;129.466;12.63;8.64;13.959999999999999;143.69;11.299999999999999;19.28;15.29;21.939999999999998;13.959999999999999;154.848;16.62;19.28;8.64;33.91;12.63;182.53300000000002;12.63;12.63;16.62;11.299999999999999;8.64;13.959999999999999;11.299999999999999;15.29;212.913
373;83.12;8.64;8.64;8.64;111.46499999999999;8.64;8.64;8.64;104.451;8.64;8.64;8.64;8.64;8.64;89.25399999999999;8.64;8.64;8.64;8.64;8.64;44.832;8.64;8.64;8.64;8.64;8.64;8.64;8.64;8.64;8.64
374;1038.5159999999998;16.95;15.62;18.28;126.596;14.29;12.959999999999999;22.27;142.212;31.58;20.94;19.61;28.92;19.61;177.394;20.94;26.259999999999998;12.959999999999999;54.19;26.259999999999998;208.539;19.61;27.590000000000003;14.29;14.29;12.959999999999999;18.28;15.62;14.29;229.188
375;1334.4259999999997;9.969999999999999;24.6;25.93;116.09899999999999;31.964;8.64;24.6;90.70299999999999;31.25;15.29;24.6;23.270000000000003;24.6;163.821;39.23;23.270000000000003;8.64;24.6;9.969999999999999;181.572;9.969999999999999;11.299999999999999;19.28;13.959999999999999;8.64;12.63;11.299999999999999;24.6;60.51
376;1135.6399999999999;19.28;11.299999999999999;19.28;115.80199999999999;21.632;8.64;17.95;132.042;13.959999999999999;11.299999999999999;33.91;11.299999999999999;15.29;156.703;11.299999999999999;11.299999999999999;8.64;13.959999999999999;9.969999999999999;164.837;8.64;8.64;9.969999999999999;9.969999999999999;8.64;11.299999999999999;8.64;12.63;228.796
377;263.35;20.94;12.959999999999999;22.27;121.17699999999999;12.959999999999999;12.959999999999999;12.959999999999999;112.192;12.959999999999999;12.959999999999999;12.959999999999999;12.959999999999999;12.959999999999999;12.959999999999999;12.959999999999999;12.959999999999999;12.959999999999999;15.62;12.959999999999999;12.959999999999999;12.959999999999999;12.959999999999999;12.959999999999999;12.959999999999999;12.959999999999999;12.959999999999999;12.959999999999999;12.959999999999999;12.959999999999999
378;9.969999999999999;8.64;8.64;8.64;8.64;8.64;8.64;8.64;8.64;8.64;8.64;8.64;8.64;8.64;8.64;8.64;8.64;8.64;8.64;8.64;8.64;8.64;8.64;8.64;8.64;8.64;8.64;8.64;8.64;8.64
379;1271.0699999999997;44.879999999999995;54.19;43.55;136.815;40.582;12.959999999999999;30.25;151.039;31.58;24.384;32.91;18.28;18.28;170.10500000000002;20.94;14.29;12.959999999999999;50.2;18.28;190.89;14.29;14.29;20.94;15.62;12.959999999999999;20.94;14.29;30.25;243.43900000000002
380;3072.0299999999997;39.56;44.879999999999995;38.230000000000004;145.159;36.592;12.959999999999999;31.58;181.713;38.230000000000004;33.931999999999995;48.870000000000005;30.25;38.230000000000004;183.878;43.55;28.92;12.959999999999999;48.870000000000005;20.94;215.922;22.27;26.259999999999998;24.93;18.28;12.959999999999999;31.58;22.27;32.91;285.07500000000005
381;310.844;13.959999999999999;11.299999999999999;9.969999999999999;108.02999999999999;8.64;8.64;8.64;109.66999999999999;8.64;8.64;8.64;9.969999999999999;8.64;8.64;8.64;8.64;8.64;12.63;8.64;8.64;8.64;8.64;8.64;8.64;8.64;8.64;8.64;8.64;12.63
382;2545.672;71.48;62.169999999999995;48.870000000000005;109.767;59.370000000000005;12.959999999999999;32.91;193.594;51.53;63.5;42.22;47.54;32.91;171.507;46.21;39.56;12.959999999999999;64.83;36.9;219.13;28.92;32.91;39.56;30.25;12.959999999999999;32.91;24.93;31.58;261.93500000000006
383;1760.292;32.58;37.900000000000006;33.91;127.497;36.976;8.64;27.259999999999998;165.381;45.88;83.484;45.88;29.919999999999998;24.6;178.233;27.259999999999998;17.95;8.64;28.59;23.746000000000002;199.216;19.28;19.28;17.95;17.95;8.64;17.95;13.959999999999999;15.29;252.664
384;1007.044;24.93;20.94;20.94;126.175;16.95;12.959999999999999;20.94;147.735;15.62;16.95;15.62;16.95;15.62;168.406;12.959999999999999;12.959999999999999;12.959999999999999;31.58;20.94;205.401;16.95;20.94;19.61;15.62;12.959999999999999;18.28;16.95;16.95;238.79500000000002
385;1182.316;16.62;25.93;37.900000000000006;132.906;38.922000000000004;8.64;28.59;163.41700000000003;55.19;25.93;15.29;43.22;33.91;172.871;23.270000000000003;17.95;8.64;55.19;30.942;226.937;9.969999999999999;20.61;19.28;9.969999999999999;8.64;13.959999999999999;13.959999999999999;33.91;254.036
386;364.36;28.92;27.590000000000003;32.91;136.976;52.958;12.959999999999999;22.27;163.606;35.57000000000001;14.29;20.94;32.91;28.92;186.43400000000003;36.9;15.62;12.959999999999999;40.89;24.384;149.601;12.959999999999999;12.959999999999999;12.959999999999999;12.959999999999999;12.959999999999999;12.959999999999999;12.959999999999999;12.959999999999999;15.62
387;1478.3739999999998;61.839999999999996;28.59;43.22;119.792;37.592;8.64;35.239999999999995;144.61399999999998;36.57;21.939999999999998;16.62;16.62;16.62;168.673;17.95;21.939999999999998;8.64;61.839999999999996;18.734;188.7;20.61;16.62;13.959999999999999;12.63;8.64;17.95;16.62;12.63;233.269
388;53.314;16.62;15.29;13.959999999999999;103.468;9.969999999999999;8.64;8.64;8.64;8.64;8.64;8.64;8.64;8.64;8.64;8.64;8.64;8.64;8.64;8.64;8.64;8.64;8.64;8.64;8.64;8.64;8.64;8.64;8.64;8.64
389;66.16;12.959999999999999;12.959999999999999;12.959999999999999;107.58499999999998;12.959999999999999;12.959999999999999;12.959999999999999;95.083;12.959999999999999;12.959999999999999;12.959999999999999;12.959999999999999;12.959999999999999;12.959999999999999;12.959999999999999;12.959999999999999;12.959999999999999;16.95;12.959999999999999;12.959999999999999;12.959999999999999;12.959999999999999;12.959999999999999;12.959999999999999;12.959999999999999;12.959999999999999;12.959999999999999;12.959999999999999;12.959999999999999
390;14.29;12.959999999999999;12.959999999999999;12.959999999999999;12.959999999999999;12.959999999999999;12.959999999999999;12.959999999999999;12.959999999999999;12.959999999999999;12.959999999999999;12.959999999999999;12.959999999999999;12.959999999999999;12.959999999999999;12.959999999999999;12.959999999999999;12.959999999999999;12.959999999999999;12.959999999999999;12.959999999999999;12.959999999999999;12.959999999999999;12.959999999999999;12.959999999999999;12.959999999999999;12.959999999999999;12.959999999999999;12.959999999999999;12.959999999999999
391;2046.398;55.849999999999994;43.879999999999995;41.22;151.95800000000003;60.245999999999995;17.28;39.89;193.057;77.13;78.656;65.16;53.19;39.89;185.548;35.9;34.57;17.28;85.10999999999999;51.482;228.192;26.589999999999996;39.89;36.922;43.264;17.28;59.839999999999996;39.89;66.65799999999999;280.828
392;783.1000000000001;24.93;32.91;27.590000000000003;114.48499999999999;35.976;12.959999999999999;20.94;167.72199999999998;14.29;14.29;19.61;20.94;15.62;162.192;16.95;15.62;12.959999999999999;36.9;15.62;192.537;16.95;16.95;18.28;16.95;12.959999999999999;18.28;14.29;18.28;247.10200000000003
393;50.2;12.959999999999999;12.959999999999999;12.959999999999999;12.959999999999999;12.959999999999999;12.959999999999999;12.959999999999999;12.959999999999999;12.959999999999999;12.959999999999999;12.959999999999999;12.959999999999999;12.959999999999999;12.959999999999999;12.959999999999999;12.959999999999999;12.959999999999999;12.959999999999999;12.959999999999999;12.959999999999999;12.959999999999999;12.959999999999999;12.959999999999999;12.959999999999999;12.959999999999999;12.959999999999999;12.959999999999999;12.959999999999999;12.959999999999999
394;214.188;13.959999999999999;8.64;12.63;98.57400000000001;8.64;8.64;8.64;8.64;8.64;8.64;8.64;8.64;8.64;8.64;8.64;8.64;8.64;12.63;8.64;8.64;8.64;8.64;8.64;8.64;8.64;8.64;8.64;8.64;8.64
395;1627.496;28.92;44.879999999999995;36.9;129.47899999999998;31.58;12.959999999999999;36.9;172.802;50.2;83.1;52.86;30.25;31.58;184.83899999999997;47.54;26.259999999999998;12.959999999999999;46.21;38.944;201.951;19.61;30.25;22.27;18.28;12.959999999999999;23.6;16.95;22.27;243.07
396;1842.1860000000001;23.6;18.28;26.259999999999998;134.197;41.296;12.959999999999999;24.93;171.717;32.91;70.892;27.590000000000003;22.27;19.61;177.55;18.28;15.62;12.959999999999999;58.18000000000001;29.634;206.40400000000002;18.28;18.28;25.952;29.634;12.959999999999999;15.62;19.61;27.282;274.004
397;2595.7;31.25;28.59;41.89;121.766;52.152;8.64;37.900000000000006;170.248;55.19;97.70800000000001;52.53;47.209999999999994;35.239999999999995;185.272;48.54;36.57;8.64;96.42;37.046;211.464;33.91;36.57;41.582;43.934;8.64;65.83;11.299999999999999;15.29;286.40200000000004
398;9.969999999999999;8.64;8.64;8.64;8.64;8.64;8.64;8.64;8.64;8.64;8.64;8.64;8.64;8.64;8.64;8.64;8.64;8.64;8.64;8.64;8.64;8.64;8.64;8.64;8.64;8.64;8.64;8.64;8.64;8.64
399;1807.458;31.25;24.6;41.89;140.517;45.502;8.64;35.239999999999995;178.723;27.259999999999998;89.61600000000001;27.259999999999998;45.88;28.59;182.337;35.239999999999995;20.61;8.64;84.44999999999999;48.708;188.15200000000002;28.59;33.91;21.939999999999998;13.959999999999999;8.64;17.95;13.959999999999999;11.299999999999999;233.95999999999998
400;160.69400000000002;11.299999999999999;8.64;8.64;8.64;8.64;8.64;8.64;8.64;8.64;8.64;8.64;8.64;8.64;8.64;8.64;8.64;8.64;8.64;8.64;8.64;8.64;8.64;8.64;8.64;8.64;8.64;8.64;8.64;8.64
401;19.28;8.64;8.64;8.64;8.64;8.64;8.64;8.64;8.64;8.64;8.64;8.64;8.64;8.64;8.64;8.64;8.64;8.64;8.64;8.64;8.64;8.64;8.64;8.64;8.64;8.64;8.64;8.64;8.64;8.64
402;1131.112;23.6;20.94;15.62;115.54499999999999;12.959999999999999;12.959999999999999;14.29;124.83800000000001;12.959999999999999;12.959999999999999;12.959999999999999;12.959999999999999;12.959999999999999;150.086;12.959999999999999;12.959999999999999;12.959999999999999;24.93;12.959999999999999;166.507;12.959999999999999;12.959999999999999;12.959999999999999;12.959999999999999;12.959999999999999;15.62;14.29;23.6;217.82
403;81.78999999999999;8.64;8.64;8.64;89.87599999999999;9.969999999999999;8.64;8.64;116.684;8.64;8.64;8.64;8.64;8.64;89.74799999999999;8.64;8.64;8.64;8.64;8.64;8.64;8.64;8.64;8.64;8.64;8.64;8.64;8.64;8.64;8.64
404;9.969999999999999;8.64;8.64;8.64;8.64;8.64;8.64;8.64;8.64;8.64;8.64;8.64;8.64;8.64;8.64;8.64;8.64;8.64;8.64;8.64;8.64;8.64;8.64;8.64;8.64;8.64;8.64;8.64;8.64;8.64
405;1579.09;16.62;8.64;19.28;97.784;29.779999999999998;8.64;9.969999999999999;120.03500000000001;11.299999999999999;12.63;8.64;8.64;16.62;130.148;8.64;9.969999999999999;8.64;27.259999999999998;8.64;153.27100000000002;8.64;9.969999999999999;8.64;8.64;8.64;8.64;8.64;19.28;188.042
406;22.27;12.959999999999999;12.959999999999999;12.959999999999999;71.363;12.959999999999999;12.959999999999999;12.959999999999999;64.349;12.959999999999999;12.959999999999999;12.959999999999999;12.959999999999999;12.959999999999999;12.959999999999999;12.959999999999999;12.959999999999999;12.959999999999999;12.959999999999999;12.959999999999999;12.959999999999999;12.959999999999999;12.959999999999999;12.959999999999999;12.959999999999999;12.959999999999999;12.959999999999999;12.959999999999999;12.959999999999999;12.959999999999999
407;157.054;9.969999999999999;8.64;8.64;112.181;16.311999999999998;8.64;8.64;97.77699999999999;8.64;8.64;8.64;8.64;8.64;8.64;8.64;8.64;8.64;8.64;8.64;8.64;8.64;8.64;8.64;8.64;8.64;8.64;8.64;8.64;8.64
408;1361.9299999999998;18.28;14.29;18.28;108.47899999999998;15.62;12.959999999999999;14.29;150.073;12.959999999999999;14.29;15.62;28.92;24.93;165.137;19.61;18.28;12.959999999999999;66.16;18.28;176.01;15.62;14.29;14.29;16.95;12.959999999999999;15.62;12.959999999999999;14.29;253.514
409;1125.2179999999998;22.27;20.94;15.62;131.812;23.6;12.959999999999999;22.27;175.702;38.230000000000004;32.91;36.9;23.6;16.95;193.67100000000002;19.61;18.28;12.959999999999999;28.92;15.62;206.565;15.62;12.959999999999999;12.959999999999999;12.959999999999999;12.959999999999999;12.959999999999999;12.959999999999999;14.29;263.993
410;2073.752;17.95;17.95;31.25;105.967;30.396;8.64;33.91;173.04399999999998;15.29;15.29;13.959999999999999;27.259999999999998;19.28;164.36599999999999;19.28;33.91;8.64;24.6;40.965999999999994;150.429;23.270000000000003;13.959999999999999;26.406;12.63;8.64;9.969999999999999;8.64;12.63;216.30599999999998
411;457.222;39.56;31.58;39.56;139.148;47.400000000000006;12.959999999999999;31.58;185.604;35.57000000000001;15.62;12.959999999999999;24.93;18.28;82.86099999999999;12.959999999999999;12.959999999999999;12.959999999999999;12.959999999999999;12.959999999999999;136.103;12.959999999999999;12.959999999999999;12.959999999999999;12.959999999999999;12.959999999999999;12.959999999999999;12.959999999999999;12.959999999999999;16.95
412;697.526;43.879999999999995;34.57;22.599999999999998;129.118;19.939999999999998;17.28;19.939999999999998;164.38400000000001;22.599999999999998;25.26;23.93;19.939999999999998;19.939999999999998;178.041;23.93;18.61;17.28;23.93;21.27;207.539;18.61;21.27;17.28;18.61;17.28;21.27;18.61;23.93;247.63500000000005
413;1129.2500000000002;14.29;15.62;14.29;86.31;15.62;12.959999999999999;14.29;126.74000000000001;14.29;12.959999999999999;14.29;18.28;18.28;136.152;15.62;12.959999999999999;12.959999999999999;26.259999999999998;15.62;167.827;12.959999999999999;12.959999999999999;16.95;12.959999999999999;12.959999999999999;18.28;12.959999999999999;15.62;221.95600000000002
414;9.969999999999999;8.64;8.64;8.64;8.64;8.64;8.64;8.64;8.64;8.64;8.64;8.64;8.64;8.64;8.64;8.64;8.64;8.64;8.64;8.64;8.64;8.64;8.64;8.64;8.64;8.64;8.64;8.64;8.64;8.64
415;1230.546;12.63;23.270000000000003;13.959999999999999;134.18400000000003;14.744;8.64;13.959999999999999;112.12699999999998;19.28;11.299999999999999;12.63;16.62;15.29;157.347;9.969999999999999;8.64;8.64;49.87;20.61;158.78900000000002;11.299999999999999;9.969999999999999;13.959999999999999;9.969999999999999;8.64;11.299999999999999;8.64;12.63;230.81200000000004
416;11.299999999999999;8.64;8.64;8.64;8.64;8.64;8.64;8.64;8.64;8.64;8.64;8.64;8.64;8.64;8.64;8.64;8.64;8.64;8.64;8.64;8.64;8.64;8.64;8.64;8.64;8.64;8.64;8.64;8.64;8.64
417;295.612;27.259999999999998;8.64;9.969999999999999;101.821;8.64;8.64;8.64;9.969999999999999;8.64;8.64;8.64;8.64;8.64;8.64;8.64;8.64;8.64;8.64;8.64;8.64;8.64;8.64;8.64;8.64;8.64;8.64;8.64;8.64;9.969999999999999
418;1170.95;34.57;31.91;31.91;145.853;26.044;17.28;23.93;159.713;43.879999999999995;68.01599999999999;35.9;43.879999999999995;29.25;175.178;19.939999999999998;17.28;17.28;155.6;46.47;222.197;23.93;21.27;21.27;21.27;17.28;17.28;17.28;21.27;269.237
419;97.75;11.299999999999999;8.64;8.64;110.482;8.64;8.64;8.64;140.064;8.64;8.64;8.64;8.64;8.64;8.64;8.64;8.64;8.64;12.63;8.64;8.64;8.64;8.64;8.64;8.64;8.64;8.64;8.64;8.64;11.299999999999999
420;173.56;8.64;16.62;9.969999999999999;81.071;9.969999999999999;8.64;12.63;116.057;31.25;61.252;28.59;43.22;19.28;130.953;13.959999999999999;15.29;8.64;21.939999999999998;24.6;191.88500000000002;8.64;8.64;8.64;8.64;8.64;8.64;8.64;8.64;176.528
421;313.154;20.61;16.62;16.62;8.64;8.64;8.64;8.64;8.64;8.64;8.64;8.64;8.64;8.64;8.64;8.64;8.64;8.64;11.299999999999999;8.64;8.64;8.64;8.64;8.64;8.64;8.64;8.64;8.64;8.64;9.969999999999999
422;774.098;23.6;22.27;26.259999999999998;109.415;41.058;12.959999999999999;32.91;122.309;51.53;14.29;18.28;32.91;16.95;75.031;15.62;12.959999999999999;12.959999999999999;39.56;42.388;227.34799999999998;18.28;12.959999999999999;22.27;36.284;12.959999999999999;20.94;16.95;27.282;232.108
423;1448.0839999999998;20.28;10.969999999999999;10.969999999999999;99.792;23.962;4.32;20.28;152.541;6.9799999999999995;8.31;5.6499999999999995;25.599999999999998;20.28;149.359;10.969999999999999;6.9799999999999995;4.32;10.969999999999999;12.3;189.056;6.9799999999999995;4.32;5.6499999999999995;9.64;4.32;5.6499999999999995;4.32;6.9799999999999995;226.98
424;1277.796;35.239999999999995;31.25;17.95;131.85099999999997;22.962;8.64;17.95;159.048;23.270000000000003;23.270000000000003;17.95;15.29;12.63;169.562;16.62;12.63;8.64;31.25;13.959999999999999;194.228;13.959999999999999;19.28;12.63;9.969999999999999;8.64;15.29;12.63;16.858;248.88199999999998
425;319.98;32.91;14.29;12.959999999999999;12.959999999999999;14.29;12.959999999999999;12.959999999999999;12.959999999999999;12.959999999999999;12.959999999999999;12.959999999999999;12.959999999999999;12.959999999999999;12.959999999999999;12.959999999999999;12.959999999999999;12.959999999999999;16.95;12.959999999999999;12.959999999999999;12.959999999999999;12.959999999999999;12.959999999999999;12.959999999999999;12.959999999999999;12.959999999999999;12.959999999999999;12.959999999999999;12.959999999999999
426;305.762;15.29;16.62;33.91;101.13499999999999;9.969999999999999;8.64;9.969999999999999;123.381;8.64;8.64;8.64;8.64;8.64;8.64;8.64;8.64;8.64;8.64;8.64;8.64;8.64;8.64;8.64;8.64;8.64;8.64;8.64;8.64;12.63
427;60.862;21.27;17.28;17.28;17.28;17.28;17.28;17.28;17.28;17.28;17.28;17.28;17.28;17.28;17.28;17.28;17.28;17.28;17.28;17.28;17.28;17.28;17.28;17.28;17.28;17.28;17.28;17.28;17.28;18.61
428;1726.952;30.25;28.92;35.57000000000001;145.518;35.976;12.959999999999999;27.590000000000003;178.731;60.84;81.938;38.230000000000004;39.56;40.89;197.589;40.89;18.28;12.959999999999999;55.519999999999996;56.164;238.856;30.25;16.95;23.054000000000002;29.942;12.959999999999999;18.28;23.6;35.262;283.30400000000003
429;991.5459999999999;14.29;16.95;14.29;115.025;16.95;12.959999999999999;16.95;102.622;20.94;22.27;20.94;18.28;27.590000000000003;119.26599999999999;39.56;20.94;12.959999999999999;32.91;18.28;171.661;22.27;24.93;22.27;23.6;12.959999999999999;22.27;16.95;22.27;222.194
430;51.53;16.95;12.959999999999999;12.959999999999999;111.10899999999998;12.959999999999999;12.959999999999999;12.959999999999999;108.771;12.959999999999999;12.959999999999999;12.959999999999999;12.959999999999999;12.959999999999999;123.96799999999999;12.959999999999999;12.959999999999999;12.959999999999999;12.959999999999999;12.959999999999999;12.959999999999999;12.959999999999999;12.959999999999999;12.959999999999999;12.959999999999999;12.959999999999999;12.959999999999999;12.959999999999999;12.959999999999999;12.959999999999999
431;1450.346;31.25;24.6;24.6;125.154;18.734;8.64;15.29;146.672;33.91;12.63;25.93;15.29;23.270000000000003;159.685;13.959999999999999;9.969999999999999;8.64;55.19;11.299999999999999;180.853;9.969999999999999;13.959999999999999;17.404;12.63;8.64;20.61;9.969999999999999;11.299999999999999;255.39600000000002
432;1621.9300000000003;12.63;9.969999999999999;12.63;59.217;13.959999999999999;8.64;13.959999999999999;128.01;11.299999999999999;8.64;17.95;16.62;9.969999999999999;132.154;8.64;8.64;8.64;24.6;12.63;136.83800000000002;9.969999999999999;8.64;9.969999999999999;11.299999999999999;8.64;16.62;13.959999999999999;16.62;212.175
433;866.1479999999999;36.9;22.27;15.62;106.463;18.28;12.959999999999999;16.95;117.50699999999999;15.62;12.959999999999999;12.959999999999999;12.959999999999999;12.959999999999999;136.152;12.959999999999999;12.959999999999999;12.959999999999999;12.959999999999999;15.62;132.445;14.29;12.959999999999999;14.29;12.959999999999999;12.959999999999999;15.62;12.959999999999999;14.29;16.95
434;9.969999999999999;8.64;8.64;8.64;123.155;8.64;8.64;8.64;99.77499999999998;8.64;8.64;8.64;8.64;8.64;97.437;8.64;8.64;8.64;8.64;8.64;68.212;8.64;8.64;8.64;8.64;8.64;8.64;8.64;8.64;8.64
435;1647.3840000000002;49.2;35.9;26.589999999999996;149.15699999999998;51.72;17.28;27.919999999999998;170.353;51.86;23.93;47.87;29.25;41.22;200.859;43.879999999999995;26.589999999999996;17.28;54.519999999999996;42.480000000000004;245.35799999999998;33.24;43.879999999999995;41.696;47.730000000000004;17.28;30.58;41.22;46.708;268.759
436;837.8060000000002;30.58;19.939999999999998;38.56;125.77699999999999;27.919999999999998;17.28;23.93;175.995;25.26;18.61;22.599999999999998;23.93;22.599999999999998;162.735;23.93;19.939999999999998;17.28;31.91;23.93;188.63199999999998;19.939999999999998;18.61;19.939999999999998;18.61;17.28;18.61;19.939999999999998;18.61;247.64
437;1936.546;23.6;23.6;23.6;122.82900000000001;15.62;12.959999999999999;15.62;151.398;12.959999999999999;12.959999999999999;15.62;18.28;15.62;171.341;15.62;15.62;12.959999999999999;35.57000000000001;14.29;198.17899999999997;14.29;15.62;15.62;14.29;12.959999999999999;12.959999999999999;12.959999999999999;15.62;252.98899999999998
438;9.969999999999999;8.64;8.64;8.64;8.64;8.64;8.64;8.64;8.64;8.64;8.64;8.64;8.64;8.64;8.64;8.64;8.64;8.64;8.64;8.64;8.64;8.64;8.64;8.64;8.64;8.64;8.64;8.64;8.64;8.64
439;1325.74;28.92;23.6;34.239999999999995;128.986;37.306;12.959999999999999;26.259999999999998;166.86;46.21;70.416;38.230000000000004;36.9;36.9;178.34499999999997;43.55;27.590000000000003;12.959999999999999;56.85;44.263999999999996;230.62199999999999;28.92;31.58;31.272;42.626000000000005;12.959999999999999;22.27;30.25;39.251999999999995;266.143
440;174.84799999999998;12.63;15.29;19.28;98.153;8.64;8.64;8.64;8.64;8.64;8.64;8.64;8.64;8.64;8.64;8.64;8.64;8.64;8.64;8.64;8.64;8.64;8.64;8.64;8.64;8.64;8.64;8.64;8.64;9.969999999999999
441;704.504;35.57000000000001;24.93;19.61;133.511;14.29;12.959999999999999;19.61;161.394;22.27;12.959999999999999;19.61;19.61;14.29;185.047;15.62;12.959999999999999;12.959999999999999;20.94;12.959999999999999;171.173;12.959999999999999;12.959999999999999;12.959999999999999;12.959999999999999;12.959999999999999;12.959999999999999;12.959999999999999;12.959999999999999;16.95
442;1224.8359999999998;27.919999999999998;19.939999999999998;26.589999999999996;106.476;19.939999999999998;17.28;25.26;145.779;19.939999999999998;17.28;18.61;21.27;19.939999999999998;163.85199999999998;17.28;17.28;17.28;46.540000000000006;18.61;174.173;18.61;17.28;19.939999999999998;18.61;17.28;18.61;17.28;21.27;199.067
443;229.714;16.62;23.270000000000003;24.6;102.14299999999999;16.311999999999998;8.64;8.64;8.64;8.64;8.64;8.64;8.64;8.64;8.64;8.64;8.64;8.64;11.299999999999999;8.64;8.64;8.64;8.64;8.64;8.64;8.64;8.64;8.64;8.64;11.299999999999999
444;1054.288;17.28;21.27;18.61;108.41499999999999;17.28;17.28;18.61;116.073;17.28;23.93;23.93;30.58;29.25;183.413;23.93;19.939999999999998;17.28;37.230000000000004;48.513999999999996;213.21900000000002;21.27;25.26;31.602;38.727999999999994;17.28;21.27;19.939999999999998;31.602;259.69899999999996
445;669.174;9.969999999999999;15.29;8.64;100.491;8.64;8.64;8.64;8.64;8.64;8.64;8.64;8.64;8.64;102.513;8.64;8.64;8.64;8.64;8.64;8.64;8.64;8.64;8.64;8.64;8.64;8.64;8.64;8.64;8.64
446;971.098;24.6;19.28;24.6;135.244;34.316;8.64;24.6;168.036;33.91;59.376;13.959999999999999;25.93;21.939999999999998;165.369;8.64;8.64;8.64;44.550000000000004;40.965999999999994;194.27499999999998;13.959999999999999;21.939999999999998;11.299999999999999;9.969999999999999;8.64;8.64;8.64;11.299999999999999;237.83100000000002
447;857.504;29.25;26.589999999999996;29.25;124.172;17.28;17.28;18.61;137.705;18.61;17.28;22.599999999999998;17.28;19.939999999999998;176.602;17.28;17.28;17.28;38.56;18.61;186.866;19.939999999999998;17.28;17.28;17.28;17.28;19.939999999999998;17.28;18.61;247.15700000000004
448;2100.416;22.27;35.57000000000001;20.94;141.164;14.29;12.959999999999999;18.28;150.073;16.95;14.29;12.959999999999999;18.28;15.62;173.882;12.959999999999999;12.959999999999999;12.959999999999999;47.54;15.62;205.71800000000002;14.29;18.28;18.28;16.95;12.959999999999999;12.959999999999999;15.62;16.95;258.148
449;12.63;12.63;8.64;8.64;8.64;8.64;8.64;8.64;8.64;8.64;8.64;8.64;8.64;8.64;8.64;8.64;8.64;8.64;8.64;8.64;8.64;8.64;8.64;8.64;8.64;8.64;8.64;8.64;8.64;8.64
450;1632.648;30.25;30.25;24.93;134.836;30.964;12.959999999999999;19.61;158.69199999999998;36.9;83.338;36.9;20.94;18.28;173.721;19.61;15.62;12.959999999999999;55.519999999999996;16.95;165.811;15.62;18.28;16.95;16.95;12.959999999999999;26.259999999999998;20.94;16.95;254.87900000000005
451;609.2479999999999;18.28;16.95;12.959999999999999;111.45599999999999;12.959999999999999;12.959999999999999;12.959999999999999;137.37;12.959999999999999;12.959999999999999;12.959999999999999;12.959999999999999;12.959999999999999;12.959999999999999;12.959999999999999;12.959999999999999;12.959999999999999;12.959999999999999;12.959999999999999;12.959999999999999;12.959999999999999;12.959999999999999;12.959999999999999;12.959999999999999;12.959999999999999;12.959999999999999;12.959999999999999;12.959999999999999;12.959999999999999
452;4256.29;43.55;42.22;55.519999999999996;147.274;64.69;12.959999999999999;44.879999999999995;193.517;55.519999999999996;99.06;52.86;43.55;31.58;198.654;30.25;19.61;12.959999999999999;82.12;63.290000000000006;243.079;31.58;30.25;44.81;47.946;12.959999999999999;27.590000000000003;31.58;59.60799999999999;304.95300000000003
453;1398.988;27.590000000000003;36.9;20.94;129.52599999999998;23.6;12.959999999999999;26.259999999999998;162.608;34.239999999999995;23.6;23.6;16.95;15.62;105.119;18.28;18.28;12.959999999999999;26.259999999999998;12.959999999999999;160.61;15.62;15.62;12.959999999999999;12.959999999999999;12.959999999999999;15.62;12.959999999999999;16.95;202.769
454;9.969999999999999;8.64;8.64;8.64;8.64;8.64;8.64;8.64;8.64;8.64;8.64;8.64;8.64;8.64;8.64;8.64;8.64;8.64;8.64;8.64;8.64;8.64;8.64;8.64;8.64;8.64;8.64;8.64;8.64;8.64
455;1363.554;26.259999999999998;18.28;20.94;112.761;23.6;12.959999999999999;19.61;115.05699999999999;19.61;20.94;20.94;26.259999999999998;18.28;169.04500000000002;22.27;31.58;12.959999999999999;28.92;29.942;212.207;18.28;20.94;23.6;19.61;12.959999999999999;22.27;16.95;18.28;253.79399999999998
456;9.969999999999999;8.64;8.64;8.64;8.64;8.64;8.64;8.64;8.64;8.64;8.64;8.64;8.64;8.64;8.64;8.64;8.64;8.64;8.64;8.64;8.64;8.64;8.64;8.64;8.64;8.64;8.64;8.64;8.64;8.64
457;2168.686;35.239999999999995;27.259999999999998;53.86000000000001;153.22000000000003;57.94799999999999;8.64;32.58;181.90099999999998;72.48;88.73400000000001;64.5;47.209999999999994;45.88;164.864;32.58;29.919999999999998;8.64;111.05000000000001;52.86599999999999;201.314;25.93;31.25;27.498;49.730000000000004;8.64;29.919999999999998;20.61;20.61;212.346
458;123.056;18.28;12.959999999999999;15.62;12.959999999999999;14.29;12.959999999999999;12.959999999999999;12.959999999999999;12.959999999999999;12.959999999999999;12.959999999999999;12.959999999999999;12.959999999999999;12.959999999999999;12.959999999999999;12.959999999999999;12.959999999999999;12.959999999999999;12.959999999999999;12.959999999999999;12.959999999999999;12.959999999999999;12.959999999999999;12.959999999999999;12.959999999999999;12.959999999999999;12.959999999999999;12.959999999999999;12.959999999999999
459;1791.878;29.25;33.24;31.91;117.11099999999999;36.376;17.28;27.919999999999998;164.347;27.919999999999998;17.28;23.93;27.919999999999998;29.25;167.525;22.599999999999998;22.599999999999998;17.28;19.939999999999998;17.28;172.734;17.28;19.939999999999998;18.61;17.28;17.28;17.28;19.939999999999998;18.61;22.599999999999998
460;1804.268;62.5;47.87;35.9;149.801;43.025999999999996;17.28;51.86;198.92200000000003;69.15;56.564;47.87;35.9;37.230000000000004;175.178;38.56;33.24;17.28;74.47;53.428;204.515;27.919999999999998;35.9;42.55;22.599999999999998;17.28;30.58;21.27;29.25;256.05600000000004
461;1249.916;26.259999999999998;38.230000000000004;36.9;122.46499999999999;40.582;12.959999999999999;32.91;176.631;54.19;31.58;39.56;38.230000000000004;38.230000000000004;172.879;30.25;22.27;12.959999999999999;39.56;18.28;184.72299999999998;19.61;32.91;20.94;19.61;12.959999999999999;15.62;18.28;18.28;244.17700000000002
462;243.38599999999997;22.27;23.6;18.28;24.566000000000003;19.61;12.959999999999999;14.29;21.906;12.959999999999999;12.959999999999999;12.959999999999999;12.959999999999999;12.959999999999999;12.959999999999999;12.959999999999999;12.959999999999999;12.959999999999999;15.62;12.959999999999999;12.959999999999999;12.959999999999999;12.959999999999999;12.959999999999999;12.959999999999999;12.959999999999999;12.959999999999999;12.959999999999999;12.959999999999999;12.959999999999999
463;1761.624;34.57;37.230000000000004;42.55;103.452;41.934;17.28;23.93;154.953;39.89;69.108;47.87;30.58;35.9;116.72800000000001;41.22;34.57;17.28;65.16;36.376;175.69400000000002;31.91;39.89;30.817999999999998;30.58;17.28;29.25;30.58;33.477999999999994;244.85399999999998
464;653.0539999999999;18.28;14.29;24.93;119.80499999999998;39.965999999999994;12.959999999999999;16.95;159.809;32.91;68.708;16.95;14.29;12.959999999999999;150.601;12.959999999999999;12.959999999999999;12.959999999999999;16.95;12.959999999999999;12.959999999999999;12.959999999999999;12.959999999999999;12.959999999999999;12.959999999999999;12.959999999999999;12.959999999999999;12.959999999999999;12.959999999999999;12.959999999999999
465;384.926;18.28;20.94;27.590000000000003;106.785;31.747999999999998;12.959999999999999;12.959999999999999;89.34700000000001;12.959999999999999;12.959999999999999;12.959999999999999;12.959999999999999;12.959999999999999;12.959999999999999;12.959999999999999;12.959999999999999;12.959999999999999;16.95;12.959999999999999;12.959999999999999;12.959999999999999;12.959999999999999;12.959999999999999;12.959999999999999;12.959999999999999;12.959999999999999;12.959999999999999;12.959999999999999;15.62
466;569.894;40.89;43.55;20.94;121.06299999999999;35.262;12.959999999999999;36.9;157.379;35.57000000000001;22.27;32.91;22.27;18.28;156.347;15.62;15.62;12.959999999999999;28.92;12.959999999999999;197.421;12.959999999999999;12.959999999999999;12.959999999999999;12.959999999999999;12.959999999999999;12.959999999999999;12.959999999999999;12.959999999999999;14.29
467;1164.928;43.22;37.900000000000006;37.900000000000006;127.45;20.61;8.64;25.93;157.04199999999997;24.6;20.61;13.959999999999999;27.259999999999998;19.28;154.64499999999998;24.6;17.95;8.64;63.17;19.28;207.16899999999998;17.95;17.95;16.62;13.959999999999999;8.64;11.299999999999999;12.63;8.64;225.89100000000002
468;1424.8119999999997;47.87;34.57;50.53;136.16899999999998;54.926;17.28;34.57;151.01;45.209999999999994;69.108;34.57;41.22;41.22;200.106;39.89;31.91;17.28;31.91;43.739999999999995;211.784;22.599999999999998;18.61;25.26;19.939999999999998;17.28;19.939999999999998;17.28;21.27;178.08200000000002
469;1572.0759999999998;29.919999999999998;37.900000000000006;19.28;115.16799999999999;28.282;8.64;28.59;155.655;27.259999999999998;77.38;27.259999999999998;35.239999999999995;17.95;142.779;21.939999999999998;19.28;8.64;35.239999999999995;29.304;179.026;15.29;17.95;21.632;20.302;8.64;27.259999999999998;33.91;23.508000000000003;236.137
470;1755.854;21.939999999999998;27.259999999999998;27.259999999999998;123.071;12.63;8.64;12.63;163.454;11.299999999999999;15.29;15.29;13.959999999999999;21.939999999999998;159.571;8.64;9.969999999999999;8.64;69.82;16.62;194.496;11.299999999999999;9.969999999999999;12.63;9.969999999999999;8.64;11.299999999999999;8.64;13.959999999999999;232.786
471;879.364;14.29;20.94;14.29;106.832;15.62;12.959999999999999;16.95;130.054;14.29;15.62;14.29;30.25;28.92;170.177;19.61;15.62;12.959999999999999;30.25;24.93;208.06099999999998;18.28;18.28;15.62;14.29;12.959999999999999;18.28;12.959999999999999;19.61;250.245
472;1707.4219999999998;23.6;27.590000000000003;23.6;131.542;14.29;12.959999999999999;16.95;171.717;20.94;15.62;15.62;22.27;34.239999999999995;174.52599999999998;38.230000000000004;31.58;12.959999999999999;62.169999999999995;26.259999999999998;202.055;20.94;22.27;22.27;18.28;12.959999999999999;19.61;15.62;14.29;253.477
473;922.0020000000001;38.56;34.57;34.57;129.48699999999997;41.626000000000005;17.28;29.25;172.047;47.87;29.25;47.87;30.58;25.26;196.111;29.25;25.26;17.28;57.18;45.378;219.906;23.93;19.939999999999998;22.599999999999998;45.378;17.28;23.93;26.589999999999996;34.262;271.783
474;1073.012;23.6;12.959999999999999;23.6;117.759;43.956;12.959999999999999;20.94;137.75900000000001;35.57000000000001;69.01599999999999;24.93;12.959999999999999;12.959999999999999;12.959999999999999;12.959999999999999;12.959999999999999;12.959999999999999;15.62;12.959999999999999;12.959999999999999;12.959999999999999;12.959999999999999;12.959999999999999;12.959999999999999;12.959999999999999;12.959999999999999;12.959999999999999;12.959999999999999;12.959999999999999
475;1426.63;27.259999999999998;29.919999999999998;64.5;139.55599999999998;70.94;8.64;29.919999999999998;156.024;31.25;25.93;17.95;64.5;40.56;199.466;43.22;24.6;8.64;85.78;50.346000000000004;209.292;9.969999999999999;25.93;24.6;28.59;8.64;20.61;11.299999999999999;23.270000000000003;244.714
476;1713.778;34.239999999999995;26.259999999999998;20.94;130.581;24.622;12.959999999999999;28.92;161.357;42.22;59.230000000000004;23.6;28.92;27.590000000000003;184.2;36.9;20.94;12.959999999999999;42.22;36.284;213.054;20.94;23.6;18.28;31.747999999999998;12.959999999999999;27.590000000000003;28.92;25.952;257.348
477;1551.4340000000002;63.5;52.86;46.21;134.155;55.926;12.959999999999999;40.89;169.981;46.21;35.57000000000001;43.55;55.519999999999996;51.53;204.722;64.83;40.89;12.959999999999999;70.15;54.834;240.695;36.9;48.870000000000005;36.592;54.050000000000004;12.959999999999999;34.239999999999995;36.9;38.468;278.784
478;1593.9299999999996;25.93;31.25;21.939999999999998;125.63199999999999;38.306;8.64;21.939999999999998;135.688;52.53;25.93;35.239999999999995;19.28;28.59;146.078;35.239999999999995;23.270000000000003;8.64;91.1;16.62;173.58;21.939999999999998;21.939999999999998;20.61;17.95;8.64;28.59;21.939999999999998;27.259999999999998;249.77900000000002
479;37.138000000000005;12.959999999999999;12.959999999999999;18.28;14.29;12.959999999999999;12.959999999999999;12.959999999999999;12.959999999999999;12.959999999999999;12.959999999999999;12.959999999999999;12.959999999999999;12.959999999999999;12.959999999999999;12.959999999999999;12.959999999999999;12.959999999999999;12.959999999999999;12.959999999999999;12.959999999999999;12.959999999999999;12.959999999999999;12.959999999999999;12.959999999999999;12.959999999999999;12.959999999999999;12.959999999999999;12.959999999999999;12.959999999999999
480;1374.3899999999999;35.57000000000001;39.56;36.9;128.471;33.931999999999995;12.959999999999999;28.92;169.659;51.53;57.018;35.57000000000001;35.57000000000001;22.27;175.58100000000002;20.94;15.62;12.959999999999999;56.85;23.6;213.537;15.62;22.27;20.94;18.28;12.959999999999999;24.93;15.62;18.28;251.61700000000002
481;2733.5580000000004;32.58;28.59;25.93;145.879;28.043999999999997;8.64;20.61;165.423;25.93;19.28;21.939999999999998;36.57;20.61;189.284;36.57;13.959999999999999;8.64;45.88;20.61;205.96499999999997;16.62;21.939999999999998;17.95;20.61;8.64;21.939999999999998;12.63;20.61;241.22899999999998
482;1143.858;8.64;9.969999999999999;8.64;130.246;8.64;8.64;9.969999999999999;144.423;11.299999999999999;16.62;8.64;9.969999999999999;12.63;166.26299999999998;8.64;8.64;8.64;8.64;8.64;186.087;11.299999999999999;11.299999999999999;9.969999999999999;9.969999999999999;8.64;11.299999999999999;8.64;11.299999999999999;12.63
483;1633.474;24.93;28.92;24.93;140.483;33.931999999999995;12.959999999999999;32.91;185.059;43.55;27.590000000000003;56.85;36.9;31.58;205.20500000000004;28.92;24.93;12.959999999999999;43.55;18.28;220.27599999999998;18.28;19.61;19.61;18.28;12.959999999999999;16.95;18.28;20.94;274.47700000000003
484;1539.744;35.57000000000001;36.9;26.259999999999998;124.637;44.194;12.959999999999999;23.6;189.054;31.58;24.93;24.93;24.93;16.95;144.548;19.61;18.28;12.959999999999999;32.91;14.29;156.67200000000003;14.29;18.28;22.27;14.29;12.959999999999999;23.6;15.62;16.95;232.00400000000002
485;2087.4719999999998;28.59;35.239999999999995;24.6;118.442;35.1;8.64;20.61;180.053;41.89;76.904;40.56;33.91;35.239999999999995;176.05599999999998;32.58;35.239999999999995;8.64;32.58;29.066;214.267;21.939999999999998;23.270000000000003;17.95;17.95;8.64;27.259999999999998;25.93;31.25;260.483
486;9.969999999999999;8.64;8.64;8.64;8.64;8.64;8.64;8.64;8.64;8.64;8.64;8.64;8.64;8.64;8.64;8.64;8.64;8.64;8.64;8.64;8.64;8.64;8.64;8.64;8.64;8.64;8.64;8.64;8.64;8.64
487;209.09199999999998;24.6;11.299999999999999;11.299999999999999;122.59299999999999;8.64;8.64;8.64;146.43900000000002;8.64;8.64;11.299999999999999;8.64;8.64;160.44799999999998;8.64;8.64;8.64;8.64;8.64;8.64;8.64;8.64;8.64;9.969999999999999;8.64;8.64;8.64;8.64;8.64
488;1109.3700000000001;19.61;20.94;19.61;123.121;15.62;12.959999999999999;19.61;111.067;22.27;19.61;31.58;24.93;23.6;151.62900000000002;15.62;15.62;12.959999999999999;59.510000000000005;23.6;182.177;22.27;12.959999999999999;15.62;14.29;12.959999999999999;14.29;16.95;24.93;268.471
489;3282.96;24.6;45.88;19.28;134.028;40.419999999999995;8.64;33.91;183.721;48.54;34.624;35.239999999999995;29.919999999999998;28.59;184.613;41.89;28.59;8.64;53.86000000000001;39.636;225.337;19.28;27.259999999999998;26.714;15.29;8.64;25.93;16.62;23.270000000000003;265.86
490;1316.9120000000003;41.89;20.61;41.89;138.86499999999998;20.61;8.64;25.93;135.39799999999997;15.29;13.959999999999999;16.62;35.239999999999995;21.939999999999998;165.047;21.939999999999998;15.29;8.64;28.59;19.28;186.745;17.95;15.29;20.61;15.29;8.64;20.61;13.959999999999999;19.28;224.888
491;94.544;9.969999999999999;11.299999999999999;8.64;103.16600000000001;8.64;8.64;8.64;8.64;8.64;8.64;8.64;8.64;8.64;8.64;8.64;8.64;8.64;8.64;8.64;8.64;8.64;8.64;8.64;8.64;8.64;8.64;8.64;8.64;8.64
492;462.864;36.9;34.239999999999995;24.93;131.49;12.959999999999999;12.959999999999999;12.959999999999999;12.959999999999999;12.959999999999999;12.959999999999999;12.959999999999999;12.959999999999999;12.959999999999999;12.959999999999999;12.959999999999999;12.959999999999999;12.959999999999999;12.959999999999999;12.959999999999999;12.959999999999999;12.959999999999999;12.959999999999999;12.959999999999999;12.959999999999999;12.959999999999999;12.959999999999999;12.959999999999999;12.959999999999999;16.95
493;1383.2720000000002;49.87;28.59;28.59;137.52999999999997;42.296;8.64;29.919999999999998;175.69899999999996;57.849999999999994;72.36800000000001;40.56;36.57;31.25;191.57500000000002;35.239999999999995;19.28;8.64;40.56;30.634;219.596;21.939999999999998;20.61;32.272000000000006;33.294;8.64;21.939999999999998;27.259999999999998;58.017999999999994;291.271
494;165.91600000000003;20.61;17.95;13.959999999999999;121.01299999999999;17.642;8.64;8.64;92.78399999999999;8.64;11.299999999999999;8.64;8.64;8.64;8.64;8.64;8.64;8.64;11.299999999999999;8.64;8.64;8.64;8.64;8.64;8.64;8.64;8.64;8.64;8.64;11.299999999999999
495;1594.168;21.939999999999998;23.270000000000003;33.91;134.07500000000002;39.874;8.64;24.6;144.844;20.61;8.64;25.93;21.939999999999998;27.259999999999998;161.914;15.29;13.959999999999999;8.64;39.23;17.95;198.52500000000003;20.61;12.63;16.62;13.959999999999999;8.64;17.95;9.969999999999999;27.259999999999998;250.009
496;121.67599999999999;15.29;8.64;11.299999999999999;8.64;8.64;8.64;8.64;8.64;8.64;8.64;9.969999999999999;8.64;8.64;8.64;8.64;8.64;8.64;8.64;8.64;8.64;8.64;8.64;8.64;8.64;8.64;8.64;8.64;8.64;11.299999999999999
497;958.212;24.93;26.259999999999998;28.92;130.482;48.254000000000005;12.959999999999999;28.92;151.101;23.6;26.259999999999998;22.27;20.94;19.61;176.06400000000002;18.28;18.28;12.959999999999999;35.57000000000001;29.942;221.739;20.94;34.239999999999995;28.374000000000002;22.27;12.959999999999999;19.61;18.28;24.93;248.801
498;498.13;23.6;15.62;20.94;102.233;34.17;12.959999999999999;24.93;74.566;18.28;12.959999999999999;12.959999999999999;12.959999999999999;12.959999999999999;91.52700000000002;12.959999999999999;12.959999999999999;12.959999999999999;30.25;12.959999999999999;162.38100000000003;12.959999999999999;12.959999999999999;12.959999999999999;12.959999999999999;12.959999999999999;12.959999999999999;12.959999999999999;12.959999999999999;14.29
499;1649.764;33.24;41.22;35.9;155.527;31.602;17.28;33.24;190.02300000000002;66.49;86.80399999999999;43.879999999999995;31.91;30.58;189.419;27.919999999999998;29.25;17.28;61.17;40.604;214.69100000000003;23.93;29.25;25.26;37.944;17.28;27.919999999999998;26.589999999999996;38.251999999999995;253.92600000000004
500;12.63;8.64;8.64;8.64;8.64;8.64;8.64;8.64;8.64;8.64;8.64;8.64;8.64;8.64;8.64;8.64;8.64;8.64;8.64;8.64;8.64;8.64;8.64;8.64;8.64;8.64;8.64;8.64;8.64;8.64
501;478.214;31.25;24.6;24.6;118.509;24.292;8.64;8.64;8.64;8.64;8.64;8.64;8.64;9.969999999999999;8.64;8.64;8.64;8.64;11.299999999999999;8.64;8.64;8.64;8.64;8.64;8.64;8.64;8.64;8.64;8.64;11.299999999999999
502;22.27;12.959999999999999;12.959999999999999;12.959999999999999;12.959999999999999;12.959999999999999;12.959999999999999;12.959999999999999;12.959999999999999;12.959999999999999;12.959999999999999;12.959999999999999;12.959999999999999;12.959999999999999;12.959999999999999;12.959999999999999;12.959999999999999;12.959999999999999;12.959999999999999;12.959999999999999;12.959999999999999;12.959999999999999;12.959999999999999;12.959999999999999;12.959999999999999;12.959999999999999;12.959999999999999;12.959999999999999;12.959999999999999;12.959999999999999
503;1539.54;23.270000000000003;20.61;33.91;125.52799999999999;27.259999999999998;8.64;17.95;138.167;41.89;24.6;27.259999999999998;31.25;19.28;156.547;28.59;19.28;8.64;36.57;25.384;203.74099999999999;16.62;39.23;19.28;20.848;8.64;24.6;23.270000000000003;23.270000000000003;256.171
504;20.61;11.299999999999999;8.64;8.64;8.64;8.64;8.64;8.64;8.64;8.64;8.64;8.64;8.64;8.64;8.64;8.64;8.64;8.64;8.64;8.64;8.64;8.64;8.64;8.64;8.64;8.64;8.64;8.64;8.64;9.969999999999999
505;9.969999999999999;8.64;8.64;8.64;8.64;8.64;8.64;8.64;8.64;8.64;8.64;8.64;8.64;8.64;8.64;8.64;8.64;8.64;8.64;8.64;8.64;8.64;8.64;8.64;8.64;8.64;8.64;8.64;8.64;8.64
506;911.48;18.28;16.95;19.61;15.62;20.94;12.959999999999999;22.27;22.27;18.28;46.54600000000001;30.25;23.6;15.62;161.023;16.95;15.62;12.959999999999999;39.56;16.95;155.129;15.62;15.62;15.62;18.28;12.959999999999999;16.95;14.29;19.61;232.918
507;1263.0900000000001;23.6;26.259999999999998;26.259999999999998;120.54299999999999;18.28;12.959999999999999;15.62;131.738;16.95;12.959999999999999;14.29;14.29;14.29;152.409;15.62;12.959999999999999;12.959999999999999;26.259999999999998;14.29;173.93200000000002;12.959999999999999;12.959999999999999;12.959999999999999;12.959999999999999;12.959999999999999;15.62;12.959999999999999;15.62;168.868
508;9.969999999999999;8.64;8.64;8.64;8.64;8.64;8.64;8.64;8.64;8.64;8.64;8.64;8.64;8.64;8.64;8.64;8.64;8.64;8.64;8.64;8.64;8.64;8.64;8.64;8.64;8.64;8.64;8.64;8.64;8.64
509;1047.882;22.27;18.28;31.58;110.13099999999999;20.94;12.959999999999999;16.95;106.57499999999999;15.62;15.62;15.62;15.62;15.62;150.18;16.95;12.959999999999999;12.959999999999999;18.28;14.29;174.202;15.62;15.62;15.62;12.959999999999999;12.959999999999999;12.959999999999999;12.959999999999999;15.62;14.29
510;817.6579999999999;16.62;8.64;8.64;118.55600000000001;8.64;8.64;13.959999999999999;136.44799999999998;9.969999999999999;11.299999999999999;8.64;15.29;8.64;160.418;11.299999999999999;8.64;8.64;31.25;12.63;202.614;9.969999999999999;9.969999999999999;11.299999999999999;9.969999999999999;8.64;13.959999999999999;9.969999999999999;13.959999999999999;260.426
511;2576.1980000000003;23.270000000000003;33.91;36.57;140.08100000000002;40.965999999999994;8.64;25.93;176.712;39.23;71.346;21.939999999999998;27.259999999999998;28.59;164.73499999999999;35.239999999999995;36.57;8.64;35.239999999999995;31.18;179.088;23.270000000000003;31.25;21.939999999999998;37.284;8.64;39.23;27.259999999999998;19.28;248.24299999999997
512;2427.798;49.87;63.17;43.22;144.98000000000002;55.05;8.64;39.23;226.972;100.41;93.24199999999999;67.16;43.22;37.900000000000006;195.36200000000002;53.86000000000001;57.849999999999994;8.64;49.87;43.388;185.20000000000002;24.6;44.550000000000004;30.942;35.408;8.64;27.259999999999998;16.62;15.29;251.72299999999998
513;1511.624;67.16;55.19;45.88;124.795;46.286;8.64;40.56;197.67000000000002;51.199999999999996;88.874;48.54;44.550000000000004;36.57;177.505;40.56;15.29;8.64;43.22;47.616;212.44299999999998;12.63;13.959999999999999;13.959999999999999;11.299999999999999;8.64;11.299999999999999;12.63;11.299999999999999;229.56399999999996
514;85.23400000000001;16.62;16.62;8.64;113.803;8.64;8.64;8.64;92.761;8.64;8.64;8.64;8.64;8.64;8.64;8.64;8.64;8.64;8.64;8.64;8.64;8.64;8.64;8.64;8.64;8.64;8.64;8.64;8.64;8.64
515;394.31199999999995;9.969999999999999;9.969999999999999;9.969999999999999;80.779;8.64;8.64;8.64;8.64;11.299999999999999;8.64;8.64;8.64;8.64;8.64;8.64;8.64;8.64;8.64;8.64;8.64;8.64;8.64;8.64;8.64;8.64;8.64;8.64;8.64;9.969999999999999
516;1067.202;23.6;26.259999999999998;24.93;142.541;14.29;12.959999999999999;18.28;157.773;19.61;30.964;20.94;14.29;20.94;176.589;18.28;15.62;12.959999999999999;32.91;22.27;210.233;22.27;15.62;15.62;14.29;12.959999999999999;20.94;16.95;15.62;250.817
517;2705.852;15.29;28.59;32.58;119.72500000000001;56.926;8.64;35.239999999999995;159.541;29.919999999999998;25.076;43.22;43.22;33.91;149.41400000000002;19.28;8.64;8.64;75.14;46.048;216.17800000000003;17.95;16.62;29.919999999999998;28.282;8.64;11.299999999999999;8.64;19.28;229.175
518;9.969999999999999;8.64;8.64;8.64;8.64;8.64;8.64;8.64;8.64;8.64;8.64;8.64;8.64;8.64;8.64;8.64;8.64;8.64;8.64;8.64;8.64;8.64;8.64;8.64;8.64;8.64;8.64;8.64;8.64;8.64
519;226.51600000000002;12.959999999999999;12.959999999999999;12.959999999999999;99.419;12.959999999999999;12.959999999999999;14.29;94.743;20.94;12.959999999999999;12.959999999999999;12.959999999999999;12.959999999999999;12.959999999999999;12.959999999999999;12.959999999999999;12.959999999999999;12.959999999999999;12.959999999999999;12.959999999999999;12.959999999999999;12.959999999999999;12.959999999999999;12.959999999999999;12.959999999999999;12.959999999999999;12.959999999999999;12.959999999999999;12.959999999999999
520;36.9;12.959999999999999;12.959999999999999;12.959999999999999;12.959999999999999;12.959999999999999;12.959999999999999;12.959999999999999;12.959999999999999;12.959999999999999;12.959999999999999;12.959999999999999;12.959999999999999;12.959999999999999;12.959999999999999;12.959999999999999;12.959999999999999;12.959999999999999;12.959999999999999;12.959999999999999;12.959999999999999;12.959999999999999;12.959999999999999;12.959999999999999;12.959999999999999;12.959999999999999;12.959999999999999;12.959999999999999;12.959999999999999;12.959999999999999
521;9.969999999999999;8.64;8.64;8.64;8.64;8.64;8.64;8.64;8.64;8.64;8.64;8.64;8.64;8.64;8.64;8.64;8.64;8.64;8.64;8.64;8.64;8.64;8.64;8.64;8.64;8.64;8.64;8.64;8.64;8.64
522;94.47400000000002;15.29;8.64;8.64;8.64;8.64;8.64;8.64;8.64;8.64;8.64;8.64;8.64;8.64;8.64;8.64;8.64;8.64;8.64;8.64;8.64;8.64;8.64;8.64;8.64;8.64;8.64;8.64;8.64;11.299999999999999
523;201.82;12.959999999999999;12.959999999999999;12.959999999999999;109.036;12.959999999999999;12.959999999999999;12.959999999999999;130.356;12.959999999999999;12.959999999999999;16.95;12.959999999999999;12.959999999999999;156.664;12.959999999999999;12.959999999999999;12.959999999999999;22.27;12.959999999999999;12.959999999999999;12.959999999999999;12.959999999999999;12.959999999999999;12.959999999999999;12.959999999999999;12.959999999999999;12.959999999999999;12.959999999999999;12.959999999999999
524;130.0;15.62;12.959999999999999;12.959999999999999;114.48499999999999;12.959999999999999;12.959999999999999;12.959999999999999;115.689;12.959999999999999;12.959999999999999;12.959999999999999;12.959999999999999;12.959999999999999;12.959999999999999;12.959999999999999;12.959999999999999;12.959999999999999;12.959999999999999;12.959999999999999;12.959999999999999;12.959999999999999;12.959999999999999;12.959999999999999;12.959999999999999;12.959999999999999;12.959999999999999;12.959999999999999;12.959999999999999;12.959999999999999
525;2991.662;71.14999999999999;73.81;63.17;140.79699999999997;47.924;8.64;39.23;188.038;64.5;90.68;67.16;35.239999999999995;45.88;174.362;69.82;36.57;8.64;59.18;53.17400000000001;218.156;21.939999999999998;29.919999999999998;26.951999999999998;40.965999999999994;8.64;19.28;15.29;25.384;275.757
526;1632.4659999999997;51.53;46.21;34.239999999999995;135.48499999999999;49.275999999999996;12.959999999999999;31.58;180.71000000000004;51.53;79.656;50.2;36.9;26.259999999999998;183.68;52.86;35.57000000000001;12.959999999999999;46.21;45.832;197.69600000000003;28.92;23.6;34.239999999999995;28.612;12.959999999999999;31.58;19.61;23.6;271.411
527;1313.0000000000002;48.870000000000005;27.590000000000003;44.879999999999995;156.527;31.272;12.959999999999999;47.54;187.355;47.54;47.708;55.519999999999996;24.93;32.91;188.63099999999997;47.54;26.259999999999998;12.959999999999999;59.510000000000005;42.934;221.564;22.27;24.93;19.61;18.28;12.959999999999999;34.239999999999995;19.61;24.93;286.202
528;177.978;27.590000000000003;23.6;12.959999999999999;12.959999999999999;12.959999999999999;12.959999999999999;12.959999999999999;12.959999999999999;12.959999999999999;12.959999999999999;12.959999999999999;12.959999999999999;12.959999999999999;12.959999999999999;12.959999999999999;12.959999999999999;12.959999999999999;16.95;12.959999999999999;12.959999999999999;12.959999999999999;12.959999999999999;12.959999999999999;12.959999999999999;12.959999999999999;12.959999999999999;12.959999999999999;12.959999999999999;15.62
529;76.47;13.959999999999999;8.64;8.64;8.64;8.64;8.64;8.64;8.64;8.64;8.64;8.64;8.64;8.64;8.64;8.64;8.64;8.64;8.64;8.64;8.64;8.64;8.64;8.64;8.64;8.64;8.64;8.64;8.64;12.63
530;2441.142;42.55;35.9;38.56;123.59;49.605999999999995;17.28;30.58;178.338;63.83;86.874;49.2;39.89;37.230000000000004;180.825;42.55;26.589999999999996;17.28;67.82;38.798;215.73399999999998;34.57;34.57;34.57;45.616;17.28;38.56;43.879999999999995;45.924;277.31100000000004
531;501.79;9.969999999999999;11.299999999999999;9.969999999999999;88.085;8.64;8.64;8.64;88.729;8.64;8.64;8.64;9.969999999999999;8.64;157.55;8.64;8.64;8.64;35.239999999999995;8.64;8.64;8.64;8.64;9.969999999999999;8.64;8.64;8.64;8.64;8.64;9.969999999999999
532;1152.4479999999999;18.28;19.61;34.239999999999995;124.434;45.286;12.959999999999999;31.58;155.792;23.6;71.13;20.94;43.55;44.879999999999995;140.016;16.95;14.29;12.959999999999999;30.25;35.5;176.70100000000002;34.239999999999995;23.6;16.95;12.959999999999999;12.959999999999999;12.959999999999999;12.959999999999999;12.959999999999999;221.067
533;16.95;12.959999999999999;12.959999999999999;12.959999999999999;111.10899999999998;12.959999999999999;12.959999999999999;12.959999999999999;101.75699999999999;12.959999999999999;12.959999999999999;12.959999999999999;12.959999999999999;12.959999999999999;45.644999999999996;12.959999999999999;12.959999999999999;12.959999999999999;12.959999999999999;12.959999999999999;67.856;12.959999999999999;12.959999999999999;12.959999999999999;12.959999999999999;12.959999999999999;12.959999999999999;12.959999999999999;12.959999999999999;12.959999999999999
534;161.52800000000002;12.959999999999999;12.959999999999999;12.959999999999999;122.79899999999999;12.959999999999999;12.959999999999999;12.959999999999999;80.715;12.959999999999999;12.959999999999999;12.959999999999999;12.959999999999999;12.959999999999999;90.06700000000001;12.959999999999999;12.959999999999999;12.959999999999999;12.959999999999999;12.959999999999999;12.959999999999999;12.959999999999999;12.959999999999999;12.959999999999999;12.959999999999999;12.959999999999999;12.959999999999999;12.959999999999999;12.959999999999999;14.29
535;1745.8519999999999;42.22;35.57000000000001;27.590000000000003;139.839;41.296;12.959999999999999;30.25;184.321;47.54;63.76599999999999;52.86;31.58;28.92;197.339;38.230000000000004;26.259999999999998;12.959999999999999;56.85;49.583999999999996;216.071;28.92;35.57000000000001;23.6;30.726;12.959999999999999;31.58;32.91;31.272;295.435
536;9.969999999999999;8.64;8.64;8.64;8.64;8.64;8.64;8.64;8.64;8.64;8.64;8.64;8.64;8.64;8.64;8.64;8.64;8.64;8.64;8.64;8.64;8.64;8.64;8.64;8.64;8.64;8.64;8.64;8.64;8.64
537;180.10399999999998;6.9799999999999995;4.32;18.950000000000003;97.07999999999998;4.32;4.32;4.32;4.32;4.32;4.32;4.32;4.32;4.32;4.32;4.32;4.32;4.32;4.32;4.32;4.32;4.32;4.32;4.32;4.32;4.32;4.32;4.32;4.32;4.32
538;73.81;9.969999999999999;8.64;9.969999999999999;114.51899999999999;8.64;8.64;8.64;8.64;8.64;8.64;8.64;8.64;8.64;8.64;8.64;8.64;8.64;11.299999999999999;8.64;8.64;8.64;8.64;8.64;8.64;8.64;8.64;8.64;8.64;8.64
539;3142.2820000000006;12.959999999999999;16.95;12.959999999999999;109.487;12.959999999999999;12.959999999999999;12.959999999999999;110.96600000000001;12.959999999999999;12.959999999999999;12.959999999999999;16.95;22.27;137.326;14.29;12.959999999999999;12.959999999999999;19.61;12.959999999999999;156.17899999999997;12.959999999999999;12.959999999999999;12.959999999999999;12.959999999999999;12.959999999999999;12.959999999999999;12.959999999999999;15.62;20.94
540;1018.504;23.93;31.91;38.56;110.75299999999999;30.272;17.28;23.93;131.43099999999998;23.93;21.27;22.599999999999998;30.58;30.58;181.07;23.93;19.939999999999998;17.28;42.55;22.599999999999998;212.32399999999998;18.61;23.93;21.27;19.939999999999998;17.28;21.27;18.61;25.26;252.96499999999997
541;115.37;15.62;12.959999999999999;12.959999999999999;115.12400000000001;12.959999999999999;12.959999999999999;12.959999999999999;78.281;12.959999999999999;12.959999999999999;12.959999999999999;12.959999999999999;12.959999999999999;12.959999999999999;12.959999999999999;12.959999999999999;12.959999999999999;12.959999999999999;12.959999999999999;12.959999999999999;12.959999999999999;12.959999999999999;12.959999999999999;12.959999999999999;12.959999999999999;12.959999999999999;12.959999999999999;12.959999999999999;12.959999999999999
542;14.29;12.959999999999999;12.959999999999999;12.959999999999999;80.715;12.959999999999999;12.959999999999999;12.959999999999999;66.687;12.959999999999999;12.959999999999999;12.959999999999999;12.959999999999999;12.959999999999999;12.959999999999999;12.959999999999999;12.959999999999999;12.959999999999999;12.959999999999999;12.959999999999999;12.959999999999999;12.959999999999999;12.959999999999999;12.959999999999999;12.959999999999999;12.959999999999999;12.959999999999999;12.959999999999999;12.959999999999999;12.959999999999999
543;96.42;12.63;9.969999999999999;9.969999999999999;107.505;8.64;8.64;8.64;8.64;8.64;8.64;8.64;8.64;8.64;8.64;8.64;8.64;8.64;8.64;8.64;8.64;8.64;8.64;8.64;8.64;8.64;8.64;8.64;8.64;8.64
544;14.29;12.959999999999999;12.959999999999999;12.959999999999999;85.391;12.959999999999999;12.959999999999999;12.959999999999999;92.405;12.959999999999999;12.959999999999999;12.959999999999999;12.959999999999999;12.959999999999999;12.959999999999999;12.959999999999999;12.959999999999999;12.959999999999999;12.959999999999999;12.959999999999999;12.959999999999999;12.959999999999999;12.959999999999999;12.959999999999999;12.959999999999999;12.959999999999999;12.959999999999999;12.959999999999999;12.959999999999999;12.959999999999999
545;33.931999999999995;12.959999999999999;12.959999999999999;12.959999999999999;12.959999999999999;12.959999999999999;12.959999999999999;12.959999999999999;12.959999999999999;12.959999999999999;12.959999999999999;12.959999999999999;12.959999999999999;12.959999999999999;12.959999999999999;12.959999999999999;12.959999999999999;12.959999999999999;12.959999999999999;12.959999999999999;12.959999999999999;12.959999999999999;12.959999999999999;12.959999999999999;12.959999999999999;12.959999999999999;12.959999999999999;12.959999999999999;12.959999999999999;12.959999999999999
546;955.754;21.939999999999998;33.91;17.95;122.49400000000001;11.299999999999999;8.64;13.959999999999999;135.99;32.58;27.259999999999998;25.93;20.61;15.29;171.48399999999998;13.959999999999999;16.62;8.64;11.299999999999999;8.64;199.907;8.64;12.63;11.299999999999999;9.969999999999999;8.64;15.29;11.299999999999999;13.959999999999999;169.66
547;265.16400000000004;19.939999999999998;17.28;18.61;117.76699999999998;17.28;17.28;17.28;122.44299999999998;17.28;17.28;17.28;17.28;17.28;17.28;17.28;17.28;17.28;17.28;17.28;17.28;17.28;17.28;17.28;17.28;17.28;17.28;17.28;17.28;17.28
548;67.49;27.590000000000003;12.959999999999999;12.959999999999999;12.959999999999999;12.959999999999999;12.959999999999999;12.959999999999999;12.959999999999999;12.959999999999999;12.959999999999999;12.959999999999999;12.959999999999999;12.959999999999999;12.959999999999999;12.959999999999999;12.959999999999999;12.959999999999999;12.959999999999999;12.959999999999999;12.959999999999999;12.959999999999999;12.959999999999999;12.959999999999999;12.959999999999999;12.959999999999999;12.959999999999999;12.959999999999999;12.959999999999999;15.62
549;2129.5420000000004;48.54;55.19;40.56;114.75200000000001;51.844;8.64;23.270000000000003;155.534;37.900000000000006;44.550000000000004;53.86000000000001;15.29;32.58;139.656;24.6;24.6;8.64;103.07;42.534;196.54;20.61;17.95;38.922000000000004;40.965999999999994;8.64;24.6;15.29;35.716;251.245
550;125.68;17.95;8.64;11.299999999999999;9.969999999999999;11.299999999999999;8.64;11.299999999999999;11.299999999999999;11.299999999999999;11.299999999999999;11.299999999999999;8.64;8.64;8.64;8.64;8.64;8.64;9.969999999999999;8.64;8.64;8.64;8.64;8.64;8.64;8.64;8.64;8.64;8.64;11.299999999999999
551;158.188;19.28;23.270000000000003;13.959999999999999;97.784;9.969999999999999;8.64;9.969999999999999;8.64;8.64;8.64;8.64;8.64;8.64;8.64;8.64;8.64;8.64;8.64;8.64;8.64;8.64;8.64;8.64;8.64;8.64;8.64;8.64;8.64;8.64
552;1518.8059999999998;17.95;13.959999999999999;11.299999999999999;124.193;19.756;8.64;11.299999999999999;143.809;19.28;11.299999999999999;13.959999999999999;29.919999999999998;23.270000000000003;162.184;8.64;8.64;8.64;64.5;20.61;160.91899999999998;9.969999999999999;8.64;19.28;12.63;8.64;11.299999999999999;8.64;18.426000000000002;252.664
553;871.3699999999999;23.6;28.92;28.92;133.833;23.6;12.959999999999999;23.6;143.708;26.259999999999998;26.259999999999998;31.58;22.27;20.94;177.971;20.94;15.62;12.959999999999999;35.57000000000001;18.28;205.079;18.28;20.94;22.27;22.27;12.959999999999999;39.56;27.590000000000003;27.590000000000003;263.52
554;2986.8179999999998;44.550000000000004;36.57;21.939999999999998;132.589;38.306;8.64;33.91;171.35000000000002;51.199999999999996;80.656;36.57;28.59;27.259999999999998;161.951;40.56;27.259999999999998;8.64;41.89;38.306;223.95300000000003;21.939999999999998;21.939999999999998;28.282;38.306;8.64;21.939999999999998;20.61;31.964;266.083
555;175.22000000000003;12.959999999999999;12.959999999999999;14.29;103.76600000000002;12.959999999999999;12.959999999999999;12.959999999999999;94.88;12.959999999999999;12.959999999999999;16.95;14.29;12.959999999999999;107.581;12.959999999999999;12.959999999999999;12.959999999999999;12.959999999999999;12.959999999999999;12.959999999999999;14.29;12.959999999999999;12.959999999999999;12.959999999999999;12.959999999999999;12.959999999999999;12.959999999999999;14.29;14.29
556;356.514;22.599999999999998;17.28;25.26;17.28;17.28;17.28;17.28;17.28;17.28;17.28;17.28;17.28;17.28;17.28;17.28;17.28;17.28;17.28;17.28;17.28;17.28;17.28;17.28;17.28;17.28;17.28;17.28;17.28;17.28
557;88.44;16.62;8.64;8.64;8.64;8.64;8.64;8.64;8.64;8.64;8.64;8.64;8.64;8.64;8.64;8.64;8.64;8.64;8.64;8.64;8.64;8.64;8.64;8.64;8.64;8.64;8.64;8.64;8.64;9.969999999999999
558;418.16799999999995;27.259999999999998;43.22;17.95;11.299999999999999;8.64;8.64;8.64;8.64;8.64;8.64;8.64;8.64;8.64;8.64;8.64;8.64;8.64;12.63;8.64;8.64;8.64;8.64;8.64;8.64;8.64;8.64;8.64;8.64;13.959999999999999
559;18.28;12.959999999999999;12.959999999999999;12.959999999999999;12.959999999999999;12.959999999999999;12.959999999999999;12.959999999999999;12.959999999999999;12.959999999999999;12.959999999999999;12.959999999999999;12.959999999999999;12.959999999999999;12.959999999999999;12.959999999999999;12.959999999999999;12.959999999999999;12.959999999999999;12.959999999999999;12.959999999999999;12.959999999999999;12.959999999999999;12.959999999999999;12.959999999999999;12.959999999999999;12.959999999999999;12.959999999999999;12.959999999999999;12.959999999999999
560;503.30199999999996;16.62;16.62;12.63;97.566;21.632;8.64;13.959999999999999;120.518;15.29;11.299999999999999;8.64;17.95;11.299999999999999;157.55;19.28;12.63;8.64;13.959999999999999;8.64;189.609;8.64;8.64;8.64;8.64;8.64;8.64;8.64;8.64;8.64
561;746.134;50.53;38.56;49.2;146.17499999999998;47.184;17.28;23.93;150.87599999999998;31.91;19.939999999999998;31.91;17.28;17.28;174.903;17.28;17.28;17.28;22.599999999999998;17.28;17.28;17.28;17.28;17.28;17.28;17.28;17.28;17.28;17.28;18.61
562;786.292;12.959999999999999;16.95;12.959999999999999;117.115;14.29;12.959999999999999;14.29;106.755;16.95;19.61;14.29;18.28;14.29;151.51;15.62;14.29;12.959999999999999;31.58;18.28;197.81;16.95;18.28;18.28;15.62;12.959999999999999;19.61;15.62;16.95;246.505
563;9.969999999999999;8.64;8.64;8.64;8.64;8.64;8.64;8.64;8.64;8.64;8.64;8.64;8.64;8.64;8.64;8.64;8.64;8.64;8.64;8.64;8.64;8.64;8.64;8.64;8.64;8.64;8.64;8.64;8.64;8.64
564;1328.6160000000002;28.59;29.919999999999998;25.93;134.89499999999998;21.394;8.64;21.939999999999998;144.61399999999998;27.259999999999998;11.299999999999999;21.939999999999998;29.919999999999998;23.270000000000003;150.94000000000003;12.63;11.299999999999999;8.64;84.44999999999999;20.61;176.48;11.299999999999999;11.299999999999999;16.62;11.299999999999999;8.64;17.95;11.299999999999999;20.61;247.941
565;114.36999999999999;27.919999999999998;26.589999999999996;19.939999999999998;119.12200000000001;17.28;17.28;17.28;17.28;17.28;17.28;17.28;17.28;17.28;17.28;17.28;17.28;17.28;17.28;17.28;17.28;17.28;17.28;17.28;17.28;17.28;17.28;17.28;17.28;17.28
566;64.5;25.93;11.299999999999999;8.64;8.64;8.64;8.64;8.64;8.64;8.64;8.64;8.64;8.64;8.64;8.64;8.64;8.64;8.64;8.64;8.64;8.64;8.64;8.64;8.64;8.64;8.64;8.64;8.64;8.64;12.63
567;1884.13;28.92;23.6;30.25;125.75399999999999;16.95;12.959999999999999;19.61;162.677;23.6;12.959999999999999;23.6;22.27;27.590000000000003;176.178;27.590000000000003;12.959999999999999;12.959999999999999;56.85;23.6;214.186;15.62;16.95;19.61;27.52;12.959999999999999;26.259999999999998;18.28;30.18;273.1
568;378.688;16.62;16.62;19.28;141.25;31.656;8.64;13.959999999999999;160.207;13.959999999999999;8.64;8.64;8.64;8.64;8.64;8.64;8.64;8.64;8.64;8.64;8.64;8.64;8.64;8.64;8.64;8.64;8.64;8.64;8.64;12.63
569;1356.6439999999998;23.270000000000003;11.299999999999999;25.93;127.22200000000001;17.642;8.64;17.95;145.431;16.62;13.959999999999999;13.959999999999999;15.29;16.62;168.393;13.959999999999999;13.959999999999999;8.64;37.900000000000006;16.62;190.394;8.64;8.64;9.969999999999999;9.969999999999999;8.64;11.299999999999999;8.64;12.63;240.647
570;1125.106;20.94;20.94;18.28;123.515;18.28;12.959999999999999;30.25;164.797;23.6;19.61;28.92;19.61;20.94;169.87199999999999;27.590000000000003;12.959999999999999;12.959999999999999;38.230000000000004;34.17;209.23;28.92;24.93;23.6;20.94;12.959999999999999;34.239999999999995;26.259999999999998;36.592;198.98000000000002
571;1156.2279999999998;34.239999999999995;34.239999999999995;28.92;124.112;42.626000000000005;12.959999999999999;32.91;160.874;46.21;76.996;38.230000000000004;35.57000000000001;30.25;174.37;35.57000000000001;23.6;12.959999999999999;43.55;47.946;227.234;27.590000000000003;22.27;32.602000000000004;43.956;12.959999999999999;24.93;28.92;40.582;253.638
572;1932.7019999999998;39.23;40.56;48.54;132.864;63.03;8.64;33.91;192.714;55.19;113.22;39.23;39.23;39.23;187.107;51.199999999999996;20.61;8.64;84.44999999999999;55.834;235.362;37.900000000000006;35.239999999999995;43.696;30.634;8.64;35.239999999999995;24.6;24.292;280.64099999999996
573;1394.74;29.25;33.24;26.589999999999996;134.48499999999999;33.24;17.28;30.58;152.699;27.919999999999998;34.57;38.56;27.919999999999998;23.93;162.20499999999998;19.939999999999998;19.939999999999998;17.28;53.19;23.93;198.717;21.27;25.26;22.599999999999998;21.27;17.28;27.919999999999998;27.919999999999998;26.589999999999996;249.81699999999998
574;159.714;20.61;15.29;12.63;112.887;8.64;8.64;8.64;86.726;8.64;8.64;8.64;11.299999999999999;8.64;8.64;9.969999999999999;8.64;8.64;17.95;8.64;161.865;8.64;8.64;8.64;8.64;8.64;8.64;8.64;8.64;9.969999999999999
575;107.32600000000001;8.64;12.63;13.959999999999999;8.64;8.64;8.64;9.969999999999999;8.64;8.64;8.64;9.969999999999999;11.299999999999999;11.299999999999999;8.64;11.299999999999999;11.299999999999999;8.64;11.299999999999999;8.64;148.679;8.64;8.64;8.64;8.64;8.64;8.64;8.64;8.64;11.299999999999999
576;2622.272;43.22;65.83;59.18;83.969;55.288;8.64;25.93;122.029;13.959999999999999;25.622;19.28;43.22;29.919999999999998;112.60300000000001;15.29;11.299999999999999;8.64;43.22;42.058;166.28900000000002;28.59;16.62;28.043999999999997;12.63;8.64;13.959999999999999;11.299999999999999;13.959999999999999;226.084
577;2632.73;21.939999999999998;39.23;31.25;130.89;35.646;8.64;25.93;168.41;48.54;78.47200000000001;39.23;33.91;24.6;174.726;47.209999999999994;21.939999999999998;8.64;52.53;45.739999999999995;208.24200000000002;23.270000000000003;16.62;29.611999999999995;35.646;8.64;33.91;31.25;38.614;274.682
578;1276.8380000000002;36.9;20.94;32.91;123.20299999999999;34.239999999999995;12.959999999999999;27.590000000000003;137.323;12.959999999999999;12.959999999999999;16.95;36.9;28.92;173.24800000000002;22.27;16.95;12.959999999999999;36.9;31.58;210.877;19.61;16.95;18.28;16.95;12.959999999999999;19.61;14.29;18.28;238.374
579;387.746;11.299999999999999;11.299999999999999;53.86000000000001;119.517;34.078;8.64;12.63;119.857;17.95;8.64;11.299999999999999;8.64;8.64;150.66000000000003;8.64;8.64;8.64;8.64;8.64;8.64;8.64;8.64;8.64;8.64;8.64;8.64;8.64;8.64;8.64
580;1169.6040000000003;19.28;12.63;20.61;112.706;26.644;8.64;25.93;148.73499999999999;20.61;16.62;23.270000000000003;17.95;19.28;164.938;8.64;8.64;8.64;27.259999999999998;17.95;216.288;15.29;9.969999999999999;20.61;13.959999999999999;8.64;19.28;8.64;13.959999999999999;230.901
581;24.93;12.959999999999999;12.959999999999999;12.959999999999999;12.959999999999999;12.959999999999999;12.959999999999999;12.959999999999999;12.959999999999999;12.959999999999999;12.959999999999999;12.959999999999999;12.959999999999999;12.959999999999999;12.959999999999999;12.959999999999999;12.959999999999999;12.959999999999999;12.959999999999999;12.959999999999999;12.959999999999999;12.959999999999999;12.959999999999999;12.959999999999999;12.959999999999999;12.959999999999999;12.959999999999999;12.959999999999999;12.959999999999999;12.959999999999999
582;381.15200000000004;17.95;13.959999999999999;12.63;100.51099999999998;17.642;8.64;12.63;84.59100000000001;8.64;8.64;8.64;8.64;8.64;106.332;8.64;8.64;8.64;8.64;8.64;102.57300000000001;8.64;8.64;8.64;8.64;8.64;8.64;8.64;8.64;9.969999999999999
583;1142.146;45.54;42.879999999999995;45.54;153.571;59.24600000000001;21.6;37.56;190.036;54.85;78.202;33.57;49.53;44.21;197.77599999999998;36.230000000000004;28.25;21.6;62.83;57.37;240.18099999999998;29.580000000000002;37.56;32.239999999999995;29.580000000000002;21.6;40.22;36.230000000000004;33.57;297.90799999999996
584;136.98000000000002;25.26;18.61;27.919999999999998;103.078;18.61;17.28;18.61;131.32999999999998;17.28;17.28;17.28;17.28;17.28;17.28;17.28;17.28;17.28;17.28;17.28;17.28;17.28;17.28;17.28;17.28;17.28;17.28;17.28;17.28;18.61
585;736.8720000000001;14.29;14.29;23.6;120.16899999999998;25.952;12.959999999999999;15.62;133.385;12.959999999999999;12.959999999999999;12.959999999999999;14.29;14.29;176.428;12.959999999999999;14.29;12.959999999999999;26.259999999999998;12.959999999999999;196.99999999999997;12.959999999999999;12.959999999999999;15.62;12.959999999999999;12.959999999999999;12.959999999999999;12.959999999999999;14.29;221.63400000000001
586;862.696;8.64;8.64;9.969999999999999;119.428;8.64;8.64;8.64;114.346;8.64;8.64;8.64;8.64;13.959999999999999;115.46600000000001;8.64;8.64;8.64;21.939999999999998;8.64;149.645;8.64;8.64;8.64;8.64;8.64;8.64;8.64;8.64;163.96900000000002
587;45.88;9.969999999999999;8.64;8.64;8.64;8.64;8.64;8.64;8.64;8.64;8.64;8.64;8.64;8.64;8.64;8.64;8.64;8.64;8.64;8.64;8.64;8.64;8.64;8.64;8.64;8.64;8.64;8.64;8.64;11.299999999999999
588;1207.398;12.959999999999999;12.959999999999999;12.959999999999999;85.391;12.959999999999999;12.959999999999999;12.959999999999999;64.349;12.959999999999999;12.959999999999999;12.959999999999999;15.62;14.29;125.631;12.959999999999999;12.959999999999999;12.959999999999999;16.95;12.959999999999999;149.383;12.959999999999999;12.959999999999999;12.959999999999999;12.959999999999999;12.959999999999999;12.959999999999999;12.959999999999999;12.959999999999999;14.29
589;798.3039999999999;14.29;14.29;12.959999999999999;140.738;14.29;12.959999999999999;14.29;131.047;12.959999999999999;14.29;15.62;14.29;16.95;153.484;15.62;12.959999999999999;12.959999999999999;36.9;18.28;168.575;15.62;12.959999999999999;15.62;14.29;12.959999999999999;15.62;12.959999999999999;15.62;214.719
590;4375.268;35.239999999999995;29.919999999999998;41.89;144.82899999999998;52.39;8.64;33.91;177.445;39.23;98.688;48.54;32.58;31.25;169.45300000000003;8.64;16.62;8.64;32.58;36.43;221.99400000000003;9.969999999999999;12.63;12.63;9.969999999999999;8.64;15.29;8.64;17.95;214.04500000000002
591;45.81;8.64;8.64;8.64;109.053;22.962;8.64;15.29;9.969999999999999;8.64;8.64;8.64;8.64;8.64;8.64;8.64;8.64;8.64;8.64;8.64;8.64;8.64;8.64;8.64;8.64;8.64;8.64;8.64;8.64;8.64
592;19.61;14.29;12.959999999999999;12.959999999999999;12.959999999999999;12.959999999999999;12.959999999999999;12.959999999999999;12.959999999999999;12.959999999999999;12.959999999999999;12.959999999999999;12.959999999999999;12.959999999999999;12.959999999999999;12.959999999999999;12.959999999999999;12.959999999999999;12.959999999999999;12.959999999999999;12.959999999999999;12.959999999999999;12.959999999999999;12.959999999999999;12.959999999999999;12.959999999999999;12.959999999999999;12.959999999999999;12.959999999999999;12.959999999999999
593;1753.4119999999998;38.230000000000004;27.590000000000003;26.259999999999998;131.324;31.986;12.959999999999999;18.28;162.61;23.6;15.62;16.95;14.29;18.28;174.41699999999997;16.95;12.959999999999999;12.959999999999999;42.22;19.61;205.245;15.62;18.28;12.959999999999999;12.959999999999999;12.959999999999999;18.28;12.959999999999999;15.62;223.52099999999996
594;76.8;26.259999999999998;14.29;12.959999999999999;12.959999999999999;12.959999999999999;12.959999999999999;12.959999999999999;12.959999999999999;12.959999999999999;12.959999999999999;12.959999999999999;12.959999999999999;12.959999999999999;12.959999999999999;12.959999999999999;12.959999999999999;12.959999999999999;16.95;12.959999999999999;12.959999999999999;12.959999999999999;12.959999999999999;12.959999999999999;12.959999999999999;12.959999999999999;12.959999999999999;12.959999999999999;12.959999999999999;12.959999999999999
595;481.498;30.25;30.25;20.94;125.858;24.622;12.959999999999999;20.94;134.631;34.239999999999995;27.282;16.95;14.29;12.959999999999999;12.959999999999999;12.959999999999999;12.959999999999999;12.959999999999999;14.29;12.959999999999999;12.959999999999999;12.959999999999999;12.959999999999999;12.959999999999999;12.959999999999999;12.959999999999999;12.959999999999999;12.959999999999999;12.959999999999999;20.94
596;35.262;12.959999999999999;12.959999999999999;16.95;12.959999999999999;12.959999999999999;12.959999999999999;12.959999999999999;12.959999999999999;12.959999999999999;12.959999999999999;12.959999999999999;12.959999999999999;12.959999999999999;12.959999999999999;12.959999999999999;12.959999999999999;12.959999999999999;12.959999999999999;12.959999999999999;12.959999999999999;12.959999999999999;12.959999999999999;12.959999999999999;12.959999999999999;12.959999999999999;12.959999999999999;12.959999999999999;12.959999999999999;12.959999999999999
597;1409.578;35.239999999999995;25.93;23.270000000000003;97.618;36.976;8.64;24.6;151.992;32.58;64.696;32.58;36.57;25.93;160.054;32.58;21.939999999999998;8.64;37.900000000000006;30.087999999999997;189.29500000000002;19.28;19.28;22.962;28.212000000000003;8.64;15.29;11.299999999999999;12.63;218.966
598;2084.1420000000003;38.56;31.91;39.89;162.177;54.926;17.28;39.89;166.72699999999998;35.9;58.370000000000005;35.9;39.89;39.89;183.68800000000002;25.26;22.599999999999998;17.28;45.209999999999994;49.605999999999995;244.82799999999997;31.91;25.26;41.15;55.164;17.28;33.24;27.919999999999998;43.81;43.879999999999995
599;1128.5;20.61;20.61;21.939999999999998;137.213;13.959999999999999;8.64;12.63;138.739;15.29;20.61;19.28;13.959999999999999;15.29;158.563;16.62;16.62;8.64;29.919999999999998;9.969999999999999;184.87099999999998;11.299999999999999;19.28;11.299999999999999;12.63;8.64;16.62;16.62;13.959999999999999;236.293
600;22.27;12.959999999999999;12.959999999999999;12.959999999999999;12.959999999999999;12.959999999999999;12.959999999999999;12.959999999999999;12.959999999999999;12.959999999999999;12.959999999999999;12.959999999999999;12.959999999999999;12.959999999999999;12.959999999999999;12.959999999999999;12.959999999999999;12.959999999999999;12.959999999999999;12.959999999999999;12.959999999999999;12.959999999999999;12.959999999999999;12.959999999999999;12.959999999999999;12.959999999999999;12.959999999999999;12.959999999999999;12.959999999999999;12.959999999999999
601;1395.3;67.82;47.87;42.55;143.46800000000002;46.946;17.28;35.9;195.98199999999997;59.839999999999996;92.432;90.42999999999999;35.9;41.22;188.84199999999998;55.849999999999994;37.230000000000004;17.28;47.87;54.379999999999995;218.13000000000002;30.58;27.919999999999998;36.376;50.93600000000001;17.28;37.230000000000004;33.24;56.564;303.21500000000003
602;1660.71;23.270000000000003;20.61;23.270000000000003;125.04;41.75;8.64;24.6;156.53900000000002;8.64;8.64;15.29;9.969999999999999;9.969999999999999;152.874;8.64;8.64;8.64;28.59;9.969999999999999;156.332;8.64;8.64;8.64;8.64;8.64;8.64;8.64;8.64;9.969999999999999
603;25.93;8.64;8.64;8.64;92.761;8.64;8.64;8.64;83.40899999999999;8.64;8.64;8.64;8.64;8.64;74.057;8.64;8.64;8.64;8.64;8.64;8.64;8.64;8.64;8.64;8.64;8.64;8.64;8.64;8.64;8.64
604;717.9359999999999;35.239999999999995;31.25;15.29;136.20499999999998;28.59;8.64;21.939999999999998;186.18800000000002;52.53;8.64;16.62;8.64;8.64;160.85399999999998;8.64;8.64;8.64;8.64;8.64;8.64;8.64;8.64;8.64;8.64;8.64;8.64;8.64;8.64;9.969999999999999
605;732.8039999999999;13.959999999999999;13.959999999999999;19.28;114.35300000000001;32.986000000000004;8.64;17.95;153.089;31.25;59.138;19.28;28.59;24.6;174.612;29.919999999999998;24.6;8.64;32.58;38.614;204.126;20.61;20.61;13.959999999999999;30.634;8.64;21.939999999999998;21.939999999999998;15.29;238.57399999999996
606;145.826;12.63;11.299999999999999;8.64;8.64;8.64;8.64;8.64;8.64;8.64;8.64;8.64;8.64;8.64;8.64;8.64;8.64;8.64;8.64;8.64;8.64;8.64;8.64;8.64;8.64;8.64;8.64;8.64;8.64;11.299999999999999
607;82.904;22.27;22.27;16.95;93.39099999999999;12.959999999999999;12.959999999999999;12.959999999999999;12.959999999999999;12.959999999999999;12.959999999999999;12.959999999999999;12.959999999999999;12.959999999999999;12.959999999999999;12.959999999999999;12.959999999999999;12.959999999999999;14.29;12.959999999999999;12.959999999999999;12.959999999999999;12.959999999999999;12.959999999999999;12.959999999999999;12.959999999999999;12.959999999999999;12.959999999999999;12.959999999999999;15.62
608;1021.7239999999999;33.24;37.230000000000004;30.58;137.462;44.286;17.28;38.56;176.26999999999998;63.83;81.316;55.849999999999994;41.22;43.879999999999995;193.24300000000002;37.230000000000004;17.28;17.28;35.9;19.939999999999998;217.738;17.28;19.939999999999998;18.61;18.61;17.28;31.91;17.28;17.28;272.89300000000003
609;293.044;27.590000000000003;26.259999999999998;32.91;114.802;12.959999999999999;12.959999999999999;14.29;12.959999999999999;12.959999999999999;12.959999999999999;12.959999999999999;12.959999999999999;12.959999999999999;12.959999999999999;12.959999999999999;12.959999999999999;12.959999999999999;12.959999999999999;12.959999999999999;12.959999999999999;12.959999999999999;12.959999999999999;12.959999999999999;12.959999999999999;12.959999999999999;12.959999999999999;12.959999999999999;12.959999999999999;19.61
610;2098.456;71.48;47.54;59.510000000000005;149.196;46.616;12.959999999999999;50.2;208.68200000000002;79.46000000000001;124.638;60.84;54.19;40.89;197.06900000000002;46.21;22.27;12.959999999999999;63.5;58.040000000000006;244.986;40.89;39.56;66.874;64.382;12.959999999999999;43.55;43.55;44.571999999999996;299.64799999999997
611;357.66799999999995;15.62;18.28;27.590000000000003;124.481;24.622;12.959999999999999;16.95;132.746;14.29;12.959999999999999;12.959999999999999;12.959999999999999;12.959999999999999;12.959999999999999;12.959999999999999;12.959999999999999;12.959999999999999;12.959999999999999;12.959999999999999;12.959999999999999;12.959999999999999;12.959999999999999;12.959999999999999;12.959999999999999;12.959999999999999;12.959999999999999;12.959999999999999;12.959999999999999;12.959999999999999
612;264.842;22.599999999999998;23.93;23.93;121.512;17.28;17.28;17.28;113.634;17.28;17.28;17.28;17.28;17.28;17.28;17.28;17.28;17.28;17.28;17.28;17.28;17.28;17.28;17.28;17.28;17.28;17.28;17.28;17.28;17.28
613;981.2840000000001;20.94;14.29;19.61;120.69399999999999;15.62;12.959999999999999;14.29;140.768;12.959999999999999;16.95;18.28;15.62;23.6;152.798;16.95;12.959999999999999;12.959999999999999;27.590000000000003;14.29;164.642;16.95;15.62;14.29;12.959999999999999;12.959999999999999;12.959999999999999;12.959999999999999;24.384;240.452
614;2111.0559999999996;60.84;26.259999999999998;52.86;129.209;41.296;12.959999999999999;32.91;194.649;52.86;44.978;20.94;36.9;42.22;186.02300000000002;51.53;18.28;12.959999999999999;64.83;87.39800000000001;237.90700000000004;42.22;40.89;36.592;49.275999999999996;12.959999999999999;31.58;31.58;33.931999999999995;251.94400000000002
615;1717.1740000000002;23.93;31.91;49.2;143.15099999999998;56.256;17.28;47.87;192.68299999999996;58.51;79.202;49.2;50.53;46.540000000000006;199.524;53.19;31.91;17.28;105.06;70.88600000000001;234.209;31.91;33.24;32.694;36.922;17.28;35.9;25.26;43.264;299.666
616;1526.416;26.259999999999998;22.27;28.92;139.792;50.60600000000001;12.959999999999999;38.230000000000004;190.976;58.18000000000001;63.598;56.85;38.230000000000004;27.590000000000003;175.7;46.21;32.91;12.959999999999999;62.169999999999995;40.582;234.26399999999998;28.92;26.259999999999998;26.259999999999998;35.5;12.959999999999999;36.9;30.25;24.93;282.05100000000004
617;2379.506;42.22;44.879999999999995;42.22;135.906;28.612;12.959999999999999;32.91;198.327;44.879999999999995;79.656;28.92;35.57000000000001;36.9;178.62;31.58;20.94;12.959999999999999;51.53;40.75;206.723;16.95;20.94;22.27;20.94;12.959999999999999;12.959999999999999;16.95;30.726;243.84000000000003
618;973.702;9.969999999999999;8.64;9.969999999999999;137.26;8.64;8.64;8.64;137.08700000000002;8.64;8.64;11.299999999999999;8.64;8.64;151.705;8.64;8.64;8.64;8.64;8.64;145.39;8.64;8.64;8.64;8.64;8.64;8.64;8.64;11.299999999999999;13.959999999999999
619;133.66;17.95;23.270000000000003;9.969999999999999;69.99799999999999;8.64;8.64;9.969999999999999;154.652;29.919999999999998;11.299999999999999;8.64;9.969999999999999;8.64;8.64;8.64;8.64;8.64;8.64;8.64;8.64;8.64;8.64;8.64;8.64;8.64;8.64;8.64;8.64;9.969999999999999
620;32.58;8.64;8.64;8.64;117.05999999999997;8.64;8.64;8.64;8.64;8.64;8.64;8.64;8.64;8.64;8.64;8.64;8.64;8.64;8.64;8.64;8.64;8.64;8.64;8.64;8.64;8.64;8.64;8.64;8.64;8.64
621;859.0980000000001;13.959999999999999;16.62;17.95;116.81;11.299999999999999;8.64;12.63;98.889;9.969999999999999;8.64;11.299999999999999;19.28;11.299999999999999;120.04799999999999;9.969999999999999;8.64;8.64;31.25;16.62;155.69299999999998;8.64;8.64;9.969999999999999;8.64;8.64;13.959999999999999;8.64;15.29;185.704
622;1450.2219999999998;22.599999999999998;22.599999999999998;46.540000000000006;122.894;34.262;17.28;25.26;168.436;38.56;33.24;42.55;25.26;26.589999999999996;174.21699999999998;33.24;25.26;17.28;43.879999999999995;23.93;212.906;18.61;23.93;23.93;22.599999999999998;17.28;25.26;21.27;19.939999999999998;254.91900000000004
623;9.969999999999999;8.64;8.64;8.64;8.64;8.64;8.64;8.64;8.64;8.64;8.64;8.64;8.64;8.64;8.64;8.64;8.64;8.64;8.64;8.64;8.64;8.64;8.64;8.64;8.64;8.64;8.64;8.64;8.64;8.64
624;281.62;20.94;14.29;12.959999999999999;138.18200000000002;12.959999999999999;12.959999999999999;12.959999999999999;12.959999999999999;12.959999999999999;12.959999999999999;12.959999999999999;12.959999999999999;12.959999999999999;12.959999999999999;12.959999999999999;12.959999999999999;12.959999999999999;15.62;12.959999999999999;12.959999999999999;12.959999999999999;12.959999999999999;12.959999999999999;12.959999999999999;12.959999999999999;12.959999999999999;12.959999999999999;12.959999999999999;12.959999999999999
625;9.969999999999999;8.64;8.64;8.64;8.64;8.64;8.64;8.64;8.64;8.64;8.64;8.64;8.64;8.64;8.64;8.64;8.64;8.64;8.64;8.64;8.64;8.64;8.64;8.64;8.64;8.64;8.64;8.64;8.64;8.64
626;135.32;15.62;12.959999999999999;15.62;113.59100000000001;12.959999999999999;12.959999999999999;12.959999999999999;12.959999999999999;12.959999999999999;12.959999999999999;12.959999999999999;24.93;12.959999999999999;128.363;14.29;12.959999999999999;12.959999999999999;12.959999999999999;12.959999999999999;12.959999999999999;12.959999999999999;12.959999999999999;12.959999999999999;12.959999999999999;12.959999999999999;12.959999999999999;12.959999999999999;12.959999999999999;14.29
627;1674.34;38.230000000000004;31.58;30.25;132.77800000000002;33.148;12.959999999999999;38.230000000000004;160.022;34.239999999999995;29.396;30.25;34.239999999999995;26.259999999999998;169.68900000000002;20.94;15.62;12.959999999999999;67.49;19.61;209.86900000000003;19.61;23.6;19.61;16.95;12.959999999999999;19.61;15.62;30.25;235.41700000000003
628;1004.4460000000001;13.959999999999999;9.969999999999999;21.939999999999998;101.821;22.962;8.64;27.259999999999998;153.005;11.299999999999999;23.270000000000003;12.63;12.63;25.93;129.66;17.95;8.64;8.64;27.259999999999998;13.959999999999999;152.139;16.62;12.63;15.29;9.969999999999999;8.64;17.95;12.63;13.959999999999999;213.76000000000002
629;16.62;8.64;8.64;8.64;99.77499999999998;8.64;8.64;8.64;78.733;8.64;8.64;8.64;8.64;8.64;79.902;8.64;8.64;8.64;8.64;8.64;8.64;8.64;8.64;8.64;8.64;8.64;8.64;8.64;8.64;8.64
630;341.996;21.27;23.93;31.91;119.49600000000001;37.706;17.28;22.599999999999998;149.633;50.53;76.542;42.55;26.589999999999996;17.28;158.53699999999998;17.28;17.28;17.28;17.28;17.28;17.28;17.28;17.28;17.28;17.28;17.28;17.28;17.28;17.28;17.28
631;1005.728;32.91;35.57000000000001;22.27;141.216;23.6;12.959999999999999;23.6;167.363;32.91;35.57000000000001;30.25;23.6;18.28;172.718;16.95;18.28;12.959999999999999;27.590000000000003;15.62;183.71499999999997;15.62;15.62;18.28;14.29;12.959999999999999;16.95;12.959999999999999;14.29;225.30200000000002
632;1112.744;20.94;23.6;26.259999999999998;127.50499999999998;34.646;12.959999999999999;24.93;152.69100000000003;35.57000000000001;75.666;50.2;28.92;24.93;193.988;27.590000000000003;23.6;12.959999999999999;47.54;38.397999999999996;225.88800000000003;24.93;24.93;27.282;39.965999999999994;12.959999999999999;18.28;23.6;37.922;256.454
633;39.23;16.62;9.969999999999999;8.64;8.64;8.64;8.64;8.64;8.64;8.64;8.64;8.64;8.64;8.64;8.64;8.64;8.64;8.64;8.64;8.64;8.64;8.64;8.64;8.64;8.64;8.64;8.64;8.64;8.64;8.64
634;991.174;25.93;24.6;28.59;125.798;13.959999999999999;8.64;12.63;151.935;24.6;11.299999999999999;13.959999999999999;13.959999999999999;9.969999999999999;166.382;11.299999999999999;11.299999999999999;8.64;25.93;13.959999999999999;186.897;12.63;13.959999999999999;9.969999999999999;9.969999999999999;8.64;9.969999999999999;11.299999999999999;12.63;235.394
635;1918.142;12.63;19.28;21.939999999999998;115.80699999999999;35.646;8.64;15.29;170.05700000000002;27.259999999999998;29.919999999999998;28.59;17.95;15.29;175.729;20.61;28.59;8.64;48.54;17.95;205.724;15.29;16.62;22.177999999999997;15.29;8.64;27.259999999999998;16.62;16.62;257.45899999999995
636;195.27400000000003;16.62;11.299999999999999;12.63;8.64;8.64;8.64;8.64;8.64;8.64;8.64;8.64;8.64;8.64;8.64;8.64;8.64;8.64;11.299999999999999;8.64;8.64;8.64;8.64;8.64;8.64;8.64;8.64;8.64;8.64;8.64
637;825.808;23.93;17.28;26.589999999999996;102.439;27.612000000000002;17.28;23.93;147.332;25.26;45.30799999999999;18.61;21.27;19.939999999999998;106.732;17.28;18.61;17.28;29.25;26.282;178.75;22.599999999999998;17.28;23.93;22.599999999999998;17.28;22.599999999999998;22.599999999999998;22.599999999999998;235.316
638;1440.624;36.9;24.93;38.230000000000004;131.183;35.57000000000001;12.959999999999999;38.230000000000004;148.748;27.590000000000003;20.94;43.55;40.89;26.259999999999998;182.56799999999998;26.259999999999998;16.95;12.959999999999999;62.169999999999995;22.27;201.265;16.95;18.28;16.95;16.95;12.959999999999999;26.259999999999998;15.62;27.590000000000003;225.01
639;1210.036;21.939999999999998;25.93;24.6;129.882;31.11;8.64;20.61;172.031;13.959999999999999;57.262;31.25;31.25;24.6;187.86;20.61;9.969999999999999;8.64;52.53;24.6;205.274;12.63;12.63;15.29;13.959999999999999;8.64;11.299999999999999;11.299999999999999;13.959999999999999;241.49900000000002
640;901.6440000000001;20.61;35.239999999999995;28.59;128.55700000000002;35.646;8.64;32.58;155.70700000000002;25.93;17.95;21.939999999999998;20.61;27.259999999999998;167.182;29.919999999999998;27.259999999999998;8.64;55.19;31.418;181.22199999999998;9.969999999999999;11.299999999999999;8.64;8.64;8.64;8.64;8.64;8.64;207.801
641;2093.016;59.18;76.47;56.519999999999996;140.47499999999997;46.594;8.64;39.23;211.292;76.47;92.08;63.17;44.550000000000004;45.88;186.743;48.54;27.259999999999998;8.64;107.05999999999999;49.016000000000005;228.556;33.91;43.22;42.912;39.705999999999996;8.64;43.22;31.25;51.129999999999995;292.237
642;1195.708;32.91;36.9;30.25;132.503;28.612;12.959999999999999;23.6;173.36399999999998;30.25;48.73;44.879999999999995;38.230000000000004;27.590000000000003;195.251;28.92;20.94;12.959999999999999;47.54;37.376;206.84500000000003;23.6;20.94;24.622;30.18;12.959999999999999;30.25;24.93;24.93;274.368
643;1712.8540000000003;34.239999999999995;20.94;30.25;115.81499999999998;32.602000000000004;12.959999999999999;26.259999999999998;144.99099999999999;31.58;26.259999999999998;34.239999999999995;34.239999999999995;24.93;151.245;24.93;15.62;12.959999999999999;56.85;34.239999999999995;206.20600000000002;24.93;18.28;28.374000000000002;24.93;12.959999999999999;20.94;18.28;20.94;232.217
644;1339.5779999999997;24.6;15.29;20.61;117.92200000000001;38.544;8.64;20.61;160.113;35.239999999999995;72.91399999999999;24.6;23.270000000000003;27.259999999999998;163.489;32.58;20.61;8.64;35.239999999999995;35.646;152.669;15.29;11.299999999999999;15.29;27.973999999999997;8.64;19.28;8.64;17.95;195.881
645;538.89;11.299999999999999;11.299999999999999;8.64;107.136;8.64;8.64;8.64;109.031;8.64;8.64;8.64;8.64;12.63;108.452;8.64;8.64;8.64;24.6;31.656;150.644;11.299999999999999;11.299999999999999;8.64;8.64;8.64;8.64;8.64;8.64;190.74399999999997
646;507.5039999999999;18.61;23.93;19.939999999999998;112.79899999999999;18.61;17.28;21.27;128.30100000000002;19.939999999999998;17.28;18.61;17.28;17.28;135.796;18.61;17.28;17.28;34.57;18.61;21.27;17.28;17.28;17.28;17.28;17.28;17.28;17.28;17.28;209.048
647;142.284;8.64;8.64;8.64;88.085;8.64;8.64;8.64;130.073;8.64;8.64;8.64;8.64;8.64;8.64;8.64;8.64;8.64;8.64;8.64;8.64;8.64;8.64;8.64;8.64;8.64;8.64;8.64;8.64;8.64
648;1276.872;28.59;45.88;56.519999999999996;144.418;49.184;8.64;35.239999999999995;191.528;61.839999999999996;94.124;31.25;31.25;32.58;149.402;35.239999999999995;19.28;8.64;67.16;46.048;191.031;16.62;9.969999999999999;16.62;11.299999999999999;8.64;19.28;11.299999999999999;11.299999999999999;245.036
649;96.42;8.64;8.64;8.64;90.42299999999999;8.64;8.64;8.64;8.64;8.64;8.64;8.64;8.64;8.64;8.64;8.64;8.64;8.64;8.64;8.64;8.64;8.64;8.64;8.64;8.64;8.64;8.64;8.64;8.64;8.64
650;453.756;20.61;23.270000000000003;27.259999999999998;114.945;31.656;8.64;19.28;147.779;35.239999999999995;61.56;31.25;25.93;21.939999999999998;183.226;25.93;20.61;8.64;8.64;8.64;8.64;8.64;8.64;8.64;8.64;8.64;8.64;8.64;8.64;12.63
651;16.95;12.959999999999999;12.959999999999999;12.959999999999999;12.959999999999999;12.959999999999999;12.959999999999999;12.959999999999999;12.959999999999999;12.959999999999999;12.959999999999999;12.959999999999999;12.959999999999999;12.959999999999999;12.959999999999999;12.959999999999999;12.959999999999999;12.959999999999999;12.959999999999999;12.959999999999999;12.959999999999999;12.959999999999999;12.959999999999999;12.959999999999999;12.959999999999999;12.959999999999999;12.959999999999999;12.959999999999999;12.959999999999999;12.959999999999999
652;15.29;8.64;8.64;8.64;99.77499999999998;8.64;8.64;8.64;76.39500000000001;8.64;8.64;8.64;8.64;8.64;88.085;8.64;8.64;8.64;8.64;8.64;82.24000000000001;8.64;8.64;8.64;8.64;8.64;8.64;8.64;8.64;64.705
653;1097.5600000000002;21.939999999999998;21.939999999999998;11.299999999999999;124.193;13.959999999999999;8.64;16.62;158.409;17.95;13.959999999999999;21.939999999999998;23.270000000000003;17.95;176.415;19.28;11.299999999999999;8.64;33.91;17.95;208.412;9.969999999999999;9.969999999999999;11.299999999999999;8.64;8.64;12.63;8.64;9.969999999999999;263.663
654;1407.7659999999998;34.239999999999995;20.94;43.55;149.87699999999998;42.626000000000005;12.959999999999999;42.22;194.36899999999997;38.230000000000004;23.6;19.61;42.22;39.56;194.19599999999997;30.25;12.959999999999999;12.959999999999999;52.86;56.233999999999995;221.839;24.93;18.28;40.89;18.28;12.959999999999999;22.27;14.29;19.61;255.171
655;155.36;17.95;21.939999999999998;19.28;100.12200000000001;14.982;8.64;8.64;8.64;8.64;8.64;8.64;8.64;8.64;8.64;8.64;8.64;8.64;8.64;8.64;8.64;8.64;8.64;8.64;8.64;8.64;8.64;8.64;8.64;9.969999999999999
656;505.56999999999994;33.91;20.61;9.969999999999999;101.821;18.426000000000002;8.64;8.64;8.64;11.299999999999999;8.64;8.64;8.64;8.64;8.64;8.64;8.64;8.64;12.63;8.64;8.64;8.64;8.64;8.64;8.64;8.64;8.64;8.64;8.64;12.63
657;1707.176;27.259999999999998;24.6;20.61;132.168;18.972;8.64;19.28;116.32499999999999;13.959999999999999;15.29;15.29;16.62;13.959999999999999;154.89499999999998;13.959999999999999;11.299999999999999;8.64;27.259999999999998;16.62;187.531;11.299999999999999;11.299999999999999;11.299999999999999;17.95;8.64;25.93;16.62;23.270000000000003;255.27700000000004
658;14.29;12.959999999999999;12.959999999999999;12.959999999999999;12.959999999999999;12.959999999999999;12.959999999999999;12.959999999999999;12.959999999999999;12.959999999999999;12.959999999999999;12.959999999999999;12.959999999999999;12.959999999999999;12.959999999999999;12.959999999999999;12.959999999999999;12.959999999999999;12.959999999999999;12.959999999999999;12.959999999999999;12.959999999999999;12.959999999999999;12.959999999999999;12.959999999999999;12.959999999999999;12.959999999999999;12.959999999999999;12.959999999999999;12.959999999999999
659;1270.096;29.919999999999998;41.89;27.259999999999998;118.14499999999998;26.714;8.64;17.95;144.334;29.919999999999998;17.95;25.93;20.61;15.29;168.87599999999998;27.259999999999998;11.299999999999999;8.64;52.53;16.62;195.922;13.959999999999999;13.959999999999999;15.29;12.63;8.64;12.63;9.969999999999999;11.299999999999999;259.153
660;138.43400000000003;11.299999999999999;8.64;8.64;108.56499999999998;8.64;8.64;8.64;8.64;8.64;8.64;8.64;8.64;8.64;8.64;8.64;8.64;8.64;8.64;8.64;8.64;8.64;8.64;8.64;8.64;8.64;8.64;8.64;8.64;8.64
661;9.969999999999999;8.64;8.64;8.64;8.64;8.64;8.64;8.64;8.64;8.64;8.64;8.64;8.64;8.64;8.64;8.64;8.64;8.64;8.64;8.64;8.64;8.64;8.64;8.64;8.64;8.64;8.64;8.64;8.64;8.64
662;1187.0339999999999;16.62;25.93;27.259999999999998;135.883;38.068;8.64;23.270000000000003;178.401;41.89;74.006;36.57;35.239999999999995;25.93;183.87;32.58;25.93;8.64;45.88;36.19200000000001;192.676;16.62;24.6;21.939999999999998;20.064;8.64;36.57;27.259999999999998;25.93;256.08200000000005
663;119.144;22.599999999999998;23.93;21.27;124.11999999999999;23.622;17.28;17.28;138.713;17.28;17.28;17.28;17.28;17.28;17.28;17.28;17.28;17.28;17.28;17.28;17.28;17.28;17.28;17.28;17.28;17.28;17.28;17.28;17.28;17.28
664;14.29;12.959999999999999;12.959999999999999;12.959999999999999;12.959999999999999;12.959999999999999;12.959999999999999;12.959999999999999;12.959999999999999;12.959999999999999;12.959999999999999;12.959999999999999;12.959999999999999;12.959999999999999;12.959999999999999;12.959999999999999;12.959999999999999;12.959999999999999;12.959999999999999;12.959999999999999;12.959999999999999;12.959999999999999;12.959999999999999;12.959999999999999;12.959999999999999;12.959999999999999;12.959999999999999;12.959999999999999;12.959999999999999;12.959999999999999
665;1290.536;23.270000000000003;20.61;31.25;114.841;16.62;8.64;17.95;142.724;13.959999999999999;16.62;12.63;15.29;21.939999999999998;175.043;12.63;11.299999999999999;8.64;17.95;11.299999999999999;187.256;8.64;8.64;11.299999999999999;12.63;8.64;15.29;8.64;12.63;165.031
666;1982.472;20.61;13.959999999999999;31.25;114.856;49.967999999999996;8.64;20.61;130.088;39.23;15.29;28.59;23.270000000000003;28.59;113.78200000000001;24.6;15.29;8.64;67.16;44.718;170.23;23.270000000000003;16.62;25.622;39.636;8.64;20.61;24.6;36.19200000000001;226.59699999999998
667;973.208;34.9;41.55;29.580000000000002;135.78099999999998;34.592;21.6;30.909999999999997;170.963;50.86;71.076;41.55;30.909999999999997;29.580000000000002;141.097;49.53;29.580000000000002;21.6;58.84;41.242000000000004;127.65899999999999;33.57;48.199999999999996;46.562;26.919999999999998;21.6;34.9;22.93;26.919999999999998;233.734
668;72.81;18.28;12.959999999999999;14.29;12.959999999999999;12.959999999999999;12.959999999999999;12.959999999999999;12.959999999999999;12.959999999999999;12.959999999999999;12.959999999999999;12.959999999999999;12.959999999999999;12.959999999999999;12.959999999999999;12.959999999999999;12.959999999999999;12.959999999999999;12.959999999999999;12.959999999999999;12.959999999999999;12.959999999999999;12.959999999999999;12.959999999999999;12.959999999999999;12.959999999999999;12.959999999999999;12.959999999999999;16.95
669;2320.264;31.25;20.61;24.6;104.16399999999999;32.44;8.64;20.61;164.098;17.95;11.299999999999999;13.959999999999999;11.299999999999999;15.29;180.613;9.969999999999999;8.64;8.64;33.91;42.772;190.469;16.62;33.91;13.959999999999999;18.972;8.64;17.95;9.969999999999999;15.29;245.536
670;2335.336;31.58;34.239999999999995;23.6;140.94600000000003;43.956;12.959999999999999;38.230000000000004;179.432;48.870000000000005;41.366;32.91;34.239999999999995;27.590000000000003;166.073;15.62;12.959999999999999;12.959999999999999;56.85;27.828;210.451;22.27;24.93;23.6;23.6;12.959999999999999;19.61;16.95;18.28;247.783
671;14.29;12.959999999999999;12.959999999999999;12.959999999999999;12.959999999999999;12.959999999999999;12.959999999999999;12.959999999999999;12.959999999999999;12.959999999999999;12.959999999999999;12.959999999999999;12.959999999999999;12.959999999999999;12.959999999999999;12.959999999999999;12.959999999999999;12.959999999999999;12.959999999999999;12.959999999999999;12.959999999999999;12.959999999999999;12.959999999999999;12.959999999999999;12.959999999999999;12.959999999999999;12.959999999999999;12.959999999999999;12.959999999999999;12.959999999999999
672;195.814;12.959999999999999;16.95;14.29;91.873;31.986;12.959999999999999;12.959999999999999;12.959999999999999;12.959999999999999;12.959999999999999;12.959999999999999;12.959999999999999;14.29;12.959999999999999;12.959999999999999;15.62;12.959999999999999;12.959999999999999;12.959999999999999;12.959999999999999;12.959999999999999;12.959999999999999;12.959999999999999;12.959999999999999;12.959999999999999;12.959999999999999;12.959999999999999;12.959999999999999;12.959999999999999
673;518.0160000000001;52.53;29.919999999999998;40.56;19.28;9.969999999999999;8.64;9.969999999999999;8.64;8.64;8.64;8.64;8.64;8.64;8.64;8.64;8.64;8.64;9.969999999999999;8.64;8.64;8.64;8.64;8.64;8.64;8.64;8.64;8.64;8.64;12.63
674;24.93;12.959999999999999;12.959999999999999;12.959999999999999;12.959999999999999;12.959999999999999;12.959999999999999;12.959999999999999;12.959999999999999;12.959999999999999;12.959999999999999;12.959999999999999;12.959999999999999;12.959999999999999;12.959999999999999;12.959999999999999;12.959999999999999;12.959999999999999;12.959999999999999;12.959999999999999;12.959999999999999;12.959999999999999;12.959999999999999;12.959999999999999;12.959999999999999;12.959999999999999;12.959999999999999;12.959999999999999;12.959999999999999;14.29
675;154.178;12.959999999999999;12.959999999999999;12.959999999999999;107.99099999999999;12.959999999999999;12.959999999999999;12.959999999999999;106.555;12.959999999999999;12.959999999999999;12.959999999999999;12.959999999999999;12.959999999999999;12.959999999999999;12.959999999999999;12.959999999999999;12.959999999999999;12.959999999999999;12.959999999999999;12.959999999999999;12.959999999999999;12.959999999999999;12.959999999999999;12.959999999999999;12.959999999999999;12.959999999999999;12.959999999999999;12.959999999999999;12.959999999999999
676;169.9;19.61;16.95;12.959999999999999;116.82300000000001;12.959999999999999;12.959999999999999;12.959999999999999;12.959999999999999;12.959999999999999;14.29;12.959999999999999;12.959999999999999;15.62;12.959999999999999;12.959999999999999;12.959999999999999;12.959999999999999;27.590000000000003;18.28;183.24200000000002;12.959999999999999;12.959999999999999;12.959999999999999;12.959999999999999;12.959999999999999;12.959999999999999;12.959999999999999;12.959999999999999;14.29
677;1199.0279999999998;36.230000000000004;32.239999999999995;41.55;116.48500000000001;48.605999999999995;21.6;34.9;155.798;45.54;30.909999999999997;28.25;26.919999999999998;30.909999999999997;151.35999999999999;38.89;24.259999999999998;21.6;65.49;34.9;187.41899999999998;29.580000000000002;29.580000000000002;26.919999999999998;26.919999999999998;21.6;24.259999999999998;25.59;26.919999999999998;232.726
678;382.734;16.62;37.900000000000006;33.91;121.16899999999998;26.951999999999998;8.64;15.29;100.276;20.61;8.64;13.959999999999999;16.62;19.28;17.95;9.969999999999999;11.299999999999999;8.64;9.969999999999999;9.969999999999999;8.64;9.969999999999999;12.63;9.969999999999999;19.28;8.64;12.63;11.299999999999999;12.63;21.939999999999998
679;34.554;11.299999999999999;8.64;11.299999999999999;83.40899999999999;8.64;8.64;8.64;74.057;8.64;8.64;8.64;8.64;8.64;8.64;8.64;8.64;8.64;8.64;8.64;8.64;8.64;8.64;8.64;8.64;8.64;8.64;8.64;8.64;8.64
680;1044.9340000000002;17.95;27.259999999999998;29.919999999999998;106.383;42.296;8.64;19.28;147.509;11.299999999999999;13.959999999999999;8.64;20.61;19.28;167.021;20.61;13.959999999999999;8.64;33.91;12.63;172.708;8.64;8.64;8.64;8.64;8.64;8.64;8.64;8.64;8.64
681;568.206;8.64;11.299999999999999;8.64;88.085;8.64;8.64;9.969999999999999;81.071;8.64;8.64;8.64;11.299999999999999;9.969999999999999;73.371;11.299999999999999;8.64;8.64;8.64;8.64;150.648;8.64;8.64;11.299999999999999;11.299999999999999;8.64;11.299999999999999;8.64;11.299999999999999;11.299999999999999
682;998.3140000000001;20.61;21.939999999999998;13.959999999999999;133.545;16.62;8.64;13.959999999999999;161.433;12.63;11.299999999999999;13.959999999999999;15.29;15.29;171.739;11.299999999999999;12.63;8.64;20.61;15.29;202.245;9.969999999999999;11.299999999999999;11.299999999999999;9.969999999999999;8.64;9.969999999999999;11.299999999999999;9.969999999999999;234.324
683;30.58;17.28;18.61;18.61;110.75299999999999;17.28;17.28;17.28;89.711;17.28;17.28;17.28;17.28;17.28;87.37299999999999;17.28;17.28;17.28;17.28;17.28;73.345;17.28;17.28;17.28;17.28;17.28;17.28;17.28;17.28;17.28
684;1486.2560000000003;12.63;19.28;17.95;104.80299999999998;21.632;8.64;20.61;153.691;39.23;75.098;33.91;24.6;25.93;166.70399999999998;44.550000000000004;25.93;8.64;28.59;27.189999999999998;195.11;17.95;16.62;15.29;19.518;8.64;23.270000000000003;28.59;29.611999999999995;264.914
685;1284.838;32.58;23.270000000000003;32.58;117.45400000000001;19.28;8.64;12.63;113.33800000000001;20.61;15.29;13.959999999999999;8.64;25.93;163.15;9.969999999999999;8.64;8.64;31.25;21.939999999999998;142.626;9.969999999999999;8.64;9.969999999999999;8.64;8.64;8.64;8.64;8.64;223.59499999999997
686;390.14799999999997;20.94;14.29;19.61;127.339;26.736000000000004;12.959999999999999;16.95;155.767;12.959999999999999;12.959999999999999;15.62;14.29;12.959999999999999;169.305;12.959999999999999;12.959999999999999;12.959999999999999;15.62;12.959999999999999;12.959999999999999;12.959999999999999;12.959999999999999;12.959999999999999;12.959999999999999;12.959999999999999;12.959999999999999;12.959999999999999;12.959999999999999;14.29
687;788.568;33.24;29.25;19.939999999999998;122.31700000000001;21.27;17.28;23.93;156.684;21.27;23.93;21.27;23.93;23.93;21.27;23.93;25.26;17.28;33.24;23.93;220.55900000000003;21.27;18.61;25.26;23.93;17.28;21.27;21.27;22.599999999999998;246.05
688;14.29;12.959999999999999;12.959999999999999;12.959999999999999;87.729;12.959999999999999;12.959999999999999;12.959999999999999;85.391;12.959999999999999;12.959999999999999;12.959999999999999;12.959999999999999;12.959999999999999;12.959999999999999;12.959999999999999;12.959999999999999;12.959999999999999;12.959999999999999;12.959999999999999;12.959999999999999;12.959999999999999;12.959999999999999;12.959999999999999;12.959999999999999;12.959999999999999;12.959999999999999;12.959999999999999;12.959999999999999;12.959999999999999
689;1918.8;31.25;24.6;31.25;128.671;46.286;8.64;16.62;135.70999999999998;8.64;17.95;17.95;39.23;32.58;164.522;28.59;11.299999999999999;8.64;37.900000000000006;40.728;228.831;28.59;13.959999999999999;28.59;43.934;8.64;15.29;12.63;27.259999999999998;246.13300000000004
690;14.29;12.959999999999999;12.959999999999999;12.959999999999999;87.729;12.959999999999999;12.959999999999999;12.959999999999999;94.743;12.959999999999999;12.959999999999999;12.959999999999999;12.959999999999999;12.959999999999999;12.959999999999999;12.959999999999999;12.959999999999999;12.959999999999999;12.959999999999999;12.959999999999999;12.959999999999999;12.959999999999999;12.959999999999999;12.959999999999999;12.959999999999999;12.959999999999999;12.959999999999999;12.959999999999999;12.959999999999999;12.959999999999999
691;1305.0699999999997;38.56;41.22;49.2;138.792;50.39;17.28;33.24;170.62800000000001;55.849999999999994;37.944;38.56;49.2;39.89;168.43900000000002;33.24;22.599999999999998;17.28;99.74;44.593999999999994;208.94399999999996;30.58;38.56;36.138000000000005;26.589999999999996;17.28;37.230000000000004;29.25;53.974;263.922
692;126.968;8.64;8.64;8.64;55.353;8.64;8.64;8.64;106.78899999999999;8.64;8.64;8.64;8.64;8.64;92.761;8.64;8.64;8.64;8.64;8.64;83.40899999999999;8.64;8.64;8.64;8.64;8.64;8.64;8.64;8.64;8.64
693;12.63;8.64;8.64;8.64;92.761;8.64;8.64;8.64;85.747;8.64;8.64;8.64;8.64;8.64;8.64;8.64;8.64;8.64;8.64;8.64;8.64;8.64;8.64;8.64;8.64;8.64;8.64;8.64;8.64;8.64
694;865.134;35.9;29.25;30.58;151.173;37.944;17.28;22.599999999999998;157.058;33.24;21.27;19.939999999999998;21.27;22.599999999999998;159.55;31.91;25.26;17.28;54.519999999999996;23.93;219.75900000000001;17.28;25.26;23.93;18.61;17.28;23.93;17.28;44.355999999999995;265.834
695;1546.52;12.959999999999999;15.62;12.959999999999999;97.158;16.95;12.959999999999999;19.61;153.102;15.62;16.95;15.62;18.28;22.27;163.797;14.29;14.29;12.959999999999999;44.879999999999995;19.61;196.16299999999998;15.62;18.28;15.62;15.62;12.959999999999999;18.28;15.62;18.28;241.901
696;9.969999999999999;8.64;8.64;8.64;8.64;8.64;8.64;8.64;8.64;8.64;8.64;8.64;8.64;8.64;8.64;8.64;8.64;8.64;8.64;8.64;8.64;8.64;8.64;8.64;8.64;8.64;8.64;8.64;8.64;8.64
697;270.24399999999997;24.6;11.299999999999999;8.64;97.51400000000001;8.64;8.64;8.64;8.64;8.64;8.64;8.64;8.64;8.64;8.64;8.64;8.64;8.64;11.299999999999999;8.64;8.64;8.64;8.64;8.64;8.64;8.64;8.64;8.64;8.64;9.969999999999999
698;22.94;5.6499999999999995;4.32;4.32;4.32;4.32;4.32;4.32;4.32;4.32;4.32;4.32;4.32;4.32;4.32;4.32;4.32;4.32;4.32;4.32;4.32;4.32;4.32;4.32;4.32;4.32;4.32;4.32;4.32;4.32
699;804.268;14.29;14.29;16.95;123.46799999999999;15.62;12.959999999999999;20.94;123.34199999999998;14.29;16.95;16.95;15.62;15.62;131.122;16.95;12.959999999999999;12.959999999999999;24.93;15.62;182.177;15.62;18.28;18.28;14.29;12.959999999999999;16.95;12.959999999999999;15.62;247.67399999999998
700;381.15200000000004;19.28;28.59;25.93;129.83;9.969999999999999;8.64;8.64;11.299999999999999;13.959999999999999;8.64;8.64;8.64;8.64;95.59299999999999;8.64;8.64;8.64;11.299999999999999;8.64;8.64;8.64;8.64;8.64;8.64;8.64;8.64;8.64;8.64;8.64
701;871.7339999999999;15.62;14.29;12.959999999999999;15.62;14.29;12.959999999999999;14.29;119.31;12.959999999999999;18.28;24.93;14.29;14.29;123.293;12.959999999999999;12.959999999999999;12.959999999999999;28.92;16.95;132.55399999999997;12.959999999999999;12.959999999999999;19.61;14.29;12.959999999999999;18.28;12.959999999999999;18.28;218.199
702;1325.502;26.259999999999998;26.259999999999998;34.239999999999995;112.62;47.946;12.959999999999999;26.259999999999998;166.303;39.56;83.646;40.89;31.58;34.239999999999995;179.47199999999998;47.54;27.590000000000003;12.959999999999999;44.879999999999995;39.182;209.041;20.94;20.94;32.602000000000004;41.842;12.959999999999999;31.58;26.259999999999998;31.272;269.15700000000004
703;2440.092;42.55;46.540000000000006;33.24;149.43699999999998;69.318;17.28;51.86;192.641;55.849999999999994;73.168;43.879999999999995;43.879999999999995;42.55;192.29700000000003;30.58;30.58;17.28;102.39999999999999;50.69799999999999;234.503;31.91;27.919999999999998;33.24;26.589999999999996;17.28;29.25;23.93;25.26;293.105
704;18.61;17.28;17.28;17.28;17.28;17.28;17.28;17.28;17.28;17.28;17.28;17.28;17.28;17.28;17.28;17.28;17.28;17.28;17.28;17.28;17.28;17.28;17.28;17.28;17.28;17.28;17.28;17.28;17.28;17.28
705;452.238;27.590000000000003;24.93;18.28;136.21800000000002;24.622;12.959999999999999;16.95;155.118;12.959999999999999;12.959999999999999;12.959999999999999;12.959999999999999;12.959999999999999;12.959999999999999;12.959999999999999;12.959999999999999;12.959999999999999;12.959999999999999;12.959999999999999;12.959999999999999;12.959999999999999;12.959999999999999;12.959999999999999;12.959999999999999;12.959999999999999;12.959999999999999;12.959999999999999;12.959999999999999;14.29
706;225.45199999999997;12.959999999999999;18.28;19.61;116.45400000000001;33.931999999999995;12.959999999999999;28.92;153.694;22.27;27.590000000000003;24.93;20.94;20.94;163.64100000000002;18.28;15.62;12.959999999999999;15.62;14.29;190.03799999999998;12.959999999999999;12.959999999999999;12.959999999999999;12.959999999999999;12.959999999999999;12.959999999999999;12.959999999999999;12.959999999999999;22.27
707;889.2759999999998;35.57000000000001;23.6;23.6;132.498;15.62;12.959999999999999;15.62;144.384;15.62;12.959999999999999;12.959999999999999;15.62;14.29;102.251;12.959999999999999;14.29;12.959999999999999;19.61;12.959999999999999;149.819;15.62;12.959999999999999;12.959999999999999;12.959999999999999;12.959999999999999;14.29;12.959999999999999;14.29;210.91500000000002
708;2399.42;40.56;43.22;41.89;129.51299999999998;51.06;8.64;39.23;180.37499999999997;52.53;90.68;49.87;36.57;43.22;172.388;59.18;36.57;8.64;137.64999999999998;42.296;201.053;28.59;23.270000000000003;22.962;34.316;8.64;24.6;25.93;25.076;282.927
709;1361.068;9.969999999999999;20.61;20.61;141.52499999999998;34.316;8.64;25.93;175.055;47.209999999999994;16.62;15.29;24.6;23.270000000000003;175.412;32.58;21.939999999999998;8.64;35.239999999999995;38.614;196.678;20.61;28.59;26.951999999999998;31.964;8.64;27.259999999999998;32.58;38.922000000000004;271.606
710;2294.218;35.57000000000001;24.93;40.89;146.167;46.616;12.959999999999999;28.92;163.425;20.94;26.259999999999998;20.94;31.58;31.58;183.031;18.28;15.62;12.959999999999999;67.49;51.936;232.38799999999998;14.29;18.28;16.95;18.28;12.959999999999999;24.93;23.6;22.27;263.748
711;9.969999999999999;8.64;8.64;8.64;8.64;8.64;8.64;8.64;8.64;8.64;8.64;8.64;8.64;8.64;8.64;8.64;8.64;8.64;8.64;8.64;8.64;8.64;8.64;8.64;8.64;8.64;8.64;8.64;8.64;8.64
712;1759.838;50.2;46.21;39.56;127.14099999999999;53.266;12.959999999999999;43.55;171.717;52.86;35.57000000000001;35.57000000000001;31.58;40.89;179.368;34.239999999999995;30.25;12.959999999999999;39.56;36.284;222.222;24.93;28.92;23.6;43.956;12.959999999999999;23.6;15.62;16.95;240.296
713;1095.888;36.9;28.92;23.6;124.528;18.28;12.959999999999999;14.29;151.08100000000002;20.94;12.959999999999999;22.27;15.62;18.28;132.172;24.93;12.959999999999999;12.959999999999999;40.89;14.29;190.56799999999998;12.959999999999999;18.28;18.28;15.62;12.959999999999999;26.259999999999998;18.28;23.6;208.572
714;257.736;18.28;15.62;18.28;131.76;21.962;12.959999999999999;12.959999999999999;12.959999999999999;12.959999999999999;12.959999999999999;12.959999999999999;12.959999999999999;12.959999999999999;12.959999999999999;12.959999999999999;12.959999999999999;12.959999999999999;16.95;12.959999999999999;12.959999999999999;12.959999999999999;12.959999999999999;12.959999999999999;12.959999999999999;12.959999999999999;12.959999999999999;12.959999999999999;12.959999999999999;14.29
715;652.318;8.64;8.64;8.64;90.42299999999999;8.64;8.64;12.63;104.773;8.64;12.63;8.64;19.28;13.959999999999999;59.182;8.64;8.64;8.64;11.299999999999999;8.64;188.579;9.969999999999999;8.64;9.969999999999999;11.299999999999999;8.64;9.969999999999999;8.64;16.62;21.939999999999998
716;66.16;12.959999999999999;12.959999999999999;12.959999999999999;12.959999999999999;12.959999999999999;12.959999999999999;12.959999999999999;12.959999999999999;12.959999999999999;12.959999999999999;12.959999999999999;15.62;14.29;12.959999999999999;12.959999999999999;12.959999999999999;12.959999999999999;12.959999999999999;12.959999999999999;12.959999999999999;12.959999999999999;12.959999999999999;12.959999999999999;12.959999999999999;12.959999999999999;12.959999999999999;12.959999999999999;12.959999999999999;12.959999999999999
717;1842.662;55.519999999999996;40.89;40.89;135.366;46.616;12.959999999999999;40.89;176.279;32.91;74.574;34.239999999999995;43.55;42.22;194.13899999999998;40.89;28.92;12.959999999999999;71.48;55.688;231.735;23.6;26.259999999999998;31.272;41.842;12.959999999999999;20.94;31.58;42.458;273.293
718;1140.99;27.919999999999998;38.56;39.89;142.19;46.946;17.28;31.91;196.99499999999998;55.849999999999994;35.9;25.26;34.57;41.22;200.906;38.56;37.230000000000004;17.28;50.53;39.036;217.38800000000003;30.58;33.24;35.9;39.036;17.28;38.56;35.9;35.9;277.732
719;9.969999999999999;8.64;8.64;8.64;8.64;8.64;8.64;8.64;8.64;8.64;8.64;8.64;8.64;8.64;8.64;8.64;8.64;8.64;8.64;8.64;8.64;8.64;8.64;8.64;8.64;8.64;8.64;8.64;8.64;8.64
720;1437.922;12.959999999999999;16.95;14.29;129.52100000000002;14.29;12.959999999999999;15.62;144.166;12.959999999999999;12.959999999999999;16.95;15.62;19.61;178.927;12.959999999999999;12.959999999999999;12.959999999999999;38.230000000000004;20.94;199.55599999999998;14.29;12.959999999999999;16.95;15.62;12.959999999999999;14.29;12.959999999999999;14.29;237.78699999999998
721;9.969999999999999;8.64;8.64;8.64;8.64;8.64;8.64;8.64;8.64;8.64;8.64;8.64;8.64;8.64;8.64;8.64;8.64;8.64;8.64;8.64;8.64;8.64;8.64;8.64;8.64;8.64;8.64;8.64;8.64;8.64
722;1773.2220000000002;38.230000000000004;30.25;34.239999999999995;116.709;18.28;12.959999999999999;18.28;146.727;18.28;15.62;12.959999999999999;20.94;19.61;163.56900000000002;12.959999999999999;12.959999999999999;12.959999999999999;48.870000000000005;18.28;184.03199999999998;14.29;15.62;14.29;14.29;12.959999999999999;12.959999999999999;12.959999999999999;16.95;214.573
723;3573.7059999999997;30.25;24.93;16.95;115.042;19.61;12.959999999999999;23.6;143.958;24.93;23.6;19.61;20.94;15.62;164.639;16.95;19.61;12.959999999999999;31.58;16.95;195.603;16.95;20.94;16.95;15.62;12.959999999999999;18.28;16.95;15.62;215.63
724;1697.7540000000001;21.939999999999998;17.95;29.919999999999998;138.17399999999998;40.965999999999994;8.64;27.259999999999998;178.35899999999998;20.61;12.63;15.29;17.95;20.61;174.929;16.62;19.28;8.64;45.88;12.63;215.865;9.969999999999999;13.959999999999999;13.959999999999999;11.299999999999999;8.64;13.959999999999999;11.299999999999999;20.61;282.449
725;1397.8039999999999;33.91;23.270000000000003;21.939999999999998;117.13699999999999;34.385999999999996;8.64;25.93;143.098;12.63;17.95;28.59;35.239999999999995;28.59;188.75900000000001;40.56;16.62;8.64;37.900000000000006;20.61;179.182;17.95;16.62;17.95;11.299999999999999;8.64;17.95;11.299999999999999;42.67399999999999;242.579
726;2585.5080000000003;69.82;43.22;64.5;149.874;68.89600000000002;8.64;48.54;209.313;83.12;121.816;65.83;56.519999999999996;52.53;198.708;77.8;49.87;8.64;57.849999999999994;39.468;245.09099999999998;28.59;24.6;29.919999999999998;39.636;8.64;27.259999999999998;32.58;45.263999999999996;298.092
727;727.184;47.54;31.58;40.89;134.155;58.586;12.959999999999999;39.56;142.165;12.959999999999999;14.29;12.959999999999999;14.29;14.29;14.29;12.959999999999999;12.959999999999999;12.959999999999999;12.959999999999999;12.959999999999999;12.959999999999999;12.959999999999999;12.959999999999999;12.959999999999999;12.959999999999999;12.959999999999999;12.959999999999999;12.959999999999999;12.959999999999999;20.94
728;1180.8760000000002;26.589999999999996;21.27;29.25;135.493;27.919999999999998;17.28;27.919999999999998;159.022;23.93;19.939999999999998;23.93;29.25;29.25;157.643;31.91;26.589999999999996;17.28;63.83;49.605999999999995;214.284;26.589999999999996;22.599999999999998;25.26;25.26;17.28;29.25;22.599999999999998;26.589999999999996;242.23100000000002
729;1387.2900000000002;23.270000000000003;15.29;53.86000000000001;105.48899999999999;13.959999999999999;8.64;13.959999999999999;127.00200000000001;11.299999999999999;16.62;15.29;20.61;17.95;134.336;23.270000000000003;16.62;8.64;61.839999999999996;15.29;164.359;12.63;15.29;9.969999999999999;9.969999999999999;8.64;8.64;8.64;9.969999999999999;212.54900000000004
730;2582.884;31.58;27.590000000000003;28.92;141.263;37.306;12.959999999999999;26.259999999999998;155.762;35.57000000000001;33.385999999999996;22.27;30.25;27.590000000000003;170.84799999999998;18.28;12.959999999999999;12.959999999999999;39.56;23.6;207.22899999999998;18.28;19.61;18.28;19.61;12.959999999999999;20.94;15.62;25.952;261.125
731;2999.23;58.18000000000001;32.91;26.259999999999998;143.50699999999998;44.978;12.959999999999999;30.25;163.046;31.58;23.6;27.590000000000003;23.6;28.92;176.225;32.91;14.29;12.959999999999999;70.15;42.626000000000005;208.21699999999998;16.95;20.94;28.612;18.28;12.959999999999999;32.91;20.94;23.6;263.951
732;1626.908;56.85;64.83;71.48;135.12099999999998;43.956;12.959999999999999;43.55;156.681;52.86;73.006;20.94;40.89;28.92;164.701;43.55;20.94;12.959999999999999;156.60000000000002;67.042;230.46800000000002;31.58;26.259999999999998;26.259999999999998;20.94;12.959999999999999;31.58;15.62;32.602000000000004;310.18399999999997
733;1781.1039999999998;46.21;44.879999999999995;26.259999999999998;131.126;35.024;12.959999999999999;27.590000000000003;178.325;38.230000000000004;32.91;30.25;31.58;22.27;170.011;31.58;35.57000000000001;12.959999999999999;52.86;22.27;209.629;20.94;28.92;20.94;21.724;12.959999999999999;26.259999999999998;27.590000000000003;19.61;270.44000000000005
734;2100.324;43.22;31.25;32.58;113.10499999999999;35.646;8.64;23.270000000000003;149.654;60.51;25.93;21.939999999999998;36.57;21.939999999999998;154.32299999999998;15.29;15.29;8.64;107.05999999999999;22.962;205.38800000000003;15.29;13.959999999999999;13.959999999999999;8.64;8.64;13.959999999999999;9.969999999999999;13.959999999999999;257.823
735;609.0239999999999;46.21;24.93;22.27;123.46799999999999;19.61;12.959999999999999;19.61;169.421;35.57000000000001;19.61;28.92;19.61;18.28;159.85899999999998;20.94;12.959999999999999;12.959999999999999;16.95;12.959999999999999;170.331;12.959999999999999;14.29;12.959999999999999;12.959999999999999;12.959999999999999;12.959999999999999;12.959999999999999;12.959999999999999;12.959999999999999
736;797.38;22.27;20.94;14.29;90.41399999999999;24.076;12.959999999999999;15.62;103.80099999999999;18.28;15.62;15.62;18.28;16.95;91.73;15.62;16.95;12.959999999999999;32.91;18.28;144.244;14.29;15.62;12.959999999999999;12.959999999999999;12.959999999999999;12.959999999999999;16.95;12.959999999999999;216.589
737;1048.316;35.57000000000001;22.27;16.95;111.45599999999999;27.590000000000003;12.959999999999999;16.95;155.688;23.6;22.27;16.95;30.25;19.61;109.06199999999998;18.28;18.28;12.959999999999999;20.94;15.62;165.447;14.29;14.29;15.62;14.29;12.959999999999999;14.29;14.29;15.62;188.568
738;1134.738;38.230000000000004;32.91;22.27;131.126;24.93;12.959999999999999;20.94;109.43299999999999;23.6;24.93;22.27;22.27;14.29;162.192;15.62;14.29;12.959999999999999;38.230000000000004;12.959999999999999;201.08900000000003;12.959999999999999;16.95;15.62;15.62;12.959999999999999;20.94;15.62;18.28;27.590000000000003
739;1536.4400000000003;24.93;24.93;26.259999999999998;134.519;27.282;12.959999999999999;28.92;173.733;32.91;51.39;36.9;35.57000000000001;31.58;185.738;32.91;24.93;12.959999999999999;31.58;24.93;207.41699999999997;19.61;31.58;18.28;19.61;12.959999999999999;24.93;22.27;18.28;264.273
740;1065.136;24.6;17.95;20.61;121.41900000000001;21.632;8.64;23.270000000000003;162.077;24.6;12.63;15.29;17.95;20.61;184.55599999999998;20.61;11.299999999999999;8.64;36.57;20.61;209.425;13.959999999999999;19.28;13.959999999999999;9.969999999999999;8.64;11.299999999999999;8.64;11.299999999999999;248.513
741;1464.872;32.91;28.92;22.27;138.831;27.282;12.959999999999999;30.25;173.243;48.870000000000005;30.25;32.91;47.54;34.239999999999995;184.366;36.9;27.590000000000003;12.959999999999999;39.56;26.497999999999998;187.49699999999999;15.62;18.28;15.62;15.62;12.959999999999999;18.28;14.29;20.94;246.94600000000003
742;1088.3139999999999;50.2;30.25;28.92;119.758;28.612;12.959999999999999;30.25;159.061;31.58;22.27;24.93;23.6;23.6;177.763;22.27;19.61;12.959999999999999;54.19;19.61;203.38;15.62;16.95;18.28;18.28;12.959999999999999;16.95;16.95;28.612;253.36299999999997
743;48.324;12.959999999999999;12.959999999999999;12.959999999999999;113.44699999999997;12.959999999999999;12.959999999999999;12.959999999999999;120.461;12.959999999999999;12.959999999999999;12.959999999999999;12.959999999999999;12.959999999999999;81.88399999999999;12.959999999999999;12.959999999999999;12.959999999999999;12.959999999999999;12.959999999999999;12.959999999999999;12.959999999999999;12.959999999999999;12.959999999999999;12.959999999999999;12.959999999999999;12.959999999999999;12.959999999999999;12.959999999999999;12.959999999999999
744;521.922;49.87;27.259999999999998;31.25;100.766;42.296;8.64;23.270000000000003;147.113;32.58;81.60799999999999;28.59;8.64;8.64;8.64;8.64;8.64;8.64;12.63;8.64;8.64;8.64;8.64;8.64;8.64;8.64;8.64;8.64;8.64;9.969999999999999
745;173.63799999999998;26.259999999999998;18.28;12.959999999999999;107.78800000000001;12.959999999999999;12.959999999999999;12.959999999999999;12.959999999999999;12.959999999999999;12.959999999999999;12.959999999999999;12.959999999999999;12.959999999999999;12.959999999999999;12.959999999999999;12.959999999999999;12.959999999999999;12.959999999999999;12.959999999999999;12.959999999999999;12.959999999999999;12.959999999999999;12.959999999999999;12.959999999999999;12.959999999999999;12.959999999999999;12.959999999999999;12.959999999999999;14.29
746;511.36600000000004;17.95;24.6;20.61;111.49499999999998;17.642;8.64;17.95;128.01;23.270000000000003;65.78800000000001;21.939999999999998;19.28;17.95;161.21800000000002;15.29;19.28;8.64;8.64;8.64;8.64;8.64;8.64;8.64;8.64;8.64;8.64;8.64;8.64;15.29
747;3030.9599999999996;44.550000000000004;37.900000000000006;48.54;143.566;57.709999999999994;8.64;53.86000000000001;184.313;45.88;85.12199999999999;29.919999999999998;20.61;19.28;164.683;11.299999999999999;8.64;8.64;96.42;51.914;229.07699999999997;20.61;19.28;25.93;17.95;8.64;16.62;9.969999999999999;17.95;280.428
748;825.626;21.27;18.61;17.28;120.821;17.28;17.28;17.28;129.361;17.28;17.28;17.28;17.28;22.599999999999998;161.68;17.28;17.28;17.28;53.19;17.28;161.465;17.28;17.28;17.28;17.28;17.28;17.28;17.28;17.28;19.939999999999998
749;1351.458;18.28;12.959999999999999;20.94;136.171;21.962;12.959999999999999;20.94;162.828;16.95;18.28;18.28;22.27;18.28;184.77200000000002;16.95;12.959999999999999;12.959999999999999;46.21;18.28;215.349;16.95;16.95;15.62;16.95;12.959999999999999;16.95;14.29;18.28;269.687
750;172.784;26.259999999999998;28.92;26.259999999999998;108.47899999999998;14.29;12.959999999999999;15.62;14.29;12.959999999999999;12.959999999999999;12.959999999999999;12.959999999999999;12.959999999999999;12.959999999999999;12.959999999999999;12.959999999999999;12.959999999999999;15.62;12.959999999999999;12.959999999999999;12.959999999999999;12.959999999999999;12.959999999999999;12.959999999999999;12.959999999999999;12.959999999999999;12.959999999999999;12.959999999999999;14.29
751;1723.2140000000002;24.93;23.6;14.29;146.531;16.95;12.959999999999999;19.61;142.90800000000002;20.94;18.28;18.28;14.29;15.62;171.643;14.29;15.62;12.959999999999999;23.6;16.95;195.083;15.62;20.94;15.62;14.29;12.959999999999999;15.62;12.959999999999999;14.29;226.632
752;659.2620000000002;19.28;11.299999999999999;13.959999999999999;128.23000000000002;13.959999999999999;8.64;16.62;133.055;19.28;16.62;13.959999999999999;15.29;20.61;142.675;15.29;9.969999999999999;8.64;29.919999999999998;15.29;150.227;15.29;11.299999999999999;11.299999999999999;9.969999999999999;8.64;13.959999999999999;9.969999999999999;15.29;243.42600000000002
753;2011.1660000000002;22.27;26.259999999999998;28.92;138.18699999999998;39.965999999999994;12.959999999999999;28.92;205.06099999999998;51.53;71.676;50.2;35.57000000000001;31.58;197.11100000000002;47.54;22.27;12.959999999999999;64.83;38.944;221.25100000000003;22.27;22.27;26.259999999999998;28.066000000000003;12.959999999999999;26.259999999999998;15.62;27.828;268.726
754;1655.7259999999999;11.299999999999999;8.64;36.57;136.527;35.954;8.64;25.93;172.509;28.59;46.216;31.25;35.239999999999995;33.91;177.344;16.62;8.64;8.64;52.53;33.602;214.28699999999998;16.62;15.29;23.270000000000003;19.28;8.64;12.63;11.299999999999999;22.177999999999997;241.494
755;1439.274;22.599999999999998;31.91;29.25;122.966;21.27;17.28;21.27;155.676;33.24;25.26;45.209999999999994;25.26;23.93;165.301;29.25;33.24;17.28;55.849999999999994;26.589999999999996;197.34;23.93;25.26;25.26;23.93;17.28;33.24;25.26;25.26;250.73600000000002
756;23.93;17.28;17.28;17.28;17.28;17.28;17.28;17.28;17.28;17.28;17.28;17.28;17.28;17.28;17.28;17.28;17.28;17.28;17.28;17.28;17.28;17.28;17.28;17.28;17.28;17.28;17.28;17.28;17.28;17.28
757;9.969999999999999;8.64;8.64;8.64;8.64;8.64;8.64;8.64;8.64;8.64;8.64;8.64;8.64;8.64;8.64;8.64;8.64;8.64;8.64;8.64;8.64;8.64;8.64;8.64;8.64;8.64;8.64;8.64;8.64;8.64
758;3475.798;78.46;83.78;54.519999999999996;160.909;68.226;17.28;61.17;213.423;109.05;120.124;114.36999999999999;66.49;67.82;214.62199999999999;95.75;58.51;17.28;67.82;66.896;227.23100000000002;33.24;45.209999999999994;52.336;56.256;17.28;53.19;47.87;55.542;347.038
759;110.35;11.299999999999999;17.95;20.61;106.78899999999999;23.746000000000002;8.64;15.29;83.40899999999999;8.64;8.64;8.64;8.64;8.64;8.64;8.64;8.64;8.64;8.64;8.64;8.64;8.64;8.64;8.64;8.64;8.64;8.64;8.64;8.64;9.969999999999999
760;1031.32;20.94;14.29;20.94;121.06299999999999;33.316;12.959999999999999;15.62;160.44299999999998;22.27;53.672000000000004;15.62;16.95;22.27;171.487;12.959999999999999;12.959999999999999;12.959999999999999;24.93;12.959999999999999;201.67100000000002;12.959999999999999;12.959999999999999;12.959999999999999;12.959999999999999;12.959999999999999;15.62;15.62;14.29;244.37499999999997
761;684.19;40.89;46.21;34.239999999999995;133.828;52.72;12.959999999999999;35.57000000000001;192.59099999999998;43.55;41.058;52.86;32.91;24.93;171.814;18.28;12.959999999999999;12.959999999999999;15.62;12.959999999999999;202.32999999999998;12.959999999999999;12.959999999999999;12.959999999999999;12.959999999999999;12.959999999999999;12.959999999999999;12.959999999999999;12.959999999999999;12.959999999999999
762;1134.738;46.21;35.57000000000001;31.58;130.165;26.736000000000004;12.959999999999999;22.27;145.313;54.19;26.259999999999998;31.58;28.92;32.91;180.85399999999998;42.22;16.95;12.959999999999999;48.870000000000005;62.19800000000001;208.411;20.94;28.92;23.6;15.62;12.959999999999999;22.27;26.259999999999998;29.942;239.60500000000002
763;1324.4099999999999;38.230000000000004;23.6;14.29;111.77799999999999;19.064;12.959999999999999;19.61;147.22500000000002;24.93;22.27;18.28;34.239999999999995;20.94;156.04500000000002;23.6;14.29;12.959999999999999;42.22;20.94;162.418;19.61;18.28;16.95;14.29;12.959999999999999;19.61;18.28;15.62;231.853
764;526.332;24.6;17.95;23.270000000000003;125.627;17.95;8.64;23.270000000000003;133.102;9.969999999999999;11.299999999999999;12.63;13.959999999999999;15.29;12.63;9.969999999999999;9.969999999999999;8.64;19.28;17.404;12.63;15.29;11.299999999999999;8.64;8.64;8.64;8.64;8.64;8.64;12.63
765;1381.082;16.95;22.27;35.57000000000001;147.861;20.94;12.959999999999999;24.93;175.702;55.519999999999996;32.91;42.22;19.61;23.6;186.26799999999997;14.29;14.29;12.959999999999999;27.590000000000003;20.94;223.221;19.61;14.29;18.28;18.28;12.959999999999999;15.62;15.62;16.95;263.681
766;24.93;12.959999999999999;12.959999999999999;12.959999999999999;12.959999999999999;12.959999999999999;12.959999999999999;12.959999999999999;12.959999999999999;12.959999999999999;12.959999999999999;12.959999999999999;12.959999999999999;12.959999999999999;12.959999999999999;12.959999999999999;12.959999999999999;12.959999999999999;12.959999999999999;12.959999999999999;12.959999999999999;12.959999999999999;12.959999999999999;12.959999999999999;12.959999999999999;12.959999999999999;12.959999999999999;12.959999999999999;12.959999999999999;12.959999999999999
767;5.6499999999999995;4.32;4.32;4.32;4.32;4.32;4.32;4.32;4.32;4.32;4.32;4.32;4.32;4.32;4.32;4.32;4.32;4.32;4.32;4.32;4.32;4.32;4.32;4.32;4.32;4.32;4.32;4.32;4.32;4.32
768;101.86599999999999;11.299999999999999;12.63;8.64;8.64;8.64;8.64;8.64;8.64;8.64;8.64;8.64;8.64;8.64;8.64;8.64;8.64;8.64;8.64;8.64;8.64;8.64;8.64;8.64;8.64;8.64;8.64;8.64;8.64;9.969999999999999
769;814.718;39.23;19.28;23.270000000000003;121.16899999999998;19.28;8.64;11.299999999999999;147.08300000000003;31.25;17.95;20.61;12.63;8.64;158.719;8.64;8.64;8.64;11.299999999999999;8.64;8.64;8.64;8.64;8.64;8.64;8.64;8.64;8.64;8.64;11.299999999999999
770;121.69;15.29;9.969999999999999;8.64;84.54599999999999;8.64;8.64;8.64;8.64;8.64;8.64;8.64;8.64;8.64;8.64;8.64;8.64;8.64;11.299999999999999;8.64;8.64;8.64;8.64;8.64;8.64;8.64;8.64;8.64;8.64;8.64
771;1482.7979999999998;24.6;19.28;21.939999999999998;118.395;15.29;8.64;12.63;162.352;28.59;16.62;29.919999999999998;33.91;35.239999999999995;167.115;13.959999999999999;12.63;8.64;52.53;26.406;216.75599999999997;20.61;13.959999999999999;16.62;11.299999999999999;8.64;16.62;9.969999999999999;23.270000000000003;253.303
772;1017.124;27.590000000000003;36.9;32.91;134.96;29.942;12.959999999999999;23.6;173.68599999999998;24.93;25.714;20.94;30.25;24.93;182.548;16.95;15.62;12.959999999999999;34.239999999999995;41.296;223.225;23.6;14.29;19.61;37.306;12.959999999999999;26.259999999999998;22.27;36.592;253.31099999999998
773;269.218;41.55;25.59;34.9;145.22699999999998;37.251999999999995;21.6;21.6;21.6;21.6;21.6;21.6;21.6;21.6;21.6;21.6;21.6;21.6;21.6;21.6;21.6;21.6;21.6;21.6;21.6;21.6;21.6;21.6;21.6;24.259999999999998
774;57.849999999999994;8.64;8.64;8.64;8.64;11.299999999999999;8.64;8.64;11.299999999999999;8.64;8.64;8.64;8.64;8.64;8.64;8.64;8.64;8.64;11.299999999999999;8.64;8.64;8.64;8.64;8.64;8.64;8.64;8.64;8.64;8.64;8.64
775;1826.7639999999997;35.239999999999995;19.28;17.95;128.5;33.602;8.64;27.259999999999998;180.24899999999997;57.849999999999994;21.939999999999998;17.95;48.54;36.57;171.01600000000002;43.22;33.91;8.64;33.91;32.58;208.209;27.259999999999998;33.91;32.58;20.61;8.64;36.57;20.61;36.57;285.706
776;317.55;24.6;20.61;13.959999999999999;127.53899999999999;11.299999999999999;8.64;11.299999999999999;156.70999999999998;15.29;8.64;15.29;8.64;8.64;154.043;8.64;8.64;8.64;8.64;8.64;8.64;8.64;8.64;8.64;8.64;8.64;8.64;8.64;8.64;9.969999999999999
777;621.106;19.61;20.94;30.25;136.124;38.636;12.959999999999999;20.94;141.962;19.61;12.959999999999999;12.959999999999999;12.959999999999999;12.959999999999999;12.959999999999999;12.959999999999999;12.959999999999999;12.959999999999999;16.95;12.959999999999999;12.959999999999999;12.959999999999999;12.959999999999999;12.959999999999999;12.959999999999999;12.959999999999999;12.959999999999999;12.959999999999999;12.959999999999999;16.95
778;664.058;30.25;16.95;23.6;125.48899999999998;29.634;12.959999999999999;14.29;143.745;12.959999999999999;12.959999999999999;12.959999999999999;12.959999999999999;12.959999999999999;12.959999999999999;12.959999999999999;12.959999999999999;12.959999999999999;15.62;12.959999999999999;12.959999999999999;12.959999999999999;12.959999999999999;12.959999999999999;12.959999999999999;12.959999999999999;12.959999999999999;12.959999999999999;12.959999999999999;15.62
779;1792.8280000000002;49.87;25.93;33.91;129.243;46.286;8.64;32.58;125.999;13.959999999999999;56.31;20.61;31.25;31.25;148.639;39.23;33.91;8.64;51.199999999999996;39.943999999999996;205.701;23.270000000000003;31.25;23.270000000000003;40.419999999999995;8.64;43.22;28.59;29.611999999999995;225.205
780;1536.244;26.259999999999998;26.259999999999998;23.6;132.872;38.636;12.959999999999999;39.56;164.703;40.89;71.19999999999999;39.56;36.9;32.91;180.371;43.55;23.6;12.959999999999999;38.230000000000004;46.616;227.75900000000001;31.58;34.239999999999995;33.931999999999995;45.286;12.959999999999999;26.259999999999998;27.590000000000003;40.274;279.28200000000004
781;11.299999999999999;8.64;8.64;8.64;8.64;8.64;8.64;8.64;8.64;8.64;8.64;8.64;8.64;8.64;8.64;8.64;8.64;8.64;8.64;8.64;8.64;8.64;8.64;8.64;8.64;8.64;8.64;8.64;8.64;8.64
782;1519.332;32.91;31.58;35.57000000000001;113.477;31.58;12.959999999999999;36.9;190.337;47.54;61.721999999999994;34.239999999999995;34.239999999999995;31.58;155.33399999999997;48.870000000000005;20.94;12.959999999999999;46.21;39.251999999999995;197.862;23.6;22.27;28.92;25.952;12.959999999999999;22.27;28.92;32.602000000000004;262.423
783;285.042;11.299999999999999;8.64;11.299999999999999;84.764;11.299999999999999;8.64;8.64;8.64;8.64;8.64;8.64;8.64;8.64;8.64;8.64;8.64;8.64;12.63;8.64;8.64;8.64;8.64;8.64;8.64;8.64;8.64;8.64;8.64;8.64
784;57.18;19.939999999999998;17.28;18.61;17.28;17.28;17.28;17.28;17.28;17.28;17.28;17.28;17.28;17.28;17.28;17.28;17.28;17.28;18.61;17.28;17.28;17.28;17.28;17.28;17.28;17.28;17.28;17.28;17.28;17.28
785;70.15;12.959999999999999;12.959999999999999;12.959999999999999;117.14000000000001;12.959999999999999;12.959999999999999;12.959999999999999;12.959999999999999;12.959999999999999;12.959999999999999;12.959999999999999;12.959999999999999;12.959999999999999;12.959999999999999;12.959999999999999;12.959999999999999;12.959999999999999;12.959999999999999;12.959999999999999;12.959999999999999;12.959999999999999;12.959999999999999;12.959999999999999;12.959999999999999;12.959999999999999;12.959999999999999;12.959999999999999;12.959999999999999;12.959999999999999
786;1425.82;38.56;37.230000000000004;31.91;150.165;45.924;17.28;35.9;177.32500000000002;37.230000000000004;26.589999999999996;27.919999999999998;35.9;41.22;192.027;54.519999999999996;30.58;17.28;62.5;39.036;227.291;27.919999999999998;34.57;21.27;17.28;17.28;23.93;18.61;19.939999999999998;266.255
787;42.67399999999999;11.299999999999999;11.299999999999999;8.64;9.969999999999999;8.64;8.64;8.64;8.64;8.64;8.64;8.64;8.64;8.64;8.64;8.64;8.64;8.64;8.64;8.64;8.64;8.64;8.64;8.64;8.64;8.64;8.64;8.64;8.64;9.969999999999999
788;1615.1480000000001;35.57000000000001;42.22;38.230000000000004;131.599;41.296;12.959999999999999;31.58;165.34199999999998;43.55;31.58;32.91;39.56;26.259999999999998;175.519;38.230000000000004;26.259999999999998;12.959999999999999;42.22;34.239999999999995;199.214;20.94;24.93;24.93;20.94;12.959999999999999;22.27;15.62;31.272;242.277
789;1279.002;25.26;42.55;27.919999999999998;131.981;39.512;17.28;33.24;184.007;42.55;76.542;45.209999999999994;35.9;30.58;170.477;41.22;22.599999999999998;17.28;46.540000000000006;35.046;190.98700000000002;23.93;23.93;25.26;23.93;17.28;29.25;22.599999999999998;30.58;230.53799999999998
790;1462.044;23.6;22.27;24.93;127.557;36.76;12.959999999999999;30.25;169.37900000000002;31.58;75.12;18.28;28.92;32.91;179.524;27.590000000000003;14.29;12.959999999999999;39.56;38.397999999999996;207.053;26.259999999999998;26.259999999999998;28.92;42.08;12.959999999999999;22.27;20.94;24.93;259.644
791;1027.652;27.590000000000003;24.93;32.91;131.059;38.636;12.959999999999999;24.93;177.07899999999998;31.58;37.614;39.56;28.92;28.92;161.189;12.959999999999999;12.959999999999999;12.959999999999999;20.94;12.959999999999999;191.155;12.959999999999999;12.959999999999999;12.959999999999999;12.959999999999999;12.959999999999999;12.959999999999999;12.959999999999999;12.959999999999999;15.62
792;958.862;21.939999999999998;11.299999999999999;11.299999999999999;92.843;8.64;8.64;11.299999999999999;131.13299999999998;13.959999999999999;8.64;13.959999999999999;11.299999999999999;13.959999999999999;156.651;11.299999999999999;8.64;8.64;21.939999999999998;8.64;174.81799999999998;8.64;8.64;8.64;8.64;8.64;13.959999999999999;8.64;13.959999999999999;11.299999999999999
793;371.226;20.61;8.64;11.299999999999999;136.2;9.969999999999999;8.64;9.969999999999999;142.31799999999998;11.299999999999999;11.299999999999999;11.299999999999999;8.64;8.64;8.64;8.64;8.64;8.64;8.64;8.64;8.64;8.64;8.64;8.64;8.64;8.64;8.64;8.64;8.64;8.64
794;1108.712;19.61;26.259999999999998;24.93;134.155;20.94;12.959999999999999;22.27;161.03;19.61;22.27;27.590000000000003;19.61;22.27;171.18;20.94;16.95;12.959999999999999;35.57000000000001;19.61;211.56300000000002;16.95;20.94;22.27;19.61;12.959999999999999;23.6;18.28;18.28;238.19099999999997
795;1941.998;19.28;13.959999999999999;16.62;93.851;12.63;8.64;11.299999999999999;115.41100000000002;16.62;8.64;8.64;13.959999999999999;15.29;122.80699999999999;13.959999999999999;8.64;8.64;27.259999999999998;8.64;174.24099999999999;8.64;11.299999999999999;8.64;8.64;8.64;11.299999999999999;8.64;8.64;190.00599999999997
796;1661.166;22.27;23.6;20.94;96.103;34.954;12.959999999999999;24.93;147.049;42.22;23.6;23.6;24.93;19.61;166.551;16.95;16.95;12.959999999999999;18.28;12.959999999999999;174.86;15.62;15.62;14.29;15.62;12.959999999999999;18.28;15.62;18.28;162.691
797;2656.468;51.53;35.57000000000001;44.879999999999995;152.91099999999997;46.616;12.959999999999999;32.91;172.782;30.25;53.980000000000004;46.21;35.57000000000001;34.239999999999995;183.613;26.259999999999998;20.94;12.959999999999999;84.78;36.592;229.63600000000002;16.95;20.94;28.92;18.28;12.959999999999999;22.27;15.62;30.25;282.40000000000003
798;476.556;12.959999999999999;12.959999999999999;14.29;101.75699999999999;12.959999999999999;12.959999999999999;12.959999999999999;63.620999999999995;16.95;12.959999999999999;18.28;15.62;12.959999999999999;125.74000000000001;12.959999999999999;12.959999999999999;12.959999999999999;24.93;14.29;166.658;12.959999999999999;12.959999999999999;12.959999999999999;12.959999999999999;12.959999999999999;12.959999999999999;12.959999999999999;12.959999999999999;181.118
799;1151.2579999999998;28.92;31.58;32.91;137.179;50.60600000000001;12.959999999999999;38.230000000000004;190.015;52.86;48.422;19.61;42.22;34.239999999999995;178.885;40.89;24.93;12.959999999999999;40.89;46.14;238.301;23.6;26.259999999999998;32.91;39.965999999999994;12.959999999999999;14.29;32.91;40.582;256.59999999999997
800;1021.758;27.590000000000003;28.92;24.93;109.49200000000002;44.739999999999995;12.959999999999999;31.58;157.36700000000002;31.58;62.366;31.58;38.230000000000004;28.92;173.726;31.58;12.959999999999999;12.959999999999999;44.879999999999995;42.934;229.728;19.61;31.58;36.592;33.623999999999995;12.959999999999999;19.61;23.6;29.942;261.078
801;2056.6440000000002;21.939999999999998;19.28;21.939999999999998;98.90100000000001;12.63;8.64;19.28;157.037;21.939999999999998;35.17;20.61;25.93;20.61;146.665;15.29;16.62;8.64;57.849999999999994;13.959999999999999;187.692;12.63;16.62;12.63;13.959999999999999;8.64;17.95;13.959999999999999;15.29;242.096
802;1647.23;31.91;25.26;31.91;135.966;41.626000000000005;17.28;33.24;188.79700000000003;27.919999999999998;52.574;55.849999999999994;38.56;27.919999999999998;186.655;30.58;25.26;17.28;59.839999999999996;30.272;217.473;21.27;18.61;22.599999999999998;23.93;17.28;25.26;19.939999999999998;23.93;259.065
803;91.1;9.969999999999999;8.64;8.64;140.68800000000002;8.64;8.64;8.64;91.82300000000001;8.64;8.64;8.64;8.64;8.64;8.64;8.64;8.64;8.64;9.969999999999999;8.64;8.64;8.64;8.64;8.64;8.64;8.64;8.64;8.64;8.64;8.64
804;916.2819999999999;22.27;22.27;18.28;108.55299999999998;20.94;12.959999999999999;26.259999999999998;131.307;20.94;18.28;19.61;15.62;18.28;151.48;18.28;12.959999999999999;12.959999999999999;31.58;16.95;184.485;18.28;18.28;18.28;12.959999999999999;12.959999999999999;16.95;15.62;20.94;228.576
805;912.824;15.62;12.959999999999999;12.959999999999999;117.831;12.959999999999999;12.959999999999999;14.29;114.681;12.959999999999999;12.959999999999999;12.959999999999999;15.62;14.29;193.27799999999996;12.959999999999999;15.62;12.959999999999999;27.590000000000003;14.29;193.823;15.62;12.959999999999999;12.959999999999999;12.959999999999999;12.959999999999999;12.959999999999999;12.959999999999999;12.959999999999999;211.43000000000004
806;9.969999999999999;8.64;8.64;8.64;8.64;8.64;8.64;8.64;8.64;8.64;8.64;8.64;8.64;8.64;8.64;8.64;8.64;8.64;8.64;8.64;8.64;8.64;8.64;8.64;8.64;8.64;8.64;8.64;8.64;8.64
807;1622.252;28.59;27.259999999999998;29.919999999999998;117.86;44.956;8.64;25.93;173.73000000000002;35.239999999999995;11.299999999999999;13.959999999999999;19.28;21.939999999999998;173.43800000000002;19.28;17.95;8.64;87.11;40.728;222.062;13.959999999999999;15.29;11.299999999999999;11.299999999999999;8.64;16.62;11.299999999999999;24.6;240.013
808;81.78999999999999;11.299999999999999;8.64;8.64;100.491;8.64;8.64;8.64;8.64;8.64;8.64;8.64;8.64;8.64;8.64;8.64;8.64;8.64;8.64;8.64;8.64;8.64;8.64;8.64;8.64;8.64;8.64;8.64;8.64;9.969999999999999
809;9.969999999999999;8.64;8.64;8.64;8.64;8.64;8.64;8.64;8.64;8.64;8.64;8.64;8.64;8.64;8.64;8.64;8.64;8.64;8.64;8.64;8.64;8.64;8.64;8.64;8.64;8.64;8.64;8.64;8.64;8.64
810;1439.09;24.6;21.939999999999998;21.939999999999998;108.10199999999999;34.932;8.64;19.28;172.628;16.62;16.62;24.6;13.959999999999999;13.959999999999999;148.359;16.62;11.299999999999999;8.64;41.89;9.969999999999999;157.24099999999999;13.959999999999999;12.63;13.959999999999999;11.299999999999999;8.64;15.29;13.959999999999999;15.29;193.803
811;14.29;12.959999999999999;12.959999999999999;12.959999999999999;12.959999999999999;12.959999999999999;12.959999999999999;12.959999999999999;12.959999999999999;12.959999999999999;12.959999999999999;12.959999999999999;12.959999999999999;12.959999999999999;12.959999999999999;12.959999999999999;12.959999999999999;12.959999999999999;12.959999999999999;12.959999999999999;12.959999999999999;12.959999999999999;12.959999999999999;12.959999999999999;12.959999999999999;12.959999999999999;12.959999999999999;12.959999999999999;12.959999999999999;12.959999999999999
812;440.65200000000004;20.61;28.59;19.28;16.62;23.746000000000002;8.64;13.959999999999999;13.959999999999999;15.29;9.969999999999999;11.299999999999999;15.29;9.969999999999999;8.64;8.64;8.64;8.64;8.64;8.64;8.64;8.64;8.64;8.64;8.64;8.64;8.64;8.64;8.64;8.64
813;2643.9440000000004;56.519999999999996;53.86000000000001;40.56;114.841;50.276;8.64;40.56;201.61299999999997;67.16;55.19;47.209999999999994;32.58;27.259999999999998;171.962;15.29;11.299999999999999;8.64;53.86000000000001;42.604;223.39700000000002;20.61;32.58;37.592;32.748;8.64;41.89;25.93;46.594;277.56500000000005
814;746.3499999999999;19.61;15.62;15.62;130.851;12.959999999999999;12.959999999999999;14.29;147.413;15.62;16.95;16.95;16.95;15.62;167.876;12.959999999999999;12.959999999999999;12.959999999999999;31.58;16.95;187.7;14.29;18.28;16.95;15.62;12.959999999999999;18.28;15.62;15.62;248.52100000000002
815;173.56;24.6;11.299999999999999;8.64;110.06099999999999;16.311999999999998;8.64;8.64;109.26400000000001;8.64;8.64;8.64;8.64;8.64;8.64;8.64;8.64;8.64;11.299999999999999;8.64;8.64;8.64;8.64;8.64;8.64;8.64;8.64;8.64;8.64;8.64
816;35.239999999999995;16.62;9.969999999999999;8.64;8.64;8.64;8.64;8.64;8.64;8.64;8.64;8.64;8.64;8.64;8.64;8.64;8.64;8.64;8.64;8.64;8.64;8.64;8.64;8.64;8.64;8.64;8.64;8.64;8.64;8.64
817;1485.516;39.89;45.209999999999994;26.589999999999996;149.15699999999998;31.364000000000004;17.28;33.24;172.691;47.87;37.230000000000004;39.89;30.58;31.91;173.692;31.91;38.56;17.28;62.5;31.91;202.182;25.26;30.58;26.589999999999996;25.26;17.28;35.9;25.26;23.93;267.632
818;944.1199999999999;19.28;21.939999999999998;11.299999999999999;120.161;33.294;8.64;13.959999999999999;124.02000000000001;13.959999999999999;18.972;20.61;12.63;15.29;170.939;15.29;11.299999999999999;8.64;32.58;11.299999999999999;160.0;9.969999999999999;11.299999999999999;12.63;11.299999999999999;8.64;12.63;9.969999999999999;13.959999999999999;230.661
819;1016.346;21.939999999999998;27.259999999999998;24.6;119.15299999999999;29.304;8.64;21.939999999999998;158.68900000000002;27.259999999999998;17.95;24.6;25.93;19.28;157.716;8.64;9.969999999999999;8.64;39.23;17.642;195.236;12.63;17.95;13.959999999999999;16.858;8.64;11.299999999999999;8.64;15.29;230.656
820;1482.484;22.27;26.259999999999998;34.239999999999995;116.506;41.296;12.959999999999999;38.230000000000004;170.023;56.85;79.89399999999999;46.21;50.2;39.56;187.71200000000002;36.9;20.94;12.959999999999999;56.85;62.576;227.556;27.590000000000003;30.25;36.592;53.266;12.959999999999999;27.590000000000003;23.6;46.924;299.06100000000004
821;1291.166;37.900000000000006;19.28;9.969999999999999;113.14200000000001;32.272000000000006;8.64;15.29;112.61;15.29;32.51;15.29;13.959999999999999;15.29;122.23000000000002;11.299999999999999;9.969999999999999;8.64;75.14;32.034;153.308;12.63;11.299999999999999;11.299999999999999;9.969999999999999;8.64;9.969999999999999;8.64;8.64;204.45500000000004
822;367.986;12.959999999999999;14.29;12.959999999999999;111.10899999999998;12.959999999999999;12.959999999999999;12.959999999999999;104.09499999999998;14.29;12.959999999999999;12.959999999999999;18.28;18.28;115.94599999999998;22.27;15.62;12.959999999999999;12.959999999999999;14.29;170.804;14.29;14.29;12.959999999999999;14.29;12.959999999999999;12.959999999999999;12.959999999999999;14.29;12.959999999999999
823;29.704;14.29;12.959999999999999;12.959999999999999;12.959999999999999;12.959999999999999;12.959999999999999;12.959999999999999;12.959999999999999;12.959999999999999;12.959999999999999;12.959999999999999;12.959999999999999;12.959999999999999;12.959999999999999;12.959999999999999;12.959999999999999;12.959999999999999;12.959999999999999;12.959999999999999;12.959999999999999;12.959999999999999;12.959999999999999;12.959999999999999;12.959999999999999;12.959999999999999;12.959999999999999;12.959999999999999;12.959999999999999;12.959999999999999
824;1883.6880000000003;25.93;13.959999999999999;28.59;124.83699999999999;13.959999999999999;8.64;20.61;138.1;19.28;19.28;17.95;20.61;20.61;166.263;9.969999999999999;11.299999999999999;8.64;47.209999999999994;19.28;195.293;16.62;8.64;21.939999999999998;13.959999999999999;8.64;13.959999999999999;12.63;29.919999999999998;214.93900000000002
825;725.7620000000001;11.299999999999999;8.64;8.64;109.40699999999998;28.757999999999996;8.64;15.29;93.083;8.64;13.959999999999999;8.64;9.969999999999999;9.969999999999999;114.094;8.64;8.64;8.64;11.299999999999999;8.64;8.64;8.64;8.64;8.64;8.64;8.64;8.64;8.64;8.64;12.63
826;228.72;20.61;25.93;23.270000000000003;124.35900000000001;8.64;8.64;9.969999999999999;81.614;8.64;8.64;8.64;8.64;8.64;8.64;8.64;8.64;8.64;8.64;8.64;8.64;8.64;8.64;8.64;8.64;8.64;8.64;8.64;8.64;12.63
827;101.74000000000001;11.299999999999999;8.64;9.969999999999999;93.663;9.969999999999999;8.64;8.64;8.64;8.64;8.64;8.64;8.64;8.64;8.64;8.64;8.64;8.64;8.64;8.64;8.64;8.64;8.64;8.64;8.64;8.64;8.64;8.64;8.64;8.64
828;1509.644;66.16;38.230000000000004;16.95;135.158;18.28;12.959999999999999;24.93;163.73200000000003;15.62;51.32000000000001;24.93;28.92;16.95;176.381;24.93;23.6;12.959999999999999;31.58;24.93;204.388;14.29;14.29;18.28;16.95;12.959999999999999;19.61;19.61;30.25;250.386
829;328.302;24.6;32.58;36.57;8.64;8.64;8.64;8.64;8.64;8.64;8.64;8.64;8.64;8.64;8.64;8.64;8.64;8.64;13.959999999999999;8.64;8.64;8.64;8.64;8.64;8.64;8.64;8.64;8.64;8.64;9.969999999999999
830;1075.092;54.519999999999996;59.839999999999996;49.2;122.06200000000001;58.370000000000005;17.28;21.27;131.704;42.55;22.599999999999998;38.56;26.589999999999996;23.93;150.14600000000002;21.27;31.91;17.28;49.2;23.93;181.551;19.939999999999998;19.939999999999998;19.939999999999998;17.28;17.28;21.27;22.599999999999998;22.599999999999998;248.289
831;1476.8839999999998;26.259999999999998;19.61;24.93;141.486;46.308;12.959999999999999;24.93;153.33;22.27;20.94;23.6;23.6;16.95;177.55;22.27;22.27;12.959999999999999;44.879999999999995;21.724;206.40400000000002;18.28;23.6;16.95;14.29;12.959999999999999;16.95;18.28;19.61;258.148
832;24.93;12.959999999999999;12.959999999999999;12.959999999999999;12.959999999999999;12.959999999999999;12.959999999999999;12.959999999999999;12.959999999999999;12.959999999999999;12.959999999999999;12.959999999999999;12.959999999999999;12.959999999999999;12.959999999999999;12.959999999999999;12.959999999999999;12.959999999999999;12.959999999999999;12.959999999999999;12.959999999999999;12.959999999999999;12.959999999999999;12.959999999999999;12.959999999999999;12.959999999999999;12.959999999999999;12.959999999999999;12.959999999999999;12.959999999999999
833;1034.6660000000002;18.28;26.259999999999998;15.62;115.12400000000001;23.292;12.959999999999999;15.62;145.028;12.959999999999999;12.959999999999999;12.959999999999999;23.6;26.259999999999998;172.027;15.62;15.62;12.959999999999999;30.25;19.61;194.18900000000002;16.95;16.95;12.959999999999999;12.959999999999999;12.959999999999999;12.959999999999999;12.959999999999999;15.62;230.45600000000002
834;1777.05;27.259999999999998;27.259999999999998;43.22;88.43700000000001;55.764;8.64;27.259999999999998;143.975;48.54;75.742;33.91;31.25;33.91;163.15;36.57;23.270000000000003;8.64;71.14999999999999;61.937999999999995;193.453;35.239999999999995;31.25;39.160000000000004;44.956;8.64;28.59;39.23;57.234;264.654
835;107.38999999999999;35.57000000000001;30.25;19.61;132.498;12.959999999999999;12.959999999999999;12.959999999999999;12.959999999999999;12.959999999999999;12.959999999999999;12.959999999999999;12.959999999999999;12.959999999999999;12.959999999999999;12.959999999999999;12.959999999999999;12.959999999999999;12.959999999999999;12.959999999999999;12.959999999999999;12.959999999999999;12.959999999999999;12.959999999999999;12.959999999999999;12.959999999999999;12.959999999999999;12.959999999999999;12.959999999999999;15.62
836;283.706;14.29;22.27;19.61;109.90799999999999;12.959999999999999;12.959999999999999;12.959999999999999;12.959999999999999;12.959999999999999;12.959999999999999;12.959999999999999;12.959999999999999;12.959999999999999;12.959999999999999;12.959999999999999;12.959999999999999;12.959999999999999;16.95;12.959999999999999;12.959999999999999;12.959999999999999;12.959999999999999;12.959999999999999;12.959999999999999;12.959999999999999;12.959999999999999;12.959999999999999;12.959999999999999;12.959999999999999
837;18.61;17.28;17.28;17.28;17.28;17.28;17.28;17.28;17.28;17.28;17.28;17.28;17.28;17.28;17.28;17.28;17.28;17.28;17.28;17.28;17.28;17.28;17.28;17.28;17.28;17.28;17.28;17.28;17.28;17.28
838;54.09799999999999;12.63;8.64;8.64;8.64;8.64;8.64;8.64;8.64;8.64;8.64;8.64;8.64;8.64;8.64;8.64;8.64;8.64;8.64;8.64;8.64;8.64;8.64;8.64;8.64;8.64;8.64;8.64;8.64;9.969999999999999
839;14.29;12.959999999999999;12.959999999999999;12.959999999999999;12.959999999999999;12.959999999999999;12.959999999999999;12.959999999999999;12.959999999999999;12.959999999999999;12.959999999999999;12.959999999999999;12.959999999999999;12.959999999999999;12.959999999999999;12.959999999999999;12.959999999999999;12.959999999999999;12.959999999999999;12.959999999999999;12.959999999999999;12.959999999999999;12.959999999999999;12.959999999999999;12.959999999999999;12.959999999999999;12.959999999999999;12.959999999999999;12.959999999999999;12.959999999999999
840;511.758;33.91;27.259999999999998;24.6;123.14299999999999;39.636;8.64;20.61;144.255;52.53;61.083999999999996;17.95;8.64;11.299999999999999;8.64;8.64;8.64;8.64;8.64;8.64;8.64;8.64;8.64;8.64;8.64;8.64;8.64;8.64;8.64;13.959999999999999
841;3361.326;31.58;35.57000000000001;38.230000000000004;139.081;57.256;12.959999999999999;39.56;197.82399999999996;42.22;94.21600000000001;55.519999999999996;39.56;30.25;185.245;40.89;24.93;12.959999999999999;66.16;56.164;230.31;28.92;20.94;28.92;30.964;12.959999999999999;31.58;47.54;47.232;299.31600000000003
842;4254.869999999999;37.230000000000004;38.56;50.53;133.633;50.93600000000001;17.28;39.89;191.826;50.53;83.42999999999999;54.519999999999996;46.540000000000006;41.22;196.339;51.86;38.56;17.28;200.82;65.566;240.69799999999998;38.56;37.230000000000004;44.902;57.824;17.28;43.879999999999995;41.22;64.236;306.72700000000003
843;1107.396;15.62;30.25;19.61;119.48299999999998;45.524;12.959999999999999;22.27;149.02300000000002;26.259999999999998;53.672000000000004;34.239999999999995;26.259999999999998;24.93;177.87699999999998;28.92;30.25;12.959999999999999;27.590000000000003;33.623999999999995;209.58;19.61;26.259999999999998;29.942;30.964;12.959999999999999;26.259999999999998;20.94;28.612;255.493
844;1345.0459999999998;22.27;20.94;14.29;144.557;12.959999999999999;12.959999999999999;12.959999999999999;105.93100000000001;12.959999999999999;12.959999999999999;12.959999999999999;12.959999999999999;15.62;150.341;14.29;14.29;12.959999999999999;15.62;12.959999999999999;152.796;12.959999999999999;12.959999999999999;12.959999999999999;12.959999999999999;12.959999999999999;12.959999999999999;12.959999999999999;12.959999999999999;14.29
845;284.07;12.959999999999999;15.62;12.959999999999999;119.453;12.959999999999999;12.959999999999999;12.959999999999999;90.38900000000001;15.62;12.959999999999999;12.959999999999999;27.590000000000003;24.93;96.717;16.95;14.29;12.959999999999999;22.27;12.959999999999999;180.961;12.959999999999999;12.959999999999999;12.959999999999999;12.959999999999999;12.959999999999999;12.959999999999999;12.959999999999999;12.959999999999999;12.959999999999999
846;160.28799999999995;20.61;15.29;15.29;125.84;9.969999999999999;8.64;9.969999999999999;8.64;8.64;8.64;8.64;8.64;8.64;8.64;8.64;8.64;8.64;11.299999999999999;8.64;8.64;8.64;8.64;8.64;8.64;8.64;8.64;8.64;8.64;8.64
847;194.71399999999997;12.63;11.299999999999999;15.29;117.548;9.969999999999999;8.64;8.64;8.64;8.64;8.64;8.64;8.64;8.64;8.64;8.64;8.64;8.64;11.299999999999999;8.64;8.64;8.64;8.64;8.64;8.64;8.64;8.64;8.64;8.64;8.64
848;968.558;24.93;16.95;24.93;114.66100000000002;29.396;12.959999999999999;28.92;112.37299999999999;15.62;59.706;16.95;36.9;23.6;160.139;15.62;14.29;12.959999999999999;14.29;12.959999999999999;12.959999999999999;14.29;12.959999999999999;12.959999999999999;12.959999999999999;12.959999999999999;12.959999999999999;12.959999999999999;14.29;14.29
849;2697.62;80.46000000000001;77.8;60.51;150.721;60.91600000000001;8.64;53.86000000000001;227.29900000000004;105.72999999999999;92.83600000000001;97.75;67.16;51.199999999999996;179.76600000000002;80.46000000000001;41.89;8.64;60.51;56.687999999999995;237.763;25.93;44.550000000000004;41.582;39.943999999999996;8.64;43.22;40.56;47.68600000000001;317.284
850;1292.342;15.29;9.969999999999999;19.28;83.80799999999999;8.64;8.64;11.299999999999999;128.05700000000002;9.969999999999999;12.63;24.6;8.64;8.64;92.616;8.64;8.64;8.64;73.81;13.959999999999999;166.214;9.969999999999999;9.969999999999999;12.63;11.299999999999999;8.64;8.64;8.64;11.299999999999999;208.08100000000002
851;1033.358;26.589999999999996;30.58;27.919999999999998;133.47199999999998;46.946;17.28;25.26;180.30200000000002;42.55;56.494;37.230000000000004;31.91;26.589999999999996;199.041;37.230000000000004;25.26;17.28;54.519999999999996;46.638000000000005;217.26;19.939999999999998;17.28;23.93;22.599999999999998;17.28;22.599999999999998;21.27;45.209999999999994;263.6
852;1183.282;24.6;13.959999999999999;19.28;136.527;25.93;8.64;9.969999999999999;145.11399999999998;16.62;21.939999999999998;13.959999999999999;19.28;16.62;156.713;8.64;8.64;8.64;43.22;9.969999999999999;180.08599999999998;9.969999999999999;9.969999999999999;12.63;12.63;8.64;11.299999999999999;11.299999999999999;15.29;229.856
853;57.849999999999994;25.93;24.6;8.64;8.64;8.64;8.64;8.64;8.64;8.64;8.64;8.64;8.64;8.64;8.64;8.64;8.64;8.64;8.64;8.64;8.64;8.64;8.64;8.64;8.64;8.64;8.64;8.64;8.64;8.64
854;403.73400000000004;40.56;13.959999999999999;16.62;8.64;8.64;8.64;8.64;8.64;8.64;8.64;8.64;8.64;8.64;8.64;8.64;8.64;8.64;8.64;8.64;8.64;8.64;8.64;8.64;8.64;8.64;8.64;8.64;8.64;8.64
855;2167.3019999999997;34.57;34.57;54.519999999999996;155.158;69.55600000000001;17.28;35.9;194.32999999999998;55.849999999999994;106.586;53.19;57.18;50.53;195.17;45.209999999999994;22.599999999999998;17.28;82.45;39.343999999999994;240.58599999999998;41.22;54.519999999999996;45.14;58.370000000000005;17.28;33.24;38.56;45.209999999999994;310.95000000000005
856;1908.77;34.239999999999995;27.590000000000003;28.92;143.232;41.534000000000006;12.959999999999999;32.91;176.44;28.92;76.142;44.879999999999995;35.57000000000001;22.27;185.62899999999996;20.94;14.29;12.959999999999999;42.22;37.068;221.47999999999996;20.94;12.959999999999999;19.61;18.28;12.959999999999999;18.28;14.29;20.94;241.673
857;1000.002;23.6;19.61;27.590000000000003;133.189;35.738;12.959999999999999;28.92;164.381;22.27;25.714;23.6;36.9;23.6;178.40200000000002;22.27;14.29;12.959999999999999;51.53;26.259999999999998;194.35000000000002;20.94;30.25;20.94;18.28;12.959999999999999;19.61;15.62;19.61;269.47900000000004
858;228.734;16.62;11.299999999999999;17.95;107.978;8.64;8.64;9.969999999999999;123.49499999999999;9.969999999999999;8.64;8.64;8.64;8.64;8.64;8.64;8.64;8.64;12.63;8.64;8.64;8.64;8.64;8.64;8.64;8.64;8.64;8.64;8.64;8.64
859;165.26600000000002;16.95;12.959999999999999;19.61;110.381;14.29;12.959999999999999;14.29;12.959999999999999;12.959999999999999;12.959999999999999;12.959999999999999;12.959999999999999;12.959999999999999;12.959999999999999;12.959999999999999;12.959999999999999;12.959999999999999;12.959999999999999;12.959999999999999;12.959999999999999;12.959999999999999;12.959999999999999;12.959999999999999;12.959999999999999;12.959999999999999;12.959999999999999;12.959999999999999;12.959999999999999;12.959999999999999
860;825.1560000000001;18.28;22.27;22.27;122.928;35.43;12.959999999999999;23.6;162.365;24.93;18.28;16.95;18.28;15.62;163.56900000000002;14.29;14.29;12.959999999999999;50.2;19.61;201.307;18.28;22.27;18.28;15.62;12.959999999999999;19.61;14.29;15.62;261.01599999999996
861;2760.438;55.19;41.89;43.22;116.644;44.242;8.64;43.22;162.959;63.17;84.954;68.49000000000001;40.56;32.58;190.738;67.16;51.199999999999996;8.64;53.86000000000001;48.946;225.973;23.270000000000003;25.93;34.693999999999996;45.263999999999996;8.64;48.54;37.900000000000006;39.705999999999996;267.041
862;814.894;27.590000000000003;12.959999999999999;20.94;126.86600000000001;17.734;12.959999999999999;18.28;152.733;18.28;12.959999999999999;19.61;16.95;16.95;150.70999999999998;15.62;15.62;12.959999999999999;24.93;12.959999999999999;165.338;14.29;15.62;16.95;14.29;12.959999999999999;15.62;15.62;14.29;18.28
863;623.654;15.62;12.959999999999999;14.29;109.11800000000001;12.959999999999999;12.959999999999999;12.959999999999999;125.68;15.62;14.29;14.29;16.95;12.959999999999999;122.285;14.29;14.29;12.959999999999999;14.29;15.62;153.95999999999998;16.95;14.29;14.29;14.29;12.959999999999999;15.62;14.29;14.29;169.668
864;51.53;19.61;16.95;12.959999999999999;12.959999999999999;12.959999999999999;12.959999999999999;12.959999999999999;12.959999999999999;12.959999999999999;12.959999999999999;12.959999999999999;12.959999999999999;12.959999999999999;12.959999999999999;12.959999999999999;12.959999999999999;12.959999999999999;12.959999999999999;12.959999999999999;12.959999999999999;12.959999999999999;12.959999999999999;12.959999999999999;12.959999999999999;12.959999999999999;12.959999999999999;12.959999999999999;12.959999999999999;15.62
865;65.398;26.589999999999996;23.93;17.28;17.28;17.28;17.28;17.28;17.28;17.28;17.28;17.28;17.28;17.28;17.28;17.28;17.28;17.28;17.28;17.28;17.28;17.28;17.28;17.28;17.28;17.28;17.28;17.28;17.28;17.28
866;1767.2999999999997;34.239999999999995;38.230000000000004;30.25;128.773;45.286;12.959999999999999;27.590000000000003;182.674;34.239999999999995;70.822;43.55;34.239999999999995;36.9;167.351;30.25;15.62;12.959999999999999;42.22;51.936;184.459;27.590000000000003;24.93;40.582;39.658;12.959999999999999;12.959999999999999;18.28;26.259999999999998;272.86
867;967.43;24.6;19.28;31.25;109.11;44.172;8.64;35.239999999999995;163.72899999999998;27.259999999999998;69.708;37.900000000000006;29.919999999999998;25.93;171.375;45.88;32.58;8.64;45.88;40.728;211.987;17.95;28.59;17.95;39.636;8.64;32.58;21.939999999999998;33.602;266.88300000000004
868;1136.196;48.199999999999996;60.17;54.85;150.5;35.684;21.6;34.9;170.272;37.56;29.580000000000002;28.25;36.230000000000004;40.22;169.824;28.25;21.6;21.6;101.4;71.048;212.63600000000002;29.580000000000002;30.909999999999997;33.57;25.59;21.6;28.25;24.259999999999998;29.580000000000002;264.413
869;1178.222;31.58;27.590000000000003;30.25;119.43599999999999;41.366;12.959999999999999;26.259999999999998;143.017;43.55;27.590000000000003;38.230000000000004;22.27;22.27;147.961;20.94;18.28;12.959999999999999;44.879999999999995;30.25;190.843;26.259999999999998;19.61;19.61;19.61;12.959999999999999;22.27;18.28;23.6;264.91700000000003
870;1709.158;27.590000000000003;27.590000000000003;28.92;146.531;43.956;12.959999999999999;32.91;195.75099999999998;44.879999999999995;76.45;60.84;36.9;31.58;194.082;42.22;24.93;12.959999999999999;63.5;55.617999999999995;232.421;27.590000000000003;42.22;33.931999999999995;36.284;12.959999999999999;26.259999999999998;23.6;32.602000000000004;286.972
871;1671.784;8.64;11.299999999999999;9.969999999999999;96.137;9.969999999999999;8.64;9.969999999999999;124.258;13.959999999999999;9.969999999999999;13.959999999999999;8.64;15.29;134.715;9.969999999999999;8.64;8.64;53.86000000000001;11.299999999999999;177.701;8.64;9.969999999999999;12.63;8.64;8.64;11.299999999999999;8.64;11.299999999999999;228.47400000000005
872;240.39;20.94;19.61;15.62;124.845;14.29;12.959999999999999;14.29;95.286;12.959999999999999;12.959999999999999;12.959999999999999;12.959999999999999;12.959999999999999;12.959999999999999;12.959999999999999;12.959999999999999;12.959999999999999;12.959999999999999;12.959999999999999;12.959999999999999;12.959999999999999;12.959999999999999;12.959999999999999;12.959999999999999;12.959999999999999;12.959999999999999;12.959999999999999;12.959999999999999;15.62
873;1394.5420000000001;32.58;25.93;29.919999999999998;114.524;37.592;8.64;27.259999999999998;155.489;15.29;8.64;17.95;33.91;21.939999999999998;166.74599999999998;16.62;8.64;8.64;52.53;41.82000000000001;213.64200000000002;15.29;8.64;17.95;13.959999999999999;8.64;17.95;9.969999999999999;20.61;245.702
874;2455.6659999999997;48.870000000000005;38.230000000000004;47.54;136.899;47.946;12.959999999999999;40.89;193.101;71.48;95.23800000000001;52.86;59.510000000000005;51.53;199.72899999999998;51.53;34.239999999999995;12.959999999999999;188.52;57.80200000000001;230.04399999999998;43.55;31.58;27.590000000000003;47.946;12.959999999999999;36.9;44.879999999999995;45.902;314.59
875;1092.962;28.92;30.25;28.92;119.16099999999999;38.636;12.959999999999999;27.590000000000003;177.032;48.870000000000005;66.496;35.57000000000001;32.91;28.92;174.68699999999998;31.58;30.25;12.959999999999999;43.55;44.571999999999996;206.698;24.93;35.57000000000001;20.94;33.931999999999995;12.959999999999999;15.62;18.28;27.828;269.578
876;202.148;8.64;9.969999999999999;9.969999999999999;61.359;9.969999999999999;8.64;8.64;67.04299999999999;8.64;8.64;11.299999999999999;8.64;16.62;110.57599999999998;19.28;8.64;8.64;8.64;8.64;8.64;8.64;8.64;8.64;8.64;8.64;8.64;8.64;8.64;8.64
877;819.296;16.62;31.25;28.59;114.472;35.239999999999995;8.64;28.59;155.24900000000002;41.89;54.91;45.88;33.91;23.270000000000003;140.13400000000001;27.259999999999998;24.6;8.64;37.900000000000006;21.939999999999998;150.781;9.969999999999999;13.959999999999999;16.62;11.299999999999999;8.64;19.28;11.299999999999999;21.939999999999998;208.23700000000002
878;1470.1779999999999;35.57000000000001;44.879999999999995;43.55;122.148;50.60600000000001;12.959999999999999;44.879999999999995;183.68699999999998;60.84;92.172;52.86;36.9;36.9;175.383;67.49;31.58;12.959999999999999;52.86;58.586;217.035;32.91;39.56;32.91;38.944;12.959999999999999;36.9;32.91;36.592;286.61300000000006
879;261.29200000000003;16.95;20.94;23.6;147.21699999999998;14.29;12.959999999999999;14.29;133.016;15.62;12.959999999999999;12.959999999999999;12.959999999999999;12.959999999999999;151.349;12.959999999999999;12.959999999999999;12.959999999999999;12.959999999999999;12.959999999999999;12.959999999999999;12.959999999999999;12.959999999999999;12.959999999999999;12.959999999999999;12.959999999999999;12.959999999999999;12.959999999999999;12.959999999999999;14.29
880;4043.006;23.270000000000003;20.61;31.25;129.29500000000002;51.606;8.64;45.88;173.725;32.58;51.06;36.57;28.59;31.25;180.09300000000002;32.58;15.29;8.64;99.08000000000001;54.266000000000005;223.469;20.61;20.61;13.959999999999999;13.959999999999999;8.64;17.95;13.959999999999999;17.95;262.338
881;9.969999999999999;8.64;8.64;8.64;8.64;8.64;8.64;8.64;8.64;8.64;8.64;8.64;8.64;8.64;8.64;8.64;8.64;8.64;8.64;8.64;8.64;8.64;8.64;8.64;8.64;8.64;8.64;8.64;8.64;8.64
882;167.76600000000002;22.599999999999998;21.27;19.939999999999998;123.15899999999999;17.28;17.28;17.28;17.28;17.28;17.28;17.28;17.28;17.28;17.28;17.28;17.28;17.28;17.28;17.28;17.28;17.28;17.28;17.28;17.28;17.28;17.28;17.28;17.28;19.939999999999998
883;16.95;12.959999999999999;12.959999999999999;12.959999999999999;12.959999999999999;12.959999999999999;12.959999999999999;12.959999999999999;12.959999999999999;12.959999999999999;12.959999999999999;12.959999999999999;12.959999999999999;12.959999999999999;12.959999999999999;12.959999999999999;12.959999999999999;12.959999999999999;12.959999999999999;12.959999999999999;12.959999999999999;12.959999999999999;12.959999999999999;12.959999999999999;12.959999999999999;12.959999999999999;12.959999999999999;12.959999999999999;12.959999999999999;12.959999999999999
884;43.55;15.62;12.959999999999999;14.29;12.959999999999999;12.959999999999999;12.959999999999999;12.959999999999999;12.959999999999999;12.959999999999999;12.959999999999999;12.959999999999999;12.959999999999999;12.959999999999999;12.959999999999999;12.959999999999999;12.959999999999999;12.959999999999999;12.959999999999999;12.959999999999999;12.959999999999999;12.959999999999999;12.959999999999999;12.959999999999999;12.959999999999999;12.959999999999999;12.959999999999999;12.959999999999999;12.959999999999999;12.959999999999999
885;1378.778;33.91;32.58;35.239999999999995;103.359;19.28;8.64;13.959999999999999;79.281;21.939999999999998;12.63;20.61;9.969999999999999;19.28;122.324;19.28;16.62;8.64;39.23;15.29;154.69;9.969999999999999;17.95;8.64;8.64;8.64;11.299999999999999;8.64;9.969999999999999;193.929
886;110.504;29.919999999999998;21.939999999999998;11.299999999999999;8.64;8.64;8.64;8.64;8.64;8.64;8.64;8.64;8.64;8.64;8.64;8.64;8.64;8.64;8.64;8.64;8.64;8.64;8.64;8.64;8.64;8.64;8.64;8.64;8.64;13.959999999999999
887;14.29;12.959999999999999;12.959999999999999;12.959999999999999;12.959999999999999;12.959999999999999;12.959999999999999;12.959999999999999;12.959999999999999;12.959999999999999;12.959999999999999;12.959999999999999;12.959999999999999;12.959999999999999;12.959999999999999;12.959999999999999;12.959999999999999;12.959999999999999;12.959999999999999;12.959999999999999;12.959999999999999;12.959999999999999;12.959999999999999;12.959999999999999;12.959999999999999;12.959999999999999;12.959999999999999;12.959999999999999;12.959999999999999;12.959999999999999
888;246.074;12.959999999999999;12.959999999999999;12.959999999999999;98.90899999999999;12.959999999999999;12.959999999999999;12.959999999999999;120.80099999999999;12.959999999999999;12.959999999999999;12.959999999999999;12.959999999999999;14.29;137.648;12.959999999999999;12.959999999999999;12.959999999999999;12.959999999999999;12.959999999999999;12.959999999999999;12.959999999999999;12.959999999999999;12.959999999999999;12.959999999999999;12.959999999999999;12.959999999999999;12.959999999999999;12.959999999999999;12.959999999999999
889;203.92;15.62;12.959999999999999;14.29;125.48400000000001;12.959999999999999;12.959999999999999;12.959999999999999;12.959999999999999;12.959999999999999;12.959999999999999;12.959999999999999;12.959999999999999;12.959999999999999;12.959999999999999;12.959999999999999;12.959999999999999;12.959999999999999;12.959999999999999;12.959999999999999;12.959999999999999;12.959999999999999;12.959999999999999;12.959999999999999;12.959999999999999;12.959999999999999;12.959999999999999;12.959999999999999;12.959999999999999;14.29
890;1081.586;12.63;16.62;11.299999999999999;125.154;12.63;8.64;13.959999999999999;132.114;19.28;20.61;13.959999999999999;17.95;12.63;132.003;19.28;13.959999999999999;8.64;17.95;20.61;15.29;11.299999999999999;13.959999999999999;12.63;11.299999999999999;8.64;13.959999999999999;8.64;11.299999999999999;225.40800000000002
891;1296.746;28.92;27.590000000000003;34.239999999999995;115.81499999999998;42.626000000000005;12.959999999999999;31.58;170.018;38.230000000000004;69.01599999999999;39.56;31.58;23.6;162.955;24.93;24.93;12.959999999999999;40.89;43.956;220.152;24.93;23.6;36.592;43.956;12.959999999999999;27.590000000000003;18.28;27.282;235.823
892;372.066;16.62;11.299999999999999;23.270000000000003;143.49900000000002;32.272000000000006;8.64;9.969999999999999;139.643;8.64;8.64;11.299999999999999;9.969999999999999;9.969999999999999;161.05700000000002;8.64;8.64;8.64;20.61;8.64;186.726;8.64;8.64;8.64;8.64;8.64;8.64;8.64;8.64;8.64
893;159.87599999999998;16.95;20.94;14.29;12.959999999999999;14.29;12.959999999999999;12.959999999999999;131.63400000000001;12.959999999999999;12.959999999999999;12.959999999999999;12.959999999999999;12.959999999999999;12.959999999999999;12.959999999999999;12.959999999999999;12.959999999999999;12.959999999999999;12.959999999999999;12.959999999999999;12.959999999999999;12.959999999999999;12.959999999999999;12.959999999999999;12.959999999999999;12.959999999999999;12.959999999999999;12.959999999999999;12.959999999999999
894;1973.668;39.89;33.24;39.89;138.20000000000002;45.616;17.28;33.24;178.10500000000002;34.57;75.99600000000001;46.540000000000006;31.91;33.24;172.731;38.56;33.24;17.28;63.83;50.39;210.55900000000003;27.919999999999998;39.89;33.716;37.16;17.28;41.22;27.919999999999998;23.93;248.606
895;661.558;13.959999999999999;9.969999999999999;24.6;96.506;39.874;8.64;13.959999999999999;137.476;8.64;8.64;8.64;8.64;8.64;8.64;8.64;8.64;8.64;8.64;8.64;8.64;8.64;8.64;8.64;8.64;8.64;8.64;8.64;8.64;16.62
896;2549.256;28.92;23.6;27.590000000000003;137.501;36.284;12.959999999999999;27.590000000000003;171.717;16.95;30.964;19.61;36.9;26.259999999999998;193.44299999999998;14.29;20.94;12.959999999999999;46.21;34.716;211.28099999999998;22.27;20.94;27.828;20.94;12.959999999999999;20.94;15.62;14.29;248.00099999999998
897;18.61;17.28;17.28;17.28;17.28;17.28;17.28;17.28;17.28;17.28;17.28;17.28;17.28;17.28;17.28;17.28;17.28;17.28;17.28;17.28;17.28;17.28;17.28;17.28;17.28;17.28;17.28;17.28;17.28;17.28
898;1022.4159999999999;12.959999999999999;12.959999999999999;12.959999999999999;132.867;12.959999999999999;12.959999999999999;12.959999999999999;118.02699999999999;12.959999999999999;12.959999999999999;12.959999999999999;12.959999999999999;14.29;140.189;12.959999999999999;12.959999999999999;12.959999999999999;54.19;14.29;164.486;12.959999999999999;12.959999999999999;12.959999999999999;12.959999999999999;12.959999999999999;12.959999999999999;12.959999999999999;15.62;216.433
899;1670.966;36.9;26.259999999999998;32.91;141.954;32.602000000000004;12.959999999999999;22.27;151.086;22.27;16.95;26.259999999999998;27.590000000000003;24.93;178.984;15.62;15.62;12.959999999999999;63.5;23.054000000000002;219.77;18.28;15.62;24.93;19.61;12.959999999999999;26.259999999999998;16.95;16.95;258.361
900;188.506;20.94;19.61;16.95;80.792;12.959999999999999;12.959999999999999;12.959999999999999;15.62;12.959999999999999;12.959999999999999;12.959999999999999;12.959999999999999;12.959999999999999;12.959999999999999;12.959999999999999;12.959999999999999;12.959999999999999;15.62;12.959999999999999;12.959999999999999;12.959999999999999;12.959999999999999;12.959999999999999;12.959999999999999;12.959999999999999;12.959999999999999;12.959999999999999;12.959999999999999;14.29
901;327.296;27.919999999999998;34.57;25.26;123.481;40.296;17.28;19.939999999999998;134.352;21.27;22.599999999999998;19.939999999999998;18.61;19.939999999999998;186.021;19.939999999999998;18.61;17.28;19.939999999999998;17.28;195.817;17.28;17.28;17.28;17.28;17.28;17.28;17.28;17.28;18.61
902;803.07;9.969999999999999;8.64;8.64;125.57;8.64;8.64;9.969999999999999;149.416;8.64;8.64;8.64;11.299999999999999;9.969999999999999;160.94799999999998;9.969999999999999;8.64;8.64;25.93;11.299999999999999;179.873;9.969999999999999;8.64;8.64;8.64;8.64;8.64;8.64;8.64;234.64100000000002
903;280.674;21.939999999999998;12.63;16.62;97.78899999999999;13.959999999999999;8.64;9.969999999999999;8.64;8.64;8.64;8.64;8.64;8.64;8.64;8.64;8.64;8.64;9.969999999999999;8.64;8.64;8.64;8.64;8.64;8.64;8.64;8.64;8.64;8.64;9.969999999999999
904;37.900000000000006;8.64;8.64;8.64;8.64;8.64;8.64;8.64;8.64;8.64;8.64;8.64;8.64;8.64;8.64;8.64;8.64;8.64;12.63;8.64;8.64;8.64;8.64;8.64;8.64;8.64;8.64;8.64;8.64;8.64
905;1157.3899999999999;26.259999999999998;35.57000000000001;22.27;116.92699999999999;34.646;12.959999999999999;24.93;158.697;23.6;24.93;23.6;19.61;16.95;166.22899999999998;15.62;16.95;12.959999999999999;34.239999999999995;30.726;197.057;16.95;23.6;19.61;22.746000000000002;12.959999999999999;19.61;15.62;14.29;248.84300000000002
906;1170.3819999999998;31.58;26.259999999999998;14.29;127.822;15.62;12.959999999999999;16.95;111.44899999999998;18.28;15.62;12.959999999999999;12.959999999999999;15.62;138.287;15.62;15.62;12.959999999999999;27.590000000000003;14.29;168.83499999999998;14.29;15.62;14.29;14.29;12.959999999999999;12.959999999999999;12.959999999999999;15.62;204.738
907;9.969999999999999;8.64;8.64;8.64;8.64;8.64;8.64;8.64;8.64;8.64;8.64;8.64;8.64;8.64;8.64;8.64;8.64;8.64;8.64;8.64;8.64;8.64;8.64;8.64;8.64;8.64;8.64;8.64;8.64;8.64
908;1871.93;35.9;31.91;38.56;146.544;45.07;17.28;33.24;175.076;30.58;26.282;25.26;30.58;27.919999999999998;193.456;29.25;22.599999999999998;17.28;47.87;25.26;207.06099999999998;23.93;19.939999999999998;19.939999999999998;27.612000000000002;17.28;22.599999999999998;17.28;25.26;273.482
909;2147.226;30.58;39.89;38.56;138.153;65.874;17.28;49.2;177.00300000000001;42.55;81.86200000000001;50.53;43.879999999999995;39.89;195.217;47.87;29.25;17.28;43.879999999999995;47.254;227.214;26.589999999999996;27.919999999999998;27.919999999999998;40.604;17.28;18.61;21.27;31.602;285.60800000000006
910;2413.0919999999996;68.82;67.49;48.870000000000005;134.113;47.232;12.959999999999999;35.57000000000001;167.638;70.15;74.64399999999999;62.169999999999995;58.18000000000001;47.54;153.759;59.510000000000005;23.6;12.959999999999999;76.8;28.92;205.151;27.590000000000003;32.91;19.61;22.27;12.959999999999999;26.259999999999998;22.27;22.27;266.408
911;2060.046;25.93;23.270000000000003;23.270000000000003;121.164;29.611999999999995;8.64;24.6;136.998;35.239999999999995;13.959999999999999;19.28;28.59;23.270000000000003;153.476;13.959999999999999;8.64;8.64;25.93;27.259999999999998;182.00799999999998;13.959999999999999;12.63;16.62;12.63;8.64;19.28;12.63;17.95;255.59900000000005
912;145.414;19.61;14.29;12.959999999999999;120.808;12.959999999999999;12.959999999999999;12.959999999999999;15.62;12.959999999999999;12.959999999999999;14.29;32.91;14.29;137.482;16.95;16.95;12.959999999999999;15.62;12.959999999999999;171.173;12.959999999999999;12.959999999999999;12.959999999999999;12.959999999999999;12.959999999999999;12.959999999999999;12.959999999999999;12.959999999999999;15.62
913;9.969999999999999;8.64;8.64;8.64;8.64;8.64;8.64;8.64;8.64;8.64;8.64;8.64;8.64;8.64;8.64;8.64;8.64;8.64;8.64;8.64;8.64;8.64;8.64;8.64;8.64;8.64;8.64;8.64;8.64;8.64
914;1342.35;16.62;15.29;28.59;130.89;15.29;8.64;15.29;129.065;12.63;8.64;12.63;11.299999999999999;13.959999999999999;184.561;17.95;8.64;8.64;45.88;12.63;201.82399999999998;11.299999999999999;11.299999999999999;8.64;9.969999999999999;8.64;11.299999999999999;8.64;9.969999999999999;268.052
915;421.032;44.879999999999995;32.91;23.6;14.29;15.62;12.959999999999999;16.95;12.959999999999999;12.959999999999999;12.959999999999999;12.959999999999999;12.959999999999999;12.959999999999999;12.959999999999999;12.959999999999999;12.959999999999999;12.959999999999999;16.95;12.959999999999999;12.959999999999999;12.959999999999999;12.959999999999999;12.959999999999999;12.959999999999999;12.959999999999999;12.959999999999999;12.959999999999999;12.959999999999999;15.62
916;299.826;16.62;15.29;9.969999999999999;91.139;9.969999999999999;8.64;8.64;9.969999999999999;8.64;11.299999999999999;16.62;9.969999999999999;8.64;104.945;8.64;8.64;8.64;8.64;8.64;8.64;8.64;8.64;8.64;8.64;8.64;8.64;8.64;8.64;9.969999999999999
917;198.334;18.28;22.27;28.92;97.797;12.959999999999999;12.959999999999999;12.959999999999999;117.89099999999999;12.959999999999999;12.959999999999999;12.959999999999999;15.62;16.95;115.234;12.959999999999999;14.29;12.959999999999999;20.94;12.959999999999999;139.907;15.62;12.959999999999999;12.959999999999999;12.959999999999999;12.959999999999999;12.959999999999999;12.959999999999999;14.29;16.95
918;444.51;24.93;19.61;16.95;139.19500000000002;12.959999999999999;12.959999999999999;12.959999999999999;149.481;12.959999999999999;12.959999999999999;12.959999999999999;12.959999999999999;12.959999999999999;12.959999999999999;12.959999999999999;12.959999999999999;12.959999999999999;12.959999999999999;12.959999999999999;12.959999999999999;12.959999999999999;12.959999999999999;12.959999999999999;12.959999999999999;12.959999999999999;12.959999999999999;12.959999999999999;12.959999999999999;14.29
919;1091.444;22.599999999999998;19.939999999999998;27.919999999999998;109.941;22.599999999999998;17.28;18.61;130.966;33.24;21.27;19.939999999999998;19.939999999999998;54.519999999999996;116.525;19.939999999999998;19.939999999999998;17.28;89.10000000000001;30.58;109.50399999999999;18.61;19.939999999999998;19.939999999999998;17.28;17.28;17.28;17.28;18.61;206.797
920;1606.924;47.87;35.9;37.230000000000004;127.57;40.296;17.28;31.91;167.106;41.22;88.442;45.209999999999994;30.58;30.58;193.61200000000002;33.24;22.599999999999998;17.28;45.209999999999994;40.366;218.11700000000002;22.599999999999998;33.24;26.589999999999996;41.388;17.28;30.58;25.26;29.25;267.092
921;218.75199999999998;9.969999999999999;8.64;8.64;115.579;8.64;8.64;8.64;106.272;8.64;8.64;8.64;8.64;8.64;8.64;8.64;8.64;8.64;8.64;8.64;8.64;8.64;8.64;8.64;8.64;8.64;8.64;8.64;8.64;8.64
922;411.11199999999997;23.270000000000003;11.299999999999999;20.61;107.188;26.951999999999998;8.64;16.62;8.64;8.64;8.64;8.64;8.64;8.64;8.64;8.64;8.64;8.64;8.64;8.64;8.64;8.64;8.64;8.64;8.64;8.64;8.64;8.64;8.64;12.63
923;1537.734;28.59;12.63;11.299999999999999;111.59400000000001;12.63;8.64;12.63;142.085;12.63;13.959999999999999;9.969999999999999;11.299999999999999;12.63;159.041;8.64;9.969999999999999;8.64;20.61;15.29;187.531;15.29;8.64;12.63;13.959999999999999;8.64;12.63;13.959999999999999;16.62;249.11000000000004
924;309.06;26.259999999999998;30.25;23.6;110.45299999999999;15.62;12.959999999999999;14.29;90.61;15.62;12.959999999999999;15.62;14.29;15.62;91.891;14.29;12.959999999999999;12.959999999999999;12.959999999999999;12.959999999999999;118.568;12.959999999999999;12.959999999999999;12.959999999999999;12.959999999999999;12.959999999999999;12.959999999999999;12.959999999999999;12.959999999999999;15.62
925;1418.694;47.87;62.5;51.86;150.534;39.89;17.28;35.9;165.677;43.879999999999995;27.919999999999998;39.89;30.58;25.26;188.894;29.25;25.26;17.28;54.519999999999996;46.232;203.86899999999997;33.24;31.91;26.589999999999996;25.26;17.28;23.93;22.599999999999998;31.91;265.782
926;1371.5199999999998;51.53;39.56;38.230000000000004;127.19299999999998;43.956;12.959999999999999;20.94;158.63000000000002;27.590000000000003;23.6;23.6;35.57000000000001;34.239999999999995;171.78199999999998;39.56;20.94;12.959999999999999;51.53;32.84;210.877;19.61;15.62;18.28;18.28;12.959999999999999;15.62;14.29;20.94;248.801
927;1005.308;28.92;15.62;19.61;141.21099999999998;15.62;12.959999999999999;16.95;142.046;15.62;16.95;16.95;16.95;16.95;171.113;14.29;12.959999999999999;12.959999999999999;36.9;18.28;204.388;14.29;15.62;14.29;14.29;12.959999999999999;16.95;12.959999999999999;14.29;253.514
928;2275.8920000000003;84.78;63.5;63.5;153.18099999999998;68.372;12.959999999999999;36.9;190.332;74.13999999999999;87.87400000000001;38.230000000000004;50.2;40.89;192.502;63.5;26.259999999999998;12.959999999999999;103.4;55.926;228.77599999999998;43.55;36.9;34.716;40.274;12.959999999999999;27.590000000000003;31.58;44.879999999999995;276.367
929;9.969999999999999;8.64;8.64;8.64;8.64;8.64;8.64;8.64;8.64;8.64;8.64;8.64;8.64;8.64;8.64;8.64;8.64;8.64;8.64;8.64;8.64;8.64;8.64;8.64;8.64;8.64;8.64;8.64;8.64;8.64
930;14.29;12.959999999999999;12.959999999999999;12.959999999999999;12.959999999999999;12.959999999999999;12.959999999999999;12.959999999999999;12.959999999999999;12.959999999999999;12.959999999999999;12.959999999999999;12.959999999999999;12.959999999999999;12.959999999999999;12.959999999999999;12.959999999999999;12.959999999999999;12.959999999999999;12.959999999999999;12.959999999999999;12.959999999999999;12.959999999999999;12.959999999999999;12.959999999999999;12.959999999999999;12.959999999999999;12.959999999999999;12.959999999999999;12.959999999999999
931;1207.8380000000002;12.63;11.299999999999999;19.28;114.202;22.653999999999996;8.64;12.63;134.021;19.28;17.95;16.62;13.959999999999999;12.63;161.062;8.64;8.64;8.64;24.6;23.984;181.89399999999998;11.299999999999999;19.28;11.299999999999999;9.969999999999999;8.64;16.62;19.28;15.29;230.661
932;820.724;11.299999999999999;8.64;17.95;113.88;23.438;8.64;13.959999999999999;135.029;13.959999999999999;8.64;8.64;13.959999999999999;12.63;160.579;8.64;8.64;8.64;29.919999999999998;11.299999999999999;172.542;9.969999999999999;16.62;13.959999999999999;9.969999999999999;8.64;16.62;15.29;13.959999999999999;214.97600000000003
933;2398.6859999999997;27.590000000000003;30.25;30.25;147.596;43.956;12.959999999999999;34.239999999999995;179.858;42.22;87.56599999999999;52.86;42.22;31.58;185.94599999999997;48.870000000000005;23.6;12.959999999999999;52.86;49.275999999999996;234.647;28.92;34.239999999999995;35.262;41.604;12.959999999999999;42.22;38.230000000000004;48.562;299.108
934;1564.51;30.25;34.239999999999995;59.510000000000005;124.434;34.239999999999995;12.959999999999999;28.92;179.286;56.85;55.926;52.86;38.230000000000004;34.239999999999995;183.514;42.22;26.259999999999998;12.959999999999999;66.16;30.25;209.183;20.94;22.27;23.6;20.94;12.959999999999999;23.6;19.61;23.6;258.58900000000006
935;497.73799999999994;26.259999999999998;16.95;27.590000000000003;134.519;31.272;12.959999999999999;23.6;162.08499999999998;15.62;12.959999999999999;12.959999999999999;22.27;24.93;166.338;12.959999999999999;15.62;12.959999999999999;22.27;25.952;186.692;12.959999999999999;12.959999999999999;12.959999999999999;12.959999999999999;12.959999999999999;12.959999999999999;12.959999999999999;12.959999999999999;14.29
936;262.18;12.63;13.959999999999999;20.61;110.118;17.95;8.64;16.62;122.97;13.959999999999999;31.656;23.270000000000003;28.59;23.270000000000003;152.032;28.59;17.95;8.64;28.59;18.734;172.334;16.62;8.64;8.64;8.64;8.64;8.64;8.64;8.64;169.702
937;1274.52;20.61;21.939999999999998;28.59;115.80199999999999;47.07000000000001;8.64;27.259999999999998;169.002;28.59;62.036;31.25;25.93;24.6;137.05800000000002;24.6;15.29;8.64;55.19;16.62;157.781;13.959999999999999;11.299999999999999;15.29;13.959999999999999;8.64;11.299999999999999;11.299999999999999;15.29;175.183
938;1144.1100000000001;40.56;24.6;24.6;130.298;14.982;8.64;9.969999999999999;133.154;11.299999999999999;8.64;17.95;19.28;12.63;173.27700000000002;16.62;8.64;8.64;33.91;11.299999999999999;190.233;12.63;8.64;8.64;9.969999999999999;8.64;9.969999999999999;8.64;9.969999999999999;245.48400000000004
939;851.588;12.959999999999999;14.29;28.92;119.48299999999998;25.952;12.959999999999999;27.590000000000003;153.429;43.55;22.27;36.9;31.58;22.27;170.74900000000002;18.28;27.590000000000003;12.959999999999999;42.22;15.62;192.15800000000002;15.62;15.62;12.959999999999999;12.959999999999999;12.959999999999999;12.959999999999999;12.959999999999999;12.959999999999999;14.29
940;440.582;21.939999999999998;11.299999999999999;12.63;109.9;11.299999999999999;8.64;11.299999999999999;126.68499999999999;8.64;8.64;8.64;8.64;8.64;8.64;8.64;8.64;8.64;8.64;8.64;8.64;8.64;8.64;8.64;8.64;8.64;8.64;8.64;8.64;9.969999999999999
941;808.5939999999999;18.28;19.61;26.259999999999998;128.83499999999998;16.95;12.959999999999999;16.95;131.0;18.28;15.62;15.62;16.95;15.62;166.707;15.62;12.959999999999999;12.959999999999999;35.57000000000001;15.62;171.485;14.29;12.959999999999999;16.95;15.62;12.959999999999999;18.28;12.959999999999999;16.95;233.64600000000002
942;313.154;23.270000000000003;24.6;21.939999999999998;116.607;11.299999999999999;8.64;9.969999999999999;12.63;8.64;8.64;8.64;8.64;8.64;8.64;8.64;8.64;8.64;11.299999999999999;8.64;8.64;8.64;8.64;8.64;8.64;8.64;8.64;8.64;8.64;8.64
943;64.52199999999999;16.95;12.959999999999999;12.959999999999999;12.959999999999999;12.959999999999999;12.959999999999999;12.959999999999999;12.959999999999999;12.959999999999999;12.959999999999999;12.959999999999999;12.959999999999999;12.959999999999999;12.959999999999999;12.959999999999999;12.959999999999999;12.959999999999999;12.959999999999999;12.959999999999999;12.959999999999999;12.959999999999999;12.959999999999999;12.959999999999999;12.959999999999999;12.959999999999999;12.959999999999999;12.959999999999999;12.959999999999999;14.29
944;1453.4340000000002;20.94;18.28;31.58;133.61;41.296;12.959999999999999;20.94;150.348;28.92;31.58;18.28;34.239999999999995;27.590000000000003;175.63299999999998;35.57000000000001;22.27;12.959999999999999;39.56;37.614;197.93900000000002;18.28;16.95;29.158;32.294;12.959999999999999;12.959999999999999;12.959999999999999;31.272;238.95100000000002
945;9.969999999999999;8.64;8.64;8.64;8.64;8.64;8.64;8.64;8.64;8.64;8.64;8.64;8.64;8.64;8.64;8.64;8.64;8.64;8.64;8.64;8.64;8.64;8.64;8.64;8.64;8.64;8.64;8.64;8.64;8.64
946;3743.786;47.87;46.540000000000006;55.849999999999994;129.695;47.254;17.28;35.9;207.687;82.45;109.372;65.16;42.55;51.86;195.388;59.839999999999996;45.209999999999994;17.28;138.31;52.028;237.078;49.2;54.519999999999996;46.232;61.268;17.28;49.2;43.879999999999995;57.894000000000005;294.24199999999996
947;1360.124;36.9;27.590000000000003;40.89;129.204;44.571999999999996;12.959999999999999;27.590000000000003;153.382;42.22;66.356;35.57000000000001;48.870000000000005;28.92;187.707;38.230000000000004;15.62;12.959999999999999;47.54;26.259999999999998;207.048;18.28;12.959999999999999;16.95;19.61;12.959999999999999;16.95;14.29;19.61;224.73000000000002
948;14.29;12.959999999999999;12.959999999999999;12.959999999999999;12.959999999999999;12.959999999999999;12.959999999999999;12.959999999999999;12.959999999999999;12.959999999999999;12.959999999999999;12.959999999999999;12.959999999999999;12.959999999999999;12.959999999999999;12.959999999999999;12.959999999999999;12.959999999999999;12.959999999999999;12.959999999999999;12.959999999999999;12.959999999999999;12.959999999999999;12.959999999999999;12.959999999999999;12.959999999999999;12.959999999999999;12.959999999999999;12.959999999999999;12.959999999999999
949;3732.942;31.58;30.25;32.91;135.158;43.410000000000004;12.959999999999999;24.93;184.051;27.590000000000003;58.992;26.259999999999998;32.91;27.590000000000003;186.58999999999997;32.91;16.95;12.959999999999999;32.91;36.284;217.74899999999997;18.28;24.93;19.61;18.28;12.959999999999999;20.94;19.61;18.28;255.86199999999997
950;67.94399999999999;8.64;12.63;8.64;111.57200000000002;8.64;8.64;8.64;8.64;8.64;8.64;8.64;8.64;8.64;8.64;8.64;8.64;8.64;8.64;8.64;8.64;8.64;8.64;8.64;8.64;8.64;8.64;8.64;8.64;8.64
951;110.504;12.63;9.969999999999999;11.299999999999999;95.815;8.64;8.64;8.64;104.994;8.64;8.64;8.64;8.64;8.64;8.64;8.64;8.64;8.64;9.969999999999999;8.64;8.64;8.64;8.64;8.64;8.64;8.64;8.64;8.64;8.64;8.64
952;2576.744;25.93;25.93;27.259999999999998;126.853;20.302;8.64;17.95;154.097;23.270000000000003;13.959999999999999;13.959999999999999;16.62;17.95;180.296;12.63;12.63;8.64;43.22;16.62;209.586;13.959999999999999;11.299999999999999;15.29;16.62;8.64;13.959999999999999;12.63;12.63;247.817
953;1194.54;30.58;38.56;27.919999999999998;98.417;19.939999999999998;17.28;19.939999999999998;164.253;47.87;23.93;38.56;35.9;19.939999999999998;119.752;19.939999999999998;19.939999999999998;17.28;62.5;23.93;196.955;21.27;18.61;25.26;18.61;17.28;17.28;17.28;22.599999999999998;255.776
954;9.969999999999999;8.64;8.64;8.64;8.64;8.64;8.64;8.64;8.64;8.64;8.64;8.64;8.64;8.64;8.64;8.64;8.64;8.64;8.64;8.64;8.64;8.64;8.64;8.64;8.64;8.64;8.64;8.64;8.64;8.64
955;977.888;11.299999999999999;17.95;12.63;128.599;9.969999999999999;8.64;13.959999999999999;148.78199999999998;16.62;20.61;13.959999999999999;17.95;19.28;167.276;17.95;13.959999999999999;8.64;19.28;11.299999999999999;170.001;11.299999999999999;16.62;19.28;12.63;8.64;20.61;11.299999999999999;16.62;235.40400000000002
956;919.25;23.6;23.6;19.61;132.503;49.513999999999996;12.959999999999999;27.590000000000003;177.956;35.57000000000001;23.6;19.61;19.61;19.61;169.36700000000002;23.6;16.95;12.959999999999999;64.83;19.61;212.529;24.93;19.61;19.61;18.28;12.959999999999999;20.94;15.62;19.61;274.752
957;697.174;13.959999999999999;15.29;12.63;126.84800000000001;11.299999999999999;8.64;12.63;147.4;11.299999999999999;12.63;17.95;11.299999999999999;9.969999999999999;157.711;9.969999999999999;11.299999999999999;8.64;16.62;8.64;192.73200000000003;11.299999999999999;11.299999999999999;12.63;8.64;8.64;15.29;9.969999999999999;9.969999999999999;218.57
958;1541.5159999999998;33.24;33.24;53.19;129.767;48.275999999999996;17.28;31.91;184.66099999999997;47.87;41.934;33.24;45.209999999999994;33.24;187.673;35.9;25.26;17.28;61.17;27.374;211.695;33.24;31.91;31.91;44.593999999999994;17.28;25.26;30.58;41.934;286.52700000000004
959;103.26599999999999;8.64;8.64;8.64;8.64;8.64;8.64;8.64;8.64;8.64;8.64;8.64;8.64;8.64;8.64;8.64;8.64;8.64;8.64;8.64;8.64;8.64;8.64;8.64;8.64;8.64;8.64;8.64;8.64;9.969999999999999
960;215.79199999999997;22.27;20.94;18.28;118.83899999999998;12.959999999999999;12.959999999999999;12.959999999999999;127.612;12.959999999999999;12.959999999999999;12.959999999999999;12.959999999999999;12.959999999999999;12.959999999999999;12.959999999999999;12.959999999999999;12.959999999999999;12.959999999999999;12.959999999999999;12.959999999999999;12.959999999999999;12.959999999999999;12.959999999999999;12.959999999999999;12.959999999999999;12.959999999999999;12.959999999999999;12.959999999999999;14.29
961;1403.824;12.63;15.29;29.919999999999998;119.839;44.718;8.64;35.239999999999995;172.395;20.61;12.63;19.28;29.919999999999998;43.22;175.73399999999998;65.83;20.61;8.64;57.849999999999994;84.31;214.775;23.270000000000003;24.6;15.29;19.28;8.64;20.61;13.959999999999999;21.939999999999998;269.83500000000004
962;63.17;16.62;9.969999999999999;8.64;8.64;8.64;8.64;8.64;8.64;8.64;8.64;8.64;8.64;8.64;8.64;8.64;8.64;8.64;8.64;8.64;8.64;8.64;8.64;8.64;8.64;8.64;8.64;8.64;8.64;8.64
963;42.22;15.62;12.959999999999999;12.959999999999999;12.959999999999999;12.959999999999999;12.959999999999999;12.959999999999999;12.959999999999999;12.959999999999999;12.959999999999999;12.959999999999999;12.959999999999999;12.959999999999999;12.959999999999999;12.959999999999999;12.959999999999999;12.959999999999999;12.959999999999999;12.959999999999999;12.959999999999999;12.959999999999999;12.959999999999999;12.959999999999999;12.959999999999999;12.959999999999999;12.959999999999999;12.959999999999999;12.959999999999999;12.959999999999999
964;88.44;13.959999999999999;8.64;8.64;57.768;8.64;8.64;8.64;83.11000000000001;8.64;8.64;8.64;8.64;8.64;8.64;8.64;8.64;8.64;8.64;8.64;8.64;8.64;8.64;8.64;8.64;8.64;8.64;8.64;8.64;8.64
965;14.29;12.959999999999999;12.959999999999999;12.959999999999999;12.959999999999999;12.959999999999999;12.959999999999999;12.959999999999999;12.959999999999999;12.959999999999999;12.959999999999999;12.959999999999999;12.959999999999999;12.959999999999999;12.959999999999999;12.959999999999999;12.959999999999999;12.959999999999999;12.959999999999999;12.959999999999999;12.959999999999999;12.959999999999999;12.959999999999999;12.959999999999999;12.959999999999999;12.959999999999999;12.959999999999999;12.959999999999999;12.959999999999999;12.959999999999999
966;1280.59;15.62;50.2;31.58;138.509;40.274;12.959999999999999;30.25;164.012;24.93;32.91;22.27;23.6;19.61;165.382;34.239999999999995;23.6;12.959999999999999;22.27;35.57000000000001;206.029;24.93;24.93;14.29;15.62;12.959999999999999;18.28;15.62;15.62;259.483
967;2264.6279999999997;33.91;29.919999999999998;21.939999999999998;120.483;34.316;8.64;36.57;172.031;43.22;85.59800000000001;53.86000000000001;33.91;29.919999999999998;181.262;35.239999999999995;33.91;8.64;64.5;48.946;216.39499999999998;17.95;28.59;24.838;42.842000000000006;8.64;32.58;21.939999999999998;21.939999999999998;271.487
968;671.296;24.93;23.6;15.62;123.837;14.29;12.959999999999999;15.62;127.701;20.94;20.94;20.94;18.28;14.29;169.20600000000002;20.94;20.94;12.959999999999999;23.6;16.95;197.37400000000002;16.95;20.94;15.62;14.29;12.959999999999999;20.94;12.959999999999999;15.62;221.10399999999998
969;1346.5159999999998;16.95;15.62;26.259999999999998;142.86299999999997;32.294;12.959999999999999;31.58;159.425;19.61;52.342;19.61;27.590000000000003;26.259999999999998;184.247;12.959999999999999;12.959999999999999;12.959999999999999;34.239999999999995;36.284;216.741;20.94;14.29;20.94;22.27;12.959999999999999;12.959999999999999;12.959999999999999;16.95;272.664
970;575.234;33.91;25.93;19.28;115.80699999999999;21.632;8.64;9.969999999999999;8.64;8.64;8.64;8.64;8.64;8.64;8.64;8.64;8.64;8.64;8.64;8.64;8.64;8.64;8.64;8.64;8.64;8.64;8.64;8.64;8.64;15.29
971;288.06600000000003;20.61;25.93;25.93;121.48599999999999;9.969999999999999;8.64;9.969999999999999;128.602;12.63;8.64;8.64;9.969999999999999;8.64;8.64;8.64;9.969999999999999;8.64;11.299999999999999;8.64;8.64;8.64;8.64;8.64;8.64;8.64;8.64;8.64;8.64;12.63
972;895.078;17.95;19.28;24.6;133.867;27.735999999999997;8.64;13.959999999999999;166.75300000000001;21.939999999999998;8.64;19.28;24.6;20.61;167.385;13.959999999999999;8.64;8.64;45.88;24.6;198.535;13.959999999999999;13.959999999999999;12.63;11.299999999999999;8.64;9.969999999999999;11.299999999999999;12.63;247.50000000000003
973;297.656;15.29;9.969999999999999;19.28;117.87;20.302;8.64;8.64;111.369;16.62;8.64;8.64;15.29;8.64;117.38300000000001;8.64;8.64;8.64;8.64;8.64;8.64;8.64;8.64;8.64;8.64;8.64;8.64;8.64;8.64;9.969999999999999
974;919.704;24.6;11.299999999999999;16.62;111.173;16.074;8.64;13.959999999999999;162.119;11.299999999999999;9.969999999999999;16.62;13.959999999999999;13.959999999999999;163.239;8.64;8.64;8.64;28.59;15.29;194.06199999999998;12.63;12.63;12.63;12.63;8.64;16.62;8.64;12.63;247.58900000000003
975;44.550000000000004;11.299999999999999;8.64;8.64;8.64;8.64;8.64;8.64;8.64;8.64;8.64;8.64;8.64;8.64;8.64;8.64;8.64;8.64;8.64;8.64;8.64;8.64;8.64;8.64;8.64;8.64;8.64;8.64;8.64;8.64
976;128.362;15.62;12.959999999999999;12.959999999999999;134.836;14.29;12.959999999999999;12.959999999999999;92.94800000000001;12.959999999999999;12.959999999999999;12.959999999999999;12.959999999999999;12.959999999999999;12.959999999999999;12.959999999999999;12.959999999999999;12.959999999999999;15.62;12.959999999999999;12.959999999999999;12.959999999999999;12.959999999999999;12.959999999999999;12.959999999999999;12.959999999999999;12.959999999999999;12.959999999999999;12.959999999999999;12.959999999999999
977;1221.376;41.89;29.919999999999998;25.93;142.21099999999998;38.306;8.64;23.270000000000003;155.70700000000002;36.57;74.006;29.919999999999998;29.919999999999998;25.93;182.79500000000002;12.63;11.299999999999999;8.64;36.57;40.965999999999994;239.119;20.61;19.28;26.951999999999998;39.636;8.64;23.270000000000003;17.95;15.29;267.98
978;36.57;8.64;8.64;8.64;8.64;8.64;8.64;8.64;8.64;8.64;8.64;8.64;8.64;8.64;8.64;8.64;8.64;8.64;8.64;8.64;8.64;8.64;8.64;8.64;8.64;8.64;8.64;8.64;8.64;8.64
979;2233.892;39.56;47.54;42.22;148.68599999999998;58.040000000000006;12.959999999999999;32.91;174.709;63.5;67.518;42.22;31.58;48.870000000000005;187.229;31.58;44.879999999999995;12.959999999999999;59.510000000000005;44.263999999999996;237.06399999999996;22.27;39.56;28.92;36.284;12.959999999999999;44.879999999999995;30.25;28.92;273.23100000000005
980;14.29;12.959999999999999;12.959999999999999;12.959999999999999;12.959999999999999;12.959999999999999;12.959999999999999;12.959999999999999;12.959999999999999;12.959999999999999;12.959999999999999;12.959999999999999;12.959999999999999;12.959999999999999;12.959999999999999;12.959999999999999;12.959999999999999;12.959999999999999;12.959999999999999;12.959999999999999;12.959999999999999;12.959999999999999;12.959999999999999;12.959999999999999;12.959999999999999;12.959999999999999;12.959999999999999;12.959999999999999;12.959999999999999;12.959999999999999
981;1066.446;19.61;15.62;35.57000000000001;118.257;34.954;12.959999999999999;18.28;141.407;12.959999999999999;12.959999999999999;12.959999999999999;26.259999999999998;23.6;166.437;16.95;15.62;12.959999999999999;40.89;16.95;193.981;12.959999999999999;14.29;14.29;14.29;12.959999999999999;12.959999999999999;16.95;14.29;222.11700000000002
982;997.972;32.91;22.27;26.259999999999998;142.86299999999997;25.714;12.959999999999999;23.6;164.74;23.6;16.95;24.93;22.27;26.259999999999998;187.229;20.94;14.29;12.959999999999999;43.55;23.6;213.433;18.28;18.28;18.28;16.95;12.959999999999999;16.95;15.62;19.61;267.666
983;14.29;12.959999999999999;12.959999999999999;12.959999999999999;12.959999999999999;12.959999999999999;12.959999999999999;12.959999999999999;12.959999999999999;12.959999999999999;12.959999999999999;12.959999999999999;12.959999999999999;12.959999999999999;12.959999999999999;12.959999999999999;12.959999999999999;12.959999999999999;12.959999999999999;12.959999999999999;12.959999999999999;12.959999999999999;12.959999999999999;12.959999999999999;12.959999999999999;12.959999999999999;12.959999999999999;12.959999999999999;12.959999999999999;12.959999999999999
984;970.65;28.59;28.59;41.89;137.218;41.274;8.64;31.25;165.381;21.939999999999998;25.93;25.93;24.6;19.28;173.121;20.61;21.939999999999998;8.64;33.91;23.270000000000003;208.531;9.969999999999999;25.93;12.63;11.299999999999999;8.64;15.29;11.299999999999999;20.61;247.50500000000002
985;1290.7179999999998;23.270000000000003;21.939999999999998;20.61;131.846;31.964;8.64;31.25;175.74099999999999;17.95;19.28;12.63;21.939999999999998;11.299999999999999;181.25199999999998;13.959999999999999;12.63;8.64;37.900000000000006;8.64;190.394;9.969999999999999;9.969999999999999;11.299999999999999;9.969999999999999;8.64;11.299999999999999;8.64;9.969999999999999;216.784
986;1520.262;28.59;23.270000000000003;21.939999999999998;118.41;17.95;8.64;19.28;139.601;25.93;25.93;24.6;24.6;15.29;116.868;16.62;13.959999999999999;8.64;71.14999999999999;16.62;147.624;16.62;17.95;25.93;17.95;8.64;28.59;16.62;21.939999999999998;218.414
987;1324.3460000000002;29.919999999999998;39.23;31.25;132.85899999999998;25.622;8.64;20.61;169.413;28.59;39.328;33.91;19.28;21.939999999999998;175.365;11.299999999999999;8.64;8.64;25.93;9.969999999999999;171.69;9.969999999999999;8.64;13.959999999999999;11.299999999999999;8.64;11.299999999999999;8.64;8.64;169.546
988;325.60800000000006;24.93;16.95;16.95;120.49099999999999;16.404;12.959999999999999;18.28;123.66399999999999;14.29;12.959999999999999;12.959999999999999;12.959999999999999;12.959999999999999;12.959999999999999;12.959999999999999;12.959999999999999;12.959999999999999;19.61;12.959999999999999;12.959999999999999;14.29;12.959999999999999;12.959999999999999;12.959999999999999;12.959999999999999;12.959999999999999;12.959999999999999;14.29;15.62
989;1650.092;27.590000000000003;24.93;28.92;126.00899999999999;41.296;12.959999999999999;27.590000000000003;171.447;24.93;36.284;24.93;39.56;31.58;162.935;22.27;14.29;12.959999999999999;34.239999999999995;20.94;211.07999999999998;15.62;12.959999999999999;19.61;18.28;12.959999999999999;19.61;14.29;20.94;252.672
990;21.939999999999998;8.64;8.64;8.64;9.969999999999999;8.64;8.64;8.64;8.64;8.64;8.64;8.64;8.64;8.64;8.64;8.64;8.64;8.64;8.64;8.64;8.64;8.64;8.64;8.64;8.64;8.64;8.64;8.64;8.64;8.64
991;1504.786;38.230000000000004;22.27;23.6;115.18099999999998;36.284;12.959999999999999;20.94;159.388;50.2;73.55199999999999;54.19;31.58;35.57000000000001;175.108;12.959999999999999;30.25;12.959999999999999;30.25;45.286;202.812;24.93;30.25;29.942;38.397999999999996;12.959999999999999;28.92;28.92;32.602000000000004;274.113
992;18.61;17.28;17.28;17.28;17.28;17.28;17.28;17.28;17.28;17.28;17.28;17.28;17.28;17.28;17.28;17.28;17.28;17.28;17.28;17.28;17.28;17.28;17.28;17.28;17.28;17.28;17.28;17.28;17.28;17.28
993;271.154;24.6;39.23;23.270000000000003;125.845;11.299999999999999;8.64;8.64;107.28999999999999;8.64;9.969999999999999;8.64;8.64;8.64;8.64;8.64;8.64;8.64;13.959999999999999;8.64;8.64;8.64;8.64;8.64;8.64;8.64;8.64;8.64;8.64;9.969999999999999
994;170.27;16.62;16.62;23.270000000000003;127.16999999999999;17.642;8.64;8.64;8.64;8.64;8.64;8.64;8.64;8.64;8.64;8.64;8.64;8.64;11.299999999999999;8.64;8.64;8.64;8.64;8.64;8.64;8.64;8.64;8.64;8.64;11.299999999999999
995;1820.0520000000001;59.510000000000005;34.239999999999995;35.57000000000001;140.208;46.616;12.959999999999999;34.239999999999995;183.417;47.54;75.19;36.9;36.9;38.230000000000004;201.423;44.879999999999995;30.25;12.959999999999999;159.26;51.936;231.096;36.9;35.57000000000001;29.942;41.296;12.959999999999999;22.27;24.93;53.574;313.577
996;1488.638;34.57;30.58;42.55;142.881;45.616;17.28;47.87;186.407;53.19;109.036;46.540000000000006;42.55;37.230000000000004;196.131;39.89;25.26;17.28;67.82;59.46199999999999;222.211;29.25;23.93;23.93;31.839999999999996;17.28;18.61;27.919999999999998;32.932;270.676
997;388.936;35.239999999999995;28.59;28.59;97.46700000000001;13.959999999999999;8.64;12.63;102.65599999999999;8.64;8.64;8.64;11.299999999999999;11.299999999999999;9.969999999999999;8.64;8.64;8.64;12.63;8.64;8.64;8.64;8.64;8.64;8.64;8.64;9.969999999999999;12.63;8.64;13.959999999999999
998;924.954;17.95;20.61;23.270000000000003;124.76999999999998;31.11;8.64;13.959999999999999;139.346;35.239999999999995;49.352000000000004;33.91;19.28;16.62;146.92499999999998;16.62;8.64;8.64;11.299999999999999;8.64;8.64;8.64;8.64;8.64;8.64;8.64;8.64;8.64;8.64;12.63
999;2618.1139999999996;52.53;36.57;33.91;107.97300000000001;51.606;8.64;43.22;121.80099999999999;39.23;21.632;37.900000000000006;44.550000000000004;31.25;150.06300000000002;36.57;17.95;8.64;83.12;50.276;202.261;27.259999999999998;13.959999999999999;32.272000000000006;38.306;8.64;21.939999999999998;21.939999999999998;49.562;253.01600000000002
1000;3448.244;35.239999999999995;37.900000000000006;29.919999999999998;108.47099999999999;51.844;8.64;35.239999999999995;178.35899999999998;24.6;24.6;21.939999999999998;37.900000000000006;24.6;181.79700000000003;32.58;28.59;8.64;113.71000000000001;28.282;205.918;17.95;13.959999999999999;32.58;16.62;8.64;17.95;17.95;19.28;252.29000000000002
1001;780.7479999999999;24.93;12.959999999999999;16.95;99.818;15.62;12.959999999999999;12.959999999999999;118.02699999999999;12.959999999999999;12.959999999999999;12.959999999999999;12.959999999999999;14.29;119.147;12.959999999999999;14.29;12.959999999999999;42.22;14.29;156.667;12.959999999999999;12.959999999999999;12.959999999999999;12.959999999999999;12.959999999999999;12.959999999999999;12.959999999999999;14.29;196.399
1002;291.482;17.95;23.270000000000003;24.6;104.684;22.962;8.64;8.64;11.299999999999999;8.64;8.64;8.64;8.64;8.64;8.64;8.64;8.64;8.64;8.64;8.64;8.64;8.64;8.64;8.64;8.64;8.64;8.64;8.64;8.64;9.969999999999999
1003;118.50599999999999;19.61;12.959999999999999;16.95;12.959999999999999;12.959999999999999;12.959999999999999;12.959999999999999;12.959999999999999;12.959999999999999;12.959999999999999;12.959999999999999;12.959999999999999;12.959999999999999;12.959999999999999;12.959999999999999;12.959999999999999;12.959999999999999;15.62;12.959999999999999;12.959999999999999;12.959999999999999;12.959999999999999;12.959999999999999;12.959999999999999;12.959999999999999;12.959999999999999;12.959999999999999;12.959999999999999;12.959999999999999
1004;1102.832;27.590000000000003;18.28;22.27;114.80699999999999;20.94;12.959999999999999;20.94;122.87899999999999;19.61;27.590000000000003;16.95;27.590000000000003;26.259999999999998;149.38500000000002;15.62;14.29;12.959999999999999;59.510000000000005;24.93;157.066;16.95;14.29;23.6;18.28;12.959999999999999;19.61;14.29;16.95;236.37800000000004
1005;1439.3020000000001;49.2;42.55;51.86;133.57600000000002;34.262;17.28;29.25;182.32299999999998;54.519999999999996;72.622;51.86;39.89;47.87;193.892;55.849999999999994;35.9;17.28;63.83;48.275999999999996;214.719;26.589999999999996;30.58;27.919999999999998;36.614;17.28;45.209999999999994;26.589999999999996;34.808;277.108
1006;934.5040000000001;25.26;17.28;19.939999999999998;147.869;17.28;17.28;21.27;159.755;17.28;17.28;19.939999999999998;18.61;18.61;185.05499999999998;17.28;17.28;17.28;33.24;19.939999999999998;213.592;18.61;19.939999999999998;17.28;17.28;17.28;21.27;17.28;18.61;256.46200000000005
1007;2365.12;48.54;31.25;45.88;110.17;47.616;8.64;21.939999999999998;171.667;37.900000000000006;21.939999999999998;27.259999999999998;24.6;20.61;154.10000000000002;16.62;13.959999999999999;8.64;69.82;34.932;206.821;13.959999999999999;12.63;12.63;9.969999999999999;8.64;17.95;16.62;21.939999999999998;200.75
1008;2098.5959999999995;39.56;42.22;50.2;127.52000000000001;40.344;12.959999999999999;34.239999999999995;163.336;36.9;24.93;31.58;43.55;47.54;122.268;58.18000000000001;32.91;12.959999999999999;76.8;50.60600000000001;187.691;32.91;38.230000000000004;30.488;32.056;12.959999999999999;40.89;26.259999999999998;38.16;238.94899999999998
1009;227.01999999999998;23.6;19.61;20.94;121.499;15.62;12.959999999999999;15.62;133.385;12.959999999999999;12.959999999999999;12.959999999999999;12.959999999999999;12.959999999999999;12.959999999999999;12.959999999999999;12.959999999999999;12.959999999999999;16.95;12.959999999999999;12.959999999999999;12.959999999999999;12.959999999999999;12.959999999999999;12.959999999999999;12.959999999999999;12.959999999999999;12.959999999999999;12.959999999999999;12.959999999999999
1010;9.969999999999999;8.64;8.64;8.64;8.64;8.64;8.64;8.64;8.64;8.64;8.64;8.64;8.64;8.64;8.64;8.64;8.64;8.64;8.64;8.64;8.64;8.64;8.64;8.64;8.64;8.64;8.64;8.64;8.64;8.64
1011;9.969999999999999;8.64;8.64;8.64;8.64;8.64;8.64;8.64;8.64;8.64;8.64;8.64;8.64;8.64;8.64;8.64;8.64;8.64;8.64;8.64;8.64;8.64;8.64;8.64;8.64;8.64;8.64;8.64;8.64;8.64
1012;1377.6879999999999;66.49;46.540000000000006;47.87;142.938;39.274;17.28;30.58;174.707;62.5;47.87;47.87;33.24;35.9;193.40400000000002;34.57;30.58;17.28;47.87;49.368;225.879;25.26;29.25;26.589999999999996;27.919999999999998;17.28;27.919999999999998;29.25;26.589999999999996;280.818
1013;1676.3840000000002;27.590000000000003;31.58;27.590000000000003;134.155;47.946;12.959999999999999;35.57000000000001;162.11;63.5;75.666;48.870000000000005;32.91;35.57000000000001;172.879;38.230000000000004;32.91;12.959999999999999;70.15;59.91600000000001;227.67;24.93;42.22;29.704;23.6;12.959999999999999;43.55;30.25;24.93;261.296
1014;3029.862;32.91;34.239999999999995;24.93;132.976;42.626000000000005;12.959999999999999;36.9;142.794;31.58;23.6;20.94;26.259999999999998;23.6;160.114;28.92;15.62;12.959999999999999;59.510000000000005;49.513999999999996;209.10199999999998;18.28;15.62;20.94;15.62;12.959999999999999;16.95;23.6;18.28;235.50599999999997
1015;930.702;15.62;20.94;26.259999999999998;123.837;20.94;12.959999999999999;20.94;143.381;15.62;12.959999999999999;16.95;19.61;16.95;171.86599999999999;18.28;18.28;12.959999999999999;43.55;19.61;199.02599999999998;19.61;19.61;16.95;16.95;12.959999999999999;18.28;19.61;16.95;250.44800000000004
1016;1879.692;43.55;50.2;40.89;147.18;40.274;12.959999999999999;43.55;171.073;42.22;24.93;46.21;40.89;30.25;182.756;46.21;24.93;12.959999999999999;47.54;24.93;211.56799999999998;20.94;15.62;28.92;27.282;12.959999999999999;22.27;16.95;24.93;254.163
1017;1593.5599999999997;24.93;27.590000000000003;27.590000000000003;125.868;27.52;12.959999999999999;20.94;162.677;18.28;16.95;18.28;15.62;15.62;181.13400000000001;12.959999999999999;12.959999999999999;12.959999999999999;54.19;32.294;196.072;15.62;18.28;14.29;12.959999999999999;12.959999999999999;16.95;12.959999999999999;14.29;234.565
1018;151.21599999999998;21.939999999999998;20.61;13.959999999999999;101.769;11.299999999999999;8.64;8.64;8.64;8.64;8.64;8.64;8.64;8.64;8.64;8.64;8.64;8.64;8.64;8.64;8.64;8.64;8.64;8.64;8.64;8.64;8.64;8.64;8.64;11.299999999999999
1019;435.808;24.6;19.28;32.58;127.49199999999999;16.62;8.64;15.29;151.348;12.63;8.64;11.299999999999999;11.299999999999999;11.299999999999999;116.026;9.969999999999999;8.64;8.64;9.969999999999999;8.64;8.64;8.64;8.64;8.64;8.64;8.64;8.64;8.64;8.64;15.29
1020;2263.1459999999997;53.19;49.2;50.53;142.143;59.154;17.28;42.55;190.98899999999998;58.51;90.864;59.839999999999996;61.17;47.87;201.295;71.81;33.24;17.28;69.15;59.46199999999999;236.10899999999998;37.230000000000004;49.2;42.242;67.134;17.28;45.209999999999994;23.93;33.24;293.801
1021;3223.8540000000003;53.19;51.86;71.81;131.555;63.28399999999999;17.28;46.540000000000006;173.419;73.14;42.55;38.56;61.17;46.540000000000006;198.36;70.47999999999999;38.56;17.28;69.15;37.230000000000004;228.70499999999998;29.25;27.919999999999998;23.93;25.26;17.28;39.89;27.919999999999998;25.26;288.90700000000004
1022;224.144;37.230000000000004;33.24;27.919999999999998;147.493;22.599999999999998;17.28;21.27;101.642;17.28;30.58;21.27;23.93;22.599999999999998;22.599999999999998;21.27;17.28;17.28;19.939999999999998;19.939999999999998;17.28;17.28;17.28;17.28;17.28;17.28;17.28;17.28;17.28;17.28
1023;1537.336;19.61;26.259999999999998;30.25;122.45;27.590000000000003;12.959999999999999;30.25;160.718;39.56;31.272;30.25;39.56;32.91;168.62400000000002;31.58;27.590000000000003;12.959999999999999;48.870000000000005;26.259999999999998;193.87699999999998;27.590000000000003;30.25;20.94;24.93;12.959999999999999;20.94;16.95;36.9;228.53900000000002
1024;911.528;17.95;27.259999999999998;19.28;132.822;32.986000000000004;8.64;16.62;137.481;16.62;23.270000000000003;24.6;21.939999999999998;16.62;168.61599999999999;11.299999999999999;19.28;8.64;33.91;13.959999999999999;180.347;11.299999999999999;13.959999999999999;16.62;12.63;8.64;19.28;13.959999999999999;13.959999999999999;219.387
1025;150.60000000000002;25.93;28.59;23.270000000000003;110.90299999999999;8.64;8.64;8.64;8.64;8.64;8.64;8.64;8.64;8.64;8.64;8.64;8.64;8.64;12.63;8.64;8.64;8.64;8.64;8.64;8.64;8.64;8.64;8.64;8.64;9.969999999999999
1026;999.308;16.62;8.64;9.969999999999999;95.17599999999999;8.64;8.64;8.64;149.696;8.64;9.969999999999999;8.64;9.969999999999999;11.299999999999999;144.8;11.299999999999999;9.969999999999999;8.64;19.28;9.969999999999999;163.465;8.64;9.969999999999999;9.969999999999999;8.64;8.64;12.63;8.64;15.29;215.454
1027;4790.578;48.54;68.49000000000001;73.81;112.109;65.144;8.64;37.900000000000006;191.872;91.1;99.27600000000001;69.82;41.89;29.919999999999998;173.854;81.78999999999999;39.23;8.64;68.49000000000001;24.6;204.749;19.28;17.95;24.6;17.95;8.64;23.270000000000003;9.969999999999999;15.29;240.414
1028;907.58;15.29;8.64;19.28;93.078;12.63;8.64;13.959999999999999;141.154;11.299999999999999;8.64;12.63;15.29;19.28;153.04;8.64;9.969999999999999;8.64;15.29;12.63;214.096;12.63;8.64;11.299999999999999;9.969999999999999;8.64;8.64;8.64;12.63;233.472
1029;115.03999999999999;16.62;8.64;8.64;101.13000000000001;9.969999999999999;8.64;8.64;11.299999999999999;8.64;9.969999999999999;8.64;8.64;8.64;8.64;8.64;8.64;8.64;12.63;8.64;8.64;8.64;8.64;8.64;8.64;8.64;8.64;8.64;8.64;11.299999999999999
1030;2261.324;28.59;31.25;29.919999999999998;132.69299999999998;55.596000000000004;8.64;45.88;178.775;72.48;90.68;65.83;59.18;60.51;199.60700000000003;80.46000000000001;55.19;8.64;64.5;64.598;228.219;39.23;45.88;46.902;55.05;8.64;48.54;36.57;50.276;302.872
1031;2655.4519999999998;48.54;32.58;20.61;139.873;20.61;8.64;16.62;167.43900000000002;16.62;11.299999999999999;15.29;16.62;16.62;144.166;16.62;11.299999999999999;8.64;57.849999999999994;15.29;212.563;9.969999999999999;11.299999999999999;8.64;9.969999999999999;8.64;8.64;8.64;12.63;234.80200000000002
1032;1941.0539999999999;23.6;23.6;30.25;129.52599999999998;36.592;12.959999999999999;31.58;178.092;19.61;16.95;19.61;32.91;30.25;184.56900000000002;18.28;14.29;12.959999999999999;63.5;20.94;207.94699999999997;15.62;15.62;20.94;16.95;12.959999999999999;16.95;14.29;19.61;255.87199999999999
1033;1458.306;52.86;23.6;38.230000000000004;127.713;47.946;12.959999999999999;50.2;205.80900000000003;31.58;16.95;24.93;22.27;15.62;171.757;18.28;16.95;12.959999999999999;63.5;18.28;16.95;16.95;15.62;18.28;16.95;12.959999999999999;22.27;14.29;32.602000000000004;179.508
1034;2585.4379999999996;19.28;24.6;29.919999999999998;144.975;41.274;8.64;36.57;175.06000000000003;65.83;80.656;48.54;32.58;31.25;179.724;36.57;41.89;8.64;65.83;52.93600000000001;218.882;17.95;20.61;26.951999999999998;13.959999999999999;8.64;44.550000000000004;25.93;21.939999999999998;285.592
1035;2700.028;24.6;21.939999999999998;25.93;137.218;34.316;8.64;27.259999999999998;192.667;52.53;81.678;36.57;23.270000000000003;19.28;172.913;28.59;13.959999999999999;8.64;49.87;36.976;199.079;15.29;15.29;11.299999999999999;12.63;8.64;21.939999999999998;12.63;26.951999999999998;245.32800000000003
1036;18.61;17.28;17.28;17.28;17.28;17.28;17.28;17.28;17.28;17.28;17.28;17.28;17.28;17.28;17.28;17.28;17.28;17.28;17.28;17.28;17.28;17.28;17.28;17.28;17.28;17.28;17.28;17.28;17.28;17.28
1037;1490.4419999999998;31.25;28.59;20.61;118.87800000000001;13.959999999999999;8.64;17.95;155.66;21.939999999999998;15.29;16.62;28.59;23.270000000000003;147.683;23.270000000000003;12.63;8.64;43.22;31.726;11.299999999999999;9.969999999999999;9.969999999999999;12.63;11.299999999999999;8.64;13.959999999999999;12.63;13.959999999999999;213.401
1038;102.07000000000001;24.93;18.28;12.959999999999999;111.186;12.959999999999999;12.959999999999999;12.959999999999999;12.959999999999999;12.959999999999999;12.959999999999999;12.959999999999999;12.959999999999999;12.959999999999999;12.959999999999999;12.959999999999999;12.959999999999999;12.959999999999999;15.62;12.959999999999999;12.959999999999999;12.959999999999999;12.959999999999999;12.959999999999999;12.959999999999999;12.959999999999999;12.959999999999999;12.959999999999999;12.959999999999999;15.62
1039;14.29;12.959999999999999;12.959999999999999;12.959999999999999;12.959999999999999;12.959999999999999;12.959999999999999;12.959999999999999;12.959999999999999;12.959999999999999;12.959999999999999;12.959999999999999;12.959999999999999;12.959999999999999;12.959999999999999;12.959999999999999;12.959999999999999;12.959999999999999;12.959999999999999;12.959999999999999;12.959999999999999;12.959999999999999;12.959999999999999;12.959999999999999;12.959999999999999;12.959999999999999;12.959999999999999;12.959999999999999;12.959999999999999;12.959999999999999
1040;119.89200000000001;26.259999999999998;20.94;16.95;12.959999999999999;12.959999999999999;12.959999999999999;12.959999999999999;12.959999999999999;12.959999999999999;12.959999999999999;12.959999999999999;12.959999999999999;12.959999999999999;12.959999999999999;12.959999999999999;12.959999999999999;12.959999999999999;12.959999999999999;12.959999999999999;12.959999999999999;12.959999999999999;12.959999999999999;12.959999999999999;12.959999999999999;12.959999999999999;12.959999999999999;12.959999999999999;12.959999999999999;15.62
1041;866.6519999999999;22.27;32.91;14.29;97.428;16.95;12.959999999999999;15.62;119.845;23.6;22.27;16.95;20.94;18.28;157.35500000000002;14.29;14.29;12.959999999999999;28.92;18.28;184.847;14.29;19.61;15.62;14.29;12.959999999999999;16.95;14.29;16.95;235.692
1042;9.969999999999999;8.64;8.64;8.64;8.64;8.64;8.64;8.64;8.64;8.64;8.64;8.64;8.64;8.64;8.64;8.64;8.64;8.64;8.64;8.64;8.64;8.64;8.64;8.64;8.64;8.64;8.64;8.64;8.64;8.64
1043;2270.768;44.879999999999995;36.9;30.25;137.184;23.6;12.959999999999999;44.879999999999995;168.418;36.9;42.22;46.21;32.91;30.25;181.067;47.54;20.94;12.959999999999999;82.12;52.17400000000001;238.89100000000002;35.57000000000001;50.2;62.646;46.616;12.959999999999999;38.230000000000004;42.22;56.233999999999995;272.877
1044;523.0699999999999;24.6;17.95;24.6;125.84;30.634;8.64;17.95;140.344;12.63;30.634;11.299999999999999;16.62;15.29;178.99099999999999;11.299999999999999;8.64;8.64;9.969999999999999;8.64;8.64;8.64;8.64;8.64;8.64;8.64;8.64;8.64;8.64;9.969999999999999
1045;1497.842;43.55;39.56;43.55;135.807;33.385999999999996;12.959999999999999;28.92;133.623;36.9;30.25;24.93;23.6;20.94;166.02599999999998;26.259999999999998;20.94;12.959999999999999;48.870000000000005;15.62;177.17899999999997;12.959999999999999;15.62;18.28;12.959999999999999;12.959999999999999;19.61;12.959999999999999;15.62;236.62800000000001
1046;1215.9520000000002;31.58;35.57000000000001;24.93;139.99;46.924;12.959999999999999;35.57000000000001;167.695;38.230000000000004;43.55;31.58;28.92;36.9;194.243;30.25;28.92;12.959999999999999;52.86;33.931999999999995;210.451;20.94;26.259999999999998;28.612;22.27;12.959999999999999;36.9;28.92;24.93;259.052
1047;193.986;8.64;8.64;8.64;125.523;8.64;8.64;9.969999999999999;80.554;9.969999999999999;8.64;8.64;8.64;8.64;117.195;8.64;8.64;8.64;12.63;8.64;8.64;8.64;8.64;8.64;8.64;8.64;8.64;8.64;8.64;9.969999999999999
1048;9.969999999999999;8.64;8.64;8.64;8.64;8.64;8.64;8.64;8.64;8.64;8.64;8.64;8.64;8.64;8.64;8.64;8.64;8.64;8.64;8.64;8.64;8.64;8.64;8.64;8.64;8.64;8.64;8.64;8.64;8.64
1049;288.08;24.6;23.270000000000003;19.28;110.48699999999998;20.302;8.64;8.64;8.64;8.64;8.64;8.64;8.64;8.64;8.64;8.64;8.64;8.64;8.64;8.64;8.64;8.64;8.64;8.64;8.64;8.64;8.64;8.64;8.64;12.63
1050;212.81600000000003;15.29;16.62;8.64;8.64;8.64;8.64;9.969999999999999;8.64;8.64;8.64;8.64;8.64;8.64;8.64;8.64;8.64;8.64;8.64;8.64;8.64;8.64;8.64;8.64;8.64;8.64;8.64;8.64;8.64;8.64
1051;3779.596;33.91;40.56;29.919999999999998;125.21600000000001;38.306;8.64;39.23;188.033;45.88;78.78;59.18;24.6;24.6;190.03699999999998;29.919999999999998;27.259999999999998;8.64;88.44;41.75;228.75900000000001;20.61;21.939999999999998;28.282;12.63;8.64;13.959999999999999;13.959999999999999;9.969999999999999;246.175
1052;28.59;11.299999999999999;11.299999999999999;8.64;8.64;8.64;8.64;8.64;8.64;8.64;8.64;8.64;8.64;8.64;8.64;8.64;8.64;8.64;8.64;8.64;8.64;8.64;8.64;8.64;8.64;8.64;8.64;8.64;8.64;8.64
1053;277.868;23.6;27.590000000000003;23.6;142.541;16.95;12.959999999999999;14.29;140.03;23.6;14.29;20.94;15.62;19.61;181.904;18.28;12.959999999999999;12.959999999999999;12.959999999999999;12.959999999999999;203.90500000000003;12.959999999999999;12.959999999999999;12.959999999999999;12.959999999999999;12.959999999999999;12.959999999999999;12.959999999999999;12.959999999999999;12.959999999999999
1054;1069.6999999999998;25.93;37.900000000000006;25.93;127.49199999999999;38.306;8.64;16.62;146.67700000000002;36.57;24.054000000000002;41.89;21.939999999999998;31.25;155.81900000000002;23.270000000000003;11.299999999999999;8.64;24.6;17.95;149.172;11.299999999999999;8.64;8.64;8.64;8.64;8.64;8.64;9.969999999999999;13.959999999999999
1055;1606.978;21.939999999999998;28.59;24.6;144.18;38.544;8.64;21.939999999999998;151.34799999999998;36.57;20.61;33.91;17.95;20.61;158.03300000000002;25.93;15.29;8.64;39.23;15.29;208.06300000000002;16.62;15.29;11.299999999999999;13.959999999999999;8.64;12.63;12.63;8.64;245.80600000000004
1056;9.969999999999999;8.64;8.64;8.64;8.64;8.64;8.64;8.64;8.64;8.64;8.64;8.64;8.64;8.64;8.64;8.64;8.64;8.64;8.64;8.64;8.64;8.64;8.64;8.64;8.64;8.64;8.64;8.64;8.64;8.64
1057;954.93;37.230000000000004;27.919999999999998;34.57;128.47899999999998;45.616;17.28;33.24;163.386;29.25;48.584;26.589999999999996;30.58;25.26;174.00900000000001;23.93;23.93;17.28;54.519999999999996;33.24;206.006;29.25;30.58;22.599999999999998;25.26;17.28;27.919999999999998;26.589999999999996;25.26;254.92900000000003
1058;18.61;17.28;17.28;17.28;17.28;17.28;17.28;17.28;17.28;17.28;17.28;17.28;17.28;17.28;17.28;17.28;17.28;17.28;17.28;17.28;17.28;17.28;17.28;17.28;17.28;17.28;17.28;17.28;17.28;17.28
1059;14.29;12.959999999999999;12.959999999999999;12.959999999999999;12.959999999999999;12.959999999999999;12.959999999999999;12.959999999999999;12.959999999999999;12.959999999999999;12.959999999999999;12.959999999999999;12.959999999999999;12.959999999999999;12.959999999999999;12.959999999999999;12.959999999999999;12.959999999999999;12.959999999999999;12.959999999999999;12.959999999999999;12.959999999999999;12.959999999999999;12.959999999999999;12.959999999999999;12.959999999999999;12.959999999999999;12.959999999999999;12.959999999999999;12.959999999999999
1060;1118.134;44.879999999999995;46.21;32.91;140.52499999999998;38.944;12.959999999999999;22.27;149.704;15.62;16.95;15.62;18.28;23.6;170.536;16.95;12.959999999999999;12.959999999999999;26.259999999999998;23.838;171.817;19.61;18.28;18.28;33.316;12.959999999999999;12.959999999999999;12.959999999999999;23.6;221.176
1061;892.412;20.94;28.92;22.27;123.557;31.986;12.959999999999999;15.62;136.57;27.590000000000003;15.62;16.95;18.28;15.62;173.025;16.95;12.959999999999999;12.959999999999999;23.6;14.29;14.29;15.62;12.959999999999999;12.959999999999999;12.959999999999999;12.959999999999999;12.959999999999999;12.959999999999999;14.29;19.61
1062;1413.862;25.93;33.91;37.900000000000006;106.185;50.276;8.64;35.239999999999995;141.59;36.57;15.29;20.61;41.89;36.57;167.712;43.22;28.59;8.64;48.54;51.606;207.565;25.93;36.57;40.798;13.959999999999999;8.64;13.959999999999999;11.299999999999999;15.29;260.161
1063;129.57799999999997;14.959999999999999;4.32;4.32;4.32;4.32;4.32;4.32;4.32;4.32;4.32;4.32;4.32;4.32;4.32;4.32;4.32;4.32;4.32;4.32;4.32;4.32;4.32;4.32;4.32;4.32;4.32;4.32;4.32;4.32
1064;73.594;14.29;14.29;12.959999999999999;117.14000000000001;12.959999999999999;12.959999999999999;12.959999999999999;75.74000000000001;12.959999999999999;12.959999999999999;12.959999999999999;12.959999999999999;12.959999999999999;12.959999999999999;12.959999999999999;12.959999999999999;12.959999999999999;12.959999999999999;12.959999999999999;12.959999999999999;12.959999999999999;12.959999999999999;12.959999999999999;12.959999999999999;12.959999999999999;12.959999999999999;12.959999999999999;12.959999999999999;12.959999999999999
1065;56.85;15.62;22.27;12.959999999999999;12.959999999999999;12.959999999999999;12.959999999999999;12.959999999999999;12.959999999999999;12.959999999999999;12.959999999999999;12.959999999999999;12.959999999999999;12.959999999999999;12.959999999999999;12.959999999999999;12.959999999999999;12.959999999999999;12.959999999999999;12.959999999999999;12.959999999999999;12.959999999999999;12.959999999999999;12.959999999999999;12.959999999999999;12.959999999999999;12.959999999999999;12.959999999999999;12.959999999999999;14.29
1066;1781.824;24.6;24.6;32.58;65.26;36.976;8.64;19.28;90.28;27.259999999999998;69.47;23.270000000000003;25.93;17.95;107.93199999999999;27.259999999999998;16.62;8.64;44.550000000000004;40.112;148.09799999999998;37.900000000000006;20.61;31.488;35.646;8.64;19.28;16.62;15.29;176.882
1067;990.132;27.590000000000003;30.25;16.95;107.14899999999999;16.95;12.959999999999999;16.95;140.352;19.61;14.29;12.959999999999999;19.61;20.94;150.87099999999998;18.28;14.29;12.959999999999999;18.28;15.62;181.652;14.29;16.95;18.28;15.62;12.959999999999999;20.94;14.29;15.62;15.62
1068;1418.58;27.259999999999998;17.95;19.28;132.906;40.112;8.64;12.63;137.32;12.63;8.64;12.63;9.969999999999999;9.969999999999999;161.587;9.969999999999999;15.29;8.64;12.63;8.64;192.57100000000003;8.64;8.64;8.64;8.64;8.64;8.64;8.64;8.64;8.64
1069;1208.1680000000003;20.94;20.94;22.27;132.498;19.302;12.959999999999999;19.61;156.396;14.29;12.959999999999999;16.95;15.62;16.95;172.022;12.959999999999999;12.959999999999999;12.959999999999999;38.230000000000004;15.62;200.72;12.959999999999999;15.62;18.28;15.62;12.959999999999999;14.29;12.959999999999999;16.95;222.43900000000002
1070;1889.5;33.24;46.540000000000006;35.9;126.785;55.71000000000001;17.28;35.9;178.333;35.9;37.16;43.879999999999995;41.22;30.58;172.637;34.57;26.589999999999996;17.28;50.53;50.46000000000001;200.288;23.93;22.599999999999998;31.91;48.038;17.28;33.24;34.57;46.540000000000006;270.01000000000005
1071;1201.98;27.590000000000003;28.92;26.259999999999998;141.533;38.636;12.959999999999999;24.93;162.08999999999997;28.92;25.714;30.25;34.239999999999995;19.61;173.404;26.259999999999998;12.959999999999999;12.959999999999999;66.16;51.936;220.409;20.94;12.959999999999999;18.28;15.62;12.959999999999999;16.95;14.29;18.28;255.171
1072;2386.394;31.58;38.230000000000004;76.8;100.737;41.912;12.959999999999999;39.56;175.712;55.519999999999996;101.95799999999998;42.22;36.9;36.9;178.407;38.230000000000004;31.58;12.959999999999999;64.83;41.604;218.404;23.6;28.92;19.61;15.62;12.959999999999999;18.28;14.29;15.62;266.98
1073;1447.806;23.6;27.590000000000003;36.9;132.825;40.274;12.959999999999999;31.58;220.92199999999997;46.21;16.95;31.58;40.89;30.25;190.045;23.6;16.95;12.959999999999999;68.82;24.93;183.351;24.93;24.93;28.92;22.27;12.959999999999999;40.89;22.27;26.259999999999998;274.42
1074;1541.1640000000002;39.23;31.25;23.270000000000003;142.80800000000002;40.728;8.64;29.919999999999998;161.349;59.18;121.70400000000001;36.57;43.22;31.25;183.709;45.88;15.29;8.64;103.07;35.716;214.39;13.959999999999999;15.29;15.29;17.95;8.64;31.25;15.29;23.270000000000003;265.637
1075;14.29;12.959999999999999;12.959999999999999;12.959999999999999;12.959999999999999;12.959999999999999;12.959999999999999;12.959999999999999;12.959999999999999;12.959999999999999;12.959999999999999;12.959999999999999;12.959999999999999;12.959999999999999;12.959999999999999;12.959999999999999;12.959999999999999;12.959999999999999;12.959999999999999;12.959999999999999;12.959999999999999;12.959999999999999;12.959999999999999;12.959999999999999;12.959999999999999;12.959999999999999;12.959999999999999;12.959999999999999;12.959999999999999;12.959999999999999
1076;1604.242;22.27;30.25;26.259999999999998;135.53199999999998;45.355999999999995;12.959999999999999;35.57000000000001;171.76399999999998;38.230000000000004;34.239999999999995;51.53;35.57000000000001;20.94;188.923;18.28;15.62;12.959999999999999;79.46000000000001;48.8;225.767;24.93;18.28;20.94;16.95;12.959999999999999;22.27;14.29;27.590000000000003;279.153
1077;187.30200000000002;18.28;16.95;16.95;113.30600000000001;18.28;12.959999999999999;14.29;12.959999999999999;12.959999999999999;12.959999999999999;12.959999999999999;12.959999999999999;12.959999999999999;12.959999999999999;12.959999999999999;12.959999999999999;12.959999999999999;12.959999999999999;12.959999999999999;12.959999999999999;12.959999999999999;12.959999999999999;12.959999999999999;12.959999999999999;12.959999999999999;12.959999999999999;12.959999999999999;12.959999999999999;12.959999999999999
1078;9.969999999999999;8.64;8.64;8.64;8.64;8.64;8.64;8.64;8.64;8.64;8.64;8.64;8.64;8.64;8.64;8.64;8.64;8.64;8.64;8.64;8.64;8.64;8.64;8.64;8.64;8.64;8.64;8.64;8.64;8.64
1079;809.93;24.6;23.270000000000003;16.62;133.176;32.44;8.64;15.29;163.771;8.64;8.64;8.64;17.95;13.959999999999999;182.54500000000002;8.64;8.64;8.64;31.25;13.959999999999999;210.72;13.959999999999999;9.969999999999999;9.969999999999999;8.64;8.64;8.64;8.64;9.969999999999999;238.839
1080;1140.1979999999999;28.92;26.259999999999998;26.259999999999998;113.752;42.626000000000005;12.959999999999999;22.27;150.99200000000002;30.25;52.888;28.92;31.58;23.6;147.483;15.62;14.29;12.959999999999999;51.53;48.73;200.99099999999999;19.61;12.959999999999999;15.62;22.746000000000002;12.959999999999999;15.62;16.95;24.93;241.72499999999997
1081;1922.1879999999999;33.91;28.59;44.550000000000004;149.23;43.626;8.64;27.259999999999998;177.40299999999996;36.57;70.01599999999999;41.89;36.57;31.25;185.93800000000002;39.23;19.28;8.64;85.78;30.634;218.343;20.61;24.6;20.61;37.522;8.64;28.59;20.61;26.951999999999998;264.45799999999997
1082;1292.1;33.57;33.57;42.879999999999995;134.971;30.909999999999997;21.6;32.239999999999995;186.041;34.9;30.909999999999997;50.86;40.22;30.909999999999997;200.81;32.239999999999995;25.59;21.6;56.18;28.25;226.048;25.59;26.919999999999998;32.239999999999995;30.909999999999997;21.6;24.259999999999998;21.6;26.919999999999998;283.543
1083;1136.788;17.95;28.59;19.28;128.869;39.636;8.64;23.270000000000003;144.017;32.58;17.95;33.91;28.59;23.270000000000003;169.042;21.939999999999998;12.63;8.64;37.900000000000006;38.614;201.24200000000002;12.63;23.270000000000003;17.95;13.959999999999999;8.64;24.6;13.959999999999999;21.939999999999998;253.791
1084;14.29;12.959999999999999;12.959999999999999;12.959999999999999;12.959999999999999;12.959999999999999;12.959999999999999;12.959999999999999;12.959999999999999;12.959999999999999;12.959999999999999;12.959999999999999;12.959999999999999;12.959999999999999;12.959999999999999;12.959999999999999;12.959999999999999;12.959999999999999;12.959999999999999;12.959999999999999;12.959999999999999;12.959999999999999;12.959999999999999;12.959999999999999;12.959999999999999;12.959999999999999;12.959999999999999;12.959999999999999;12.959999999999999;12.959999999999999
1085;965.0519999999999;25.26;22.599999999999998;33.24;137.14;37.397999999999996;17.28;26.589999999999996;163.661;43.879999999999995;25.26;31.91;41.22;25.26;174.534;23.93;19.939999999999998;17.28;26.589999999999996;21.27;188.67399999999998;22.599999999999998;22.599999999999998;19.939999999999998;19.939999999999998;17.28;21.27;19.939999999999998;19.939999999999998;191.471
1086;2314.56;26.259999999999998;22.27;26.259999999999998;126.97000000000001;41.296;12.959999999999999;22.27;179.42700000000002;50.2;53.266;31.58;36.9;34.239999999999995;189.084;43.55;22.27;12.959999999999999;43.55;43.956;220.522;28.92;16.95;32.602000000000004;33.623999999999995;12.959999999999999;12.959999999999999;12.959999999999999;18.28;258.517
1087;2399.68;26.259999999999998;28.92;31.58;136.493;57.256;12.959999999999999;27.590000000000003;201.99;58.18000000000001;46.924;46.21;39.56;31.58;183.722;40.89;26.259999999999998;12.959999999999999;55.519999999999996;35.262;217.70700000000002;26.259999999999998;28.92;40.89;45.593999999999994;12.959999999999999;48.870000000000005;26.259999999999998;33.931999999999995;273.63
1088;14.29;12.959999999999999;12.959999999999999;12.959999999999999;12.959999999999999;12.959999999999999;12.959999999999999;12.959999999999999;12.959999999999999;12.959999999999999;12.959999999999999;12.959999999999999;12.959999999999999;12.959999999999999;12.959999999999999;12.959999999999999;12.959999999999999;12.959999999999999;12.959999999999999;12.959999999999999;12.959999999999999;12.959999999999999;12.959999999999999;12.959999999999999;12.959999999999999;12.959999999999999;12.959999999999999;12.959999999999999;12.959999999999999;12.959999999999999
1089;764.816;20.94;15.62;12.959999999999999;120.16899999999998;12.959999999999999;12.959999999999999;14.29;141.729;12.959999999999999;15.62;15.62;14.29;14.29;161.231;12.959999999999999;12.959999999999999;12.959999999999999;36.9;15.62;171.495;15.62;12.959999999999999;15.62;14.29;12.959999999999999;12.959999999999999;12.959999999999999;12.959999999999999;210.583
1090;1349.0220000000002;22.27;27.590000000000003;16.95;112.14699999999999;20.94;12.959999999999999;16.95;133.125;24.93;23.054000000000002;26.259999999999998;15.62;19.61;145.836;19.61;18.28;12.959999999999999;44.879999999999995;15.62;182.821;15.62;19.61;20.94;15.62;12.959999999999999;18.28;14.29;18.28;254.438
1091;194.62400000000002;18.28;16.95;20.94;121.67;19.61;12.959999999999999;18.28;117.98000000000002;14.29;12.959999999999999;12.959999999999999;18.28;18.28;150.502;12.959999999999999;12.959999999999999;12.959999999999999;12.959999999999999;12.959999999999999;175.31900000000002;12.959999999999999;12.959999999999999;12.959999999999999;12.959999999999999;12.959999999999999;12.959999999999999;12.959999999999999;12.959999999999999;12.959999999999999
1092;148.074;26.259999999999998;16.95;19.61;100.13499999999999;12.959999999999999;12.959999999999999;12.959999999999999;12.959999999999999;12.959999999999999;12.959999999999999;12.959999999999999;12.959999999999999;12.959999999999999;12.959999999999999;12.959999999999999;12.959999999999999;12.959999999999999;12.959999999999999;12.959999999999999;12.959999999999999;12.959999999999999;12.959999999999999;12.959999999999999;12.959999999999999;12.959999999999999;12.959999999999999;12.959999999999999;12.959999999999999;14.29
1093;1127.192;22.27;18.28;18.28;146.531;25.952;12.959999999999999;15.62;172.081;23.6;18.28;19.61;24.93;22.27;166.328;12.959999999999999;12.959999999999999;12.959999999999999;34.239999999999995;38.636;212.751;20.94;18.28;14.29;12.959999999999999;12.959999999999999;15.62;18.28;18.28;231.469
1094;1525.9120000000003;26.259999999999998;48.870000000000005;28.92;129.43200000000002;29.942;12.959999999999999;27.590000000000003;171.67;35.57000000000001;40.89;28.92;28.92;22.27;176.703;18.28;19.61;12.959999999999999;36.9;19.61;212.04600000000002;16.95;20.94;20.94;15.62;12.959999999999999;26.259999999999998;16.95;18.28;255.28500000000003
1095;902.386;16.62;16.62;17.95;133.18099999999998;39.636;8.64;17.95;138.152;16.62;12.63;13.959999999999999;25.93;17.95;167.432;8.64;8.64;8.64;13.959999999999999;8.64;8.64;8.64;8.64;8.64;8.64;8.64;8.64;8.64;8.64;11.299999999999999
1096;18.61;17.28;17.28;17.28;17.28;17.28;17.28;17.28;17.28;17.28;17.28;17.28;17.28;17.28;17.28;17.28;17.28;17.28;17.28;17.28;17.28;17.28;17.28;17.28;17.28;17.28;17.28;17.28;17.28;17.28
1097;1809.1040000000003;28.92;34.239999999999995;60.84;151.85600000000002;66.02;12.959999999999999;47.54;197.361;35.57000000000001;20.94;20.94;43.55;26.259999999999998;176.911;18.28;14.29;12.959999999999999;66.16;43.480000000000004;225.71500000000003;27.590000000000003;28.92;44.879999999999995;22.27;12.959999999999999;19.61;16.95;18.28;254.15799999999996
1098;316.62600000000003;40.56;25.93;16.62;131.52899999999997;37.998000000000005;8.64;12.63;151.754;8.64;8.64;8.64;8.64;8.64;8.64;8.64;8.64;8.64;8.64;8.64;8.64;8.64;8.64;8.64;8.64;8.64;8.64;8.64;8.64;13.959999999999999
1099;99.55599999999998;12.63;11.299999999999999;11.299999999999999;105.80600000000001;8.64;8.64;8.64;8.64;8.64;8.64;8.64;8.64;8.64;8.64;8.64;8.64;8.64;8.64;8.64;8.64;8.64;8.64;8.64;8.64;8.64;8.64;8.64;8.64;12.63
1100;1429.83;20.94;19.61;46.21;142.135;48.422;12.959999999999999;30.25;156.079;60.84;27.590000000000003;22.27;30.25;26.259999999999998;176.06400000000002;16.95;16.95;12.959999999999999;99.41;20.94;198.34000000000003;18.28;16.95;31.58;16.95;12.959999999999999;12.959999999999999;12.959999999999999;16.95;250.77000000000004
1101;351.82199999999995;37.900000000000006;21.939999999999998;36.57;84.717;12.63;8.64;8.64;8.64;8.64;8.64;8.64;8.64;8.64;8.64;8.64;8.64;8.64;8.64;8.64;8.64;8.64;8.64;8.64;8.64;8.64;8.64;8.64;8.64;13.959999999999999
1102;14.29;12.959999999999999;12.959999999999999;12.959999999999999;12.959999999999999;12.959999999999999;12.959999999999999;12.959999999999999;12.959999999999999;12.959999999999999;12.959999999999999;12.959999999999999;12.959999999999999;12.959999999999999;12.959999999999999;12.959999999999999;12.959999999999999;12.959999999999999;12.959999999999999;12.959999999999999;12.959999999999999;12.959999999999999;12.959999999999999;12.959999999999999;12.959999999999999;12.959999999999999;12.959999999999999;12.959999999999999;12.959999999999999;12.959999999999999
1103;39.23;11.299999999999999;8.64;12.63;8.64;8.64;8.64;8.64;8.64;8.64;8.64;8.64;8.64;8.64;8.64;8.64;8.64;8.64;8.64;8.64;8.64;8.64;8.64;8.64;8.64;8.64;8.64;8.64;8.64;8.64
1104;1204.346;23.6;26.259999999999998;31.58;102.473;47.400000000000006;12.959999999999999;19.61;125.68;18.28;18.28;16.95;26.259999999999998;16.95;154.856;18.28;16.95;12.959999999999999;43.55;14.29;190.35999999999999;14.29;18.28;14.29;14.29;12.959999999999999;18.28;15.62;16.95;206.22900000000004
1105;1238.646;28.92;22.27;24.93;141.21099999999998;41.296;12.959999999999999;28.92;166.719;18.28;47.33;22.27;34.239999999999995;28.92;183.50900000000001;14.29;15.62;12.959999999999999;48.870000000000005;45.524;226.046;22.27;18.28;23.6;37.306;12.959999999999999;12.959999999999999;19.61;33.931999999999995;271.656
1106;129.124;17.95;9.969999999999999;8.64;103.468;8.64;8.64;8.64;8.64;8.64;8.64;8.64;8.64;8.64;8.64;8.64;8.64;8.64;8.64;8.64;8.64;8.64;8.64;8.64;8.64;8.64;8.64;8.64;8.64;11.299999999999999
1107;57.18;19.939999999999998;18.61;17.28;17.28;17.28;17.28;17.28;17.28;17.28;17.28;17.28;17.28;17.28;17.28;17.28;17.28;17.28;17.28;17.28;17.28;17.28;17.28;17.28;17.28;17.28;17.28;17.28;17.28;19.939999999999998
1108;353.16599999999994;15.29;16.62;19.28;118.826;35.646;8.64;19.28;8.64;8.64;8.64;8.64;8.64;8.64;8.64;8.64;8.64;8.64;8.64;8.64;8.64;8.64;8.64;8.64;8.64;8.64;8.64;8.64;8.64;8.64
1109;38.9;5.6499999999999995;4.32;4.32;4.32;4.32;4.32;4.32;4.32;4.32;4.32;4.32;4.32;4.32;4.32;4.32;4.32;4.32;4.32;4.32;4.32;4.32;4.32;4.32;4.32;4.32;4.32;4.32;4.32;5.6499999999999995
1110;27.590000000000003;12.959999999999999;12.959999999999999;12.959999999999999;12.959999999999999;12.959999999999999;12.959999999999999;12.959999999999999;12.959999999999999;12.959999999999999;12.959999999999999;12.959999999999999;12.959999999999999;12.959999999999999;12.959999999999999;12.959999999999999;12.959999999999999;12.959999999999999;12.959999999999999;12.959999999999999;12.959999999999999;12.959999999999999;12.959999999999999;12.959999999999999;12.959999999999999;12.959999999999999;12.959999999999999;12.959999999999999;12.959999999999999;12.959999999999999
1111;2114.282;35.239999999999995;41.89;32.58;133.18099999999998;36.262;8.64;29.919999999999998;163.043;40.56;33.91;24.6;21.939999999999998;23.270000000000003;149.85000000000002;19.28;24.6;8.64;45.88;16.62;202.93599999999998;12.63;17.95;17.95;17.95;8.64;19.28;15.29;19.28;253.66700000000003
1112;48.870000000000005;19.61;12.959999999999999;16.95;12.959999999999999;12.959999999999999;12.959999999999999;12.959999999999999;12.959999999999999;12.959999999999999;12.959999999999999;12.959999999999999;12.959999999999999;12.959999999999999;12.959999999999999;12.959999999999999;12.959999999999999;12.959999999999999;12.959999999999999;12.959999999999999;12.959999999999999;12.959999999999999;12.959999999999999;12.959999999999999;12.959999999999999;12.959999999999999;12.959999999999999;12.959999999999999;12.959999999999999;15.62
1113;1997.8240000000003;31.58;19.61;30.25;127.50499999999998;35.738;12.959999999999999;27.590000000000003;165.114;24.93;19.61;27.590000000000003;38.230000000000004;31.58;174.209;24.93;15.62;12.959999999999999;48.870000000000005;34.478;216.80400000000003;19.61;16.95;20.94;18.28;12.959999999999999;23.6;14.29;18.28;281.283
1114;316.564;15.62;16.95;15.62;129.89;12.959999999999999;12.959999999999999;12.959999999999999;145.397;12.959999999999999;12.959999999999999;12.959999999999999;12.959999999999999;12.959999999999999;12.959999999999999;12.959999999999999;12.959999999999999;12.959999999999999;12.959999999999999;12.959999999999999;12.959999999999999;12.959999999999999;12.959999999999999;12.959999999999999;12.959999999999999;12.959999999999999;12.959999999999999;12.959999999999999;12.959999999999999;14.29
1115;120.004;18.28;15.62;12.959999999999999;118.83899999999998;12.959999999999999;12.959999999999999;12.959999999999999;118.988;12.959999999999999;12.959999999999999;12.959999999999999;12.959999999999999;12.959999999999999;12.959999999999999;12.959999999999999;12.959999999999999;12.959999999999999;14.29;12.959999999999999;12.959999999999999;12.959999999999999;12.959999999999999;12.959999999999999;12.959999999999999;12.959999999999999;12.959999999999999;12.959999999999999;12.959999999999999;12.959999999999999
1116;1370.534;38.56;37.230000000000004;21.27;122.50999999999999;19.939999999999998;17.28;19.939999999999998;149.34799999999998;23.93;21.27;23.93;19.939999999999998;23.93;153.492;18.61;18.61;17.28;38.56;18.61;195.527;17.28;22.599999999999998;19.939999999999998;21.27;17.28;22.599999999999998;19.939999999999998;19.939999999999998;237.919
1117;1132.414;28.92;23.6;23.6;127.82699999999998;18.28;12.959999999999999;18.28;157.419;30.25;27.590000000000003;30.25;22.27;18.28;175.425;20.94;18.28;12.959999999999999;26.259999999999998;19.61;178.774;16.95;22.27;15.62;15.62;12.959999999999999;20.94;20.94;16.95;234.389
1118;2187.804;31.58;32.91;38.230000000000004;141.523;54.596000000000004;12.959999999999999;34.239999999999995;185.08900000000003;43.55;52.78999999999999;56.85;30.25;39.56;190.206;36.9;23.6;12.959999999999999;44.879999999999995;28.612;194.04699999999997;22.27;19.61;19.61;23.6;12.959999999999999;39.56;26.259999999999998;22.27;243.981
1119;166.274;12.959999999999999;19.61;12.959999999999999;12.959999999999999;12.959999999999999;12.959999999999999;12.959999999999999;12.959999999999999;12.959999999999999;14.29;12.959999999999999;12.959999999999999;12.959999999999999;12.959999999999999;12.959999999999999;12.959999999999999;12.959999999999999;12.959999999999999;12.959999999999999;12.959999999999999;12.959999999999999;12.959999999999999;12.959999999999999;12.959999999999999;12.959999999999999;12.959999999999999;12.959999999999999;12.959999999999999;12.959999999999999
1120;2446.9080000000004;69.82;137.64999999999998;53.86000000000001;132.322;85.094;8.64;59.18;196.57299999999998;92.43;117.44800000000001;107.05999999999999;72.48;63.17;163.633;56.519999999999996;49.87;8.64;55.19;21.394;207.50799999999998;21.939999999999998;44.550000000000004;24.6;44.956;8.64;36.57;29.919999999999998;58.872;243.013
1121;1248.404;39.56;28.92;16.95;105.502;24.93;12.959999999999999;35.57000000000001;129.997;32.91;19.61;30.25;27.590000000000003;28.92;147.84699999999998;31.58;20.94;12.959999999999999;72.81;26.259999999999998;169.162;19.61;14.29;20.94;19.61;12.959999999999999;31.58;19.61;22.27;247.42900000000003
1122;1159.686;22.27;26.259999999999998;31.58;117.14499999999998;19.61;12.959999999999999;22.27;154.754;26.259999999999998;14.29;15.62;23.6;18.28;181.815;12.959999999999999;12.959999999999999;12.959999999999999;34.239999999999995;19.61;177.87;15.62;15.62;20.94;19.61;12.959999999999999;16.95;15.62;19.61;34.239999999999995
1123;232.30399999999997;21.939999999999998;19.28;32.58;102.46000000000001;18.972;8.64;8.64;8.64;8.64;9.969999999999999;8.64;8.64;8.64;8.64;8.64;8.64;8.64;8.64;8.64;8.64;8.64;8.64;8.64;8.64;8.64;8.64;8.64;8.64;11.299999999999999
1124;9.969999999999999;8.64;8.64;8.64;8.64;8.64;8.64;8.64;8.64;8.64;8.64;8.64;8.64;8.64;8.64;8.64;8.64;8.64;8.64;8.64;8.64;8.64;8.64;8.64;8.64;8.64;8.64;8.64;8.64;8.64
1125;27.590000000000003;15.62;12.959999999999999;12.959999999999999;12.959999999999999;12.959999999999999;12.959999999999999;12.959999999999999;12.959999999999999;12.959999999999999;12.959999999999999;12.959999999999999;12.959999999999999;12.959999999999999;12.959999999999999;12.959999999999999;12.959999999999999;12.959999999999999;12.959999999999999;12.959999999999999;12.959999999999999;12.959999999999999;12.959999999999999;12.959999999999999;12.959999999999999;12.959999999999999;12.959999999999999;12.959999999999999;12.959999999999999;14.29
1126;851.8879999999999;23.270000000000003;16.62;23.270000000000003;133.867;31.656;8.64;16.62;143.046;16.62;13.959999999999999;16.62;13.959999999999999;11.299999999999999;159.41;15.29;16.62;8.64;20.61;11.299999999999999;152.669;11.299999999999999;13.959999999999999;11.299999999999999;9.969999999999999;8.64;15.29;12.63;9.969999999999999;225.61599999999999
1127;349.906;27.919999999999998;29.25;22.599999999999998;77.038;17.28;17.28;17.28;17.28;17.28;17.28;17.28;17.28;17.28;17.28;17.28;17.28;17.28;19.939999999999998;17.28;17.28;17.28;17.28;17.28;17.28;17.28;17.28;17.28;17.28;18.61
1128;9.969999999999999;8.64;8.64;8.64;8.64;8.64;8.64;8.64;8.64;8.64;8.64;8.64;8.64;8.64;8.64;8.64;8.64;8.64;8.64;8.64;8.64;8.64;8.64;8.64;8.64;8.64;8.64;8.64;8.64;8.64
1129;1387.2060000000001;23.270000000000003;19.28;25.93;141.20299999999997;35.884;8.64;23.270000000000003;154.335;44.550000000000004;73.46;33.91;17.95;21.939999999999998;167.06799999999998;21.939999999999998;19.28;8.64;35.239999999999995;31.18;176.34699999999998;15.29;19.28;11.299999999999999;11.299999999999999;8.64;13.959999999999999;9.969999999999999;9.969999999999999;228.27100000000002
1130;1651.2959999999998;38.230000000000004;23.6;16.95;127.82699999999998;12.959999999999999;12.959999999999999;22.27;177.72299999999998;26.259999999999998;20.94;27.590000000000003;22.27;26.259999999999998;189.19799999999998;16.95;16.95;12.959999999999999;50.2;23.6;205.24;19.61;26.259999999999998;16.95;16.95;12.959999999999999;16.95;15.62;19.61;258.844
1131;366.96400000000006;14.29;12.959999999999999;15.62;109.44;12.959999999999999;12.959999999999999;12.959999999999999;99.96199999999999;12.959999999999999;12.959999999999999;12.959999999999999;12.959999999999999;12.959999999999999;12.959999999999999;12.959999999999999;12.959999999999999;12.959999999999999;14.29;12.959999999999999;99.864;12.959999999999999;12.959999999999999;12.959999999999999;12.959999999999999;12.959999999999999;12.959999999999999;12.959999999999999;12.959999999999999;12.959999999999999
1132;200.48999999999998;34.239999999999995;28.92;15.62;123.515;12.959999999999999;12.959999999999999;12.959999999999999;12.959999999999999;12.959999999999999;12.959999999999999;12.959999999999999;12.959999999999999;12.959999999999999;12.959999999999999;12.959999999999999;12.959999999999999;12.959999999999999;12.959999999999999;12.959999999999999;12.959999999999999;12.959999999999999;12.959999999999999;12.959999999999999;12.959999999999999;12.959999999999999;12.959999999999999;12.959999999999999;12.959999999999999;12.959999999999999
1133;1328.21;25.93;24.6;17.95;120.72799999999998;27.973999999999997;8.64;13.959999999999999;138.776;24.6;21.939999999999998;15.29;17.95;17.95;133.781;11.299999999999999;13.959999999999999;8.64;87.11;17.95;198.84200000000004;15.29;9.969999999999999;11.299999999999999;8.64;8.64;12.63;11.299999999999999;13.959999999999999;231.26999999999998
1134;2107.352;28.59;13.959999999999999;32.58;126.588;43.08;8.64;25.93;131.72500000000002;9.969999999999999;11.299999999999999;12.63;12.63;11.299999999999999;120.672;8.64;8.64;8.64;13.959999999999999;8.64;190.669;8.64;8.64;8.64;8.64;8.64;8.64;8.64;8.64;11.299999999999999
1135;886.3779999999999;26.259999999999998;22.27;36.9;136.862;27.282;12.959999999999999;20.94;149.241;20.94;37.614;24.93;19.61;19.61;165.865;22.27;26.259999999999998;12.959999999999999;19.61;18.28;197.057;19.61;23.6;19.61;18.28;12.959999999999999;18.28;18.28;16.95;237.10600000000002
1136;2387.4999999999995;19.61;14.29;26.259999999999998;129.84799999999998;27.590000000000003;12.959999999999999;31.58;163.462;20.94;24.93;24.93;34.239999999999995;26.259999999999998;188.23700000000002;28.92;15.62;12.959999999999999;54.19;18.28;214.59199999999998;18.28;19.61;20.94;16.95;12.959999999999999;23.6;16.95;27.590000000000003;284.795
1137;1842.682;23.270000000000003;23.270000000000003;23.270000000000003;126.588;32.986000000000004;8.64;17.95;149.01500000000001;16.62;59.376;24.6;23.270000000000003;21.939999999999998;140.65900000000002;35.239999999999995;16.62;8.64;83.12;42.534;210.04999999999998;15.29;12.63;19.28;16.62;8.64;11.299999999999999;8.64;15.29;234.75000000000003
1138;1814.416;79.13;73.81;37.900000000000006;136.849;49.967999999999996;8.64;37.900000000000006;175.69899999999996;53.86000000000001;31.25;49.87;43.22;40.56;183.23100000000002;35.239999999999995;15.29;8.64;67.16;21.939999999999998;208.256;15.29;12.63;13.959999999999999;16.62;8.64;20.61;12.63;16.62;275.435
1139;1151.222;32.58;28.59;16.62;131.52899999999997;27.259999999999998;8.64;15.29;144.745;20.61;11.299999999999999;16.62;12.63;15.29;153.565;13.959999999999999;8.64;8.64;37.900000000000006;12.63;183.91;12.63;8.64;12.63;11.299999999999999;8.64;11.299999999999999;8.64;11.299999999999999;243.19299999999998
1140;2325.192;15.29;11.299999999999999;12.63;115.49499999999998;8.64;8.64;15.29;150.065;23.270000000000003;47.30799999999999;20.61;19.28;36.57;182.218;16.62;13.959999999999999;8.64;111.05000000000001;45.739999999999995;229.60600000000002;20.61;19.28;27.498;43.864;8.64;16.62;16.62;21.939999999999998;244.798
1141;2961.0159999999996;41.89;40.56;40.56;134.843;37.900000000000006;8.64;32.58;170.71099999999998;47.209999999999994;45.88;52.53;28.59;27.259999999999998;161.02;28.59;28.59;8.64;55.19;15.29;180.616;13.959999999999999;19.28;20.61;16.62;8.64;27.259999999999998;21.939999999999998;19.28;252.98600000000002
1142;1637.428;16.62;20.61;25.93;118.041;23.270000000000003;8.64;24.6;130.026;13.959999999999999;11.299999999999999;11.299999999999999;23.270000000000003;16.62;170.206;13.959999999999999;8.64;8.64;31.25;15.29;190.82999999999998;16.62;8.64;12.63;9.969999999999999;8.64;8.64;9.969999999999999;15.29;212.79900000000004
1143;14.29;12.959999999999999;12.959999999999999;12.959999999999999;12.959999999999999;12.959999999999999;12.959999999999999;12.959999999999999;12.959999999999999;12.959999999999999;12.959999999999999;12.959999999999999;12.959999999999999;12.959999999999999;12.959999999999999;12.959999999999999;12.959999999999999;12.959999999999999;12.959999999999999;12.959999999999999;12.959999999999999;12.959999999999999;12.959999999999999;12.959999999999999;12.959999999999999;12.959999999999999;12.959999999999999;12.959999999999999;12.959999999999999;12.959999999999999
1144;9.969999999999999;8.64;8.64;8.64;8.64;8.64;8.64;8.64;8.64;8.64;8.64;8.64;8.64;8.64;8.64;8.64;8.64;8.64;8.64;8.64;8.64;8.64;8.64;8.64;8.64;8.64;8.64;8.64;8.64;8.64
1145;1144.524;15.62;12.959999999999999;15.62;106.713;15.62;12.959999999999999;19.61;138.42999999999998;16.95;19.61;23.6;14.29;16.95;164.904;15.62;15.62;12.959999999999999;27.590000000000003;15.62;189.24300000000002;14.29;20.94;18.28;12.959999999999999;12.959999999999999;15.62;15.62;18.28;232.893
1146;122.09599999999999;21.939999999999998;8.64;8.64;96.23599999999999;8.64;8.64;8.64;8.64;8.64;8.64;8.64;8.64;8.64;8.64;8.64;8.64;8.64;8.64;8.64;8.64;8.64;8.64;8.64;8.64;8.64;8.64;8.64;8.64;8.64
1147;109.05;25.26;19.939999999999998;17.28;105.416;17.28;17.28;18.61;120.445;17.28;17.28;17.28;17.28;17.28;17.28;17.28;17.28;17.28;17.28;17.28;17.28;17.28;17.28;17.28;17.28;17.28;17.28;17.28;17.28;17.28
1148;957.4899999999999;21.939999999999998;21.939999999999998;25.93;136.94800000000004;21.939999999999998;8.64;23.270000000000003;140.81199999999998;13.959999999999999;8.64;15.29;9.969999999999999;13.959999999999999;154.043;13.959999999999999;11.299999999999999;8.64;28.59;8.64;184.54899999999998;8.64;11.299999999999999;12.63;8.64;8.64;9.969999999999999;9.969999999999999;12.63;241.868
1149;1106.262;14.29;22.27;24.93;107.84;36.284;12.959999999999999;23.6;154.343;24.93;19.61;40.89;26.259999999999998;24.93;162.83599999999998;24.93;20.94;12.959999999999999;35.57000000000001;18.28;200.683;20.94;16.95;18.28;15.62;12.959999999999999;15.62;12.959999999999999;15.62;245.294
1150;18.61;17.28;17.28;17.28;17.28;17.28;17.28;17.28;17.28;17.28;17.28;17.28;17.28;17.28;17.28;17.28;17.28;17.28;17.28;17.28;17.28;17.28;17.28;17.28;17.28;17.28;17.28;17.28;17.28;17.28
1151;265.694;25.93;16.62;8.64;111.978;9.969999999999999;8.64;9.969999999999999;116.481;8.64;8.64;8.64;8.64;8.64;8.64;8.64;8.64;8.64;13.959999999999999;8.64;8.64;8.64;8.64;8.64;8.64;8.64;8.64;8.64;8.64;11.299999999999999
1152;1980.388;61.17;61.17;55.849999999999994;134.85899999999998;66.896;17.28;51.86;192.688;69.15;88.204;51.86;42.55;50.53;190.22400000000002;53.19;26.589999999999996;17.28;98.41000000000001;51.482;229.954;35.9;43.879999999999995;44.902;46.946;17.28;50.53;43.879999999999995;51.482;251.84799999999998
1153;1628.266;32.91;28.92;26.259999999999998;135.849;33.623999999999995;12.959999999999999;30.25;172.725;39.56;69.01599999999999;22.27;31.58;28.92;191.583;18.28;15.62;12.959999999999999;46.21;31.272;224.60199999999998;20.94;26.259999999999998;19.61;25.952;12.959999999999999;23.6;24.93;22.27;273.999
1154;14.29;12.959999999999999;12.959999999999999;12.959999999999999;12.959999999999999;12.959999999999999;12.959999999999999;12.959999999999999;12.959999999999999;12.959999999999999;12.959999999999999;12.959999999999999;12.959999999999999;12.959999999999999;12.959999999999999;12.959999999999999;12.959999999999999;12.959999999999999;12.959999999999999;12.959999999999999;12.959999999999999;12.959999999999999;12.959999999999999;12.959999999999999;12.959999999999999;12.959999999999999;12.959999999999999;12.959999999999999;12.959999999999999;12.959999999999999
1155;110.04999999999998;23.6;12.959999999999999;14.29;98.067;16.95;12.959999999999999;12.959999999999999;12.959999999999999;12.959999999999999;12.959999999999999;12.959999999999999;12.959999999999999;12.959999999999999;12.959999999999999;12.959999999999999;12.959999999999999;12.959999999999999;12.959999999999999;12.959999999999999;12.959999999999999;12.959999999999999;12.959999999999999;12.959999999999999;12.959999999999999;12.959999999999999;12.959999999999999;12.959999999999999;12.959999999999999;12.959999999999999
1156;982.586;30.25;31.58;26.259999999999998;144.93099999999998;19.61;12.959999999999999;20.94;167.083;26.259999999999998;23.6;18.28;20.94;15.62;180.257;16.95;14.29;12.959999999999999;30.25;24.93;210.238;16.95;15.62;16.95;14.29;12.959999999999999;19.61;14.29;15.62;258.517
1157;1664.022;24.93;28.92;32.91;128.149;44.263999999999996;12.959999999999999;32.91;187.41199999999998;42.22;65.544;64.83;36.9;31.58;185.21300000000002;46.21;36.9;12.959999999999999;43.55;31.58;213.51000000000002;26.259999999999998;34.239999999999995;23.6;20.94;12.959999999999999;32.91;28.92;26.259999999999998;269.37
1158;9.969999999999999;8.64;8.64;8.64;8.64;8.64;8.64;8.64;8.64;8.64;8.64;8.64;8.64;8.64;8.64;8.64;8.64;8.64;8.64;8.64;8.64;8.64;8.64;8.64;8.64;8.64;8.64;8.64;8.64;8.64
1159;227.90199999999996;19.61;23.6;14.29;138.18200000000002;15.62;12.959999999999999;14.29;148.81;16.95;12.959999999999999;12.959999999999999;14.29;12.959999999999999;12.959999999999999;12.959999999999999;12.959999999999999;12.959999999999999;15.62;12.959999999999999;12.959999999999999;12.959999999999999;12.959999999999999;12.959999999999999;12.959999999999999;12.959999999999999;12.959999999999999;12.959999999999999;12.959999999999999;14.29
1160;213.846;16.95;19.61;16.95;110.59899999999999;27.282;12.959999999999999;16.95;164.059;26.259999999999998;12.959999999999999;12.959999999999999;14.29;12.959999999999999;12.959999999999999;12.959999999999999;12.959999999999999;12.959999999999999;12.959999999999999;12.959999999999999;12.959999999999999;12.959999999999999;12.959999999999999;12.959999999999999;12.959999999999999;12.959999999999999;12.959999999999999;12.959999999999999;12.959999999999999;12.959999999999999
1161;14.29;12.959999999999999;12.959999999999999;12.959999999999999;12.959999999999999;12.959999999999999;12.959999999999999;12.959999999999999;12.959999999999999;12.959999999999999;12.959999999999999;12.959999999999999;12.959999999999999;12.959999999999999;12.959999999999999;12.959999999999999;12.959999999999999;12.959999999999999;12.959999999999999;12.959999999999999;12.959999999999999;12.959999999999999;12.959999999999999;12.959999999999999;12.959999999999999;12.959999999999999;12.959999999999999;12.959999999999999;12.959999999999999;12.959999999999999
1162;1892.788;20.61;16.62;32.58;118.509;11.299999999999999;8.64;19.28;150.751;16.62;12.63;19.28;29.919999999999998;25.93;181.41299999999998;24.6;8.64;8.64;35.239999999999995;25.622;209.90800000000002;19.28;16.62;28.59;29.611999999999995;8.64;12.63;15.29;34.932;267.98
1163;1463.8360000000002;34.239999999999995;39.56;23.6;142.551;16.95;12.959999999999999;19.61;167.041;18.28;20.94;19.61;14.29;15.62;178.39700000000002;15.62;15.62;12.959999999999999;55.519999999999996;30.25;206.36200000000002;23.6;26.259999999999998;30.25;24.93;12.959999999999999;23.6;23.6;18.28;274.108
1164;9.969999999999999;8.64;8.64;8.64;8.64;8.64;8.64;8.64;8.64;8.64;8.64;8.64;8.64;8.64;8.64;8.64;8.64;8.64;8.64;8.64;8.64;8.64;8.64;8.64;8.64;8.64;8.64;8.64;8.64;8.64
1165;1824.1260000000002;20.94;24.93;28.92;136.27;33.077999999999996;12.959999999999999;23.6;148.109;14.29;19.61;15.62;19.61;15.62;171.274;15.62;12.959999999999999;12.959999999999999;42.22;22.508;194.12699999999998;16.95;18.28;15.62;15.62;12.959999999999999;18.28;15.62;16.95;246.40099999999998
1166;1534.7179999999998;31.58;28.92;30.25;140.899;34.408;12.959999999999999;23.6;188.68499999999997;42.22;104.548;38.230000000000004;27.590000000000003;26.259999999999998;189.146;39.56;28.92;12.959999999999999;104.73;39.49;219.06;24.93;34.239999999999995;27.590000000000003;34.954;12.959999999999999;27.590000000000003;23.6;37.068;270.378
1167;9.969999999999999;8.64;8.64;8.64;8.64;8.64;8.64;8.64;8.64;8.64;8.64;8.64;8.64;8.64;8.64;8.64;8.64;8.64;8.64;8.64;8.64;8.64;8.64;8.64;8.64;8.64;8.64;8.64;8.64;8.64
1168;1028.366;24.93;15.62;26.259999999999998;117.46200000000002;16.95;12.959999999999999;19.61;139.93099999999998;14.29;12.959999999999999;15.62;12.959999999999999;16.95;161.023;12.959999999999999;12.959999999999999;12.959999999999999;24.93;16.95;200.034;12.959999999999999;12.959999999999999;12.959999999999999;12.959999999999999;12.959999999999999;12.959999999999999;12.959999999999999;15.62;245.289
1169;14.29;12.959999999999999;12.959999999999999;12.959999999999999;12.959999999999999;12.959999999999999;12.959999999999999;12.959999999999999;12.959999999999999;12.959999999999999;12.959999999999999;12.959999999999999;12.959999999999999;12.959999999999999;12.959999999999999;12.959999999999999;12.959999999999999;12.959999999999999;12.959999999999999;12.959999999999999;12.959999999999999;12.959999999999999;12.959999999999999;12.959999999999999;12.959999999999999;12.959999999999999;12.959999999999999;12.959999999999999;12.959999999999999;12.959999999999999
1170;37.900000000000006;16.62;8.64;8.64;8.64;8.64;8.64;8.64;8.64;8.64;8.64;8.64;8.64;8.64;8.64;8.64;8.64;8.64;8.64;8.64;8.64;8.64;8.64;8.64;8.64;8.64;8.64;8.64;8.64;8.64
1171;2042.414;24.93;23.6;19.61;131.22;15.62;12.959999999999999;12.959999999999999;161.077;15.62;16.404;27.590000000000003;18.28;22.27;164.53;23.6;19.61;12.959999999999999;27.590000000000003;20.94;215.02800000000002;18.28;18.28;14.29;14.29;12.959999999999999;18.28;14.29;20.94;242.10400000000004
1172;14.29;12.959999999999999;12.959999999999999;12.959999999999999;12.959999999999999;12.959999999999999;12.959999999999999;12.959999999999999;12.959999999999999;12.959999999999999;12.959999999999999;12.959999999999999;12.959999999999999;12.959999999999999;12.959999999999999;12.959999999999999;12.959999999999999;12.959999999999999;12.959999999999999;12.959999999999999;12.959999999999999;12.959999999999999;12.959999999999999;12.959999999999999;12.959999999999999;12.959999999999999;12.959999999999999;12.959999999999999;12.959999999999999;12.959999999999999
1173;288.178;16.62;12.63;12.63;107.505;8.64;8.64;8.64;135.38799999999998;8.64;8.64;8.64;8.64;8.64;8.64;8.64;8.64;8.64;11.299999999999999;8.64;8.64;8.64;8.64;8.64;8.64;8.64;8.64;8.64;8.64;8.64
1174;14.29;12.959999999999999;12.959999999999999;12.959999999999999;12.959999999999999;12.959999999999999;12.959999999999999;12.959999999999999;12.959999999999999;12.959999999999999;12.959999999999999;12.959999999999999;12.959999999999999;12.959999999999999;12.959999999999999;12.959999999999999;12.959999999999999;12.959999999999999;12.959999999999999;12.959999999999999;12.959999999999999;12.959999999999999;12.959999999999999;12.959999999999999;12.959999999999999;12.959999999999999;12.959999999999999;12.959999999999999;12.959999999999999;12.959999999999999
1175;1529.9859999999999;27.590000000000003;26.259999999999998;28.92;150.838;54.050000000000004;12.959999999999999;39.56;189.69299999999998;20.94;53.742000000000004;30.25;42.22;23.6;189.23999999999998;19.61;20.94;12.959999999999999;78.13000000000001;38.944;225.58300000000003;20.94;23.6;23.6;19.61;12.959999999999999;19.61;18.28;32.056;270.80400000000003
1176;14.29;12.959999999999999;12.959999999999999;12.959999999999999;12.959999999999999;12.959999999999999;12.959999999999999;12.959999999999999;12.959999999999999;12.959999999999999;12.959999999999999;12.959999999999999;12.959999999999999;12.959999999999999;12.959999999999999;12.959999999999999;12.959999999999999;12.959999999999999;12.959999999999999;12.959999999999999;12.959999999999999;12.959999999999999;12.959999999999999;12.959999999999999;12.959999999999999;12.959999999999999;12.959999999999999;12.959999999999999;12.959999999999999;12.959999999999999
1177;182.668;19.61;15.62;18.28;104.375;12.959999999999999;12.959999999999999;12.959999999999999;12.959999999999999;12.959999999999999;12.959999999999999;12.959999999999999;12.959999999999999;12.959999999999999;12.959999999999999;12.959999999999999;12.959999999999999;12.959999999999999;12.959999999999999;12.959999999999999;12.959999999999999;12.959999999999999;12.959999999999999;12.959999999999999;12.959999999999999;12.959999999999999;12.959999999999999;12.959999999999999;12.959999999999999;14.29
1178;1135.514;11.299999999999999;8.64;21.939999999999998;120.84699999999998;17.95;8.64;15.29;134.801;8.64;8.64;11.299999999999999;12.63;11.299999999999999;160.579;11.299999999999999;8.64;8.64;25.93;12.63;198.26;8.64;8.64;8.64;8.64;8.64;8.64;8.64;8.64;11.299999999999999
1179;2366.478;67.16;64.5;29.919999999999998;135.041;46.286;8.64;32.58;200.008;61.839999999999996;87.71199999999999;64.5;48.54;47.209999999999994;189.62099999999998;55.19;44.550000000000004;8.64;75.14;63.268;231.039;28.59;43.22;36.5;38.306;8.64;37.900000000000006;27.259999999999998;76.092;293.85699999999997
1180;15.62;12.959999999999999;12.959999999999999;12.959999999999999;12.959999999999999;12.959999999999999;12.959999999999999;12.959999999999999;12.959999999999999;12.959999999999999;12.959999999999999;12.959999999999999;12.959999999999999;12.959999999999999;12.959999999999999;12.959999999999999;12.959999999999999;12.959999999999999;12.959999999999999;12.959999999999999;12.959999999999999;12.959999999999999;12.959999999999999;12.959999999999999;12.959999999999999;12.959999999999999;12.959999999999999;12.959999999999999;12.959999999999999;12.959999999999999
1181;21.939999999999998;11.299999999999999;8.64;8.64;8.64;8.64;8.64;8.64;8.64;8.64;8.64;8.64;8.64;8.64;8.64;8.64;8.64;8.64;8.64;8.64;8.64;8.64;8.64;8.64;8.64;8.64;8.64;8.64;8.64;8.64
1182;11.299999999999999;8.64;8.64;8.64;8.64;8.64;8.64;8.64;8.64;8.64;8.64;8.64;8.64;8.64;8.64;8.64;8.64;8.64;8.64;8.64;8.64;8.64;8.64;8.64;8.64;8.64;8.64;8.64;8.64;8.64
1183;96.68599999999999;8.64;8.64;9.969999999999999;8.64;8.64;8.64;8.64;8.64;8.64;8.64;8.64;8.64;8.64;8.64;8.64;8.64;8.64;8.64;8.64;8.64;8.64;8.64;8.64;8.64;8.64;8.64;8.64;8.64;8.64
1184;104.666;15.29;8.64;8.64;8.64;8.64;8.64;8.64;8.64;8.64;8.64;8.64;8.64;8.64;8.64;8.64;8.64;8.64;8.64;8.64;8.64;8.64;8.64;8.64;8.64;8.64;8.64;8.64;8.64;11.299999999999999
1185;1158.46;20.61;27.259999999999998;20.61;118.95;17.95;8.64;21.939999999999998;135.024;9.969999999999999;9.969999999999999;12.63;33.91;13.959999999999999;148.359;17.95;8.64;8.64;28.59;13.959999999999999;171.33100000000002;11.299999999999999;13.959999999999999;8.64;9.969999999999999;8.64;12.63;8.64;12.63;193.892
1186;654.0480000000001;40.89;44.879999999999995;40.89;120.44399999999999;33.385999999999996;12.959999999999999;16.95;12.959999999999999;12.959999999999999;12.959999999999999;12.959999999999999;12.959999999999999;12.959999999999999;12.959999999999999;12.959999999999999;12.959999999999999;12.959999999999999;12.959999999999999;12.959999999999999;12.959999999999999;12.959999999999999;12.959999999999999;12.959999999999999;12.959999999999999;12.959999999999999;12.959999999999999;12.959999999999999;12.959999999999999;16.95
1187;11.299999999999999;9.969999999999999;8.64;8.64;8.64;8.64;8.64;8.64;8.64;8.64;8.64;8.64;8.64;8.64;8.64;8.64;8.64;8.64;8.64;8.64;8.64;8.64;8.64;8.64;8.64;8.64;8.64;8.64;8.64;8.64
1188;934.0539999999999;11.299999999999999;21.939999999999998;16.62;101.821;17.95;8.64;13.959999999999999;115.68100000000001;11.299999999999999;8.64;11.299999999999999;16.62;13.959999999999999;148.198;13.959999999999999;13.959999999999999;8.64;32.58;18.734;193.6;20.61;13.959999999999999;9.969999999999999;8.64;8.64;11.299999999999999;9.969999999999999;13.959999999999999;221.995
1189;137.434;12.959999999999999;12.959999999999999;23.6;139.886;22.27;12.959999999999999;19.61;141.407;12.959999999999999;15.62;12.959999999999999;12.959999999999999;12.959999999999999;12.959999999999999;12.959999999999999;12.959999999999999;12.959999999999999;12.959999999999999;12.959999999999999;12.959999999999999;12.959999999999999;12.959999999999999;12.959999999999999;12.959999999999999;12.959999999999999;12.959999999999999;12.959999999999999;12.959999999999999;15.62
1190;2757.568;37.900000000000006;49.87;37.900000000000006;108.57000000000001;45.81;8.64;45.88;148.651;87.11;75.238;55.19;51.199999999999996;41.89;154.00599999999997;64.5;35.239999999999995;8.64;138.98000000000002;40.182;173.543;21.939999999999998;45.88;33.91;60.132;8.64;55.19;47.209999999999994;51.199999999999996;274.385
1191;225.214;12.959999999999999;16.95;12.959999999999999;126.492;12.959999999999999;12.959999999999999;12.959999999999999;142.046;12.959999999999999;12.959999999999999;12.959999999999999;14.29;15.62;171.985;12.959999999999999;12.959999999999999;12.959999999999999;12.959999999999999;12.959999999999999;191.17;12.959999999999999;12.959999999999999;12.959999999999999;12.959999999999999;12.959999999999999;12.959999999999999;12.959999999999999;12.959999999999999;14.29
1192;163.538;25.26;19.939999999999998;17.28;114.446;17.28;17.28;17.28;17.28;17.28;17.28;17.28;17.28;17.28;17.28;17.28;17.28;17.28;19.939999999999998;17.28;17.28;17.28;17.28;17.28;17.28;17.28;17.28;17.28;17.28;18.61
1193;121.404;23.6;16.95;12.959999999999999;12.959999999999999;12.959999999999999;12.959999999999999;12.959999999999999;12.959999999999999;12.959999999999999;12.959999999999999;12.959999999999999;12.959999999999999;12.959999999999999;12.959999999999999;12.959999999999999;12.959999999999999;12.959999999999999;16.95;12.959999999999999;12.959999999999999;12.959999999999999;12.959999999999999;12.959999999999999;12.959999999999999;12.959999999999999;12.959999999999999;12.959999999999999;12.959999999999999;15.62
1194;81.574;15.62;12.959999999999999;12.959999999999999;90.78300000000002;12.959999999999999;12.959999999999999;12.959999999999999;113.351;12.959999999999999;12.959999999999999;12.959999999999999;12.959999999999999;12.959999999999999;12.959999999999999;12.959999999999999;12.959999999999999;12.959999999999999;12.959999999999999;12.959999999999999;12.959999999999999;12.959999999999999;12.959999999999999;12.959999999999999;12.959999999999999;12.959999999999999;12.959999999999999;12.959999999999999;12.959999999999999;12.959999999999999
1195;1950.2579999999998;88.44;77.8;55.19;135.47699999999998;42.912;8.64;32.58;184.68699999999995;64.5;87.404;51.199999999999996;33.91;49.87;167.628;73.81;39.23;8.64;57.849999999999994;34.148;205.171;32.58;40.56;30.703999999999997;24.6;8.64;9.969999999999999;12.63;15.29;12.63
1196;1643.2799999999997;23.270000000000003;19.28;59.18;118.93;32.58;8.64;31.25;167.08499999999998;32.58;28.59;29.919999999999998;39.23;23.270000000000003;146.665;15.29;11.299999999999999;8.64;37.900000000000006;22.177999999999997;180.517;17.95;19.28;16.62;19.28;8.64;23.270000000000003;16.62;21.939999999999998;249.229
1197;995.376;27.919999999999998;39.89;35.9;156.493;34.57;17.28;25.26;177.835;29.25;25.26;26.589999999999996;29.25;22.599999999999998;179.53699999999998;23.93;17.28;17.28;54.519999999999996;30.034;199.72500000000002;19.939999999999998;19.939999999999998;21.27;18.61;17.28;21.27;17.28;19.939999999999998;264.328
1198;628.602;37.900000000000006;40.56;31.25;136.168;12.63;8.64;12.63;164.051;13.959999999999999;15.29;8.64;11.299999999999999;9.969999999999999;8.64;13.959999999999999;11.299999999999999;8.64;37.900000000000006;9.969999999999999;146.99;8.64;11.299999999999999;11.299999999999999;9.969999999999999;8.64;11.299999999999999;8.64;11.299999999999999;207.598
1199;562.7120000000001;39.56;32.91;24.93;137.501;38.328;12.959999999999999;15.62;136.09199999999998;19.61;16.95;15.62;18.28;18.28;157.51600000000002;20.94;15.62;12.959999999999999;23.6;14.29;196.366;12.959999999999999;12.959999999999999;12.959999999999999;12.959999999999999;12.959999999999999;12.959999999999999;12.959999999999999;12.959999999999999;12.959999999999999
1200;9.969999999999999;8.64;8.64;8.64;8.64;8.64;8.64;8.64;8.64;8.64;8.64;8.64;8.64;8.64;8.64;8.64;8.64;8.64;8.64;8.64;8.64;8.64;8.64;8.64;8.64;8.64;8.64;8.64;8.64;8.64
1201;1437.788;29.919999999999998;20.61;25.93;106.13299999999998;21.939999999999998;8.64;15.29;114.029;15.29;32.748;17.95;20.61;20.61;151.76700000000002;36.57;13.959999999999999;8.64;51.199999999999996;35.408;168.079;11.299999999999999;15.29;11.299999999999999;8.64;8.64;8.64;8.64;9.969999999999999;221.14300000000003
1202;10.969999999999999;4.32;4.32;4.32;4.32;4.32;4.32;4.32;4.32;4.32;4.32;4.32;4.32;4.32;4.32;4.32;4.32;4.32;4.32;4.32;4.32;4.32;4.32;4.32;4.32;4.32;4.32;4.32;4.32;4.32
1203;911.3539999999999;20.94;16.95;22.27;135.48;29.942;12.959999999999999;18.28;139.39100000000002;23.6;15.62;19.61;19.61;15.62;178.55800000000002;16.95;16.95;12.959999999999999;14.29;14.29;202.25799999999998;14.29;15.62;16.95;16.95;12.959999999999999;19.61;14.29;18.28;174.666
1204;1704.6080000000002;31.58;34.239999999999995;32.91;128.622;33.623999999999995;12.959999999999999;26.259999999999998;170.50099999999998;35.57000000000001;81.154;38.230000000000004;42.22;28.92;171.975;30.25;34.239999999999995;12.959999999999999;39.56;46.616;199.58300000000003;26.259999999999998;23.6;33.931999999999995;42.626000000000005;12.959999999999999;22.27;24.93;30.25;272.30500000000006
1205;1545.532;17.95;19.28;16.62;105.22400000000002;20.302;8.64;13.959999999999999;107.015;13.959999999999999;15.29;13.959999999999999;23.270000000000003;16.62;156.70799999999997;11.299999999999999;8.64;8.64;37.900000000000006;15.29;187.739;13.959999999999999;9.969999999999999;13.959999999999999;12.63;8.64;12.63;11.299999999999999;15.29;250.97000000000003
1206;845.2099999999999;17.95;15.29;15.29;129.508;15.29;8.64;8.64;146.07;11.299999999999999;9.969999999999999;15.29;13.959999999999999;17.95;143.423;13.959999999999999;8.64;8.64;13.959999999999999;8.64;155.163;8.64;9.969999999999999;8.64;8.64;8.64;8.64;8.64;8.64;11.299999999999999
1207;1191.3679999999997;20.94;19.61;34.239999999999995;136.535;15.62;12.959999999999999;16.95;161.76299999999998;16.95;19.61;19.61;23.6;19.61;180.896;23.6;15.62;12.959999999999999;42.22;14.29;209.87400000000002;15.62;14.29;14.29;14.29;12.959999999999999;15.62;12.959999999999999;12.959999999999999;242.74800000000005
1208;914.7619999999998;20.61;9.969999999999999;11.299999999999999;110.762;12.63;8.64;16.62;112.65200000000002;15.29;8.64;13.959999999999999;15.29;12.63;125.462;9.969999999999999;11.299999999999999;8.64;31.25;9.969999999999999;145.811;8.64;8.64;8.64;8.64;8.64;9.969999999999999;8.64;13.959999999999999;212.22700000000003
1209;290.118;20.94;23.6;22.27;139.839;39.965999999999994;12.959999999999999;23.6;154.172;15.62;16.95;16.95;12.959999999999999;12.959999999999999;178.766;12.959999999999999;12.959999999999999;12.959999999999999;15.62;12.959999999999999;12.959999999999999;12.959999999999999;12.959999999999999;12.959999999999999;12.959999999999999;12.959999999999999;12.959999999999999;12.959999999999999;12.959999999999999;14.29
1210;251.184;14.29;16.95;15.62;113.155;12.959999999999999;12.959999999999999;15.62;131.68599999999998;12.959999999999999;12.959999999999999;12.959999999999999;15.62;12.959999999999999;155.183;12.959999999999999;12.959999999999999;12.959999999999999;12.959999999999999;12.959999999999999;12.959999999999999;12.959999999999999;12.959999999999999;12.959999999999999;12.959999999999999;12.959999999999999;12.959999999999999;12.959999999999999;12.959999999999999;12.959999999999999
1211;3347.6059999999998;48.870000000000005;35.57000000000001;31.58;125.86299999999999;47.400000000000006;12.959999999999999;30.25;169.03;50.2;27.590000000000003;62.169999999999995;31.58;24.93;174.729;31.58;27.590000000000003;12.959999999999999;55.519999999999996;25.952;204.989;22.27;35.57000000000001;30.25;27.590000000000003;12.959999999999999;38.230000000000004;34.239999999999995;32.91;260.932
1212;180.54000000000002;16.95;12.959999999999999;14.29;115.493;15.62;12.959999999999999;12.959999999999999;129.71699999999998;15.62;12.959999999999999;12.959999999999999;12.959999999999999;12.959999999999999;12.959999999999999;12.959999999999999;12.959999999999999;12.959999999999999;12.959999999999999;12.959999999999999;12.959999999999999;12.959999999999999;12.959999999999999;12.959999999999999;12.959999999999999;12.959999999999999;12.959999999999999;12.959999999999999;12.959999999999999;12.959999999999999
1213;31.25;8.64;8.64;8.64;8.64;8.64;8.64;8.64;8.64;8.64;8.64;8.64;8.64;8.64;8.64;8.64;8.64;8.64;8.64;8.64;8.64;8.64;8.64;8.64;8.64;8.64;8.64;8.64;8.64;8.64
1214;861.7460000000001;37.230000000000004;38.56;23.93;133.893;23.622;17.28;18.61;141.898;22.599999999999998;19.939999999999998;22.599999999999998;21.27;21.27;168.622;17.28;19.939999999999998;17.28;39.89;22.599999999999998;190.373;19.939999999999998;19.939999999999998;21.27;21.27;17.28;25.26;19.939999999999998;18.61;258.431
1215;1269.3539999999998;23.270000000000003;20.61;19.28;99.473;29.304;8.64;23.270000000000003;153.245;29.919999999999998;37.76;32.58;24.6;20.61;152.53699999999998;15.29;8.64;8.64;48.54;11.299999999999999;167.903;16.62;9.969999999999999;13.959999999999999;15.29;8.64;15.29;13.959999999999999;20.61;211.27300000000002
1216;1062.168;21.939999999999998;20.61;20.61;139.182;21.632;8.64;19.28;175.268;36.57;16.62;27.259999999999998;17.95;24.6;158.13199999999998;13.959999999999999;11.299999999999999;8.64;31.25;13.959999999999999;199.59;9.969999999999999;12.63;12.63;12.63;8.64;19.28;11.299999999999999;13.959999999999999;256.379
1217;2641.6139999999996;30.25;43.55;42.22;135.20999999999998;44.501999999999995;12.959999999999999;38.230000000000004;166.999;32.91;34.716;32.91;36.9;34.239999999999995;178.724;19.61;20.94;12.959999999999999;68.82;20.94;203.27100000000002;15.62;20.94;16.95;15.62;12.959999999999999;12.959999999999999;15.62;15.62;251.82999999999998
1218;957.302;23.6;31.58;38.230000000000004;141.69400000000002;41.296;12.959999999999999;27.590000000000003;166.402;47.54;52.958;18.28;27.590000000000003;18.28;196.65299999999996;15.62;12.959999999999999;12.959999999999999;12.959999999999999;12.959999999999999;12.959999999999999;12.959999999999999;12.959999999999999;12.959999999999999;12.959999999999999;12.959999999999999;12.959999999999999;12.959999999999999;12.959999999999999;14.29
1219;9.969999999999999;8.64;8.64;8.64;8.64;8.64;8.64;8.64;8.64;8.64;8.64;8.64;8.64;8.64;8.64;8.64;8.64;8.64;8.64;8.64;8.64;8.64;8.64;8.64;8.64;8.64;8.64;8.64;8.64;8.64
1220;49.87;9.969999999999999;8.64;8.64;8.64;8.64;8.64;8.64;8.64;8.64;8.64;8.64;8.64;8.64;8.64;8.64;8.64;8.64;8.64;8.64;8.64;8.64;8.64;8.64;8.64;8.64;8.64;8.64;8.64;8.64
1221;227.13799999999998;11.299999999999999;15.29;11.299999999999999;8.64;9.969999999999999;8.64;8.64;8.64;8.64;8.64;8.64;8.64;8.64;8.64;8.64;8.64;8.64;8.64;8.64;8.64;8.64;8.64;8.64;8.64;8.64;8.64;8.64;8.64;11.299999999999999
1222;365.44399999999996;20.61;12.63;11.299999999999999;123.50200000000001;9.969999999999999;8.64;9.969999999999999;116.36699999999999;12.63;9.969999999999999;12.63;13.959999999999999;8.64;120.469;8.64;8.64;8.64;8.64;8.64;103.088;9.969999999999999;9.969999999999999;8.64;8.64;8.64;8.64;8.64;8.64;8.64
1223;295.886;19.61;15.62;27.590000000000003;117.34299999999999;12.959999999999999;12.959999999999999;12.959999999999999;12.959999999999999;14.29;12.959999999999999;12.959999999999999;12.959999999999999;12.959999999999999;12.959999999999999;12.959999999999999;12.959999999999999;12.959999999999999;12.959999999999999;12.959999999999999;12.959999999999999;12.959999999999999;12.959999999999999;12.959999999999999;12.959999999999999;12.959999999999999;12.959999999999999;12.959999999999999;12.959999999999999;14.29
1224;1756.6240000000003;24.6;21.939999999999998;28.59;138.86499999999998;36.262;8.64;24.6;173.081;23.270000000000003;31.418;23.270000000000003;25.93;25.93;183.709;16.62;15.29;8.64;28.59;38.684;212.88500000000002;15.29;28.59;21.939999999999998;31.25;8.64;19.28;12.63;25.93;273.622
1225;815.384;27.590000000000003;27.590000000000003;22.27;103.486;18.28;12.959999999999999;22.27;132.699;16.95;14.29;14.29;15.62;15.62;121.48499999999999;14.29;18.28;12.959999999999999;26.259999999999998;12.959999999999999;182.754;12.959999999999999;12.959999999999999;14.29;16.95;12.959999999999999;16.95;12.959999999999999;14.29;198.89800000000002
1226;9.969999999999999;8.64;8.64;8.64;8.64;8.64;8.64;8.64;8.64;8.64;8.64;8.64;8.64;8.64;8.64;8.64;8.64;8.64;8.64;8.64;8.64;8.64;8.64;8.64;8.64;8.64;8.64;8.64;8.64;8.64
1227;217.94799999999998;16.95;18.28;15.62;127.18299999999999;23.292;12.959999999999999;12.959999999999999;121.00399999999999;12.959999999999999;12.959999999999999;12.959999999999999;14.29;15.62;154.21699999999998;12.959999999999999;12.959999999999999;12.959999999999999;12.959999999999999;12.959999999999999;157.14499999999998;12.959999999999999;12.959999999999999;12.959999999999999;12.959999999999999;12.959999999999999;12.959999999999999;12.959999999999999;12.959999999999999;14.29
1228;26.259999999999998;16.95;12.959999999999999;12.959999999999999;12.959999999999999;12.959999999999999;12.959999999999999;12.959999999999999;12.959999999999999;12.959999999999999;12.959999999999999;12.959999999999999;12.959999999999999;12.959999999999999;12.959999999999999;12.959999999999999;12.959999999999999;12.959999999999999;12.959999999999999;12.959999999999999;12.959999999999999;12.959999999999999;12.959999999999999;12.959999999999999;12.959999999999999;12.959999999999999;12.959999999999999;12.959999999999999;12.959999999999999;12.959999999999999
1229;268.858;17.95;13.959999999999999;13.959999999999999;122.863;11.299999999999999;8.64;8.64;147.4;15.29;8.64;13.959999999999999;8.64;8.64;136.508;8.64;8.64;8.64;8.64;8.64;8.64;8.64;8.64;8.64;8.64;8.64;8.64;8.64;8.64;9.969999999999999
1230;18.61;17.28;17.28;17.28;17.28;17.28;17.28;17.28;17.28;17.28;17.28;17.28;17.28;17.28;17.28;17.28;17.28;17.28;17.28;17.28;17.28;17.28;17.28;17.28;17.28;17.28;17.28;17.28;17.28;17.28
1231;1909.2520000000002;57.849999999999994;36.57;47.209999999999994;134.506;53.720000000000006;8.64;29.919999999999998;189.36800000000002;48.54;119.01599999999999;68.49000000000001;48.54;48.54;185.522;60.51;28.59;8.64;95.09;27.259999999999998;223.20300000000003;28.59;25.93;30.703999999999997;20.61;8.64;24.6;23.270000000000003;33.294;290.268
1232;596.886;23.6;35.57000000000001;31.58;135.16299999999998;39.965999999999994;12.959999999999999;38.230000000000004;197.99;48.870000000000005;40.89;44.879999999999995;36.9;19.61;168.359;15.62;12.959999999999999;12.959999999999999;16.95;12.959999999999999;12.959999999999999;12.959999999999999;12.959999999999999;12.959999999999999;12.959999999999999;12.959999999999999;12.959999999999999;12.959999999999999;12.959999999999999;15.62
1233;820.858;22.27;20.94;26.259999999999998;133.34;39.965999999999994;12.959999999999999;26.259999999999998;172.091;23.6;15.62;12.959999999999999;16.95;15.62;167.237;12.959999999999999;12.959999999999999;12.959999999999999;28.92;27.282;187.175;20.94;12.959999999999999;16.95;15.62;12.959999999999999;15.62;12.959999999999999;15.62;245.39299999999997
1234;562.3399999999999;11.299999999999999;28.59;29.919999999999998;111.973;25.622;8.64;21.939999999999998;116.64699999999999;36.57;23.270000000000003;32.58;17.95;19.28;164.257;21.939999999999998;13.959999999999999;8.64;35.239999999999995;23.270000000000003;164.198;11.299999999999999;8.64;11.299999999999999;8.64;8.64;8.64;8.64;8.64;8.64
1235;48.54;9.969999999999999;8.64;8.64;108.144;8.64;8.64;8.64;8.64;8.64;8.64;8.64;8.64;8.64;8.64;8.64;8.64;8.64;8.64;8.64;8.64;8.64;8.64;8.64;8.64;8.64;8.64;8.64;8.64;8.64
1236;18.61;17.28;17.28;17.28;17.28;17.28;17.28;17.28;17.28;17.28;17.28;17.28;17.28;17.28;17.28;17.28;17.28;17.28;17.28;17.28;17.28;17.28;17.28;17.28;17.28;17.28;17.28;17.28;17.28;17.28
1237;385.598;36.9;31.58;30.25;136.067;37.306;12.959999999999999;23.6;152.644;16.95;12.959999999999999;15.62;42.22;15.62;156.404;18.28;12.959999999999999;12.959999999999999;12.959999999999999;12.959999999999999;12.959999999999999;12.959999999999999;12.959999999999999;12.959999999999999;12.959999999999999;12.959999999999999;12.959999999999999;12.959999999999999;12.959999999999999;19.61
1238;381.14599999999996;36.9;14.29;24.93;130.851;26.973999999999997;12.959999999999999;15.62;12.959999999999999;12.959999999999999;12.959999999999999;12.959999999999999;12.959999999999999;12.959999999999999;12.959999999999999;12.959999999999999;12.959999999999999;12.959999999999999;12.959999999999999;12.959999999999999;12.959999999999999;12.959999999999999;12.959999999999999;12.959999999999999;12.959999999999999;12.959999999999999;12.959999999999999;12.959999999999999;12.959999999999999;16.95
1239;1751.3539999999998;38.230000000000004;44.879999999999995;40.89;127.007;44.739999999999995;12.959999999999999;30.25;160.78;59.510000000000005;28.92;24.93;39.56;30.25;176.547;32.91;23.6;12.959999999999999;44.879999999999995;41.296;209.055;22.27;34.239999999999995;31.272;19.61;12.959999999999999;34.239999999999995;30.25;29.158;246.822
1240;234.80399999999997;38.230000000000004;30.25;19.61;122.82900000000001;14.29;12.959999999999999;16.95;121.695;12.959999999999999;14.29;12.959999999999999;12.959999999999999;12.959999999999999;12.959999999999999;12.959999999999999;12.959999999999999;12.959999999999999;16.95;12.959999999999999;12.959999999999999;12.959999999999999;12.959999999999999;12.959999999999999;12.959999999999999;12.959999999999999;12.959999999999999;12.959999999999999;12.959999999999999;15.62
1241;157.38400000000001;23.6;14.29;16.95;121.86800000000001;12.959999999999999;12.959999999999999;12.959999999999999;124.40199999999999;12.959999999999999;12.959999999999999;12.959999999999999;12.959999999999999;12.959999999999999;12.959999999999999;12.959999999999999;12.959999999999999;12.959999999999999;12.959999999999999;12.959999999999999;12.959999999999999;12.959999999999999;12.959999999999999;12.959999999999999;12.959999999999999;12.959999999999999;12.959999999999999;12.959999999999999;12.959999999999999;12.959999999999999
1242;1648.5580000000002;21.939999999999998;13.959999999999999;27.259999999999998;138.17399999999998;39.636;8.64;28.59;171.018;12.63;15.29;17.95;33.91;28.59;181.20999999999998;31.25;9.969999999999999;8.64;56.519999999999996;50.514;227.963;20.61;9.969999999999999;17.95;13.959999999999999;8.64;15.29;15.29;15.29;266.23400000000004
1243;1586.09;57.849999999999994;41.89;35.239999999999995;115.844;44.41;8.64;24.6;149.384;41.89;15.29;8.64;8.64;8.64;130.039;8.64;8.64;8.64;11.299999999999999;8.64;8.64;8.64;8.64;8.64;8.64;8.64;8.64;8.64;8.64;20.61
1244;9.969999999999999;8.64;8.64;8.64;8.64;8.64;8.64;8.64;8.64;8.64;8.64;8.64;8.64;8.64;8.64;8.64;8.64;8.64;8.64;8.64;8.64;8.64;8.64;8.64;8.64;8.64;8.64;8.64;8.64;8.64
1245;1556.3340000000003;32.91;27.590000000000003;30.25;128.986;40.75;12.959999999999999;28.92;158.72899999999998;47.54;86.306;42.22;30.25;30.25;176.95800000000003;31.58;24.93;12.959999999999999;43.55;43.956;212.96400000000003;19.61;30.25;20.94;34.408;12.959999999999999;27.590000000000003;12.959999999999999;20.94;249.80900000000003
1246;18.61;17.28;17.28;17.28;17.28;17.28;17.28;17.28;17.28;17.28;17.28;17.28;17.28;17.28;17.28;17.28;17.28;17.28;17.28;17.28;17.28;17.28;17.28;17.28;17.28;17.28;17.28;17.28;17.28;17.28
1247;1112.932;49.87;33.91;25.93;130.526;27.498;8.64;20.61;167.843;13.959999999999999;8.64;16.62;8.64;9.969999999999999;8.64;8.64;8.64;8.64;12.63;8.64;8.64;8.64;11.299999999999999;8.64;8.64;8.64;8.64;8.64;8.64;15.29
1248;9.969999999999999;8.64;8.64;8.64;8.64;8.64;8.64;8.64;8.64;8.64;8.64;8.64;8.64;8.64;8.64;8.64;8.64;8.64;8.64;8.64;8.64;8.64;8.64;8.64;8.64;8.64;8.64;8.64;8.64;8.64
1249;9.969999999999999;8.64;8.64;8.64;8.64;8.64;8.64;8.64;8.64;8.64;8.64;8.64;8.64;8.64;8.64;8.64;8.64;8.64;8.64;8.64;8.64;8.64;8.64;8.64;8.64;8.64;8.64;8.64;8.64;8.64
1250;1113.892;15.62;16.95;20.94;110.81700000000001;16.95;12.959999999999999;22.27;145.08;20.94;24.93;22.27;22.27;19.61;153.531;16.95;18.28;12.959999999999999;32.91;28.066000000000003;199.608;20.94;23.6;20.94;16.95;12.959999999999999;20.94;14.29;18.28;242.60899999999998
1251;1348.442;34.57;30.58;25.26;128.043;30.272;17.28;19.939999999999998;158.061;21.27;17.28;22.599999999999998;19.939999999999998;21.27;173.204;18.61;17.28;17.28;58.51;21.27;193.35;19.939999999999998;21.27;18.61;18.61;17.28;18.61;17.28;18.61;248.48700000000002
1252;14.29;12.959999999999999;12.959999999999999;12.959999999999999;12.959999999999999;12.959999999999999;12.959999999999999;12.959999999999999;12.959999999999999;12.959999999999999;12.959999999999999;12.959999999999999;12.959999999999999;12.959999999999999;12.959999999999999;12.959999999999999;12.959999999999999;12.959999999999999;12.959999999999999;12.959999999999999;12.959999999999999;12.959999999999999;12.959999999999999;12.959999999999999;12.959999999999999;12.959999999999999;12.959999999999999;12.959999999999999;12.959999999999999;12.959999999999999
1253;14.29;12.959999999999999;12.959999999999999;12.959999999999999;12.959999999999999;12.959999999999999;12.959999999999999;12.959999999999999;12.959999999999999;12.959999999999999;12.959999999999999;12.959999999999999;12.959999999999999;12.959999999999999;12.959999999999999;12.959999999999999;12.959999999999999;12.959999999999999;12.959999999999999;12.959999999999999;12.959999999999999;12.959999999999999;12.959999999999999;12.959999999999999;12.959999999999999;12.959999999999999;12.959999999999999;12.959999999999999;12.959999999999999;12.959999999999999
1254;1228.992;31.25;23.270000000000003;20.61;126.806;19.28;8.64;29.919999999999998;156.346;15.29;15.29;23.270000000000003;24.6;28.59;177.386;15.29;11.299999999999999;8.64;35.239999999999995;19.28;200.073;23.270000000000003;16.62;28.59;20.61;8.64;13.959999999999999;15.29;17.95;227.42900000000003
1255;1327.818;15.29;11.299999999999999;8.64;132.215;8.64;8.64;9.969999999999999;113.707;8.64;8.64;11.299999999999999;11.299999999999999;9.969999999999999;148.11399999999998;8.64;8.64;8.64;9.969999999999999;8.64;143.156;8.64;11.299999999999999;9.969999999999999;8.64;8.64;13.959999999999999;11.299999999999999;13.959999999999999;199.41500000000002
1256;28.59;8.64;8.64;8.64;8.64;8.64;8.64;8.64;8.64;8.64;8.64;8.64;8.64;8.64;8.64;8.64;8.64;8.64;8.64;8.64;8.64;8.64;8.64;8.64;8.64;8.64;8.64;8.64;8.64;8.64
1257;1485.0739999999998;35.57000000000001;30.25;42.22;153.498;39.251999999999995;12.959999999999999;26.259999999999998;176.024;24.93;24.93;20.94;30.25;19.61;183.514;26.259999999999998;23.6;12.959999999999999;90.1;18.28;182.338;15.62;15.62;12.959999999999999;12.959999999999999;12.959999999999999;18.28;15.62;12.959999999999999;216.38600000000002
1258;1628.1119999999999;43.55;47.54;27.590000000000003;135.16299999999998;22.27;12.959999999999999;36.9;178.689;39.56;35.262;36.9;34.239999999999995;30.25;178.085;20.94;16.95;12.959999999999999;92.76;48.73;221.67600000000002;27.590000000000003;24.93;22.27;32.294;12.959999999999999;23.6;15.62;24.622;264.159
1259;230.03000000000003;20.94;12.959999999999999;12.959999999999999;121.816;12.959999999999999;12.959999999999999;12.959999999999999;12.959999999999999;12.959999999999999;12.959999999999999;12.959999999999999;12.959999999999999;12.959999999999999;12.959999999999999;12.959999999999999;12.959999999999999;12.959999999999999;12.959999999999999;12.959999999999999;12.959999999999999;12.959999999999999;12.959999999999999;12.959999999999999;12.959999999999999;12.959999999999999;12.959999999999999;12.959999999999999;12.959999999999999;12.959999999999999
1260;23.270000000000003;15.29;8.64;8.64;8.64;8.64;8.64;8.64;8.64;8.64;8.64;8.64;8.64;8.64;8.64;8.64;8.64;8.64;8.64;8.64;8.64;8.64;8.64;8.64;8.64;8.64;8.64;8.64;8.64;8.64
1261;1231.696;27.919999999999998;26.589999999999996;31.91;102.127;38.251999999999995;17.28;30.58;126.238;30.58;70.676;25.26;39.89;31.91;138.461;19.939999999999998;17.28;17.28;47.87;37.944;208.79799999999997;22.599999999999998;30.58;22.599999999999998;42.956;17.28;21.27;25.26;35.046;212.99099999999999
1262;155.892;28.59;17.95;9.969999999999999;9.969999999999999;8.64;8.64;8.64;8.64;8.64;8.64;8.64;8.64;8.64;8.64;8.64;8.64;8.64;8.64;8.64;8.64;8.64;8.64;8.64;8.64;8.64;8.64;8.64;8.64;12.63
1263;629.8199999999999;23.270000000000003;17.95;28.59;121.85499999999999;19.28;8.64;9.969999999999999;134.806;13.959999999999999;8.64;8.64;9.969999999999999;8.64;162.756;8.64;8.64;8.64;8.64;8.64;8.64;8.64;8.64;8.64;8.64;8.64;8.64;8.64;8.64;11.299999999999999
1264;64.83;12.959999999999999;16.95;16.95;107.065;12.959999999999999;12.959999999999999;12.959999999999999;12.959999999999999;12.959999999999999;12.959999999999999;12.959999999999999;12.959999999999999;12.959999999999999;12.959999999999999;12.959999999999999;12.959999999999999;12.959999999999999;15.62;12.959999999999999;12.959999999999999;12.959999999999999;12.959999999999999;12.959999999999999;12.959999999999999;12.959999999999999;12.959999999999999;12.959999999999999;12.959999999999999;12.959999999999999
1265;232.206;23.270000000000003;31.25;37.900000000000006;115.23499999999999;40.419999999999995;8.64;19.28;109.031;8.64;8.64;8.64;8.64;8.64;8.64;8.64;8.64;8.64;8.64;8.64;8.64;8.64;8.64;8.64;8.64;8.64;8.64;8.64;8.64;9.969999999999999
1266;171.06800000000004;11.299999999999999;9.969999999999999;8.64;116.90899999999999;8.64;8.64;8.64;120.03500000000001;11.299999999999999;8.64;13.959999999999999;9.969999999999999;8.64;111.429;8.64;8.64;8.64;11.299999999999999;8.64;8.64;8.64;8.64;8.64;8.64;8.64;8.64;8.64;8.64;9.969999999999999
1267;52.86;15.62;12.959999999999999;12.959999999999999;12.959999999999999;12.959999999999999;12.959999999999999;12.959999999999999;12.959999999999999;12.959999999999999;12.959999999999999;12.959999999999999;12.959999999999999;12.959999999999999;12.959999999999999;12.959999999999999;12.959999999999999;12.959999999999999;12.959999999999999;12.959999999999999;12.959999999999999;12.959999999999999;12.959999999999999;12.959999999999999;12.959999999999999;12.959999999999999;12.959999999999999;12.959999999999999;12.959999999999999;14.29
1268;134.08999999999997;24.259999999999998;28.25;21.6;128.17000000000002;21.6;21.6;21.6;113.27799999999999;21.6;21.6;26.919999999999998;24.259999999999998;21.6;182.73;21.6;21.6;21.6;21.6;21.6;21.6;21.6;21.6;21.6;21.6;21.6;21.6;21.6;21.6;22.93
1269;2578.278;48.870000000000005;52.86;42.22;116.786;62.576;12.959999999999999;51.53;176.792;67.49;101.72;59.510000000000005;44.879999999999995;46.21;184.21;67.49;42.22;12.959999999999999;76.8;43.480000000000004;221.66499999999996;23.6;43.55;36.592;44.501999999999995;12.959999999999999;52.86;26.259999999999998;48.562;303.74699999999996
1270;727.4499999999999;18.28;19.61;23.6;149.06500000000003;12.959999999999999;12.959999999999999;15.62;92.309;18.28;29.634;15.62;14.29;15.62;159.00199999999998;15.62;16.95;12.959999999999999;38.230000000000004;18.28;189.87699999999998;18.28;12.959999999999999;22.27;25.952;12.959999999999999;18.28;12.959999999999999;37.138000000000005;246.988
1271;9.969999999999999;8.64;8.64;8.64;8.64;8.64;8.64;8.64;8.64;8.64;8.64;8.64;8.64;8.64;8.64;8.64;8.64;8.64;8.64;8.64;8.64;8.64;8.64;8.64;8.64;8.64;8.64;8.64;8.64;8.64
1272;882.7800000000001;12.959999999999999;14.29;14.29;107.79299999999998;16.95;12.959999999999999;12.959999999999999;107.672;18.28;16.95;16.95;16.95;15.62;119.30799999999999;16.95;16.95;12.959999999999999;38.230000000000004;34.408;187.54399999999998;15.62;20.94;15.62;14.29;12.959999999999999;22.27;18.28;18.28;220.792
1273;950.064;18.28;16.95;20.94;123.837;12.959999999999999;12.959999999999999;15.62;128.018;12.959999999999999;12.959999999999999;12.959999999999999;14.29;15.62;150.341;12.959999999999999;12.959999999999999;12.959999999999999;32.91;14.29;190.72899999999998;14.29;12.959999999999999;14.29;16.95;12.959999999999999;15.62;12.959999999999999;15.62;224.61100000000005
1274;2534.73;16.62;15.29;15.29;133.696;9.969999999999999;8.64;15.29;150.429;15.29;8.64;9.969999999999999;13.959999999999999;12.63;168.601;16.62;11.299999999999999;8.64;24.6;12.63;193.95300000000003;8.64;8.64;11.299999999999999;8.64;8.64;9.969999999999999;8.64;9.969999999999999;226.14100000000002
1275;1181.5599999999997;41.89;39.23;19.28;113.6;15.29;8.64;13.959999999999999;143.638;32.58;29.919999999999998;16.62;19.28;19.28;139.589;19.28;13.959999999999999;8.64;40.56;16.62;161.543;15.29;13.959999999999999;12.63;15.29;8.64;24.6;19.28;23.270000000000003;266.82099999999997
1276;944.5959999999998;25.93;19.28;21.939999999999998;122.13;16.62;8.64;16.62;148.04399999999998;13.959999999999999;12.63;13.959999999999999;12.63;15.29;153.253;8.64;8.64;8.64;11.299999999999999;11.299999999999999;11.299999999999999;9.969999999999999;9.969999999999999;12.63;9.969999999999999;8.64;9.969999999999999;9.969999999999999;12.63;189.372
1277;135.32;12.959999999999999;15.62;12.959999999999999;112.73399999999998;12.959999999999999;12.959999999999999;12.959999999999999;143.059;12.959999999999999;12.959999999999999;12.959999999999999;12.959999999999999;12.959999999999999;139.238;12.959999999999999;12.959999999999999;12.959999999999999;16.95;12.959999999999999;153.747;12.959999999999999;12.959999999999999;12.959999999999999;12.959999999999999;12.959999999999999;12.959999999999999;12.959999999999999;12.959999999999999;14.29
1278;2514.3039999999996;59.18;41.89;35.239999999999995;141.84699999999998;32.272000000000006;8.64;21.939999999999998;150.174;21.939999999999998;19.28;25.93;19.28;19.28;158.459;21.939999999999998;20.61;8.64;55.19;17.95;163.30399999999997;13.959999999999999;13.959999999999999;15.29;13.959999999999999;8.64;16.62;12.63;19.28;24.6
1279;202.332;23.93;25.26;26.589999999999996;150.898;39.274;17.28;26.589999999999996;170.49899999999997;17.28;17.28;17.28;17.28;17.28;17.28;17.28;17.28;17.28;17.28;17.28;17.28;17.28;17.28;17.28;17.28;17.28;17.28;17.28;17.28;18.61
1280;95.42;19.61;14.29;12.959999999999999;12.959999999999999;12.959999999999999;12.959999999999999;12.959999999999999;12.959999999999999;12.959999999999999;12.959999999999999;12.959999999999999;12.959999999999999;12.959999999999999;12.959999999999999;12.959999999999999;12.959999999999999;12.959999999999999;12.959999999999999;12.959999999999999;12.959999999999999;12.959999999999999;12.959999999999999;12.959999999999999;12.959999999999999;12.959999999999999;12.959999999999999;12.959999999999999;12.959999999999999;14.29
1281;193.65800000000002;16.95;14.29;16.95;132.867;12.959999999999999;12.959999999999999;12.959999999999999;146.083;14.29;12.959999999999999;12.959999999999999;14.29;15.62;168.245;12.959999999999999;12.959999999999999;12.959999999999999;12.959999999999999;12.959999999999999;188.069;12.959999999999999;12.959999999999999;12.959999999999999;12.959999999999999;12.959999999999999;12.959999999999999;12.959999999999999;12.959999999999999;12.959999999999999
1282;143.16;24.93;12.959999999999999;12.959999999999999;113.96000000000001;12.959999999999999;12.959999999999999;12.959999999999999;124.417;15.62;12.959999999999999;12.959999999999999;12.959999999999999;12.959999999999999;12.959999999999999;12.959999999999999;12.959999999999999;12.959999999999999;12.959999999999999;12.959999999999999;12.959999999999999;12.959999999999999;12.959999999999999;12.959999999999999;12.959999999999999;12.959999999999999;12.959999999999999;12.959999999999999;12.959999999999999;14.29
1283;37.900000000000006;15.29;11.299999999999999;9.969999999999999;8.64;8.64;8.64;8.64;8.64;8.64;8.64;8.64;8.64;8.64;8.64;8.64;8.64;8.64;8.64;8.64;8.64;8.64;8.64;8.64;8.64;8.64;8.64;8.64;8.64;8.64
1284;2422.2540000000004;24.6;29.919999999999998;27.259999999999998;123.88099999999999;34.078;8.64;21.939999999999998;156.985;52.53;13.959999999999999;25.93;20.61;20.61;169.51999999999998;24.6;15.29;8.64;35.239999999999995;12.63;178.776;12.63;16.62;9.969999999999999;11.299999999999999;8.64;16.62;8.64;14.744;238.792
1285;1200.404;27.259999999999998;29.919999999999998;28.59;119.57399999999998;38.614;8.64;23.270000000000003;145.867;19.28;16.62;11.299999999999999;25.93;17.95;142.34799999999998;17.95;19.28;8.64;33.91;13.959999999999999;161.221;11.299999999999999;12.63;9.969999999999999;9.969999999999999;8.64;11.299999999999999;11.299999999999999;11.299999999999999;187.00400000000002
1286;230.23200000000003;17.95;9.969999999999999;16.62;106.22699999999999;14.982;8.64;8.64;8.64;8.64;8.64;8.64;8.64;8.64;8.64;8.64;8.64;8.64;8.64;8.64;8.64;8.64;8.64;8.64;8.64;8.64;8.64;8.64;8.64;9.969999999999999
1287;2690.424;27.259999999999998;21.939999999999998;27.259999999999998;123.829;29.611999999999995;8.64;29.919999999999998;163.365;39.23;65.858;45.88;28.59;24.6;179.885;24.6;21.939999999999998;8.64;55.19;23.270000000000003;192.52900000000002;20.61;16.62;20.61;19.28;8.64;16.62;12.63;19.28;254.96000000000004
1288;69.604;18.28;12.959999999999999;19.61;12.959999999999999;12.959999999999999;12.959999999999999;12.959999999999999;12.959999999999999;12.959999999999999;12.959999999999999;12.959999999999999;12.959999999999999;12.959999999999999;12.959999999999999;12.959999999999999;12.959999999999999;12.959999999999999;12.959999999999999;12.959999999999999;12.959999999999999;12.959999999999999;12.959999999999999;12.959999999999999;12.959999999999999;12.959999999999999;12.959999999999999;12.959999999999999;12.959999999999999;14.29
1289;3727.1879999999996;42.22;51.53;40.89;141.49099999999999;74.54599999999999;12.959999999999999;50.2;215.24299999999997;91.43;98.27599999999998;52.86;42.22;39.56;196.856;47.54;34.239999999999995;12.959999999999999;47.54;24.93;208.38299999999998;16.95;27.590000000000003;36.9;34.716;12.959999999999999;34.239999999999995;23.6;23.6;277.048
1290;1510.8120000000001;28.59;36.57;27.259999999999998;123.88099999999999;43.626;8.64;39.23;169.178;37.900000000000006;15.29;23.270000000000003;31.25;31.25;163.836;40.56;25.93;8.64;51.199999999999996;35.646;209.733;21.939999999999998;25.93;22.177999999999997;40.965999999999994;8.64;24.6;25.93;32.58;239.322
1291;659.6900000000002;16.95;26.259999999999998;19.61;132.872;28.304000000000002;12.959999999999999;20.94;154.427;31.58;16.95;18.28;20.94;14.29;176.428;15.62;14.29;12.959999999999999;23.6;15.62;196.574;15.62;14.29;15.62;14.29;12.959999999999999;18.28;14.29;15.62;263.146
1292;1358.394;29.919999999999998;27.259999999999998;28.59;127.544;44.956;8.64;32.58;189.36299999999997;44.550000000000004;70.254;29.919999999999998;28.59;23.270000000000003;177.589;33.91;21.939999999999998;8.64;43.22;35.646;222.639;23.270000000000003;35.239999999999995;24.838;19.28;8.64;36.57;31.25;36.5;298.409
1293;14.29;12.959999999999999;12.959999999999999;12.959999999999999;12.959999999999999;12.959999999999999;12.959999999999999;12.959999999999999;12.959999999999999;12.959999999999999;12.959999999999999;12.959999999999999;12.959999999999999;12.959999999999999;12.959999999999999;12.959999999999999;12.959999999999999;12.959999999999999;12.959999999999999;12.959999999999999;12.959999999999999;12.959999999999999;12.959999999999999;12.959999999999999;12.959999999999999;12.959999999999999;12.959999999999999;12.959999999999999;12.959999999999999;12.959999999999999
1294;9.969999999999999;8.64;8.64;8.64;8.64;8.64;8.64;8.64;8.64;8.64;8.64;8.64;8.64;8.64;8.64;8.64;8.64;8.64;8.64;8.64;8.64;8.64;8.64;8.64;8.64;8.64;8.64;8.64;8.64;8.64
1295;146.884;23.6;16.95;15.62;14.29;12.959999999999999;12.959999999999999;12.959999999999999;12.959999999999999;12.959999999999999;12.959999999999999;12.959999999999999;12.959999999999999;12.959999999999999;12.959999999999999;12.959999999999999;12.959999999999999;12.959999999999999;12.959999999999999;12.959999999999999;12.959999999999999;12.959999999999999;12.959999999999999;12.959999999999999;12.959999999999999;12.959999999999999;12.959999999999999;12.959999999999999;12.959999999999999;12.959999999999999
1296;148.508;15.62;16.95;16.95;130.851;12.959999999999999;12.959999999999999;12.959999999999999;116.063;15.62;15.62;16.95;15.62;16.95;164.369;12.959999999999999;12.959999999999999;12.959999999999999;15.62;12.959999999999999;194.553;12.959999999999999;12.959999999999999;12.959999999999999;12.959999999999999;12.959999999999999;12.959999999999999;12.959999999999999;12.959999999999999;12.959999999999999
1297;9.969999999999999;8.64;8.64;8.64;8.64;8.64;8.64;8.64;8.64;8.64;8.64;8.64;8.64;8.64;8.64;8.64;8.64;8.64;8.64;8.64;8.64;8.64;8.64;8.64;8.64;8.64;8.64;8.64;8.64;8.64
1298;141.718;19.61;15.62;19.61;12.959999999999999;12.959999999999999;12.959999999999999;12.959999999999999;12.959999999999999;12.959999999999999;12.959999999999999;12.959999999999999;12.959999999999999;12.959999999999999;12.959999999999999;12.959999999999999;12.959999999999999;12.959999999999999;16.95;12.959999999999999;12.959999999999999;12.959999999999999;12.959999999999999;12.959999999999999;12.959999999999999;12.959999999999999;12.959999999999999;12.959999999999999;12.959999999999999;14.29
1299;1595.632;20.94;28.92;20.94;132.872;29.942;12.959999999999999;15.62;131.21800000000002;15.62;15.62;12.959999999999999;19.61;15.62;166.707;15.62;12.959999999999999;12.959999999999999;31.58;14.29;183.351;12.959999999999999;12.959999999999999;12.959999999999999;12.959999999999999;12.959999999999999;12.959999999999999;12.959999999999999;14.29;217.55
1300;219.44;30.58;22.599999999999998;18.61;123.15899999999999;17.28;17.28;17.28;117.99300000000001;35.9;17.28;30.58;21.27;23.93;18.61;19.939999999999998;17.28;17.28;21.27;17.28;17.28;17.28;17.28;17.28;17.28;17.28;17.28;17.28;17.28;18.61
1301;1083.68;38.230000000000004;42.22;47.54;134.239;48.73;12.959999999999999;30.25;181.12099999999998;35.57000000000001;23.6;27.590000000000003;35.57000000000001;38.230000000000004;165.751;34.239999999999995;19.61;12.959999999999999;56.85;46.616;233.868;19.61;22.27;31.272;26.736000000000004;12.959999999999999;19.61;20.94;18.28;276.82
1302;174.89;17.95;15.29;8.64;103.78999999999999;8.64;8.64;8.64;11.299999999999999;8.64;8.64;8.64;8.64;8.64;8.64;8.64;8.64;8.64;8.64;8.64;8.64;8.64;8.64;8.64;8.64;8.64;8.64;8.64;8.64;9.969999999999999
1303;966.0379999999999;14.29;14.29;23.6;131.168;33.316;12.959999999999999;26.259999999999998;147.688;36.9;70.346;16.95;35.57000000000001;31.58;175.21699999999998;20.94;14.29;12.959999999999999;34.239999999999995;45.286;222.236;27.590000000000003;12.959999999999999;28.612;25.952;12.959999999999999;14.29;14.29;23.6;243.32
1304;1309.48;22.599999999999998;19.939999999999998;34.57;135.545;26.589999999999996;17.28;30.58;156.59;21.27;19.939999999999998;21.27;26.589999999999996;29.25;188.946;33.24;30.58;17.28;67.82;22.599999999999998;200.577;22.599999999999998;19.939999999999998;27.919999999999998;18.61;17.28;22.599999999999998;17.28;21.27;235.997
1305;14.29;12.959999999999999;12.959999999999999;12.959999999999999;12.959999999999999;12.959999999999999;12.959999999999999;12.959999999999999;12.959999999999999;12.959999999999999;12.959999999999999;12.959999999999999;12.959999999999999;12.959999999999999;12.959999999999999;12.959999999999999;12.959999999999999;12.959999999999999;12.959999999999999;12.959999999999999;12.959999999999999;12.959999999999999;12.959999999999999;12.959999999999999;12.959999999999999;12.959999999999999;12.959999999999999;12.959999999999999;12.959999999999999;12.959999999999999
1306;2378.21;33.91;29.919999999999998;27.259999999999998;144.757;30.326;8.64;31.25;182.121;45.88;65.55;51.199999999999996;37.900000000000006;27.259999999999998;198.75;45.88;21.939999999999998;8.64;79.13;39.943999999999996;212.246;23.270000000000003;21.939999999999998;17.95;15.29;8.64;35.239999999999995;28.59;29.611999999999995;287.608
1307;1065.732;24.93;36.9;28.92;122.834;18.28;12.959999999999999;31.58;152.36900000000003;30.25;18.28;22.27;18.28;14.29;164.899;16.95;18.28;12.959999999999999;32.91;18.28;194.236;14.29;20.94;18.28;15.62;12.959999999999999;16.95;15.62;16.95;234.498
1308;78.186;12.959999999999999;12.959999999999999;12.959999999999999;14.29;31.986;12.959999999999999;12.959999999999999;12.959999999999999;12.959999999999999;12.959999999999999;12.959999999999999;12.959999999999999;12.959999999999999;12.959999999999999;12.959999999999999;12.959999999999999;12.959999999999999;12.959999999999999;12.959999999999999;12.959999999999999;12.959999999999999;12.959999999999999;12.959999999999999;12.959999999999999;12.959999999999999;12.959999999999999;12.959999999999999;12.959999999999999;12.959999999999999
1309;1301.12;17.95;17.95;20.61;141.52;17.95;8.64;29.919999999999998;140.607;21.939999999999998;66.264;21.939999999999998;36.57;20.61;167.546;23.270000000000003;13.959999999999999;8.64;72.48;43.08;184.873;13.959999999999999;19.28;15.29;11.299999999999999;8.64;19.28;11.299999999999999;13.959999999999999;233.06599999999997
1310;2242.438;84.44999999999999;33.91;37.900000000000006;144.148;57.709999999999994;8.64;41.89;190.884;67.16;75.644;49.87;40.56;28.59;167.343;29.919999999999998;11.299999999999999;8.64;59.18;17.95;208.38400000000001;11.299999999999999;13.959999999999999;17.642;11.299999999999999;8.64;25.93;16.62;19.28;222.74800000000002
1311;321.338;23.6;19.61;19.61;137.49599999999998;29.634;12.959999999999999;18.28;15.62;15.62;12.959999999999999;12.959999999999999;12.959999999999999;12.959999999999999;12.959999999999999;12.959999999999999;12.959999999999999;12.959999999999999;15.62;12.959999999999999;12.959999999999999;12.959999999999999;12.959999999999999;12.959999999999999;12.959999999999999;12.959999999999999;12.959999999999999;12.959999999999999;12.959999999999999;15.62
1312;819.4219999999999;17.95;16.62;27.259999999999998;141.52;16.62;8.64;11.299999999999999;143.695;11.299999999999999;11.299999999999999;9.969999999999999;12.63;12.63;167.75900000000001;12.63;11.299999999999999;8.64;9.969999999999999;9.969999999999999;178.231;8.64;9.969999999999999;8.64;8.64;8.64;11.299999999999999;8.64;13.959999999999999;15.29
1313;9.969999999999999;8.64;8.64;8.64;8.64;8.64;8.64;8.64;8.64;8.64;8.64;8.64;8.64;8.64;8.64;8.64;8.64;8.64;8.64;8.64;8.64;8.64;8.64;8.64;8.64;8.64;8.64;8.64;8.64;8.64
1314;1147.234;30.58;27.919999999999998;18.61;127.84000000000002;19.939999999999998;17.28;18.61;145.41;19.939999999999998;22.599999999999998;17.28;19.939999999999998;25.26;168.85000000000002;18.61;19.939999999999998;17.28;42.55;21.27;214.392;19.939999999999998;22.599999999999998;21.27;17.28;17.28;19.939999999999998;17.28;18.61;277.269
1315;140.002;16.62;12.63;17.95;129.19099999999997;11.299999999999999;8.64;9.969999999999999;8.64;8.64;8.64;8.64;8.64;8.64;8.64;8.64;8.64;8.64;8.64;8.64;8.64;8.64;8.64;8.64;8.64;8.64;8.64;8.64;8.64;9.969999999999999
1316;1621.3419999999999;43.22;40.56;31.25;137.85699999999997;29.611999999999995;8.64;23.270000000000003;177.071;37.900000000000006;27.259999999999998;52.53;24.6;29.919999999999998;189.07099999999997;21.939999999999998;9.969999999999999;8.64;56.519999999999996;28.59;219.099;19.28;35.239999999999995;24.838;19.28;8.64;20.61;23.270000000000003;23.508000000000003;277.654
1317;362.658;24.6;17.95;13.959999999999999;116.33700000000002;8.64;8.64;8.64;113.50899999999999;8.64;8.64;8.64;8.64;8.64;8.64;8.64;8.64;8.64;8.64;8.64;8.64;8.64;8.64;8.64;8.64;8.64;8.64;8.64;8.64;8.64
1318;912.13;20.61;16.62;23.270000000000003;143.593;16.311999999999998;8.64;8.64;146.43900000000002;9.969999999999999;8.64;8.64;8.64;8.64;166.902;8.64;8.64;8.64;8.64;8.64;8.64;8.64;8.64;9.969999999999999;8.64;8.64;11.299999999999999;8.64;13.959999999999999;11.299999999999999
1319;199.94400000000002;22.27;14.29;12.959999999999999;132.867;12.959999999999999;12.959999999999999;12.959999999999999;130.356;12.959999999999999;12.959999999999999;12.959999999999999;12.959999999999999;12.959999999999999;165.377;12.959999999999999;12.959999999999999;12.959999999999999;12.959999999999999;12.959999999999999;12.959999999999999;12.959999999999999;12.959999999999999;12.959999999999999;12.959999999999999;12.959999999999999;12.959999999999999;12.959999999999999;12.959999999999999;15.62
1320;1832.1200000000001;16.95;18.28;23.6;132.498;29.942;12.959999999999999;28.92;162.402;18.28;44.194;15.62;30.25;28.92;171.388;22.27;16.95;12.959999999999999;32.91;38.944;227.22899999999998;22.27;16.95;35.262;38.944;12.959999999999999;12.959999999999999;12.959999999999999;27.590000000000003;245.80899999999997
1321;2009.374;19.61;28.92;44.879999999999995;124.481;47.946;12.959999999999999;42.22;202.993;46.21;80.202;58.18000000000001;44.879999999999995;42.22;189.20300000000003;48.870000000000005;26.259999999999998;12.959999999999999;56.85;57.256;220.985;20.94;16.95;18.28;18.28;12.959999999999999;23.6;19.61;22.27;262.621
1322;96.19;18.28;16.95;16.95;12.959999999999999;12.959999999999999;12.959999999999999;12.959999999999999;12.959999999999999;12.959999999999999;12.959999999999999;12.959999999999999;12.959999999999999;12.959999999999999;12.959999999999999;12.959999999999999;12.959999999999999;12.959999999999999;15.62;12.959999999999999;12.959999999999999;12.959999999999999;12.959999999999999;12.959999999999999;12.959999999999999;12.959999999999999;12.959999999999999;12.959999999999999;12.959999999999999;14.29
1323;1376.132;43.22;23.270000000000003;27.259999999999998;147.531;26.951999999999998;8.64;17.95;174.047;24.6;16.62;17.95;25.93;29.919999999999998;170.575;17.95;16.62;8.64;51.199999999999996;19.28;194.914;17.95;23.270000000000003;19.28;15.29;8.64;24.6;13.959999999999999;16.62;259.314
1324;134.01;8.64;9.969999999999999;16.62;92.402;8.64;8.64;8.64;8.64;8.64;8.64;8.64;8.64;8.64;8.64;8.64;8.64;8.64;12.63;8.64;8.64;8.64;8.64;8.64;8.64;8.64;8.64;8.64;8.64;8.64
1325;2159.356;22.27;19.61;31.58;147.118;34.408;12.959999999999999;23.6;173.0;27.590000000000003;35.192;27.590000000000003;24.93;19.61;167.73;12.959999999999999;12.959999999999999;12.959999999999999;39.56;16.95;201.441;23.6;23.6;16.95;14.29;12.959999999999999;14.29;12.959999999999999;16.95;250.027
1326;130.336;12.959999999999999;12.959999999999999;12.959999999999999;122.876;12.959999999999999;12.959999999999999;12.959999999999999;115.689;12.959999999999999;12.959999999999999;12.959999999999999;12.959999999999999;12.959999999999999;12.959999999999999;12.959999999999999;12.959999999999999;12.959999999999999;12.959999999999999;12.959999999999999;12.959999999999999;12.959999999999999;12.959999999999999;12.959999999999999;12.959999999999999;12.959999999999999;12.959999999999999;12.959999999999999;12.959999999999999;12.959999999999999
1327;1666.1979999999999;21.939999999999998;39.23;21.939999999999998;139.551;35.646;8.64;23.270000000000003;177.393;37.900000000000006;21.939999999999998;12.63;15.29;17.95;182.904;24.6;20.61;8.64;48.54;19.28;218.534;13.959999999999999;13.959999999999999;23.270000000000003;9.969999999999999;8.64;19.28;12.63;21.939999999999998;263.507
1328;464.382;12.63;23.270000000000003;28.59;123.03399999999999;8.64;8.64;8.64;139.425;8.64;8.64;8.64;8.64;8.64;8.64;8.64;8.64;8.64;12.63;8.64;8.64;8.64;8.64;8.64;8.64;8.64;8.64;8.64;8.64;8.64
1329;53.86000000000001;16.62;9.969999999999999;9.969999999999999;86.733;11.299999999999999;8.64;8.64;8.64;8.64;8.64;8.64;8.64;8.64;8.64;8.64;8.64;8.64;9.969999999999999;8.64;8.64;8.64;8.64;8.64;8.64;8.64;8.64;8.64;8.64;8.64
1330;92.43;8.64;8.64;9.969999999999999;9.969999999999999;8.64;8.64;8.64;92.665;8.64;8.64;8.64;8.64;8.64;8.64;8.64;8.64;8.64;8.64;8.64;8.64;8.64;8.64;8.64;8.64;8.64;8.64;8.64;8.64;9.969999999999999
1331;1153.036;22.27;19.61;22.27;136.488;31.272;12.959999999999999;18.28;154.338;38.230000000000004;70.892;28.92;28.92;20.94;171.70499999999998;18.28;14.29;12.959999999999999;44.879999999999995;33.623999999999995;205.529;16.95;18.28;16.95;12.959999999999999;12.959999999999999;12.959999999999999;12.959999999999999;14.29;235.454
1332;650.288;24.6;29.919999999999998;23.270000000000003;138.221;13.959999999999999;8.64;13.959999999999999;102.017;11.299999999999999;8.64;8.64;11.299999999999999;9.969999999999999;142.675;8.64;13.959999999999999;8.64;16.62;8.64;168.022;8.64;8.64;8.64;8.64;8.64;8.64;8.64;8.64;217.63100000000003
1333;1324.2759999999998;32.58;47.209999999999994;29.919999999999998;129.79299999999998;46.286;8.64;35.239999999999995;172.99699999999996;60.51;81.202;41.89;35.239999999999995;32.58;149.486;33.91;24.6;8.64;40.56;43.626;214.726;17.95;29.919999999999998;20.61;29.304;8.64;25.93;28.59;34.932;239.76800000000003
1334;773.7819999999999;8.64;11.299999999999999;9.969999999999999;121.164;8.64;8.64;11.299999999999999;139.05599999999998;8.64;8.64;11.299999999999999;8.64;8.64;156.178;8.64;8.64;8.64;15.29;8.64;151.25;8.64;8.64;8.64;8.64;8.64;8.64;8.64;12.63;196.71300000000002
1335;78.584;12.63;8.64;8.64;109.722;8.64;8.64;8.64;8.64;8.64;8.64;8.64;8.64;8.64;8.64;8.64;8.64;8.64;8.64;8.64;8.64;8.64;8.64;8.64;8.64;8.64;8.64;8.64;8.64;8.64
1336;1470.954;32.58;28.59;28.59;135.405;38.306;8.64;31.25;174.899;23.270000000000003;29.373999999999995;16.62;25.93;16.62;178.48800000000003;16.62;11.299999999999999;8.64;25.93;12.63;205.113;11.299999999999999;11.299999999999999;19.28;12.63;8.64;12.63;9.969999999999999;19.28;263.054
1337;9.969999999999999;8.64;8.64;8.64;8.64;8.64;8.64;8.64;8.64;8.64;8.64;8.64;8.64;8.64;8.64;8.64;8.64;8.64;8.64;8.64;8.64;8.64;8.64;8.64;8.64;8.64;8.64;8.64;8.64;8.64
1338;861.438;26.589999999999996;21.27;27.919999999999998;95.056;27.612000000000002;17.28;22.599999999999998;149.14499999999998;21.27;38.965999999999994;42.55;25.26;21.27;173.266;22.599999999999998;21.27;17.28;34.57;18.61;181.732;19.939999999999998;23.93;21.27;29.726;17.28;18.61;18.61;22.599999999999998;27.919999999999998
1339;483.63400000000007;22.599999999999998;17.28;17.28;108.12299999999999;17.28;17.28;21.27;149.395;27.919999999999998;23.93;25.26;17.28;19.939999999999998;146.114;18.61;17.28;17.28;17.28;17.28;181.135;17.28;17.28;17.28;17.28;17.28;17.28;17.28;17.28;21.27
1340;9.969999999999999;8.64;8.64;8.64;8.64;8.64;8.64;8.64;8.64;8.64;8.64;8.64;8.64;8.64;8.64;8.64;8.64;8.64;8.64;8.64;8.64;8.64;8.64;8.64;8.64;8.64;8.64;8.64;8.64;8.64
1341;176.808;11.299999999999999;9.969999999999999;8.64;97.51400000000001;8.64;8.64;8.64;8.64;8.64;8.64;8.64;8.64;8.64;8.64;8.64;8.64;8.64;8.64;8.64;8.64;8.64;8.64;8.64;8.64;8.64;8.64;8.64;8.64;8.64
1342;26.714;8.64;8.64;9.969999999999999;9.969999999999999;8.64;8.64;9.969999999999999;8.64;8.64;8.64;8.64;8.64;8.64;8.64;8.64;8.64;8.64;8.64;8.64;8.64;8.64;8.64;8.64;8.64;8.64;8.64;8.64;8.64;8.64
1343;14.29;12.959999999999999;12.959999999999999;12.959999999999999;12.959999999999999;12.959999999999999;12.959999999999999;12.959999999999999;12.959999999999999;12.959999999999999;12.959999999999999;12.959999999999999;12.959999999999999;12.959999999999999;12.959999999999999;12.959999999999999;12.959999999999999;12.959999999999999;12.959999999999999;12.959999999999999;12.959999999999999;12.959999999999999;12.959999999999999;12.959999999999999;12.959999999999999;12.959999999999999;12.959999999999999;12.959999999999999;12.959999999999999;12.959999999999999
1344;1375.642;53.86000000000001;31.25;33.91;110.43;36.122;8.64;15.29;150.662;39.23;25.314;40.56;43.22;21.939999999999998;160.329;33.91;9.969999999999999;8.64;52.53;26.168;218.653;15.29;13.959999999999999;12.63;9.969999999999999;8.64;16.62;11.299999999999999;12.63;240.47899999999998
1345;1770.086;31.58;30.25;34.239999999999995;124.11699999999999;49.275999999999996;12.959999999999999;39.56;164.983;38.230000000000004;23.6;30.25;26.259999999999998;38.230000000000004;175.378;43.55;23.6;12.959999999999999;64.83;54.596000000000004;221.172;30.25;34.239999999999995;26.259999999999998;20.94;12.959999999999999;35.57000000000001;20.94;30.25;264.27799999999996
1346;9.969999999999999;8.64;8.64;8.64;8.64;8.64;8.64;8.64;8.64;8.64;8.64;8.64;8.64;8.64;8.64;8.64;8.64;8.64;8.64;8.64;8.64;8.64;8.64;8.64;8.64;8.64;8.64;8.64;8.64;8.64
1347;298.846;25.93;21.939999999999998;19.28;104.15899999999999;13.959999999999999;8.64;8.64;112.00800000000001;8.64;8.64;8.64;8.64;8.64;8.64;8.64;8.64;8.64;8.64;8.64;8.64;8.64;8.64;8.64;8.64;8.64;8.64;8.64;8.64;11.299999999999999
1348;210.514;18.28;14.29;15.62;131.22;12.959999999999999;12.959999999999999;15.62;134.19;12.959999999999999;12.959999999999999;12.959999999999999;12.959999999999999;12.959999999999999;12.959999999999999;12.959999999999999;12.959999999999999;12.959999999999999;16.95;12.959999999999999;12.959999999999999;12.959999999999999;12.959999999999999;12.959999999999999;12.959999999999999;12.959999999999999;12.959999999999999;12.959999999999999;12.959999999999999;16.95
1349;1129.6000000000001;19.61;22.27;23.6;108.484;37.068;12.959999999999999;26.259999999999998;153.41899999999998;12.959999999999999;12.959999999999999;14.29;31.58;23.6;185.738;14.29;15.62;12.959999999999999;52.86;61.86200000000001;202.552;20.94;12.959999999999999;20.94;33.385999999999996;12.959999999999999;18.28;19.61;28.612;251.66400000000004
1350;934.1320000000001;26.259999999999998;18.28;16.95;113.576;16.95;12.959999999999999;15.62;137.00599999999997;16.95;12.959999999999999;15.62;12.959999999999999;14.29;142.15800000000002;16.95;12.959999999999999;12.959999999999999;38.230000000000004;15.62;183.185;18.28;15.62;15.62;14.29;12.959999999999999;14.29;15.62;16.95;233.39600000000002
1351;1365.422;19.28;11.299999999999999;13.959999999999999;132.04899999999998;21.632;8.64;15.29;156.269;16.62;13.959999999999999;16.62;16.62;12.63;174.768;8.64;8.64;8.64;29.919999999999998;12.63;205.274;11.299999999999999;11.299999999999999;11.299999999999999;13.959999999999999;8.64;8.64;8.64;13.959999999999999;23.270000000000003
1352;1278.972;17.95;11.299999999999999;25.93;131.52899999999997;24.292;8.64;20.61;143.046;23.270000000000003;17.95;15.29;15.29;11.299999999999999;170.68900000000002;19.28;20.61;8.64;45.88;13.959999999999999;192.89300000000003;11.299999999999999;16.62;17.95;12.63;8.64;13.959999999999999;15.29;13.959999999999999;252.721
1353;1471.0319999999997;24.93;23.6;16.95;115.446;20.94;12.959999999999999;18.28;134.346;12.959999999999999;19.61;16.95;16.95;18.28;159.00199999999998;14.29;12.959999999999999;12.959999999999999;58.18000000000001;39.182;208.265;18.28;16.95;27.282;18.28;12.959999999999999;24.93;22.27;20.94;275.324
1354;1468.212;33.24;37.230000000000004;39.89;138.579;47.254;17.28;37.230000000000004;163.344;34.57;27.919999999999998;38.56;31.91;31.91;185.189;30.58;31.91;17.28;42.55;43.264;223.273;29.25;30.58;34.808;45.616;17.28;35.9;25.26;35.592;272.63
1355;9.969999999999999;8.64;8.64;8.64;8.64;8.64;8.64;8.64;8.64;8.64;8.64;8.64;8.64;8.64;8.64;8.64;8.64;8.64;8.64;8.64;8.64;8.64;8.64;8.64;8.64;8.64;8.64;8.64;8.64;8.64
1356;1125.5739999999998;21.939999999999998;12.63;13.959999999999999;102.82899999999998;9.969999999999999;8.64;11.299999999999999;132.411;17.95;9.969999999999999;12.63;16.62;9.969999999999999;142.675;9.969999999999999;8.64;8.64;40.56;17.95;179.301;9.969999999999999;8.64;8.64;9.969999999999999;8.64;8.64;8.64;9.969999999999999;233.955
1357;111.618;16.95;15.62;12.959999999999999;109.487;12.959999999999999;12.959999999999999;12.959999999999999;111.65199999999999;12.959999999999999;12.959999999999999;12.959999999999999;12.959999999999999;12.959999999999999;12.959999999999999;12.959999999999999;12.959999999999999;12.959999999999999;12.959999999999999;12.959999999999999;12.959999999999999;12.959999999999999;12.959999999999999;12.959999999999999;12.959999999999999;12.959999999999999;12.959999999999999;12.959999999999999;12.959999999999999;12.959999999999999
1358;14.29;12.959999999999999;12.959999999999999;12.959999999999999;12.959999999999999;12.959999999999999;12.959999999999999;12.959999999999999;12.959999999999999;12.959999999999999;12.959999999999999;12.959999999999999;12.959999999999999;12.959999999999999;12.959999999999999;12.959999999999999;12.959999999999999;12.959999999999999;12.959999999999999;12.959999999999999;12.959999999999999;12.959999999999999;12.959999999999999;12.959999999999999;12.959999999999999;12.959999999999999;12.959999999999999;12.959999999999999;12.959999999999999;12.959999999999999
1359;1658.408;31.58;27.590000000000003;34.239999999999995;116.506;46.616;12.959999999999999;31.58;156.639;30.25;19.61;16.95;36.9;36.9;169.80800000000002;46.21;24.93;12.959999999999999;42.22;37.614;174.657;31.58;35.57000000000001;33.931999999999995;43.956;12.959999999999999;24.93;12.959999999999999;14.29;248.07299999999998
1360;582.78;13.959999999999999;8.64;24.6;101.219;16.62;8.64;19.28;127.574;8.64;8.64;8.64;8.64;8.64;8.64;8.64;8.64;8.64;8.64;8.64;8.64;8.64;8.64;8.64;8.64;8.64;8.64;8.64;8.64;11.299999999999999
1361;1220.116;32.58;29.919999999999998;20.61;121.49099999999999;25.622;8.64;21.939999999999998;139.61599999999999;23.270000000000003;23.270000000000003;16.62;27.259999999999998;16.62;148.52;11.299999999999999;8.64;8.64;11.299999999999999;8.64;173.228;8.64;8.64;11.299999999999999;8.64;8.64;9.969999999999999;8.64;8.64;13.959999999999999
1362;242.364;40.89;38.230000000000004;19.61;134.519;21.962;12.959999999999999;12.959999999999999;12.959999999999999;12.959999999999999;12.959999999999999;12.959999999999999;12.959999999999999;12.959999999999999;12.959999999999999;12.959999999999999;12.959999999999999;12.959999999999999;15.62;12.959999999999999;12.959999999999999;12.959999999999999;12.959999999999999;12.959999999999999;12.959999999999999;12.959999999999999;12.959999999999999;12.959999999999999;12.959999999999999;14.29
1363;9.969999999999999;8.64;8.64;8.64;8.64;8.64;8.64;8.64;8.64;8.64;8.64;8.64;8.64;8.64;8.64;8.64;8.64;8.64;8.64;8.64;8.64;8.64;8.64;8.64;8.64;8.64;8.64;8.64;8.64;8.64
1364;23.93;17.28;17.28;17.28;17.28;17.28;17.28;17.28;17.28;17.28;17.28;17.28;17.28;17.28;17.28;17.28;17.28;17.28;17.28;17.28;17.28;17.28;17.28;17.28;17.28;17.28;17.28;17.28;17.28;17.28
1365;607.016;26.589999999999996;29.25;19.939999999999998;99.41499999999999;31.91;17.28;29.25;166.23199999999997;66.49;32.694;30.58;18.61;19.939999999999998;138.466;21.27;19.939999999999998;17.28;22.599999999999998;38.965999999999994;128.518;19.939999999999998;17.28;18.61;18.61;17.28;17.28;17.28;17.28;19.939999999999998
1366;135.44400000000002;14.959999999999999;6.9799999999999995;13.629999999999999;110.83800000000001;4.32;4.32;4.32;4.32;4.32;4.32;4.32;4.32;4.32;4.32;4.32;4.32;4.32;4.32;4.32;4.32;4.32;4.32;4.32;4.32;4.32;4.32;4.32;4.32;4.32
1367;1434.43;43.879999999999995;58.51;33.24;144.11200000000002;65.566;17.28;39.89;181.95399999999998;57.18;54.617999999999995;57.18;43.879999999999995;35.9;180.867;43.879999999999995;29.25;17.28;98.41000000000001;33.24;209.26800000000003;38.56;22.599999999999998;31.91;39.582;17.28;49.2;41.22;71.81;302.918
1368;338.87200000000007;37.900000000000006;40.56;31.25;133.867;25.622;8.64;8.64;134.749;8.64;8.64;8.64;8.64;8.64;8.64;8.64;8.64;8.64;8.64;8.64;8.64;8.64;8.64;8.64;8.64;8.64;8.64;8.64;8.64;11.299999999999999
1369;127.23400000000001;11.299999999999999;11.299999999999999;9.969999999999999;107.30199999999999;19.756;8.64;8.64;79.915;8.64;8.64;8.64;8.64;8.64;8.64;8.64;8.64;8.64;8.64;8.64;8.64;8.64;8.64;8.64;8.64;8.64;8.64;8.64;8.64;8.64
1370;524.022;21.939999999999998;15.29;13.959999999999999;109.15700000000001;9.969999999999999;8.64;12.63;9.969999999999999;8.64;8.64;8.64;8.64;8.64;8.64;8.64;8.64;8.64;12.63;8.64;8.64;8.64;8.64;8.64;8.64;8.64;8.64;8.64;8.64;9.969999999999999
1371;1529.18;32.58;24.6;36.57;101.774;36.024;8.64;32.58;171.345;31.25;13.959999999999999;24.6;47.209999999999994;25.93;164.091;32.58;9.969999999999999;8.64;97.75;21.939999999999998;179.18699999999998;12.63;8.64;16.62;15.29;8.64;15.29;8.64;16.62;241.20700000000002
1372;1150.2140000000002;23.270000000000003;19.28;19.28;124.83699999999999;31.656;8.64;23.270000000000003;147.363;20.61;34.624;21.939999999999998;24.6;17.95;153.679;23.270000000000003;16.62;8.64;29.919999999999998;31.418;144.327;19.28;23.270000000000003;23.508000000000003;29.304;8.64;24.6;24.6;26.168;199.32600000000002
1373;1086.164;19.28;13.959999999999999;29.919999999999998;117.87;18.972;8.64;13.959999999999999;121.043;11.299999999999999;9.969999999999999;8.64;16.62;12.63;150.34300000000002;9.969999999999999;9.969999999999999;8.64;33.91;9.969999999999999;190.924;11.299999999999999;11.299999999999999;12.63;9.969999999999999;8.64;9.969999999999999;9.969999999999999;15.29;196.572
1374;279.27;41.55;49.53;32.239999999999995;117.119;21.6;21.6;21.6;157.17999999999998;21.6;21.6;21.6;21.6;21.6;21.6;21.6;21.6;21.6;21.6;21.6;21.6;21.6;21.6;21.6;21.6;21.6;21.6;21.6;21.6;22.93
1375;1278.1539999999998;38.230000000000004;15.62;14.29;140.067;15.62;12.959999999999999;14.29;136.803;22.27;15.62;15.62;14.29;16.95;157.115;12.959999999999999;12.959999999999999;12.959999999999999;20.94;12.959999999999999;182.333;12.959999999999999;12.959999999999999;12.959999999999999;12.959999999999999;12.959999999999999;14.29;12.959999999999999;15.62;222.122
1376;1125.3159999999998;48.870000000000005;26.259999999999998;31.58;135.262;29.942;12.959999999999999;26.259999999999998;175.058;28.92;38.397999999999996;23.6;23.6;19.61;192.113;19.61;15.62;12.959999999999999;42.22;22.27;208.21699999999998;14.29;15.62;15.62;15.62;12.959999999999999;16.95;15.62;16.95;257.67
1377;9.969999999999999;8.64;8.64;8.64;8.64;8.64;8.64;8.64;8.64;8.64;8.64;8.64;8.64;8.64;8.64;8.64;8.64;8.64;8.64;8.64;8.64;8.64;8.64;8.64;8.64;8.64;8.64;8.64;8.64;8.64
1378;395.16;46.21;24.93;34.239999999999995;19.61;20.94;12.959999999999999;18.28;12.959999999999999;12.959999999999999;12.959999999999999;12.959999999999999;12.959999999999999;12.959999999999999;12.959999999999999;12.959999999999999;12.959999999999999;12.959999999999999;18.28;12.959999999999999;12.959999999999999;12.959999999999999;12.959999999999999;12.959999999999999;12.959999999999999;12.959999999999999;12.959999999999999;12.959999999999999;12.959999999999999;15.62
1379;9.969999999999999;8.64;8.64;8.64;8.64;8.64;8.64;8.64;8.64;8.64;8.64;8.64;8.64;8.64;8.64;8.64;8.64;8.64;8.64;8.64;8.64;8.64;8.64;8.64;8.64;8.64;8.64;8.64;8.64;8.64
1380;975.0740000000001;25.93;23.270000000000003;15.29;126.16199999999999;18.188;8.64;9.969999999999999;134.016;13.959999999999999;13.959999999999999;16.62;15.29;17.95;135.14100000000002;17.95;15.29;8.64;37.900000000000006;29.85;180.091;9.969999999999999;11.299999999999999;9.969999999999999;8.64;8.64;20.61;11.299999999999999;23.270000000000003;240.65200000000002
1381;85.10999999999999;17.28;17.28;17.28;126.827;17.28;17.28;17.28;17.28;17.28;17.28;17.28;17.28;17.28;17.28;17.28;17.28;17.28;19.939999999999998;17.28;17.28;17.28;17.28;17.28;17.28;17.28;17.28;17.28;17.28;18.61
1382;67.94399999999999;16.62;8.64;8.64;8.64;8.64;8.64;8.64;8.64;8.64;8.64;8.64;8.64;8.64;8.64;8.64;8.64;8.64;8.64;8.64;8.64;8.64;8.64;8.64;8.64;8.64;8.64;8.64;8.64;12.63
1383;63.28399999999999;18.61;26.589999999999996;17.28;17.28;17.28;17.28;17.28;17.28;17.28;17.28;17.28;17.28;17.28;17.28;17.28;17.28;17.28;17.28;17.28;17.28;17.28;17.28;17.28;17.28;17.28;17.28;17.28;17.28;18.61
1384;1323.794;26.259999999999998;34.239999999999995;35.57000000000001;133.422;47.946;12.959999999999999;34.239999999999995;189.282;60.84;81.224;54.19;34.239999999999995;39.56;181.54500000000002;46.21;42.22;12.959999999999999;47.54;49.275999999999996;226.70399999999998;27.590000000000003;58.18000000000001;32.602000000000004;47.946;12.959999999999999;38.230000000000004;40.89;16.95;257.831
1385;528.5020000000001;39.23;40.56;48.54;125.52799999999999;11.299999999999999;8.64;9.969999999999999;151.754;11.299999999999999;8.64;13.959999999999999;8.64;8.64;8.64;8.64;8.64;8.64;8.64;8.64;8.64;8.64;8.64;8.64;8.64;8.64;8.64;8.64;8.64;13.959999999999999
1386;1784.1979999999999;31.58;35.57000000000001;27.590000000000003;133.19400000000002;22.27;12.959999999999999;23.6;161.399;36.9;31.58;31.58;30.25;24.93;178.50599999999997;26.259999999999998;26.259999999999998;12.959999999999999;70.15;31.58;217.25699999999998;26.259999999999998;18.28;28.92;28.92;12.959999999999999;26.259999999999998;22.27;27.590000000000003;266.123
1387;1160.6100000000001;35.57000000000001;22.27;24.93;118.84400000000001;20.94;12.959999999999999;27.590000000000003;169.70100000000002;35.57000000000001;26.259999999999998;23.6;22.27;20.94;162.64;24.93;14.29;12.959999999999999;36.9;16.95;204.918;15.62;20.94;19.61;15.62;12.959999999999999;20.94;15.62;19.61;241.787
1388;1249.25;16.62;20.61;20.61;127.86099999999999;28.996000000000002;8.64;16.62;166.711;19.28;13.959999999999999;21.939999999999998;19.28;15.29;160.101;19.28;16.62;8.64;40.56;22.962;200.81099999999998;12.63;13.959999999999999;13.959999999999999;17.642;8.64;16.62;13.959999999999999;13.959999999999999;244.09699999999998
1389;9.969999999999999;8.64;8.64;8.64;8.64;8.64;8.64;8.64;8.64;8.64;8.64;8.64;8.64;8.64;8.64;8.64;8.64;8.64;8.64;8.64;8.64;8.64;8.64;8.64;8.64;8.64;8.64;8.64;8.64;8.64
1390;42.22;12.959999999999999;12.959999999999999;12.959999999999999;12.959999999999999;12.959999999999999;12.959999999999999;12.959999999999999;12.959999999999999;12.959999999999999;12.959999999999999;12.959999999999999;12.959999999999999;12.959999999999999;12.959999999999999;12.959999999999999;12.959999999999999;12.959999999999999;12.959999999999999;12.959999999999999;12.959999999999999;12.959999999999999;12.959999999999999;12.959999999999999;12.959999999999999;12.959999999999999;12.959999999999999;12.959999999999999;12.959999999999999;12.959999999999999
1391;67.96600000000001;15.62;12.959999999999999;12.959999999999999;12.959999999999999;12.959999999999999;12.959999999999999;12.959999999999999;12.959999999999999;12.959999999999999;12.959999999999999;12.959999999999999;12.959999999999999;12.959999999999999;12.959999999999999;12.959999999999999;12.959999999999999;12.959999999999999;16.95;12.959999999999999;12.959999999999999;12.959999999999999;12.959999999999999;12.959999999999999;12.959999999999999;12.959999999999999;12.959999999999999;12.959999999999999;12.959999999999999;15.62
1392;45.88;9.969999999999999;8.64;8.64;8.64;8.64;8.64;8.64;8.64;8.64;8.64;8.64;8.64;8.64;8.64;8.64;8.64;8.64;9.969999999999999;8.64;8.64;8.64;8.64;8.64;8.64;8.64;8.64;8.64;8.64;8.64
1393;597.1859999999999;20.61;15.29;12.63;105.51899999999998;15.29;8.64;9.969999999999999;13.959999999999999;9.969999999999999;8.64;8.64;16.62;12.63;84.06400000000001;9.969999999999999;8.64;8.64;9.969999999999999;8.64;126.09899999999999;8.64;8.64;8.64;8.64;8.64;8.64;8.64;8.64;13.959999999999999
1394;1049.17;27.590000000000003;20.94;31.58;114.48499999999999;18.28;12.959999999999999;30.25;140.679;20.94;18.28;19.61;24.93;32.91;157.521;27.590000000000003;15.62;12.959999999999999;47.54;34.239999999999995;196.532;19.61;20.94;12.959999999999999;12.959999999999999;12.959999999999999;18.28;12.959999999999999;15.62;222.85499999999996
1395;13.959999999999999;8.64;8.64;8.64;8.64;8.64;8.64;8.64;8.64;8.64;8.64;8.64;8.64;8.64;8.64;8.64;8.64;8.64;8.64;8.64;8.64;8.64;8.64;8.64;8.64;8.64;8.64;8.64;8.64;8.64
1396;9.969999999999999;8.64;8.64;8.64;8.64;8.64;8.64;8.64;8.64;8.64;8.64;8.64;8.64;8.64;8.64;8.64;8.64;8.64;8.64;8.64;8.64;8.64;8.64;8.64;8.64;8.64;8.64;8.64;8.64;8.64
1397;122.46;13.959999999999999;16.62;8.64;114.51899999999999;8.64;8.64;8.64;8.64;8.64;8.64;8.64;8.64;8.64;8.64;8.64;8.64;8.64;8.64;8.64;8.64;8.64;8.64;8.64;8.64;8.64;8.64;8.64;8.64;8.64
1398;9.969999999999999;8.64;8.64;8.64;8.64;8.64;8.64;8.64;8.64;8.64;8.64;8.64;8.64;8.64;8.64;8.64;8.64;8.64;8.64;8.64;8.64;8.64;8.64;8.64;8.64;8.64;8.64;8.64;8.64;8.64
1399;3621.1999999999994;39.23;48.54;33.91;148.49200000000002;46.594;8.64;41.89;189.67999999999998;37.900000000000006;77.75800000000001;63.17;43.22;33.91;195.082;23.270000000000003;16.62;8.64;40.56;31.488;231.659;16.62;20.61;20.61;17.95;8.64;24.6;16.62;32.272000000000006;272.522
1400;2327.6699999999996;49.87;35.239999999999995;49.87;135.202;47.924;8.64;20.61;159.739;43.22;16.62;17.95;45.88;29.919999999999998;166.70399999999998;40.56;19.28;8.64;48.54;50.514;216.36899999999997;36.57;11.299999999999999;24.6;24.6;8.64;21.939999999999998;13.959999999999999;29.611999999999995;238.188
1401;1690.636;50.2;40.89;48.870000000000005;143.18499999999997;52.958;12.959999999999999;52.86;191.714;74.13999999999999;85.998;68.82;52.86;34.239999999999995;197.428;51.53;38.230000000000004;12.959999999999999;39.56;47.946;243.21499999999997;34.239999999999995;50.2;33.931999999999995;40.75;12.959999999999999;32.91;16.95;22.27;291.611
1402;939.822;48.54;19.28;32.58;111.178;43.08;8.64;17.95;170.332;48.54;88.496;39.23;27.259999999999998;20.61;168.40300000000002;16.62;9.969999999999999;8.64;8.64;8.64;8.64;8.64;8.64;8.64;8.64;8.64;8.64;8.64;8.64;16.62
1403;2090.33;49.2;42.55;42.55;153.189;52.266;17.28;39.89;190.66699999999997;49.2;86.636;57.18;51.86;34.57;189.211;46.540000000000006;23.93;17.28;90.42999999999999;39.582;237.721;39.89;42.55;38.251999999999995;44.286;17.28;37.230000000000004;39.89;50.222;296.892
1404;14.29;12.959999999999999;12.959999999999999;12.959999999999999;12.959999999999999;12.959999999999999;12.959999999999999;12.959999999999999;12.959999999999999;12.959999999999999;12.959999999999999;12.959999999999999;12.959999999999999;12.959999999999999;12.959999999999999;12.959999999999999;12.959999999999999;12.959999999999999;12.959999999999999;12.959999999999999;12.959999999999999;12.959999999999999;12.959999999999999;12.959999999999999;12.959999999999999;12.959999999999999;12.959999999999999;12.959999999999999;12.959999999999999;12.959999999999999
1405;1009.6400000000002;20.61;8.64;15.29;95.82;9.969999999999999;8.64;16.62;139.7;12.63;15.29;17.95;9.969999999999999;17.95;148.889;11.299999999999999;12.63;8.64;8.64;12.63;171.26899999999998;9.969999999999999;8.64;9.969999999999999;9.969999999999999;8.64;8.64;8.64;8.64;15.29
1406;14.29;12.959999999999999;12.959999999999999;12.959999999999999;12.959999999999999;12.959999999999999;12.959999999999999;12.959999999999999;12.959999999999999;12.959999999999999;12.959999999999999;12.959999999999999;12.959999999999999;12.959999999999999;12.959999999999999;12.959999999999999;12.959999999999999;12.959999999999999;12.959999999999999;12.959999999999999;12.959999999999999;12.959999999999999;12.959999999999999;12.959999999999999;12.959999999999999;12.959999999999999;12.959999999999999;12.959999999999999;12.959999999999999;12.959999999999999
1407;234.348;29.919999999999998;20.61;16.62;93.108;11.299999999999999;8.64;11.299999999999999;123.28199999999998;8.64;8.64;8.64;8.64;8.64;135.339;8.64;8.64;8.64;8.64;8.64;8.64;8.64;8.64;8.64;8.64;8.64;8.64;8.64;8.64;9.969999999999999
1408;117.154;23.270000000000003;19.28;8.64;112.83500000000001;8.64;8.64;8.64;8.64;8.64;8.64;8.64;9.969999999999999;8.64;8.64;8.64;8.64;8.64;8.64;8.64;8.64;8.64;8.64;8.64;8.64;8.64;8.64;8.64;8.64;13.959999999999999
1409;132.498;11.299999999999999;13.959999999999999;15.29;104.798;8.64;8.64;8.64;8.64;8.64;8.64;8.64;8.64;8.64;8.64;8.64;8.64;8.64;8.64;8.64;8.64;8.64;8.64;8.64;8.64;8.64;8.64;8.64;8.64;8.64
1410;2108.486;33.91;41.89;23.270000000000003;119.517;36.976;8.64;24.6;153.36399999999998;31.25;67.832;33.91;29.919999999999998;29.919999999999998;160.85399999999998;37.900000000000006;35.239999999999995;8.64;19.28;34.316;207.86399999999998;15.29;19.28;25.622;17.95;8.64;20.61;27.259999999999998;31.25;265.273
1411;261.858;20.61;9.969999999999999;9.969999999999999;115.84899999999999;9.969999999999999;8.64;8.64;126.207;11.299999999999999;8.64;8.64;9.969999999999999;9.969999999999999;147.559;9.969999999999999;15.29;8.64;11.299999999999999;8.64;150.81400000000002;8.64;8.64;8.64;8.64;8.64;9.969999999999999;9.969999999999999;8.64;8.64
1412;1414.864;26.259999999999998;46.21;40.89;129.84799999999998;46.924;12.959999999999999;30.25;179.05800000000002;44.879999999999995;62.744;76.8;40.89;38.230000000000004;188.39800000000002;46.21;22.27;12.959999999999999;46.21;35.57000000000001;209.28199999999998;24.93;27.590000000000003;23.6;27.828;12.959999999999999;32.91;15.62;24.622;261.457
1413;2274.57;37.230000000000004;34.57;30.58;135.493;21.27;17.28;19.939999999999998;160.986;29.25;17.28;25.26;19.939999999999998;18.61;173.204;18.61;17.28;17.28;29.25;17.28;202.707;17.28;17.28;18.61;17.28;17.28;19.939999999999998;17.28;18.61;19.939999999999998
1414;1664.0559999999998;40.56;28.59;33.91;138.17399999999998;41.274;8.64;36.57;192.01799999999997;41.89;90.61;44.550000000000004;40.56;29.919999999999998;203.337;47.209999999999994;24.6;8.64;49.87;43.626;233.12900000000002;27.259999999999998;32.58;37.046;39.874;8.64;37.900000000000006;28.59;40.728;297.557
1415;9.969999999999999;8.64;8.64;8.64;8.64;8.64;8.64;8.64;8.64;8.64;8.64;8.64;8.64;8.64;8.64;8.64;8.64;8.64;8.64;8.64;8.64;8.64;8.64;8.64;8.64;8.64;8.64;8.64;8.64;8.64
1416;1195.308;20.61;19.28;23.270000000000003;114.088;31.656;8.64;21.939999999999998;139.38299999999998;20.61;66.026;16.62;21.939999999999998;19.28;145.76600000000002;20.61;20.61;8.64;39.23;38.306;185.534;17.95;17.95;16.62;31.964;8.64;24.6;17.95;23.508000000000003;224.81099999999998
1417;132.898;14.29;12.959999999999999;12.959999999999999;112.697;14.29;12.959999999999999;12.959999999999999;114.42599999999999;12.959999999999999;12.959999999999999;12.959999999999999;12.959999999999999;12.959999999999999;12.959999999999999;12.959999999999999;12.959999999999999;12.959999999999999;12.959999999999999;12.959999999999999;12.959999999999999;12.959999999999999;12.959999999999999;12.959999999999999;12.959999999999999;12.959999999999999;12.959999999999999;12.959999999999999;12.959999999999999;15.62
1418;9.969999999999999;8.64;8.64;8.64;8.64;8.64;8.64;8.64;8.64;8.64;8.64;8.64;8.64;8.64;8.64;8.64;8.64;8.64;8.64;8.64;8.64;8.64;8.64;8.64;8.64;8.64;8.64;8.64;8.64;8.64
1419;1021.4639999999999;22.27;27.590000000000003;24.93;130.368;27.590000000000003;12.959999999999999;32.91;153.382;27.590000000000003;73.55199999999999;30.25;31.58;28.92;189.411;20.94;18.28;12.959999999999999;40.89;26.497999999999998;216.348;19.61;35.57000000000001;18.28;29.634;12.959999999999999;20.94;20.94;18.28;248.47899999999998
1420;34.239999999999995;12.959999999999999;12.959999999999999;12.959999999999999;12.959999999999999;12.959999999999999;12.959999999999999;12.959999999999999;12.959999999999999;12.959999999999999;12.959999999999999;12.959999999999999;12.959999999999999;12.959999999999999;12.959999999999999;12.959999999999999;12.959999999999999;12.959999999999999;12.959999999999999;12.959999999999999;12.959999999999999;12.959999999999999;12.959999999999999;12.959999999999999;12.959999999999999;12.959999999999999;12.959999999999999;12.959999999999999;12.959999999999999;12.959999999999999
1421;1419.6860000000001;23.270000000000003;23.270000000000003;25.93;110.48699999999998;36.976;8.64;25.93;159.417;23.270000000000003;13.959999999999999;21.939999999999998;19.28;11.299999999999999;170.04999999999998;16.62;12.63;8.64;25.93;11.299999999999999;193.423;9.969999999999999;12.63;13.959999999999999;15.29;8.64;17.95;16.62;15.29;178.004
1422;9.969999999999999;8.64;8.64;8.64;8.64;8.64;8.64;8.64;8.64;8.64;8.64;8.64;8.64;8.64;8.64;8.64;8.64;8.64;8.64;8.64;8.64;8.64;8.64;8.64;8.64;8.64;8.64;8.64;8.64;8.64
1423;133.99;20.94;14.29;15.62;101.631;12.959999999999999;12.959999999999999;12.959999999999999;12.959999999999999;12.959999999999999;12.959999999999999;12.959999999999999;12.959999999999999;12.959999999999999;12.959999999999999;12.959999999999999;12.959999999999999;12.959999999999999;15.62;12.959999999999999;12.959999999999999;12.959999999999999;12.959999999999999;12.959999999999999;12.959999999999999;12.959999999999999;12.959999999999999;12.959999999999999;12.959999999999999;14.29
1424;18.61;17.28;18.61;17.28;17.28;17.28;17.28;17.28;17.28;17.28;17.28;17.28;17.28;17.28;17.28;17.28;17.28;17.28;17.28;17.28;17.28;17.28;17.28;17.28;17.28;17.28;17.28;17.28;17.28;17.28
1425;9.969999999999999;8.64;8.64;8.64;8.64;8.64;8.64;8.64;8.64;8.64;8.64;8.64;8.64;8.64;8.64;8.64;8.64;8.64;8.64;8.64;8.64;8.64;8.64;8.64;8.64;8.64;8.64;8.64;8.64;8.64
1426;1024.152;16.95;22.27;26.259999999999998;124.206;12.959999999999999;12.959999999999999;15.62;149.06;12.959999999999999;12.959999999999999;14.29;19.61;14.29;109.59200000000001;14.29;12.959999999999999;12.959999999999999;28.92;12.959999999999999;166.29399999999998;12.959999999999999;12.959999999999999;12.959999999999999;12.959999999999999;12.959999999999999;12.959999999999999;12.959999999999999;12.959999999999999;203.361
1427;94.09;16.95;20.94;24.93;110.126;12.959999999999999;12.959999999999999;12.959999999999999;12.959999999999999;12.959999999999999;12.959999999999999;12.959999999999999;12.959999999999999;12.959999999999999;12.959999999999999;12.959999999999999;12.959999999999999;12.959999999999999;12.959999999999999;12.959999999999999;12.959999999999999;12.959999999999999;12.959999999999999;12.959999999999999;12.959999999999999;12.959999999999999;12.959999999999999;12.959999999999999;12.959999999999999;12.959999999999999
1428;1057.472;35.57000000000001;35.57000000000001;30.25;127.82699999999998;23.6;12.959999999999999;23.6;152.36900000000003;20.94;23.6;20.94;22.27;18.28;140.303;20.94;18.28;12.959999999999999;42.22;20.94;202.53300000000002;22.27;23.6;19.61;16.95;12.959999999999999;20.94;18.28;18.28;246.26000000000002
1429;1124.596;23.93;25.26;26.589999999999996;134.906;21.27;17.28;22.599999999999998;153.06300000000002;23.93;19.939999999999998;19.939999999999998;18.61;22.599999999999998;178.571;17.28;17.28;17.28;42.55;21.27;198.078;19.939999999999998;23.93;21.27;18.61;17.28;19.939999999999998;18.61;22.599999999999998;249.324
1430;182.8;15.29;9.969999999999999;15.29;94.11600000000001;8.64;8.64;8.64;8.64;8.64;8.64;8.64;8.64;8.64;8.64;8.64;8.64;8.64;11.299999999999999;8.64;8.64;8.64;8.64;8.64;8.64;8.64;8.64;8.64;8.64;9.969999999999999
1431;1512.9560000000001;25.26;26.589999999999996;34.57;118.80499999999999;30.58;17.28;37.230000000000004;136.011;19.939999999999998;18.61;33.24;37.230000000000004;37.230000000000004;167.317;21.27;21.27;17.28;55.849999999999994;35.9;208.027;22.599999999999998;21.27;25.26;22.599999999999998;17.28;23.93;17.28;18.61;247.11
1432;685.1;28.92;39.56;27.590000000000003;126.49699999999999;39.251999999999995;12.959999999999999;28.92;155.309;38.230000000000004;23.6;27.590000000000003;23.6;12.959999999999999;151.24;14.29;12.959999999999999;12.959999999999999;15.62;12.959999999999999;12.959999999999999;12.959999999999999;12.959999999999999;12.959999999999999;12.959999999999999;12.959999999999999;12.959999999999999;12.959999999999999;12.959999999999999;15.62
1433;1471.0179999999998;35.57000000000001;28.92;38.230000000000004;107.62700000000001;42.626000000000005;12.959999999999999;34.239999999999995;195.66199999999998;70.15;51.46;48.870000000000005;27.590000000000003;31.58;166.55599999999998;39.56;24.93;12.959999999999999;32.91;47.400000000000006;199.71699999999998;26.259999999999998;30.25;30.25;23.6;12.959999999999999;36.9;20.94;27.590000000000003;264.65200000000004
1434;14.29;12.959999999999999;12.959999999999999;12.959999999999999;12.959999999999999;12.959999999999999;12.959999999999999;12.959999999999999;12.959999999999999;12.959999999999999;12.959999999999999;12.959999999999999;12.959999999999999;12.959999999999999;12.959999999999999;12.959999999999999;12.959999999999999;12.959999999999999;12.959999999999999;12.959999999999999;12.959999999999999;12.959999999999999;12.959999999999999;12.959999999999999;12.959999999999999;12.959999999999999;12.959999999999999;12.959999999999999;12.959999999999999;12.959999999999999
1435;42.22;12.959999999999999;12.959999999999999;12.959999999999999;130.529;12.959999999999999;12.959999999999999;12.959999999999999;12.959999999999999;12.959999999999999;12.959999999999999;12.959999999999999;12.959999999999999;12.959999999999999;12.959999999999999;12.959999999999999;12.959999999999999;12.959999999999999;12.959999999999999;12.959999999999999;12.959999999999999;12.959999999999999;12.959999999999999;12.959999999999999;12.959999999999999;12.959999999999999;12.959999999999999;12.959999999999999;12.959999999999999;12.959999999999999
1436;2680.134;28.59;23.270000000000003;36.57;129.29500000000002;38.922000000000004;8.64;24.6;178.416;39.23;21.939999999999998;21.939999999999998;27.259999999999998;28.59;184.291;31.25;11.299999999999999;8.64;59.18;40.728;212.07100000000003;28.59;15.29;34.385999999999996;16.62;8.64;24.6;31.25;28.59;278.947
1437;133.78;12.959999999999999;12.959999999999999;12.959999999999999;114.802;12.959999999999999;12.959999999999999;12.959999999999999;102.3;12.959999999999999;12.959999999999999;12.959999999999999;12.959999999999999;12.959999999999999;12.959999999999999;12.959999999999999;12.959999999999999;12.959999999999999;12.959999999999999;12.959999999999999;12.959999999999999;12.959999999999999;12.959999999999999;12.959999999999999;12.959999999999999;12.959999999999999;12.959999999999999;12.959999999999999;12.959999999999999;12.959999999999999
1438;41.89;13.959999999999999;11.299999999999999;13.959999999999999;9.969999999999999;12.63;8.64;11.299999999999999;15.29;11.299999999999999;11.299999999999999;8.64;8.64;8.64;8.64;8.64;8.64;8.64;8.64;8.64;8.64;8.64;8.64;8.64;8.64;8.64;8.64;8.64;8.64;8.64
1439;2175.19;50.2;48.870000000000005;35.57000000000001;146.853;50.06;12.959999999999999;32.91;165.389;55.519999999999996;28.92;27.590000000000003;30.25;28.92;151.03199999999998;26.259999999999998;12.959999999999999;12.959999999999999;38.230000000000004;41.604;210.527;20.94;19.61;16.95;18.28;12.959999999999999;19.61;15.62;27.282;245.086
1440;2014.6019999999999;47.209999999999994;41.89;37.900000000000006;146.201;39.636;8.64;32.58;189.68499999999997;65.83;108.138;60.51;27.259999999999998;23.270000000000003;184.07800000000003;39.23;25.93;8.64;67.16;31.25;218.735;24.6;48.54;16.62;18.734;8.64;19.28;23.270000000000003;43.696;324.323
1441;1157.4879999999998;52.86;26.259999999999998;23.6;148.5;34.716;12.959999999999999;30.25;142.00900000000001;30.25;26.259999999999998;30.25;28.92;22.27;159.85899999999998;27.590000000000003;22.27;12.959999999999999;40.89;24.93;182.02100000000002;16.95;18.28;20.94;18.28;12.959999999999999;20.94;18.28;18.28;249.517
1442;1248.0880000000002;68.49000000000001;37.900000000000006;47.209999999999994;135.88799999999998;55.904;8.64;40.56;231.279;52.53;44.550000000000004;41.89;33.91;35.239999999999995;196.57300000000004;36.57;21.939999999999998;8.64;53.86000000000001;51.914;233.384;21.939999999999998;39.23;42.912;42.296;8.64;44.550000000000004;69.82;58.802;256.815
1443;1503.462;12.63;8.64;8.64;98.153;9.969999999999999;8.64;8.64;122.85600000000002;8.64;8.64;8.64;8.64;11.299999999999999;135.651;8.64;8.64;8.64;51.199999999999996;8.64;157.023;8.64;8.64;8.64;8.64;8.64;8.64;8.64;9.969999999999999;195.363
1444;1724.81;38.230000000000004;27.590000000000003;39.56;136.54;39.965999999999994;12.959999999999999;27.590000000000003;161.76799999999997;20.94;47.568;24.93;28.92;16.95;172.06900000000002;18.28;18.28;12.959999999999999;24.93;16.95;16.95;16.95;15.62;18.28;18.28;12.959999999999999;16.95;15.62;20.94;40.89
1445;483.16999999999996;19.28;19.28;35.239999999999995;85.777;26.168;8.64;15.29;46.549;8.64;8.64;8.64;8.64;8.64;8.64;8.64;8.64;8.64;12.63;8.64;8.64;8.64;8.64;8.64;8.64;8.64;8.64;8.64;8.64;19.28
1446;1606.3000000000002;38.230000000000004;30.25;27.590000000000003;126.81899999999999;23.292;12.959999999999999;20.94;157.04;26.259999999999998;18.28;23.6;18.28;15.62;184.89100000000002;20.94;20.94;12.959999999999999;70.15;12.959999999999999;208.90300000000002;15.62;20.94;14.29;14.29;12.959999999999999;12.959999999999999;16.95;18.28;261.98199999999997
1447;783.4360000000001;40.89;31.58;27.590000000000003;143.096;14.29;12.959999999999999;18.28;138.014;12.959999999999999;12.959999999999999;19.61;19.61;19.61;187.063;19.61;12.959999999999999;12.959999999999999;18.28;12.959999999999999;199.229;14.29;12.959999999999999;14.29;12.959999999999999;12.959999999999999;15.62;15.62;15.62;22.27
1448;19.939999999999998;17.28;17.28;17.28;17.28;17.28;17.28;17.28;17.28;17.28;17.28;17.28;17.28;17.28;17.28;17.28;17.28;17.28;17.28;17.28;17.28;17.28;17.28;17.28;17.28;17.28;17.28;17.28;17.28;17.28
1449;106.13600000000001;17.95;12.63;11.299999999999999;97.784;8.64;8.64;8.64;8.64;8.64;8.64;8.64;8.64;8.64;8.64;8.64;8.64;8.64;8.64;8.64;8.64;8.64;8.64;8.64;8.64;8.64;8.64;8.64;8.64;8.64
1450;14.29;12.959999999999999;12.959999999999999;12.959999999999999;12.959999999999999;12.959999999999999;12.959999999999999;12.959999999999999;12.959999999999999;12.959999999999999;12.959999999999999;12.959999999999999;12.959999999999999;12.959999999999999;12.959999999999999;12.959999999999999;12.959999999999999;12.959999999999999;12.959999999999999;12.959999999999999;12.959999999999999;12.959999999999999;12.959999999999999;12.959999999999999;12.959999999999999;12.959999999999999;12.959999999999999;12.959999999999999;12.959999999999999;12.959999999999999
1451;14.29;12.959999999999999;12.959999999999999;12.959999999999999;12.959999999999999;12.959999999999999;12.959999999999999;12.959999999999999;12.959999999999999;12.959999999999999;12.959999999999999;12.959999999999999;12.959999999999999;12.959999999999999;12.959999999999999;12.959999999999999;12.959999999999999;12.959999999999999;12.959999999999999;12.959999999999999;12.959999999999999;12.959999999999999;12.959999999999999;12.959999999999999;12.959999999999999;12.959999999999999;12.959999999999999;12.959999999999999;12.959999999999999;12.959999999999999
1452;1474.798;35.57000000000001;30.25;34.239999999999995;142.499;27.282;12.959999999999999;23.6;140.674;20.94;18.28;19.61;23.6;24.93;163.252;26.259999999999998;23.6;12.959999999999999;62.169999999999995;19.61;214.753;16.95;16.95;19.61;16.95;12.959999999999999;24.93;26.259999999999998;23.6;245.351
1453;5.6499999999999995;4.32;4.32;4.32;4.32;4.32;4.32;4.32;4.32;4.32;4.32;4.32;4.32;4.32;4.32;4.32;4.32;4.32;4.32;4.32;4.32;4.32;4.32;4.32;4.32;4.32;4.32;4.32;4.32;4.32
1454;1261.6620000000003;38.230000000000004;55.519999999999996;38.230000000000004;140.161;49.275999999999996;12.959999999999999;39.56;163.289;40.89;26.259999999999998;52.86;30.25;31.58;182.439;24.93;22.27;12.959999999999999;56.85;34.716;210.077;18.28;31.58;22.27;23.838;12.959999999999999;23.6;16.95;23.6;259.805
1455;9.969999999999999;8.64;8.64;8.64;8.64;8.64;8.64;8.64;8.64;8.64;8.64;8.64;8.64;8.64;8.64;8.64;8.64;8.64;8.64;8.64;8.64;8.64;8.64;8.64;8.64;8.64;8.64;8.64;8.64;8.64
1456;1322.274;13.959999999999999;21.939999999999998;28.59;97.09799999999998;23.270000000000003;8.64;23.270000000000003;146.266;16.62;15.29;35.239999999999995;27.259999999999998;15.29;155.695;13.959999999999999;11.299999999999999;8.64;47.209999999999994;43.388;192.17899999999997;17.95;8.64;24.6;19.28;8.64;15.29;9.969999999999999;15.29;237.46200000000005
1457;12.63;8.64;8.64;8.64;8.64;8.64;8.64;8.64;8.64;8.64;8.64;8.64;8.64;8.64;8.64;8.64;8.64;8.64;8.64;8.64;8.64;8.64;8.64;8.64;8.64;8.64;8.64;8.64;8.64;8.64
1458;1409.0119999999997;35.57000000000001;19.61;18.28;119.16099999999999;14.29;12.959999999999999;19.61;128.662;24.93;14.29;16.95;14.29;16.95;167.076;12.959999999999999;12.959999999999999;12.959999999999999;36.9;30.25;165.489;18.28;16.95;14.29;15.62;12.959999999999999;16.95;12.959999999999999;16.95;238.43600000000004
1459;23.270000000000003;11.299999999999999;8.64;8.64;8.64;8.64;8.64;8.64;8.64;8.64;8.64;8.64;8.64;8.64;8.64;8.64;8.64;8.64;8.64;8.64;8.64;8.64;8.64;8.64;8.64;8.64;8.64;8.64;8.64;8.64
1460;136.104;23.6;18.28;12.959999999999999;120.95899999999999;12.959999999999999;12.959999999999999;12.959999999999999;12.959999999999999;12.959999999999999;12.959999999999999;12.959999999999999;12.959999999999999;12.959999999999999;12.959999999999999;12.959999999999999;12.959999999999999;12.959999999999999;16.95;12.959999999999999;12.959999999999999;12.959999999999999;12.959999999999999;12.959999999999999;12.959999999999999;12.959999999999999;12.959999999999999;12.959999999999999;12.959999999999999;15.62
1461;2345.5620000000004;41.89;41.89;41.89;137.587;40.419999999999995;8.64;27.259999999999998;179.003;51.199999999999996;64.29;49.87;31.25;32.58;188.18200000000002;37.900000000000006;21.939999999999998;8.64;76.47;44.41;205.885;17.95;23.270000000000003;23.270000000000003;23.508000000000003;8.64;29.919999999999998;16.62;33.602;262.94
1462;2716.01;23.6;28.92;51.53;130.866;53.882000000000005;12.959999999999999;43.55;179.452;51.53;65.544;70.15;48.870000000000005;46.21;163.599;48.870000000000005;18.28;12.959999999999999;79.46000000000001;44.879999999999995;194.14700000000002;24.93;22.27;30.25;24.93;12.959999999999999;40.89;27.590000000000003;32.91;265.08799999999997
1463;185.93599999999998;11.299999999999999;19.28;32.58;120.53;13.959999999999999;8.64;15.29;137.726;8.64;8.64;8.64;8.64;8.64;8.64;8.64;8.64;8.64;8.64;8.64;8.64;8.64;8.64;8.64;8.64;8.64;8.64;8.64;8.64;9.969999999999999
1464;2012.3980000000001;39.56;43.55;32.91;130.165;42.458;12.959999999999999;38.230000000000004;183.00099999999998;43.55;77.402;31.58;28.92;28.92;183.883;20.94;16.95;12.959999999999999;38.230000000000004;23.6;210.877;19.61;16.95;16.95;16.95;12.959999999999999;18.28;15.62;19.61;270.165
1465;720.764;20.61;11.299999999999999;15.29;127.59100000000001;16.62;8.64;13.959999999999999;146.979;13.959999999999999;9.969999999999999;15.29;9.969999999999999;12.63;176.145;11.299999999999999;8.64;8.64;8.64;8.64;183.11;8.64;8.64;8.64;8.64;8.64;8.64;8.64;8.64;8.64
1466;1059.13;16.62;17.95;40.56;93.804;17.95;8.64;17.95;135.44;11.299999999999999;16.62;24.6;16.62;16.62;141.615;16.62;17.95;8.64;28.59;12.63;179.39499999999998;11.299999999999999;12.63;16.62;13.959999999999999;8.64;12.63;8.64;9.969999999999999;220.135
1467;1256.868;47.87;42.55;53.19;136.184;19.939999999999998;17.28;21.27;145.041;21.27;26.589999999999996;22.599999999999998;21.27;19.939999999999998;171.718;19.939999999999998;22.599999999999998;17.28;41.22;34.57;186.497;19.939999999999998;25.26;18.61;18.61;17.28;22.599999999999998;19.939999999999998;21.27;243.286
1468;15.62;12.959999999999999;12.959999999999999;12.959999999999999;12.959999999999999;12.959999999999999;12.959999999999999;12.959999999999999;12.959999999999999;12.959999999999999;12.959999999999999;12.959999999999999;12.959999999999999;12.959999999999999;12.959999999999999;12.959999999999999;12.959999999999999;12.959999999999999;12.959999999999999;12.959999999999999;12.959999999999999;12.959999999999999;12.959999999999999;12.959999999999999;12.959999999999999;12.959999999999999;12.959999999999999;12.959999999999999;12.959999999999999;12.959999999999999
1469;109.03399999999999;8.64;8.64;8.64;103.468;8.64;8.64;8.64;8.64;8.64;8.64;8.64;8.64;8.64;8.64;8.64;8.64;8.64;16.62;8.64;8.64;8.64;8.64;8.64;8.64;8.64;8.64;8.64;8.64;9.969999999999999
1470;52.53;11.299999999999999;9.969999999999999;8.64;8.64;8.64;8.64;8.64;8.64;8.64;8.64;8.64;8.64;8.64;8.64;8.64;8.64;8.64;8.64;8.64;8.64;8.64;8.64;8.64;8.64;8.64;8.64;8.64;8.64;8.64
1471;24.93;12.959999999999999;12.959999999999999;12.959999999999999;12.959999999999999;12.959999999999999;12.959999999999999;12.959999999999999;12.959999999999999;12.959999999999999;12.959999999999999;12.959999999999999;12.959999999999999;12.959999999999999;12.959999999999999;12.959999999999999;12.959999999999999;12.959999999999999;12.959999999999999;12.959999999999999;12.959999999999999;12.959999999999999;12.959999999999999;12.959999999999999;12.959999999999999;12.959999999999999;12.959999999999999;12.959999999999999;12.959999999999999;12.959999999999999
1472;1562.626;29.919999999999998;13.959999999999999;31.25;86.55199999999999;49.254000000000005;8.64;25.93;165.703;12.63;13.959999999999999;17.95;25.93;20.61;157.56;12.63;11.299999999999999;8.64;65.83;24.6;194.384;12.63;12.63;25.93;16.62;8.64;17.95;13.959999999999999;16.62;240.288
1473;1421.43;31.58;23.6;38.230000000000004;120.793;33.316;12.959999999999999;27.590000000000003;172.82899999999998;39.56;23.6;30.25;22.27;20.94;168.723;32.91;22.27;12.959999999999999;39.56;39.965999999999994;203.072;18.28;24.93;18.28;30.964;12.959999999999999;16.95;20.94;19.61;284.312
1474;1468.462;21.939999999999998;13.959999999999999;27.259999999999998;120.95100000000001;36.43;8.64;19.28;177.497;31.25;73.152;40.56;28.59;28.59;175.19899999999998;11.299999999999999;8.64;8.64;28.59;39.397999999999996;201.876;20.61;11.299999999999999;20.61;26.406;8.64;13.959999999999999;11.299999999999999;24.6;257.865
1475;1650.968;25.26;27.919999999999998;54.519999999999996;146.913;44.286;17.28;33.24;187.363;27.919999999999998;31.91;26.589999999999996;37.230000000000004;42.55;193.939;45.209999999999994;22.599999999999998;17.28;66.49;45.686;237.50900000000001;25.26;27.919999999999998;33.24;42.480000000000004;17.28;22.599999999999998;25.26;22.599999999999998;260.50399999999996
1476;1223.7359999999999;42.22;23.6;35.57000000000001;112.791;24.93;12.959999999999999;26.259999999999998;150.348;23.6;23.6;19.61;24.93;22.27;159.05900000000003;22.27;20.94;12.959999999999999;47.54;25.952;195.888;14.29;18.28;15.62;15.62;12.959999999999999;23.6;20.94;19.61;253.95499999999998
1477;1091.338;15.62;18.28;15.62;117.935;14.29;12.959999999999999;15.62;163.84099999999998;20.94;28.374000000000002;20.94;20.94;23.6;174.35500000000002;15.62;12.959999999999999;12.959999999999999;56.85;23.6;208.33499999999998;16.95;19.61;16.95;18.28;12.959999999999999;15.62;15.62;22.27;232.76899999999998
1478;272.01599999999996;26.259999999999998;18.28;12.959999999999999;130.108;12.959999999999999;12.959999999999999;12.959999999999999;12.959999999999999;12.959999999999999;12.959999999999999;12.959999999999999;12.959999999999999;12.959999999999999;12.959999999999999;12.959999999999999;12.959999999999999;12.959999999999999;15.62;12.959999999999999;12.959999999999999;12.959999999999999;12.959999999999999;12.959999999999999;12.959999999999999;12.959999999999999;12.959999999999999;12.959999999999999;12.959999999999999;15.62
1479;14.29;12.959999999999999;12.959999999999999;12.959999999999999;12.959999999999999;12.959999999999999;12.959999999999999;12.959999999999999;12.959999999999999;12.959999999999999;12.959999999999999;12.959999999999999;12.959999999999999;12.959999999999999;12.959999999999999;12.959999999999999;12.959999999999999;12.959999999999999;12.959999999999999;12.959999999999999;12.959999999999999;12.959999999999999;12.959999999999999;12.959999999999999;12.959999999999999;12.959999999999999;12.959999999999999;12.959999999999999;12.959999999999999;12.959999999999999
1480;2859.84;42.55;43.879999999999995;34.57;147.23499999999999;46.946;17.28;37.230000000000004;185.763;50.53;92.432;54.519999999999996;43.879999999999995;37.230000000000004;197.602;47.87;25.26;17.28;90.42999999999999;53.596000000000004;234.99400000000003;38.56;34.57;40.912000000000006;45.924;17.28;42.55;26.589999999999996;51.482;289.64
1481;1046.5439999999999;20.61;20.61;17.95;130.246;17.95;8.64;11.299999999999999;155.427;23.270000000000003;17.95;19.28;20.61;16.62;174.243;13.959999999999999;8.64;8.64;29.919999999999998;27.973999999999997;202.93599999999998;12.63;16.62;13.959999999999999;11.299999999999999;8.64;20.61;8.64;12.63;250.11800000000002
1482;1636.21;27.259999999999998;27.259999999999998;47.209999999999994;126.962;52.93600000000001;8.64;35.239999999999995;154.92700000000002;49.87;75.812;28.59;33.91;20.61;180.04099999999997;37.900000000000006;21.939999999999998;8.64;79.13;41.512;216.733;29.919999999999998;27.259999999999998;30.942;40.965999999999994;8.64;23.270000000000003;16.62;35.954;267.574
1483;1003.516;28.92;23.6;24.93;138.87300000000002;16.95;12.959999999999999;14.29;138.383;18.28;19.61;15.62;23.6;23.6;168.198;19.61;22.27;12.959999999999999;16.95;12.959999999999999;182.863;12.959999999999999;12.959999999999999;14.29;14.29;12.959999999999999;15.62;12.959999999999999;15.62;34.239999999999995
1484;1279.7720000000002;25.26;26.589999999999996;34.57;134.802;31.602;17.28;26.589999999999996;159.344;17.28;17.28;19.939999999999998;27.919999999999998;27.919999999999998;177.313;25.26;19.939999999999998;17.28;41.22;27.919999999999998;211.73200000000003;22.599999999999998;21.27;26.589999999999996;26.589999999999996;17.28;26.589999999999996;27.919999999999998;21.27;266.052
1485;457.586;18.28;12.959999999999999;12.959999999999999;102.473;12.959999999999999;12.959999999999999;12.959999999999999;113.99;12.959999999999999;12.959999999999999;18.28;12.959999999999999;12.959999999999999;143.29000000000002;12.959999999999999;12.959999999999999;12.959999999999999;12.959999999999999;12.959999999999999;12.959999999999999;12.959999999999999;12.959999999999999;12.959999999999999;12.959999999999999;12.959999999999999;12.959999999999999;12.959999999999999;12.959999999999999;12.959999999999999
1486;1509.308;24.93;23.6;36.9;135.48499999999999;42.626000000000005;12.959999999999999;40.89;185.017;59.510000000000005;98.136;36.9;43.55;28.92;191.54100000000003;30.25;19.61;12.959999999999999;34.239999999999995;55.926;221.711;30.25;31.58;44.571999999999996;40.274;12.959999999999999;31.58;30.25;40.582;262.745
1487;946.34;27.590000000000003;28.92;18.28;123.30199999999999;19.302;12.959999999999999;22.27;146.836;20.94;47.568;23.6;20.94;20.94;150.284;19.61;12.959999999999999;12.959999999999999;40.89;38.636;203.88600000000002;14.29;18.28;19.61;29.634;12.959999999999999;19.61;15.62;16.95;241.13800000000003
1488;2528.432;42.55;45.209999999999994;45.209999999999994;124.484;56.256;17.28;33.24;189.446;65.16;103.31000000000002;59.839999999999996;46.540000000000006;43.879999999999995;172.736;54.519999999999996;41.22;17.28;41.22;45.924;224.846;22.599999999999998;39.89;30.034;37.944;17.28;45.209999999999994;35.9;38.251999999999995;262.42600000000004
1489;1276.838;30.25;24.93;35.57000000000001;141.49099999999999;41.534000000000006;12.959999999999999;27.590000000000003;171.036;44.879999999999995;26.259999999999998;22.27;40.89;30.25;186.52799999999996;24.93;19.61;12.959999999999999;51.53;56.471999999999994;234.59699999999998;39.56;34.239999999999995;34.239999999999995;27.590000000000003;12.959999999999999;20.94;24.93;31.58;271.08400000000006
1490;441.47799999999995;35.239999999999995;35.239999999999995;27.259999999999998;128.5;9.969999999999999;8.64;8.64;149.099;11.299999999999999;8.64;11.299999999999999;8.64;8.64;175.006;8.64;8.64;8.64;11.299999999999999;8.64;8.64;8.64;9.969999999999999;8.64;8.64;8.64;8.64;8.64;8.64;11.299999999999999
1491;23.93;17.28;17.28;19.939999999999998;18.61;17.28;17.28;17.28;17.28;17.28;17.28;17.28;17.28;17.28;17.28;17.28;17.28;17.28;17.28;17.28;17.28;17.28;17.28;17.28;17.28;17.28;17.28;17.28;17.28;17.28
1492;1621.49;20.94;28.92;28.92;136.81;16.95;12.959999999999999;24.93;145.033;24.93;23.6;36.9;19.61;18.28;188.39299999999997;18.28;14.29;12.959999999999999;46.21;23.6;216.722;15.62;23.6;14.29;14.29;12.959999999999999;16.95;14.29;14.29;253.997
1493;1234.496;31.91;26.589999999999996;29.25;144.154;19.939999999999998;17.28;19.939999999999998;163.69799999999998;27.919999999999998;19.939999999999998;26.589999999999996;21.27;17.28;172.798;18.61;18.61;17.28;55.849999999999994;27.919999999999998;185.64999999999998;22.599999999999998;19.939999999999998;19.939999999999998;19.939999999999998;17.28;18.61;17.28;19.939999999999998;246.60500000000002
1494;1482.952;19.28;24.6;32.58;133.18099999999998;39.636;8.64;31.25;161.307;51.199999999999996;83.316;44.550000000000004;31.25;25.93;174.518;16.62;19.28;8.64;60.51;46.286;181.308;21.939999999999998;15.29;22.962;38.306;8.64;11.299999999999999;13.959999999999999;22.962;241.66000000000003
1495;1421.242;45.209999999999994;35.9;33.24;158.18699999999998;45.616;17.28;31.91;177.736;46.540000000000006;82.1;37.230000000000004;43.879999999999995;39.89;200.745;53.19;27.919999999999998;17.28;57.18;59.154;254.201;30.58;43.879999999999995;40.912000000000006;49.605999999999995;17.28;35.9;38.56;53.903999999999996;301.397
1496;2520.1500000000005;27.590000000000003;26.259999999999998;16.95;137.382;21.962;12.959999999999999;18.28;144.374;20.94;23.6;26.259999999999998;18.28;18.28;172.874;18.28;15.62;12.959999999999999;32.91;15.62;197.421;14.29;15.62;12.959999999999999;15.62;12.959999999999999;14.29;12.959999999999999;15.62;232.499
1497;1075.194;25.599999999999998;22.94;32.25;137.522;35.316;4.32;12.3;160.72899999999998;16.29;6.9799999999999995;18.950000000000003;10.969999999999999;10.969999999999999;155.89000000000001;14.959999999999999;6.9799999999999995;4.32;57.519999999999996;27.952;206.01899999999998;12.3;9.64;9.64;6.9799999999999995;4.32;10.969999999999999;6.9799999999999995;9.64;257.971
1498;2328.7279999999996;35.57000000000001;34.239999999999995;31.58;131.173;42.626000000000005;12.959999999999999;26.259999999999998;176.715;26.259999999999998;74.81200000000001;22.27;27.590000000000003;32.91;185.099;23.6;19.61;12.959999999999999;42.22;28.92;222.733;26.259999999999998;16.95;22.27;20.94;12.959999999999999;24.93;15.62;20.94;262.83400000000006
1499;9.969999999999999;8.64;8.64;8.64;8.64;8.64;8.64;8.64;8.64;8.64;8.64;8.64;8.64;8.64;8.64;8.64;8.64;8.64;8.64;8.64;8.64;8.64;8.64;8.64;8.64;8.64;8.64;8.64;8.64;8.64
1500;9.969999999999999;8.64;8.64;8.64;8.64;8.64;8.64;8.64;8.64;8.64;8.64;8.64;8.64;8.64;8.64;8.64;8.64;8.64;8.64;8.64;8.64;8.64;8.64;8.64;8.64;8.64;8.64;8.64;8.64;8.64
1501;1281.786;29.919999999999998;20.61;17.95;137.27;19.28;8.64;19.28;162.726;16.62;17.95;19.28;20.61;20.61;168.237;21.939999999999998;13.959999999999999;8.64;25.93;12.63;180.455;13.959999999999999;11.299999999999999;9.969999999999999;12.63;8.64;11.299999999999999;11.299999999999999;11.299999999999999;238.589
1502;2885.872;67.49;59.510000000000005;50.2;136.451;55.926;12.959999999999999;44.879999999999995;178.045;20.94;47.876000000000005;38.230000000000004;35.57000000000001;31.58;189.35899999999998;34.239999999999995;22.27;12.959999999999999;108.72;54.596000000000004;226.466;31.58;28.92;30.25;33.931999999999995;12.959999999999999;40.89;23.6;26.259999999999998;266.819
1503;9.969999999999999;8.64;8.64;8.64;8.64;8.64;8.64;8.64;8.64;8.64;8.64;8.64;8.64;8.64;8.64;8.64;8.64;8.64;8.64;8.64;8.64;8.64;8.64;8.64;8.64;8.64;8.64;8.64;8.64;8.64
1504;1186.4180000000001;24.6;23.270000000000003;41.89;147.209;46.286;8.64;39.23;185.33099999999996;63.17;125.49799999999999;41.89;21.939999999999998;20.61;185.564;16.62;12.63;8.64;64.5;27.259999999999998;210.589;12.63;15.29;16.62;12.63;8.64;15.29;9.969999999999999;13.959999999999999;253.29299999999998
1505;14.29;12.959999999999999;12.959999999999999;12.959999999999999;12.959999999999999;12.959999999999999;12.959999999999999;12.959999999999999;12.959999999999999;12.959999999999999;12.959999999999999;12.959999999999999;12.959999999999999;12.959999999999999;12.959999999999999;12.959999999999999;12.959999999999999;12.959999999999999;12.959999999999999;12.959999999999999;12.959999999999999;12.959999999999999;12.959999999999999;12.959999999999999;12.959999999999999;12.959999999999999;12.959999999999999;12.959999999999999;12.959999999999999;12.959999999999999
1506;9.969999999999999;8.64;8.64;8.64;8.64;8.64;8.64;8.64;8.64;8.64;8.64;8.64;8.64;8.64;8.64;8.64;8.64;8.64;8.64;8.64;8.64;8.64;8.64;8.64;8.64;8.64;8.64;8.64;8.64;8.64
1507;14.29;12.959999999999999;12.959999999999999;12.959999999999999;12.959999999999999;12.959999999999999;12.959999999999999;12.959999999999999;12.959999999999999;12.959999999999999;12.959999999999999;12.959999999999999;12.959999999999999;12.959999999999999;12.959999999999999;12.959999999999999;12.959999999999999;12.959999999999999;12.959999999999999;12.959999999999999;12.959999999999999;12.959999999999999;12.959999999999999;12.959999999999999;12.959999999999999;12.959999999999999;12.959999999999999;12.959999999999999;12.959999999999999;12.959999999999999
1508;1193.49;34.57;46.540000000000006;49.2;146.49699999999999;49.914;17.28;50.53;179.341;43.879999999999995;87.28;53.19;62.5;41.22;192.71800000000002;65.16;38.56;17.28;58.51;31.91;223.541;27.919999999999998;23.93;25.26;49.298;17.28;35.9;37.230000000000004;42.242;290.94300000000004
1509;14.29;12.959999999999999;12.959999999999999;12.959999999999999;12.959999999999999;12.959999999999999;12.959999999999999;12.959999999999999;12.959999999999999;12.959999999999999;12.959999999999999;12.959999999999999;12.959999999999999;12.959999999999999;12.959999999999999;12.959999999999999;12.959999999999999;12.959999999999999;12.959999999999999;12.959999999999999;12.959999999999999;12.959999999999999;12.959999999999999;12.959999999999999;12.959999999999999;12.959999999999999;12.959999999999999;12.959999999999999;12.959999999999999;12.959999999999999
1510;1041.898;30.58;35.9;91.76;137.50900000000001;27.919999999999998;17.28;41.22;170.712;25.26;23.93;33.24;27.919999999999998;25.26;183.20000000000002;27.919999999999998;22.599999999999998;17.28;42.55;25.26;215.784;21.27;22.599999999999998;23.93;19.939999999999998;17.28;27.919999999999998;18.61;27.919999999999998;276.454
1511;9.969999999999999;8.64;8.64;8.64;8.64;8.64;8.64;8.64;8.64;8.64;8.64;8.64;8.64;8.64;8.64;8.64;8.64;8.64;8.64;8.64;8.64;8.64;8.64;8.64;8.64;8.64;8.64;8.64;8.64;8.64
1512;908.14;24.6;20.61;19.28;110.48699999999998;33.769999999999996;8.64;23.270000000000003;148.792;33.91;34.385999999999996;25.93;32.58;20.61;173.557;31.25;21.939999999999998;8.64;44.550000000000004;16.62;207.953;15.29;21.939999999999998;20.61;16.62;8.64;21.939999999999998;17.95;13.959999999999999;257.828
1513;1103.4959999999999;13.959999999999999;19.28;23.270000000000003;128.822;44.956;8.64;25.93;156.673;29.919999999999998;39.328;23.270000000000003;31.25;27.259999999999998;168.559;20.61;17.95;8.64;36.57;23.508000000000003;206.401;12.63;12.63;16.62;26.406;8.64;13.959999999999999;8.64;19.28;263.418
1514;1532.206;30.58;34.57;41.22;152.498;36.922;17.28;30.58;215.293;70.47999999999999;82.646;43.879999999999995;54.519999999999996;31.91;185.85999999999996;45.209999999999994;33.24;17.28;81.12;48.822;231.80300000000005;30.58;27.919999999999998;34.57;46.708;17.28;38.56;33.24;33.24;291.203
1515;1016.732;39.56;32.91;23.6;124.798;24.384;12.959999999999999;27.590000000000003;154.38;14.29;14.29;27.590000000000003;19.61;14.29;157.152;14.29;15.62;12.959999999999999;16.95;14.29;183.024;14.29;14.29;15.62;15.62;12.959999999999999;18.28;12.959999999999999;16.95;22.27
1516;1070.066;31.91;27.919999999999998;18.61;116.888;18.61;17.28;18.61;120.331;25.26;17.28;21.27;18.61;21.27;132.777;22.599999999999998;23.93;17.28;45.209999999999994;21.27;154.77300000000002;17.28;17.28;19.939999999999998;22.599999999999998;17.28;19.939999999999998;17.28;18.61;219.579
1517;2364.4359999999997;23.93;25.26;38.56;112.36299999999999;36.376;17.28;27.919999999999998;140.095;17.28;17.28;25.26;18.61;17.28;167.998;17.28;17.28;17.28;42.55;46.946;194.912;18.61;17.28;23.93;17.28;17.28;19.939999999999998;17.28;26.589999999999996;238.59
1518;2558.0;31.91;33.24;26.589999999999996;143.14600000000002;23.93;17.28;19.939999999999998;165.714;19.939999999999998;25.26;42.55;21.27;22.599999999999998;167.681;19.939999999999998;17.28;17.28;58.51;19.939999999999998;198.187;22.599999999999998;21.27;22.599999999999998;21.27;17.28;18.61;17.28;25.26;258.75800000000004
1519;1141.48;35.9;46.540000000000006;33.24;124.59800000000001;37.944;17.28;19.939999999999998;151.597;43.879999999999995;26.589999999999996;29.25;22.599999999999998;27.919999999999998;178.155;23.93;19.939999999999998;17.28;37.230000000000004;22.599999999999998;175.07700000000003;21.27;23.93;19.939999999999998;18.61;17.28;27.919999999999998;19.939999999999998;25.26;236.64100000000002
1520;98.856;11.299999999999999;11.299999999999999;13.959999999999999;106.767;9.969999999999999;8.64;8.64;9.969999999999999;8.64;8.64;8.64;8.64;8.64;8.64;8.64;8.64;8.64;11.299999999999999;8.64;8.64;8.64;8.64;8.64;8.64;8.64;8.64;8.64;8.64;9.969999999999999
1521;678.694;15.29;9.969999999999999;11.299999999999999;114.51899999999999;8.64;8.64;8.64;149.099;11.299999999999999;11.299999999999999;11.299999999999999;9.969999999999999;11.299999999999999;169.76999999999998;8.64;8.64;8.64;9.969999999999999;9.969999999999999;190.763;8.64;8.64;8.64;8.64;8.64;11.299999999999999;8.64;9.969999999999999;226.141
1522;350.91200000000003;21.939999999999998;24.6;29.919999999999998;130.687;24.292;8.64;11.299999999999999;8.64;8.64;8.64;8.64;8.64;8.64;8.64;8.64;8.64;8.64;8.64;8.64;8.64;8.64;8.64;8.64;8.64;8.64;8.64;8.64;8.64;9.969999999999999
1523;143.754;16.62;8.64;8.64;114.95499999999998;8.64;8.64;8.64;8.64;8.64;8.64;8.64;8.64;8.64;8.64;8.64;8.64;8.64;12.63;8.64;8.64;8.64;8.64;8.64;8.64;8.64;8.64;8.64;8.64;9.969999999999999
1524;890.9200000000001;15.29;21.939999999999998;29.919999999999998;137.85199999999998;28.282;8.64;9.969999999999999;142.303;15.29;8.64;12.63;11.299999999999999;12.63;179.761;8.64;8.64;8.64;29.919999999999998;45.572;204.219;9.969999999999999;8.64;11.299999999999999;11.299999999999999;8.64;8.64;9.969999999999999;11.299999999999999;243.46800000000002
1525;439.93199999999996;22.27;27.590000000000003;40.89;127.35900000000001;39.251999999999995;12.959999999999999;27.590000000000003;125.58099999999999;15.62;24.93;19.61;14.29;40.89;167.356;31.58;15.62;12.959999999999999;15.62;12.959999999999999;12.959999999999999;12.959999999999999;12.959999999999999;12.959999999999999;12.959999999999999;12.959999999999999;12.959999999999999;12.959999999999999;12.959999999999999;14.29
1526;14.29;12.959999999999999;12.959999999999999;12.959999999999999;12.959999999999999;12.959999999999999;12.959999999999999;12.959999999999999;12.959999999999999;12.959999999999999;12.959999999999999;12.959999999999999;12.959999999999999;12.959999999999999;12.959999999999999;12.959999999999999;12.959999999999999;12.959999999999999;12.959999999999999;12.959999999999999;12.959999999999999;12.959999999999999;12.959999999999999;12.959999999999999;12.959999999999999;12.959999999999999;12.959999999999999;12.959999999999999;12.959999999999999;12.959999999999999
1527;1924.96;29.919999999999998;32.58;21.939999999999998;93.638;35.954;8.64;29.919999999999998;135.403;17.95;70.01599999999999;37.900000000000006;24.6;31.25;149.90699999999998;29.919999999999998;25.93;8.64;41.89;41.75;192.938;13.959999999999999;36.57;24.6;30.634;8.64;28.59;33.91;38.376;244.28300000000002
1528;14.29;12.959999999999999;12.959999999999999;12.959999999999999;12.959999999999999;12.959999999999999;12.959999999999999;12.959999999999999;12.959999999999999;12.959999999999999;12.959999999999999;12.959999999999999;12.959999999999999;12.959999999999999;12.959999999999999;12.959999999999999;12.959999999999999;12.959999999999999;12.959999999999999;12.959999999999999;12.959999999999999;12.959999999999999;12.959999999999999;12.959999999999999;12.959999999999999;12.959999999999999;12.959999999999999;12.959999999999999;12.959999999999999;12.959999999999999
1529;1454.2600000000002;39.56;34.239999999999995;40.89;142.177;27.282;12.959999999999999;31.58;179.42200000000003;43.55;18.28;34.239999999999995;38.230000000000004;42.22;181.70600000000002;40.89;24.93;12.959999999999999;38.230000000000004;45.048;219.87;28.92;34.239999999999995;20.94;26.259999999999998;12.959999999999999;22.27;18.28;30.25;295.918
1530;47.47;14.29;20.94;15.62;15.62;12.959999999999999;12.959999999999999;12.959999999999999;12.959999999999999;12.959999999999999;12.959999999999999;12.959999999999999;12.959999999999999;12.959999999999999;12.959999999999999;12.959999999999999;12.959999999999999;12.959999999999999;12.959999999999999;12.959999999999999;12.959999999999999;12.959999999999999;12.959999999999999;12.959999999999999;12.959999999999999;12.959999999999999;12.959999999999999;12.959999999999999;12.959999999999999;14.29
1531;53.644000000000005;15.62;12.959999999999999;12.959999999999999;12.959999999999999;12.959999999999999;12.959999999999999;12.959999999999999;12.959999999999999;12.959999999999999;12.959999999999999;12.959999999999999;12.959999999999999;12.959999999999999;12.959999999999999;12.959999999999999;12.959999999999999;12.959999999999999;12.959999999999999;12.959999999999999;12.959999999999999;12.959999999999999;12.959999999999999;12.959999999999999;12.959999999999999;12.959999999999999;12.959999999999999;12.959999999999999;12.959999999999999;14.29
1532;9.969999999999999;8.64;8.64;8.64;8.64;8.64;8.64;8.64;8.64;8.64;8.64;8.64;8.64;8.64;8.64;8.64;8.64;8.64;8.64;8.64;8.64;8.64;8.64;8.64;8.64;8.64;8.64;8.64;8.64;8.64
1533;256.468;21.939999999999998;28.59;16.62;104.80299999999998;21.632;8.64;11.299999999999999;8.64;8.64;8.64;8.64;8.64;8.64;8.64;8.64;8.64;8.64;8.64;8.64;8.64;8.64;8.64;8.64;8.64;8.64;8.64;8.64;8.64;8.64
1534;130.62199999999999;19.28;19.28;17.95;93.108;8.64;8.64;8.64;8.64;8.64;8.64;8.64;8.64;8.64;8.64;8.64;8.64;8.64;8.64;8.64;8.64;8.64;8.64;8.64;8.64;8.64;8.64;8.64;8.64;9.969999999999999
1535;2047.1459999999997;22.27;38.230000000000004;43.55;136.21800000000002;133.066;12.959999999999999;32.91;172.361;43.55;58.992;36.9;43.55;32.91;202.86700000000002;32.91;22.27;12.959999999999999;52.86;54.596000000000004;235.858;27.590000000000003;50.2;71.172;46.616;12.959999999999999;48.870000000000005;35.57000000000001;52.006;273.796
1536;1265.554;30.25;20.94;20.94;118.10600000000001;19.61;12.959999999999999;16.95;129.30599999999998;18.28;18.28;22.27;19.61;16.95;144.335;12.959999999999999;15.62;12.959999999999999;19.61;15.62;202.382;15.62;15.62;14.29;14.29;12.959999999999999;14.29;14.29;18.28;26.259999999999998
1537;335.722;27.259999999999998;23.270000000000003;19.28;122.17699999999998;28.996000000000002;8.64;16.62;147.08800000000002;11.299999999999999;8.64;8.64;8.64;8.64;8.64;8.64;8.64;8.64;8.64;8.64;8.64;8.64;8.64;8.64;8.64;8.64;8.64;8.64;8.64;9.969999999999999
1538;2015.702;40.89;32.91;30.25;144.297;39.965999999999994;12.959999999999999;28.92;186.71099999999998;23.6;26.259999999999998;20.94;23.6;26.259999999999998;175.74200000000002;18.28;16.95;12.959999999999999;66.16;34.954;219.23999999999998;23.6;30.25;20.94;16.95;12.959999999999999;16.95;16.95;18.28;267.344
1539;1046.734;22.27;20.94;27.590000000000003;117.784;20.94;12.959999999999999;24.93;162.64;39.56;27.590000000000003;36.9;20.94;18.28;170.214;16.95;24.93;12.959999999999999;36.9;23.6;199.34799999999998;14.29;15.62;14.29;14.29;12.959999999999999;22.27;18.28;16.95;240.207
1540;14.29;12.959999999999999;12.959999999999999;12.959999999999999;12.959999999999999;12.959999999999999;12.959999999999999;12.959999999999999;12.959999999999999;12.959999999999999;12.959999999999999;12.959999999999999;12.959999999999999;12.959999999999999;12.959999999999999;12.959999999999999;12.959999999999999;12.959999999999999;12.959999999999999;12.959999999999999;12.959999999999999;12.959999999999999;12.959999999999999;12.959999999999999;12.959999999999999;12.959999999999999;12.959999999999999;12.959999999999999;12.959999999999999;12.959999999999999
1541;563.2719999999999;20.94;19.61;22.27;117.67999999999998;27.282;12.959999999999999;16.95;160.76;24.93;63.934;26.259999999999998;12.959999999999999;12.959999999999999;161.231;12.959999999999999;12.959999999999999;12.959999999999999;16.95;12.959999999999999;12.959999999999999;12.959999999999999;12.959999999999999;12.959999999999999;12.959999999999999;12.959999999999999;12.959999999999999;12.959999999999999;12.959999999999999;14.29
1542;1257.336;58.18000000000001;44.879999999999995;40.89;132.503;45.524;12.959999999999999;35.57000000000001;175.02100000000002;43.55;68.232;34.239999999999995;54.19;35.57000000000001;188.08100000000002;43.55;19.61;12.959999999999999;63.5;49.822;229.47699999999998;27.590000000000003;34.239999999999995;27.590000000000003;50.06;12.959999999999999;39.56;35.57000000000001;35.262;269.9
1543;14.29;12.959999999999999;12.959999999999999;12.959999999999999;12.959999999999999;12.959999999999999;12.959999999999999;12.959999999999999;12.959999999999999;12.959999999999999;12.959999999999999;12.959999999999999;12.959999999999999;12.959999999999999;12.959999999999999;12.959999999999999;12.959999999999999;12.959999999999999;12.959999999999999;12.959999999999999;12.959999999999999;12.959999999999999;12.959999999999999;12.959999999999999;12.959999999999999;12.959999999999999;12.959999999999999;12.959999999999999;12.959999999999999;12.959999999999999
1544;902.26;19.28;25.93;19.28;113.786;36.738;8.64;31.25;183.99599999999998;57.849999999999994;71.346;44.550000000000004;35.239999999999995;23.270000000000003;178.55;37.900000000000006;19.28;8.64;41.89;27.735999999999997;213.01800000000003;20.61;25.93;21.939999999999998;17.95;8.64;20.61;12.63;19.28;239.597
1545;720.3299999999999;16.62;11.299999999999999;8.64;92.469;8.64;8.64;12.63;9.969999999999999;11.299999999999999;8.64;8.64;9.969999999999999;15.29;111.59;8.64;8.64;8.64;12.63;11.299999999999999;147.837;8.64;8.64;8.64;9.969999999999999;8.64;8.64;8.64;9.969999999999999;159.82500000000002
1546;927.124;33.91;21.939999999999998;12.63;104.80299999999998;12.63;8.64;12.63;146.028;19.28;15.29;20.61;16.62;16.62;172.00900000000001;12.63;13.959999999999999;8.64;24.6;8.64;200.55100000000002;11.299999999999999;16.62;12.63;11.299999999999999;8.64;16.62;12.63;15.29;257.25100000000003
1547;9.969999999999999;8.64;8.64;8.64;8.64;8.64;8.64;8.64;8.64;8.64;8.64;8.64;8.64;8.64;8.64;8.64;8.64;8.64;8.64;8.64;8.64;8.64;8.64;8.64;8.64;8.64;8.64;8.64;8.64;8.64
1548;9.969999999999999;8.64;8.64;8.64;8.64;8.64;8.64;8.64;8.64;8.64;8.64;8.64;8.64;8.64;8.64;8.64;8.64;8.64;8.64;8.64;8.64;8.64;8.64;8.64;8.64;8.64;8.64;8.64;8.64;8.64
1549;1768.75;61.17;45.209999999999994;39.89;148.518;49.605999999999995;17.28;39.89;184.703;51.86;63.14399999999999;45.209999999999994;46.540000000000006;35.9;182.87800000000001;18.61;17.28;17.28;50.53;35.046;202.695;21.27;26.589999999999996;34.57;26.589999999999996;17.28;34.57;22.599999999999998;57.894000000000005;306.03600000000006
1550;2678.118;45.88;31.25;33.91;144.554;39.636;8.64;28.59;175.42400000000004;39.23;81.98599999999999;48.54;33.91;35.239999999999995;194.079;36.57;36.57;8.64;72.48;45.263999999999996;224.053;28.59;31.25;28.282;34.624;8.64;21.939999999999998;21.939999999999998;52.69799999999999;300.794
1551;756.7300000000001;24.6;31.25;21.939999999999998;132.17299999999997;20.61;8.64;15.29;125.915;35.239999999999995;27.259999999999998;20.61;20.61;17.95;136.513;16.62;20.61;8.64;19.28;35.646;187.56799999999998;20.61;11.299999999999999;11.299999999999999;8.64;8.64;8.64;8.64;8.64;12.63
1552;1321.812;28.59;28.59;37.900000000000006;116.81499999999998;43.08;8.64;29.919999999999998;161.02200000000002;40.56;63.982;28.59;31.25;35.239999999999995;155.975;13.959999999999999;16.62;8.64;61.839999999999996;50.038000000000004;197.707;25.93;31.25;24.6;30.396;8.64;17.95;16.62;27.259999999999998;246.896
1553;1225.7379999999998;28.92;31.58;28.92;142.432;39.965999999999994;12.959999999999999;27.590000000000003;168.938;38.230000000000004;79.11;32.91;35.57000000000001;32.91;189.827;38.230000000000004;24.93;12.959999999999999;38.230000000000004;45.593999999999994;232.64800000000002;26.259999999999998;30.25;27.282;42.08;12.959999999999999;18.28;24.93;45.902;268.414
1554;2812.2680000000005;58.51;42.55;42.55;126.146;51.482;17.28;38.56;156.429;41.22;65.664;30.58;43.879999999999995;34.57;186.556;46.540000000000006;19.939999999999998;17.28;81.12;37.706;221.236;29.25;22.599999999999998;29.25;22.599999999999998;17.28;18.61;17.28;30.58;280.043
1555;282.606;21.939999999999998;24.6;21.939999999999998;131.846;9.969999999999999;8.64;8.64;8.64;8.64;8.64;8.64;8.64;8.64;8.64;8.64;8.64;8.64;8.64;8.64;8.64;8.64;8.64;8.64;8.64;8.64;8.64;8.64;8.64;11.299999999999999
1556;2027.5320000000002;39.56;43.55;34.239999999999995;142.22899999999998;31.272;12.959999999999999;28.92;175.858;30.25;23.6;28.92;27.590000000000003;23.6;163.735;23.6;24.93;12.959999999999999;55.519999999999996;19.61;202.211;19.61;22.27;22.27;20.94;12.959999999999999;19.61;19.61;20.94;280.28
1557;1381.9080000000001;30.25;30.25;34.239999999999995;143.18499999999997;45.286;12.959999999999999;28.92;183.786;31.58;76.996;43.55;31.58;23.6;179.306;22.27;18.28;12.959999999999999;72.81;31.272;213.428;23.6;15.62;19.61;20.94;12.959999999999999;18.28;18.28;19.61;269.47900000000004
1558;192.34799999999998;13.959999999999999;17.95;16.62;95.882;8.64;8.64;8.64;8.64;8.64;8.64;8.64;8.64;8.64;8.64;8.64;8.64;8.64;8.64;8.64;8.64;8.64;8.64;8.64;8.64;8.64;8.64;8.64;8.64;8.64
1559;1052.096;12.959999999999999;18.28;30.25;135.48;31.034;12.959999999999999;24.93;188.041;35.57000000000001;31.58;28.92;32.91;27.590000000000003;190.73600000000002;30.25;27.590000000000003;12.959999999999999;26.259999999999998;16.95;209.267;16.95;22.27;18.28;16.95;12.959999999999999;27.590000000000003;16.95;15.62;220.61599999999999
1560;1346.9699999999998;36.57;20.61;24.6;107.495;37.76;8.64;25.93;158.144;21.939999999999998;23.270000000000003;12.63;17.95;21.939999999999998;169.93600000000004;21.939999999999998;15.29;8.64;44.550000000000004;11.299999999999999;203.09699999999998;11.299999999999999;9.969999999999999;13.959999999999999;15.29;8.64;11.299999999999999;11.299999999999999;12.63;36.57
1561;9.969999999999999;8.64;8.64;8.64;8.64;8.64;8.64;8.64;8.64;8.64;8.64;8.64;8.64;8.64;8.64;8.64;8.64;8.64;8.64;8.64;8.64;8.64;8.64;8.64;8.64;8.64;8.64;8.64;8.64;8.64
1562;18.61;17.28;17.28;17.28;17.28;17.28;17.28;17.28;17.28;17.28;17.28;17.28;17.28;17.28;17.28;17.28;17.28;17.28;17.28;17.28;17.28;17.28;17.28;17.28;17.28;17.28;17.28;17.28;17.28;17.28
1563;135.452;12.63;15.29;16.62;125.575;8.64;8.64;11.299999999999999;8.64;8.64;8.64;8.64;8.64;8.64;8.64;8.64;8.64;8.64;8.64;8.64;8.64;8.64;8.64;8.64;8.64;8.64;8.64;8.64;8.64;12.63
1564;1047.806;33.24;35.9;30.58;112.42999999999999;39.204;17.28;29.25;149.30599999999998;26.589999999999996;34.976;17.28;29.25;23.93;172.315;27.919999999999998;19.939999999999998;17.28;46.540000000000006;25.26;197.501;29.25;25.26;25.26;25.26;17.28;19.939999999999998;17.28;27.919999999999998;257.58900000000006
1565;1840.092;56.519999999999996;44.550000000000004;33.91;127.814;44.956;8.64;47.209999999999994;180.333;45.88;45.81;31.25;43.22;27.259999999999998;169.728;24.6;13.959999999999999;8.64;33.91;38.138000000000005;203.66600000000003;16.62;12.63;12.63;11.299999999999999;8.64;12.63;12.63;15.29;249.11000000000004
1566;1402.978;34.239999999999995;30.25;27.590000000000003;131.96800000000002;39.965999999999994;12.959999999999999;26.259999999999998;161.46099999999998;47.54;74.64399999999999;36.9;28.92;23.6;185.577;32.91;20.94;12.959999999999999;23.6;27.828;220.284;20.94;28.92;20.94;29.396;12.959999999999999;26.259999999999998;23.6;23.838;261.764
1567;2193.676;45.88;56.519999999999996;32.58;126.172;25.93;8.64;20.61;119.58699999999999;37.900000000000006;27.259999999999998;35.239999999999995;29.919999999999998;19.28;132.652;21.939999999999998;11.299999999999999;8.64;59.18;20.61;177.654;12.63;12.63;19.28;11.299999999999999;8.64;9.969999999999999;16.62;16.62;239.44100000000003
1568;1768.588;36.9;50.2;46.21;116.07;46.07;12.959999999999999;22.27;143.381;19.61;14.29;19.61;22.27;27.590000000000003;174.36499999999998;24.93;20.94;12.959999999999999;39.56;44.739999999999995;206.731;20.94;16.95;22.27;41.296;12.959999999999999;26.259999999999998;15.62;23.6;245.455
1569;1554.6259999999997;30.25;23.6;23.6;142.291;29.704;12.959999999999999;15.62;129.997;28.92;18.28;24.93;26.259999999999998;26.259999999999998;166.826;16.95;16.95;12.959999999999999;70.15;41.912;198.025;20.94;20.94;20.94;20.94;12.959999999999999;23.6;15.62;20.94;256.615
1570;2515.44;47.87;41.22;37.230000000000004;143.52;33.477999999999994;17.28;30.58;185.66899999999998;53.19;51.174;41.22;34.57;35.9;183.844;37.230000000000004;21.27;17.28;69.15;54.926;233.971;31.91;27.919999999999998;33.477999999999994;33.716;17.28;33.24;31.91;31.602;279.394
1571;733.4899999999999;11.299999999999999;8.64;8.64;114.51899999999999;9.969999999999999;8.64;8.64;135.17000000000002;8.64;8.64;8.64;8.64;8.64;121.841;8.64;8.64;8.64;19.28;8.64;165.04500000000002;8.64;8.64;8.64;8.64;8.64;8.64;8.64;8.64;195.851
1572;446.378;8.64;8.64;8.64;105.80600000000001;8.64;8.64;8.64;8.64;8.64;8.64;8.64;8.64;8.64;8.64;8.64;8.64;8.64;8.64;8.64;8.64;8.64;8.64;8.64;8.64;8.64;8.64;8.64;8.64;9.969999999999999
1573;18.61;17.28;17.28;17.28;17.28;17.28;17.28;17.28;17.28;17.28;17.28;17.28;17.28;17.28;17.28;17.28;17.28;17.28;17.28;17.28;17.28;17.28;17.28;17.28;17.28;17.28;17.28;17.28;17.28;17.28
1574;2177.71;36.9;22.27;20.94;114.48499999999999;23.292;12.959999999999999;15.62;127.70600000000002;15.62;15.62;16.95;16.95;16.95;152.04500000000002;16.95;12.959999999999999;12.959999999999999;44.879999999999995;18.28;176.11900000000003;14.29;12.959999999999999;15.62;14.29;12.959999999999999;12.959999999999999;12.959999999999999;18.28;221.587
1575;1500.006;19.939999999999998;25.26;39.89;140.538;50.628;17.28;29.25;183.42000000000002;34.57;19.939999999999998;26.589999999999996;29.25;30.58;189.253;18.61;17.28;17.28;46.540000000000006;43.264;226.603;26.589999999999996;19.939999999999998;25.26;17.28;17.28;18.61;17.28;26.282;266.022
1576;1143.8160000000003;31.25;31.25;19.28;127.10799999999999;25.622;8.64;23.270000000000003;147.348;39.23;28.59;20.61;21.939999999999998;16.62;161.748;16.62;16.62;8.64;32.58;12.63;197.38;9.969999999999999;17.95;11.299999999999999;11.299999999999999;8.64;12.63;8.64;12.63;242.87599999999998
1577;1945.2039999999997;24.6;20.61;28.59;95.384;34.316;8.64;23.270000000000003;161.17299999999997;48.54;78.47200000000001;32.58;32.58;15.29;160.267;20.61;13.959999999999999;8.64;44.550000000000004;40.965999999999994;216.362;17.95;33.91;21.939999999999998;27.973999999999997;8.64;33.91;27.259999999999998;38.614;245.437
1578;360.97999999999996;23.93;22.599999999999998;25.26;111.42699999999999;35.046;17.28;29.25;151.364;35.9;19.939999999999998;17.28;19.939999999999998;21.27;18.61;18.61;18.61;17.28;33.24;19.939999999999998;191.54199999999997;17.28;17.28;17.28;17.28;17.28;17.28;17.28;17.28;166.335
1579;1337.0100000000002;26.259999999999998;22.27;31.58;117.14499999999998;25.952;12.959999999999999;28.92;130.683;19.61;18.28;18.28;18.28;18.28;149.333;20.94;15.62;12.959999999999999;43.55;20.94;188.869;12.959999999999999;12.959999999999999;14.29;14.29;12.959999999999999;18.28;12.959999999999999;16.95;233.76
1580;405.548;12.959999999999999;15.62;38.230000000000004;126.81899999999999;46.07;12.959999999999999;22.27;123.34199999999998;39.56;20.94;20.94;32.91;27.590000000000003;189.084;23.6;19.61;12.959999999999999;12.959999999999999;12.959999999999999;190.843;12.959999999999999;12.959999999999999;12.959999999999999;12.959999999999999;12.959999999999999;12.959999999999999;12.959999999999999;12.959999999999999;15.62
1581;546.9259999999999;45.88;32.58;39.23;113.625;34.316;8.64;15.29;8.64;8.64;8.64;8.64;8.64;8.64;8.64;8.64;8.64;8.64;19.28;8.64;8.64;8.64;8.64;8.64;8.64;8.64;8.64;8.64;8.64;11.299999999999999
1582;41.512;13.959999999999999;11.299999999999999;8.64;8.64;8.64;8.64;8.64;8.64;8.64;8.64;8.64;8.64;8.64;8.64;8.64;8.64;8.64;8.64;8.64;8.64;8.64;8.64;8.64;8.64;8.64;8.64;8.64;8.64;9.969999999999999
1583;2317.87;19.28;29.919999999999998;41.89;132.31900000000002;20.302;8.64;12.63;139.113;21.939999999999998;8.64;11.299999999999999;8.64;11.299999999999999;162.677;8.64;8.64;8.64;33.91;25.384;198.346;13.959999999999999;12.63;21.939999999999998;13.959999999999999;8.64;9.969999999999999;11.299999999999999;33.84;254.113
1584;293.722;12.63;11.299999999999999;12.63;127.49199999999999;24.292;8.64;11.299999999999999;129.98399999999998;8.64;13.959999999999999;12.63;11.299999999999999;8.64;141.184;8.64;8.64;8.64;9.969999999999999;8.64;115.417;8.64;8.64;8.64;8.64;8.64;8.64;8.64;8.64;13.959999999999999
1585;218.164;8.64;11.299999999999999;23.270000000000003;96.137;9.969999999999999;8.64;8.64;8.64;8.64;8.64;8.64;8.64;8.64;8.64;8.64;8.64;8.64;8.64;8.64;8.64;8.64;8.64;8.64;8.64;8.64;8.64;8.64;8.64;12.63
1586;1559.456;26.259999999999998;16.95;23.6;113.732;22.27;12.959999999999999;16.95;108.41;12.959999999999999;19.61;18.28;15.62;19.61;131.96399999999997;12.959999999999999;15.62;12.959999999999999;83.45;22.27;168.257;20.94;14.29;15.62;20.94;12.959999999999999;15.62;22.27;26.259999999999998;218.142
1587;1000.2540000000001;18.28;27.590000000000003;28.92;123.515;42.626000000000005;12.959999999999999;31.58;158.095;14.29;16.95;19.61;18.28;20.94;177.597;19.61;12.959999999999999;12.959999999999999;23.6;24.622;185.159;14.29;18.28;18.28;15.62;12.959999999999999;22.27;12.959999999999999;15.62;232.752
1588;83.12;28.59;8.64;8.64;8.64;8.64;8.64;8.64;8.64;8.64;8.64;8.64;8.64;8.64;8.64;8.64;8.64;8.64;8.64;8.64;8.64;8.64;8.64;8.64;8.64;8.64;8.64;8.64;8.64;15.29
1589;16.95;12.959999999999999;12.959999999999999;12.959999999999999;12.959999999999999;12.959999999999999;12.959999999999999;12.959999999999999;12.959999999999999;12.959999999999999;12.959999999999999;12.959999999999999;12.959999999999999;12.959999999999999;12.959999999999999;12.959999999999999;12.959999999999999;12.959999999999999;12.959999999999999;12.959999999999999;12.959999999999999;12.959999999999999;12.959999999999999;12.959999999999999;12.959999999999999;12.959999999999999;12.959999999999999;12.959999999999999;12.959999999999999;12.959999999999999
1590;1345.556;21.939999999999998;20.61;27.259999999999998;110.799;31.25;8.64;15.29;166.379;36.57;28.59;28.59;27.259999999999998;24.6;162.102;24.6;24.6;8.64;29.919999999999998;19.28;205.118;16.62;24.6;15.29;15.29;8.64;19.28;13.959999999999999;16.62;242.38800000000003
1591;364.34;29.25;47.87;53.19;169.02100000000002;40.912000000000006;17.28;30.58;184.04299999999998;38.56;34.57;29.25;31.91;29.25;22.599999999999998;22.599999999999998;17.28;17.28;21.27;22.838;19.939999999999998;17.28;17.28;17.28;17.28;17.28;17.28;17.28;17.28;21.27
1592;703.5100000000001;26.259999999999998;18.28;12.959999999999999;105.77200000000002;12.959999999999999;12.959999999999999;12.959999999999999;12.959999999999999;12.959999999999999;12.959999999999999;12.959999999999999;12.959999999999999;12.959999999999999;12.959999999999999;12.959999999999999;12.959999999999999;12.959999999999999;12.959999999999999;12.959999999999999;145.45499999999998;12.959999999999999;12.959999999999999;12.959999999999999;12.959999999999999;12.959999999999999;12.959999999999999;12.959999999999999;12.959999999999999;12.959999999999999
1593;163.19399999999996;20.94;28.92;15.62;12.959999999999999;12.959999999999999;12.959999999999999;12.959999999999999;12.959999999999999;12.959999999999999;12.959999999999999;12.959999999999999;12.959999999999999;12.959999999999999;12.959999999999999;12.959999999999999;12.959999999999999;12.959999999999999;12.959999999999999;12.959999999999999;12.959999999999999;12.959999999999999;12.959999999999999;12.959999999999999;12.959999999999999;12.959999999999999;12.959999999999999;12.959999999999999;12.959999999999999;12.959999999999999
1594;76.47;13.959999999999999;12.63;8.64;8.64;9.969999999999999;8.64;8.64;8.64;8.64;8.64;8.64;8.64;8.64;8.64;8.64;8.64;8.64;8.64;8.64;8.64;8.64;8.64;8.64;8.64;8.64;8.64;8.64;8.64;8.64
1595;2627.13;23.270000000000003;17.95;27.259999999999998;125.949;29.611999999999995;8.64;20.61;153.136;16.62;13.959999999999999;24.6;21.939999999999998;11.299999999999999;161.0;11.299999999999999;11.299999999999999;8.64;31.25;18.734;157.98399999999998;9.969999999999999;11.299999999999999;12.63;11.299999999999999;8.64;15.29;8.64;11.299999999999999;223.652
1596;12.63;8.64;8.64;8.64;8.64;8.64;8.64;8.64;8.64;8.64;8.64;8.64;8.64;8.64;8.64;8.64;8.64;8.64;8.64;8.64;8.64;8.64;8.64;8.64;8.64;8.64;8.64;8.64;8.64;8.64
1597;9.969999999999999;8.64;8.64;8.64;8.64;8.64;8.64;8.64;8.64;8.64;8.64;8.64;8.64;8.64;8.64;8.64;8.64;8.64;8.64;8.64;8.64;8.64;8.64;8.64;8.64;8.64;8.64;8.64;8.64;8.64
1598;639.48;20.61;24.6;13.959999999999999;140.829;9.969999999999999;8.64;12.63;146.392;17.95;12.63;16.62;12.63;15.29;161.857;13.959999999999999;15.29;8.64;21.939999999999998;9.969999999999999;199.216;11.299999999999999;9.969999999999999;9.969999999999999;9.969999999999999;8.64;9.969999999999999;9.969999999999999;11.299999999999999;15.29
1599;2470.52;43.55;35.57000000000001;32.91;141.855;42.626000000000005;12.959999999999999;39.56;194.05199999999996;44.879999999999995;92.648;46.21;36.9;36.9;206.577;40.89;30.25;12.959999999999999;79.46000000000001;44.571999999999996;231.11;27.590000000000003;28.92;33.931999999999995;41.604;12.959999999999999;31.58;27.590000000000003;36.592;294.048
1600;764.9340000000001;15.29;12.63;11.299999999999999;112.181;8.64;8.64;8.64;132.20800000000003;8.64;8.64;8.64;8.64;8.64;92.08600000000001;8.64;8.64;8.64;12.63;8.64;153.994;8.64;8.64;8.64;8.64;8.64;8.64;8.64;8.64;185.382
1601;9.969999999999999;8.64;8.64;8.64;8.64;8.64;8.64;8.64;8.64;8.64;8.64;8.64;8.64;8.64;8.64;8.64;8.64;8.64;8.64;8.64;8.64;8.64;8.64;8.64;8.64;8.64;8.64;8.64;8.64;8.64
1602;52.86;15.62;12.959999999999999;12.959999999999999;12.959999999999999;12.959999999999999;12.959999999999999;12.959999999999999;12.959999999999999;12.959999999999999;12.959999999999999;12.959999999999999;12.959999999999999;12.959999999999999;12.959999999999999;12.959999999999999;12.959999999999999;12.959999999999999;12.959999999999999;12.959999999999999;12.959999999999999;12.959999999999999;12.959999999999999;12.959999999999999;12.959999999999999;12.959999999999999;12.959999999999999;12.959999999999999;12.959999999999999;12.959999999999999
1603;1436.844;24.93;19.61;20.94;132.82;19.61;12.959999999999999;18.28;141.365;18.28;15.62;26.259999999999998;16.95;19.61;159.69299999999998;15.62;15.62;12.959999999999999;46.21;19.61;180.945;16.95;14.29;19.61;16.95;12.959999999999999;18.28;14.29;18.28;244.72200000000004
1604;23.93;17.28;17.28;17.28;17.28;17.28;17.28;17.28;17.28;17.28;17.28;17.28;17.28;17.28;17.28;17.28;17.28;17.28;17.28;17.28;17.28;17.28;17.28;17.28;17.28;17.28;17.28;17.28;17.28;17.28
1605;648.434;39.56;31.58;32.91;108.80099999999999;34.954;12.959999999999999;18.28;171.078;36.9;49.205999999999996;30.25;23.6;19.61;170.697;15.62;12.959999999999999;12.959999999999999;16.95;12.959999999999999;12.959999999999999;12.959999999999999;12.959999999999999;12.959999999999999;12.959999999999999;12.959999999999999;12.959999999999999;12.959999999999999;12.959999999999999;15.62
1606;709.586;22.27;19.61;14.29;111.13900000000001;15.62;12.959999999999999;14.29;128.979;15.62;16.95;23.6;20.94;14.29;147.36399999999998;15.62;15.62;12.959999999999999;26.259999999999998;12.959999999999999;155.82;14.29;20.94;14.29;14.29;12.959999999999999;20.94;15.62;16.95;203.522
1607;19.61;12.959999999999999;12.959999999999999;12.959999999999999;12.959999999999999;12.959999999999999;12.959999999999999;12.959999999999999;12.959999999999999;12.959999999999999;12.959999999999999;12.959999999999999;12.959999999999999;12.959999999999999;12.959999999999999;12.959999999999999;12.959999999999999;12.959999999999999;12.959999999999999;12.959999999999999;12.959999999999999;12.959999999999999;12.959999999999999;12.959999999999999;12.959999999999999;12.959999999999999;12.959999999999999;12.959999999999999;12.959999999999999;12.959999999999999
1608;1366.962;39.23;25.93;24.6;134.833;34.316;8.64;23.270000000000003;149.379;40.56;97.666;44.550000000000004;29.919999999999998;20.61;159.363;19.28;16.62;8.64;23.270000000000003;42.296;212.39299999999997;25.93;32.58;31.726;36.976;8.64;41.89;25.93;9.969999999999999;240.169
1609;371.634;27.919999999999998;22.599999999999998;30.58;106.107;27.612000000000002;17.28;19.939999999999998;142.98799999999997;23.93;18.61;22.599999999999998;21.27;21.27;165.234;19.939999999999998;17.28;17.28;17.28;17.28;17.28;17.28;17.28;17.28;17.28;17.28;17.28;17.28;17.28;17.28
1610;979.31;30.25;23.6;27.590000000000003;136.493;42.626000000000005;12.959999999999999;23.6;164.017;36.9;71.676;15.62;18.28;16.95;172.671;15.62;15.62;12.959999999999999;40.89;12.959999999999999;212.24900000000002;14.29;15.62;15.62;14.29;12.959999999999999;18.28;18.28;16.95;224.153
1611;304.92199999999997;31.25;15.29;16.62;103.572;20.302;8.64;8.64;15.29;11.299999999999999;8.64;8.64;8.64;8.64;8.64;8.64;8.64;8.64;8.64;8.64;8.64;8.64;8.64;8.64;8.64;8.64;8.64;8.64;8.64;12.63
1612;988.95;34.57;29.25;34.57;140.16899999999998;29.25;17.28;35.9;177.741;29.25;23.93;39.89;29.25;25.26;174.368;25.26;25.26;17.28;58.51;33.24;196.70600000000002;23.93;29.25;25.26;19.939999999999998;17.28;19.939999999999998;22.599999999999998;25.26;247.925
1613;53.644000000000005;15.62;15.62;12.959999999999999;12.959999999999999;12.959999999999999;12.959999999999999;12.959999999999999;12.959999999999999;12.959999999999999;12.959999999999999;12.959999999999999;12.959999999999999;12.959999999999999;12.959999999999999;12.959999999999999;12.959999999999999;12.959999999999999;12.959999999999999;12.959999999999999;12.959999999999999;12.959999999999999;12.959999999999999;12.959999999999999;12.959999999999999;12.959999999999999;12.959999999999999;12.959999999999999;12.959999999999999;12.959999999999999
1614;1563.208;36.9;31.58;30.25;142.49399999999997;47.400000000000006;12.959999999999999;31.58;173.733;40.89;77.47200000000001;27.590000000000003;39.56;36.9;194.61700000000002;24.93;18.28;12.959999999999999;55.519999999999996;41.058;229.302;23.6;26.259999999999998;28.92;45.286;12.959999999999999;24.93;19.61;36.592;273.313
1615;288.026;19.939999999999998;17.28;17.28;127.83500000000001;17.28;17.28;17.28;124.685;17.28;17.28;17.28;17.28;17.28;17.28;17.28;17.28;17.28;19.939999999999998;17.28;17.28;17.28;17.28;17.28;17.28;17.28;17.28;17.28;17.28;17.28
1616;1758.354;27.590000000000003;35.57000000000001;28.92;122.564;42.626000000000005;12.959999999999999;35.57000000000001;175.75900000000001;42.22;85.76000000000002;59.510000000000005;42.22;26.259999999999998;194.934;34.239999999999995;22.27;12.959999999999999;55.519999999999996;54.596000000000004;220.207;30.25;22.27;26.259999999999998;27.282;12.959999999999999;22.27;18.28;23.6;274.48199999999997
1617;296.16;35.9;41.22;38.56;120.41;46.4;17.28;27.919999999999998;117.624;17.28;17.28;17.28;17.28;17.28;17.28;17.28;17.28;17.28;21.27;17.28;17.28;17.28;17.28;17.28;17.28;17.28;17.28;17.28;17.28;18.61
1618;1919.082;29.25;33.24;46.540000000000006;120.13499999999999;48.275999999999996;17.28;35.9;174.068;29.25;49.844;26.589999999999996;41.22;38.56;190.01099999999997;17.28;17.28;17.28;37.230000000000004;52.266;208.188;25.26;21.27;38.56;46.946;17.28;17.28;17.28;22.599999999999998;252.789
1619;2044.7739999999997;33.24;49.2;47.87;133.804;43.572;17.28;37.230000000000004;177.689;57.18;47.800000000000004;43.879999999999995;41.22;38.56;183.366;26.589999999999996;25.26;17.28;63.83;56.256;231.316;38.56;33.24;37.230000000000004;54.142;17.28;21.27;29.25;30.58;258.161
1620;296.06;33.91;32.58;19.28;129.508;11.299999999999999;8.64;8.64;130.712;8.64;8.64;8.64;8.64;8.64;111.959;8.64;8.64;8.64;8.64;8.64;8.64;8.64;8.64;8.64;8.64;8.64;8.64;8.64;8.64;9.969999999999999
1621;2820.206;89.10000000000001;55.849999999999994;50.53;145.541;62.906000000000006;17.28;51.86;204.86599999999999;86.44;113.712;71.81;53.19;46.540000000000006;201.59199999999998;67.82;45.209999999999994;17.28;91.76;63.214;236.72500000000002;35.9;47.87;34.808;41.15;17.28;42.55;38.56;38.798;288.845
1622;373.59399999999994;26.589999999999996;37.230000000000004;34.57;124.55600000000001;39.274;17.28;22.599999999999998;152.50099999999998;19.939999999999998;17.28;30.58;18.61;18.61;167.79500000000002;17.28;17.28;17.28;21.27;17.28;17.28;17.28;17.28;17.28;17.28;17.28;17.28;17.28;17.28;17.28
1623;32.58;11.299999999999999;8.64;8.64;8.64;8.64;8.64;8.64;8.64;8.64;8.64;8.64;8.64;8.64;8.64;8.64;8.64;8.64;8.64;8.64;8.64;8.64;8.64;8.64;8.64;8.64;8.64;8.64;8.64;8.64
1624;1937.792;51.53;31.58;27.590000000000003;104.4;31.509999999999998;12.959999999999999;28.92;174.969;38.230000000000004;20.94;32.91;32.91;26.259999999999998;171.34099999999998;24.93;18.28;12.959999999999999;46.21;38.944;184.312;23.6;15.62;31.58;37.068;12.959999999999999;22.27;24.93;18.28;246.94100000000003
1625;1147.0939999999998;47.87;39.89;30.58;157.506;58.916000000000004;17.28;30.58;180.03699999999998;55.849999999999994;29.25;39.89;35.9;33.24;161.685;26.589999999999996;34.57;17.28;49.2;19.939999999999998;193.719;18.61;21.27;25.26;22.599999999999998;17.28;26.589999999999996;29.25;31.91;55.849999999999994
1626;1484.0380000000002;23.6;27.590000000000003;26.259999999999998;95.09;19.61;12.959999999999999;26.259999999999998;125.63799999999999;22.27;26.259999999999998;31.58;19.61;18.28;140.142;22.27;20.94;12.959999999999999;48.870000000000005;20.94;123.88799999999998;18.28;20.94;18.28;18.28;12.959999999999999;23.6;16.95;19.61;238.87700000000004
1627;913.0260000000001;11.299999999999999;23.270000000000003;21.939999999999998;110.90800000000002;31.656;8.64;12.63;102.65599999999999;12.63;9.969999999999999;9.969999999999999;19.28;19.28;17.95;11.299999999999999;9.969999999999999;8.64;37.900000000000006;9.969999999999999;137.207;8.64;8.64;8.64;8.64;8.64;8.64;8.64;8.64;203.764
1628;810.582;27.590000000000003;15.62;18.28;129.843;15.62;12.959999999999999;15.62;137.37;12.959999999999999;12.959999999999999;16.95;15.62;14.29;165.377;12.959999999999999;12.959999999999999;12.959999999999999;31.58;12.959999999999999;180.525;12.959999999999999;12.959999999999999;14.29;14.29;12.959999999999999;15.62;15.62;18.28;170.51999999999998
1629;274.54200000000003;24.6;15.29;23.270000000000003;106.18;20.302;8.64;8.64;8.64;8.64;8.64;8.64;8.64;8.64;8.64;8.64;8.64;8.64;8.64;8.64;8.64;8.64;8.64;8.64;8.64;8.64;8.64;8.64;8.64;9.969999999999999
1630;1220.0819999999999;51.53;23.6;22.27;126.175;22.27;12.959999999999999;19.61;125.31599999999999;18.28;23.6;18.28;19.61;15.62;179.254;15.62;18.28;12.959999999999999;23.6;22.27;183.87599999999998;14.29;15.62;18.28;14.29;12.959999999999999;20.94;15.62;14.29;240.13
1631;155.55599999999998;15.29;19.28;9.969999999999999;8.64;8.64;8.64;8.64;8.64;8.64;8.64;8.64;8.64;8.64;8.64;8.64;8.64;8.64;8.64;8.64;8.64;8.64;8.64;8.64;8.64;8.64;8.64;8.64;8.64;8.64
1632;598.944;23.6;20.94;24.93;94.451;23.6;12.959999999999999;14.29;88.173;14.29;15.62;15.62;12.959999999999999;18.28;124.05600000000001;14.29;12.959999999999999;12.959999999999999;15.62;12.959999999999999;12.959999999999999;12.959999999999999;12.959999999999999;12.959999999999999;12.959999999999999;12.959999999999999;12.959999999999999;12.959999999999999;12.959999999999999;16.95
1633;1697.3500000000001;43.879999999999995;47.87;34.57;141.581;50.93600000000001;17.28;25.26;145.63799999999998;35.9;34.57;49.2;33.24;31.91;135.281;35.9;27.919999999999998;17.28;77.13;23.93;186.247;21.27;27.919999999999998;25.26;25.26;17.28;29.25;25.26;22.599999999999998;238.838
1634;782.91;19.28;19.28;11.299999999999999;119.839;12.63;8.64;19.28;126.78899999999997;17.95;8.64;12.63;12.63;11.299999999999999;144.213;21.939999999999998;11.299999999999999;8.64;20.61;9.969999999999999;182.52299999999997;9.969999999999999;11.299999999999999;11.299999999999999;9.969999999999999;8.64;11.299999999999999;9.969999999999999;9.969999999999999;186.4
1635;1129.634;24.6;17.95;23.270000000000003;133.867;22.962;8.64;19.28;165.059;27.259999999999998;20.064;21.939999999999998;20.61;16.62;187.26299999999998;21.939999999999998;16.62;8.64;27.259999999999998;27.973999999999997;207.24300000000002;11.299999999999999;13.959999999999999;15.29;12.63;8.64;16.62;21.939999999999998;19.28;254.197
1636;867.556;31.91;35.9;30.58;142.876;32.932;17.28;25.26;158.393;25.26;41.626000000000005;30.58;23.93;27.919999999999998;185.174;34.57;21.27;17.28;38.56;26.589999999999996;206.89999999999998;18.61;22.599999999999998;26.589999999999996;22.599999999999998;17.28;26.589999999999996;27.919999999999998;22.599999999999998;257.086
1637;2143.08;17.95;19.28;23.270000000000003;116.86200000000001;33.294;8.64;25.93;163.734;37.900000000000006;67.832;33.91;32.58;25.93;176.378;13.959999999999999;11.299999999999999;8.64;93.75999999999999;47.854;201.577;19.28;23.270000000000003;29.611999999999995;38.306;8.64;21.939999999999998;20.61;26.951999999999998;262.856
1638;919.81;23.6;28.92;36.9;105.88099999999999;30.25;12.959999999999999;35.57000000000001;111.979;19.61;15.62;15.62;22.27;16.95;130.62900000000002;22.27;20.94;12.959999999999999;44.879999999999995;23.6;188.874;16.95;19.61;24.93;19.61;12.959999999999999;18.28;14.29;18.28;242.223
1639;233.796;20.94;28.92;16.95;118.79199999999999;21.962;12.959999999999999;14.29;12.959999999999999;12.959999999999999;12.959999999999999;12.959999999999999;12.959999999999999;12.959999999999999;12.959999999999999;12.959999999999999;12.959999999999999;12.959999999999999;12.959999999999999;12.959999999999999;12.959999999999999;12.959999999999999;12.959999999999999;12.959999999999999;12.959999999999999;12.959999999999999;12.959999999999999;12.959999999999999;12.959999999999999;15.62
1640;1435.5639999999999;25.26;27.919999999999998;29.25;140.17399999999998;32.386;17.28;23.93;161.085;19.939999999999998;18.61;22.599999999999998;25.26;19.939999999999998;164.33499999999998;21.27;18.61;17.28;30.58;21.27;204.302;18.61;18.61;22.599999999999998;19.939999999999998;17.28;21.27;18.61;18.61;235.628
1641;3244.5240000000003;23.6;19.61;38.230000000000004;146.58299999999997;43.718;12.959999999999999;36.9;161.124;31.58;49.583999999999996;18.28;32.91;31.58;191.957;24.93;19.61;12.959999999999999;66.16;49.892;242.59699999999998;27.590000000000003;19.61;38.230000000000004;36.9;12.959999999999999;27.590000000000003;18.28;26.259999999999998;291.014
1642;1460.2859999999998;19.28;15.29;31.25;125.845;36.976;8.64;21.939999999999998;146.147;17.95;30.326;28.59;19.28;16.62;172.113;15.29;8.64;8.64;47.209999999999994;32.748;195.509;15.29;11.299999999999999;9.969999999999999;8.64;8.64;8.64;8.64;8.64;12.63
1643;303.172;45.88;20.61;19.28;8.64;8.64;8.64;8.64;8.64;8.64;8.64;8.64;8.64;8.64;8.64;8.64;8.64;8.64;8.64;8.64;8.64;8.64;8.64;8.64;8.64;8.64;8.64;8.64;8.64;9.969999999999999
1644;91.214;26.589999999999996;19.939999999999998;17.28;125.767;17.28;17.28;17.28;17.28;17.28;17.28;17.28;17.28;17.28;17.28;17.28;17.28;17.28;17.28;17.28;17.28;17.28;17.28;17.28;17.28;17.28;17.28;17.28;17.28;18.61
1645;919.874;34.57;41.22;19.939999999999998;144.892;18.61;17.28;22.599999999999998;130.728;25.26;19.939999999999998;38.56;22.599999999999998;22.599999999999998;172.50799999999998;19.939999999999998;17.28;17.28;41.22;18.61;164.972;17.28;17.28;18.61;17.28;17.28;25.26;17.28;22.599999999999998;219.79199999999997
1646;1136.5939999999998;33.24;30.58;34.57;142.054;27.919999999999998;17.28;23.93;144.63;23.93;25.26;26.589999999999996;25.26;22.599999999999998;158.817;22.599999999999998;22.599999999999998;17.28;45.209999999999994;33.716;181.93;19.939999999999998;23.93;19.939999999999998;22.599999999999998;17.28;23.93;21.27;19.939999999999998;238.31300000000002
1647;28.59;8.64;11.299999999999999;9.969999999999999;8.64;8.64;8.64;8.64;8.64;8.64;8.64;8.64;8.64;8.64;8.64;8.64;8.64;8.64;8.64;8.64;8.64;8.64;8.64;8.64;8.64;8.64;8.64;8.64;8.64;8.64
1648;855.942;30.25;28.92;19.61;136.166;16.95;12.959999999999999;14.29;148.052;20.94;14.29;27.590000000000003;18.28;15.62;185.369;12.959999999999999;12.959999999999999;12.959999999999999;47.54;16.95;209.22500000000002;16.95;16.95;18.28;16.95;12.959999999999999;14.29;14.29;14.29;191.46299999999997
1649;14.29;12.959999999999999;12.959999999999999;12.959999999999999;12.959999999999999;12.959999999999999;12.959999999999999;12.959999999999999;12.959999999999999;12.959999999999999;12.959999999999999;12.959999999999999;12.959999999999999;12.959999999999999;12.959999999999999;12.959999999999999;12.959999999999999;12.959999999999999;12.959999999999999;12.959999999999999;12.959999999999999;12.959999999999999;12.959999999999999;12.959999999999999;12.959999999999999;12.959999999999999;12.959999999999999;12.959999999999999;12.959999999999999;12.959999999999999
1650;936.6939999999998;23.6;18.28;22.27;132.18099999999998;28.612;12.959999999999999;22.27;161.929;26.259999999999998;43.647999999999996;18.28;30.25;27.590000000000003;178.293;12.959999999999999;12.959999999999999;12.959999999999999;36.9;37.068;220.06;26.259999999999998;18.28;25.952;25.168;12.959999999999999;19.61;16.95;28.92;237.36599999999999
1651;372.83;24.93;19.61;32.91;117.613;38.874;12.959999999999999;23.6;150.073;15.62;15.62;15.62;14.29;12.959999999999999;163.56900000000002;12.959999999999999;12.959999999999999;12.959999999999999;15.62;12.959999999999999;12.959999999999999;12.959999999999999;12.959999999999999;12.959999999999999;12.959999999999999;12.959999999999999;12.959999999999999;12.959999999999999;12.959999999999999;16.95
1652;3195.51;50.2;40.89;14.29;137.543;14.29;12.959999999999999;15.62;176.388;27.590000000000003;26.259999999999998;28.92;15.62;15.62;186.68900000000002;15.62;12.959999999999999;12.959999999999999;50.2;18.28;217.247;18.28;24.93;18.28;16.95;12.959999999999999;15.62;15.62;15.62;267.661
1653;9.969999999999999;8.64;8.64;8.64;8.64;8.64;8.64;8.64;8.64;8.64;8.64;8.64;8.64;8.64;8.64;8.64;8.64;8.64;8.64;8.64;8.64;8.64;8.64;8.64;8.64;8.64;8.64;8.64;8.64;8.64
1654;2562.094;34.239999999999995;42.22;27.590000000000003;129.801;35.738;12.959999999999999;23.6;159.061;27.590000000000003;20.94;34.239999999999995;20.94;16.95;180.906;23.6;18.28;12.959999999999999;43.55;16.95;187.539;12.959999999999999;12.959999999999999;20.94;16.95;12.959999999999999;19.61;19.61;20.94;26.259999999999998
1655;829.432;12.63;8.64;16.62;129.877;13.959999999999999;8.64;11.299999999999999;141.315;15.29;13.959999999999999;11.299999999999999;13.959999999999999;17.95;138.368;12.63;12.63;8.64;43.22;25.622;187.356;16.62;16.62;15.29;12.63;8.64;12.63;13.959999999999999;11.299999999999999;216.89799999999997
1656;630.4159999999999;22.27;16.95;12.959999999999999;126.492;12.959999999999999;12.959999999999999;14.29;145.714;15.62;12.959999999999999;12.959999999999999;12.959999999999999;15.62;147.842;12.959999999999999;12.959999999999999;12.959999999999999;14.29;15.62;176.01;14.29;15.62;15.62;12.959999999999999;12.959999999999999;12.959999999999999;12.959999999999999;14.29;12.959999999999999
1657;79.914;19.28;8.64;8.64;23.976;8.64;8.64;8.64;8.64;8.64;8.64;8.64;8.64;8.64;8.64;8.64;8.64;8.64;8.64;8.64;8.64;8.64;8.64;8.64;8.64;8.64;8.64;8.64;8.64;8.64
1658;294.24;15.29;13.959999999999999;16.62;113.511;9.969999999999999;8.64;9.969999999999999;107.332;8.64;8.64;8.64;8.64;8.64;8.64;8.64;8.64;8.64;12.63;8.64;8.64;8.64;8.64;8.64;8.64;8.64;8.64;8.64;8.64;9.969999999999999
1659;84.23400000000001;14.29;15.62;12.959999999999999;125.43199999999999;12.959999999999999;12.959999999999999;12.959999999999999;12.959999999999999;12.959999999999999;12.959999999999999;12.959999999999999;12.959999999999999;12.959999999999999;12.959999999999999;12.959999999999999;15.62;12.959999999999999;12.959999999999999;12.959999999999999;12.959999999999999;12.959999999999999;12.959999999999999;12.959999999999999;12.959999999999999;12.959999999999999;12.959999999999999;12.959999999999999;12.959999999999999;14.29
1660;2235.958;41.22;30.58;51.86;134.807;50.93600000000001;17.28;33.24;168.981;62.5;86.328;41.22;39.89;39.89;201.70600000000002;42.55;29.25;17.28;65.16;68.842;229.71800000000002;41.22;43.879999999999995;33.24;38.013999999999996;17.28;49.2;61.17;75.114;287.218
1661;1142.9199999999998;12.63;25.93;33.91;114.794;16.62;8.64;21.939999999999998;158.04500000000002;27.259999999999998;16.62;16.62;24.6;17.95;185.886;20.61;11.299999999999999;8.64;23.270000000000003;12.63;190.513;11.299999999999999;11.299999999999999;11.299999999999999;9.969999999999999;8.64;13.959999999999999;12.63;9.969999999999999;151.85000000000002
1662;860.386;36.57;33.91;29.919999999999998;112.78299999999999;40.965999999999994;8.64;20.61;116.04499999999999;8.64;8.64;8.64;8.64;8.64;8.64;8.64;8.64;8.64;15.29;8.64;8.64;8.64;8.64;8.64;8.64;8.64;8.64;8.64;8.64;12.63
1663;19.61;20.94;12.959999999999999;12.959999999999999;12.959999999999999;12.959999999999999;12.959999999999999;12.959999999999999;12.959999999999999;12.959999999999999;12.959999999999999;12.959999999999999;12.959999999999999;12.959999999999999;12.959999999999999;12.959999999999999;12.959999999999999;12.959999999999999;12.959999999999999;12.959999999999999;12.959999999999999;12.959999999999999;12.959999999999999;12.959999999999999;12.959999999999999;12.959999999999999;12.959999999999999;12.959999999999999;12.959999999999999;12.959999999999999
1664;1721.8419999999999;24.93;38.230000000000004;31.58;141.263;35.262;12.959999999999999;30.25;165.347;48.870000000000005;23.6;30.25;30.25;35.57000000000001;165.538;26.259999999999998;19.61;12.959999999999999;55.519999999999996;19.61;195.041;15.62;15.62;20.94;16.95;12.959999999999999;19.61;15.62;20.94;260.813
1665;1381.348;28.92;35.57000000000001;30.25;137.132;47.946;12.959999999999999;32.91;161.996;62.169999999999995;89.68;58.18000000000001;35.57000000000001;28.92;189.19799999999998;42.22;28.92;12.959999999999999;51.53;43.956;234.09199999999998;28.92;31.58;43.480000000000004;41.296;12.959999999999999;23.6;27.590000000000003;54.596000000000004;281.56300000000005
1666;1224.0240000000001;34.57;35.9;22.599999999999998;142.465;40.058;17.28;33.24;167.12099999999998;31.91;38.56;19.939999999999998;33.24;27.919999999999998;163.696;30.58;29.25;17.28;39.89;33.716;207.719;23.93;25.26;26.589999999999996;33.716;17.28;23.93;23.93;25.26;235.789
1667;30.25;14.29;12.959999999999999;12.959999999999999;12.959999999999999;12.959999999999999;12.959999999999999;12.959999999999999;12.959999999999999;12.959999999999999;12.959999999999999;12.959999999999999;12.959999999999999;12.959999999999999;12.959999999999999;12.959999999999999;12.959999999999999;12.959999999999999;12.959999999999999;12.959999999999999;12.959999999999999;12.959999999999999;12.959999999999999;12.959999999999999;12.959999999999999;12.959999999999999;12.959999999999999;12.959999999999999;12.959999999999999;12.959999999999999
1668;9.969999999999999;8.64;8.64;8.64;8.64;8.64;8.64;8.64;8.64;8.64;8.64;8.64;8.64;8.64;8.64;8.64;8.64;8.64;8.64;8.64;8.64;8.64;8.64;8.64;8.64;8.64;8.64;8.64;8.64;8.64
1669;162.354;19.61;12.959999999999999;12.959999999999999;107.99099999999999;12.959999999999999;12.959999999999999;12.959999999999999;12.959999999999999;12.959999999999999;12.959999999999999;12.959999999999999;12.959999999999999;12.959999999999999;12.959999999999999;12.959999999999999;12.959999999999999;12.959999999999999;15.62;12.959999999999999;12.959999999999999;12.959999999999999;12.959999999999999;12.959999999999999;12.959999999999999;12.959999999999999;12.959999999999999;12.959999999999999;12.959999999999999;12.959999999999999
1670;1846.8400000000004;23.270000000000003;25.93;29.919999999999998;111.703;42.604;8.64;35.239999999999995;172.504;40.56;87.236;36.57;37.900000000000006;39.23;198.906;55.19;35.239999999999995;8.64;68.49000000000001;31.25;202.90400000000002;19.28;17.95;23.270000000000003;17.95;8.64;24.6;11.299999999999999;13.959999999999999;247.64100000000002
1671;1255.138;26.259999999999998;18.28;20.94;134.722;25.406;12.959999999999999;18.28;153.897;27.590000000000003;28.849999999999998;22.27;23.6;20.94;177.919;18.28;12.959999999999999;12.959999999999999;51.53;27.044;209.277;16.95;20.94;19.61;37.544;12.959999999999999;22.27;16.95;27.828;247.228
1672;1461.394;26.589999999999996;27.919999999999998;26.589999999999996;144.845;25.26;17.28;29.25;174.702;38.56;29.25;41.22;30.58;27.919999999999998;195.051;22.599999999999998;19.939999999999998;17.28;55.849999999999994;53.834;221.53900000000002;23.93;19.939999999999998;22.599999999999998;21.27;17.28;21.27;19.939999999999998;21.27;272.1
1673;87.11;15.29;21.939999999999998;8.64;94.80699999999999;8.64;8.64;8.64;9.969999999999999;8.64;8.64;8.64;8.64;8.64;8.64;8.64;8.64;8.64;8.64;8.64;8.64;8.64;8.64;8.64;8.64;8.64;8.64;8.64;8.64;8.64
1674;1908.37;19.28;23.270000000000003;39.23;131.85099999999997;40.965999999999994;8.64;28.59;153.416;25.93;11.299999999999999;11.299999999999999;21.939999999999998;15.29;148.005;11.299999999999999;11.299999999999999;8.64;35.239999999999995;16.62;196.29100000000003;8.64;8.64;13.959999999999999;9.969999999999999;8.64;19.28;8.64;16.62;188.379
1675;998.0480000000001;20.61;28.59;24.6;127.071;40.965999999999994;8.64;28.59;116.642;9.969999999999999;9.969999999999999;12.63;19.28;16.62;133.96699999999998;12.63;9.969999999999999;8.64;32.58;40.182;187.29600000000002;17.95;16.62;15.29;9.969999999999999;8.64;11.299999999999999;9.969999999999999;9.969999999999999;231.82500000000002
1676;1287.1280000000002;42.22;54.19;32.91;134.524;45.286;12.959999999999999;43.55;202.951;68.82;82.862;40.89;47.54;30.25;187.98700000000002;36.9;26.259999999999998;12.959999999999999;47.54;45.286;234.04500000000002;42.22;42.22;39.251999999999995;46.616;12.959999999999999;27.590000000000003;22.27;14.29;286.88800000000003
1677;86.11;20.94;12.959999999999999;12.959999999999999;12.959999999999999;12.959999999999999;12.959999999999999;12.959999999999999;12.959999999999999;12.959999999999999;12.959999999999999;12.959999999999999;12.959999999999999;12.959999999999999;12.959999999999999;12.959999999999999;12.959999999999999;12.959999999999999;12.959999999999999;12.959999999999999;12.959999999999999;12.959999999999999;12.959999999999999;12.959999999999999;12.959999999999999;12.959999999999999;12.959999999999999;12.959999999999999;12.959999999999999;14.29
1678;14.29;12.959999999999999;12.959999999999999;12.959999999999999;12.959999999999999;12.959999999999999;12.959999999999999;12.959999999999999;12.959999999999999;12.959999999999999;12.959999999999999;12.959999999999999;12.959999999999999;12.959999999999999;12.959999999999999;12.959999999999999;12.959999999999999;12.959999999999999;12.959999999999999;12.959999999999999;12.959999999999999;12.959999999999999;12.959999999999999;12.959999999999999;12.959999999999999;12.959999999999999;12.959999999999999;12.959999999999999;12.959999999999999;12.959999999999999
1679;1422.948;33.91;15.29;17.95;128.183;25.622;8.64;16.62;164.779;20.61;9.969999999999999;24.6;13.959999999999999;12.63;184.281;8.64;13.959999999999999;8.64;61.839999999999996;9.969999999999999;175.727;8.64;8.64;8.64;8.64;8.64;11.299999999999999;8.64;12.63;246.53900000000002
1680;9.969999999999999;8.64;8.64;8.64;8.64;8.64;8.64;8.64;8.64;8.64;8.64;8.64;8.64;8.64;8.64;8.64;8.64;8.64;8.64;8.64;8.64;8.64;8.64;8.64;8.64;8.64;8.64;8.64;8.64;8.64
1681;1079.696;20.61;16.62;13.959999999999999;116.17099999999999;9.969999999999999;8.64;15.29;149.753;8.64;11.299999999999999;11.299999999999999;16.62;16.62;166.704;11.299999999999999;11.299999999999999;8.64;31.25;18.972;200.437;9.969999999999999;12.63;11.299999999999999;9.969999999999999;8.64;9.969999999999999;8.64;13.959999999999999;206.47100000000003
1682;4670.158;40.89;48.870000000000005;34.239999999999995;160.839;54.050000000000004;12.959999999999999;59.510000000000005;204.717;43.55;30.25;47.54;36.9;34.239999999999995;190.32500000000002;34.239999999999995;35.57000000000001;12.959999999999999;52.86;27.590000000000003;246.976;31.58;27.590000000000003;27.590000000000003;18.28;12.959999999999999;26.259999999999998;24.93;20.94;284.104
1683;90.442;9.969999999999999;8.64;8.64;112.384;8.64;8.64;8.64;8.64;8.64;8.64;8.64;8.64;8.64;8.64;8.64;8.64;8.64;8.64;8.64;8.64;8.64;8.64;8.64;8.64;8.64;8.64;8.64;8.64;8.64
1684;694.816;26.259999999999998;24.93;20.94;109.809;24.93;12.959999999999999;20.94;145.397;12.959999999999999;12.959999999999999;12.959999999999999;14.29;14.29;149.702;12.959999999999999;12.959999999999999;12.959999999999999;26.259999999999998;14.29;167.349;14.29;12.959999999999999;14.29;15.62;12.959999999999999;12.959999999999999;12.959999999999999;15.62;18.28
1685;1228.2359999999999;37.900000000000006;27.259999999999998;20.61;115.41299999999998;29.304;8.64;19.28;135.767;28.59;29.919999999999998;17.95;19.28;16.62;155.477;21.939999999999998;16.62;8.64;25.93;11.299999999999999;172.85899999999998;9.969999999999999;8.64;15.29;9.969999999999999;8.64;11.299999999999999;8.64;15.29;15.29
1686;105.514;30.25;12.959999999999999;12.959999999999999;12.959999999999999;12.959999999999999;12.959999999999999;12.959999999999999;12.959999999999999;12.959999999999999;12.959999999999999;12.959999999999999;12.959999999999999;12.959999999999999;12.959999999999999;12.959999999999999;12.959999999999999;12.959999999999999;12.959999999999999;12.959999999999999;12.959999999999999;12.959999999999999;12.959999999999999;12.959999999999999;12.959999999999999;12.959999999999999;12.959999999999999;12.959999999999999;12.959999999999999;14.29
1687;1805.478;30.25;30.25;31.58;129.895;47.946;12.959999999999999;35.57000000000001;178.434;42.22;34.239999999999995;46.21;31.58;30.25;172.183;28.92;34.239999999999995;12.959999999999999;36.9;47.708;216.05499999999998;30.25;23.6;34.239999999999995;28.92;12.959999999999999;38.230000000000004;40.89;35.262;286.452
1688;785.6419999999999;29.25;27.919999999999998;29.25;135.171;31.364000000000004;17.28;25.26;165.761;19.939999999999998;17.28;22.599999999999998;21.27;22.599999999999998;190.89999999999998;22.599999999999998;18.61;17.28;30.58;21.27;216.891;19.939999999999998;18.61;22.599999999999998;19.939999999999998;17.28;21.27;17.28;19.939999999999998;265.12800000000004
1689;1445.242;17.619999999999997;18.950000000000003;21.61;115.89299999999997;23.962;4.32;21.61;170.37099999999998;44.22;63.512;33.58;22.94;21.61;159.615;22.94;13.629999999999999;4.32;33.58;33.986;223.784;12.3;9.64;17.858;20.994;4.32;20.28;10.969999999999999;26.860000000000003;253.23299999999998
1690;9.969999999999999;8.64;8.64;8.64;8.64;8.64;8.64;8.64;8.64;8.64;8.64;8.64;8.64;8.64;8.64;8.64;8.64;8.64;8.64;8.64;8.64;8.64;8.64;8.64;8.64;8.64;8.64;8.64;8.64;8.64
1691;9.969999999999999;8.64;8.64;8.64;8.64;8.64;8.64;8.64;8.64;8.64;8.64;8.64;8.64;8.64;8.64;8.64;8.64;8.64;8.64;8.64;8.64;8.64;8.64;8.64;8.64;8.64;8.64;8.64;8.64;8.64
1692;225.318;16.62;16.62;12.63;131.25900000000001;9.969999999999999;8.64;9.969999999999999;109.031;8.64;8.64;8.64;8.64;8.64;8.64;8.64;8.64;8.64;8.64;8.64;8.64;8.64;8.64;8.64;8.64;8.64;8.64;8.64;8.64;9.969999999999999
1693;9.969999999999999;8.64;8.64;8.64;8.64;8.64;8.64;8.64;8.64;8.64;8.64;8.64;8.64;8.64;8.64;8.64;8.64;8.64;8.64;8.64;8.64;8.64;8.64;8.64;8.64;8.64;8.64;8.64;8.64;8.64
1694;603.5;17.95;12.63;27.259999999999998;132.49;13.959999999999999;8.64;9.969999999999999;133.05;8.64;8.64;8.64;8.64;8.64;8.64;8.64;8.64;8.64;8.64;8.64;8.64;8.64;8.64;8.64;8.64;8.64;8.64;8.64;8.64;11.299999999999999
1695;1108.312;27.259999999999998;17.95;28.59;132.49;33.364;8.64;16.62;145.062;12.63;11.299999999999999;11.299999999999999;15.29;17.95;185.242;8.64;8.64;8.64;44.550000000000004;11.299999999999999;191.88500000000002;9.969999999999999;8.64;11.299999999999999;12.63;8.64;9.969999999999999;8.64;8.64;223.803
1696;146.65200000000002;16.62;8.64;8.64;77.381;8.64;8.64;8.64;90.966;8.64;8.64;8.64;8.64;8.64;8.64;8.64;8.64;8.64;8.64;8.64;8.64;8.64;8.64;8.64;8.64;8.64;8.64;8.64;8.64;8.64
1697;160.03;26.259999999999998;27.590000000000003;40.89;19.61;12.959999999999999;12.959999999999999;12.959999999999999;12.959999999999999;12.959999999999999;12.959999999999999;12.959999999999999;12.959999999999999;12.959999999999999;12.959999999999999;12.959999999999999;12.959999999999999;12.959999999999999;15.62;12.959999999999999;12.959999999999999;12.959999999999999;12.959999999999999;12.959999999999999;12.959999999999999;12.959999999999999;12.959999999999999;12.959999999999999;12.959999999999999;12.959999999999999
1698;1110.98;31.58;43.55;27.590000000000003;140.52499999999998;39.965999999999994;12.959999999999999;28.92;174.377;52.86;79.418;30.25;30.25;26.259999999999998;193.921;35.57000000000001;20.94;12.959999999999999;34.239999999999995;42.626000000000005;228.86;19.61;28.92;28.612;33.623999999999995;12.959999999999999;28.92;24.93;23.6;267.183
1699;346.04;28.59;17.95;29.919999999999998;110.16499999999999;34.316;8.64;11.299999999999999;8.64;8.64;8.64;8.64;8.64;8.64;8.64;8.64;8.64;8.64;8.64;8.64;8.64;8.64;8.64;8.64;8.64;8.64;8.64;8.64;8.64;9.969999999999999
1700;999.736;40.89;23.6;20.94;135.89600000000002;21.962;12.959999999999999;12.959999999999999;138.757;15.62;16.95;15.62;15.62;19.61;163.252;18.28;12.959999999999999;12.959999999999999;19.61;12.959999999999999;187.96;12.959999999999999;12.959999999999999;12.959999999999999;12.959999999999999;12.959999999999999;15.62;12.959999999999999;15.62;22.27
1701;1004.048;18.28;19.61;27.590000000000003;124.798;39.965999999999994;12.959999999999999;39.56;189.96800000000002;59.510000000000005;96.4;36.9;20.94;19.61;178.55800000000002;19.61;18.28;12.959999999999999;43.55;15.62;205.39600000000002;15.62;19.61;19.61;14.29;12.959999999999999;15.62;16.95;16.95;249.96500000000003
1702;633.258;15.62;18.28;16.95;121.447;16.95;12.959999999999999;12.959999999999999;123.025;18.28;15.62;14.29;14.29;15.62;161.028;12.959999999999999;12.959999999999999;12.959999999999999;31.58;12.959999999999999;188.827;18.28;14.29;14.29;14.29;12.959999999999999;12.959999999999999;12.959999999999999;16.95;196.233
1703;25.93;8.64;8.64;8.64;8.64;8.64;8.64;8.64;8.64;8.64;8.64;8.64;8.64;8.64;8.64;8.64;8.64;8.64;8.64;8.64;8.64;8.64;8.64;8.64;8.64;8.64;8.64;8.64;8.64;11.299999999999999
1704;161.548;19.28;8.64;8.64;8.64;8.64;8.64;8.64;8.64;8.64;8.64;8.64;8.64;8.64;8.64;8.64;8.64;8.64;8.64;8.64;8.64;8.64;8.64;8.64;8.64;8.64;8.64;8.64;8.64;13.959999999999999
1705;1115.0120000000002;15.62;14.29;14.29;131.85899999999998;14.29;12.959999999999999;14.29;140.721;15.62;18.28;19.61;22.27;18.28;160.384;19.61;18.28;12.959999999999999;24.93;19.61;197.89000000000001;18.28;22.27;16.95;16.95;12.959999999999999;16.95;15.62;15.62;241.626
1706;2293.7839999999997;20.94;31.58;24.93;149.191;31.986;12.959999999999999;30.25;186.02499999999998;47.54;79.418;40.89;32.91;32.91;188.284;23.6;14.29;12.959999999999999;79.46000000000001;52.17400000000001;221.422;27.590000000000003;27.590000000000003;32.602000000000004;30.25;12.959999999999999;30.25;26.259999999999998;23.6;269.526
1707;943.0360000000001;26.259999999999998;22.27;26.259999999999998;128.144;15.62;12.959999999999999;15.62;146.083;14.29;15.62;15.62;19.61;20.94;168.359;14.29;15.62;12.959999999999999;23.6;16.95;199.712;15.62;12.959999999999999;19.61;18.28;12.959999999999999;14.29;15.62;16.95;250.13100000000003
1708;1651.24;34.239999999999995;39.56;34.239999999999995;120.12699999999998;43.410000000000004;12.959999999999999;22.27;169.654;48.870000000000005;71.438;44.879999999999995;30.25;31.58;173.726;39.56;20.94;12.959999999999999;48.870000000000005;36.046;210.989;24.93;31.58;26.259999999999998;16.95;12.959999999999999;26.259999999999998;27.590000000000003;33.931999999999995;279.708
1709;1626.2219999999998;32.91;27.590000000000003;50.2;117.51400000000001;24.93;12.959999999999999;15.62;157.555;16.95;15.62;15.62;15.62;18.28;163.94299999999998;15.62;12.959999999999999;12.959999999999999;48.870000000000005;14.29;201.25000000000003;12.959999999999999;15.62;12.959999999999999;18.28;12.959999999999999;12.959999999999999;12.959999999999999;18.28;245.133
1710;1298.958;44.879999999999995;36.9;36.9;135.953;33.385999999999996;12.959999999999999;31.58;165.077;36.9;30.25;54.19;42.22;34.239999999999995;192.019;39.56;28.92;12.959999999999999;23.6;16.95;158.797;16.95;18.28;19.61;16.95;12.959999999999999;18.28;14.29;18.28;32.91
1711;1409.656;12.959999999999999;16.95;28.92;130.851;22.27;12.959999999999999;18.28;150.073;12.959999999999999;15.62;15.62;15.62;16.95;161.652;12.959999999999999;12.959999999999999;12.959999999999999;32.91;16.95;173.994;14.29;12.959999999999999;14.29;14.29;12.959999999999999;12.959999999999999;12.959999999999999;15.62;218.927
1712;40.89;15.62;18.28;12.959999999999999;116.501;12.959999999999999;12.959999999999999;12.959999999999999;12.959999999999999;12.959999999999999;12.959999999999999;12.959999999999999;12.959999999999999;12.959999999999999;12.959999999999999;12.959999999999999;12.959999999999999;12.959999999999999;12.959999999999999;12.959999999999999;12.959999999999999;12.959999999999999;12.959999999999999;12.959999999999999;12.959999999999999;12.959999999999999;12.959999999999999;12.959999999999999;12.959999999999999;14.29
1713;173.798;15.29;15.29;13.959999999999999;106.128;8.64;8.64;11.299999999999999;113.707;11.299999999999999;8.64;8.64;8.64;8.64;8.64;8.64;8.64;8.64;12.63;8.64;8.64;8.64;8.64;8.64;8.64;8.64;8.64;8.64;8.64;8.64
1714;1501.924;42.55;17.28;26.589999999999996;111.288;37.636;17.28;22.599999999999998;155.084;17.28;17.28;17.28;22.599999999999998;19.939999999999998;170.95499999999998;17.28;17.28;17.28;53.19;21.27;194.784;25.26;19.939999999999998;22.599999999999998;23.93;17.28;23.93;21.27;33.716;267.689
1715;3580.6;36.57;32.58;44.550000000000004;114.79899999999999;48.708;8.64;27.259999999999998;156.304;35.239999999999995;66.334;27.259999999999998;25.93;25.93;156.81699999999998;11.299999999999999;12.63;8.64;41.89;16.62;185.305;8.64;8.64;9.969999999999999;11.299999999999999;8.64;9.969999999999999;8.64;16.62;224.514
1716;1441.4500000000003;35.57000000000001;36.9;42.22;138.826;22.27;12.959999999999999;28.92;164.054;26.259999999999998;37.922;31.58;22.27;24.93;174.204;24.93;19.61;12.959999999999999;36.9;18.28;216.4;15.62;22.27;20.94;18.28;12.959999999999999;20.94;22.27;15.62;261.61300000000006
1717;816.364;18.28;23.6;16.95;128.513;12.959999999999999;12.959999999999999;16.95;143.69799999999998;18.28;14.29;16.95;18.28;15.62;165.538;19.61;15.62;12.959999999999999;30.25;14.29;192.859;12.959999999999999;15.62;15.62;14.29;12.959999999999999;18.28;14.29;14.29;221.966
1718;193.216;28.59;15.29;15.29;107.505;8.64;8.64;8.64;8.64;8.64;8.64;8.64;8.64;8.64;8.64;8.64;8.64;8.64;11.299999999999999;8.64;8.64;8.64;8.64;8.64;8.64;8.64;8.64;8.64;8.64;9.969999999999999
1719;452.46799999999996;8.64;8.64;9.969999999999999;116.857;8.64;8.64;8.64;126.727;8.64;8.64;11.299999999999999;8.64;9.969999999999999;153.144;8.64;8.64;8.64;12.63;9.969999999999999;146.901;8.64;8.64;8.64;8.64;8.64;8.64;8.64;8.64;8.64
1720;187.02800000000002;23.270000000000003;16.62;11.299999999999999;92.469;11.299999999999999;8.64;8.64;118.38300000000001;8.64;8.64;8.64;8.64;8.64;8.64;8.64;8.64;8.64;8.64;8.64;8.64;8.64;8.64;8.64;8.64;8.64;8.64;8.64;8.64;8.64
1721;9.969999999999999;8.64;8.64;8.64;8.64;8.64;8.64;8.64;8.64;8.64;8.64;8.64;8.64;8.64;8.64;8.64;8.64;8.64;8.64;8.64;8.64;8.64;8.64;8.64;8.64;8.64;8.64;8.64;8.64;8.64
1722;1332.0480000000002;43.879999999999995;41.22;50.53;143.15099999999998;38.251999999999995;17.28;35.9;175.668;39.89;70.578;45.209999999999994;73.14;45.209999999999994;198.35499999999996;57.18;21.27;17.28;65.16;51.482;221.26;37.230000000000004;35.9;54.519999999999996;26.589999999999996;17.28;39.89;17.28;30.58;263.117
1723;36.592;15.62;12.959999999999999;14.29;14.29;12.959999999999999;12.959999999999999;14.29;12.959999999999999;12.959999999999999;12.959999999999999;12.959999999999999;12.959999999999999;12.959999999999999;12.959999999999999;12.959999999999999;12.959999999999999;12.959999999999999;12.959999999999999;12.959999999999999;12.959999999999999;12.959999999999999;12.959999999999999;12.959999999999999;12.959999999999999;12.959999999999999;12.959999999999999;12.959999999999999;12.959999999999999;14.29
1724;9.969999999999999;8.64;8.64;8.64;8.64;8.64;8.64;8.64;8.64;8.64;8.64;8.64;8.64;8.64;8.64;8.64;8.64;8.64;8.64;8.64;8.64;8.64;8.64;8.64;8.64;8.64;8.64;8.64;8.64;8.64
1725;819.164;27.590000000000003;23.6;27.590000000000003;136.857;35.976;12.959999999999999;15.62;159.861;12.959999999999999;12.959999999999999;26.259999999999998;15.62;14.29;153.484;12.959999999999999;12.959999999999999;12.959999999999999;16.95;12.959999999999999;12.959999999999999;12.959999999999999;12.959999999999999;12.959999999999999;12.959999999999999;12.959999999999999;12.959999999999999;12.959999999999999;12.959999999999999;14.29
1726;1345.298;15.62;22.27;20.94;137.548;31.747999999999998;12.959999999999999;24.93;154.385;32.91;67.14;26.259999999999998;28.92;26.259999999999998;182.709;27.590000000000003;24.93;12.959999999999999;34.239999999999995;32.91;207.209;18.28;20.94;22.27;20.94;12.959999999999999;20.94;14.29;15.62;232.63300000000004
1727;176.242;28.92;18.28;15.62;129.873;14.29;12.959999999999999;12.959999999999999;113.787;16.95;12.959999999999999;30.25;14.29;12.959999999999999;163.599;12.959999999999999;12.959999999999999;12.959999999999999;12.959999999999999;12.959999999999999;12.959999999999999;12.959999999999999;12.959999999999999;12.959999999999999;12.959999999999999;12.959999999999999;12.959999999999999;12.959999999999999;12.959999999999999;14.29
1728;14.29;12.959999999999999;12.959999999999999;12.959999999999999;12.959999999999999;12.959999999999999;12.959999999999999;12.959999999999999;12.959999999999999;12.959999999999999;12.959999999999999;12.959999999999999;12.959999999999999;12.959999999999999;12.959999999999999;12.959999999999999;12.959999999999999;12.959999999999999;12.959999999999999;12.959999999999999;12.959999999999999;12.959999999999999;12.959999999999999;12.959999999999999;12.959999999999999;12.959999999999999;12.959999999999999;12.959999999999999;12.959999999999999;12.959999999999999
1729;1096.246;21.27;30.58;18.61;129.804;24.951999999999998;17.28;18.61;139.471;19.939999999999998;21.27;23.93;17.28;21.27;181.184;19.939999999999998;19.939999999999998;17.28;26.589999999999996;17.28;208.708;18.61;19.939999999999998;17.28;17.28;17.28;22.599999999999998;19.939999999999998;19.939999999999998;239.45200000000006
1730;312.414;37.230000000000004;35.9;42.55;148.82999999999998;42.242;17.28;27.919999999999998;158.05599999999998;19.939999999999998;17.28;17.28;17.28;17.28;17.28;17.28;17.28;17.28;17.28;17.28;17.28;17.28;17.28;17.28;17.28;17.28;17.28;17.28;17.28;19.939999999999998
1731;1155.086;17.95;28.59;17.95;119.15299999999999;45.978;8.64;24.6;186.339;55.19;36.57;48.54;25.93;35.239999999999995;161.45600000000002;36.57;24.6;8.64;33.91;34.932;186.00300000000001;19.28;28.59;28.59;22.962;8.64;25.93;21.939999999999998;24.292;221.53700000000003
1732;1737.122;45.88;48.54;29.919999999999998;133.18099999999998;45.739999999999995;8.64;28.59;174.369;41.89;25.93;47.209999999999994;37.900000000000006;33.91;170.69400000000002;23.270000000000003;20.61;8.64;63.17;20.61;196.083;16.62;17.95;13.959999999999999;15.29;8.64;13.959999999999999;8.64;17.95;256.654
1733;151.986;16.62;13.959999999999999;8.64;8.64;8.64;8.64;8.64;8.64;8.64;8.64;8.64;8.64;8.64;8.64;8.64;8.64;8.64;8.64;8.64;8.64;8.64;8.64;8.64;8.64;8.64;8.64;8.64;8.64;11.299999999999999
1734;580.744;22.27;28.92;16.95;105.502;14.29;12.959999999999999;15.62;129.71699999999998;12.959999999999999;16.95;12.959999999999999;12.959999999999999;12.959999999999999;12.959999999999999;12.959999999999999;14.29;12.959999999999999;15.62;12.959999999999999;12.959999999999999;12.959999999999999;12.959999999999999;12.959999999999999;12.959999999999999;12.959999999999999;12.959999999999999;12.959999999999999;12.959999999999999;12.959999999999999
1735;9.969999999999999;8.64;8.64;8.64;8.64;8.64;8.64;8.64;8.64;8.64;8.64;8.64;8.64;8.64;8.64;8.64;8.64;8.64;8.64;8.64;8.64;8.64;8.64;8.64;8.64;8.64;8.64;8.64;8.64;8.64
1736;1037.76;36.9;39.56;26.259999999999998;129.152;25.168;12.959999999999999;22.27;134.034;20.94;16.95;18.28;24.93;28.92;164.37400000000002;20.94;16.95;12.959999999999999;39.56;33.931999999999995;226.05099999999996;27.590000000000003;27.590000000000003;16.95;19.61;12.959999999999999;23.6;23.6;22.27;255.337
1737;14.29;12.959999999999999;12.959999999999999;12.959999999999999;12.959999999999999;12.959999999999999;12.959999999999999;12.959999999999999;12.959999999999999;12.959999999999999;12.959999999999999;12.959999999999999;12.959999999999999;12.959999999999999;12.959999999999999;12.959999999999999;12.959999999999999;12.959999999999999;12.959999999999999;12.959999999999999;12.959999999999999;12.959999999999999;12.959999999999999;12.959999999999999;12.959999999999999;12.959999999999999;12.959999999999999;12.959999999999999;12.959999999999999;12.959999999999999
1738;1633.39;31.58;27.590000000000003;36.9;138.509;42.934;12.959999999999999;32.91;168.049;35.57000000000001;68.06400000000001;50.2;35.57000000000001;26.259999999999998;175.009;40.89;31.58;12.959999999999999;44.879999999999995;27.828;218.238;20.94;31.58;22.27;23.838;12.959999999999999;23.6;24.93;26.259999999999998;286.561
1739;117.154;17.95;15.29;15.29;89.44;8.64;8.64;8.64;8.64;8.64;8.64;8.64;8.64;8.64;8.64;8.64;8.64;8.64;9.969999999999999;8.64;8.64;8.64;8.64;8.64;8.64;8.64;8.64;8.64;8.64;9.969999999999999
1740;116.36999999999999;16.62;19.28;12.63;8.64;8.64;8.64;8.64;8.64;8.64;8.64;8.64;8.64;8.64;8.64;8.64;8.64;8.64;8.64;8.64;8.64;8.64;8.64;8.64;8.64;8.64;8.64;8.64;8.64;9.969999999999999
1741;1330.0659999999998;55.519999999999996;62.169999999999995;60.84;141.813;41.058;12.959999999999999;30.25;184.00400000000002;39.56;22.27;46.21;32.91;31.58;158.591;28.92;31.58;12.959999999999999;107.38999999999999;66.328;209.374;22.27;24.93;26.497999999999998;26.259999999999998;12.959999999999999;34.239999999999995;22.27;27.590000000000003;234.917
1742;472.02599999999995;35.239999999999995;24.6;16.62;128.505;18.972;8.64;9.969999999999999;8.64;8.64;8.64;8.64;8.64;8.64;8.64;8.64;8.64;8.64;8.64;8.64;8.64;8.64;8.64;8.64;8.64;8.64;8.64;8.64;8.64;8.64
1743;914.51;25.93;24.6;29.919999999999998;147.209;32.44;8.64;16.62;152.725;28.59;75.574;40.56;39.23;27.259999999999998;189.398;13.959999999999999;8.64;8.64;36.57;27.973999999999997;216.93599999999998;11.299999999999999;8.64;8.64;8.64;8.64;8.64;8.64;8.64;11.299999999999999
1744;14.29;12.959999999999999;12.959999999999999;12.959999999999999;12.959999999999999;12.959999999999999;12.959999999999999;12.959999999999999;12.959999999999999;12.959999999999999;12.959999999999999;12.959999999999999;12.959999999999999;12.959999999999999;12.959999999999999;12.959999999999999;12.959999999999999;12.959999999999999;12.959999999999999;12.959999999999999;12.959999999999999;12.959999999999999;12.959999999999999;12.959999999999999;12.959999999999999;12.959999999999999;12.959999999999999;12.959999999999999;12.959999999999999;12.959999999999999
1745;1386.6340000000002;23.93;34.57;29.25;103.405;31.91;17.28;26.589999999999996;156.04500000000002;26.589999999999996;19.939999999999998;27.919999999999998;18.61;18.61;155.03;18.61;17.28;17.28;38.56;18.61;178.47;18.61;21.27;17.28;19.939999999999998;17.28;21.27;17.28;18.61;229.092
1746;9.969999999999999;8.64;8.64;8.64;8.64;8.64;8.64;8.64;8.64;8.64;8.64;8.64;8.64;8.64;8.64;8.64;8.64;8.64;8.64;8.64;8.64;8.64;8.64;8.64;8.64;8.64;8.64;8.64;8.64;8.64
1747;2809.2780000000002;30.25;48.870000000000005;42.22;150.521;51.39;12.959999999999999;43.55;189.69299999999998;47.54;83.646;50.2;39.56;38.230000000000004;191.697;38.230000000000004;23.6;12.959999999999999;78.13000000000001;33.931999999999995;220.23399999999998;22.27;26.259999999999998;27.590000000000003;41.842;12.959999999999999;24.93;28.92;28.92;273.90500000000003
1748;253.346;19.28;8.64;28.59;96.77600000000001;22.416000000000004;8.64;8.64;8.64;8.64;8.64;8.64;8.64;8.64;8.64;8.64;8.64;8.64;13.959999999999999;8.64;8.64;8.64;8.64;8.64;8.64;8.64;8.64;8.64;8.64;9.969999999999999
1749;1200.9080000000001;17.95;15.29;27.259999999999998;111.49499999999998;36.976;8.64;24.6;151.67499999999998;39.23;72.676;47.209999999999994;24.6;31.25;168.673;20.61;15.29;8.64;47.209999999999994;26.644;209.13799999999998;15.29;16.62;24.838;21.632;8.64;27.259999999999998;21.939999999999998;23.270000000000003;264.27
1750;74.524;16.62;11.299999999999999;8.64;8.64;8.64;8.64;8.64;8.64;8.64;8.64;8.64;8.64;8.64;8.64;8.64;8.64;8.64;8.64;8.64;8.64;8.64;8.64;8.64;8.64;8.64;8.64;8.64;8.64;9.969999999999999
1751;1320.1960000000001;30.25;18.28;34.239999999999995;104.328;37.922;12.959999999999999;20.94;165.02999999999997;34.239999999999995;16.95;23.6;27.590000000000003;15.62;155.339;22.27;31.58;12.959999999999999;36.9;31.58;204.185;23.6;22.27;19.61;20.94;12.959999999999999;30.25;18.28;24.93;247.305
1752;1692.574;37.900000000000006;41.89;40.56;123.14299999999999;47.616;8.64;27.259999999999998;179.003;27.259999999999998;40.56;45.88;23.270000000000003;19.28;187.10199999999998;31.25;16.62;8.64;40.56;50.583999999999996;220.03;20.61;23.270000000000003;25.622;24.292;8.64;15.29;25.93;37.284;276.064
1753;354.44;33.91;9.969999999999999;8.64;98.589;8.64;8.64;8.64;131.351;8.64;8.64;9.969999999999999;8.64;9.969999999999999;8.64;8.64;8.64;8.64;15.29;8.64;8.64;8.64;9.969999999999999;8.64;8.64;8.64;8.64;8.64;8.64;9.969999999999999
1754;1060.768;37.900000000000006;33.91;36.57;116.446;33.602;8.64;23.270000000000003;151.264;40.56;20.61;39.23;9.969999999999999;21.939999999999998;126.75;27.259999999999998;13.959999999999999;8.64;43.22;12.63;180.825;20.61;12.63;15.29;8.64;8.64;19.28;13.959999999999999;8.64;202.714
1755;92.43;15.29;17.95;8.64;138.85999999999999;8.64;8.64;8.64;8.64;8.64;8.64;8.64;8.64;8.64;8.64;8.64;8.64;8.64;12.63;8.64;8.64;8.64;8.64;8.64;8.64;8.64;8.64;8.64;8.64;8.64
1756;1528.3140000000003;46.540000000000006;33.24;34.57;139.52999999999997;34.262;17.28;39.89;174.72199999999998;46.540000000000006;73.336;47.87;35.9;29.25;165.717;46.540000000000006;30.58;17.28;41.22;44.286;212.138;25.26;35.9;27.919999999999998;34.5;17.28;33.24;33.24;39.582;232.24
1757;1341.728;34.239999999999995;43.55;38.230000000000004;139.77700000000002;46.616;12.959999999999999;30.25;187.08999999999997;63.5;82.078;48.870000000000005;36.9;32.91;193.074;51.53;44.879999999999995;12.959999999999999;47.54;35.5;227.604;20.94;40.89;29.158;34.716;12.959999999999999;36.9;36.9;37.138000000000005;276.815
1758;236.456;14.29;15.62;12.959999999999999;123.515;12.959999999999999;12.959999999999999;12.959999999999999;12.959999999999999;12.959999999999999;12.959999999999999;12.959999999999999;12.959999999999999;12.959999999999999;12.959999999999999;12.959999999999999;12.959999999999999;12.959999999999999;12.959999999999999;12.959999999999999;12.959999999999999;12.959999999999999;12.959999999999999;12.959999999999999;12.959999999999999;12.959999999999999;12.959999999999999;12.959999999999999;12.959999999999999;14.29
1759;1038.292;22.27;22.27;20.94;122.45999999999998;18.28;12.959999999999999;16.95;168.32399999999998;44.879999999999995;70.654;24.93;23.6;22.27;181.70099999999996;32.91;28.92;12.959999999999999;39.56;24.622;205.822;18.28;20.94;27.590000000000003;24.93;12.959999999999999;23.6;20.94;20.94;253.10800000000003
1760;347.28799999999995;45.209999999999994;50.53;25.26;140.486;22.599999999999998;17.28;21.27;154.393;25.26;26.589999999999996;23.93;18.61;21.27;156.838;17.28;17.28;17.28;17.28;17.28;177.628;17.28;17.28;17.28;17.28;17.28;17.28;17.28;17.28;19.939999999999998
1761;2470.59;24.93;30.25;31.58;146.11999999999998;41.296;12.959999999999999;28.92;184.96;40.89;42.22;51.53;32.91;27.590000000000003;173.419;31.58;34.239999999999995;12.959999999999999;39.56;24.93;209.505;26.259999999999998;36.9;23.6;29.942;12.959999999999999;42.22;28.92;26.259999999999998;292.245
1762;2706.3559999999998;29.919999999999998;28.59;29.919999999999998;112.456;28.043999999999997;8.64;21.939999999999998;137.73100000000002;16.62;17.95;17.95;20.61;19.28;160.532;15.29;8.64;8.64;37.900000000000006;15.29;189.755;16.62;12.63;17.95;17.95;8.64;11.299999999999999;9.969999999999999;19.28;257.87
1763;1094.3819999999998;23.270000000000003;21.939999999999998;15.29;125.00300000000001;20.302;8.64;19.28;105.908;13.959999999999999;13.959999999999999;12.63;20.61;12.63;160.007;13.959999999999999;13.959999999999999;8.64;35.239999999999995;17.95;179.25400000000002;11.299999999999999;21.939999999999998;13.959999999999999;13.959999999999999;8.64;11.299999999999999;11.299999999999999;9.969999999999999;246.13800000000003
1764;18.61;17.28;17.28;17.28;17.28;17.28;17.28;17.28;17.28;17.28;17.28;17.28;17.28;17.28;17.28;17.28;17.28;17.28;17.28;17.28;17.28;17.28;17.28;17.28;17.28;17.28;17.28;17.28;17.28;17.28
1765;341.05000000000007;27.590000000000003;19.61;31.58;123.78999999999999;40.582;12.959999999999999;20.94;156.07399999999998;12.959999999999999;12.959999999999999;12.959999999999999;12.959999999999999;12.959999999999999;12.959999999999999;12.959999999999999;12.959999999999999;12.959999999999999;12.959999999999999;12.959999999999999;12.959999999999999;12.959999999999999;12.959999999999999;12.959999999999999;12.959999999999999;12.959999999999999;12.959999999999999;12.959999999999999;12.959999999999999;32.91
1766;1510.4840000000002;46.21;44.879999999999995;54.19;158.709;58.040000000000006;12.959999999999999;31.58;149.714;40.89;23.054000000000002;39.56;18.28;20.94;177.763;15.62;15.62;12.959999999999999;51.53;22.27;192.059;23.6;30.25;23.6;16.95;12.959999999999999;27.590000000000003;15.62;23.6;259.151
1767;1012.6439999999999;12.959999999999999;18.28;15.62;116.132;14.29;12.959999999999999;16.95;102.3;18.28;12.959999999999999;18.28;15.62;15.62;156.51299999999998;16.95;18.28;12.959999999999999;28.92;14.29;151.991;14.29;12.959999999999999;14.29;14.29;12.959999999999999;16.95;12.959999999999999;14.29;183.535
1768;54.19;12.959999999999999;12.959999999999999;12.959999999999999;123.312;12.959999999999999;12.959999999999999;12.959999999999999;12.959999999999999;12.959999999999999;12.959999999999999;12.959999999999999;12.959999999999999;12.959999999999999;12.959999999999999;12.959999999999999;12.959999999999999;12.959999999999999;14.29;14.29;12.959999999999999;12.959999999999999;12.959999999999999;12.959999999999999;12.959999999999999;12.959999999999999;12.959999999999999;12.959999999999999;12.959999999999999;12.959999999999999
1769;939.572;23.93;18.61;23.93;140.808;22.599999999999998;17.28;19.939999999999998;156.36200000000002;22.599999999999998;19.939999999999998;21.27;26.589999999999996;21.27;176.82999999999998;25.26;19.939999999999998;17.28;23.93;18.61;216.36599999999999;18.61;19.939999999999998;19.939999999999998;18.61;17.28;21.27;19.939999999999998;18.61;177.973
1770;472.026;33.91;33.91;24.6;102.46499999999999;42.296;8.64;11.299999999999999;13.959999999999999;8.64;8.64;8.64;8.64;8.64;8.64;8.64;8.64;8.64;8.64;8.64;8.64;8.64;8.64;8.64;8.64;8.64;8.64;8.64;8.64;9.969999999999999
1771;1537.3139999999999;17.95;16.62;25.93;124.765;38.306;8.64;24.6;162.228;43.22;72.606;47.209999999999994;33.91;23.270000000000003;179.132;16.62;13.959999999999999;8.64;32.58;20.61;206.70800000000003;17.95;29.919999999999998;11.299999999999999;11.299999999999999;8.64;13.959999999999999;8.64;13.959999999999999;238.2
1772;68.512;19.61;12.959999999999999;12.959999999999999;99.06;12.959999999999999;12.959999999999999;12.959999999999999;12.959999999999999;12.959999999999999;12.959999999999999;12.959999999999999;12.959999999999999;12.959999999999999;12.959999999999999;12.959999999999999;12.959999999999999;12.959999999999999;12.959999999999999;12.959999999999999;12.959999999999999;12.959999999999999;12.959999999999999;12.959999999999999;12.959999999999999;12.959999999999999;12.959999999999999;12.959999999999999;12.959999999999999;12.959999999999999
1773;1279.4199999999998;17.95;24.6;23.270000000000003;120.58200000000001;38.306;8.64;27.259999999999998;150.662;23.270000000000003;16.62;29.919999999999998;27.259999999999998;15.29;169.401;9.969999999999999;8.64;8.64;35.239999999999995;35.646;209.042;19.28;16.62;22.962;25.314;8.64;8.64;8.64;21.632;254.31600000000003
1774;1647.634;32.58;40.56;24.6;145.193;33.602;8.64;28.59;183.273;32.58;42.912;35.239999999999995;33.91;27.259999999999998;174.196;33.91;33.91;8.64;76.47;35.954;197.114;19.28;28.59;31.488;38.068;8.64;35.239999999999995;33.91;32.272000000000006;240.61
1775;68.82;14.29;12.959999999999999;12.959999999999999;12.959999999999999;12.959999999999999;12.959999999999999;12.959999999999999;12.959999999999999;12.959999999999999;12.959999999999999;12.959999999999999;12.959999999999999;12.959999999999999;12.959999999999999;12.959999999999999;12.959999999999999;12.959999999999999;12.959999999999999;12.959999999999999;12.959999999999999;12.959999999999999;12.959999999999999;12.959999999999999;12.959999999999999;12.959999999999999;12.959999999999999;12.959999999999999;12.959999999999999;14.29
1776;1125.098;17.95;20.61;16.62;137.213;17.642;8.64;16.62;166.067;29.919999999999998;48.806;15.29;15.29;17.95;179.766;16.62;16.62;8.64;45.88;12.63;197.24200000000002;15.29;19.28;12.63;12.63;8.64;17.95;13.959999999999999;12.63;251.094
1777;1391.05;27.590000000000003;23.6;24.93;123.837;37.306;12.959999999999999;27.590000000000003;169.904;56.85;64.78800000000001;35.57000000000001;31.58;34.239999999999995;190.89700000000002;31.58;22.27;12.959999999999999;34.239999999999995;47.946;224.89600000000002;26.259999999999998;27.590000000000003;29.942;37.306;12.959999999999999;19.61;34.239999999999995;44.263999999999996;284.909
1778;9.969999999999999;8.64;8.64;8.64;8.64;8.64;8.64;8.64;8.64;8.64;8.64;8.64;8.64;8.64;8.64;8.64;8.64;8.64;8.64;8.64;8.64;8.64;8.64;8.64;8.64;8.64;8.64;8.64;8.64;8.64
1779;201.05600000000004;21.939999999999998;17.95;28.59;102.834;17.95;8.64;9.969999999999999;97.97999999999999;8.64;8.64;8.64;8.64;8.64;8.64;8.64;8.64;8.64;8.64;8.64;8.64;8.64;8.64;8.64;8.64;8.64;8.64;8.64;8.64;9.969999999999999
1780;1239.688;13.959999999999999;12.63;21.939999999999998;111.81200000000001;13.959999999999999;8.64;13.959999999999999;145.986;13.959999999999999;12.63;9.969999999999999;12.63;12.63;143.844;12.63;9.969999999999999;8.64;31.25;15.29;161.65200000000002;13.959999999999999;13.959999999999999;16.62;12.63;8.64;12.63;11.299999999999999;12.63;212.43
1781;182.20600000000002;20.94;12.959999999999999;14.29;131.589;12.959999999999999;12.959999999999999;12.959999999999999;12.959999999999999;12.959999999999999;12.959999999999999;12.959999999999999;12.959999999999999;12.959999999999999;12.959999999999999;12.959999999999999;12.959999999999999;12.959999999999999;12.959999999999999;12.959999999999999;129.089;12.959999999999999;12.959999999999999;12.959999999999999;12.959999999999999;12.959999999999999;12.959999999999999;12.959999999999999;12.959999999999999;15.62
1782;1952.2040000000002;59.18;33.91;48.54;132.81699999999998;44.242;8.64;35.239999999999995;184.72899999999998;61.839999999999996;68.14;43.22;44.550000000000004;45.88;187.013;60.51;45.88;8.64;95.09;39.943999999999996;224.01999999999998;24.6;29.919999999999998;24.6;43.626;8.64;33.91;15.29;29.611999999999995;279.74199999999996
1783;9.969999999999999;8.64;8.64;8.64;8.64;8.64;8.64;8.64;8.64;8.64;8.64;8.64;8.64;8.64;8.64;8.64;8.64;8.64;8.64;8.64;8.64;8.64;8.64;8.64;8.64;8.64;8.64;8.64;8.64;8.64
1784;781.664;19.28;19.28;24.6;116.54;12.63;8.64;11.299999999999999;139.425;8.64;13.959999999999999;13.959999999999999;15.29;25.93;161.176;8.64;13.959999999999999;8.64;17.95;8.64;194.431;8.64;8.64;9.969999999999999;8.64;8.64;16.62;11.299999999999999;15.29;179.656
1785;212.466;15.29;9.969999999999999;8.64;126.209;8.64;8.64;8.64;114.346;8.64;8.64;8.64;8.64;8.64;8.64;8.64;8.64;8.64;11.299999999999999;8.64;8.64;8.64;8.64;8.64;8.64;8.64;8.64;8.64;8.64;9.969999999999999
1786;164.048;22.27;16.95;20.94;122.512;12.959999999999999;12.959999999999999;12.959999999999999;12.959999999999999;12.959999999999999;12.959999999999999;12.959999999999999;12.959999999999999;12.959999999999999;12.959999999999999;12.959999999999999;12.959999999999999;12.959999999999999;12.959999999999999;12.959999999999999;12.959999999999999;12.959999999999999;12.959999999999999;12.959999999999999;12.959999999999999;12.959999999999999;12.959999999999999;12.959999999999999;12.959999999999999;14.29
1787;1902.7020000000002;45.209999999999994;55.849999999999994;79.78999999999999;149.06799999999998;58.44;17.28;46.540000000000006;156.548;78.46;34.57;46.540000000000006;49.2;75.80000000000001;168.76600000000002;77.13;30.58;17.28;101.07;86.06199999999998;193.05599999999998;39.89;23.93;56.634;59.294;17.28;65.16;19.939999999999998;75.492;328.401
1788;3160.6560000000004;41.89;36.57;29.919999999999998;145.51500000000001;55.596000000000004;8.64;44.550000000000004;190.04899999999998;47.209999999999994;55.05;47.209999999999994;35.239999999999995;33.91;194.713;47.209999999999994;28.59;8.64;154.94;41.274;216.07;21.939999999999998;23.270000000000003;24.6;27.259999999999998;8.64;25.93;23.270000000000003;25.93;293.889
1789;19.61;12.959999999999999;12.959999999999999;12.959999999999999;12.959999999999999;12.959999999999999;12.959999999999999;12.959999999999999;12.959999999999999;12.959999999999999;12.959999999999999;12.959999999999999;12.959999999999999;12.959999999999999;12.959999999999999;12.959999999999999;12.959999999999999;12.959999999999999;12.959999999999999;12.959999999999999;12.959999999999999;12.959999999999999;12.959999999999999;12.959999999999999;12.959999999999999;12.959999999999999;12.959999999999999;12.959999999999999;12.959999999999999;12.959999999999999
1790;14.29;12.959999999999999;12.959999999999999;12.959999999999999;12.959999999999999;12.959999999999999;12.959999999999999;12.959999999999999;12.959999999999999;12.959999999999999;12.959999999999999;12.959999999999999;12.959999999999999;12.959999999999999;12.959999999999999;12.959999999999999;12.959999999999999;12.959999999999999;12.959999999999999;12.959999999999999;12.959999999999999;12.959999999999999;12.959999999999999;12.959999999999999;12.959999999999999;12.959999999999999;12.959999999999999;12.959999999999999;12.959999999999999;12.959999999999999
1791;298.63;20.94;16.95;28.92;113.524;18.28;12.959999999999999;15.62;139.089;14.29;12.959999999999999;12.959999999999999;12.959999999999999;12.959999999999999;12.959999999999999;12.959999999999999;12.959999999999999;12.959999999999999;12.959999999999999;12.959999999999999;12.959999999999999;12.959999999999999;12.959999999999999;12.959999999999999;12.959999999999999;12.959999999999999;12.959999999999999;12.959999999999999;12.959999999999999;15.62
1792;506.824;26.259999999999998;19.61;26.259999999999998;115.768;38.089999999999996;12.959999999999999;27.590000000000003;125.31599999999999;15.62;12.959999999999999;12.959999999999999;12.959999999999999;12.959999999999999;12.959999999999999;12.959999999999999;12.959999999999999;12.959999999999999;15.62;12.959999999999999;12.959999999999999;12.959999999999999;12.959999999999999;12.959999999999999;12.959999999999999;12.959999999999999;12.959999999999999;12.959999999999999;12.959999999999999;14.29
1793;209.254;26.259999999999998;20.94;23.6;132.55;25.952;12.959999999999999;12.959999999999999;131.047;15.62;12.959999999999999;16.95;12.959999999999999;12.959999999999999;160.701;12.959999999999999;12.959999999999999;12.959999999999999;12.959999999999999;12.959999999999999;12.959999999999999;12.959999999999999;12.959999999999999;12.959999999999999;12.959999999999999;12.959999999999999;12.959999999999999;12.959999999999999;12.959999999999999;14.29
1794;610.732;27.590000000000003;27.590000000000003;38.230000000000004;134.519;29.942;12.959999999999999;16.95;48.209;12.959999999999999;12.959999999999999;12.959999999999999;12.959999999999999;12.959999999999999;12.959999999999999;12.959999999999999;12.959999999999999;12.959999999999999;16.95;12.959999999999999;12.959999999999999;12.959999999999999;12.959999999999999;12.959999999999999;12.959999999999999;12.959999999999999;12.959999999999999;12.959999999999999;12.959999999999999;16.95
1795;1740.244;41.89;37.900000000000006;37.900000000000006;114.30600000000001;34.316;8.64;16.62;171.387;28.59;15.29;13.959999999999999;35.239999999999995;25.93;171.011;35.239999999999995;16.62;8.64;55.19;41.75;202.23600000000002;19.28;9.969999999999999;21.939999999999998;15.29;8.64;15.29;11.299999999999999;26.644;250.17
1796;202.05800000000002;30.25;28.92;19.61;125.12;14.29;12.959999999999999;14.29;128.018;12.959999999999999;12.959999999999999;12.959999999999999;12.959999999999999;12.959999999999999;12.959999999999999;12.959999999999999;12.959999999999999;12.959999999999999;12.959999999999999;12.959999999999999;12.959999999999999;12.959999999999999;12.959999999999999;12.959999999999999;12.959999999999999;12.959999999999999;12.959999999999999;12.959999999999999;12.959999999999999;16.95
1797;764.396;23.6;24.93;20.94;120.32500000000002;16.95;12.959999999999999;14.29;127.06200000000001;14.29;12.959999999999999;15.62;14.29;14.29;155.386;12.959999999999999;12.959999999999999;12.959999999999999;22.27;12.959999999999999;192.906;14.29;14.29;15.62;12.959999999999999;12.959999999999999;12.959999999999999;12.959999999999999;12.959999999999999;163.392
1798;14.29;12.959999999999999;12.959999999999999;12.959999999999999;12.959999999999999;12.959999999999999;12.959999999999999;12.959999999999999;12.959999999999999;12.959999999999999;12.959999999999999;12.959999999999999;12.959999999999999;12.959999999999999;12.959999999999999;12.959999999999999;12.959999999999999;12.959999999999999;12.959999999999999;12.959999999999999;12.959999999999999;12.959999999999999;12.959999999999999;12.959999999999999;12.959999999999999;12.959999999999999;12.959999999999999;12.959999999999999;12.959999999999999;12.959999999999999
1799;1418.762;15.29;19.28;33.91;120.161;24.292;8.64;28.59;149.29500000000002;31.25;12.63;16.62;28.59;17.95;151.18;16.62;13.959999999999999;8.64;65.83;24.6;198.535;13.959999999999999;15.29;12.63;9.969999999999999;8.64;13.959999999999999;13.959999999999999;11.299999999999999;268.738
1800;1927.522;25.93;28.59;31.25;137.909;42.296;8.64;32.58;182.5;41.89;70.898;55.19;41.89;28.59;177.163;33.91;12.63;8.64;51.199999999999996;47.616;213.01599999999996;19.28;24.6;24.838;38.306;8.64;19.28;23.270000000000003;16.62;247.126
1801;14.29;12.959999999999999;12.959999999999999;12.959999999999999;12.959999999999999;12.959999999999999;12.959999999999999;12.959999999999999;12.959999999999999;12.959999999999999;12.959999999999999;12.959999999999999;12.959999999999999;12.959999999999999;12.959999999999999;12.959999999999999;12.959999999999999;12.959999999999999;12.959999999999999;12.959999999999999;12.959999999999999;12.959999999999999;12.959999999999999;12.959999999999999;12.959999999999999;12.959999999999999;12.959999999999999;12.959999999999999;12.959999999999999;12.959999999999999
1802;503.03000000000003;19.61;15.62;24.93;115.07199999999997;31.986;12.959999999999999;19.61;115.689;12.959999999999999;12.959999999999999;12.959999999999999;12.959999999999999;12.959999999999999;12.959999999999999;12.959999999999999;12.959999999999999;12.959999999999999;12.959999999999999;12.959999999999999;12.959999999999999;12.959999999999999;12.959999999999999;12.959999999999999;12.959999999999999;12.959999999999999;12.959999999999999;12.959999999999999;12.959999999999999;12.959999999999999
1803;40.344;12.959999999999999;14.29;12.959999999999999;12.959999999999999;12.959999999999999;12.959999999999999;12.959999999999999;12.959999999999999;12.959999999999999;12.959999999999999;12.959999999999999;12.959999999999999;12.959999999999999;12.959999999999999;12.959999999999999;12.959999999999999;12.959999999999999;12.959999999999999;12.959999999999999;12.959999999999999;12.959999999999999;12.959999999999999;12.959999999999999;12.959999999999999;12.959999999999999;12.959999999999999;12.959999999999999;12.959999999999999;12.959999999999999
1804;2168.82;42.22;22.27;35.57000000000001;109.52900000000001;35.738;12.959999999999999;26.259999999999998;122.017;26.259999999999998;68.30199999999999;30.25;28.92;24.93;172.879;34.239999999999995;19.61;12.959999999999999;59.510000000000005;46.54600000000001;182.016;23.6;14.29;16.95;18.28;12.959999999999999;24.93;15.62;35.57000000000001;307.56600000000003
1805;947.9780000000001;30.25;34.239999999999995;22.27;128.83499999999998;33.316;12.959999999999999;18.28;139.946;31.58;46.21;27.590000000000003;23.6;20.94;175.7;23.6;20.94;12.959999999999999;39.56;36.284;195.358;20.94;19.61;24.93;14.29;12.959999999999999;18.28;26.259999999999998;22.27;223.078
1806;9.969999999999999;8.64;8.64;8.64;8.64;8.64;8.64;8.64;8.64;8.64;8.64;8.64;8.64;8.64;8.64;8.64;8.64;8.64;8.64;8.64;8.64;8.64;8.64;8.64;8.64;8.64;8.64;8.64;8.64;8.64
1807;1570.2359999999999;31.58;36.9;30.25;127.78;38.636;12.959999999999999;30.25;164.93599999999998;23.6;20.94;40.89;23.6;24.93;161.82799999999997;23.6;30.25;12.959999999999999;38.230000000000004;32.91;197.17100000000002;22.27;26.259999999999998;20.94;14.29;12.959999999999999;24.93;12.959999999999999;18.28;247.58500000000004
1808;764.374;23.270000000000003;47.209999999999994;35.239999999999995;130.432;43.626;8.64;41.89;199.31699999999998;33.91;61.7;45.88;32.58;25.93;181.443;20.61;31.25;8.64;52.53;27.498;222.19500000000002;20.61;31.25;33.602;20.61;8.64;24.6;23.270000000000003;33.91;280.911
1809;749.1560000000001;21.939999999999998;29.919999999999998;24.6;142.533;31.964;8.64;19.28;176.058;15.29;8.64;13.959999999999999;9.969999999999999;9.969999999999999;175.68200000000002;9.969999999999999;13.959999999999999;8.64;11.299999999999999;8.64;182.05;8.64;8.64;8.64;8.64;8.64;8.64;8.64;8.64;9.969999999999999
1810;233.92800000000003;15.29;15.29;19.28;9.969999999999999;8.64;8.64;8.64;8.64;8.64;8.64;8.64;8.64;8.64;8.64;8.64;8.64;8.64;9.969999999999999;8.64;8.64;8.64;8.64;8.64;8.64;8.64;8.64;8.64;8.64;13.959999999999999
1811;114.278;22.27;18.28;14.29;18.28;12.959999999999999;12.959999999999999;12.959999999999999;15.62;12.959999999999999;12.959999999999999;12.959999999999999;12.959999999999999;12.959999999999999;12.959999999999999;12.959999999999999;12.959999999999999;12.959999999999999;12.959999999999999;12.959999999999999;12.959999999999999;12.959999999999999;12.959999999999999;12.959999999999999;12.959999999999999;12.959999999999999;12.959999999999999;12.959999999999999;12.959999999999999;12.959999999999999
1812;1228.7760000000003;18.28;28.92;26.259999999999998;112.791;24.384;12.959999999999999;18.28;148.05700000000002;22.27;20.94;20.94;15.62;16.95;151.988;16.95;20.94;12.959999999999999;28.92;16.95;154.651;15.62;12.959999999999999;14.29;14.29;12.959999999999999;16.95;12.959999999999999;15.62;215.42000000000002
1813;215.84;21.939999999999998;8.64;9.969999999999999;121.80799999999999;11.299999999999999;8.64;8.64;11.299999999999999;8.64;8.64;8.64;8.64;8.64;9.969999999999999;8.64;8.64;8.64;8.64;8.64;8.64;8.64;8.64;8.64;8.64;8.64;8.64;8.64;8.64;11.299999999999999
1814;1716.886;14.29;12.959999999999999;14.29;115.493;12.959999999999999;12.959999999999999;16.95;137.37;12.959999999999999;14.29;12.959999999999999;12.959999999999999;15.62;171.94299999999998;12.959999999999999;12.959999999999999;12.959999999999999;42.22;14.29;175.163;14.29;12.959999999999999;14.29;12.959999999999999;12.959999999999999;12.959999999999999;12.959999999999999;19.61;219.93500000000003
1815;949.958;29.919999999999998;28.59;16.62;105.86300000000001;9.969999999999999;8.64;13.959999999999999;125.08500000000001;20.61;12.63;13.959999999999999;11.299999999999999;11.299999999999999;160.579;12.63;8.64;8.64;23.270000000000003;9.969999999999999;182.902;8.64;9.969999999999999;9.969999999999999;11.299999999999999;8.64;12.63;12.63;8.64;218.44100000000003
1816;680.948;35.239999999999995;11.299999999999999;8.64;8.64;9.969999999999999;8.64;8.64;8.64;8.64;8.64;8.64;8.64;8.64;8.64;8.64;8.64;8.64;11.299999999999999;8.64;8.64;8.64;8.64;8.64;8.64;8.64;8.64;8.64;8.64;16.62
1817;55.19;8.64;9.969999999999999;8.64;9.969999999999999;8.64;8.64;8.64;8.64;8.64;8.64;8.64;8.64;8.64;8.64;8.64;8.64;8.64;8.64;8.64;8.64;8.64;8.64;8.64;8.64;8.64;8.64;8.64;8.64;8.64
1818;2898.5;39.56;28.92;36.9;128.991;42.626000000000005;12.959999999999999;26.259999999999998;149.325;27.590000000000003;26.259999999999998;30.25;19.61;20.94;144.543;28.92;19.61;12.959999999999999;44.879999999999995;22.27;171.39100000000002;18.28;15.62;16.95;16.95;12.959999999999999;15.62;15.62;16.95;245.472
1819;1689.0179999999998;56.519999999999996;47.209999999999994;33.91;141.53;41.204;8.64;32.58;170.36899999999997;64.5;57.779999999999994;44.550000000000004;25.93;25.93;172.96;23.270000000000003;16.62;8.64;31.25;31.964;211.602;11.299999999999999;11.299999999999999;8.64;9.969999999999999;8.64;8.64;9.969999999999999;8.64;242.185
1820;14.29;12.959999999999999;12.959999999999999;12.959999999999999;12.959999999999999;12.959999999999999;12.959999999999999;12.959999999999999;12.959999999999999;12.959999999999999;12.959999999999999;12.959999999999999;12.959999999999999;12.959999999999999;12.959999999999999;12.959999999999999;12.959999999999999;12.959999999999999;12.959999999999999;12.959999999999999;12.959999999999999;12.959999999999999;12.959999999999999;12.959999999999999;12.959999999999999;12.959999999999999;12.959999999999999;12.959999999999999;12.959999999999999;12.959999999999999
1821;527.55;13.959999999999999;8.64;8.64;120.478;9.969999999999999;8.64;12.63;109.66999999999999;8.64;8.64;8.64;8.64;8.64;8.64;8.64;8.64;8.64;8.64;8.64;8.64;8.64;8.64;8.64;8.64;8.64;8.64;8.64;8.64;9.969999999999999
1822;752.6999999999999;43.879999999999995;51.86;35.9;26.589999999999996;30.272;17.28;26.589999999999996;22.599999999999998;17.28;17.28;17.28;17.28;17.28;17.28;17.28;17.28;17.28;19.939999999999998;17.28;17.28;17.28;17.28;17.28;17.28;17.28;17.28;17.28;17.28;25.26
1823;388.488;27.259999999999998;23.270000000000003;23.270000000000003;136.891;20.302;8.64;11.299999999999999;8.64;8.64;8.64;8.64;8.64;8.64;8.64;8.64;8.64;8.64;12.63;8.64;8.64;8.64;8.64;8.64;8.64;8.64;8.64;8.64;8.64;15.29
1824;796.9519999999999;9.969999999999999;11.299999999999999;8.64;119.195;8.64;8.64;12.63;87.89500000000001;8.64;8.64;8.64;11.299999999999999;8.64;8.64;11.299999999999999;11.299999999999999;8.64;21.939999999999998;9.969999999999999;130.614;8.64;15.29;9.969999999999999;8.64;8.64;8.64;12.63;8.64;176.191
1825;1159.0280000000002;32.91;44.879999999999995;28.92;121.66499999999999;16.95;12.959999999999999;15.62;113.777;30.25;20.94;19.61;20.94;19.61;169.736;16.95;18.28;12.959999999999999;34.239999999999995;16.95;183.55399999999997;15.62;20.94;18.28;15.62;12.959999999999999;15.62;18.28;18.28;241.465
1826;1050.984;19.939999999999998;27.919999999999998;26.589999999999996;100.42299999999999;22.599999999999998;17.28;19.939999999999998;138.344;19.939999999999998;26.589999999999996;21.27;27.919999999999998;25.26;115.606;21.27;18.61;17.28;38.56;21.27;188.196;25.26;19.939999999999998;17.28;17.28;17.28;17.28;17.28;17.28;225.10199999999998
1827;1676.04;33.91;24.6;33.91;114.15499999999999;30.396;8.64;29.919999999999998;167.03300000000002;45.88;70.01599999999999;25.93;31.25;37.900000000000006;188.977;17.95;8.64;8.64;61.839999999999996;42.604;202.243;29.919999999999998;19.28;20.61;12.63;8.64;13.959999999999999;8.64;20.61;260.763
1828;264.35;21.939999999999998;13.959999999999999;21.939999999999998;107.136;9.969999999999999;8.64;9.969999999999999;8.64;8.64;8.64;8.64;8.64;8.64;8.64;8.64;8.64;8.64;8.64;8.64;8.64;8.64;8.64;8.64;8.64;8.64;8.64;8.64;8.64;8.64
1829;1487.77;46.540000000000006;38.56;38.56;151.53699999999998;44.524;17.28;29.25;185.721;58.51;79.986;49.2;43.879999999999995;38.56;208.398;46.540000000000006;35.9;17.28;46.540000000000006;60.245999999999995;245.35799999999998;41.22;37.230000000000004;34.262;49.844;17.28;38.56;34.57;42.242;285.831
1830;2829.164;15.29;21.939999999999998;20.61;137.904;30.396;8.64;28.59;178.889;41.89;53.342;19.28;32.58;24.6;185.247;33.91;17.95;8.64;61.839999999999996;38.068;219.591;21.939999999999998;13.959999999999999;17.95;21.632;8.64;8.64;8.64;15.29;267.814
1831;252.464;9.969999999999999;8.64;15.29;119.839;27.666;8.64;16.62;103.835;17.95;13.959999999999999;9.969999999999999;8.64;11.299999999999999;117.49199999999999;8.64;8.64;8.64;8.64;8.64;160.80499999999998;8.64;8.64;8.64;8.64;8.64;8.64;8.64;8.64;8.64
1832;1209.266;69.82;31.25;23.270000000000003;67.99199999999999;35.1;8.64;13.959999999999999;77.951;29.919999999999998;55.14800000000001;27.259999999999998;29.919999999999998;21.939999999999998;109.304;32.58;23.270000000000003;8.64;39.23;12.63;90.432;8.64;8.64;8.64;8.64;8.64;8.64;8.64;8.64;20.61
1833;9.969999999999999;8.64;8.64;8.64;8.64;8.64;8.64;8.64;8.64;8.64;8.64;8.64;8.64;8.64;8.64;8.64;8.64;8.64;8.64;8.64;8.64;8.64;8.64;8.64;8.64;8.64;8.64;8.64;8.64;8.64
1834;1327.532;51.53;19.61;26.259999999999998;145.575;35.024;12.959999999999999;24.93;152.458;12.959999999999999;12.959999999999999;18.28;27.590000000000003;26.259999999999998;178.19400000000002;26.259999999999998;18.28;12.959999999999999;44.879999999999995;30.25;198.34000000000003;26.259999999999998;22.27;26.259999999999998;22.27;12.959999999999999;22.27;22.27;20.94;242.089
1835;240.844;20.61;15.29;9.969999999999999;17.95;39.636;8.64;15.29;138.692;25.93;9.969999999999999;11.299999999999999;8.64;8.64;119.40899999999999;8.64;8.64;8.64;8.64;8.64;8.64;8.64;8.64;8.64;8.64;8.64;8.64;8.64;8.64;8.64
1836;1537.292;26.930000000000003;20.28;10.969999999999999;115.618;26.006;4.32;18.950000000000003;166.47;25.599999999999998;53.726;22.94;20.28;16.29;169.601;25.599999999999998;10.969999999999999;4.32;28.259999999999998;11.754000000000001;200.26799999999997;10.969999999999999;9.64;9.64;10.969999999999999;4.32;13.629999999999999;13.629999999999999;16.29;256.849
1837;602.738;14.29;15.62;12.959999999999999;127.874;12.959999999999999;12.959999999999999;15.62;135.723;16.95;12.959999999999999;12.959999999999999;14.29;14.29;189.681;12.959999999999999;12.959999999999999;12.959999999999999;30.25;12.959999999999999;195.88300000000004;14.29;12.959999999999999;14.29;12.959999999999999;12.959999999999999;14.29;14.29;15.62;249.32100000000003
1838;1764.926;24.6;25.93;21.939999999999998;103.109;27.259999999999998;8.64;21.939999999999998;165.703;39.23;33.91;19.28;31.25;24.6;161.54500000000002;27.259999999999998;24.6;8.64;61.839999999999996;35.239999999999995;194.872;20.61;19.28;15.29;11.299999999999999;8.64;15.29;12.63;11.299999999999999;261.169
1839;14.29;12.959999999999999;12.959999999999999;12.959999999999999;12.959999999999999;12.959999999999999;12.959999999999999;12.959999999999999;12.959999999999999;12.959999999999999;12.959999999999999;12.959999999999999;12.959999999999999;12.959999999999999;12.959999999999999;12.959999999999999;12.959999999999999;12.959999999999999;12.959999999999999;12.959999999999999;12.959999999999999;12.959999999999999;12.959999999999999;12.959999999999999;12.959999999999999;12.959999999999999;12.959999999999999;12.959999999999999;12.959999999999999;12.959999999999999
1840;30.25;18.28;12.959999999999999;12.959999999999999;12.959999999999999;12.959999999999999;12.959999999999999;12.959999999999999;12.959999999999999;12.959999999999999;12.959999999999999;12.959999999999999;12.959999999999999;12.959999999999999;12.959999999999999;12.959999999999999;12.959999999999999;12.959999999999999;12.959999999999999;12.959999999999999;12.959999999999999;12.959999999999999;12.959999999999999;12.959999999999999;12.959999999999999;12.959999999999999;12.959999999999999;12.959999999999999;12.959999999999999;12.959999999999999
1841;9.969999999999999;8.64;8.64;8.64;8.64;8.64;8.64;8.64;8.64;8.64;8.64;8.64;8.64;8.64;8.64;8.64;8.64;8.64;8.64;8.64;8.64;8.64;8.64;8.64;8.64;8.64;8.64;8.64;8.64;8.64
1842;952.452;26.589999999999996;34.57;21.27;133.103;24.951999999999998;17.28;19.939999999999998;149.67;21.27;25.26;25.26;21.27;21.27;165.504;21.27;21.27;17.28;29.25;17.28;182.99;21.27;25.26;18.61;17.28;17.28;19.939999999999998;18.61;18.61;234.50599999999997
1843;243.974;27.590000000000003;22.27;24.93;131.963;14.29;12.959999999999999;12.959999999999999;146.826;12.959999999999999;12.959999999999999;12.959999999999999;12.959999999999999;12.959999999999999;12.959999999999999;12.959999999999999;12.959999999999999;12.959999999999999;12.959999999999999;12.959999999999999;12.959999999999999;12.959999999999999;12.959999999999999;12.959999999999999;12.959999999999999;12.959999999999999;12.959999999999999;12.959999999999999;12.959999999999999;15.62
1844;19.61;12.959999999999999;15.62;12.959999999999999;12.959999999999999;12.959999999999999;12.959999999999999;12.959999999999999;12.959999999999999;12.959999999999999;12.959999999999999;12.959999999999999;12.959999999999999;12.959999999999999;12.959999999999999;12.959999999999999;12.959999999999999;12.959999999999999;12.959999999999999;12.959999999999999;12.959999999999999;12.959999999999999;12.959999999999999;12.959999999999999;12.959999999999999;12.959999999999999;12.959999999999999;12.959999999999999;12.959999999999999;12.959999999999999
1845;9.969999999999999;8.64;8.64;8.64;8.64;8.64;8.64;8.64;8.64;8.64;8.64;8.64;8.64;8.64;8.64;8.64;8.64;8.64;8.64;8.64;8.64;8.64;8.64;8.64;8.64;8.64;8.64;8.64;8.64;8.64
1846;1508.538;27.590000000000003;32.91;26.259999999999998;149.882;16.95;12.959999999999999;18.28;151.772;26.259999999999998;15.62;19.61;19.61;16.95;165.429;19.61;12.959999999999999;12.959999999999999;46.21;15.62;171.022;16.95;18.28;12.959999999999999;12.959999999999999;12.959999999999999;12.959999999999999;12.959999999999999;14.29;221.38400000000001
1847;1086.788;18.28;23.6;23.6;124.476;22.27;12.959999999999999;19.61;156.396;15.62;19.61;16.95;27.590000000000003;20.94;163.522;15.62;16.95;12.959999999999999;50.2;14.29;171.495;14.29;14.29;12.959999999999999;12.959999999999999;12.959999999999999;12.959999999999999;12.959999999999999;16.95;189.541
1848;1817.188;28.59;24.6;20.61;90.87899999999999;13.959999999999999;8.64;19.28;154.018;39.23;21.939999999999998;20.61;23.270000000000003;19.28;145.189;13.959999999999999;11.299999999999999;8.64;63.17;15.29;192.007;16.62;20.61;15.29;11.299999999999999;8.64;25.93;20.61;11.299999999999999;246.98000000000002
1849;56.45;13.959999999999999;8.64;8.64;8.64;8.64;8.64;8.64;8.64;8.64;8.64;8.64;8.64;8.64;8.64;8.64;8.64;8.64;8.64;8.64;8.64;8.64;8.64;8.64;8.64;8.64;8.64;8.64;8.64;8.64
1850;9.969999999999999;8.64;8.64;8.64;8.64;8.64;8.64;8.64;8.64;8.64;8.64;8.64;8.64;8.64;8.64;8.64;8.64;8.64;8.64;8.64;8.64;8.64;8.64;8.64;8.64;8.64;8.64;8.64;8.64;8.64
1851;1314.946;19.61;19.61;27.590000000000003;146.90499999999997;23.6;12.959999999999999;24.93;156.5;18.28;20.94;23.6;28.92;28.92;183.92000000000002;14.29;12.959999999999999;12.959999999999999;74.13999999999999;20.94;209.38600000000002;16.95;15.62;15.62;15.62;12.959999999999999;18.28;12.959999999999999;15.62;248.947
1852;694.62;23.6;19.61;28.92;127.18299999999999;25.952;12.959999999999999;20.94;148.74300000000002;19.61;18.28;18.28;12.959999999999999;12.959999999999999;12.959999999999999;12.959999999999999;12.959999999999999;12.959999999999999;14.29;12.959999999999999;12.959999999999999;12.959999999999999;12.959999999999999;12.959999999999999;12.959999999999999;12.959999999999999;12.959999999999999;12.959999999999999;12.959999999999999;15.62
1853;14.29;12.959999999999999;12.959999999999999;12.959999999999999;12.959999999999999;12.959999999999999;12.959999999999999;12.959999999999999;12.959999999999999;12.959999999999999;12.959999999999999;12.959999999999999;12.959999999999999;12.959999999999999;12.959999999999999;12.959999999999999;12.959999999999999;12.959999999999999;12.959999999999999;12.959999999999999;12.959999999999999;12.959999999999999;12.959999999999999;12.959999999999999;12.959999999999999;12.959999999999999;12.959999999999999;12.959999999999999;12.959999999999999;12.959999999999999
1854;61.007999999999996;18.28;12.959999999999999;12.959999999999999;106.08900000000001;14.29;12.959999999999999;12.959999999999999;12.959999999999999;12.959999999999999;12.959999999999999;12.959999999999999;12.959999999999999;12.959999999999999;12.959999999999999;12.959999999999999;12.959999999999999;12.959999999999999;12.959999999999999;12.959999999999999;12.959999999999999;12.959999999999999;12.959999999999999;12.959999999999999;12.959999999999999;12.959999999999999;12.959999999999999;12.959999999999999;12.959999999999999;12.959999999999999
1855;56.85;15.62;12.959999999999999;12.959999999999999;12.959999999999999;12.959999999999999;12.959999999999999;12.959999999999999;12.959999999999999;12.959999999999999;12.959999999999999;12.959999999999999;12.959999999999999;12.959999999999999;12.959999999999999;12.959999999999999;12.959999999999999;12.959999999999999;12.959999999999999;12.959999999999999;12.959999999999999;12.959999999999999;12.959999999999999;12.959999999999999;12.959999999999999;12.959999999999999;12.959999999999999;12.959999999999999;12.959999999999999;14.29
1856;204.01000000000002;23.270000000000003;12.63;11.299999999999999;111.81200000000001;8.64;8.64;8.64;8.64;8.64;8.64;8.64;8.64;8.64;8.64;8.64;8.64;8.64;12.63;8.64;8.64;8.64;8.64;8.64;8.64;8.64;8.64;8.64;8.64;12.63
1857;1701.2060000000001;27.590000000000003;38.230000000000004;38.230000000000004;133.833;49.583999999999996;12.959999999999999;40.89;189.65099999999998;44.879999999999995;85.83;42.22;58.18000000000001;36.9;192.549;34.239999999999995;23.6;12.959999999999999;67.49;38.944;233.723;22.27;23.6;32.602000000000004;34.17;12.959999999999999;12.959999999999999;19.61;36.592;250.656
1858;55.19;21.939999999999998;8.64;8.64;8.64;8.64;8.64;8.64;8.64;8.64;8.64;8.64;8.64;8.64;8.64;8.64;8.64;8.64;11.299999999999999;8.64;8.64;8.64;8.64;8.64;8.64;8.64;8.64;8.64;8.64;8.64
1859;67.16;11.299999999999999;13.959999999999999;8.64;103.48299999999999;8.64;8.64;8.64;8.64;8.64;8.64;8.64;8.64;8.64;8.64;8.64;8.64;8.64;9.969999999999999;8.64;8.64;8.64;8.64;8.64;8.64;8.64;8.64;8.64;8.64;8.64
1860;1063.604;34.239999999999995;18.28;16.95;117.46200000000002;19.61;12.959999999999999;18.28;146.036;18.28;16.95;16.95;20.94;16.95;152.637;14.29;12.959999999999999;12.959999999999999;12.959999999999999;12.959999999999999;146.624;12.959999999999999;12.959999999999999;15.62;14.29;12.959999999999999;19.61;12.959999999999999;16.95;22.27
1861;1420.464;24.93;26.259999999999998;18.28;139.19500000000002;15.62;12.959999999999999;19.61;151.40300000000002;15.62;15.62;18.28;22.27;20.94;170.214;19.61;15.62;12.959999999999999;38.230000000000004;18.28;199.031;15.62;20.94;18.28;15.62;12.959999999999999;19.61;15.62;19.61;253.799
1862;1822.06;37.900000000000006;39.23;23.270000000000003;117.974;29.919999999999998;8.64;23.270000000000003;154.159;20.61;13.959999999999999;13.959999999999999;21.939999999999998;21.939999999999998;161.114;13.959999999999999;8.64;8.64;53.86000000000001;21.939999999999998;189.54199999999997;12.63;13.959999999999999;20.61;13.959999999999999;8.64;13.959999999999999;9.969999999999999;27.498;242.49200000000002
1863;2686.4139999999998;38.230000000000004;36.9;32.91;128.99599999999998;36.592;12.959999999999999;31.58;171.051;38.230000000000004;32.91;43.55;34.239999999999995;26.259999999999998;163.205;24.93;18.28;12.959999999999999;43.55;19.61;195.358;23.6;19.61;14.29;14.29;12.959999999999999;27.590000000000003;12.959999999999999;18.28;263.951
1864;107.77400000000002;11.299999999999999;15.29;9.969999999999999;8.64;8.64;8.64;8.64;8.64;8.64;8.64;8.64;8.64;8.64;8.64;8.64;8.64;8.64;8.64;8.64;8.64;8.64;8.64;8.64;8.64;8.64;8.64;8.64;8.64;8.64
1865;37.230000000000004;19.939999999999998;18.61;17.28;17.28;17.28;17.28;17.28;17.28;17.28;17.28;17.28;17.28;17.28;17.28;17.28;17.28;17.28;17.28;17.28;17.28;17.28;17.28;17.28;17.28;17.28;17.28;17.28;17.28;17.28
1866;74.13999999999999;19.61;12.959999999999999;15.62;97.797;19.302;12.959999999999999;12.959999999999999;12.959999999999999;12.959999999999999;12.959999999999999;12.959999999999999;12.959999999999999;12.959999999999999;12.959999999999999;12.959999999999999;12.959999999999999;12.959999999999999;12.959999999999999;12.959999999999999;12.959999999999999;12.959999999999999;12.959999999999999;12.959999999999999;12.959999999999999;12.959999999999999;12.959999999999999;12.959999999999999;12.959999999999999;15.62
1867;9.969999999999999;8.64;8.64;8.64;8.64;8.64;8.64;8.64;8.64;8.64;8.64;8.64;8.64;8.64;8.64;8.64;8.64;8.64;8.64;8.64;8.64;8.64;8.64;8.64;8.64;8.64;8.64;8.64;8.64;8.64
1868;2022.8359999999998;37.230000000000004;49.2;41.22;131.74099999999999;60.554;17.28;35.9;177.236;63.83;43.879999999999995;43.879999999999995;46.540000000000006;35.9;179.287;49.2;31.91;17.28;57.18;43.572;207.63;35.9;33.24;43.572;50.39;17.28;35.9;26.589999999999996;30.58;271.414
1869;1712.372;57.18;33.24;34.57;140.49099999999999;31.602;17.28;33.24;153.702;43.879999999999995;19.939999999999998;26.589999999999996;25.26;34.57;166.351;23.93;25.26;17.28;59.839999999999996;31.91;209.882;49.2;34.57;19.939999999999998;17.28;17.28;26.589999999999996;22.599999999999998;32.932;282.63599999999997
1870;864.566;16.95;18.28;12.959999999999999;118.83899999999998;14.29;12.959999999999999;12.959999999999999;145.075;12.959999999999999;12.959999999999999;12.959999999999999;12.959999999999999;19.61;169.414;12.959999999999999;12.959999999999999;12.959999999999999;22.27;18.28;203.006;12.959999999999999;12.959999999999999;14.29;14.29;12.959999999999999;14.29;12.959999999999999;15.62;235.501
1871;797.3100000000002;15.62;20.94;18.28;110.126;12.959999999999999;12.959999999999999;12.959999999999999;139.06900000000002;19.61;16.95;16.95;16.95;16.95;156.186;12.959999999999999;15.62;12.959999999999999;26.259999999999998;12.959999999999999;181.694;16.95;14.29;14.29;15.62;12.959999999999999;15.62;14.29;15.62;231.464
1872;785.522;15.62;28.92;16.95;116.45400000000001;23.292;12.959999999999999;18.28;140.21099999999998;31.58;24.93;26.259999999999998;20.94;18.28;150.341;18.28;18.28;12.959999999999999;19.61;14.29;185.362;15.62;12.959999999999999;19.61;14.29;12.959999999999999;15.62;15.62;14.29;19.61
1873;19.939999999999998;17.28;17.28;17.28;17.28;17.28;17.28;17.28;17.28;17.28;17.28;17.28;17.28;17.28;17.28;17.28;17.28;17.28;17.28;17.28;17.28;17.28;17.28;17.28;17.28;17.28;17.28;17.28;17.28;17.28
1874;634.972;19.28;17.95;23.270000000000003;118.19200000000001;20.61;8.64;12.63;132.63400000000001;8.64;8.64;8.64;11.299999999999999;8.64;133.219;8.64;8.64;8.64;8.64;8.64;8.64;8.64;8.64;8.64;8.64;8.64;8.64;8.64;8.64;9.969999999999999
1875;9.969999999999999;8.64;8.64;8.64;8.64;8.64;8.64;8.64;8.64;8.64;8.64;8.64;8.64;8.64;8.64;8.64;8.64;8.64;8.64;8.64;8.64;8.64;8.64;8.64;8.64;8.64;8.64;8.64;8.64;8.64
1876;9.969999999999999;8.64;8.64;8.64;8.64;8.64;8.64;8.64;8.64;8.64;8.64;8.64;8.64;8.64;8.64;8.64;8.64;8.64;8.64;8.64;8.64;8.64;8.64;8.64;8.64;8.64;8.64;8.64;8.64;8.64
1877;16.62;8.64;8.64;8.64;8.64;8.64;8.64;8.64;8.64;8.64;8.64;8.64;8.64;8.64;8.64;8.64;8.64;8.64;8.64;8.64;8.64;8.64;8.64;8.64;8.64;8.64;8.64;8.64;8.64;8.64
1878;1581.8980000000001;20.94;12.959999999999999;12.959999999999999;90.41399999999999;12.959999999999999;12.959999999999999;18.28;120.96199999999999;12.959999999999999;12.959999999999999;15.62;22.27;19.61;136.635;12.959999999999999;12.959999999999999;12.959999999999999;34.239999999999995;12.959999999999999;169.801;15.62;15.62;18.28;15.62;12.959999999999999;15.62;15.62;22.27;218.199
1879;224.002;17.95;11.299999999999999;13.959999999999999;124.193;8.64;8.64;8.64;8.64;8.64;8.64;8.64;8.64;8.64;8.64;8.64;8.64;8.64;8.64;8.64;8.64;8.64;8.64;8.64;8.64;8.64;8.64;8.64;8.64;9.969999999999999
1880;162.15800000000002;14.29;14.29;15.62;128.82999999999998;12.959999999999999;12.959999999999999;14.29;138.014;12.959999999999999;12.959999999999999;12.959999999999999;12.959999999999999;12.959999999999999;119.786;12.959999999999999;12.959999999999999;12.959999999999999;12.959999999999999;12.959999999999999;12.959999999999999;12.959999999999999;12.959999999999999;12.959999999999999;12.959999999999999;12.959999999999999;12.959999999999999;12.959999999999999;12.959999999999999;12.959999999999999
1881;583.978;14.29;12.959999999999999;32.91;102.52499999999999;18.28;12.959999999999999;16.95;138.014;19.61;12.959999999999999;15.62;15.62;12.959999999999999;111.76400000000001;12.959999999999999;12.959999999999999;12.959999999999999;16.95;12.959999999999999;12.959999999999999;12.959999999999999;12.959999999999999;12.959999999999999;12.959999999999999;12.959999999999999;12.959999999999999;12.959999999999999;12.959999999999999;14.29
1882;1152.6779999999999;20.61;17.95;17.95;117.184;34.316;8.64;11.299999999999999;156.118;28.59;17.95;20.61;15.29;15.29;170.09199999999998;17.95;11.299999999999999;8.64;16.62;8.64;202.08400000000003;9.969999999999999;8.64;9.969999999999999;9.969999999999999;8.64;11.299999999999999;9.969999999999999;12.63;172.201
1883;654.706;14.29;14.29;15.62;112.786;12.959999999999999;12.959999999999999;14.29;130.356;12.959999999999999;12.959999999999999;15.62;15.62;16.95;150.61599999999999;12.959999999999999;12.959999999999999;12.959999999999999;24.93;15.62;198.54299999999998;14.29;15.62;12.959999999999999;12.959999999999999;12.959999999999999;12.959999999999999;12.959999999999999;15.62;223.078
1884;221.322;28.92;27.590000000000003;20.94;128.565;26.259999999999998;12.959999999999999;23.6;153.60000000000002;20.94;12.959999999999999;12.959999999999999;12.959999999999999;12.959999999999999;12.959999999999999;12.959999999999999;12.959999999999999;12.959999999999999;12.959999999999999;12.959999999999999;12.959999999999999;12.959999999999999;12.959999999999999;12.959999999999999;12.959999999999999;12.959999999999999;12.959999999999999;12.959999999999999;12.959999999999999;12.959999999999999
1885;269.748;18.28;15.62;12.959999999999999;86.377;15.62;12.959999999999999;14.29;84.23500000000001;12.959999999999999;12.959999999999999;12.959999999999999;12.959999999999999;12.959999999999999;12.959999999999999;12.959999999999999;12.959999999999999;12.959999999999999;12.959999999999999;12.959999999999999;12.959999999999999;12.959999999999999;12.959999999999999;12.959999999999999;12.959999999999999;12.959999999999999;12.959999999999999;12.959999999999999;12.959999999999999;12.959999999999999
1886;9.969999999999999;8.64;8.64;8.64;8.64;8.64;8.64;8.64;8.64;8.64;8.64;8.64;8.64;8.64;8.64;8.64;8.64;8.64;8.64;8.64;8.64;8.64;8.64;8.64;8.64;8.64;8.64;8.64;8.64;8.64
1887;280.72999999999996;20.61;19.28;17.95;134.189;26.951999999999998;8.64;19.28;13.959999999999999;11.299999999999999;9.969999999999999;11.299999999999999;8.64;9.969999999999999;8.64;8.64;8.64;8.64;8.64;8.64;8.64;8.64;8.64;8.64;8.64;8.64;8.64;8.64;8.64;8.64
1888;367.146;28.92;27.590000000000003;27.590000000000003;115.446;22.27;12.959999999999999;16.95;151.886;14.29;12.959999999999999;12.959999999999999;12.959999999999999;12.959999999999999;12.959999999999999;12.959999999999999;12.959999999999999;12.959999999999999;12.959999999999999;12.959999999999999;12.959999999999999;12.959999999999999;12.959999999999999;12.959999999999999;12.959999999999999;12.959999999999999;12.959999999999999;12.959999999999999;12.959999999999999;12.959999999999999
1889;365.39599999999996;26.259999999999998;28.92;26.259999999999998;107.523;18.28;12.959999999999999;14.29;136.414;18.28;12.959999999999999;19.61;20.94;22.27;153.687;12.959999999999999;12.959999999999999;12.959999999999999;12.959999999999999;12.959999999999999;12.959999999999999;12.959999999999999;12.959999999999999;12.959999999999999;12.959999999999999;12.959999999999999;12.959999999999999;12.959999999999999;12.959999999999999;12.959999999999999
1890;1290.398;33.24;38.56;26.589999999999996;153.189;23.93;17.28;26.589999999999996;174.063;30.58;31.91;26.589999999999996;27.919999999999998;23.93;186.915;22.599999999999998;22.599999999999998;17.28;37.230000000000004;21.27;218.26800000000003;21.27;23.93;23.93;19.939999999999998;17.28;22.599999999999998;19.939999999999998;19.939999999999998;255.454
1891;840.688;19.28;20.61;21.939999999999998;124.738;32.986000000000004;8.64;23.270000000000003;155.447;37.900000000000006;41.44199999999999;23.270000000000003;21.939999999999998;27.259999999999998;165.369;29.919999999999998;20.61;8.64;44.550000000000004;21.939999999999998;184.98;13.959999999999999;16.62;15.29;13.959999999999999;8.64;20.61;15.29;21.939999999999998;238.901
1892;2664.6079999999997;29.919999999999998;33.91;25.93;147.526;36.976;8.64;21.939999999999998;168.452;28.59;68.92399999999999;21.939999999999998;29.919999999999998;20.61;186.463;24.6;15.29;8.64;36.57;37.284;235.61200000000002;16.62;16.62;17.95;27.973999999999997;8.64;13.959999999999999;28.59;30.158;278.40200000000004
1893;9.969999999999999;8.64;8.64;8.64;8.64;8.64;8.64;8.64;8.64;8.64;8.64;8.64;8.64;8.64;8.64;8.64;8.64;8.64;8.64;8.64;8.64;8.64;8.64;8.64;8.64;8.64;8.64;8.64;8.64;8.64
1894;1242.9100000000003;42.55;35.9;35.9;127.84000000000002;27.919999999999998;17.28;29.25;170.447;43.879999999999995;37.230000000000004;41.22;39.89;30.58;183.782;41.22;31.91;17.28;105.06;27.919999999999998;217.899;23.93;39.89;21.27;22.599999999999998;17.28;31.91;22.599999999999998;26.589999999999996;256.46700000000004
1895;1641.0759999999998;42.22;34.239999999999995;31.58;119.441;20.94;12.959999999999999;19.61;127.99100000000001;36.9;14.29;20.94;23.6;14.29;146.995;12.959999999999999;12.959999999999999;12.959999999999999;24.93;12.959999999999999;153.559;12.959999999999999;12.959999999999999;12.959999999999999;14.29;12.959999999999999;15.62;12.959999999999999;15.62;211.762
1896;2303.058;52.53;29.919999999999998;32.58;106.45499999999998;39.636;8.64;36.57;178.31199999999998;45.88;65.48;52.53;51.199999999999996;32.58;182.11399999999998;52.53;29.919999999999998;8.64;96.42;49.254000000000005;218.399;29.919999999999998;25.93;23.270000000000003;24.6;8.64;36.57;24.6;24.6;247.29199999999997
1897;241.62800000000001;11.299999999999999;11.299999999999999;8.64;119.834;8.64;8.64;8.64;109.66999999999999;8.64;8.64;8.64;8.64;8.64;8.64;8.64;8.64;8.64;11.299999999999999;8.64;8.64;8.64;8.64;8.64;8.64;8.64;8.64;8.64;8.64;8.64
1898;591.852;9.969999999999999;8.64;8.64;118.93;8.64;8.64;9.969999999999999;114.029;8.64;8.64;8.64;8.64;8.64;8.64;8.64;8.64;8.64;11.299999999999999;8.64;8.64;8.64;8.64;8.64;8.64;8.64;8.64;8.64;8.64;9.969999999999999
1899;216.94000000000003;24.93;20.94;22.27;109.809;12.959999999999999;12.959999999999999;12.959999999999999;111.013;12.959999999999999;12.959999999999999;12.959999999999999;12.959999999999999;12.959999999999999;12.959999999999999;12.959999999999999;12.959999999999999;12.959999999999999;15.62;12.959999999999999;12.959999999999999;12.959999999999999;12.959999999999999;12.959999999999999;12.959999999999999;12.959999999999999;12.959999999999999;12.959999999999999;12.959999999999999;15.62
1900;652.802;22.27;23.6;23.6;140.52499999999998;32.364;12.959999999999999;19.61;158.97199999999998;42.22;121.81;27.590000000000003;23.6;16.95;165.377;15.62;15.62;12.959999999999999;15.62;12.959999999999999;184.03199999999998;12.959999999999999;12.959999999999999;14.29;12.959999999999999;12.959999999999999;12.959999999999999;12.959999999999999;12.959999999999999;20.94
1901;63.5;16.95;12.959999999999999;12.959999999999999;12.959999999999999;12.959999999999999;12.959999999999999;12.959999999999999;12.959999999999999;12.959999999999999;12.959999999999999;12.959999999999999;12.959999999999999;12.959999999999999;12.959999999999999;12.959999999999999;12.959999999999999;12.959999999999999;12.959999999999999;12.959999999999999;12.959999999999999;12.959999999999999;12.959999999999999;12.959999999999999;12.959999999999999;12.959999999999999;12.959999999999999;12.959999999999999;12.959999999999999;15.62
1902;421.54999999999995;31.58;16.95;14.29;125.48400000000001;15.62;12.959999999999999;12.959999999999999;94.96900000000001;12.959999999999999;12.959999999999999;12.959999999999999;12.959999999999999;12.959999999999999;12.959999999999999;12.959999999999999;12.959999999999999;12.959999999999999;15.62;12.959999999999999;12.959999999999999;12.959999999999999;12.959999999999999;12.959999999999999;12.959999999999999;12.959999999999999;12.959999999999999;12.959999999999999;12.959999999999999;16.95
1903;9.969999999999999;8.64;8.64;8.64;8.64;8.64;8.64;8.64;8.64;8.64;8.64;8.64;8.64;8.64;8.64;8.64;8.64;8.64;8.64;8.64;8.64;8.64;8.64;8.64;8.64;8.64;8.64;8.64;8.64;8.64
1904;55.666000000000004;8.64;8.64;11.299999999999999;116.285;9.969999999999999;8.64;8.64;8.64;8.64;8.64;8.64;8.64;8.64;8.64;8.64;8.64;8.64;8.64;8.64;8.64;8.64;8.64;8.64;8.64;8.64;8.64;8.64;8.64;8.64
1905;905.7120000000001;20.94;19.61;14.29;124.15899999999999;14.29;12.959999999999999;16.95;140.03;16.95;14.29;15.62;16.95;15.62;165.377;12.959999999999999;12.959999999999999;12.959999999999999;14.29;12.959999999999999;176.171;15.62;12.959999999999999;16.95;16.95;12.959999999999999;18.28;12.959999999999999;15.62;18.28
1906;1224.0500000000002;32.58;32.58;36.57;99.81;38.614;8.64;29.919999999999998;156.034;47.209999999999994;67.804;55.19;36.57;32.58;181.38099999999997;37.900000000000006;28.59;8.64;84.44999999999999;42.604;200.43;20.61;21.939999999999998;26.168;30.396;8.64;28.59;25.93;39.468;267.21000000000004
1907;2012.5159999999998;60.51;40.56;40.56;126.811;68.28;8.64;19.28;186.017;63.17;29.373999999999995;47.209999999999994;43.22;39.23;185.11600000000004;43.22;29.919999999999998;8.64;81.78999999999999;54.09799999999999;205.822;37.900000000000006;28.59;23.270000000000003;25.384;8.64;20.61;16.62;29.919999999999998;267.97999999999996
1908;1487.118;20.94;32.91;23.6;127.83200000000001;35.976;12.959999999999999;16.95;134.034;30.25;16.95;34.239999999999995;16.95;23.6;154.118;12.959999999999999;15.62;12.959999999999999;54.19;18.28;195.08799999999997;16.95;12.959999999999999;16.95;12.959999999999999;12.959999999999999;15.62;12.959999999999999;16.95;210.69699999999997
1909;1414.3939999999998;28.59;21.939999999999998;23.270000000000003;128.827;33.056;8.64;31.25;129.256;28.59;19.28;27.259999999999998;29.919999999999998;31.25;156.86899999999997;23.270000000000003;11.299999999999999;8.64;43.22;17.95;176.48499999999999;19.28;32.58;20.61;15.29;8.64;23.270000000000003;16.62;19.28;238.48000000000002
1910;9.969999999999999;8.64;8.64;8.64;8.64;8.64;8.64;8.64;8.64;8.64;8.64;8.64;8.64;8.64;8.64;8.64;8.64;8.64;8.64;8.64;8.64;8.64;8.64;8.64;8.64;8.64;8.64;8.64;8.64;8.64
1911;1890.928;23.93;26.589999999999996;22.599999999999998;147.287;37.636;17.28;27.919999999999998;176.458;38.56;81.00800000000001;29.25;34.57;23.93;173.392;27.919999999999998;25.26;17.28;29.25;37.944;218.131;22.599999999999998;23.93;28.941999999999997;44.286;17.28;21.27;18.61;23.383999999999997;265.128
1912;62.169999999999995;12.959999999999999;12.959999999999999;12.959999999999999;132.228;12.959999999999999;12.959999999999999;12.959999999999999;12.959999999999999;12.959999999999999;12.959999999999999;12.959999999999999;12.959999999999999;12.959999999999999;12.959999999999999;12.959999999999999;12.959999999999999;12.959999999999999;12.959999999999999;12.959999999999999;12.959999999999999;12.959999999999999;12.959999999999999;12.959999999999999;12.959999999999999;12.959999999999999;12.959999999999999;12.959999999999999;12.959999999999999;14.29
1913;99.41;12.959999999999999;12.959999999999999;12.959999999999999;120.13199999999999;12.959999999999999;12.959999999999999;12.959999999999999;12.959999999999999;12.959999999999999;12.959999999999999;12.959999999999999;12.959999999999999;12.959999999999999;12.959999999999999;12.959999999999999;12.959999999999999;12.959999999999999;12.959999999999999;12.959999999999999;12.959999999999999;12.959999999999999;12.959999999999999;12.959999999999999;12.959999999999999;12.959999999999999;12.959999999999999;12.959999999999999;12.959999999999999;12.959999999999999
1914;1327.2659999999998;30.25;30.25;26.259999999999998;150.47899999999998;29.704;12.959999999999999;24.93;165.067;28.92;23.6;24.93;20.94;20.94;180.096;20.94;22.27;12.959999999999999;35.57000000000001;26.259999999999998;204.071;16.95;14.29;16.95;15.62;12.959999999999999;22.27;12.959999999999999;15.62;249.96500000000003
1915;2883.7500000000005;53.86000000000001;24.6;25.93;128.827;32.58;8.64;20.61;153.67600000000002;28.59;15.29;25.93;21.939999999999998;29.919999999999998;179.885;35.239999999999995;29.919999999999998;8.64;60.51;42.842000000000006;215.35399999999998;16.62;16.62;19.518;28.757999999999996;8.64;16.62;17.95;9.969999999999999;229.80900000000003
1916;467.06399999999996;42.22;16.95;22.27;125.16699999999997;20.94;12.959999999999999;20.94;108.036;12.959999999999999;12.959999999999999;12.959999999999999;12.959999999999999;12.959999999999999;12.959999999999999;12.959999999999999;12.959999999999999;12.959999999999999;12.959999999999999;12.959999999999999;12.959999999999999;12.959999999999999;12.959999999999999;12.959999999999999;12.959999999999999;12.959999999999999;12.959999999999999;12.959999999999999;12.959999999999999;14.29
1917;26.259999999999998;12.959999999999999;12.959999999999999;12.959999999999999;12.959999999999999;12.959999999999999;12.959999999999999;12.959999999999999;12.959999999999999;12.959999999999999;12.959999999999999;12.959999999999999;12.959999999999999;12.959999999999999;12.959999999999999;12.959999999999999;12.959999999999999;12.959999999999999;12.959999999999999;12.959999999999999;12.959999999999999;12.959999999999999;12.959999999999999;12.959999999999999;12.959999999999999;12.959999999999999;12.959999999999999;12.959999999999999;12.959999999999999;12.959999999999999
1918;1301.9959999999996;34.239999999999995;24.93;24.93;137.179;35.976;12.959999999999999;20.94;155.995;30.25;18.28;26.259999999999998;31.58;26.259999999999998;137.64799999999997;30.25;24.93;12.959999999999999;36.9;41.604;191.219;24.93;16.95;27.282;36.522000000000006;12.959999999999999;20.94;19.61;26.497999999999998;230.3
1919;87.11;28.59;8.64;13.959999999999999;8.64;12.63;8.64;12.63;12.63;8.64;8.64;8.64;9.969999999999999;8.64;8.64;8.64;8.64;8.64;8.64;8.64;8.64;8.64;8.64;8.64;8.64;8.64;8.64;8.64;8.64;11.299999999999999
1920;482.918;25.93;17.95;35.239999999999995;103.84200000000001;35.408;8.64;21.939999999999998;141.357;25.93;11.299999999999999;19.28;21.939999999999998;9.969999999999999;135.869;8.64;8.64;8.64;11.299999999999999;8.64;8.64;8.64;8.64;8.64;8.64;8.64;8.64;8.64;8.64;11.299999999999999
1921;124.918;15.62;12.959999999999999;12.959999999999999;100.99199999999999;12.959999999999999;12.959999999999999;12.959999999999999;48.848;12.959999999999999;12.959999999999999;12.959999999999999;12.959999999999999;12.959999999999999;12.959999999999999;12.959999999999999;12.959999999999999;12.959999999999999;12.959999999999999;12.959999999999999;12.959999999999999;12.959999999999999;12.959999999999999;12.959999999999999;12.959999999999999;12.959999999999999;12.959999999999999;12.959999999999999;12.959999999999999;12.959999999999999
1922;18.61;17.28;17.28;17.28;17.28;17.28;17.28;17.28;17.28;17.28;17.28;17.28;17.28;17.28;17.28;17.28;17.28;17.28;17.28;17.28;17.28;17.28;17.28;17.28;17.28;17.28;17.28;17.28;17.28;17.28
1923;382.384;17.95;15.29;8.64;107.136;21.632;8.64;17.95;140.386;16.62;11.299999999999999;13.959999999999999;8.64;11.299999999999999;141.184;13.959999999999999;13.959999999999999;8.64;8.64;8.64;160.60200000000003;8.64;8.64;8.64;8.64;8.64;8.64;8.64;8.64;171.837
1924;14.29;12.959999999999999;12.959999999999999;12.959999999999999;12.959999999999999;12.959999999999999;12.959999999999999;12.959999999999999;12.959999999999999;12.959999999999999;12.959999999999999;12.959999999999999;12.959999999999999;12.959999999999999;12.959999999999999;12.959999999999999;12.959999999999999;12.959999999999999;12.959999999999999;12.959999999999999;12.959999999999999;12.959999999999999;12.959999999999999;12.959999999999999;12.959999999999999;12.959999999999999;12.959999999999999;12.959999999999999;12.959999999999999;12.959999999999999
1925;27.919999999999998;17.28;17.28;17.28;17.28;17.28;17.28;17.28;17.28;17.28;17.28;17.28;17.28;17.28;17.28;17.28;17.28;17.28;17.28;17.28;17.28;17.28;17.28;17.28;17.28;17.28;17.28;17.28;17.28;17.28
1926;1010.334;22.27;19.61;16.95;108.80099999999999;18.28;12.959999999999999;23.6;130.589;24.93;18.28;20.94;15.62;15.62;165.00799999999998;14.29;12.959999999999999;12.959999999999999;15.62;12.959999999999999;172.124;12.959999999999999;12.959999999999999;12.959999999999999;15.62;12.959999999999999;12.959999999999999;12.959999999999999;16.95;164.02100000000002
1927;152.394;42.55;34.57;17.28;17.28;17.28;17.28;17.28;17.28;17.28;17.28;17.28;17.28;17.28;17.28;17.28;17.28;17.28;17.28;17.28;17.28;17.28;17.28;17.28;17.28;17.28;17.28;17.28;17.28;22.599999999999998
1928;140.646;20.61;16.62;8.64;115.158;8.64;8.64;11.299999999999999;12.63;31.25;11.299999999999999;11.299999999999999;8.64;8.64;8.64;8.64;8.64;8.64;11.299999999999999;8.64;8.64;8.64;8.64;8.64;8.64;8.64;8.64;8.64;8.64;11.299999999999999
1929;773.32;13.959999999999999;11.299999999999999;8.64;110.68499999999999;24.768;8.64;8.64;114.346;8.64;8.64;11.299999999999999;8.64;12.63;135.97799999999998;8.64;8.64;8.64;17.95;8.64;161.756;8.64;8.64;8.64;8.64;8.64;8.64;8.64;8.64;9.969999999999999
1930;31.58;15.62;12.959999999999999;12.959999999999999;12.959999999999999;12.959999999999999;12.959999999999999;12.959999999999999;12.959999999999999;12.959999999999999;12.959999999999999;12.959999999999999;12.959999999999999;12.959999999999999;12.959999999999999;12.959999999999999;12.959999999999999;12.959999999999999;12.959999999999999;12.959999999999999;12.959999999999999;12.959999999999999;12.959999999999999;12.959999999999999;12.959999999999999;12.959999999999999;12.959999999999999;12.959999999999999;12.959999999999999;12.959999999999999
1931;14.29;12.959999999999999;12.959999999999999;12.959999999999999;12.959999999999999;12.959999999999999;12.959999999999999;12.959999999999999;12.959999999999999;12.959999999999999;12.959999999999999;12.959999999999999;12.959999999999999;12.959999999999999;12.959999999999999;12.959999999999999;12.959999999999999;12.959999999999999;12.959999999999999;12.959999999999999;12.959999999999999;12.959999999999999;12.959999999999999;12.959999999999999;12.959999999999999;12.959999999999999;12.959999999999999;12.959999999999999;12.959999999999999;12.959999999999999
1932;9.969999999999999;8.64;8.64;8.64;8.64;8.64;8.64;8.64;8.64;8.64;8.64;8.64;8.64;8.64;8.64;8.64;8.64;8.64;8.64;8.64;8.64;8.64;8.64;8.64;8.64;8.64;8.64;8.64;8.64;8.64
1933;1417.6440000000002;34.57;34.57;38.56;113.542;43.739999999999995;17.28;43.879999999999995;166.40999999999997;39.89;68.8;21.27;38.56;29.25;188.317;25.26;17.28;17.28;51.86;39.274;198.99200000000002;26.589999999999996;18.61;23.93;44.593999999999994;17.28;17.28;19.939999999999998;30.58;254.674
1934;220.25799999999998;24.93;16.95;20.94;112.14699999999999;12.959999999999999;12.959999999999999;12.959999999999999;12.959999999999999;12.959999999999999;12.959999999999999;12.959999999999999;12.959999999999999;12.959999999999999;12.959999999999999;12.959999999999999;12.959999999999999;12.959999999999999;12.959999999999999;12.959999999999999;12.959999999999999;12.959999999999999;12.959999999999999;12.959999999999999;12.959999999999999;12.959999999999999;12.959999999999999;12.959999999999999;12.959999999999999;15.62
1935;3698.8179999999998;29.25;39.89;58.51;128.432;77.914;17.28;59.839999999999996;182.23899999999998;61.17;59.839999999999996;58.51;45.209999999999994;30.58;184.43099999999998;41.22;29.25;17.28;103.72999999999999;30.58;199.891;30.58;19.939999999999998;31.91;25.26;17.28;26.589999999999996;21.27;39.89;266.379
1936;1217.6319999999998;28.92;24.93;31.58;137.501;26.259999999999998;12.959999999999999;32.91;167.35799999999998;28.92;60.01400000000001;35.57000000000001;32.91;19.61;182.51100000000002;24.93;18.28;12.959999999999999;36.9;25.952;190.19899999999998;18.28;16.95;18.28;15.62;12.959999999999999;18.28;14.29;23.6;243.298
1937;1936.1879999999999;41.89;41.89;25.93;124.151;43.08;8.64;35.239999999999995;195.36899999999997;63.17;87.306;49.87;43.22;35.239999999999995;199.597;52.53;32.58;8.64;45.88;41.274;225.76299999999998;16.62;27.259999999999998;21.939999999999998;47.616;8.64;28.59;23.270000000000003;25.93;292.606
1938;31.25;11.299999999999999;8.64;8.64;8.64;8.64;8.64;8.64;8.64;8.64;8.64;8.64;8.64;8.64;8.64;8.64;8.64;8.64;8.64;8.64;8.64;8.64;8.64;8.64;8.64;8.64;8.64;8.64;8.64;8.64
1939;208.616;49.87;35.239999999999995;19.28;114.472;9.969999999999999;8.64;8.64;116.684;8.64;8.64;8.64;8.64;8.64;8.64;8.64;8.64;8.64;8.64;8.64;8.64;8.64;8.64;8.64;8.64;8.64;8.64;8.64;8.64;11.299999999999999
1940;777.4719999999999;22.27;23.6;19.61;122.82900000000001;20.94;12.959999999999999;20.94;135.359;20.94;22.27;23.6;19.61;18.28;132.967;16.95;20.94;12.959999999999999;22.27;18.28;159.805;12.959999999999999;12.959999999999999;12.959999999999999;12.959999999999999;12.959999999999999;14.29;15.62;12.959999999999999;167.013
1941;1694.03;39.23;44.550000000000004;36.57;149.5;49.967999999999996;8.64;36.57;171.98400000000004;55.19;90.988;83.12;39.23;25.93;194.23;19.28;24.6;8.64;39.23;45.502;217.74599999999998;21.939999999999998;24.6;21.939999999999998;32.272000000000006;8.64;37.900000000000006;13.959999999999999;41.582;285.312
1942;600.714;17.95;12.63;43.22;133.409;35.408;8.64;28.59;135.138;8.64;8.64;11.299999999999999;8.64;8.64;154.509;8.64;8.64;8.64;11.299999999999999;8.64;8.64;8.64;8.64;8.64;8.64;8.64;8.64;8.64;8.64;12.63
1943;9.969999999999999;8.64;8.64;8.64;8.64;8.64;8.64;8.64;8.64;8.64;8.64;8.64;8.64;8.64;8.64;8.64;8.64;8.64;8.64;8.64;8.64;8.64;8.64;8.64;8.64;8.64;8.64;8.64;8.64;8.64
1944;13.959999999999999;8.64;8.64;8.64;8.64;8.64;8.64;8.64;8.64;8.64;8.64;8.64;8.64;8.64;8.64;8.64;8.64;8.64;8.64;8.64;8.64;8.64;8.64;8.64;8.64;8.64;8.64;8.64;8.64;8.64
1945;548.95;27.590000000000003;26.259999999999998;19.61;116.86;14.29;12.959999999999999;15.62;130.356;16.95;12.959999999999999;12.959999999999999;12.959999999999999;12.959999999999999;12.959999999999999;12.959999999999999;12.959999999999999;12.959999999999999;12.959999999999999;12.959999999999999;165.328;12.959999999999999;12.959999999999999;12.959999999999999;12.959999999999999;12.959999999999999;12.959999999999999;12.959999999999999;12.959999999999999;15.62
1946;828.1380000000001;24.93;30.25;24.93;110.13099999999999;12.959999999999999;12.959999999999999;24.93;141.043;24.93;42.08;15.62;18.28;19.61;170.744;19.61;12.959999999999999;12.959999999999999;30.25;20.94;198.912;19.61;14.29;14.29;12.959999999999999;12.959999999999999;22.27;15.62;14.29;240.779
1947;120.052;23.270000000000003;8.64;8.64;9.969999999999999;9.969999999999999;8.64;8.64;8.64;8.64;8.64;8.64;8.64;8.64;8.64;8.64;8.64;8.64;12.63;8.64;8.64;8.64;8.64;8.64;8.64;8.64;8.64;8.64;8.64;8.64
1948;12.63;8.64;8.64;8.64;8.64;8.64;8.64;8.64;8.64;8.64;8.64;8.64;8.64;8.64;8.64;8.64;8.64;8.64;8.64;8.64;8.64;8.64;8.64;8.64;8.64;8.64;8.64;8.64;8.64;8.64
1949;249.30199999999996;26.589999999999996;22.599999999999998;18.61;139.99800000000002;18.61;17.28;17.28;137.33599999999998;19.939999999999998;17.28;17.28;17.28;17.28;17.28;17.28;17.28;17.28;17.28;17.28;17.28;17.28;17.28;17.28;17.28;17.28;17.28;17.28;17.28;18.61
1950;632.698;43.55;28.92;30.25;112.14699999999999;14.29;12.959999999999999;12.959999999999999;113.351;12.959999999999999;12.959999999999999;15.62;12.959999999999999;12.959999999999999;141.997;12.959999999999999;12.959999999999999;12.959999999999999;26.259999999999998;14.29;12.959999999999999;12.959999999999999;12.959999999999999;14.29;14.29;12.959999999999999;14.29;12.959999999999999;14.29;195.755
1951;280.01;15.62;20.94;15.62;124.845;12.959999999999999;12.959999999999999;12.959999999999999;12.959999999999999;12.959999999999999;12.959999999999999;12.959999999999999;12.959999999999999;12.959999999999999;12.959999999999999;12.959999999999999;12.959999999999999;12.959999999999999;14.29;12.959999999999999;12.959999999999999;12.959999999999999;12.959999999999999;12.959999999999999;12.959999999999999;12.959999999999999;12.959999999999999;12.959999999999999;12.959999999999999;14.29
1952;1157.208;34.239999999999995;15.62;26.259999999999998;139.564;24.622;12.959999999999999;16.95;155.715;18.28;23.6;15.62;30.25;19.61;190.57;12.959999999999999;15.62;12.959999999999999;48.870000000000005;16.95;206.887;16.95;19.61;18.28;16.95;12.959999999999999;16.95;12.959999999999999;21.177999999999997;245.81400000000002
1953;1602.24;72.81;74.13999999999999;40.89;153.97099999999998;46.616;12.959999999999999;42.22;191.98399999999998;54.19;72.90799999999999;54.19;40.89;27.590000000000003;209.886;39.56;28.92;12.959999999999999;50.2;50.84400000000001;236.05599999999998;22.27;32.91;31.272;45.286;12.959999999999999;38.230000000000004;31.58;46.616;278.14500000000004
1954;59.18;11.299999999999999;8.64;8.64;8.64;8.64;8.64;8.64;8.64;8.64;8.64;8.64;8.64;8.64;8.64;8.64;8.64;8.64;11.299999999999999;8.64;8.64;8.64;8.64;8.64;8.64;8.64;8.64;8.64;8.64;8.64
1955;955.2160000000001;34.239999999999995;20.94;20.94;140.203;30.418;12.959999999999999;28.92;168.78199999999998;23.6;73.17399999999999;15.62;38.230000000000004;31.58;196.25900000000001;19.61;20.94;12.959999999999999;56.85;32.294;213.93599999999998;26.259999999999998;15.62;20.94;39.727999999999994;12.959999999999999;15.62;16.95;20.94;258.153
1956;22.27;15.62;12.959999999999999;12.959999999999999;12.959999999999999;12.959999999999999;12.959999999999999;12.959999999999999;12.959999999999999;12.959999999999999;12.959999999999999;12.959999999999999;12.959999999999999;12.959999999999999;12.959999999999999;12.959999999999999;12.959999999999999;12.959999999999999;12.959999999999999;12.959999999999999;12.959999999999999;12.959999999999999;12.959999999999999;12.959999999999999;12.959999999999999;12.959999999999999;12.959999999999999;12.959999999999999;12.959999999999999;14.29
1957;1399.702;38.230000000000004;26.259999999999998;30.25;135.309;27.282;12.959999999999999;16.95;167.769;16.95;14.29;19.61;19.61;18.28;184.081;19.61;12.959999999999999;12.959999999999999;23.6;14.29;189.565;12.959999999999999;15.62;12.959999999999999;12.959999999999999;12.959999999999999;12.959999999999999;14.29;15.62;22.27
1958;91.884;12.63;13.959999999999999;9.969999999999999;98.423;8.64;8.64;8.64;8.64;8.64;8.64;8.64;8.64;8.64;8.64;8.64;8.64;8.64;8.64;8.64;8.64;8.64;8.64;8.64;8.64;8.64;8.64;8.64;8.64;8.64
1959;14.29;12.959999999999999;12.959999999999999;12.959999999999999;12.959999999999999;12.959999999999999;12.959999999999999;12.959999999999999;12.959999999999999;12.959999999999999;12.959999999999999;12.959999999999999;12.959999999999999;12.959999999999999;12.959999999999999;12.959999999999999;12.959999999999999;12.959999999999999;12.959999999999999;12.959999999999999;12.959999999999999;12.959999999999999;12.959999999999999;12.959999999999999;12.959999999999999;12.959999999999999;12.959999999999999;12.959999999999999;12.959999999999999;12.959999999999999
1960;40.56;12.63;9.969999999999999;8.64;9.969999999999999;8.64;8.64;8.64;8.64;8.64;8.64;8.64;8.64;8.64;8.64;8.64;8.64;8.64;8.64;8.64;8.64;8.64;8.64;8.64;8.64;8.64;8.64;8.64;8.64;9.969999999999999
1961;15.62;12.959999999999999;12.959999999999999;12.959999999999999;12.959999999999999;12.959999999999999;12.959999999999999;12.959999999999999;12.959999999999999;12.959999999999999;12.959999999999999;12.959999999999999;12.959999999999999;12.959999999999999;12.959999999999999;12.959999999999999;12.959999999999999;12.959999999999999;12.959999999999999;12.959999999999999;12.959999999999999;12.959999999999999;12.959999999999999;12.959999999999999;12.959999999999999;12.959999999999999;12.959999999999999;12.959999999999999;12.959999999999999;12.959999999999999
1962;90.55400000000002;12.63;8.64;12.63;87.59;8.64;8.64;8.64;9.969999999999999;8.64;8.64;8.64;8.64;8.64;8.64;8.64;8.64;8.64;8.64;8.64;8.64;8.64;8.64;8.64;8.64;8.64;8.64;8.64;8.64;8.64
1963;14.29;12.959999999999999;12.959999999999999;12.959999999999999;12.959999999999999;12.959999999999999;12.959999999999999;12.959999999999999;12.959999999999999;12.959999999999999;12.959999999999999;12.959999999999999;12.959999999999999;12.959999999999999;12.959999999999999;12.959999999999999;12.959999999999999;12.959999999999999;12.959999999999999;12.959999999999999;12.959999999999999;12.959999999999999;12.959999999999999;12.959999999999999;12.959999999999999;12.959999999999999;12.959999999999999;12.959999999999999;12.959999999999999;12.959999999999999
1964;9.969999999999999;8.64;8.64;8.64;8.64;8.64;8.64;8.64;8.64;8.64;8.64;8.64;8.64;8.64;8.64;8.64;8.64;8.64;8.64;8.64;8.64;8.64;8.64;8.64;8.64;8.64;8.64;8.64;8.64;8.64
1965;14.29;12.959999999999999;12.959999999999999;12.959999999999999;12.959999999999999;12.959999999999999;12.959999999999999;12.959999999999999;12.959999999999999;12.959999999999999;12.959999999999999;12.959999999999999;12.959999999999999;12.959999999999999;12.959999999999999;12.959999999999999;12.959999999999999;12.959999999999999;12.959999999999999;12.959999999999999;12.959999999999999;12.959999999999999;12.959999999999999;12.959999999999999;12.959999999999999;12.959999999999999;12.959999999999999;12.959999999999999;12.959999999999999;12.959999999999999
1966;9.969999999999999;8.64;8.64;8.64;8.64;8.64;8.64;8.64;8.64;8.64;8.64;8.64;8.64;8.64;8.64;8.64;8.64;8.64;8.64;8.64;8.64;8.64;8.64;8.64;8.64;8.64;8.64;8.64;8.64;8.64
1967;3285.466;33.91;27.259999999999998;32.58;118.665;46.286;8.64;37.900000000000006;172.197;28.59;87.88;43.22;35.239999999999995;32.58;179.308;16.62;15.29;8.64;45.88;46.762;240.183;19.28;17.95;27.259999999999998;32.44;8.64;15.29;12.63;36.5;270.209
1968;110.69399999999999;22.27;12.959999999999999;12.959999999999999;127.34899999999999;12.959999999999999;12.959999999999999;12.959999999999999;12.959999999999999;14.29;12.959999999999999;12.959999999999999;12.959999999999999;12.959999999999999;12.959999999999999;12.959999999999999;12.959999999999999;12.959999999999999;15.62;12.959999999999999;12.959999999999999;12.959999999999999;12.959999999999999;12.959999999999999;12.959999999999999;12.959999999999999;12.959999999999999;12.959999999999999;12.959999999999999;12.959999999999999
1969;1124.6360000000002;19.28;12.63;17.95;112.337;24.292;8.64;19.28;142.828;9.969999999999999;16.62;19.28;20.61;21.939999999999998;172.42;16.62;8.64;8.64;61.839999999999996;15.29;190.28499999999997;8.64;8.64;11.299999999999999;8.64;8.64;13.959999999999999;8.64;9.969999999999999;230.916
1970;1429.6200000000001;23.6;22.27;35.57000000000001;127.50499999999998;31.272;12.959999999999999;18.28;177.728;35.57000000000001;26.497999999999998;24.93;20.94;22.27;185.431;19.61;15.62;12.959999999999999;74.13999999999999;23.6;201.203;18.28;20.94;19.61;18.28;12.959999999999999;14.29;18.28;16.95;273.469
1971;1056.792;11.299999999999999;11.299999999999999;15.29;134.553;28.59;8.64;11.299999999999999;151.39499999999998;8.64;25.86;8.64;13.959999999999999;17.95;176.373;11.299999999999999;8.64;8.64;23.270000000000003;8.64;198.946;8.64;11.299999999999999;8.64;8.64;8.64;13.959999999999999;11.299999999999999;15.29;185.823
1972;43.22;9.969999999999999;9.969999999999999;8.64;8.64;8.64;8.64;8.64;8.64;8.64;8.64;8.64;8.64;8.64;8.64;8.64;8.64;8.64;12.63;8.64;8.64;8.64;8.64;8.64;8.64;8.64;8.64;8.64;8.64;8.64
1973;1134.646;13.959999999999999;11.299999999999999;8.64;102.279;8.64;8.64;15.29;123.74999999999999;9.969999999999999;9.969999999999999;9.969999999999999;13.959999999999999;11.299999999999999;131.88400000000001;9.969999999999999;9.969999999999999;8.64;15.29;11.299999999999999;163.72000000000003;11.299999999999999;12.63;11.299999999999999;8.64;8.64;12.63;9.969999999999999;9.969999999999999;216.95
1974;11.299999999999999;8.64;8.64;8.64;8.64;8.64;8.64;8.64;8.64;8.64;8.64;8.64;8.64;8.64;8.64;8.64;8.64;8.64;8.64;8.64;8.64;8.64;8.64;8.64;8.64;8.64;8.64;8.64;8.64;8.64
1975;39.013999999999996;15.62;18.28;12.959999999999999;12.959999999999999;12.959999999999999;12.959999999999999;12.959999999999999;12.959999999999999;12.959999999999999;12.959999999999999;12.959999999999999;12.959999999999999;12.959999999999999;12.959999999999999;12.959999999999999;12.959999999999999;12.959999999999999;12.959999999999999;12.959999999999999;12.959999999999999;12.959999999999999;12.959999999999999;12.959999999999999;12.959999999999999;12.959999999999999;12.959999999999999;12.959999999999999;12.959999999999999;12.959999999999999
1976;1624.7939999999999;30.25;35.57000000000001;31.58;144.51;38.944;12.959999999999999;28.92;165.431;19.61;26.259999999999998;20.94;26.259999999999998;15.62;185.203;19.61;19.61;12.959999999999999;36.9;20.94;210.233;19.61;14.29;19.61;16.95;12.959999999999999;16.95;14.29;18.28;269.64000000000004
1977;323.402;21.939999999999998;17.95;27.259999999999998;119.195;8.64;8.64;9.969999999999999;144.101;8.64;8.64;8.64;8.64;8.64;8.64;8.64;8.64;8.64;8.64;8.64;8.64;8.64;8.64;8.64;8.64;8.64;8.64;8.64;8.64;11.299999999999999
1978;874.402;18.61;18.61;19.939999999999998;115.407;19.939999999999998;17.28;23.93;155.998;21.27;22.599999999999998;18.61;25.26;19.939999999999998;167.151;22.599999999999998;19.939999999999998;17.28;25.26;19.939999999999998;169.27900000000002;18.61;19.939999999999998;21.27;19.939999999999998;17.28;23.93;19.939999999999998;21.27;25.26
1979;8.64;8.64;8.64;8.64;8.64;8.64;8.64;8.64;8.64;8.64;8.64;8.64;8.64;8.64;8.64;8.64;8.64;8.64;8.64;8.64;8.64;8.64;8.64;8.64;8.64;8.64;8.64;8.64;8.64;8.64
1980;121.718;15.29;12.63;9.969999999999999;94.11600000000001;9.969999999999999;8.64;8.64;8.64;8.64;8.64;8.64;8.64;8.64;8.64;8.64;8.64;8.64;8.64;8.64;8.64;8.64;8.64;8.64;8.64;8.64;8.64;8.64;8.64;9.969999999999999
1981;1401.292;29.25;37.230000000000004;37.230000000000004;116.09799999999998;34.262;17.28;27.919999999999998;165.308;45.209999999999994;63.928;49.2;35.9;37.230000000000004;180.659;41.22;34.57;17.28;50.53;56.494;233.86200000000002;26.589999999999996;29.25;19.939999999999998;19.939999999999998;17.28;23.93;25.26;23.93;254.243
1982;14.29;12.959999999999999;12.959999999999999;12.959999999999999;12.959999999999999;12.959999999999999;12.959999999999999;12.959999999999999;12.959999999999999;12.959999999999999;12.959999999999999;12.959999999999999;12.959999999999999;12.959999999999999;12.959999999999999;12.959999999999999;12.959999999999999;12.959999999999999;12.959999999999999;12.959999999999999;12.959999999999999;12.959999999999999;12.959999999999999;12.959999999999999;12.959999999999999;12.959999999999999;12.959999999999999;12.959999999999999;12.959999999999999;12.959999999999999
1983;781.61;19.939999999999998;17.28;17.28;141.224;17.28;17.28;18.61;159.755;17.28;17.28;19.939999999999998;18.61;18.61;174.264;17.28;17.28;17.28;35.9;19.939999999999998;216.252;17.28;19.939999999999998;17.28;17.28;17.28;19.939999999999998;17.28;19.939999999999998;239.135
1984;83.904;27.259999999999998;11.299999999999999;9.969999999999999;9.969999999999999;8.64;8.64;8.64;8.64;8.64;8.64;8.64;8.64;8.64;8.64;8.64;8.64;8.64;8.64;8.64;8.64;8.64;8.64;8.64;8.64;8.64;8.64;8.64;8.64;8.64
1985;15.62;12.959999999999999;12.959999999999999;12.959999999999999;12.959999999999999;12.959999999999999;12.959999999999999;12.959999999999999;12.959999999999999;12.959999999999999;12.959999999999999;12.959999999999999;12.959999999999999;12.959999999999999;12.959999999999999;12.959999999999999;12.959999999999999;12.959999999999999;12.959999999999999;12.959999999999999;12.959999999999999;12.959999999999999;12.959999999999999;12.959999999999999;12.959999999999999;12.959999999999999;12.959999999999999;12.959999999999999;12.959999999999999;12.959999999999999
1986;2243.168;55.849999999999994;34.57;65.16;147.339;63.69;17.28;58.51;215.501;74.47;95.876;45.209999999999994;66.49;54.519999999999996;225.849;57.18;31.91;17.28;86.44;77.536;248.328;47.87;49.2;42.242;50.93600000000001;17.28;43.879999999999995;37.230000000000004;70.34;306.774
1987;1664.2880000000002;24.93;27.590000000000003;36.9;117.784;40.204;12.959999999999999;27.590000000000003;150.432;27.590000000000003;20.94;20.94;23.6;20.94;178.313;18.28;19.61;12.959999999999999;20.94;18.28;183.668;20.94;20.94;18.28;18.28;12.959999999999999;15.62;15.62;15.62;22.27
1988;1340.768;15.29;15.29;32.58;137.53499999999997;57.64000000000001;8.64;32.58;162.67399999999998;39.23;19.28;15.29;31.25;20.61;169.406;11.299999999999999;11.299999999999999;8.64;40.56;13.959999999999999;210.26700000000002;9.969999999999999;8.64;11.299999999999999;11.299999999999999;8.64;8.64;11.299999999999999;12.63;242.044
1989;279.044;27.590000000000003;23.6;28.92;129.474;14.29;12.959999999999999;14.29;135.03199999999998;15.62;12.959999999999999;12.959999999999999;12.959999999999999;12.959999999999999;162.79399999999998;12.959999999999999;12.959999999999999;12.959999999999999;12.959999999999999;12.959999999999999;12.959999999999999;12.959999999999999;12.959999999999999;12.959999999999999;12.959999999999999;12.959999999999999;12.959999999999999;12.959999999999999;12.959999999999999;12.959999999999999
1990;19.28;8.64;8.64;8.64;8.64;8.64;8.64;8.64;8.64;8.64;8.64;8.64;8.64;8.64;8.64;8.64;8.64;8.64;8.64;8.64;8.64;8.64;8.64;8.64;8.64;8.64;8.64;8.64;8.64;8.64
1991;15.62;12.959999999999999;12.959999999999999;12.959999999999999;12.959999999999999;12.959999999999999;12.959999999999999;12.959999999999999;12.959999999999999;12.959999999999999;12.959999999999999;12.959999999999999;12.959999999999999;12.959999999999999;12.959999999999999;12.959999999999999;12.959999999999999;12.959999999999999;12.959999999999999;12.959999999999999;12.959999999999999;12.959999999999999;12.959999999999999;12.959999999999999;12.959999999999999;12.959999999999999;12.959999999999999;12.959999999999999;12.959999999999999;12.959999999999999
1992;27.259999999999998;8.64;8.64;8.64;9.969999999999999;8.64;8.64;8.64;8.64;8.64;8.64;8.64;8.64;8.64;8.64;8.64;8.64;8.64;8.64;8.64;8.64;8.64;8.64;8.64;8.64;8.64;8.64;8.64;8.64;8.64
1993;1220.228;15.29;24.6;31.25;117.132;23.270000000000003;8.64;27.259999999999998;192.942;44.550000000000004;28.59;45.88;32.58;29.919999999999998;158.719;15.29;12.63;8.64;51.199999999999996;25.93;187.692;16.62;16.62;12.63;9.969999999999999;8.64;16.62;8.64;11.299999999999999;216.64800000000002
1994;899.7139999999999;41.22;27.919999999999998;31.91;110.461;17.28;17.28;21.27;143.607;17.28;17.28;23.93;18.61;18.61;153.331;17.28;17.28;17.28;19.939999999999998;17.28;180.32999999999998;17.28;18.61;17.28;17.28;17.28;17.28;17.28;17.28;216.877
1995;28.59;11.299999999999999;8.64;8.64;8.64;8.64;8.64;8.64;8.64;8.64;8.64;8.64;8.64;8.64;8.64;8.64;8.64;8.64;8.64;8.64;8.64;8.64;8.64;8.64;8.64;8.64;8.64;8.64;8.64;8.64
1996;1839.798;57.849999999999994;52.53;52.53;131.482;41.512;8.64;35.239999999999995;164.695;37.900000000000006;43.556000000000004;23.270000000000003;28.59;33.91;170.58499999999998;25.93;13.959999999999999;8.64;64.5;24.6;183.679;23.270000000000003;11.299999999999999;9.969999999999999;8.64;8.64;9.969999999999999;9.969999999999999;9.969999999999999;210.89700000000002
1997;510.13399999999996;23.270000000000003;16.62;20.61;120.805;44.172;8.64;21.939999999999998;125.67699999999999;28.59;9.969999999999999;11.299999999999999;17.95;8.64;154.204;8.64;8.64;8.64;8.64;8.64;8.64;8.64;8.64;8.64;8.64;8.64;8.64;8.64;8.64;12.63
1998;1732.8400000000001;25.26;19.939999999999998;19.939999999999998;110.25800000000001;17.28;17.28;17.28;127.345;22.599999999999998;22.599999999999998;22.599999999999998;21.27;25.26;127.35300000000001;18.61;22.599999999999998;17.28;61.17;18.61;167.268;21.27;17.28;18.61;17.28;17.28;17.28;17.28;17.28;171.608
1999;8.64;8.64;8.64;8.64;8.64;8.64;8.64;8.64;8.64;8.64;8.64;8.64;8.64;8.64;8.64;8.64;8.64;8.64;8.64;8.64;8.64;8.64;8.64;8.64;8.64;8.64;8.64;8.64;8.64;8.64
2000;857.3480000000001;12.63;15.29;19.28;134.922;17.95;8.64;20.61;143.41500000000002;19.28;15.29;13.959999999999999;19.28;20.61;181.94799999999998;19.28;13.959999999999999;8.64;21.939999999999998;17.95;198.10399999999998;13.959999999999999;16.62;15.29;11.299999999999999;8.64;21.939999999999998;24.6;24.6;240.86499999999998
2001;1570.5240000000003;46.540000000000006;38.56;43.879999999999995;145.489;46.4;17.28;33.24;185.394;53.19;83.19200000000001;41.22;47.87;34.57;185.803;41.22;30.58;17.28;58.51;44.593999999999994;213.04200000000003;29.25;27.919999999999998;40.912000000000006;41.934;17.28;27.919999999999998;27.919999999999998;31.91;276.464
2002;114.858;11.299999999999999;12.63;8.64;118.77399999999999;8.64;8.64;8.64;8.64;8.64;8.64;8.64;8.64;8.64;8.64;8.64;8.64;8.64;8.64;8.64;8.64;8.64;8.64;8.64;8.64;8.64;8.64;8.64;8.64;8.64
2003;931.9899999999999;14.29;26.259999999999998;27.590000000000003;112.35;35.976;12.959999999999999;26.259999999999998;157.68900000000002;23.6;15.62;12.959999999999999;27.590000000000003;19.61;105.763;30.25;12.959999999999999;12.959999999999999;34.239999999999995;47.400000000000006;186.683;32.91;16.95;12.959999999999999;12.959999999999999;12.959999999999999;12.959999999999999;12.959999999999999;12.959999999999999;198.623
2004;2118.1679999999997;34.239999999999995;39.56;30.25;131.916;34.646;12.959999999999999;36.9;167.041;59.510000000000005;82.554;46.21;42.22;43.55;194.892;42.22;27.590000000000003;12.959999999999999;43.55;37.614;219.183;20.94;23.6;20.94;27.282;12.959999999999999;23.6;23.6;34.478;281.652
2005;1473.4399999999998;23.6;30.25;39.56;123.15099999999998;43.956;12.959999999999999;35.57000000000001;173.104;44.879999999999995;64.858;39.56;36.9;32.91;186.26299999999998;40.89;32.91;12.959999999999999;79.46000000000001;41.604;220.158;26.259999999999998;30.25;29.158;36.046;12.959999999999999;34.239999999999995;30.25;37.922;259.847
2006;2190.486;34.57;22.599999999999998;29.25;121.62100000000001;34.57;17.28;37.230000000000004;184.703;31.91;47.87;43.879999999999995;46.540000000000006;30.58;172.523;33.24;21.27;17.28;53.19;34.57;218.548;23.93;23.93;25.26;22.599999999999998;17.28;26.589999999999996;23.93;21.27;257.636
2007;9.969999999999999;8.64;8.64;8.64;8.64;8.64;8.64;8.64;8.64;8.64;8.64;8.64;8.64;8.64;8.64;8.64;8.64;8.64;8.64;8.64;8.64;8.64;8.64;8.64;8.64;8.64;8.64;8.64;8.64;8.64
2008;141.26999999999998;19.61;18.28;23.6;12.959999999999999;12.959999999999999;12.959999999999999;12.959999999999999;12.959999999999999;12.959999999999999;12.959999999999999;12.959999999999999;12.959999999999999;12.959999999999999;12.959999999999999;12.959999999999999;12.959999999999999;12.959999999999999;12.959999999999999;12.959999999999999;12.959999999999999;12.959999999999999;12.959999999999999;12.959999999999999;12.959999999999999;12.959999999999999;12.959999999999999;12.959999999999999;12.959999999999999;15.62
2009;1451.2559999999999;21.939999999999998;17.95;31.25;102.56400000000001;9.969999999999999;8.64;11.299999999999999;138.739;24.6;15.29;9.969999999999999;28.59;11.299999999999999;140.706;13.959999999999999;11.299999999999999;8.64;39.23;15.29;155.495;9.969999999999999;17.95;12.63;12.63;8.64;12.63;9.969999999999999;9.969999999999999;245.56100000000004
2010;14.29;12.959999999999999;12.959999999999999;12.959999999999999;12.959999999999999;12.959999999999999;12.959999999999999;12.959999999999999;12.959999999999999;12.959999999999999;12.959999999999999;12.959999999999999;12.959999999999999;12.959999999999999;12.959999999999999;12.959999999999999;12.959999999999999;12.959999999999999;12.959999999999999;12.959999999999999;12.959999999999999;12.959999999999999;12.959999999999999;12.959999999999999;12.959999999999999;12.959999999999999;12.959999999999999;12.959999999999999;12.959999999999999;12.959999999999999
2011;73.81;8.64;8.64;11.299999999999999;95.44600000000001;8.64;8.64;8.64;119.02199999999999;8.64;8.64;11.299999999999999;8.64;9.969999999999999;8.64;8.64;8.64;8.64;8.64;8.64;8.64;8.64;8.64;8.64;8.64;8.64;8.64;8.64;8.64;8.64
2012;697.224;16.95;24.93;15.62;116.18400000000001;14.29;12.959999999999999;18.28;126.69300000000001;19.61;16.95;16.95;16.95;16.95;155.178;22.27;18.28;12.959999999999999;15.62;14.29;183.024;12.959999999999999;15.62;18.28;15.62;12.959999999999999;16.95;15.62;18.28;173.45499999999998
2013;1259.814;32.91;30.25;34.239999999999995;145.902;46.378;12.959999999999999;26.259999999999998;185.06900000000002;40.89;43.55;42.22;31.58;26.259999999999998;180.267;36.9;38.230000000000004;12.959999999999999;39.56;26.259999999999998;209.76;26.259999999999998;30.25;22.27;18.28;12.959999999999999;31.58;31.58;30.726;263.08899999999994
2014;1953.99;44.879999999999995;28.92;48.870000000000005;114.443;50.60600000000001;12.959999999999999;32.91;195.023;30.25;27.590000000000003;35.57000000000001;22.27;20.94;159.849;23.6;23.6;12.959999999999999;48.870000000000005;20.94;182.484;16.95;19.61;15.62;15.62;12.959999999999999;19.61;15.62;18.28;243.159
2015;1989.158;50.2;24.93;38.230000000000004;152.812;51.936;12.959999999999999;32.91;175.541;48.870000000000005;94.21600000000001;39.56;36.9;30.25;190.409;63.5;39.56;12.959999999999999;54.19;61.246;251.137;35.57000000000001;39.56;41.366;50.60600000000001;12.959999999999999;27.590000000000003;28.92;54.903999999999996;296.126
2016;252.05199999999996;16.95;12.959999999999999;15.62;138.18200000000002;12.959999999999999;12.959999999999999;12.959999999999999;107.298;12.959999999999999;12.959999999999999;12.959999999999999;12.959999999999999;12.959999999999999;12.959999999999999;12.959999999999999;12.959999999999999;12.959999999999999;16.95;12.959999999999999;12.959999999999999;12.959999999999999;12.959999999999999;12.959999999999999;12.959999999999999;12.959999999999999;12.959999999999999;12.959999999999999;12.959999999999999;15.62
2017;9.969999999999999;8.64;8.64;8.64;8.64;8.64;8.64;8.64;8.64;8.64;8.64;8.64;8.64;8.64;8.64;8.64;8.64;8.64;8.64;8.64;8.64;8.64;8.64;8.64;8.64;8.64;8.64;8.64;8.64;8.64
2018;1167.266;31.25;32.58;16.62;110.48699999999998;15.29;8.64;15.29;144.27700000000002;24.6;15.29;20.61;13.959999999999999;12.63;155.014;12.63;9.969999999999999;8.64;48.54;11.299999999999999;192.48199999999997;11.299999999999999;11.299999999999999;19.28;12.63;8.64;19.28;12.63;11.299999999999999;239.919
2019;22.27;16.95;12.959999999999999;12.959999999999999;12.959999999999999;12.959999999999999;12.959999999999999;12.959999999999999;12.959999999999999;12.959999999999999;12.959999999999999;12.959999999999999;12.959999999999999;12.959999999999999;12.959999999999999;12.959999999999999;12.959999999999999;12.959999999999999;12.959999999999999;12.959999999999999;12.959999999999999;12.959999999999999;12.959999999999999;12.959999999999999;12.959999999999999;12.959999999999999;12.959999999999999;12.959999999999999;12.959999999999999;12.959999999999999
2020;177.55;12.63;9.969999999999999;8.64;116.857;8.64;8.64;8.64;74.19399999999999;8.64;8.64;8.64;8.64;8.64;107.51599999999999;8.64;8.64;8.64;8.64;8.64;8.64;8.64;8.64;8.64;8.64;8.64;8.64;8.64;8.64;8.64
2021;1816.5040000000001;27.919999999999998;22.599999999999998;43.879999999999995;141.821;52.266;17.28;41.22;163.339;39.89;70.438;46.540000000000006;38.56;35.9;175.505;31.91;30.58;17.28;73.14;42.242;219.192;26.589999999999996;27.919999999999998;26.589999999999996;22.599999999999998;17.28;26.589999999999996;18.61;25.26;269.975
2022;1210.8419999999999;22.27;31.58;31.58;126.175;16.95;12.959999999999999;18.28;148.70100000000002;24.93;20.94;23.6;24.93;18.28;144.018;18.28;19.61;12.959999999999999;68.82;24.93;218.057;18.28;18.28;22.27;17.734;12.959999999999999;20.94;16.95;16.95;257.514
2023;50.438;15.62;12.959999999999999;12.959999999999999;12.959999999999999;12.959999999999999;12.959999999999999;12.959999999999999;12.959999999999999;12.959999999999999;12.959999999999999;12.959999999999999;12.959999999999999;12.959999999999999;12.959999999999999;12.959999999999999;12.959999999999999;12.959999999999999;12.959999999999999;12.959999999999999;12.959999999999999;12.959999999999999;12.959999999999999;12.959999999999999;12.959999999999999;12.959999999999999;12.959999999999999;12.959999999999999;12.959999999999999;14.29
2024;51.53;19.61;12.959999999999999;12.959999999999999;12.959999999999999;12.959999999999999;12.959999999999999;12.959999999999999;12.959999999999999;12.959999999999999;12.959999999999999;12.959999999999999;12.959999999999999;12.959999999999999;12.959999999999999;12.959999999999999;12.959999999999999;12.959999999999999;12.959999999999999;12.959999999999999;12.959999999999999;12.959999999999999;12.959999999999999;12.959999999999999;12.959999999999999;12.959999999999999;12.959999999999999;12.959999999999999;12.959999999999999;12.959999999999999
2025;852.616;15.29;32.58;19.28;123.50699999999999;27.973999999999997;8.64;20.61;149.342;28.59;23.270000000000003;25.93;21.939999999999998;17.95;147.72;17.95;12.63;8.64;12.63;13.959999999999999;182.102;9.969999999999999;9.969999999999999;12.63;9.969999999999999;8.64;15.29;8.64;12.63;15.29
2026;1732.874;47.54;47.54;40.89;136.914;45.286;12.959999999999999;40.89;183.09;50.2;87.636;43.55;42.22;36.9;185.582;50.2;31.58;12.959999999999999;47.54;48.73;235.52100000000002;26.259999999999998;35.57000000000001;29.942;36.284;12.959999999999999;34.239999999999995;22.27;41.604;290.271
2027;863.516;18.28;15.62;16.95;116.82300000000001;14.29;12.959999999999999;12.959999999999999;146.405;15.62;16.95;15.62;16.95;15.62;163.73000000000002;18.28;15.62;12.959999999999999;32.91;15.62;198.54299999999998;14.29;14.29;15.62;12.959999999999999;12.959999999999999;15.62;12.959999999999999;12.959999999999999;230.39899999999997
2028;9.969999999999999;8.64;8.64;8.64;8.64;8.64;8.64;8.64;8.64;8.64;8.64;8.64;8.64;8.64;8.64;8.64;8.64;8.64;8.64;8.64;8.64;8.64;8.64;8.64;8.64;8.64;8.64;8.64;8.64;8.64
2029;1273.22;34.57;19.939999999999998;46.540000000000006;114.404;48.584;17.28;34.57;157.93;27.919999999999998;29.25;34.57;51.86;37.230000000000004;179.178;19.939999999999998;19.939999999999998;17.28;53.19;30.58;210.11;33.24;22.599999999999998;25.26;21.27;17.28;17.28;17.28;30.58;256.591
2030;17.95;15.29;8.64;8.64;8.64;8.64;8.64;8.64;8.64;8.64;8.64;8.64;8.64;8.64;8.64;8.64;8.64;8.64;8.64;8.64;8.64;8.64;8.64;8.64;8.64;8.64;8.64;8.64;8.64;8.64
2031;1094.188;43.879999999999995;29.25;34.57;143.88400000000001;26.589999999999996;17.28;23.93;177.798;33.24;27.919999999999998;51.86;42.55;23.93;188.042;23.93;19.939999999999998;17.28;37.230000000000004;35.83;208.022;18.61;18.61;21.27;23.383999999999997;17.28;23.93;22.599999999999998;19.939999999999998;276.984
2032;1358.6819999999998;27.590000000000003;27.590000000000003;34.239999999999995;137.179;28.92;12.959999999999999;27.590000000000003;153.74099999999999;15.62;14.29;15.62;26.259999999999998;22.27;182.387;23.6;26.259999999999998;12.959999999999999;86.11;20.94;211.72400000000002;16.95;19.61;20.94;20.94;12.959999999999999;18.28;15.62;18.28;255.649
2033;33.91;9.969999999999999;8.64;8.64;8.64;8.64;8.64;8.64;8.64;8.64;8.64;8.64;8.64;8.64;8.64;8.64;8.64;8.64;8.64;8.64;8.64;8.64;8.64;8.64;8.64;8.64;8.64;8.64;8.64;8.64
2034;1746.924;33.24;37.230000000000004;35.9;132.469;22.599999999999998;17.28;19.939999999999998;157.967;38.56;38.56;33.24;25.26;27.919999999999998;166.351;26.589999999999996;26.589999999999996;17.28;78.46;45.616;195.849;22.599999999999998;21.27;26.589999999999996;22.599999999999998;17.28;23.93;18.61;23.93;241.31199999999998
2035;875.816;27.919999999999998;21.27;19.939999999999998;102.439;17.28;17.28;18.61;122.98599999999999;17.28;17.28;17.28;19.939999999999998;21.27;141.64100000000002;18.61;18.61;17.28;22.599999999999998;17.28;161.465;18.61;17.28;17.28;19.939999999999998;17.28;17.28;17.28;18.61;202.413
2036;310.396;32.58;29.919999999999998;9.969999999999999;135.519;18.972;8.64;13.959999999999999;139.425;8.64;8.64;8.64;8.64;8.64;8.64;8.64;8.64;8.64;8.64;8.64;8.64;8.64;8.64;8.64;8.64;8.64;8.64;8.64;8.64;8.64
2037;1221.6499999999999;47.54;54.19;46.21;126.49699999999999;43.718;12.959999999999999;18.28;151.72500000000002;26.259999999999998;15.62;24.93;32.91;20.94;172.879;19.61;12.959999999999999;12.959999999999999;51.53;19.61;178.509;15.62;12.959999999999999;16.95;15.62;12.959999999999999;19.61;18.28;20.94;236.86100000000005
2038;43.55;12.959999999999999;12.959999999999999;12.959999999999999;12.959999999999999;12.959999999999999;12.959999999999999;12.959999999999999;12.959999999999999;12.959999999999999;12.959999999999999;12.959999999999999;12.959999999999999;12.959999999999999;12.959999999999999;12.959999999999999;12.959999999999999;12.959999999999999;12.959999999999999;12.959999999999999;12.959999999999999;12.959999999999999;12.959999999999999;12.959999999999999;12.959999999999999;12.959999999999999;12.959999999999999;12.959999999999999;12.959999999999999;12.959999999999999
2039;691.238;19.28;11.299999999999999;8.64;100.491;8.64;8.64;9.969999999999999;117.32300000000001;11.299999999999999;8.64;13.959999999999999;8.64;9.969999999999999;158.719;8.64;8.64;8.64;13.959999999999999;8.64;172.69799999999998;8.64;8.64;9.969999999999999;11.299999999999999;8.64;12.63;8.64;12.63;17.95
2040;2672.07;39.23;51.199999999999996;25.93;144.871;23.270000000000003;8.64;24.6;174.04199999999997;32.58;25.93;29.919999999999998;21.939999999999998;16.62;188.063;19.28;11.299999999999999;8.64;61.839999999999996;17.95;221.13;15.29;17.95;16.62;28.757999999999996;8.64;31.25;12.63;24.6;279.62300000000005
2041;119.89;6.9799999999999995;4.32;16.29;134.067;4.32;4.32;4.32;4.32;4.32;4.32;4.32;4.32;4.32;4.32;4.32;4.32;4.32;4.32;4.32;4.32;4.32;4.32;4.32;4.32;4.32;4.32;4.32;4.32;4.32
2042;610.6279999999999;26.589999999999996;23.93;26.589999999999996;132.833;40.296;17.28;23.93;163.69799999999998;19.939999999999998;22.599999999999998;19.939999999999998;22.599999999999998;21.27;183.886;17.28;17.28;17.28;35.9;18.61;209.555;18.61;17.28;17.28;17.28;17.28;17.28;17.28;17.28;239.935
2043;1174.1200000000001;35.57000000000001;34.239999999999995;12.959999999999999;104.53099999999999;23.6;12.959999999999999;32.91;168.101;34.239999999999995;20.94;30.25;46.21;24.93;179.207;38.230000000000004;36.9;12.959999999999999;43.55;31.58;210.654;34.239999999999995;34.239999999999995;34.239999999999995;36.9;12.959999999999999;27.590000000000003;14.29;22.27;271.126
2044;406.4580000000001;26.259999999999998;16.95;35.57000000000001;125.806;23.292;12.959999999999999;28.92;165.43599999999998;12.959999999999999;12.959999999999999;12.959999999999999;12.959999999999999;12.959999999999999;12.959999999999999;12.959999999999999;12.959999999999999;12.959999999999999;12.959999999999999;12.959999999999999;12.959999999999999;12.959999999999999;12.959999999999999;12.959999999999999;12.959999999999999;12.959999999999999;12.959999999999999;12.959999999999999;12.959999999999999;14.29
2045;1558.02;21.939999999999998;16.62;29.919999999999998;122.967;55.05;8.64;28.59;151.4;20.61;72.438;48.54;21.939999999999998;17.95;159.041;12.63;11.299999999999999;8.64;41.89;28.828000000000003;210.074;17.95;13.959999999999999;17.95;12.63;8.64;17.95;11.299999999999999;21.939999999999998;255.656
2046;18.61;17.28;17.28;17.28;17.28;17.28;17.28;17.28;17.28;17.28;17.28;17.28;17.28;17.28;17.28;17.28;17.28;17.28;17.28;17.28;17.28;17.28;17.28;17.28;17.28;17.28;17.28;17.28;17.28;17.28
2047;961.9979999999999;31.25;24.6;41.89;125.154;37.900000000000006;8.64;20.61;157.765;21.939999999999998;17.95;15.29;13.959999999999999;11.299999999999999;167.224;11.299999999999999;11.299999999999999;8.64;9.969999999999999;9.969999999999999;194.649;11.299999999999999;11.299999999999999;15.29;11.299999999999999;8.64;12.63;9.969999999999999;12.63;16.62
2048;1416.684;36.9;22.27;31.58;119.16099999999999;42.626000000000005;12.959999999999999;24.93;172.824;38.230000000000004;70.346;30.25;27.590000000000003;30.25;175.378;34.239999999999995;23.6;12.959999999999999;94.09;48.184;207.02399999999997;24.93;28.92;18.28;32.602000000000004;12.959999999999999;22.27;22.27;39.251999999999995;285.48600000000005
2049;581.0859999999999;21.939999999999998;8.64;9.969999999999999;86.44800000000001;17.642;8.64;9.969999999999999;109.452;9.969999999999999;8.64;17.95;11.299999999999999;17.95;141.075;8.64;8.64;8.64;19.28;9.969999999999999;150.648;9.969999999999999;11.299999999999999;8.64;8.64;8.64;8.64;8.64;8.64;169.55100000000002
2050;24.6;8.64;8.64;8.64;8.64;8.64;8.64;8.64;8.64;8.64;8.64;8.64;8.64;8.64;8.64;8.64;8.64;8.64;8.64;8.64;8.64;8.64;8.64;8.64;8.64;8.64;8.64;8.64;8.64;8.64
2051;539.394;12.63;12.63;32.58;130.15200000000002;29.233999999999998;8.64;12.63;148.002;8.64;8.64;8.64;8.64;8.64;8.64;8.64;8.64;8.64;8.64;8.64;8.64;8.64;8.64;8.64;8.64;8.64;8.64;8.64;8.64;11.299999999999999
2052;244.968;19.61;23.6;23.6;140.203;12.959999999999999;12.959999999999999;12.959999999999999;12.959999999999999;12.959999999999999;12.959999999999999;12.959999999999999;12.959999999999999;12.959999999999999;12.959999999999999;12.959999999999999;12.959999999999999;12.959999999999999;12.959999999999999;12.959999999999999;12.959999999999999;12.959999999999999;12.959999999999999;12.959999999999999;12.959999999999999;12.959999999999999;12.959999999999999;12.959999999999999;12.959999999999999;15.62
2053;14.29;12.959999999999999;12.959999999999999;12.959999999999999;12.959999999999999;12.959999999999999;12.959999999999999;12.959999999999999;12.959999999999999;12.959999999999999;12.959999999999999;12.959999999999999;12.959999999999999;12.959999999999999;12.959999999999999;12.959999999999999;12.959999999999999;12.959999999999999;12.959999999999999;12.959999999999999;12.959999999999999;12.959999999999999;12.959999999999999;12.959999999999999;12.959999999999999;12.959999999999999;12.959999999999999;12.959999999999999;12.959999999999999;12.959999999999999
2054;1100.8159999999998;24.93;24.93;30.25;106.463;24.622;12.959999999999999;23.6;139.344;18.28;12.959999999999999;12.959999999999999;14.29;14.29;149.556;12.959999999999999;12.959999999999999;12.959999999999999;24.93;32.056;199.69799999999998;14.29;18.28;12.959999999999999;12.959999999999999;12.959999999999999;15.62;12.959999999999999;14.29;215.903
2055;1007.4019999999999;33.24;30.58;27.919999999999998;133.25400000000002;24.951999999999998;17.28;19.939999999999998;149.779;17.28;19.939999999999998;17.28;17.28;21.27;170.118;17.28;17.28;17.28;35.9;17.28;182.507;17.28;17.28;17.28;17.28;17.28;17.28;17.28;19.939999999999998;19.939999999999998
2056;24.6;8.64;8.64;8.64;8.64;8.64;8.64;8.64;8.64;8.64;8.64;8.64;8.64;8.64;8.64;8.64;8.64;8.64;8.64;8.64;8.64;8.64;8.64;8.64;8.64;8.64;8.64;8.64;8.64;8.64
2057;23.6;12.959999999999999;12.959999999999999;20.94;12.959999999999999;12.959999999999999;12.959999999999999;12.959999999999999;12.959999999999999;12.959999999999999;12.959999999999999;12.959999999999999;12.959999999999999;12.959999999999999;12.959999999999999;12.959999999999999;12.959999999999999;12.959999999999999;12.959999999999999;12.959999999999999;12.959999999999999;12.959999999999999;12.959999999999999;12.959999999999999;12.959999999999999;12.959999999999999;12.959999999999999;12.959999999999999;12.959999999999999;12.959999999999999
2058;1876.8640000000003;43.55;34.239999999999995;30.25;101.876;28.612;12.959999999999999;31.58;168.376;48.870000000000005;19.61;23.6;32.91;20.94;165.06;20.94;18.28;12.959999999999999;59.510000000000005;20.94;186.053;12.959999999999999;14.29;15.62;15.62;12.959999999999999;16.95;12.959999999999999;14.29;200.54500000000002
2059;153.94;20.94;16.95;12.959999999999999;12.959999999999999;12.959999999999999;12.959999999999999;12.959999999999999;12.959999999999999;12.959999999999999;12.959999999999999;12.959999999999999;12.959999999999999;12.959999999999999;12.959999999999999;12.959999999999999;12.959999999999999;12.959999999999999;12.959999999999999;12.959999999999999;12.959999999999999;12.959999999999999;12.959999999999999;12.959999999999999;12.959999999999999;12.959999999999999;12.959999999999999;12.959999999999999;12.959999999999999;12.959999999999999
2060;20.94;12.959999999999999;12.959999999999999;12.959999999999999;12.959999999999999;12.959999999999999;12.959999999999999;12.959999999999999;12.959999999999999;12.959999999999999;12.959999999999999;12.959999999999999;12.959999999999999;12.959999999999999;12.959999999999999;12.959999999999999;12.959999999999999;12.959999999999999;12.959999999999999;12.959999999999999;12.959999999999999;12.959999999999999;12.959999999999999;12.959999999999999;12.959999999999999;12.959999999999999;12.959999999999999;12.959999999999999;12.959999999999999;12.959999999999999
2061;2368.37;34.57;39.89;31.91;143.79000000000002;25.26;17.28;19.939999999999998;162.69;33.24;23.93;25.26;19.939999999999998;23.93;181.76100000000002;33.24;21.27;17.28;54.519999999999996;27.919999999999998;212.71200000000002;23.93;27.919999999999998;21.27;19.939999999999998;17.28;30.58;21.27;25.26;254.44600000000003
2062;1332.2160000000001;41.22;33.24;31.91;133.846;32.932;17.28;23.93;152.704;23.93;22.599999999999998;19.939999999999998;22.599999999999998;22.599999999999998;150.998;17.28;17.28;17.28;38.56;22.599999999999998;190.534;19.939999999999998;19.939999999999998;21.27;18.61;17.28;17.28;19.939999999999998;27.919999999999998;221.27800000000002
2063;1456.1640000000002;23.6;27.590000000000003;18.28;125.58800000000001;15.62;12.959999999999999;15.62;122.703;12.959999999999999;12.959999999999999;14.29;15.62;15.62;127.80300000000001;16.95;14.29;12.959999999999999;24.93;16.95;158.049;15.62;18.28;19.61;16.95;12.959999999999999;22.27;23.6;19.61;222.16899999999998
2064;1421.654;30.25;34.239999999999995;23.6;138.811;47.638000000000005;12.959999999999999;27.590000000000003;160.111;24.93;18.28;20.94;26.259999999999998;23.6;176.88600000000002;19.61;22.27;12.959999999999999;67.49;31.272;209.002;27.590000000000003;26.259999999999998;22.27;22.27;12.959999999999999;18.28;12.959999999999999;30.25;250.56399999999996
2065;919.172;15.29;12.63;13.959999999999999;119.839;17.404;8.64;16.62;151.754;8.64;8.64;13.959999999999999;13.959999999999999;12.63;165.733;8.64;8.64;8.64;17.95;8.64;161.974;8.64;8.64;11.299999999999999;9.969999999999999;8.64;9.969999999999999;8.64;15.29;164.298
2066;1336.4360000000001;24.93;34.239999999999995;30.25;130.212;27.590000000000003;12.959999999999999;23.6;155.071;24.93;19.61;22.27;18.28;19.61;173.404;16.95;18.28;12.959999999999999;36.9;16.95;203.588;16.95;19.61;16.95;14.29;12.959999999999999;19.61;14.29;16.95;256.09000000000003
2067;185.824;9.969999999999999;12.63;12.63;101.13000000000001;8.64;8.64;8.64;8.64;8.64;8.64;8.64;8.64;8.64;8.64;8.64;8.64;8.64;12.63;8.64;8.64;8.64;8.64;8.64;8.64;8.64;8.64;8.64;8.64;8.64
2068;435.326;20.94;20.94;20.94;136.54;42.626000000000005;12.959999999999999;26.259999999999998;163.41500000000002;18.28;12.959999999999999;12.959999999999999;12.959999999999999;12.959999999999999;12.959999999999999;12.959999999999999;12.959999999999999;12.959999999999999;16.95;12.959999999999999;12.959999999999999;12.959999999999999;12.959999999999999;12.959999999999999;12.959999999999999;12.959999999999999;12.959999999999999;12.959999999999999;12.959999999999999;15.62
2069;266.382;26.589999999999996;19.939999999999998;27.919999999999998;140.85500000000002;18.61;17.28;18.61;17.28;17.28;17.28;17.28;17.28;17.28;17.28;17.28;17.28;17.28;17.28;17.28;17.28;17.28;17.28;17.28;17.28;17.28;17.28;17.28;17.28;19.939999999999998
2070;280.772;20.61;16.62;12.63;104.21100000000001;12.63;8.64;8.64;8.64;8.64;8.64;11.299999999999999;9.969999999999999;8.64;8.64;8.64;8.64;8.64;8.64;8.64;8.64;8.64;8.64;8.64;8.64;8.64;8.64;8.64;8.64;9.969999999999999
2071;88.44;20.61;12.63;15.29;9.969999999999999;8.64;8.64;8.64;8.64;8.64;8.64;8.64;8.64;8.64;8.64;8.64;8.64;8.64;8.64;8.64;8.64;8.64;8.64;8.64;8.64;8.64;8.64;8.64;8.64;11.299999999999999
2072;9.969999999999999;8.64;8.64;8.64;8.64;8.64;8.64;8.64;8.64;8.64;8.64;8.64;8.64;8.64;8.64;8.64;8.64;8.64;8.64;8.64;8.64;8.64;8.64;8.64;8.64;8.64;8.64;8.64;8.64;8.64
2073;18.61;17.28;17.28;17.28;17.28;17.28;17.28;17.28;17.28;17.28;17.28;17.28;17.28;17.28;17.28;17.28;17.28;17.28;17.28;17.28;17.28;17.28;17.28;17.28;17.28;17.28;17.28;17.28;17.28;17.28
2074;1083.014;19.28;23.270000000000003;23.270000000000003;122.82099999999998;30.942;8.64;21.939999999999998;159.214;15.29;15.29;17.95;9.969999999999999;12.63;153.035;11.299999999999999;11.299999999999999;8.64;16.62;9.969999999999999;194.22299999999998;9.969999999999999;12.63;12.63;11.299999999999999;8.64;13.959999999999999;11.299999999999999;15.528;233.633
2075;878.866;16.62;9.969999999999999;15.29;142.122;32.678;8.64;11.299999999999999;153.406;12.63;11.299999999999999;8.64;12.63;12.63;136.305;8.64;8.64;8.64;28.59;13.959999999999999;183.702;12.63;11.299999999999999;12.63;12.63;8.64;19.28;13.959999999999999;15.29;235.50300000000004
2076;213.95800000000003;23.6;24.93;30.25;144.832;30.964;12.959999999999999;19.61;152.728;15.62;15.62;12.959999999999999;14.29;12.959999999999999;12.959999999999999;12.959999999999999;12.959999999999999;12.959999999999999;12.959999999999999;12.959999999999999;12.959999999999999;12.959999999999999;12.959999999999999;12.959999999999999;12.959999999999999;12.959999999999999;12.959999999999999;12.959999999999999;12.959999999999999;12.959999999999999
2077;9.969999999999999;8.64;8.64;8.64;8.64;8.64;8.64;8.64;8.64;8.64;8.64;8.64;8.64;8.64;8.64;8.64;8.64;8.64;8.64;8.64;8.64;8.64;8.64;8.64;8.64;8.64;8.64;8.64;8.64;8.64
2078;1347.5800000000002;26.259999999999998;32.91;30.25;115.12899999999999;39.727999999999994;12.959999999999999;27.590000000000003;166.397;23.6;42.864000000000004;26.259999999999998;34.239999999999995;28.92;185.094;20.94;16.95;12.959999999999999;35.57000000000001;16.404;214.26999999999998;19.61;18.28;20.94;22.27;12.959999999999999;23.6;20.94;20.94;260.699
2079;127.48599999999999;15.29;15.29;15.29;130.313;9.969999999999999;8.64;8.64;8.64;8.64;8.64;8.64;8.64;8.64;8.64;8.64;8.64;8.64;8.64;8.64;8.64;8.64;8.64;8.64;8.64;8.64;8.64;8.64;8.64;11.299999999999999
2080;309.942;26.259999999999998;20.94;26.259999999999998;122.507;22.508;12.959999999999999;20.94;118.666;12.959999999999999;12.959999999999999;15.62;12.959999999999999;12.959999999999999;12.959999999999999;12.959999999999999;12.959999999999999;12.959999999999999;12.959999999999999;12.959999999999999;12.959999999999999;12.959999999999999;12.959999999999999;12.959999999999999;12.959999999999999;12.959999999999999;12.959999999999999;12.959999999999999;12.959999999999999;12.959999999999999
2081;2407.288;52.53;47.209999999999994;48.54;120.76299999999999;55.596000000000004;8.64;51.199999999999996;133.89;69.82;55.974000000000004;77.8;53.86000000000001;37.900000000000006;157.305;23.270000000000003;9.969999999999999;8.64;131.0;58.732;200.154;31.25;39.23;24.6;33.294;8.64;28.59;23.270000000000003;15.29;252.33000000000004
2082;315.654;46.21;39.56;26.259999999999998;147.44500000000002;31.272;12.959999999999999;22.27;142.05100000000002;12.959999999999999;12.959999999999999;15.62;12.959999999999999;12.959999999999999;12.959999999999999;12.959999999999999;12.959999999999999;12.959999999999999;18.28;12.959999999999999;12.959999999999999;12.959999999999999;12.959999999999999;12.959999999999999;12.959999999999999;12.959999999999999;12.959999999999999;12.959999999999999;12.959999999999999;18.28
2083;5.6499999999999995;4.32;4.32;4.32;4.32;4.32;4.32;4.32;4.32;4.32;4.32;4.32;4.32;4.32;4.32;4.32;4.32;4.32;4.32;4.32;4.32;4.32;4.32;4.32;4.32;4.32;4.32;4.32;4.32;4.32
2084;1388.09;27.919999999999998;41.22;38.56;152.337;40.366;17.28;27.919999999999998;186.407;53.19;46.540000000000006;42.55;34.57;26.589999999999996;177.298;33.24;27.919999999999998;17.28;54.519999999999996;31.91;209.243;21.27;22.599999999999998;25.26;22.599999999999998;17.28;38.56;25.26;36.138000000000005;280.132
2085;1056.736;17.95;16.62;20.61;94.963;32.986000000000004;8.64;21.939999999999998;167.766;33.91;19.28;19.28;17.95;17.95;146.281;8.64;8.64;8.64;33.91;30.634;133.804;8.64;8.64;8.64;8.64;8.64;8.64;8.64;8.64;13.959999999999999
2086;1514.2359999999999;22.27;23.6;36.9;121.774;46.616;12.959999999999999;34.239999999999995;175.98200000000003;24.93;77.47200000000001;42.22;38.230000000000004;39.56;182.288;31.58;14.29;12.959999999999999;62.169999999999995;50.914;223.599;27.590000000000003;19.61;33.931999999999995;42.388;12.959999999999999;20.94;30.25;41.912;249.695
2087;134.76000000000002;18.28;24.93;14.29;86.429;12.959999999999999;12.959999999999999;12.959999999999999;12.959999999999999;12.959999999999999;12.959999999999999;12.959999999999999;12.959999999999999;12.959999999999999;12.959999999999999;12.959999999999999;12.959999999999999;12.959999999999999;12.959999999999999;12.959999999999999;12.959999999999999;12.959999999999999;12.959999999999999;12.959999999999999;12.959999999999999;12.959999999999999;12.959999999999999;12.959999999999999;12.959999999999999;14.29
2088;476.54799999999994;20.61;23.270000000000003;19.28;90.723;25.622;8.64;17.95;123.69800000000001;8.64;8.64;13.959999999999999;8.64;8.64;8.64;8.64;8.64;8.64;8.64;8.64;8.64;8.64;8.64;8.64;8.64;8.64;8.64;8.64;8.64;11.299999999999999
2089;59.656000000000006;8.64;8.64;11.299999999999999;82.426;8.64;8.64;8.64;8.64;8.64;8.64;8.64;8.64;8.64;8.64;8.64;8.64;8.64;8.64;8.64;8.64;8.64;8.64;8.64;8.64;8.64;8.64;8.64;8.64;8.64
2090;828.6840000000001;30.25;20.94;24.93;112.786;19.61;12.959999999999999;19.61;81.902;12.959999999999999;15.62;12.959999999999999;12.959999999999999;20.94;124.99199999999999;12.959999999999999;14.29;12.959999999999999;31.58;12.959999999999999;172.664;12.959999999999999;12.959999999999999;12.959999999999999;12.959999999999999;12.959999999999999;15.62;12.959999999999999;19.61;190.502
2091;1391.7279999999998;19.28;11.299999999999999;12.63;128.869;12.63;8.64;11.299999999999999;145.067;13.959999999999999;15.29;13.959999999999999;15.29;12.63;173.23000000000002;13.959999999999999;13.959999999999999;8.64;31.25;15.29;213.08800000000002;11.299999999999999;8.64;16.62;15.29;8.64;16.62;16.62;19.28;249.36499999999998
2092;658.576;15.29;16.62;21.939999999999998;97.301;18.972;8.64;20.61;147.358;15.29;8.64;8.64;8.64;8.64;8.64;8.64;8.64;8.64;12.63;8.64;8.64;8.64;8.64;8.64;8.64;8.64;8.64;8.64;8.64;9.969999999999999
2093;891.18;34.239999999999995;22.27;23.6;143.18499999999997;38.944;12.959999999999999;27.590000000000003;181.022;24.93;72.22200000000001;35.57000000000001;26.259999999999998;27.590000000000003;188.87599999999998;24.93;30.25;12.959999999999999;47.54;38.468;217.366;23.6;24.93;28.92;35.57000000000001;12.959999999999999;40.89;27.590000000000003;27.590000000000003;258.79200000000003
2094;44.550000000000004;8.64;8.64;8.64;8.64;8.64;8.64;8.64;8.64;8.64;8.64;8.64;8.64;8.64;8.64;8.64;8.64;8.64;8.64;8.64;8.64;8.64;8.64;8.64;8.64;8.64;8.64;8.64;8.64;8.64
2095;726.308;25.93;20.61;19.28;112.134;16.62;8.64;17.95;120.674;15.29;13.959999999999999;15.29;17.95;16.62;166.85999999999999;15.29;15.29;8.64;35.239999999999995;17.95;172.495;21.939999999999998;16.62;12.63;12.63;8.64;13.959999999999999;13.959999999999999;13.959999999999999;245.64500000000004
2096;13.959999999999999;8.64;8.64;8.64;8.64;8.64;8.64;8.64;8.64;8.64;8.64;8.64;8.64;8.64;8.64;8.64;8.64;8.64;8.64;8.64;8.64;8.64;8.64;8.64;8.64;8.64;8.64;8.64;8.64;8.64
2097;2105.042;33.91;47.209999999999994;27.259999999999998;132.282;52.69799999999999;8.64;40.56;212.61699999999996;52.53;68.042;72.48;48.54;37.900000000000006;198.547;91.1;24.6;8.64;59.18;36.57;218.096;20.61;33.91;25.93;40.965999999999994;8.64;37.900000000000006;40.56;37.592;288.091
2098;18.61;17.28;17.28;17.28;17.28;17.28;17.28;17.28;17.28;17.28;17.28;17.28;17.28;17.28;17.28;17.28;17.28;17.28;17.28;17.28;17.28;17.28;17.28;17.28;17.28;17.28;17.28;17.28;17.28;17.28
2099;1244.792;15.62;16.95;39.56;131.059;33.693999999999996;12.959999999999999;36.9;153.69899999999998;12.959999999999999;12.959999999999999;19.61;23.6;27.590000000000003;188.975;12.959999999999999;12.959999999999999;12.959999999999999;64.83;29.396;210.429;19.61;15.62;22.27;27.282;12.959999999999999;14.29;14.29;22.27;249.851
2100;2761.8600000000006;27.590000000000003;24.93;43.55;143.50699999999998;41.296;12.959999999999999;28.92;168.101;26.259999999999998;19.61;18.28;27.590000000000003;20.94;183.925;18.28;15.62;12.959999999999999;54.19;47.400000000000006;218.59599999999998;26.259999999999998;14.29;19.61;16.95;12.959999999999999;15.62;12.959999999999999;18.28;260.491
2101;2897.5260000000003;23.270000000000003;31.25;37.900000000000006;108.788;33.602;8.64;35.239999999999995;199.68099999999998;35.239999999999995;23.270000000000003;36.57;35.239999999999995;41.89;166.85999999999999;24.6;11.299999999999999;8.64;64.5;36.5;203.491;24.6;12.63;19.28;17.95;8.64;13.959999999999999;9.969999999999999;13.959999999999999;272.97300000000007
2102;1222.196;27.590000000000003;20.94;30.25;133.55800000000002;32.056;12.959999999999999;15.62;143.106;24.93;18.28;15.62;15.62;14.29;148.684;12.959999999999999;12.959999999999999;12.959999999999999;36.9;18.28;190.72899999999998;12.959999999999999;12.959999999999999;12.959999999999999;12.959999999999999;12.959999999999999;12.959999999999999;12.959999999999999;14.29;239.974
2103;131.238;27.259999999999998;9.969999999999999;8.64;133.86200000000002;8.64;8.64;8.64;8.64;8.64;8.64;8.64;8.64;8.64;8.64;8.64;8.64;8.64;8.64;8.64;8.64;8.64;8.64;8.64;8.64;8.64;8.64;8.64;8.64;13.959999999999999
2104;91.43;22.27;12.959999999999999;14.29;95.256;12.959999999999999;12.959999999999999;12.959999999999999;91.301;12.959999999999999;12.959999999999999;12.959999999999999;12.959999999999999;12.959999999999999;12.959999999999999;12.959999999999999;12.959999999999999;12.959999999999999;12.959999999999999;12.959999999999999;12.959999999999999;12.959999999999999;12.959999999999999;12.959999999999999;12.959999999999999;12.959999999999999;12.959999999999999;12.959999999999999;12.959999999999999;12.959999999999999
2105;918.4659999999999;19.61;23.6;30.25;134.15;14.29;12.959999999999999;15.62;177.634;27.590000000000003;16.95;15.62;18.28;14.29;155.386;18.28;18.28;12.959999999999999;26.259999999999998;12.959999999999999;199.229;12.959999999999999;12.959999999999999;12.959999999999999;12.959999999999999;12.959999999999999;12.959999999999999;12.959999999999999;14.29;18.28
2106;166.25999999999996;16.95;18.28;15.62;107.41900000000001;14.29;12.959999999999999;12.959999999999999;120.365;12.959999999999999;14.29;14.29;12.959999999999999;12.959999999999999;12.959999999999999;12.959999999999999;12.959999999999999;12.959999999999999;12.959999999999999;12.959999999999999;12.959999999999999;12.959999999999999;12.959999999999999;12.959999999999999;12.959999999999999;12.959999999999999;12.959999999999999;12.959999999999999;12.959999999999999;12.959999999999999
2107;247.824;34.239999999999995;16.95;12.959999999999999;121.59800000000001;14.29;12.959999999999999;12.959999999999999;128.12199999999999;20.94;12.959999999999999;15.62;12.959999999999999;12.959999999999999;134.983;12.959999999999999;12.959999999999999;12.959999999999999;12.959999999999999;12.959999999999999;12.959999999999999;12.959999999999999;12.959999999999999;12.959999999999999;12.959999999999999;12.959999999999999;12.959999999999999;12.959999999999999;12.959999999999999;14.29
2108;1596.4720000000004;14.29;16.95;15.62;116.501;12.959999999999999;12.959999999999999;14.29;116.328;12.959999999999999;14.29;12.959999999999999;14.29;15.62;143.696;14.29;15.62;12.959999999999999;20.94;12.959999999999999;178.717;12.959999999999999;12.959999999999999;12.959999999999999;14.29;12.959999999999999;14.29;12.959999999999999;14.29;202.93
2109;3886.3819999999996;36.9;27.590000000000003;24.93;144.515;40.036;12.959999999999999;35.57000000000001;188.742;47.54;86.54400000000001;36.9;42.22;32.91;181.659;35.57000000000001;28.92;12.959999999999999;83.45;50.368;234.409;30.25;27.590000000000003;32.602000000000004;37.614;12.959999999999999;28.92;23.6;30.25;278.31100000000004
2110;18.61;17.28;17.28;17.28;17.28;17.28;17.28;17.28;17.28;17.28;17.28;17.28;17.28;17.28;17.28;17.28;17.28;17.28;17.28;17.28;17.28;17.28;17.28;17.28;17.28;17.28;17.28;17.28;17.28;17.28
2111;751.264;19.61;24.93;12.959999999999999;103.803;12.959999999999999;12.959999999999999;14.29;77.273;12.959999999999999;12.959999999999999;15.62;16.95;12.959999999999999;106.92699999999999;12.959999999999999;12.959999999999999;12.959999999999999;27.590000000000003;12.959999999999999;162.304;14.29;12.959999999999999;14.29;14.29;12.959999999999999;12.959999999999999;12.959999999999999;12.959999999999999;216.18300000000002
2112;1189.8;24.93;28.92;19.61;123.46799999999999;15.62;12.959999999999999;14.29;146.72199999999998;12.959999999999999;12.959999999999999;15.62;15.62;16.95;170.52599999999998;20.94;12.959999999999999;12.959999999999999;51.53;14.29;190.095;12.959999999999999;12.959999999999999;12.959999999999999;12.959999999999999;12.959999999999999;12.959999999999999;12.959999999999999;19.61;219.24399999999997
2113;638.984;20.94;18.28;15.62;121.965;12.959999999999999;12.959999999999999;12.959999999999999;12.959999999999999;18.28;14.29;12.959999999999999;14.29;12.959999999999999;131.476;12.959999999999999;12.959999999999999;12.959999999999999;20.94;12.959999999999999;160.449;12.959999999999999;15.62;14.29;12.959999999999999;12.959999999999999;12.959999999999999;12.959999999999999;12.959999999999999;207.20000000000002
2114;924.318;20.94;15.62;14.29;112.24600000000001;16.95;12.959999999999999;15.62;122.11599999999999;15.62;12.959999999999999;18.28;16.95;16.95;150.341;18.28;15.62;12.959999999999999;16.95;12.959999999999999;188.708;15.62;14.29;16.95;23.838;12.959999999999999;15.62;12.959999999999999;14.29;15.62
2115;1217.4920000000002;47.54;39.56;34.239999999999995;139.19500000000002;19.61;12.959999999999999;24.93;157.325;36.9;31.58;40.89;22.27;20.94;157.35500000000002;18.28;14.29;12.959999999999999;44.879999999999995;18.28;203.38;18.28;23.6;18.28;16.95;12.959999999999999;18.28;15.62;14.29;253.63299999999998
2116;1830.72;43.55;39.56;31.58;125.447;34.954;12.959999999999999;26.259999999999998;150.997;30.25;69.492;20.94;42.22;32.91;150.881;36.9;39.56;12.959999999999999;56.85;36.592;204.52599999999998;22.27;28.92;24.93;24.93;12.959999999999999;26.259999999999998;27.590000000000003;35.57000000000001;260.24600000000004
2117;60.84;19.61;12.959999999999999;12.959999999999999;12.959999999999999;12.959999999999999;12.959999999999999;12.959999999999999;12.959999999999999;12.959999999999999;12.959999999999999;12.959999999999999;12.959999999999999;12.959999999999999;12.959999999999999;12.959999999999999;12.959999999999999;12.959999999999999;12.959999999999999;12.959999999999999;12.959999999999999;12.959999999999999;12.959999999999999;12.959999999999999;12.959999999999999;12.959999999999999;12.959999999999999;12.959999999999999;12.959999999999999;14.29
2118;9.969999999999999;8.64;8.64;8.64;8.64;8.64;8.64;8.64;8.64;8.64;8.64;8.64;8.64;8.64;8.64;8.64;8.64;8.64;8.64;8.64;8.64;8.64;8.64;8.64;8.64;8.64;8.64;8.64;8.64;8.64
2119;9.969999999999999;8.64;8.64;8.64;8.64;8.64;8.64;8.64;8.64;8.64;8.64;8.64;8.64;8.64;8.64;8.64;8.64;8.64;8.64;8.64;8.64;8.64;8.64;8.64;8.64;8.64;8.64;8.64;8.64;8.64
2120;1515.768;33.91;32.58;29.919999999999998;125.845;47.07000000000001;8.64;15.29;159.001;33.91;24.529999999999998;16.62;21.939999999999998;17.95;162.231;8.64;8.64;8.64;11.299999999999999;8.64;8.64;9.969999999999999;11.299999999999999;8.64;8.64;8.64;8.64;8.64;8.64;11.299999999999999
2121;644.1840000000001;36.57;33.91;24.6;108.14899999999999;12.63;8.64;11.299999999999999;112.70400000000001;8.64;8.64;8.64;8.64;8.64;8.64;8.64;8.64;8.64;12.63;8.64;8.64;8.64;8.64;8.64;8.64;8.64;8.64;8.64;8.64;12.63
2122;631.942;16.95;14.29;20.94;124.845;14.29;12.959999999999999;16.95;149.06;14.29;14.29;15.62;15.62;12.959999999999999;166.546;12.959999999999999;12.959999999999999;12.959999999999999;31.58;14.29;191.529;12.959999999999999;12.959999999999999;14.29;14.29;12.959999999999999;16.95;12.959999999999999;14.29;248.365
2123;81.24399999999999;13.959999999999999;13.959999999999999;11.299999999999999;93.91300000000001;15.766;8.64;8.64;8.64;8.64;8.64;8.64;8.64;8.64;8.64;8.64;8.64;8.64;12.63;8.64;8.64;8.64;8.64;8.64;8.64;8.64;8.64;8.64;8.64;9.969999999999999
2124;175.324;15.29;16.62;11.299999999999999;129.186;8.64;8.64;8.64;8.64;8.64;8.64;8.64;8.64;8.64;8.64;8.64;8.64;8.64;8.64;8.64;8.64;8.64;8.64;8.64;8.64;8.64;8.64;8.64;8.64;11.299999999999999
2125;9.969999999999999;8.64;8.64;8.64;8.64;8.64;8.64;8.64;8.64;8.64;8.64;8.64;8.64;8.64;8.64;8.64;8.64;8.64;8.64;8.64;8.64;8.64;8.64;8.64;8.64;8.64;8.64;8.64;8.64;8.64
2126;253.318;8.64;20.61;28.59;8.64;8.64;8.64;8.64;8.64;8.64;8.64;8.64;8.64;8.64;8.64;8.64;8.64;8.64;8.64;8.64;8.64;8.64;8.64;8.64;8.64;8.64;8.64;8.64;8.64;11.299999999999999
2127;1581.134;52.53;43.22;27.259999999999998;128.973;25.93;8.64;23.270000000000003;167.07999999999998;45.88;25.93;32.58;23.270000000000003;23.270000000000003;180.249;21.939999999999998;20.61;8.64;49.87;23.270000000000003;202.572;15.29;32.58;17.95;16.62;8.64;23.270000000000003;15.29;17.95;252.66899999999998
2128;14.29;12.959999999999999;12.959999999999999;12.959999999999999;12.959999999999999;12.959999999999999;12.959999999999999;12.959999999999999;12.959999999999999;12.959999999999999;12.959999999999999;12.959999999999999;12.959999999999999;12.959999999999999;12.959999999999999;12.959999999999999;12.959999999999999;12.959999999999999;12.959999999999999;12.959999999999999;12.959999999999999;12.959999999999999;12.959999999999999;12.959999999999999;12.959999999999999;12.959999999999999;12.959999999999999;12.959999999999999;12.959999999999999;12.959999999999999
2129;163.68400000000003;18.28;12.959999999999999;12.959999999999999;127.131;12.959999999999999;12.959999999999999;12.959999999999999;12.959999999999999;12.959999999999999;12.959999999999999;12.959999999999999;12.959999999999999;12.959999999999999;12.959999999999999;12.959999999999999;12.959999999999999;12.959999999999999;12.959999999999999;12.959999999999999;12.959999999999999;12.959999999999999;12.959999999999999;12.959999999999999;12.959999999999999;12.959999999999999;12.959999999999999;12.959999999999999;12.959999999999999;12.959999999999999
2130;849.1999999999999;32.58;20.61;25.93;137.639;30.634;8.64;15.29;165.802;28.59;44.41;24.6;24.6;20.61;150.915;19.28;19.28;8.64;9.969999999999999;8.64;171.42;8.64;13.959999999999999;8.64;8.64;8.64;8.64;8.64;8.64;9.969999999999999
2131;1164.522;27.259999999999998;24.6;15.29;118.87800000000001;26.951999999999998;8.64;21.939999999999998;147.08300000000003;9.969999999999999;11.299999999999999;17.95;15.29;15.29;148.203;11.299999999999999;11.299999999999999;8.64;15.29;9.969999999999999;184.071;9.969999999999999;8.64;11.299999999999999;11.299999999999999;8.64;8.64;11.299999999999999;12.63;16.62
2132;18.28;12.959999999999999;12.959999999999999;12.959999999999999;12.959999999999999;12.959999999999999;12.959999999999999;12.959999999999999;12.959999999999999;12.959999999999999;12.959999999999999;12.959999999999999;12.959999999999999;12.959999999999999;12.959999999999999;12.959999999999999;12.959999999999999;12.959999999999999;12.959999999999999;12.959999999999999;12.959999999999999;12.959999999999999;12.959999999999999;12.959999999999999;12.959999999999999;12.959999999999999;12.959999999999999;12.959999999999999;12.959999999999999;12.959999999999999
2133;14.29;12.959999999999999;12.959999999999999;12.959999999999999;12.959999999999999;12.959999999999999;12.959999999999999;12.959999999999999;12.959999999999999;12.959999999999999;12.959999999999999;12.959999999999999;12.959999999999999;12.959999999999999;12.959999999999999;12.959999999999999;12.959999999999999;12.959999999999999;12.959999999999999;12.959999999999999;12.959999999999999;12.959999999999999;12.959999999999999;12.959999999999999;12.959999999999999;12.959999999999999;12.959999999999999;12.959999999999999;12.959999999999999;12.959999999999999
2134;9.969999999999999;8.64;8.64;8.64;8.64;8.64;8.64;8.64;8.64;8.64;8.64;8.64;8.64;8.64;8.64;8.64;8.64;8.64;8.64;8.64;8.64;8.64;8.64;8.64;8.64;8.64;8.64;8.64;8.64;8.64
2135;86.564;12.63;8.64;8.64;79.771;8.64;8.64;9.969999999999999;8.64;8.64;8.64;8.64;8.64;8.64;8.64;8.64;8.64;8.64;8.64;8.64;8.64;8.64;8.64;8.64;8.64;8.64;8.64;8.64;8.64;8.64
2136;1252.2459999999999;21.939999999999998;40.56;28.59;135.841;32.034;8.64;29.919999999999998;168.727;29.919999999999998;25.93;27.259999999999998;15.29;15.29;174.56;20.61;13.959999999999999;8.64;47.209999999999994;13.959999999999999;205.596;9.969999999999999;11.299999999999999;13.959999999999999;13.959999999999999;8.64;19.28;13.959999999999999;16.62;237.123
2137;1052.088;28.59;24.6;21.939999999999998;107.557;13.959999999999999;8.64;24.6;156.398;11.299999999999999;8.64;15.29;16.62;20.61;144.327;21.939999999999998;8.64;8.64;33.91;26.951999999999998;202.93800000000002;12.63;21.939999999999998;9.969999999999999;9.969999999999999;8.64;17.95;8.64;12.63;230.22999999999996
2138;904.886;22.27;18.28;12.959999999999999;116.82300000000001;15.62;12.959999999999999;15.62;140.721;18.28;14.29;14.29;18.28;22.27;160.706;16.95;16.95;12.959999999999999;27.590000000000003;20.94;178.244;15.62;22.27;15.62;12.959999999999999;12.959999999999999;18.28;14.29;21.177999999999997;243.466
2139;238.072;25.93;35.239999999999995;16.62;27.577;8.64;8.64;9.969999999999999;8.64;9.969999999999999;8.64;8.64;8.64;8.64;8.64;8.64;8.64;8.64;8.64;8.64;8.64;8.64;8.64;8.64;8.64;8.64;8.64;8.64;8.64;9.969999999999999
2140;102.07000000000001;16.95;12.959999999999999;12.959999999999999;118.83899999999998;12.959999999999999;12.959999999999999;14.29;12.959999999999999;12.959999999999999;12.959999999999999;12.959999999999999;12.959999999999999;12.959999999999999;12.959999999999999;12.959999999999999;12.959999999999999;12.959999999999999;12.959999999999999;12.959999999999999;12.959999999999999;12.959999999999999;12.959999999999999;12.959999999999999;12.959999999999999;12.959999999999999;12.959999999999999;12.959999999999999;12.959999999999999;12.959999999999999
2141;80.244;16.95;12.959999999999999;23.6;12.959999999999999;12.959999999999999;12.959999999999999;12.959999999999999;12.959999999999999;12.959999999999999;12.959999999999999;12.959999999999999;12.959999999999999;12.959999999999999;12.959999999999999;12.959999999999999;12.959999999999999;12.959999999999999;12.959999999999999;12.959999999999999;12.959999999999999;12.959999999999999;12.959999999999999;12.959999999999999;12.959999999999999;12.959999999999999;12.959999999999999;12.959999999999999;12.959999999999999;12.959999999999999
2142;219.11599999999999;20.61;15.29;12.63;107.587;8.64;8.64;8.64;8.64;8.64;8.64;8.64;8.64;8.64;8.64;8.64;8.64;8.64;8.64;8.64;8.64;8.64;8.64;8.64;8.64;8.64;8.64;8.64;8.64;12.63
2143;13.959999999999999;8.64;8.64;8.64;8.64;8.64;8.64;8.64;8.64;8.64;8.64;8.64;8.64;8.64;8.64;8.64;8.64;8.64;8.64;8.64;8.64;8.64;8.64;8.64;8.64;8.64;8.64;8.64;8.64;8.64
2144;18.61;17.28;17.28;17.28;17.28;17.28;17.28;17.28;17.28;17.28;17.28;17.28;17.28;17.28;17.28;17.28;17.28;17.28;17.28;17.28;17.28;17.28;17.28;17.28;17.28;17.28;17.28;17.28;17.28;17.28
2145;653.432;35.57000000000001;38.230000000000004;54.19;99.45400000000001;43.956;12.959999999999999;14.29;16.95;12.959999999999999;12.959999999999999;12.959999999999999;12.959999999999999;12.959999999999999;12.959999999999999;12.959999999999999;12.959999999999999;12.959999999999999;19.61;12.959999999999999;12.959999999999999;12.959999999999999;12.959999999999999;12.959999999999999;12.959999999999999;12.959999999999999;12.959999999999999;12.959999999999999;12.959999999999999;16.95
2146;1503.3220000000001;33.91;36.57;25.93;122.82099999999998;37.592;8.64;16.62;180.977;21.939999999999998;15.29;25.93;20.61;16.62;157.34699999999998;20.61;11.299999999999999;8.64;47.209999999999994;15.29;203.10700000000003;12.63;13.959999999999999;12.63;11.299999999999999;8.64;11.299999999999999;11.299999999999999;13.959999999999999;251.817
2147;60.294;15.62;16.95;15.62;93.12100000000001;12.959999999999999;12.959999999999999;12.959999999999999;12.959999999999999;12.959999999999999;12.959999999999999;12.959999999999999;12.959999999999999;12.959999999999999;12.959999999999999;12.959999999999999;12.959999999999999;12.959999999999999;12.959999999999999;12.959999999999999;12.959999999999999;12.959999999999999;12.959999999999999;12.959999999999999;12.959999999999999;12.959999999999999;12.959999999999999;15.62;12.959999999999999;12.959999999999999
2148;1090.498;20.94;27.590000000000003;20.94;146.209;22.27;12.959999999999999;18.28;159.7;23.6;38.874;22.27;19.61;22.27;184.72499999999997;18.28;20.94;12.959999999999999;35.57000000000001;18.28;188.874;15.62;16.95;14.29;14.29;12.959999999999999;18.28;16.95;20.94;257.982
2149;1308.674;54.19;32.91;22.27;137.865;15.62;12.959999999999999;16.95;151.034;24.93;15.62;27.590000000000003;19.61;20.94;167.876;20.94;18.28;12.959999999999999;42.22;18.28;150.614;16.95;14.29;16.95;19.61;12.959999999999999;18.28;15.62;16.95;224.73000000000002
2150;160.75799999999998;35.57000000000001;18.28;12.959999999999999;115.711;12.959999999999999;12.959999999999999;12.959999999999999;12.959999999999999;12.959999999999999;12.959999999999999;12.959999999999999;12.959999999999999;12.959999999999999;12.959999999999999;12.959999999999999;12.959999999999999;12.959999999999999;12.959999999999999;12.959999999999999;12.959999999999999;12.959999999999999;12.959999999999999;12.959999999999999;12.959999999999999;12.959999999999999;12.959999999999999;12.959999999999999;12.959999999999999;14.29
2151;690.384;11.299999999999999;13.959999999999999;8.64;123.50200000000001;8.64;8.64;9.969999999999999;126.036;8.64;11.299999999999999;9.969999999999999;9.969999999999999;16.62;160.371;8.64;15.29;8.64;15.29;8.64;167.70999999999998;9.969999999999999;8.64;11.299999999999999;8.64;8.64;11.299999999999999;8.64;11.299999999999999;12.63
2152;794.502;13.959999999999999;8.64;8.64;125.57;8.64;8.64;9.969999999999999;137.726;8.64;8.64;13.959999999999999;11.299999999999999;8.64;150.536;8.64;9.969999999999999;8.64;19.28;8.64;169.721;8.64;8.64;9.969999999999999;8.64;8.64;9.969999999999999;8.64;11.299999999999999;177.15699999999998
2153;1234.502;24.93;16.95;22.27;141.21099999999998;15.62;12.959999999999999;12.959999999999999;150.442;15.62;12.959999999999999;15.62;15.62;20.94;167.559;12.959999999999999;12.959999999999999;12.959999999999999;12.959999999999999;12.959999999999999;211.776;12.959999999999999;12.959999999999999;16.95;16.95;12.959999999999999;15.62;12.959999999999999;15.62;162.228
2154;371.68999999999994;21.27;17.28;49.2;124.69199999999998;31.839999999999996;17.28;21.27;122.216;35.9;17.28;17.28;17.28;17.28;17.28;17.28;17.28;17.28;17.28;17.28;17.28;17.28;17.28;17.28;17.28;17.28;17.28;17.28;17.28;17.28
2155;258.898;36.9;39.56;47.54;127.307;36.046;12.959999999999999;19.61;20.94;12.959999999999999;12.959999999999999;16.95;12.959999999999999;12.959999999999999;12.959999999999999;12.959999999999999;12.959999999999999;12.959999999999999;14.29;12.959999999999999;12.959999999999999;12.959999999999999;12.959999999999999;12.959999999999999;12.959999999999999;12.959999999999999;12.959999999999999;12.959999999999999;12.959999999999999;15.62
2156;3386.562;29.25;30.58;46.540000000000006;144.902;53.05;17.28;42.55;190.07500000000002;50.53;84.83000000000001;46.540000000000006;42.55;42.55;184.406;42.55;27.919999999999998;17.28;134.32;45.44800000000001;230.30900000000003;34.57;23.93;27.919999999999998;44.902;17.28;23.93;25.26;29.25;281.348
2157;43.410000000000004;12.959999999999999;12.959999999999999;12.959999999999999;12.959999999999999;12.959999999999999;12.959999999999999;12.959999999999999;12.959999999999999;12.959999999999999;12.959999999999999;12.959999999999999;12.959999999999999;12.959999999999999;12.959999999999999;12.959999999999999;12.959999999999999;12.959999999999999;12.959999999999999;12.959999999999999;12.959999999999999;12.959999999999999;12.959999999999999;12.959999999999999;12.959999999999999;12.959999999999999;12.959999999999999;12.959999999999999;12.959999999999999;12.959999999999999
2158;223.79199999999997;28.59;17.95;17.95;132.854;11.299999999999999;8.64;9.969999999999999;110.636;39.23;25.076;17.95;19.28;11.299999999999999;8.64;8.64;19.28;8.64;21.939999999999998;9.969999999999999;142.304;8.64;8.64;8.64;8.64;8.64;8.64;12.63;9.969999999999999;11.299999999999999
2159;857.72;27.590000000000003;31.58;32.91;120.81299999999999;47.400000000000006;12.959999999999999;27.590000000000003;156.03199999999998;19.61;16.95;22.27;16.95;15.62;163.15800000000002;15.62;18.28;12.959999999999999;15.62;14.29;146.785;14.29;15.62;14.29;12.959999999999999;12.959999999999999;12.959999999999999;14.29;12.959999999999999;144.111
2160;1543.9519999999998;33.24;23.93;38.56;113.19299999999998;32.932;17.28;30.58;162.046;23.93;21.27;29.25;37.230000000000004;33.24;184.976;19.939999999999998;19.939999999999998;17.28;74.47;32.148;186.21;21.27;23.93;23.93;23.93;17.28;27.919999999999998;19.939999999999998;25.26;247.48399999999998
2161;2528.18;65.16;45.209999999999994;43.879999999999995;140.055;67.372;17.28;41.22;196.616;65.16;41.22;42.55;47.87;43.879999999999995;187.933;54.519999999999996;41.22;17.28;66.49;65.258;237.612;49.2;31.91;26.589999999999996;50.152;17.28;35.9;35.9;39.036;271.389
2162;823.6379999999999;19.939999999999998;18.61;29.25;128.417;43.572;17.28;31.91;178.744;22.599999999999998;21.27;19.939999999999998;30.58;23.93;182.239;17.28;17.28;17.28;46.540000000000006;29.25;190.534;22.599999999999998;18.61;19.939999999999998;21.27;17.28;23.93;18.61;21.27;234.459
2163;738.8319999999999;48.870000000000005;32.91;43.55;109.648;49.275999999999996;12.959999999999999;23.6;147.433;42.22;18.28;31.58;18.28;20.94;146.428;28.92;19.61;12.959999999999999;31.58;12.959999999999999;135.058;12.959999999999999;12.959999999999999;12.959999999999999;12.959999999999999;12.959999999999999;12.959999999999999;12.959999999999999;12.959999999999999;20.94
2164;1762.336;32.58;24.6;24.6;125.756;56.071999999999996;8.64;17.95;131.678;37.900000000000006;13.959999999999999;12.63;16.62;12.63;99.952;13.959999999999999;11.299999999999999;8.64;47.209999999999994;13.959999999999999;131.41899999999998;12.63;12.63;17.95;13.959999999999999;8.64;13.959999999999999;11.299999999999999;11.299999999999999;199.898
2165;136.734;16.95;12.959999999999999;12.959999999999999;130.529;12.959999999999999;12.959999999999999;12.959999999999999;12.959999999999999;12.959999999999999;12.959999999999999;12.959999999999999;12.959999999999999;12.959999999999999;12.959999999999999;12.959999999999999;12.959999999999999;12.959999999999999;12.959999999999999;12.959999999999999;12.959999999999999;12.959999999999999;12.959999999999999;12.959999999999999;12.959999999999999;12.959999999999999;12.959999999999999;12.959999999999999;12.959999999999999;12.959999999999999
2166;674.93;19.939999999999998;23.93;21.27;141.868;22.599999999999998;17.28;26.589999999999996;159.76;21.27;22.599999999999998;23.93;25.26;22.599999999999998;141.48499999999999;22.599999999999998;22.599999999999998;17.28;43.879999999999995;21.27;186.497;23.93;26.589999999999996;23.93;21.27;17.28;29.25;19.939999999999998;26.589999999999996;258.966
2167;134.418;21.27;19.939999999999998;21.27;17.28;17.28;17.28;17.28;17.28;17.28;17.28;17.28;17.28;17.28;17.28;17.28;17.28;17.28;17.28;17.28;17.28;17.28;17.28;17.28;17.28;17.28;17.28;17.28;17.28;17.28
2168;1430.7400000000002;54.19;42.22;66.16;138.53400000000002;31.747999999999998;12.959999999999999;20.94;172.963;79.46000000000001;97.968;46.21;35.57000000000001;32.91;173.845;36.9;20.94;12.959999999999999;48.870000000000005;23.6;202.536;22.27;26.259999999999998;28.92;15.62;12.959999999999999;24.93;20.94;30.418;248.62
2169;9.969999999999999;8.64;8.64;8.64;8.64;8.64;8.64;8.64;8.64;8.64;8.64;8.64;8.64;8.64;8.64;8.64;8.64;8.64;8.64;8.64;8.64;8.64;8.64;8.64;8.64;8.64;8.64;8.64;8.64;8.64
2170;1079.768;39.89;30.58;45.209999999999994;117.25200000000002;47.254;17.28;29.25;156.986;46.540000000000006;26.589999999999996;23.93;33.24;22.599999999999998;150.24;22.599999999999998;22.599999999999998;17.28;46.540000000000006;30.272;182.26;27.919999999999998;19.939999999999998;34.262;40.604;17.28;25.26;19.939999999999998;34.262;178.96800000000002
2171;476.57599999999996;28.59;20.61;35.239999999999995;124.83699999999999;43.318;8.64;15.29;172.02599999999998;52.53;39.397999999999996;39.23;25.93;20.61;13.959999999999999;17.95;11.299999999999999;8.64;15.29;8.64;9.969999999999999;8.64;8.64;8.64;8.64;8.64;8.64;8.64;8.64;12.63
2172;1251.078;26.259999999999998;35.57000000000001;28.92;152.002;20.94;12.959999999999999;18.28;171.863;30.25;16.95;20.94;16.95;18.28;191.499;18.28;16.95;12.959999999999999;40.89;23.6;206.761;15.62;16.95;24.93;18.28;12.959999999999999;19.61;16.95;16.95;252.46400000000003
2173;209.47;13.959999999999999;19.28;12.63;112.79499999999999;11.299999999999999;8.64;11.299999999999999;99.77499999999998;8.64;8.64;8.64;8.64;8.64;8.64;8.64;8.64;8.64;8.64;8.64;8.64;8.64;8.64;8.64;8.64;8.64;8.64;8.64;8.64;8.64
2174;202.05800000000002;34.239999999999995;32.91;14.29;114.11599999999999;14.29;12.959999999999999;15.62;161.399;20.94;20.94;26.259999999999998;16.95;14.29;161.76100000000002;12.959999999999999;12.959999999999999;12.959999999999999;15.62;12.959999999999999;12.959999999999999;12.959999999999999;12.959999999999999;12.959999999999999;12.959999999999999;12.959999999999999;12.959999999999999;12.959999999999999;12.959999999999999;20.94
2175;280.234;60.84;30.25;22.27;12.959999999999999;12.959999999999999;12.959999999999999;12.959999999999999;12.959999999999999;12.959999999999999;15.62;12.959999999999999;12.959999999999999;12.959999999999999;12.959999999999999;12.959999999999999;12.959999999999999;12.959999999999999;12.959999999999999;12.959999999999999;12.959999999999999;12.959999999999999;12.959999999999999;12.959999999999999;12.959999999999999;12.959999999999999;12.959999999999999;12.959999999999999;12.959999999999999;15.62
2176;1962.7740000000001;28.59;17.95;31.25;145.879;34.316;8.64;24.6;181.70499999999998;40.56;69.47;47.209999999999994;40.56;32.58;198.594;31.25;19.28;8.64;59.18;46.286;225.938;23.270000000000003;23.270000000000003;26.951999999999998;35.954;8.64;21.939999999999998;21.939999999999998;28.828000000000003;291.645
2177;82.12;12.959999999999999;12.959999999999999;12.959999999999999;122.79899999999999;12.959999999999999;12.959999999999999;12.959999999999999;78.377;12.959999999999999;12.959999999999999;12.959999999999999;12.959999999999999;12.959999999999999;12.959999999999999;12.959999999999999;12.959999999999999;12.959999999999999;14.29;12.959999999999999;12.959999999999999;12.959999999999999;12.959999999999999;12.959999999999999;12.959999999999999;12.959999999999999;12.959999999999999;12.959999999999999;12.959999999999999;12.959999999999999
2178;932.586;62.5;22.599999999999998;39.89;135.815;46.946;17.28;29.25;142.381;19.939999999999998;17.28;26.589999999999996;50.53;27.919999999999998;176.716;19.939999999999998;19.939999999999998;17.28;42.55;35.592;205.731;26.589999999999996;22.599999999999998;31.91;22.599999999999998;17.28;34.57;25.26;25.26;264.447
2179;14.29;12.959999999999999;12.959999999999999;12.959999999999999;12.959999999999999;12.959999999999999;12.959999999999999;12.959999999999999;12.959999999999999;12.959999999999999;12.959999999999999;12.959999999999999;12.959999999999999;12.959999999999999;12.959999999999999;12.959999999999999;12.959999999999999;12.959999999999999;12.959999999999999;12.959999999999999;12.959999999999999;12.959999999999999;12.959999999999999;12.959999999999999;12.959999999999999;12.959999999999999;12.959999999999999;12.959999999999999;12.959999999999999;12.959999999999999
2180;828.3820000000001;28.59;21.939999999999998;23.270000000000003;112.503;25.622;8.64;13.959999999999999;178.042;23.270000000000003;8.64;12.63;29.919999999999998;12.63;165.894;13.959999999999999;12.63;8.64;33.91;20.61;213.76;8.64;8.64;11.299999999999999;11.299999999999999;8.64;13.959999999999999;9.969999999999999;13.959999999999999;13.959999999999999
2181;1064.394;32.58;25.93;25.93;105.494;37.76;8.64;33.91;155.863;13.959999999999999;17.95;27.259999999999998;24.6;16.62;164.61599999999999;19.28;11.299999999999999;8.64;59.18;22.962;221.37599999999998;9.969999999999999;11.299999999999999;22.962;34.316;8.64;11.299999999999999;11.299999999999999;34.932;246.60100000000003
2182;974.326;23.6;22.27;28.92;140.156;33.931999999999995;12.959999999999999;26.259999999999998;167.264;44.879999999999995;60.391999999999996;43.55;40.89;34.239999999999995;178.734;38.230000000000004;22.27;12.959999999999999;30.25;19.61;203.219;18.28;18.28;18.28;16.95;12.959999999999999;16.95;15.62;16.95;28.92
2183;965.254;27.590000000000003;20.94;15.62;120.62699999999998;30.656;12.959999999999999;15.62;146.036;19.61;18.28;18.28;14.29;15.62;159.69299999999998;14.29;15.62;12.959999999999999;80.78999999999999;23.6;152.47400000000002;15.62;18.28;15.62;14.29;12.959999999999999;19.61;15.62;15.62;243.68900000000002
2184;1468.84;21.939999999999998;24.6;31.25;118.62299999999999;39.943999999999996;8.64;31.25;185.829;36.57;37.214;33.91;27.259999999999998;20.61;13.959999999999999;31.25;13.959999999999999;8.64;116.36999999999999;29.611999999999995;155.64600000000002;15.29;11.299999999999999;19.28;15.29;8.64;28.59;16.62;33.602;245.23900000000003
2185;110.834;12.959999999999999;16.95;14.29;109.809;19.064;12.959999999999999;14.29;15.62;12.959999999999999;12.959999999999999;12.959999999999999;12.959999999999999;12.959999999999999;12.959999999999999;12.959999999999999;12.959999999999999;12.959999999999999;15.62;12.959999999999999;12.959999999999999;12.959999999999999;12.959999999999999;12.959999999999999;12.959999999999999;12.959999999999999;12.959999999999999;12.959999999999999;12.959999999999999;12.959999999999999
2186;2784.1279999999997;59.839999999999996;46.540000000000006;79.78999999999999;163.19;59.22399999999999;17.28;33.24;171.45999999999998;27.919999999999998;93.45400000000001;46.540000000000006;53.19;51.86;179.022;45.209999999999994;25.26;17.28;130.32999999999998;52.336;175.29500000000002;26.589999999999996;17.28;21.27;21.27;17.28;22.599999999999998;17.28;34.57;271.65200000000004
2187;1365.396;45.209999999999994;50.53;43.879999999999995;139.005;51.72;17.28;39.89;166.487;33.24;23.93;26.589999999999996;29.25;25.26;150.993;18.61;17.28;17.28;19.939999999999998;17.28;17.28;17.28;17.28;17.28;17.28;17.28;17.28;17.28;17.28;18.61
2188;49.87;9.969999999999999;8.64;8.64;8.64;8.64;8.64;8.64;8.64;8.64;8.64;8.64;8.64;8.64;8.64;8.64;8.64;8.64;8.64;8.64;8.64;8.64;8.64;8.64;8.64;8.64;8.64;8.64;8.64;8.64
2189;1182.0439999999999;44.879999999999995;19.61;31.58;140.359;44.194;12.959999999999999;28.92;184.74200000000002;58.18000000000001;78.564;35.57000000000001;39.56;44.879999999999995;194.34699999999998;43.55;30.25;12.959999999999999;28.92;38.636;168.939;16.95;14.29;16.95;15.62;12.959999999999999;31.58;23.6;49.275999999999996;32.91
2190;1621.87;74.8;57.510000000000005;78.78999999999999;163.198;64.566;21.6;53.519999999999996;205.29999999999998;40.22;93.30799999999999;30.909999999999997;54.85;38.89;184.23600000000002;26.919999999999998;26.919999999999998;21.6;78.78999999999999;40.22;218.026;29.580000000000002;30.909999999999997;36.230000000000004;26.919999999999998;21.6;26.919999999999998;26.919999999999998;40.22;271.677
2191;207.78400000000005;12.959999999999999;12.959999999999999;12.959999999999999;102.27000000000001;12.959999999999999;12.959999999999999;12.959999999999999;12.959999999999999;12.959999999999999;12.959999999999999;12.959999999999999;12.959999999999999;12.959999999999999;12.959999999999999;12.959999999999999;12.959999999999999;12.959999999999999;12.959999999999999;12.959999999999999;12.959999999999999;12.959999999999999;12.959999999999999;12.959999999999999;12.959999999999999;12.959999999999999;12.959999999999999;12.959999999999999;12.959999999999999;12.959999999999999
2192;119.51400000000001;26.259999999999998;22.27;18.28;12.959999999999999;12.959999999999999;12.959999999999999;12.959999999999999;12.959999999999999;12.959999999999999;12.959999999999999;12.959999999999999;12.959999999999999;12.959999999999999;12.959999999999999;12.959999999999999;12.959999999999999;12.959999999999999;12.959999999999999;12.959999999999999;12.959999999999999;12.959999999999999;12.959999999999999;12.959999999999999;12.959999999999999;12.959999999999999;12.959999999999999;12.959999999999999;12.959999999999999;15.62
2193;721.186;18.61;25.26;34.57;128.157;26.589999999999996;17.28;30.58;136.32799999999997;29.25;34.57;33.24;27.919999999999998;22.599999999999998;168.211;27.919999999999998;25.26;17.28;26.589999999999996;19.939999999999998;175.17600000000002;19.939999999999998;22.599999999999998;23.93;21.27;17.28;27.919999999999998;25.26;30.58;31.91
2194;1110.5320000000002;30.25;38.230000000000004;27.590000000000003;129.15699999999998;18.28;12.959999999999999;23.6;122.339;16.95;12.959999999999999;19.61;22.27;18.28;178.885;18.28;18.28;12.959999999999999;16.95;12.959999999999999;193.067;12.959999999999999;12.959999999999999;18.28;14.29;12.959999999999999;16.95;12.959999999999999;22.27;24.93
2195;1053.672;31.91;29.25;31.91;144.377;40.296;17.28;25.26;137.71;18.61;19.939999999999998;27.919999999999998;33.24;33.24;184.70100000000002;26.589999999999996;21.27;17.28;50.53;44.83200000000001;220.74399999999997;26.589999999999996;21.27;34.262;39.274;17.28;21.27;27.919999999999998;36.922;250.508
2196;5426.116;38.230000000000004;54.19;40.89;125.816;46.616;12.959999999999999;28.92;183.796;51.53;62.268;34.239999999999995;44.879999999999995;35.57000000000001;178.724;26.259999999999998;28.92;12.959999999999999;67.49;44.263999999999996;219.40099999999998;16.95;31.58;24.93;18.28;12.959999999999999;30.25;28.92;20.94;267.24
2197;1146.934;36.230000000000004;36.230000000000004;38.89;147.835;34.9;21.6;28.25;172.57999999999998;40.22;34.9;34.9;38.89;25.59;189.702;50.86;30.909999999999997;21.6;58.84;64.566;248.514;42.879999999999995;56.18;50.55199999999999;55.256;21.6;42.879999999999995;34.9;30.909999999999997;287.43399999999997
2198;1289.9619999999998;31.25;44.550000000000004;29.919999999999998;141.322;43.626;8.64;11.299999999999999;148.225;29.919999999999998;12.63;11.299999999999999;13.959999999999999;37.900000000000006;189.309;31.25;13.959999999999999;8.64;57.849999999999994;43.318;205.87600000000003;9.969999999999999;8.64;8.64;8.64;8.64;11.299999999999999;11.299999999999999;15.29;19.28
2199;1820.934;22.27;20.94;43.55;133.147;51.936;12.959999999999999;31.58;177.99800000000002;36.9;66.902;47.54;42.22;39.56;181.015;47.54;23.6;12.959999999999999;90.1;24.93;219.753;26.259999999999998;23.6;33.931999999999995;42.388;12.959999999999999;39.56;42.22;45.902;264.75600000000003
2200;3834.9320000000002;34.239999999999995;31.58;43.55;150.62;43.956;12.959999999999999;30.25;176.227;46.21;28.92;26.259999999999998;39.56;36.9;193.65599999999998;59.510000000000005;44.879999999999995;12.959999999999999;124.67999999999999;50.60600000000001;231.64;23.6;28.92;29.942;46.07;12.959999999999999;39.56;26.259999999999998;24.93;266.913
2201;1098.862;9.969999999999999;8.64;12.63;135.561;8.64;8.64;9.969999999999999;127.735;8.64;8.64;11.299999999999999;9.969999999999999;11.299999999999999;169.93099999999998;11.299999999999999;8.64;8.64;11.299999999999999;8.64;161.335;8.64;8.64;8.64;8.64;8.64;8.64;8.64;8.64;9.969999999999999
2202;156.60000000000002;12.959999999999999;12.959999999999999;12.959999999999999;120.461;12.959999999999999;12.959999999999999;22.27;12.959999999999999;20.94;12.959999999999999;19.61;16.95;15.62;179.544;22.27;12.959999999999999;12.959999999999999;30.25;12.959999999999999;186.37;12.959999999999999;12.959999999999999;12.959999999999999;12.959999999999999;12.959999999999999;12.959999999999999;14.29;12.959999999999999;12.959999999999999
2203;4819.46;32.58;20.61;33.91;137.53499999999997;47.616;8.64;39.23;187.66899999999998;55.19;115.66999999999999;53.86000000000001;37.900000000000006;39.23;181.745;48.54;21.939999999999998;8.64;51.199999999999996;48.946;212.279;24.6;28.59;33.602;44.41;8.64;20.61;32.58;52.93600000000001;301.34400000000005
2204;943.2659999999998;20.61;19.28;15.29;92.791;32.678;8.64;9.969999999999999;131.40300000000002;8.64;8.64;11.299999999999999;9.969999999999999;8.64;154.57299999999998;8.64;9.969999999999999;8.64;40.56;11.299999999999999;157.44400000000002;8.64;8.64;9.969999999999999;11.299999999999999;8.64;11.299999999999999;8.64;11.299999999999999;189.055
2205;39.23;8.64;8.64;8.64;8.64;8.64;8.64;8.64;8.64;8.64;8.64;8.64;8.64;8.64;8.64;8.64;8.64;8.64;8.64;8.64;8.64;8.64;8.64;8.64;8.64;8.64;8.64;8.64;8.64;8.64
2206;1354.482;38.230000000000004;32.91;36.9;143.18499999999997;44.263999999999996;12.959999999999999;32.91;178.73600000000002;82.12;53.882000000000005;55.519999999999996;39.56;24.93;195.209;27.590000000000003;30.25;12.959999999999999;58.18000000000001;24.93;226.037;18.28;24.93;35.57000000000001;23.6;12.959999999999999;26.259999999999998;19.61;24.93;284.27
2207;2286.9880000000003;46.540000000000006;35.9;47.87;145.489;44.286;17.28;33.24;187.685;41.22;34.57;42.55;47.87;34.57;202.553;26.589999999999996;22.599999999999998;17.28;101.07;38.56;226.059;29.25;33.24;33.24;38.251999999999995;17.28;31.91;35.9;29.25;275.49800000000005
2208;955.3639999999999;29.25;29.25;31.91;150.851;39.274;17.28;29.25;161.365;26.589999999999996;25.26;22.599999999999998;26.589999999999996;21.27;179.262;17.28;18.61;17.28;39.89;34.262;197.709;19.939999999999998;19.939999999999998;21.27;18.61;17.28;22.599999999999998;17.28;19.939999999999998;263.528
2209;1657.8419999999999;49.2;54.519999999999996;43.879999999999995;148.51299999999998;56.256;17.28;50.53;194.335;35.9;26.589999999999996;47.87;54.519999999999996;41.22;198.729;47.87;27.919999999999998;17.28;58.51;69.01;249.572;38.56;38.56;35.046;22.599999999999998;17.28;23.93;22.599999999999998;40.912000000000006;277.789
2210;1466.252;46.540000000000006;46.540000000000006;35.9;97.721;30.817999999999998;17.28;27.919999999999998;139.637;42.55;19.939999999999998;22.599999999999998;35.9;25.26;129.104;22.599999999999998;23.93;17.28;54.519999999999996;29.25;169.123;33.24;22.599999999999998;27.919999999999998;42.647999999999996;17.28;27.919999999999998;22.599999999999998;43.025999999999996;242.96900000000002
2211;18.61;17.28;17.28;17.28;17.28;17.28;17.28;17.28;17.28;17.28;17.28;17.28;17.28;17.28;17.28;17.28;17.28;17.28;17.28;17.28;17.28;17.28;17.28;17.28;17.28;17.28;17.28;17.28;17.28;17.28
2212;18.61;17.28;17.28;17.28;17.28;17.28;17.28;17.28;17.28;17.28;17.28;17.28;17.28;17.28;17.28;17.28;17.28;17.28;17.28;17.28;17.28;17.28;17.28;17.28;17.28;17.28;17.28;17.28;17.28;17.28
2213;330.066;29.919999999999998;47.209999999999994;28.59;117.50099999999998;12.63;8.64;9.969999999999999;129.231;8.64;8.64;11.299999999999999;8.64;8.64;102.404;8.64;8.64;8.64;8.64;8.64;8.64;8.64;8.64;8.64;8.64;8.64;8.64;8.64;8.64;9.969999999999999
2214;1873.406;31.58;36.9;23.6;135.13299999999998;29.942;12.959999999999999;32.91;139.445;34.239999999999995;67.28;32.91;22.27;24.93;191.73899999999998;26.259999999999998;18.28;12.959999999999999;63.5;49.583999999999996;235.195;22.27;18.28;27.590000000000003;20.94;12.959999999999999;20.94;16.95;23.6;288.255
2215;13.959999999999999;8.64;8.64;8.64;83.40899999999999;8.64;8.64;8.64;62.367;8.64;8.64;8.64;8.64;8.64;8.64;8.64;8.64;8.64;8.64;8.64;8.64;8.64;8.64;8.64;8.64;8.64;8.64;8.64;8.64;8.64
2216;2573.9659999999994;50.2;68.82;90.1;136.726;72.362;12.959999999999999;40.89;170.63500000000002;72.81;41.674;68.82;35.57000000000001;40.89;155.93599999999998;34.239999999999995;23.6;12.959999999999999;120.69;44.025999999999996;205.096;27.590000000000003;31.58;31.58;33.385999999999996;12.959999999999999;22.27;15.62;28.92;247.76099999999997
2217;581.872;22.599999999999998;29.25;26.589999999999996;113.75999999999999;29.726;17.28;18.61;148.387;23.93;19.939999999999998;19.939999999999998;21.27;18.61;183.725;17.28;18.61;17.28;30.58;18.61;203.54900000000004;17.28;17.28;17.28;17.28;17.28;17.28;17.28;17.28;22.599999999999998
2218;2217.868;55.19;55.19;55.19;125.15899999999999;54.266000000000005;8.64;41.89;158.6;68.49000000000001;73.46;49.87;65.83;36.57;178.632;23.270000000000003;11.299999999999999;8.64;93.75999999999999;36.57;176.287;23.270000000000003;15.29;33.91;21.939999999999998;8.64;21.939999999999998;24.6;25.93;260.493
2219;9.969999999999999;8.64;8.64;8.64;8.64;8.64;8.64;8.64;8.64;8.64;8.64;8.64;8.64;8.64;8.64;8.64;8.64;8.64;8.64;8.64;8.64;8.64;8.64;8.64;8.64;8.64;8.64;8.64;8.64;8.64
2220;1977.9519999999998;34.57;42.55;31.91;132.875;41.934;17.28;35.9;186.35500000000002;50.53;89.15599999999999;41.22;34.57;33.24;181.32;45.209999999999994;31.91;17.28;34.57;39.274;216.282;25.26;22.599999999999998;34.808;46.4;17.28;38.56;37.230000000000004;56.564;249.527
2221;843.6500000000001;31.58;14.29;14.29;112.464;16.95;12.959999999999999;14.29;135.255;16.95;15.62;16.95;19.61;14.29;176.22;15.62;14.29;12.959999999999999;30.25;12.959999999999999;15.62;14.29;14.29;18.28;14.29;12.959999999999999;19.61;20.94;15.62;191.577
2222;1767.6;44.550000000000004;47.209999999999994;32.58;130.47400000000002;46.286;8.64;32.58;201.97199999999998;56.519999999999996;73.53;55.19;49.87;40.56;188.86799999999997;60.51;33.91;8.64;53.86000000000001;43.388;217.372;36.57;45.88;32.272000000000006;39.636;8.64;36.57;40.56;45.502;294.533
2223;9773.2;40.89;36.9;36.9;121.457;35.262;12.959999999999999;38.230000000000004;152.44099999999997;22.27;14.29;14.29;19.61;19.61;102.226;14.29;12.959999999999999;12.959999999999999;58.18000000000001;56.878;160.594;18.28;20.94;19.61;24.93;12.959999999999999;26.259999999999998;12.959999999999999;27.590000000000003;208.80200000000002
2224;1440.38;18.61;21.27;33.24;122.67599999999999;40.366;17.28;41.22;157.536;34.57;37.230000000000004;23.93;50.53;43.879999999999995;164.27800000000002;25.26;34.57;17.28;62.5;23.93;180.49099999999999;19.939999999999998;18.61;21.27;26.589999999999996;17.28;17.28;19.939999999999998;21.27;17.28
2225;270.42;22.27;15.62;19.61;113.155;19.064;12.959999999999999;14.29;12.959999999999999;12.959999999999999;12.959999999999999;12.959999999999999;12.959999999999999;12.959999999999999;12.959999999999999;12.959999999999999;12.959999999999999;12.959999999999999;16.95;12.959999999999999;12.959999999999999;12.959999999999999;12.959999999999999;12.959999999999999;12.959999999999999;12.959999999999999;12.959999999999999;12.959999999999999;12.959999999999999;12.959999999999999
2226;846.282;24.93;28.92;27.590000000000003;150.157;43.410000000000004;12.959999999999999;30.25;165.29000000000002;32.91;16.95;15.62;19.61;22.27;168.889;24.93;19.61;12.959999999999999;15.62;12.959999999999999;195.51899999999998;12.959999999999999;12.959999999999999;12.959999999999999;12.959999999999999;12.959999999999999;12.959999999999999;12.959999999999999;12.959999999999999;18.28
2227;2323.1899999999996;28.59;41.89;39.23;132.76999999999998;43.626;8.64;41.89;173.958;57.849999999999994;89.42000000000002;53.86000000000001;36.57;40.56;170.892;33.91;16.62;8.64;63.17;47.616;227.226;12.63;19.28;21.939999999999998;11.299999999999999;8.64;25.93;25.93;31.726;279.05600000000004
2228;345.29799999999994;59.18;33.91;31.25;114.472;8.64;8.64;8.64;8.64;8.64;8.64;8.64;8.64;8.64;8.64;8.64;8.64;8.64;11.299999999999999;8.64;8.64;8.64;8.64;8.64;8.64;8.64;8.64;8.64;8.64;11.299999999999999
2229;1540.31;24.6;21.939999999999998;27.259999999999998;133.186;38.614;8.64;27.259999999999998;175.793;48.54;72.676;43.22;31.25;32.58;182.42600000000002;8.64;8.64;8.64;39.23;33.84;214.292;12.63;8.64;16.62;19.518;8.64;8.64;16.62;28.828000000000003;254.31100000000004
2230;1484.436;12.63;8.64;15.29;122.868;19.28;8.64;16.62;144.428;11.299999999999999;61.79800000000001;13.959999999999999;15.29;15.29;163.239;11.299999999999999;11.299999999999999;8.64;59.18;16.62;199.699;12.63;11.299999999999999;15.29;11.299999999999999;8.64;11.299999999999999;13.959999999999999;23.270000000000003;224.281
2231;397.02799999999996;19.28;17.95;16.62;133.867;9.969999999999999;8.64;9.969999999999999;128.374;8.64;8.64;8.64;8.64;8.64;109.62100000000001;8.64;8.64;8.64;20.61;11.299999999999999;182.211;9.969999999999999;8.64;8.64;8.64;8.64;8.64;8.64;8.64;9.969999999999999
2232;9.969999999999999;8.64;8.64;8.64;8.64;8.64;8.64;8.64;8.64;8.64;8.64;8.64;8.64;8.64;8.64;8.64;8.64;8.64;8.64;8.64;8.64;8.64;8.64;8.64;8.64;8.64;8.64;8.64;8.64;8.64
2233;1015.1220000000001;15.62;19.61;16.95;118.75500000000001;15.62;12.959999999999999;19.61;144.34199999999998;23.6;20.94;19.61;27.590000000000003;20.94;160.337;24.93;22.27;12.959999999999999;35.57000000000001;18.28;201.644;15.62;16.95;26.259999999999998;16.95;12.959999999999999;22.27;15.62;27.590000000000003;233.599
2234;23.6;12.959999999999999;12.959999999999999;12.959999999999999;71.363;12.959999999999999;12.959999999999999;12.959999999999999;90.06700000000001;12.959999999999999;12.959999999999999;12.959999999999999;12.959999999999999;12.959999999999999;40.969;12.959999999999999;12.959999999999999;12.959999999999999;12.959999999999999;12.959999999999999;71.363;12.959999999999999;12.959999999999999;12.959999999999999;12.959999999999999;12.959999999999999;12.959999999999999;12.959999999999999;12.959999999999999;12.959999999999999
2235;1661.172;20.61;35.239999999999995;28.59;137.171;39.09;8.64;25.93;145.664;19.28;21.939999999999998;33.91;16.62;25.93;176.861;17.95;13.959999999999999;8.64;67.16;12.63;201.19500000000002;17.95;20.61;19.28;13.959999999999999;8.64;16.62;8.64;29.611999999999995;237.99200000000002
2236;865.26;54.519999999999996;43.879999999999995;61.17;146.81399999999996;52.574;17.28;31.91;221.15800000000002;38.56;17.28;19.939999999999998;50.53;33.24;144.103;17.28;19.939999999999998;17.28;53.19;69.79400000000001;198.27100000000002;45.209999999999994;27.919999999999998;17.28;17.28;17.28;17.28;17.28;17.28;19.939999999999998
2237;519.836;28.59;13.959999999999999;24.6;118.395;34.624;8.64;27.259999999999998;161.80200000000002;17.95;11.299999999999999;13.959999999999999;8.64;8.64;8.64;8.64;8.64;8.64;11.299999999999999;8.64;8.64;8.64;8.64;8.64;8.64;8.64;8.64;8.64;8.64;9.969999999999999
2238;1920.936;43.55;30.25;32.91;147.96499999999997;59.91600000000001;12.959999999999999;47.54;181.074;32.91;82.246;59.510000000000005;40.89;38.230000000000004;181.223;24.93;15.62;12.959999999999999;50.2;59.132000000000005;230.505;23.6;28.92;34.716;43.956;12.959999999999999;23.6;23.6;39.251999999999995;275.074
2239;523.842;43.879999999999995;37.230000000000004;58.51;124.44699999999997;42.718;17.28;30.58;142.661;18.61;17.28;17.28;17.28;17.28;17.28;22.599999999999998;17.28;17.28;17.28;17.28;17.28;17.28;17.28;17.28;17.28;17.28;17.28;17.28;17.28;17.28
2240;18.61;17.28;17.28;17.28;17.28;17.28;17.28;17.28;17.28;17.28;17.28;17.28;17.28;17.28;17.28;17.28;17.28;17.28;17.28;17.28;17.28;17.28;17.28;17.28;17.28;17.28;17.28;17.28;17.28;17.28
2241;1578.308;45.209999999999994;39.89;46.540000000000006;93.01499999999999;54.379999999999995;17.28;39.89;155.825;63.83;99.012;61.17;55.849999999999994;38.56;152.99200000000002;79.78999999999999;39.89;17.28;66.49;22.599999999999998;183.85699999999997;21.27;22.599999999999998;18.61;17.28;17.28;19.939999999999998;17.28;17.28;27.919999999999998
2242;5.6499999999999995;4.32;4.32;4.32;4.32;4.32;4.32;4.32;4.32;4.32;4.32;4.32;4.32;4.32;4.32;4.32;4.32;4.32;4.32;4.32;4.32;4.32;4.32;4.32;4.32;4.32;4.32;4.32;4.32;4.32
2243;1090.548;23.93;33.24;33.24;117.21000000000001;30.58;17.28;27.919999999999998;167.096;30.58;25.26;26.589999999999996;29.25;26.589999999999996;167.582;26.589999999999996;25.26;17.28;47.87;21.27;204.03699999999998;22.599999999999998;25.26;21.27;18.61;17.28;25.26;18.61;23.93;241.634
2244;1895.288;39.56;26.259999999999998;28.92;113.856;45.286;12.959999999999999;30.25;156.68599999999998;47.54;35.5;42.22;30.25;27.590000000000003;165.382;22.27;23.6;12.959999999999999;36.9;42.934;174.363;26.259999999999998;36.9;32.602000000000004;33.623999999999995;12.959999999999999;26.259999999999998;22.27;23.6;235.51100000000002
2245;1575.066;43.55;39.56;51.53;136.82;50.60600000000001;12.959999999999999;44.879999999999995;175.712;44.879999999999995;81.602;48.870000000000005;43.55;36.9;191.858;43.55;30.25;12.959999999999999;60.84;69.394;243.42000000000002;30.25;32.91;31.58;37.068;12.959999999999999;38.230000000000004;30.25;27.590000000000003;278.908
2246;1551.5240000000001;17.95;17.95;28.59;132.906;32.986000000000004;8.64;17.95;144.012;32.58;37.998000000000005;32.58;27.259999999999998;25.93;168.40300000000002;29.919999999999998;19.28;8.64;55.19;40.965999999999994;213.76500000000001;16.62;8.64;8.64;12.63;8.64;16.62;21.939999999999998;30.942;232.30800000000002
2247;9.969999999999999;8.64;8.64;8.64;8.64;8.64;8.64;8.64;8.64;8.64;8.64;8.64;8.64;8.64;8.64;8.64;8.64;8.64;8.64;8.64;8.64;8.64;8.64;8.64;8.64;8.64;8.64;8.64;8.64;8.64
2248;942.748;19.28;25.93;36.57;143.816;19.28;8.64;13.959999999999999;146.44400000000002;17.95;12.63;12.63;19.28;15.29;148.889;17.95;8.64;8.64;40.56;9.969999999999999;197.091;9.969999999999999;9.969999999999999;11.299999999999999;8.64;8.64;9.969999999999999;8.64;9.969999999999999;224.64999999999998
2249;1829.4399999999998;59.839999999999996;47.87;45.209999999999994;148.882;54.926;17.28;43.879999999999995;191.774;49.2;85.544;50.53;43.879999999999995;45.209999999999994;196.433;59.839999999999996;26.589999999999996;17.28;77.13;56.256;236.76;39.89;27.919999999999998;38.251999999999995;53.834;17.28;41.22;39.89;62.122;315.185
2250;211.22800000000004;26.259999999999998;23.6;16.95;89.059;12.959999999999999;12.959999999999999;12.959999999999999;14.29;14.29;15.62;12.959999999999999;16.95;15.62;12.959999999999999;16.95;14.29;12.959999999999999;47.54;32.364;142.22799999999998;16.95;12.959999999999999;15.62;12.959999999999999;12.959999999999999;12.959999999999999;12.959999999999999;14.29;18.28
2251;1869.416;30.25;32.91;40.89;130.809;37.922;12.959999999999999;27.590000000000003;143.68599999999998;35.57000000000001;27.590000000000003;42.22;38.230000000000004;31.58;155.416;18.28;15.62;12.959999999999999;20.94;15.62;162.70300000000003;18.28;19.61;30.25;19.61;12.959999999999999;30.25;18.28;28.92;26.259999999999998
2252;3924.596;42.55;53.19;45.209999999999994;145.167;74.33;17.28;57.18;185.66899999999998;59.839999999999996;87.182;55.849999999999994;43.879999999999995;38.56;200.859;45.209999999999994;37.230000000000004;17.28;42.55;53.596000000000004;233.73100000000002;30.58;42.55;37.230000000000004;50.93600000000001;17.28;46.540000000000006;41.22;41.22;265.257
2253;15.62;12.959999999999999;12.959999999999999;12.959999999999999;12.959999999999999;12.959999999999999;12.959999999999999;12.959999999999999;12.959999999999999;12.959999999999999;12.959999999999999;12.959999999999999;12.959999999999999;12.959999999999999;12.959999999999999;12.959999999999999;12.959999999999999;12.959999999999999;12.959999999999999;12.959999999999999;12.959999999999999;12.959999999999999;12.959999999999999;12.959999999999999;12.959999999999999;12.959999999999999;12.959999999999999;12.959999999999999;12.959999999999999;12.959999999999999
2254;1390.552;41.89;39.23;39.23;117.506;39.397999999999996;8.64;28.59;181.757;47.209999999999994;71.654;43.22;20.61;24.6;179.615;29.919999999999998;21.939999999999998;8.64;31.25;24.292;209.346;21.939999999999998;24.6;17.95;34.624;8.64;28.59;27.259999999999998;34.861999999999995;257.142
2255;300.31;28.92;27.590000000000003;15.62;81.062;33.316;12.959999999999999;14.29;12.959999999999999;12.959999999999999;12.959999999999999;12.959999999999999;12.959999999999999;12.959999999999999;12.959999999999999;12.959999999999999;12.959999999999999;12.959999999999999;12.959999999999999;12.959999999999999;12.959999999999999;12.959999999999999;12.959999999999999;12.959999999999999;12.959999999999999;12.959999999999999;12.959999999999999;12.959999999999999;12.959999999999999;12.959999999999999
2256;1558.0620000000001;27.259999999999998;25.93;19.28;132.85899999999998;36.738;8.64;24.6;174.41600000000003;24.6;58.662;25.93;25.93;23.270000000000003;177.04899999999998;16.62;12.63;8.64;33.91;31.18;209.6;12.63;12.63;29.611999999999995;35.646;8.64;23.270000000000003;12.63;11.299999999999999;238.886
2257;464.048;21.27;17.28;17.28;124.001;17.28;17.28;17.28;120.009;17.28;17.28;17.28;17.28;17.28;17.28;17.28;17.28;17.28;19.939999999999998;17.28;17.28;17.28;17.28;17.28;17.28;17.28;17.28;17.28;17.28;21.27
2258;128.67000000000002;19.61;15.62;12.959999999999999;95.459;12.959999999999999;12.959999999999999;14.29;12.959999999999999;12.959999999999999;12.959999999999999;12.959999999999999;12.959999999999999;12.959999999999999;12.959999999999999;12.959999999999999;12.959999999999999;12.959999999999999;15.62;12.959999999999999;12.959999999999999;12.959999999999999;12.959999999999999;12.959999999999999;12.959999999999999;12.959999999999999;12.959999999999999;12.959999999999999;12.959999999999999;15.62
2259;1072.1359999999997;19.28;17.95;32.58;94.126;40.419999999999995;8.64;28.59;156.30900000000003;60.51;33.91;17.95;25.93;27.259999999999998;149.538;45.88;25.93;8.64;56.519999999999996;21.939999999999998;186.159;20.61;28.59;15.29;15.29;8.64;23.270000000000003;28.59;32.58;231.13400000000001
2260;611.538;33.24;19.939999999999998;42.55;142.185;46.4;17.28;21.27;134.728;17.28;18.61;17.28;17.28;17.28;17.28;17.28;17.28;17.28;17.28;17.28;17.28;17.28;17.28;17.28;17.28;17.28;17.28;17.28;17.28;18.61
2261;18.61;17.28;17.28;17.28;17.28;17.28;17.28;17.28;17.28;17.28;17.28;17.28;17.28;17.28;17.28;17.28;17.28;17.28;17.28;17.28;17.28;17.28;17.28;17.28;17.28;17.28;17.28;17.28;17.28;17.28
2262;357.74399999999997;15.29;12.63;20.61;117.179;8.64;8.64;9.969999999999999;133.69400000000002;11.299999999999999;8.64;8.64;12.63;8.64;8.64;8.64;8.64;8.64;8.64;8.64;8.64;8.64;8.64;8.64;8.64;8.64;8.64;8.64;8.64;9.969999999999999
2263;1587.21;81.78999999999999;76.47;37.900000000000006;119.797;33.364;8.64;31.25;173.943;55.19;24.6;31.25;29.919999999999998;25.93;176.061;24.6;11.299999999999999;8.64;80.46000000000001;40.013999999999996;208.053;24.6;20.61;27.259999999999998;20.61;8.64;25.93;24.6;27.259999999999998;286.397
2264;1308.808;21.27;31.91;18.61;123.481;22.599999999999998;17.28;21.27;115.333;23.93;17.28;27.919999999999998;18.61;19.939999999999998;161.732;19.939999999999998;17.28;17.28;35.9;21.27;160.779;21.27;19.939999999999998;21.27;18.61;17.28;21.27;18.61;21.27;244.252
2265;739.8820000000001;27.590000000000003;40.89;40.89;143.45999999999998;43.242000000000004;12.959999999999999;23.6;166.028;27.590000000000003;24.93;27.590000000000003;12.959999999999999;12.959999999999999;12.959999999999999;12.959999999999999;12.959999999999999;12.959999999999999;15.62;12.959999999999999;12.959999999999999;12.959999999999999;12.959999999999999;12.959999999999999;12.959999999999999;12.959999999999999;12.959999999999999;12.959999999999999;12.959999999999999;14.29
2266;1100.452;39.56;32.91;31.58;133.199;52.17400000000001;12.959999999999999;27.590000000000003;167.21699999999998;12.959999999999999;12.959999999999999;12.959999999999999;12.959999999999999;12.959999999999999;12.959999999999999;12.959999999999999;12.959999999999999;12.959999999999999;12.959999999999999;12.959999999999999;12.959999999999999;12.959999999999999;12.959999999999999;12.959999999999999;12.959999999999999;12.959999999999999;12.959999999999999;12.959999999999999;12.959999999999999;18.28
2267;2618.9139999999998;29.25;29.25;25.26;151.53699999999998;32.932;17.28;30.58;181.04;57.18;66.518;39.89;38.56;30.58;190.905;37.230000000000004;23.93;17.28;50.53;30.58;214.927;18.61;17.28;22.599999999999998;19.939999999999998;17.28;23.93;17.28;22.599999999999998;256.353
2268;1672.576;23.6;28.92;31.58;135.20999999999998;35.192;12.959999999999999;24.93;159.42999999999998;20.94;18.28;23.6;26.259999999999998;24.93;180.517;18.28;15.62;12.959999999999999;42.22;20.94;207.095;14.29;20.94;15.62;14.29;12.959999999999999;19.61;19.61;16.95;258.63100000000003
2269;1286.876;35.57000000000001;40.89;27.590000000000003;142.18200000000002;30.964;12.959999999999999;26.259999999999998;174.06;42.22;77.78;42.22;39.56;27.590000000000003;193.765;35.57000000000001;20.94;12.959999999999999;52.86;42.934;234.77800000000002;30.25;35.57000000000001;35.262;34.954;12.959999999999999;36.9;34.239999999999995;40.582;263.681
2270;1912.3739999999998;28.59;25.93;23.270000000000003;118.19699999999999;39.397999999999996;8.64;16.62;144.39100000000002;33.91;17.95;19.28;21.939999999999998;16.62;159.41;15.29;16.62;8.64;88.44;37.592;210.26299999999998;13.959999999999999;13.959999999999999;16.62;15.29;8.64;21.939999999999998;21.939999999999998;30.942;263.14300000000003
2271;1270.684;23.270000000000003;25.93;19.28;128.55200000000002;27.259999999999998;8.64;23.270000000000003;159.37;20.61;16.62;20.61;27.259999999999998;20.61;180.72699999999998;23.270000000000003;13.959999999999999;8.64;36.57;33.602;207.72600000000003;15.29;16.62;16.62;12.63;8.64;13.959999999999999;8.64;19.28;245.96700000000004
2272;503.576;42.22;31.58;34.239999999999995;132.45600000000002;43.647999999999996;12.959999999999999;24.93;183.365;55.519999999999996;47.162000000000006;30.25;19.61;14.29;175.25900000000001;12.959999999999999;12.959999999999999;12.959999999999999;14.29;12.959999999999999;12.959999999999999;12.959999999999999;12.959999999999999;12.959999999999999;12.959999999999999;12.959999999999999;12.959999999999999;12.959999999999999;12.959999999999999;15.62
2273;952.772;21.939999999999998;21.939999999999998;24.6;120.156;20.064;8.64;16.62;123.059;11.299999999999999;11.299999999999999;13.959999999999999;13.959999999999999;12.63;11.299999999999999;13.959999999999999;11.299999999999999;8.64;21.939999999999998;8.64;163.668;8.64;11.299999999999999;8.64;8.64;8.64;8.64;8.64;8.64;208.933
2274;1029.934;20.94;27.590000000000003;30.25;124.58000000000001;18.28;12.959999999999999;23.6;130.48000000000002;15.62;15.62;18.28;27.590000000000003;18.28;165.59;16.95;15.62;12.959999999999999;40.89;27.282;172.025;14.29;14.29;18.28;16.95;12.959999999999999;14.29;15.62;16.95;23.6
2275;1302.388;32.91;27.590000000000003;23.6;128.887;24.622;12.959999999999999;27.590000000000003;160.07399999999998;20.94;16.95;16.95;18.28;15.62;153.63;18.28;15.62;12.959999999999999;30.25;14.29;208.10299999999998;14.29;18.28;14.29;14.29;12.959999999999999;19.61;12.959999999999999;14.29;235.984
2276;141.55;15.62;12.959999999999999;19.61;12.959999999999999;12.959999999999999;12.959999999999999;12.959999999999999;12.959999999999999;12.959999999999999;12.959999999999999;12.959999999999999;12.959999999999999;12.959999999999999;12.959999999999999;12.959999999999999;12.959999999999999;12.959999999999999;15.62;12.959999999999999;12.959999999999999;12.959999999999999;12.959999999999999;12.959999999999999;12.959999999999999;12.959999999999999;12.959999999999999;12.959999999999999;12.959999999999999;12.959999999999999
2277;1566.56;28.59;20.61;49.87;132.527;47.616;8.64;40.56;181.383;33.91;15.29;28.59;31.25;29.919999999999998;184.55599999999998;24.6;8.64;8.64;53.86000000000001;29.304;206.926;11.299999999999999;13.959999999999999;15.29;12.63;8.64;12.63;11.299999999999999;19.28;237.37800000000001
2278;1053.9779999999998;25.93;15.29;16.62;125.154;22.416000000000004;8.64;12.63;144.69799999999998;33.91;12.63;23.270000000000003;11.299999999999999;8.64;167.224;11.299999999999999;11.299999999999999;8.64;27.259999999999998;12.63;156.654;13.959999999999999;15.29;15.29;9.969999999999999;8.64;13.959999999999999;11.299999999999999;16.62;257.251
2279;1791.3660000000002;18.28;19.61;24.93;126.08100000000002;28.612;12.959999999999999;30.25;181.71800000000002;35.57000000000001;67.994;44.879999999999995;31.58;38.230000000000004;170.063;39.56;18.28;12.959999999999999;51.53;38.397999999999996;219.952;19.61;22.27;22.27;16.95;12.959999999999999;12.959999999999999;12.959999999999999;16.95;252.83799999999997
2280;1077.99;23.93;30.58;31.91;130.81699999999998;34.262;17.28;31.91;150.08599999999998;19.939999999999998;19.939999999999998;22.599999999999998;38.56;33.24;182.40500000000003;19.939999999999998;21.27;17.28;51.86;30.58;222.538;23.93;21.27;23.93;19.939999999999998;17.28;21.27;19.939999999999998;22.599999999999998;259.491
2281;14.29;12.959999999999999;12.959999999999999;12.959999999999999;12.959999999999999;12.959999999999999;12.959999999999999;12.959999999999999;12.959999999999999;12.959999999999999;12.959999999999999;12.959999999999999;12.959999999999999;12.959999999999999;12.959999999999999;12.959999999999999;12.959999999999999;12.959999999999999;12.959999999999999;12.959999999999999;12.959999999999999;12.959999999999999;12.959999999999999;12.959999999999999;12.959999999999999;12.959999999999999;12.959999999999999;12.959999999999999;12.959999999999999;12.959999999999999
2282;920.742;37.230000000000004;27.919999999999998;21.27;134.16299999999998;39.512;17.28;21.27;151.364;22.599999999999998;23.93;38.56;26.589999999999996;23.93;190.967;17.28;19.939999999999998;17.28;43.879999999999995;39.274;187.666;21.27;19.939999999999998;19.939999999999998;19.939999999999998;17.28;19.939999999999998;18.61;21.27;258.55500000000006
2283;2704.648;36.57;29.919999999999998;20.61;110.37299999999999;35.954;8.64;28.59;157.28199999999998;36.57;73.22200000000001;33.91;39.23;29.919999999999998;183.543;32.58;20.61;8.64;196.17;41.988;210.073;23.270000000000003;23.270000000000003;22.962;34.316;8.64;16.62;12.63;16.62;281.166
2284;318.958;18.28;22.27;15.62;120.86000000000001;16.95;12.959999999999999;12.959999999999999;12.959999999999999;12.959999999999999;12.959999999999999;12.959999999999999;12.959999999999999;12.959999999999999;12.959999999999999;12.959999999999999;12.959999999999999;12.959999999999999;12.959999999999999;12.959999999999999;12.959999999999999;12.959999999999999;12.959999999999999;12.959999999999999;12.959999999999999;12.959999999999999;12.959999999999999;12.959999999999999;12.959999999999999;12.959999999999999
2285;163.32599999999996;24.6;15.29;8.64;9.969999999999999;8.64;8.64;8.64;8.64;8.64;8.64;8.64;8.64;8.64;8.64;8.64;8.64;8.64;8.64;8.64;8.64;8.64;8.64;8.64;8.64;8.64;8.64;8.64;8.64;16.62
2286;1263.922;8.64;8.64;21.939999999999998;135.566;31.656;8.64;15.29;162.077;16.62;13.959999999999999;11.299999999999999;21.939999999999998;13.959999999999999;172.38299999999998;20.61;15.29;8.64;24.6;22.962;205.08499999999998;17.95;25.93;13.959999999999999;12.63;8.64;17.95;17.95;33.294;260.0
2287;3363.8819999999996;45.209999999999994;62.5;82.45;141.093;62.66799999999999;17.28;66.49;205.30200000000002;107.72000000000001;117.156;58.51;65.16;50.53;182.519;86.44;53.19;17.28;98.41000000000001;76.682;237.63;39.89;49.2;51.31399999999999;72.93;17.28;55.849999999999994;42.55;69.08;282.45799999999997
2288;14.29;12.959999999999999;12.959999999999999;12.959999999999999;12.959999999999999;12.959999999999999;12.959999999999999;12.959999999999999;12.959999999999999;12.959999999999999;12.959999999999999;12.959999999999999;12.959999999999999;12.959999999999999;12.959999999999999;12.959999999999999;12.959999999999999;12.959999999999999;12.959999999999999;12.959999999999999;12.959999999999999;12.959999999999999;12.959999999999999;12.959999999999999;12.959999999999999;12.959999999999999;12.959999999999999;12.959999999999999;12.959999999999999;12.959999999999999
2289;521.2579999999999;18.28;26.259999999999998;24.93;129.11;20.94;12.959999999999999;23.6;15.62;14.29;12.959999999999999;12.959999999999999;46.21;32.91;19.61;31.58;12.959999999999999;12.959999999999999;38.230000000000004;12.959999999999999;155.976;12.959999999999999;12.959999999999999;12.959999999999999;12.959999999999999;12.959999999999999;12.959999999999999;12.959999999999999;12.959999999999999;12.959999999999999
2290;1295.996;19.28;21.939999999999998;23.270000000000003;137.904;20.302;8.64;17.95;146.07999999999998;32.58;72.676;28.59;19.28;15.29;176.09799999999998;8.64;8.64;8.64;23.270000000000003;16.62;12.63;13.959999999999999;15.29;12.63;13.959999999999999;8.64;11.299999999999999;8.64;11.299999999999999;248.24299999999997
2291;1747.5939999999998;15.29;25.93;20.61;37.048;20.302;8.64;11.299999999999999;83.55600000000001;17.95;13.959999999999999;19.28;24.6;23.270000000000003;88.74000000000001;16.62;13.959999999999999;8.64;52.53;12.63;144.16899999999998;11.299999999999999;16.62;16.62;8.64;8.64;17.95;16.62;11.299999999999999;188.899
2292;1487.392;62.5;33.24;47.87;95.38300000000001;49.914;17.28;45.209999999999994;175.30399999999997;58.51;34.57;31.91;45.209999999999994;41.22;186.623;31.91;22.599999999999998;17.28;59.839999999999996;44.593999999999994;179.882;34.57;45.209999999999994;41.22;57.586;17.28;39.89;19.939999999999998;22.599999999999998;221.23100000000002
2293;1289.682;53.86000000000001;28.59;24.6;114.25899999999999;34.316;8.64;13.959999999999999;155.593;17.95;63.912;33.91;21.939999999999998;21.939999999999998;157.077;25.93;27.259999999999998;8.64;67.16;17.95;200.031;24.6;21.939999999999998;13.959999999999999;9.969999999999999;8.64;13.959999999999999;9.969999999999999;16.62;235.76800000000003
2294;182.382;27.919999999999998;21.27;23.93;114.98599999999999;21.27;17.28;17.28;17.28;17.28;17.28;17.28;17.28;17.28;17.28;17.28;17.28;17.28;17.28;17.28;17.28;17.28;17.28;17.28;17.28;17.28;17.28;17.28;17.28;18.61
2295;997.3839999999999;19.61;22.27;15.62;128.684;24.622;12.959999999999999;27.590000000000003;131.68599999999998;14.29;14.29;12.959999999999999;14.29;19.61;157.51600000000002;22.27;12.959999999999999;12.959999999999999;47.54;12.959999999999999;166.195;12.959999999999999;12.959999999999999;12.959999999999999;12.959999999999999;12.959999999999999;15.62;12.959999999999999;18.28;220.94299999999998
2296;1204.338;15.29;13.959999999999999;13.959999999999999;128.547;9.969999999999999;8.64;13.959999999999999;138.063;9.969999999999999;16.311999999999998;13.959999999999999;9.969999999999999;9.969999999999999;144.852;8.64;8.64;8.64;8.64;8.64;8.64;8.64;8.64;9.969999999999999;8.64;8.64;9.969999999999999;8.64;9.969999999999999;163.8
2297;14.29;12.959999999999999;12.959999999999999;12.959999999999999;12.959999999999999;12.959999999999999;12.959999999999999;12.959999999999999;12.959999999999999;12.959999999999999;12.959999999999999;12.959999999999999;12.959999999999999;12.959999999999999;12.959999999999999;12.959999999999999;12.959999999999999;12.959999999999999;12.959999999999999;12.959999999999999;12.959999999999999;12.959999999999999;12.959999999999999;12.959999999999999;12.959999999999999;12.959999999999999;12.959999999999999;12.959999999999999;12.959999999999999;12.959999999999999
2298;53.86000000000001;8.64;8.64;8.64;8.64;8.64;8.64;8.64;8.64;8.64;8.64;8.64;8.64;8.64;8.64;8.64;8.64;8.64;8.64;8.64;8.64;8.64;8.64;8.64;8.64;8.64;8.64;8.64;8.64;8.64
2299;18.61;17.28;17.28;17.28;17.28;17.28;17.28;17.28;17.28;17.28;17.28;17.28;17.28;17.28;17.28;17.28;17.28;17.28;17.28;17.28;17.28;17.28;17.28;17.28;17.28;17.28;17.28;17.28;17.28;17.28
2300;345.53000000000003;24.93;20.94;15.62;100.977;12.959999999999999;12.959999999999999;12.959999999999999;60.885;12.959999999999999;12.959999999999999;12.959999999999999;12.959999999999999;12.959999999999999;12.959999999999999;12.959999999999999;12.959999999999999;12.959999999999999;16.95;12.959999999999999;12.959999999999999;12.959999999999999;12.959999999999999;14.29;12.959999999999999;12.959999999999999;12.959999999999999;12.959999999999999;12.959999999999999;14.29
2301;906.6220000000001;20.94;28.92;32.91;132.795;49.513999999999996;12.959999999999999;28.92;180.70499999999998;50.2;65.02600000000001;31.58;24.93;18.28;188.601;16.95;14.29;12.959999999999999;18.28;12.959999999999999;204.70499999999998;12.959999999999999;14.29;14.29;12.959999999999999;12.959999999999999;15.62;14.29;12.959999999999999;19.61
2302;1437.306;12.959999999999999;20.94;19.61;128.196;18.28;12.959999999999999;16.95;148.74300000000002;15.62;15.62;15.62;16.95;19.61;182.756;16.95;15.62;12.959999999999999;84.78;16.95;191.004;20.94;19.61;16.95;18.28;12.959999999999999;22.27;18.28;24.93;259.36899999999997
2303;14.29;12.959999999999999;12.959999999999999;12.959999999999999;12.959999999999999;12.959999999999999;12.959999999999999;12.959999999999999;12.959999999999999;12.959999999999999;12.959999999999999;12.959999999999999;12.959999999999999;12.959999999999999;12.959999999999999;12.959999999999999;12.959999999999999;12.959999999999999;12.959999999999999;12.959999999999999;12.959999999999999;12.959999999999999;12.959999999999999;12.959999999999999;12.959999999999999;12.959999999999999;12.959999999999999;12.959999999999999;12.959999999999999;12.959999999999999
2304;870.72;18.61;23.93;18.61;111.1;17.28;17.28;18.61;151.364;25.26;21.27;22.599999999999998;23.93;21.27;169.702;19.939999999999998;19.939999999999998;17.28;35.9;18.61;196.535;17.28;17.28;18.61;18.61;17.28;19.939999999999998;17.28;21.27;226.75400000000002
2305;36.9;15.62;12.959999999999999;12.959999999999999;12.959999999999999;12.959999999999999;12.959999999999999;12.959999999999999;12.959999999999999;12.959999999999999;12.959999999999999;12.959999999999999;12.959999999999999;12.959999999999999;12.959999999999999;12.959999999999999;12.959999999999999;12.959999999999999;12.959999999999999;12.959999999999999;12.959999999999999;12.959999999999999;12.959999999999999;12.959999999999999;12.959999999999999;12.959999999999999;12.959999999999999;12.959999999999999;12.959999999999999;12.959999999999999
2306;1423.3200000000002;16.95;22.27;30.25;146.536;29.942;12.959999999999999;15.62;135.676;27.590000000000003;14.29;28.92;30.25;24.93;181.114;12.959999999999999;12.959999999999999;12.959999999999999;46.21;22.27;222.804;23.6;16.95;19.61;23.054000000000002;12.959999999999999;16.95;15.62;41.912;236.31099999999998
2307;201.182;12.63;8.64;8.64;131.524;8.64;8.64;9.969999999999999;142.402;8.64;8.64;8.64;8.64;8.64;8.64;8.64;8.64;8.64;8.64;8.64;8.64;8.64;8.64;8.64;8.64;8.64;8.64;8.64;8.64;11.299999999999999
2308;162.102;16.95;14.29;14.29;112.464;12.959999999999999;12.959999999999999;12.959999999999999;12.959999999999999;12.959999999999999;12.959999999999999;12.959999999999999;12.959999999999999;12.959999999999999;12.959999999999999;12.959999999999999;12.959999999999999;12.959999999999999;16.95;12.959999999999999;12.959999999999999;12.959999999999999;12.959999999999999;12.959999999999999;12.959999999999999;12.959999999999999;12.959999999999999;12.959999999999999;12.959999999999999;14.29
2309;14.29;12.959999999999999;12.959999999999999;12.959999999999999;12.959999999999999;12.959999999999999;12.959999999999999;12.959999999999999;12.959999999999999;12.959999999999999;12.959999999999999;12.959999999999999;12.959999999999999;12.959999999999999;12.959999999999999;12.959999999999999;12.959999999999999;12.959999999999999;12.959999999999999;12.959999999999999;12.959999999999999;12.959999999999999;12.959999999999999;12.959999999999999;12.959999999999999;12.959999999999999;12.959999999999999;12.959999999999999;12.959999999999999;12.959999999999999
2310;1308.268;30.25;32.91;26.259999999999998;123.84200000000001;39.251999999999995;12.959999999999999;28.92;162.08999999999997;40.89;52.958;43.55;52.86;32.91;177.124;24.93;16.95;12.959999999999999;64.83;23.6;200.90499999999997;23.6;18.28;38.230000000000004;22.27;12.959999999999999;19.61;23.6;16.95;260.818
2311;9.969999999999999;8.64;8.64;8.64;8.64;8.64;8.64;8.64;8.64;8.64;8.64;8.64;8.64;8.64;8.64;8.64;8.64;8.64;8.64;8.64;8.64;8.64;8.64;8.64;8.64;8.64;8.64;8.64;8.64;8.64
2312;240.046;17.95;8.64;8.64;114.51899999999999;8.64;8.64;8.64;124.02000000000001;8.64;8.64;8.64;8.64;8.64;8.64;8.64;8.64;8.64;8.64;8.64;8.64;8.64;8.64;8.64;8.64;8.64;8.64;8.64;8.64;8.64
2313;1241.3400000000001;21.939999999999998;28.59;20.61;135.197;34.316;8.64;19.28;173.73000000000002;33.91;39.943999999999996;17.95;35.239999999999995;28.59;161.706;23.270000000000003;16.62;8.64;23.270000000000003;35.954;223.985;17.95;24.6;12.63;11.299999999999999;8.64;15.29;8.64;12.63;252.711
2314;840.592;31.91;30.58;23.93;124.81099999999999;42.956;17.28;22.599999999999998;130.005;19.939999999999998;18.61;21.27;18.61;23.93;168.53799999999998;18.61;17.28;17.28;26.589999999999996;21.27;174.007;19.939999999999998;17.28;17.28;17.28;17.28;17.28;17.28;22.599999999999998;17.28
2315;34.239999999999995;15.62;12.959999999999999;12.959999999999999;12.959999999999999;12.959999999999999;12.959999999999999;12.959999999999999;12.959999999999999;12.959999999999999;12.959999999999999;12.959999999999999;12.959999999999999;12.959999999999999;12.959999999999999;12.959999999999999;12.959999999999999;12.959999999999999;12.959999999999999;12.959999999999999;12.959999999999999;12.959999999999999;12.959999999999999;12.959999999999999;12.959999999999999;12.959999999999999;12.959999999999999;12.959999999999999;12.959999999999999;12.959999999999999
2316;1331.318;28.59;21.939999999999998;32.58;110.90800000000002;30.326;8.64;19.28;92.264;23.270000000000003;20.61;15.29;19.28;21.939999999999998;125.95000000000002;36.57;21.939999999999998;8.64;39.23;25.076;159.223;15.29;21.939999999999998;19.518;12.63;8.64;9.969999999999999;9.969999999999999;9.969999999999999;176.04
2317;822.11;23.270000000000003;20.61;24.6;94.121;40.419999999999995;8.64;24.6;115.0;33.91;52.55799999999999;35.239999999999995;27.259999999999998;33.91;158.19899999999998;12.63;8.64;8.64;24.6;8.64;150.81400000000002;8.64;8.64;8.64;8.64;8.64;8.64;8.64;8.64;16.62
2318;1299.272;24.6;28.59;31.25;118.13999999999999;38.306;8.64;23.270000000000003;156.356;35.239999999999995;41.274;36.57;29.919999999999998;24.6;180.25400000000002;27.259999999999998;29.919999999999998;8.64;73.81;38.306;182.23499999999999;15.29;23.270000000000003;22.962;16.62;8.64;13.959999999999999;11.299999999999999;12.63;235.248
2319;2558.048;26.259999999999998;27.590000000000003;34.239999999999995;144.089;45.593999999999994;12.959999999999999;39.56;176.393;48.870000000000005;97.66000000000001;50.2;55.519999999999996;38.230000000000004;177.29;50.2;24.93;12.959999999999999;55.519999999999996;49.822;234.79399999999998;28.92;24.93;31.818;30.488;12.959999999999999;24.93;16.95;24.93;277.82800000000003
2320;757.6279999999999;35.9;19.939999999999998;21.27;101.275;19.939999999999998;17.28;21.27;121.827;17.28;17.28;17.28;21.27;23.93;149.299;22.599999999999998;17.28;17.28;37.230000000000004;41.388;163.6;22.599999999999998;17.28;23.93;18.61;17.28;17.28;19.939999999999998;27.919999999999998;224.79000000000002
2321;1564.8180000000002;24.93;27.590000000000003;31.58;126.86600000000001;27.282;12.959999999999999;22.27;176.715;36.9;24.93;34.239999999999995;32.91;22.27;161.023;16.95;12.959999999999999;12.959999999999999;59.510000000000005;23.6;204.388;20.94;15.62;16.95;15.62;12.959999999999999;15.62;12.959999999999999;15.62;266.497
2322;737.4879999999999;23.6;22.27;27.590000000000003;122.341;20.94;12.959999999999999;15.62;159.742;18.28;16.95;27.590000000000003;20.94;12.959999999999999;172.391;12.959999999999999;12.959999999999999;12.959999999999999;12.959999999999999;12.959999999999999;12.959999999999999;12.959999999999999;12.959999999999999;12.959999999999999;12.959999999999999;12.959999999999999;12.959999999999999;12.959999999999999;12.959999999999999;12.959999999999999
2323;2705.762;26.259999999999998;26.259999999999998;27.590000000000003;141.164;41.296;12.959999999999999;24.93;191.33999999999997;27.590000000000003;32.91;22.27;24.93;19.61;150.096;24.93;19.61;12.959999999999999;46.21;34.954;240.17000000000002;20.94;15.62;18.28;22.27;12.959999999999999;16.95;18.28;20.94;273.345
2324;203.14999999999998;12.959999999999999;12.959999999999999;12.959999999999999;115.72599999999998;12.959999999999999;12.959999999999999;12.959999999999999;99.32300000000001;12.959999999999999;12.959999999999999;16.95;14.29;14.29;163.78700000000003;12.959999999999999;14.29;12.959999999999999;12.959999999999999;12.959999999999999;170.004;12.959999999999999;12.959999999999999;12.959999999999999;12.959999999999999;12.959999999999999;12.959999999999999;12.959999999999999;12.959999999999999;12.959999999999999
2325;826.346;26.259999999999998;22.27;19.61;112.14699999999999;15.62;12.959999999999999;14.29;125.363;15.62;12.959999999999999;19.61;22.27;15.62;117.44800000000001;31.58;12.959999999999999;12.959999999999999;31.58;12.959999999999999;14.29;16.95;15.62;23.6;27.828;12.959999999999999;18.28;12.959999999999999;23.6;215.217
2326;2045.978;49.2;55.849999999999994;38.56;153.952;41.22;17.28;35.9;185.627;31.91;42.480000000000004;51.86;47.87;31.91;186.98699999999997;86.44;35.9;17.28;115.69999999999999;31.91;31.91;23.93;34.57;29.25;29.25;17.28;31.91;18.61;42.55;320.488
2327;1151.6079999999997;30.25;27.590000000000003;27.590000000000003;122.512;43.956;12.959999999999999;28.92;187.40200000000002;54.19;26.259999999999998;26.259999999999998;38.230000000000004;31.58;186.543;38.230000000000004;16.95;12.959999999999999;46.21;47.162000000000006;211.251;19.61;28.92;24.93;22.27;12.959999999999999;19.61;19.61;24.93;273.194
2328;924.676;25.26;27.919999999999998;25.26;119.44400000000002;38.965999999999994;17.28;23.93;121.292;23.93;82.88399999999999;39.89;37.230000000000004;29.25;169.831;41.22;19.939999999999998;17.28;35.9;32.386;188.83499999999998;22.599999999999998;29.25;22.599999999999998;23.93;17.28;31.91;23.93;21.27;246.26300000000003
2329;19.28;8.64;11.299999999999999;8.64;8.64;8.64;8.64;8.64;8.64;8.64;8.64;8.64;8.64;8.64;8.64;8.64;8.64;8.64;9.969999999999999;8.64;8.64;8.64;8.64;8.64;8.64;8.64;8.64;8.64;8.64;8.64
2330;1580.7219999999998;27.590000000000003;24.93;22.27;138.509;40.204;12.959999999999999;35.57000000000001;185.703;51.53;76.92599999999999;38.230000000000004;42.22;32.91;190.89700000000002;47.54;30.25;12.959999999999999;44.879999999999995;50.84400000000001;224.00900000000001;31.58;36.9;24.93;34.954;12.959999999999999;30.25;26.259999999999998;43.480000000000004;283.63100000000003
2331;48.870000000000005;12.959999999999999;12.959999999999999;12.959999999999999;119.47800000000001;12.959999999999999;12.959999999999999;12.959999999999999;12.959999999999999;12.959999999999999;12.959999999999999;12.959999999999999;12.959999999999999;12.959999999999999;12.959999999999999;12.959999999999999;12.959999999999999;12.959999999999999;14.29;12.959999999999999;12.959999999999999;12.959999999999999;12.959999999999999;12.959999999999999;12.959999999999999;12.959999999999999;12.959999999999999;12.959999999999999;12.959999999999999;12.959999999999999
2332;1660.9560000000001;46.21;46.21;35.57000000000001;127.82699999999998;20.94;12.959999999999999;18.28;155.673;32.91;18.28;22.27;23.6;16.95;175.42000000000002;15.62;19.61;12.959999999999999;51.53;40.274;205.44799999999998;16.95;12.959999999999999;16.95;14.29;12.959999999999999;19.61;15.62;14.29;252.30800000000005
2333;14.29;12.959999999999999;12.959999999999999;12.959999999999999;12.959999999999999;12.959999999999999;12.959999999999999;12.959999999999999;12.959999999999999;12.959999999999999;12.959999999999999;12.959999999999999;12.959999999999999;12.959999999999999;12.959999999999999;12.959999999999999;12.959999999999999;12.959999999999999;12.959999999999999;12.959999999999999;12.959999999999999;12.959999999999999;12.959999999999999;12.959999999999999;12.959999999999999;12.959999999999999;12.959999999999999;12.959999999999999;12.959999999999999;12.959999999999999
2334;1370.486;45.54;34.9;53.519999999999996;150.22500000000002;33.262;21.6;30.909999999999997;191.04400000000004;54.85;85.09;64.16;38.89;34.9;208.36399999999998;45.54;25.59;21.6;85.44;64.258;231.83800000000002;29.580000000000002;33.57;33.57;33.57;21.6;33.57;25.59;36.230000000000004;256.029
2335;1750.1499999999999;44.879999999999995;44.879999999999995;38.230000000000004;133.19400000000002;46.616;12.959999999999999;32.91;187.999;58.18000000000001;51.628;42.22;34.239999999999995;23.6;179.732;28.92;39.56;12.959999999999999;62.169999999999995;31.272;216.356;22.27;34.239999999999995;23.6;19.61;12.959999999999999;28.92;18.28;19.61;247.793
2336;1297.242;39.23;27.259999999999998;35.239999999999995;130.838;36.976;8.64;29.919999999999998;160.544;49.87;64.22;31.25;37.900000000000006;27.259999999999998;180.046;47.209999999999994;24.6;8.64;55.19;50.514;221.67699999999996;21.939999999999998;37.900000000000006;28.52;38.306;8.64;32.58;39.23;24.292;244.20099999999996
2337;246.69600000000003;31.25;23.270000000000003;23.270000000000003;116.86200000000001;17.95;8.64;13.959999999999999;8.64;8.64;8.64;11.299999999999999;8.64;8.64;8.64;8.64;8.64;8.64;8.64;8.64;8.64;8.64;8.64;8.64;8.64;8.64;8.64;8.64;8.64;11.299999999999999
2338;9.969999999999999;8.64;8.64;8.64;8.64;8.64;8.64;8.64;8.64;8.64;8.64;8.64;8.64;8.64;8.64;8.64;8.64;8.64;8.64;8.64;8.64;8.64;8.64;8.64;8.64;8.64;8.64;8.64;8.64;8.64
2339;18.28;14.29;12.959999999999999;12.959999999999999;12.959999999999999;12.959999999999999;12.959999999999999;12.959999999999999;12.959999999999999;12.959999999999999;12.959999999999999;12.959999999999999;12.959999999999999;12.959999999999999;12.959999999999999;12.959999999999999;12.959999999999999;12.959999999999999;12.959999999999999;12.959999999999999;12.959999999999999;12.959999999999999;12.959999999999999;12.959999999999999;12.959999999999999;12.959999999999999;12.959999999999999;12.959999999999999;12.959999999999999;12.959999999999999
2340;1374.116;31.25;33.91;27.259999999999998;113.194;30.634;8.64;25.93;169.37099999999998;24.6;15.29;19.28;27.259999999999998;21.939999999999998;154.048;20.61;11.299999999999999;8.64;35.239999999999995;20.61;195.719;13.959999999999999;11.299999999999999;16.62;12.63;8.64;19.28;13.959999999999999;16.62;244.43400000000003
2341;111.596;8.64;8.64;8.64;8.64;29.779999999999998;8.64;8.64;19.28;8.64;8.64;8.64;8.64;8.64;8.64;8.64;8.64;8.64;8.64;8.64;8.64;8.64;8.64;8.64;8.64;8.64;8.64;8.64;8.64;8.64
2342;144.63;15.62;14.29;19.61;126.82899999999998;14.29;12.959999999999999;12.959999999999999;146.036;12.959999999999999;12.959999999999999;12.959999999999999;12.959999999999999;12.959999999999999;12.959999999999999;12.959999999999999;12.959999999999999;12.959999999999999;12.959999999999999;12.959999999999999;12.959999999999999;12.959999999999999;12.959999999999999;12.959999999999999;12.959999999999999;12.959999999999999;12.959999999999999;12.959999999999999;12.959999999999999;12.959999999999999
2343;999.05;22.27;18.28;18.28;116.553;15.62;12.959999999999999;15.62;131.047;16.95;16.95;18.28;20.94;15.62;170.375;19.61;16.95;12.959999999999999;26.259999999999998;12.959999999999999;192.698;14.29;14.29;15.62;15.62;12.959999999999999;18.28;14.29;12.959999999999999;174.027
2344;901.9959999999999;25.26;22.599999999999998;17.28;118.047;17.28;17.28;21.27;143.711;18.61;17.28;18.61;21.27;18.61;139.51600000000002;17.28;17.28;17.28;26.589999999999996;18.61;188.882;17.28;17.28;18.61;18.61;17.28;18.61;17.28;17.28;223.824
2345;471.146;29.25;21.27;22.599999999999998;145.16199999999998;21.27;17.28;17.28;157.323;22.599999999999998;62.22;22.599999999999998;29.25;22.599999999999998;180.70100000000002;22.599999999999998;26.589999999999996;17.28;27.919999999999998;36.068;169.459;19.939999999999998;23.93;21.27;26.282;17.28;26.589999999999996;17.28;17.28;18.61
2346;1362.146;27.259999999999998;27.259999999999998;15.29;127.866;25.622;8.64;15.29;139.985;13.959999999999999;8.64;12.63;8.64;12.63;157.196;8.64;8.64;8.64;12.63;8.64;146.13799999999998;8.64;8.64;8.64;8.64;8.64;8.64;8.64;8.64;13.959999999999999
2347;20.61;8.64;8.64;8.64;8.64;8.64;8.64;8.64;8.64;8.64;8.64;8.64;8.64;8.64;8.64;8.64;8.64;8.64;8.64;8.64;8.64;8.64;8.64;8.64;8.64;8.64;8.64;8.64;8.64;8.64
2348;1308.6599999999999;20.94;26.259999999999998;26.259999999999998;111.46099999999998;15.62;12.959999999999999;16.95;168.651;20.94;18.28;18.28;19.61;20.94;113.463;19.61;16.95;12.959999999999999;47.54;14.29;161.50400000000002;18.28;18.28;19.61;14.29;12.959999999999999;18.28;16.95;15.62;237.59400000000002
2349;110.602;11.299999999999999;8.64;8.64;8.64;8.64;8.64;8.64;8.64;8.64;8.64;8.64;8.64;8.64;8.64;8.64;8.64;8.64;8.64;8.64;8.64;8.64;8.64;8.64;8.64;8.64;8.64;8.64;8.64;8.64
2350;1266.008;36.57;15.29;12.63;100.17899999999999;22.177999999999997;8.64;12.63;134.702;15.29;15.29;15.29;17.95;11.299999999999999;141.605;8.64;9.969999999999999;8.64;40.56;17.95;179.274;8.64;9.969999999999999;8.64;8.64;8.64;8.64;8.64;27.735999999999997;217.272
2351;1128.544;22.599999999999998;25.26;29.25;129.118;42.956;17.28;34.57;137.096;27.919999999999998;22.599999999999998;30.58;33.24;35.9;178.321;31.91;19.939999999999998;17.28;63.83;55.71000000000001;215.505;27.919999999999998;29.25;19.939999999999998;22.599999999999998;17.28;17.28;17.28;26.589999999999996;246.221
2352;11.299999999999999;8.64;8.64;8.64;8.64;8.64;8.64;8.64;8.64;8.64;8.64;8.64;8.64;8.64;8.64;8.64;8.64;8.64;8.64;8.64;8.64;8.64;8.64;8.64;8.64;8.64;8.64;8.64;8.64;8.64
2353;1206.214;16.62;19.28;28.59;132.14299999999997;19.28;8.64;19.28;160.061;24.6;66.50200000000001;19.28;17.95;12.63;185.408;17.95;11.299999999999999;8.64;27.259999999999998;11.299999999999999;205.75199999999998;9.969999999999999;11.299999999999999;8.64;8.64;8.64;8.64;8.64;8.64;8.64
2354;265.65999999999997;16.95;12.959999999999999;12.959999999999999;114.802;12.959999999999999;12.959999999999999;12.959999999999999;125.68;12.959999999999999;12.959999999999999;14.29;12.959999999999999;12.959999999999999;12.959999999999999;12.959999999999999;12.959999999999999;12.959999999999999;12.959999999999999;12.959999999999999;12.959999999999999;12.959999999999999;12.959999999999999;12.959999999999999;12.959999999999999;12.959999999999999;12.959999999999999;12.959999999999999;12.959999999999999;14.29
2355;2278.4739999999997;32.58;20.61;32.58;107.988;38.376;8.64;13.959999999999999;150.434;25.93;12.63;11.299999999999999;25.93;21.939999999999998;145.6;8.64;8.64;8.64;57.849999999999994;16.62;120.42;11.299999999999999;11.299999999999999;13.959999999999999;12.63;8.64;11.299999999999999;13.959999999999999;20.61;191.88300000000004
2356;1550.3;62.169999999999995;42.22;36.9;148.552;25.952;12.959999999999999;23.6;172.725;46.21;23.6;24.93;23.6;22.27;182.756;23.6;23.6;12.959999999999999;56.85;15.62;216.311;16.95;18.28;16.95;14.29;12.959999999999999;19.61;15.62;20.94;259.805
2357;55.849999999999994;17.28;17.28;17.28;125.091;17.28;17.28;17.28;17.28;17.28;17.28;17.28;17.28;17.28;17.28;17.28;17.28;17.28;17.28;17.28;17.28;17.28;17.28;17.28;17.28;17.28;17.28;17.28;17.28;17.28
2358;2636.552;37.900000000000006;41.89;33.91;103.40099999999998;48.54;8.64;49.87;110.05099999999999;56.519999999999996;19.28;23.270000000000003;43.22;36.57;169.686;25.93;13.959999999999999;8.64;41.89;24.292;196.601;20.61;29.919999999999998;24.6;17.95;8.64;21.939999999999998;13.959999999999999;27.259999999999998;270.925
2359;228.83200000000002;15.29;8.64;9.969999999999999;115.074;8.64;8.64;8.64;8.64;8.64;8.64;8.64;8.64;8.64;8.64;8.64;8.64;8.64;8.64;8.64;8.64;8.64;8.64;8.64;8.64;8.64;8.64;8.64;8.64;11.299999999999999
2360;1157.074;9.969999999999999;8.64;8.64;128.547;8.64;8.64;9.969999999999999;126.675;8.64;8.64;8.64;8.64;8.64;138.846;8.64;8.64;8.64;15.29;8.64;124.363;9.969999999999999;8.64;8.64;8.64;8.64;8.64;8.64;9.969999999999999;147.81300000000002
2361;9.969999999999999;8.64;8.64;8.64;8.64;8.64;8.64;8.64;8.64;8.64;8.64;8.64;8.64;8.64;8.64;8.64;8.64;8.64;8.64;8.64;8.64;8.64;8.64;8.64;8.64;8.64;8.64;8.64;8.64;8.64
2362;1150.908;32.91;39.56;18.28;135.579;29.634;12.959999999999999;20.94;149.26799999999997;24.93;23.6;19.61;19.61;16.95;184.024;19.61;12.959999999999999;12.959999999999999;26.259999999999998;14.29;200.881;12.959999999999999;12.959999999999999;12.959999999999999;14.29;12.959999999999999;16.95;12.959999999999999;16.95;26.259999999999998
2363;514.39;11.299999999999999;16.62;24.6;110.44;16.62;8.64;12.63;146.006;32.58;15.29;23.270000000000003;20.61;13.959999999999999;106.441;11.299999999999999;8.64;8.64;8.64;8.64;8.64;9.969999999999999;8.64;8.64;8.64;8.64;8.64;8.64;9.969999999999999;9.969999999999999
2364;867.372;17.95;15.29;8.64;135.192;8.64;8.64;11.299999999999999;128.696;11.299999999999999;8.64;11.299999999999999;12.63;12.63;169.401;9.969999999999999;8.64;8.64;28.59;9.969999999999999;193.85899999999998;9.969999999999999;8.64;9.969999999999999;9.969999999999999;8.64;13.959999999999999;8.64;11.299999999999999;250.16
2365;0.0;0.0;0.0;0.0;0.0;0.0;0.0;0.0;0.0;0.0;0.0;0.0;0.0;0.0;0.0;0.0;0.0;0.0;0.0;0.0;0.0;0.0;0.0;0.0;0.0;0.0;0.0;0.0;0.0;0.0
