code_etudiant,0,1,2,3,4,5,6,7,8,9,10,11,12,13,14,15,16,17,18,19,20,21,22,23,24,25,26,27,28,29,result
1,998.26,115.87699999999998,54.108999999999995,10.4,68.89699999999999,10.4,10.4,10.4,27.146,50.805,10.4,79.55300000000001,47.192,37.167,31.211,10.4,10.4,10.4,111.37,45.642,60.063,10.4,10.4,10.4,10.4,10.4,10.4,10.4,10.4,119.74000000000001,Fail
2,629.75,67.602,7.8,129.733,73.62100000000001,108.57700000000001,7.8,7.8,7.8,7.8,7.8,7.8,7.8,7.8,7.8,7.8,7.8,7.8,7.8,7.8,7.8,7.8,7.8,7.8,7.8,7.8,7.8,7.8,7.8,132.717,Dropout
3,543.251,188.76600000000002,120.944,130.74300000000002,77.709,10.4,10.4,10.4,10.4,10.4,10.4,10.4,10.4,10.4,10.4,10.4,10.4,10.4,117.58500000000001,10.4,10.4,10.4,10.4,10.4,10.4,10.4,10.4,10.4,10.4,10.4,Fail
4,441.687,64.80999999999999,84.694,10.4,34.622,10.4,10.4,10.4,10.4,10.4,10.4,10.4,10.4,10.4,10.4,10.4,10.4,10.4,10.4,10.4,10.4,10.4,10.4,10.4,10.4,10.4,10.4,10.4,10.4,146.133,Dropout
5,1385.064,135.019,103.786,164.297,93.42699999999999,133.051,10.4,106.85999999999999,128.958,145.824,107.83699999999999,68.04899999999999,200.94899999999998,151.117,117.962,10.4,10.4,10.4,201.647,149.002,138.511,59.684,47.961,87.805,45.255,10.4,10.4,33.742,107.94000000000001,272.11,Pass
6,2885.4219999999996,203.786,127.76400000000001,273.63199999999995,125.84300000000002,246.513,10.4,229.399,125.74,88.513,109.46600000000001,98.192,136.755,81.79500000000002,114.681,139.834,71.804,10.4,368.45399999999995,235.76299999999998,176.20600000000002,164.715,73.011,76.53,79.735,10.4,91.588,79.483,108.021,324.702,Pass
7,778.495,38.169,70.119,159.757,100.69800000000001,167.80200000000002,7.8,154.785,82.27900000000001,83.104,91.254,174.851,142.543,7.8,83.73899999999999,7.8,7.8,7.8,103.808,7.8,7.8,7.8,7.8,7.8,7.8,7.8,7.8,7.8,7.8,7.8,Fail
8,2370.6310000000003,246.82000000000005,188.75300000000001,291.383,123.84299999999999,266.549,7.8,199.058,73.564,20.634,84.489,239.091,89.861,117.023,74.24600000000001,56.376999999999995,55.835,7.8,400.222,177.422,163.78799999999998,126.27600000000001,63.577000000000005,105.28399999999999,62.742000000000004,7.8,48.141999999999996,7.8,49.512,102.39399999999999,Fail
9,4995.919999999999,248.472,215.24000000000004,312.94300000000004,143.82299999999998,164.113,10.4,185.18200000000002,228.85,166.979,219.943,134.464,244.156,346.36899999999997,121.203,42.684,43.659,10.4,285.00600000000003,78.492,98.67899999999999,10.4,42.391999999999996,228.07699999999997,79.038,10.4,50.179,34.592,49.501000000000005,296.483,Pass
10,149.66799999999998,59.233999999999995,53.559,10.4,23.372,10.4,10.4,10.4,10.4,10.4,10.4,10.4,10.4,10.4,10.4,10.4,10.4,10.4,99.793,10.4,10.4,10.4,10.4,10.4,10.4,10.4,10.4,10.4,10.4,137.017,Fail
11,54.417,10.4,10.4,10.4,10.4,10.4,10.4,10.4,10.4,10.4,10.4,10.4,10.4,10.4,10.4,10.4,10.4,10.4,10.4,10.4,10.4,10.4,10.4,10.4,10.4,10.4,10.4,10.4,10.4,10.4,Dropout
12,3228.6179999999995,88.148,93.054,152.87199999999999,87.48899999999999,160.68599999999998,10.4,134.656,142.159,133.213,143.41400000000002,140.83700000000002,148.52599999999998,200.043,160.597,144.094,61.759,10.4,240.093,135.03199999999998,171.555,127.74499999999999,123.77199999999999,110.27600000000001,130.049,10.4,140.423,82.80799999999999,64.012,212.093,Pass
13,544.176,51.80199999999999,7.8,7.8,76.55700000000002,7.8,7.8,7.8,26.919,41.092,7.8,84.975,36.486999999999995,54.592,37.428,53.542,7.8,7.8,7.8,7.8,40.422,7.8,7.8,28.817,7.8,7.8,7.8,7.8,7.8,39.667,Fail
14,2663.9639999999995,74.03500000000001,128.575,178.079,87.822,186.831,7.8,180.06099999999998,198.46300000000002,145.667,277.202,192.986,217.11999999999998,215.222,193.91,246.476,176.122,7.8,613.2800000000001,296.543,205.27599999999998,163.885,111.574,167.459,166.094,7.8,88.64699999999999,79.303,179.102,183.862,Pass
15,170.285,10.4,10.4,10.4,10.4,10.4,10.4,10.4,10.4,10.4,10.4,10.4,10.4,10.4,10.4,10.4,10.4,10.4,10.4,10.4,10.4,10.4,10.4,10.4,10.4,10.4,10.4,10.4,10.4,151.342,Dropout
16,643.711,127.931,7.8,54.484,26.427,7.8,7.8,7.8,24.342,57.208999999999996,7.8,7.8,7.8,7.8,29.022,7.8,7.8,7.8,7.8,7.8,7.8,7.8,7.8,7.8,7.8,7.8,7.8,7.8,7.8,146.317,Dropout
17,1844.918,149.794,176.395,276.36400000000003,115.65799999999999,324.70200000000006,10.4,281.361,260.24199999999996,308.523,156.816,257.715,309.637,326.499,263.669,241.10099999999997,169.753,10.4,307.693,234.975,221.97299999999998,209.249,186.231,261.809,215.39800000000002,10.4,228.50400000000002,193.03099999999998,208.73000000000002,551.871,Pass
18,54.417,10.4,10.4,10.4,10.4,10.4,10.4,10.4,10.4,10.4,10.4,10.4,10.4,10.4,10.4,10.4,10.4,10.4,10.4,10.4,10.4,10.4,10.4,10.4,10.4,10.4,10.4,10.4,10.4,10.4,Dropout
19,471.275,10.4,74.676,61.26200000000001,80.244,66.28999999999999,10.4,57.266999999999996,10.4,10.4,10.4,10.4,10.4,10.4,10.4,10.4,10.4,10.4,110.487,10.4,10.4,10.4,10.4,10.4,10.4,10.4,10.4,10.4,10.4,122.71700000000001,Dropout
20,316.594,62.01199999999999,62.68,64.517,27.035,102.376,10.4,75.417,34.412,10.4,10.4,10.4,10.4,10.4,10.4,10.4,10.4,10.4,10.4,10.4,10.4,10.4,10.4,10.4,10.4,10.4,10.4,10.4,10.4,142.04400000000004,Dropout
21,2612.3849999999998,228.053,264.462,180.54899999999998,116.06299999999999,212.22899999999998,7.8,146.087,295.278,155.385,114.21600000000001,311.54200000000003,188.375,263.76,199.29000000000002,315.984,130.974,7.8,430.17499999999995,189.28,222.721,79.63900000000001,108.62199999999999,99.393,74.69,7.8,55.07100000000001,43.28,138.108,394.56499999999994,Pass
22,1115.509,188.414,186.70299999999997,113.34300000000002,94.327,96.274,10.4,112.92699999999999,112.21000000000001,138.127,100.54100000000001,126.82999999999998,96.643,115.035,69.39,53.823,58.22,10.4,150.51399999999998,55.131,95.519,62.484,65.056,61.031000000000006,49.891999999999996,10.4,57.842,71.931,132.615,87.47399999999999,Pass
23,2983.2180000000003,198.171,270.558,254.819,154.897,258.581,7.8,270.062,184.245,201.21499999999997,227.85899999999998,274.452,244.792,251.11499999999998,213.65800000000002,269.55199999999996,171.64700000000002,7.8,482.871,247.96800000000002,253.414,214.79,92.19999999999999,138.73399999999998,116.13500000000002,7.8,82.69400000000002,79.066,242.63299999999998,308.70899999999995,Pass
24,1502.9979999999998,164.454,191.329,150.68200000000002,129.622,243.682,7.8,114.351,119.832,94.773,61.438,91.512,107.64999999999999,83.64699999999999,65.968,100.62,8.241999999999999,7.8,266.21000000000004,60.31399999999999,77.861,56.24499999999999,37.092,35.041000000000004,29.192,7.8,51.966,43.967,116.101,302.604,Pass
25,708.8589999999999,10.4,107.334,139.627,30.022999999999996,10.4,10.4,19.834,36.287,10.4,10.4,54.009,78.345,36.742000000000004,40.277,47.692,10.4,10.4,99.617,10.4,43.184,10.4,10.4,10.4,10.4,10.4,10.4,10.4,10.4,10.4,Pass
26,1298.208,124.487,10.4,190.722,120.56,148.587,10.4,180.36899999999997,119.026,10.4,10.4,10.4,159.57,162.058,157.079,10.4,10.4,10.4,266.077,128.012,111.38900000000001,10.4,10.4,100.105,58.987,10.4,86.558,10.4,84.437,168.01899999999998,Pass
27,2308.59,56.181,126.169,136.097,101.07,128.618,10.4,145.09699999999998,16.336999999999996,44.909000000000006,89.822,111.099,123.31,91.12700000000001,116.017,10.4,100.159,10.4,114.384,47.836999999999996,68.202,44.492,10.4,48.39,45.391,10.4,33.28399999999999,10.4,68.538,186.454,Pass
28,53.775000000000006,10.4,10.4,10.4,27.214999999999996,10.4,10.4,10.4,25.720999999999997,10.4,10.4,10.4,10.4,10.4,10.4,10.4,10.4,10.4,10.4,10.4,10.4,10.4,10.4,10.4,10.4,10.4,10.4,10.4,10.4,10.4,Fail
29,3017.4970000000003,140.238,189.43300000000002,307.9,137.365,353.055,7.8,313.559,283.94699999999995,373.12800000000004,285.903,315.694,321.889,260.427,246.70300000000003,248.324,287.056,7.8,596.2650000000001,391.589,393.99799999999993,335.938,327.91,249.43099999999998,290.212,7.8,179.558,179.34499999999997,423.058,451.988,Pass
30,335.528,51.592,66.455,10.4,24.926,10.4,10.4,10.4,61.792,10.4,10.4,10.4,10.4,10.4,10.4,10.4,10.4,10.4,10.4,10.4,10.4,10.4,10.4,10.4,10.4,10.4,10.4,10.4,10.4,10.4,Dropout
31,3742.4170000000004,189.642,197.426,230.267,142.863,370.58399999999995,10.4,310.51099999999997,288.55100000000004,182.84000000000003,209.244,236.394,266.45300000000003,206.038,206.81199999999998,143.498,148.558,10.4,556.2439999999999,240.385,289.99,227.11,194.09500000000003,171.52,247.604,10.4,331.914,175.449,297.432,469.659,Pass
32,1316.2350000000001,135.34199999999998,121.36699999999999,-27.892,113.356,-28.433000000000003,10.4,101.58499999999998,51.348,-4.533000000000001,10.476,95.85,113.888,86.131,99.247,43.667,97.684,10.4,166.332,54.56699999999999,124.45100000000001,20.167,27.659,32.692,36.667,10.4,54.050000000000004,41.155,81.517,61.009,Pass
33,269.843,114.884,88.46799999999999,7.8,7.8,7.8,7.8,7.8,7.8,7.8,7.8,7.8,7.8,7.8,7.8,7.8,7.8,7.8,7.8,7.8,7.8,7.8,7.8,7.8,7.8,7.8,7.8,7.8,7.8,145.49099999999999,Dropout
34,978.2850000000001,119.64599999999999,91.179,192.97199999999998,89.05300000000001,145.79999999999998,7.8,137.396,120.23299999999999,89.59199999999998,48.992000000000004,7.8,7.8,7.8,7.8,7.8,7.8,7.8,7.8,7.8,7.8,7.8,7.8,7.8,7.8,7.8,7.8,7.8,7.8,149.317,Dropout
35,1177.792,154.58599999999998,224.63499999999996,133.41299999999998,91.078,149.263,10.4,126.20000000000002,165.692,109.90899999999999,80.473,115.796,107.172,101.211,81.15,10.4,10.4,10.4,95.294,10.4,10.4,10.4,10.4,10.4,10.4,10.4,10.4,10.4,10.4,146.751,Fail
36,449.126,75.789,73.057,10.4,82.598,10.4,10.4,10.4,26.942,10.4,10.4,10.4,10.4,10.4,10.4,10.4,10.4,10.4,111.211,10.4,10.4,10.4,10.4,10.4,10.4,10.4,10.4,10.4,10.4,152.21699999999998,Dropout
37,817.146,115.517,54.660000000000004,7.8,28.593,7.8,7.8,7.8,7.8,7.8,7.8,7.8,7.8,7.8,7.8,7.8,7.8,7.8,106.54299999999999,7.8,7.8,64.076,7.8,7.8,7.8,7.8,7.8,7.8,84.901,87.87599999999999,Fail
38,2596.834,165.43699999999998,123.733,161.85799999999998,115.74499999999999,168.075,10.4,166.381,267.702,343.71500000000003,236.115,226.72999999999996,224.911,200.086,163.553,238.41599999999997,158.45399999999998,10.4,254.10999999999999,180.508,218.004,148.30399999999997,123.89,112.48700000000001,78.129,10.4,139.258,76.575,123.78999999999999,355.30800000000005,Pass
39,54.417,10.4,10.4,10.4,10.4,10.4,10.4,10.4,10.4,10.4,10.4,10.4,10.4,10.4,10.4,10.4,10.4,10.4,10.4,10.4,10.4,10.4,10.4,10.4,10.4,10.4,10.4,10.4,10.4,10.4,Dropout
40,472.889,60.48400000000001,10.4,180.39499999999998,81.4,116.012,10.4,10.4,10.4,10.4,10.4,10.4,10.4,10.4,10.4,10.4,10.4,10.4,10.4,10.4,10.4,10.4,10.4,10.4,10.4,10.4,10.4,10.4,10.4,10.4,Dropout
41,1344.2800000000002,65.851,105.64999999999999,186.974,108.08700000000002,256.28499999999997,10.4,209.748,209.581,116.926,138.832,155.136,171.71800000000002,141.18099999999998,167.32100000000003,84.462,29.459,10.4,201.08,127.266,193.428,113.28999999999999,67.894,151.853,105.801,10.4,42.692,10.4,98.15,93.572,Pass
42,998.89,110.375,160.069,46.492,70.203,53.44199999999999,10.4,19.017,31.307000000000002,47.609,58.734,50.709,36.892,74.783,39.824,10.4,10.4,10.4,113.959,63.367,80.94800000000001,34.31699999999999,10.4,39.266999999999996,10.4,10.4,10.4,10.4,10.4,183.049,Fail
43,228.8,10.4,10.4,10.4,30.202999999999996,10.4,10.4,10.4,31.198999999999998,10.4,10.4,48.584,71.072,36.717,71.195,10.4,10.4,10.4,10.4,10.4,45.572,10.4,10.4,10.4,10.4,10.4,10.4,10.4,10.4,10.4,Fail
44,1280.329,161.529,170.581,121.49199999999999,144.788,5.924999999999997,10.4,-4.374000000000002,23.363999999999997,99.98599999999999,-7.799000000000005,91.07499999999999,-9.183000000000005,37.317,38.9,10.4,10.4,10.4,102.369,39.83,42.307,10.4,42.727999999999994,44.266999999999996,37.817,10.4,36.766999999999996,33.742,55.541,256.241,Pass
45,51.81700000000001,7.8,7.8,7.8,7.8,7.8,7.8,7.8,7.8,7.8,7.8,7.8,7.8,7.8,7.8,7.8,7.8,7.8,7.8,7.8,7.8,7.8,7.8,7.8,7.8,7.8,7.8,7.8,7.8,7.8,Dropout
46,846.1669999999999,78.436,66.577,134.022,84.274,164.76,10.4,141.04,104.771,70.24900000000001,70.888,10.4,10.4,10.4,10.4,10.4,10.4,10.4,10.4,10.4,10.4,10.4,10.4,10.4,10.4,10.4,10.4,10.4,10.4,160.537,Dropout
47,1125.1970000000001,247.63000000000002,237.387,233.707,131.192,198.517,10.4,100.02699999999999,122.47899999999998,74.326,160.89999999999998,115.95599999999999,95.682,60.092,68.394,10.4,10.4,10.4,92.278,10.4,10.4,10.4,10.4,10.4,10.4,10.4,10.4,10.4,10.4,176.147,Dropout
48,185.106,74.769,10.4,60.784,30.701,10.4,10.4,10.4,31.696999999999996,10.4,10.4,10.4,73.81,10.4,31.696999999999996,10.4,10.4,10.4,10.4,10.4,10.4,10.4,10.4,10.4,10.4,10.4,10.4,10.4,10.4,10.4,Fail
49,1895.1730000000002,149.038,140.986,-35.958000000000006,153.736,136.88,10.4,172.13299999999998,143.109,10.4,100.786,60.650999999999996,73.744,99.961,42.197,10.4,76.21300000000001,10.4,270.40500000000003,10.4,81.294,52.733999999999995,35.159,51.599999999999994,10.4,10.4,67.707,10.4,74.41399999999999,197.571,Pass
50,1445.497,126.68499999999999,96.454,152.002,104.36599999999999,173.911,10.4,225.79099999999997,125.16799999999999,87.536,113.198,56.501,135.07999999999998,106.467,107.47300000000001,76.107,11.184,10.4,165.231,126.943,132.99,80.134,33.434000000000005,33.009,47.501,10.4,55.581999999999994,43.90899999999999,60.834,300.21999999999997,Pass
51,2155.829,175.97599999999997,143.144,234.438,133.732,193.505,7.8,91.81099999999999,70.48400000000001,77.971,113.83500000000001,67.155,191.95299999999997,68.118,38.718,125.14500000000001,7.8,7.8,375.297,164.97699999999998,192.253,136.0,136.195,127.4,7.8,7.8,7.8,7.8,7.8,221.838,Fail
52,359.41700000000003,10.4,134.647,80.27,75.598,52.487,10.4,10.4,81.129,10.4,10.4,10.4,10.4,10.4,10.4,10.4,10.4,10.4,92.535,10.4,10.4,10.4,10.4,10.4,10.4,10.4,10.4,10.4,10.4,136.79200000000003,Dropout
53,1730.226,104.07,100.28800000000001,183.256,117.851,192.628,7.8,159.048,184.024,173.45100000000002,287.40500000000003,139.45000000000002,203.81400000000002,228.88699999999997,144.303,127.198,100.827,7.8,226.898,167.362,224.95600000000002,222.99499999999998,70.078,134.50199999999998,150.772,7.8,74.097,87.25999999999999,168.574,151.281,Pass
54,1074.127,10.4,10.4,10.4,77.95500000000001,10.4,10.4,70.908,73.854,-9.190999999999999,3.3339999999999996,28.370999999999995,20.042,31.097,44.552,24.967,24.509,10.4,217.286,10.4,80.143,10.4,38.959,41.391999999999996,53.708,10.4,62.316,42.359,99.893,94.53,Pass
55,1669.1809999999998,105.233,96.92,180.347,76.357,176.228,10.4,130.60500000000002,145.00099999999998,54.400999999999996,90.32900000000001,101.174,157.618,155.75099999999998,152.255,10.4,10.4,10.4,179.913,98.417,115.18200000000002,103.483,43.059,91.644,128.4,10.4,10.4,10.4,146.142,209.78300000000002,Pass
56,276.634,115.45000000000002,59.634,10.4,35.998999999999995,10.4,10.4,10.4,10.4,10.4,10.4,10.4,10.4,10.4,10.4,10.4,10.4,10.4,10.4,10.4,10.4,10.4,10.4,10.4,10.4,10.4,10.4,10.4,10.4,143.38400000000001,Dropout
57,2832.632,137.05599999999998,172.93400000000003,299.164,128.35399999999998,181.929,10.4,209.618,219.553,162.332,111.57499999999999,157.131,127.41400000000002,191.763,127.94799999999998,166.80300000000003,41.767,10.4,189.135,86.31700000000001,158.27800000000002,83.219,78.895,126.70400000000001,62.848,10.4,130.64600000000002,103.36,111.24600000000002,295.894,Pass
58,1515.603,138.96699999999998,93.06200000000001,87.381,99.357,60.122,10.4,71.8,98.187,117.31400000000001,62.67699999999999,101.24100000000001,65.755,75.73,105.561,90.2,66.87,10.4,145.903,73.286,111.08599999999998,80.176,76.1,80.812,71.477,10.4,65.747,82.19000000000001,78.352,348.13300000000004,Pass
59,708.47,10.4,10.4,130.547,30.701,57.384,10.4,25.241999999999997,10.4,10.4,52.559000000000005,10.4,113.262,113.41499999999999,120.08099999999999,10.4,10.4,10.4,86.088,10.4,28.403999999999996,10.4,10.4,42.417,10.4,10.4,10.4,10.4,80.587,83.65200000000002,Pass
60,2047.673,110.656,201.91199999999998,215.7,102.51999999999998,195.363,10.4,206.31099999999998,275.75,351.947,238.77700000000002,283.63,183.103,214.81799999999998,161.279,216.498,139.85299999999998,10.4,321.565,173.935,198.42700000000002,117.43,122.90700000000001,146.64999999999998,122.148,10.4,137.487,146.385,180.76700000000002,420.102,Pass
61,989.096,64.033,95.82900000000001,146.999,91.01599999999999,126.678,10.4,161.298,36.17,83.886,124.46,193.015,156.67700000000002,160.518,123.57399999999998,10.4,10.4,10.4,259.836,186.404,186.04500000000002,192.151,51.592,183.226,112.556,10.4,76.009,10.4,120.16199999999999,157.694,Pass
62,2768.8399999999997,155.64299999999997,169.62900000000002,242.101,131.742,300.435,7.8,222.573,172.93,112.10300000000001,192.27999999999997,113.09999999999998,168.791,126.27000000000001,129.531,111.583,74.739,7.8,251.689,82.613,84.301,87.276,89.25099999999999,97.514,68.532,7.8,97.019,73.208,152.692,362.538,Pass
63,353.358,98.305,134.29999999999998,77.024,103.923,137.61200000000002,10.4,62.437,64.874,107.08999999999999,51.294,54.269,10.4,10.4,10.4,10.4,10.4,10.4,55.74300000000001,10.4,10.4,10.4,10.4,10.4,10.4,10.4,10.4,10.4,10.4,10.4,Dropout
64,1971.6739999999998,184.724,110.33700000000002,164.501,96.262,198.96800000000002,10.4,111.589,205.10900000000004,95.98200000000001,68.137,113.218,96.978,87.53800000000001,97.728,100.179,66.617,10.4,176.874,51.166999999999994,115.05699999999999,67.634,89.668,48.617,43.617000000000004,10.4,59.257000000000005,39.259,64.209,216.901,Pass
65,227.79700000000003,66.334,67.965,10.4,10.4,10.4,10.4,10.4,10.4,10.4,10.4,10.4,10.4,10.4,10.4,10.4,10.4,10.4,10.4,10.4,10.4,10.4,10.4,10.4,10.4,10.4,10.4,10.4,10.4,142.11700000000002,Dropout
66,1394.175,73.686,65.06,133.03199999999998,135.42,139.914,10.4,-15.207999999999997,13.284000000000002,10.4,10.4,51.134,73.148,52.142,25.985,28.006,12.533999999999999,10.4,95.314,12.942,110.91600000000001,97.542,47.233999999999995,23.842,10.4,10.4,10.4,10.4,82.28,253.848,Pass
67,5484.116000000001,157.13199999999998,143.935,193.35,153.506,217.671,7.8,184.908,187.244,167.972,146.643,104.638,171.56,182.70399999999998,176.14799999999997,135.55599999999998,112.916,7.8,239.69,165.956,243.184,162.19899999999998,75.578,175.78199999999998,138.92499999999998,7.8,95.669,126.28099999999999,227.953,343.27799999999996,Pass
68,3667.3469999999998,227.35,272.24899999999997,202.675,103.518,198.001,7.8,199.971,268.437,350.805,184.37,177.683,222.24699999999999,242.18599999999998,187.813,275.99300000000005,168.955,7.8,297.532,198.228,254.03300000000002,227.68599999999998,157.916,249.211,164.962,7.8,177.801,119.06600000000002,149.01,332.20300000000003,Pass
69,1473.782,149.046,141.617,144.072,101.328,200.406,10.4,158.84199999999998,137.25199999999998,124.654,93.825,10.4,150.037,91.72099999999999,70.746,55.092000000000006,10.4,10.4,265.5,134.185,134.627,64.779,51.134,85.171,78.335,10.4,83.10900000000001,60.517,77.41199999999999,150.51,Pass
70,812.1410000000001,103.524,160.27599999999998,110.975,114.523,176.40300000000002,7.8,77.249,39.059,45.034,61.892,7.8,7.8,7.8,7.8,7.8,7.8,7.8,137.31900000000002,7.8,7.8,7.8,7.8,7.8,7.8,7.8,7.8,7.8,7.8,131.86700000000002,Dropout
71,990.3399999999999,84.30499999999999,43.042,107.44999999999999,99.646,82.436,7.8,69.117,95.483,75.94999999999999,55.682,46.016999999999996,89.853,40.634,73.143,7.8,55.51700000000001,7.8,168.38,7.8,43.425999999999995,7.8,19.392000000000003,33.237,33.917,7.8,51.357,7.8,86.679,89.176,Pass
72,1830.5620000000001,126.21,122.20100000000001,104.071,97.90499999999999,79.807,7.8,68.11200000000001,86.304,61.434,-0.7330000000000005,7.8,76.375,61.687,120.942,81.48700000000001,25.255000000000003,7.8,429.993,147.645,268.5,31.566999999999997,42.059,37.516999999999996,40.492000000000004,7.8,46.44199999999999,49.417,52.391999999999996,188.683,Fail
73,54.417,10.4,10.4,10.4,10.4,10.4,10.4,10.4,10.4,10.4,10.4,10.4,10.4,10.4,10.4,10.4,10.4,10.4,10.4,10.4,10.4,10.4,10.4,10.4,10.4,10.4,10.4,10.4,10.4,10.4,Dropout
74,2093.5389999999998,202.397,206.215,227.768,96.51399999999998,183.04299999999998,10.4,180.793,143.092,117.12700000000001,167.379,136.013,182.25300000000001,173.687,139.565,82.69,73.396,10.4,378.82099999999997,161.80900000000003,198.525,157.284,150.281,148.197,110.586,10.4,63.093999999999994,55.733999999999995,119.551,225.731,Pass
75,1410.7659999999998,104.374,119.304,177.74,116.75200000000001,231.503,10.4,198.466,124.28999999999999,116.55799999999999,82.30199999999999,52.834,189.44,127.75399999999999,143.001,91.97899999999998,10.4,10.4,256.598,152.298,216.839,132.507,83.209,113.346,120.17000000000002,10.4,87.631,10.4,46.141999999999996,107.422,Pass
76,111.104,54.709,68.592,10.4,10.4,10.4,10.4,10.4,10.4,10.4,10.4,10.4,10.4,10.4,10.4,10.4,10.4,10.4,10.4,10.4,10.4,10.4,10.4,10.4,10.4,10.4,10.4,10.4,10.4,144.24200000000002,Dropout
77,939.111,86.532,94.593,177.228,97.842,129.547,7.8,105.79500000000002,123.997,111.718,141.439,108.6,131.546,85.36000000000001,84.88900000000001,50.384,53.359,7.8,146.942,48.282,41.342,44.31699999999999,7.8,7.8,7.8,7.8,7.8,7.8,7.8,153.91400000000002,Fail
78,1484.8590000000002,98.05799999999999,187.51299999999998,173.407,85.548,76.896,10.4,176.634,165.88,79.381,10.4,79.677,112.804,74.19,84.939,81.821,10.4,10.4,77.39099999999999,59.141999999999996,93.97999999999999,80.25399999999999,10.4,41.137,47.242000000000004,10.4,43.330000000000005,10.4,42.717,172.734,Pass
79,209.16600000000003,10.4,10.4,10.4,10.4,10.4,10.4,10.4,21.989,10.4,10.4,10.4,10.4,50.809,27.929,10.4,45.217,10.4,10.4,10.4,36.14,10.4,10.4,10.4,10.4,10.4,10.4,10.4,10.4,10.4,Dropout
80,1369.2669999999998,152.922,195.43499999999997,135.607,122.455,200.176,10.4,119.636,267.462,245.35500000000002,112.7,311.41799999999995,166.798,224.63100000000003,117.734,150.928,137.185,10.4,221.341,195.6,199.716,109.37,165.57899999999998,144.361,127.53300000000002,10.4,112.97099999999999,142.243,97.44200000000001,329.758,Pass
81,334.901,10.4,12.555,8.966999999999999,33.191,12.916999999999998,10.4,110.084,65.191,59.87599999999999,81.85100000000001,62.974,70.884,175.671,157.456,134.028,59.715,10.4,104.371,59.553,79.81700000000001,10.4,10.4,10.4,10.4,10.4,75.39200000000001,10.4,10.4,123.41700000000002,Dropout
82,2237.653,205.666,200.347,205.277,130.551,165.519,10.4,174.48199999999997,291.338,281.481,244.044,161.81199999999998,156.868,165.295,145.29,130.793,112.768,10.4,218.83299999999997,146.54999999999998,150.224,118.22899999999998,117.898,109.963,117.78200000000001,10.4,56.617999999999995,86.71300000000001,167.67999999999998,283.38,Pass
83,489.806,7.8,115.00099999999999,67.91,84.51,75.14,7.8,7.8,63.984,7.8,7.8,7.8,7.8,7.8,7.8,7.8,7.8,7.8,118.287,7.8,7.8,7.8,7.8,7.8,7.8,7.8,7.8,7.8,7.8,7.8,Dropout
84,565.853,82.696,122.572,67.967,94.541,73.248,10.4,64.967,92.177,10.4,10.4,10.4,10.4,10.4,10.4,10.4,10.4,10.4,10.4,10.4,10.4,10.4,10.4,10.4,10.4,10.4,10.4,10.4,10.4,10.4,Fail
85,1156.714,169.181,142.386,182.406,113.09,177.23899999999998,10.4,154.94299999999998,138.63400000000001,126.31099999999999,141.927,142.616,181.107,183.93200000000002,171.123,191.01999999999998,85.1,10.4,278.74,160.33499999999998,185.498,140.993,90.814,149.13000000000002,160.04799999999997,10.4,60.184,48.15899999999999,142.26500000000001,115.702,Pass
86,504.676,72.743,59.634,10.4,79.114,71.64,10.4,10.4,10.4,10.4,10.4,10.4,10.4,10.4,10.4,10.4,10.4,10.4,113.393,10.4,10.4,10.4,10.4,10.4,10.4,10.4,10.4,10.4,10.4,145.517,Dropout
87,1989.1929999999998,107.43900000000001,123.72800000000001,280.876,107.42999999999999,397.92900000000003,10.4,336.846,191.516,159.321,113.199,152.39600000000002,351.20899999999995,185.837,170.06400000000002,76.098,10.4,10.4,560.328,277.42999999999995,401.089,196.92200000000003,68.865,97.816,94.751,10.4,60.25,10.4,183.091,151.972,Pass
88,1935.0379999999998,118.344,125.018,152.846,94.482,77.6,10.4,62.687,122.973,10.4,10.4,10.4,60.839,67.678,85.113,81.689,10.4,10.4,122.94100000000002,89.681,99.109,91.842,10.4,10.4,10.4,10.4,10.4,10.4,10.4,172.407,Fail
89,2169.9979999999996,186.26399999999998,144.804,168.354,135.041,201.84700000000004,10.4,159.225,232.596,196.21800000000002,184.51799999999997,186.553,207.44899999999998,252.786,203.871,164.212,141.272,10.4,167.113,153.00199999999998,196.969,195.43900000000002,140.042,137.786,77.21000000000001,10.4,68.71499999999999,63.259,135.21599999999998,218.22299999999998,Pass
90,241.215,62.483999999999995,76.06400000000001,10.4,10.4,10.4,10.4,10.4,10.4,10.4,10.4,10.4,10.4,10.4,10.4,10.4,10.4,10.4,116.54400000000001,10.4,10.4,10.4,10.4,10.4,10.4,10.4,10.4,10.4,10.4,10.4,Dropout
91,1432.8809999999999,89.128,10.4,10.4,68.819,10.4,10.4,76.28699999999999,34.676,61.367,10.4,10.4,75.46000000000001,10.4,40.601,10.4,10.4,10.4,252.30600000000004,27.792,61.604,10.4,10.4,10.4,10.4,10.4,10.4,10.4,43.586999999999996,54.730999999999995,Pass
92,1284.7830000000001,94.051,139.93,151.653,104.597,182.765,10.4,171.391,115.053,118.582,152.517,107.745,221.128,177.688,190.315,134.031,51.192,10.4,289.409,141.68800000000002,157.13299999999998,149.614,105.483,107.28399999999999,150.03900000000002,10.4,80.599,73.875,116.845,300.936,Pass
93,874.499,90.696,104.892,170.233,81.29499999999999,138.536,10.4,140.89600000000002,176.86,67.301,10.4,10.4,10.4,10.4,10.4,10.4,10.4,10.4,10.4,10.4,10.4,10.4,10.4,10.4,10.4,10.4,10.4,10.4,10.4,143.392,Dropout
94,1170.223,215.659,330.88100000000003,195.611,123.17099999999999,134.638,10.4,109.12799999999999,66.104,62.917,70.16,79.135,36.742000000000004,38.717,42.197,42.084,48.15899999999999,10.4,133.027,54.56699999999999,45.617000000000004,60.517,10.4,10.4,10.4,10.4,10.4,10.4,10.4,10.4,Fail
95,2249.277,175.426,153.513,95.457,104.83800000000001,131.789,10.4,149.985,134.57600000000002,115.638,74.101,99.57100000000001,132.701,69.151,75.599,71.57,49.112,10.4,167.93599999999998,55.716,104.674,73.572,98.537,61.48899999999999,47.358999999999995,10.4,67.054,54.342,68.68900000000001,266.54200000000003,Pass
96,2018.5310000000002,140.347,88.206,289.339,96.94399999999999,214.459,10.4,245.66699999999997,184.212,219.277,129.998,120.65599999999998,204.863,148.141,145.48000000000002,9.941999999999998,27.482999999999997,10.4,393.45399999999995,149.025,191.08599999999998,124.459,42.359,125.85000000000001,97.22299999999998,10.4,10.4,10.4,86.492,259.476,Pass
97,59.30000000000001,10.4,10.4,10.4,10.4,10.4,10.4,10.4,10.4,10.4,10.4,10.4,10.4,10.4,10.4,10.4,10.4,10.4,10.4,10.4,10.4,10.4,10.4,10.4,10.4,10.4,10.4,10.4,10.4,10.4,Dropout
98,246.13799999999998,49.041999999999994,10.4,54.992,90.071,10.4,10.4,57.142,10.4,10.4,10.4,10.4,10.4,10.4,10.4,10.4,10.4,10.4,102.34299999999999,10.4,10.4,10.4,10.4,10.4,10.4,10.4,10.4,10.4,10.4,10.4,Fail
99,54.417,10.4,10.4,10.4,10.4,10.4,10.4,10.4,10.4,10.4,10.4,10.4,10.4,10.4,10.4,10.4,10.4,10.4,10.4,10.4,10.4,10.4,10.4,10.4,10.4,10.4,10.4,10.4,10.4,10.4,Dropout
100,2562.5449999999996,178.75099999999998,135.541,263.077,117.515,162.603,10.4,165.564,185.782,165.767,171.612,244.913,162.463,133.544,142.98,167.59,140.393,10.4,316.741,165.76899999999998,184.505,131.514,140.357,139.682,138.98399999999998,10.4,130.151,87.00999999999999,141.38199999999998,350.293,Pass
101,109.58800000000001,56.809000000000005,10.4,10.4,10.4,10.4,10.4,10.4,10.4,10.4,10.4,10.4,10.4,10.4,10.4,10.4,10.4,10.4,10.4,10.4,10.4,10.4,10.4,10.4,10.4,10.4,10.4,10.4,10.4,10.4,Dropout
102,1875.712,186.17,138.611,144.841,139.01799999999997,165.08100000000002,10.4,188.302,242.623,170.96400000000003,121.67599999999999,163.14,218.779,204.09199999999998,183.309,42.416,40.391,10.4,327.213,147.19,163.239,159.214,73.73899999999999,182.07200000000003,143.57,10.4,167.41199999999998,70.442,92.00399999999999,282.091,Pass
103,220.414,81.946,10.4,10.4,31.634,10.4,10.4,10.4,10.4,10.4,10.4,10.4,10.4,10.4,10.4,10.4,10.4,10.4,10.4,10.4,10.4,10.4,10.4,10.4,10.4,10.4,10.4,10.4,10.4,10.4,Dropout
104,1495.921,7.8,117.349,114.365,33.663,91.465,7.8,15.716999999999999,35.298,7.8,7.8,90.638,60.502,101.084,65.21100000000001,7.8,7.8,7.8,153.429,67.417,42.723,7.8,7.8,30.667,7.8,7.8,33.592,7.8,49.542,237.185,Pass
105,2071.265,84.348,121.40099999999998,167.447,115.005,174.181,10.4,253.587,160.224,107.28999999999999,76.167,61.605,172.917,106.194,142.64600000000002,80.80000000000001,50.28399999999999,10.4,186.808,119.01,145.742,94.65799999999999,91.426,83.779,59.26,10.4,120.625,68.698,158.052,326.562,Pass
106,1985.6389999999997,155.93099999999998,113.774,203.923,82.761,240.891,10.4,228.211,199.383,107.952,141.807,121.1,245.33599999999998,212.42600000000002,136.572,90.17,53.10099999999999,10.4,259.425,193.378,170.075,160.17600000000002,72.759,156.61900000000003,91.939,10.4,75.137,10.4,57.542,210.924,Fail
107,1290.604,80.042,33.025,137.939,149.177,216.766,10.4,180.779,182.474,79.27000000000001,111.857,92.05099999999999,101.71199999999999,142.466,165.716,124.46,70.885,10.4,195.35199999999998,82.24300000000001,106.099,53.907,63.315,73.93900000000001,54.522999999999996,10.4,75.18,52.721000000000004,135.828,288.665,Pass
108,64.10300000000001,10.4,10.4,10.4,10.4,10.4,10.4,10.4,10.4,10.4,10.4,10.4,10.4,10.4,10.4,10.4,10.4,10.4,10.4,10.4,10.4,10.4,10.4,10.4,10.4,10.4,10.4,10.4,10.4,10.4,Dropout
109,83.75099999999999,10.4,10.4,10.4,10.4,10.4,10.4,10.4,10.4,10.4,10.4,10.4,10.4,10.4,10.4,10.4,10.4,10.4,10.4,10.4,10.4,10.4,10.4,10.4,10.4,10.4,10.4,10.4,10.4,10.4,Fail
110,1413.9409999999998,207.972,239.421,357.806,93.017,128.56900000000002,7.8,169.273,90.437,-16.891,95.414,7.8,139.15,168.993,120.773,116.586,138.69,7.8,218.156,127.03899999999999,186.82999999999998,111.606,89.727,79.33000000000001,89.056,7.8,127.572,92.063,119.385,287.116,Pass
111,2277.805,202.13800000000003,161.878,255.34,128.921,204.976,10.4,303.103,265.18499999999995,149.244,164.213,158.964,192.40999999999997,222.816,189.468,121.89,10.4,10.4,460.3449999999999,244.34499999999997,254.63299999999998,182.96500000000003,75.465,198.118,126.07,10.4,54.068,34.166999999999994,10.4,264.45,Fail
112,51.81700000000001,7.8,7.8,7.8,7.8,7.8,7.8,7.8,7.8,7.8,7.8,7.8,7.8,7.8,7.8,7.8,7.8,7.8,7.8,7.8,7.8,7.8,7.8,7.8,7.8,7.8,7.8,7.8,7.8,7.8,Dropout
113,125.22599999999998,64.459,10.4,10.4,10.4,10.4,10.4,10.4,10.4,10.4,10.4,10.4,10.4,10.4,10.4,10.4,10.4,10.4,10.4,10.4,10.4,10.4,10.4,10.4,10.4,10.4,10.4,10.4,10.4,10.4,Dropout
114,1982.9489999999998,148.75400000000002,165.78300000000002,194.897,104.70700000000001,142.586,10.4,143.43800000000002,150.47899999999998,156.696,141.941,70.855,172.03,146.015,168.036,59.10000000000001,10.4,10.4,222.517,147.838,174.007,133.361,100.925,71.23700000000001,55.118,10.4,10.4,41.78399999999999,138.849,262.85,Pass
115,3097.412,274.01,435.651,230.174,136.00400000000002,273.686,7.8,231.29000000000002,395.474,351.181,203.361,224.39,211.18099999999998,171.515,163.403,242.33900000000003,179.688,7.8,298.05600000000004,154.358,185.301,198.71300000000002,135.111,175.525,157.165,7.8,146.72099999999998,59.01199999999999,240.251,358.42299999999994,Pass
116,2078.037,163.789,121.40599999999999,10.4,97.375,128.337,10.4,117.829,84.41999999999999,141.472,10.4,73.934,117.116,127.354,80.68,75.97299999999998,5.417,10.4,120.30199999999999,28.367,122.07900000000001,33.317,10.4,48.817,100.17999999999999,10.4,33.342,10.4,61.586999999999996,98.54099999999998,Pass
117,1391.822,128.529,155.93,212.864,131.456,258.939,10.4,186.196,241.228,118.358,54.134,165.238,204.206,110.245,113.47800000000001,47.609,49.584,10.4,248.272,241.92499999999998,121.835,127.772,60.517,133.761,98.77,10.4,71.315,47.697,80.39200000000001,220.7,Pass
118,1545.975,127.43700000000001,114.02600000000001,105.164,121.006,66.06700000000001,10.4,86.12299999999999,32.684,20.259,75.434,10.4,101.73799999999999,75.578,97.335,83.29400000000001,10.4,10.4,126.416,59.19199999999999,112.047,81.50699999999999,93.516,68.687,77.629,10.4,82.64600000000002,75.809,78.692,246.392,Pass
119,57.56700000000001,10.4,10.4,10.4,10.4,10.4,10.4,10.4,10.4,10.4,10.4,10.4,10.4,10.4,10.4,10.4,10.4,10.4,10.4,10.4,10.4,10.4,10.4,10.4,10.4,10.4,10.4,10.4,10.4,10.4,Dropout
120,612.5889999999999,72.231,64.011,148.87300000000002,93.89599999999999,53.292,10.4,10.4,81.8,44.759,10.4,10.4,56.808,10.4,31.826,10.4,10.4,10.4,10.4,10.4,10.4,10.4,10.4,10.4,10.4,10.4,10.4,10.4,10.4,144.273,Dropout
121,2106.41,156.457,141.92499999999998,127.36199999999998,87.466,126.523,7.8,141.169,116.54299999999999,114.779,70.03399999999999,112.116,103.185,95.097,155.849,143.594,82.84400000000001,7.8,151.154,102.929,91.63,52.306,101.456,79.011,80.881,7.8,137.117,68.123,105.80000000000001,143.03,Pass
122,54.417,10.4,10.4,10.4,10.4,10.4,10.4,10.4,10.4,10.4,10.4,10.4,10.4,10.4,10.4,10.4,10.4,10.4,10.4,10.4,10.4,10.4,10.4,10.4,10.4,10.4,10.4,10.4,10.4,10.4,Dropout
123,1345.015,60.547,10.4,58.809,66.82300000000001,10.4,10.4,65.117,32.42,10.4,10.4,10.4,82.386,56.141999999999996,68.56099999999999,43.092,46.067,10.4,249.553,10.4,40.256,10.4,10.4,10.4,10.4,10.4,10.4,10.4,10.4,262.313,Fail
124,54.417,10.4,10.4,10.4,10.4,10.4,10.4,10.4,10.4,10.4,10.4,10.4,10.4,10.4,10.4,10.4,10.4,10.4,10.4,10.4,10.4,10.4,10.4,10.4,10.4,10.4,10.4,10.4,10.4,10.4,Dropout
125,1152.673,186.816,124.07000000000001,132.388,134.708,190.53,7.8,153.777,50.525000000000006,53.143,91.481,133.317,190.13,175.618,140.2,72.99300000000001,7.8,7.8,209.685,139.087,175.149,135.565,69.769,127.98400000000001,70.822,7.8,51.879,52.07600000000001,81.52200000000002,253.26299999999998,Pass
126,127.099,10.4,10.4,10.4,10.4,10.4,10.4,10.4,10.4,10.4,10.4,10.4,10.4,10.4,10.4,10.4,10.4,10.4,10.4,10.4,10.4,10.4,10.4,10.4,10.4,10.4,10.4,10.4,10.4,10.4,Fail
127,1215.885,52.193,57.934,103.228,87.038,10.4,10.4,10.4,69.988,87.94800000000001,10.4,55.650999999999996,93.67599999999999,91.231,81.45400000000001,91.366,64.02999999999999,10.4,154.75199999999998,77.458,102.87100000000001,17.892,30.384,31.116999999999997,35.687,10.4,40.284,46.776,44.717,125.472,Pass
128,54.417,10.4,10.4,10.4,10.4,10.4,10.4,10.4,10.4,10.4,10.4,10.4,10.4,10.4,10.4,10.4,10.4,10.4,10.4,10.4,10.4,10.4,10.4,10.4,10.4,10.4,10.4,10.4,10.4,10.4,Dropout
129,147.909,53.827,10.4,75.209,87.375,80.967,10.4,54.142,10.4,10.4,10.4,10.4,10.4,10.4,10.4,10.4,10.4,10.4,10.4,10.4,10.4,10.4,10.4,10.4,10.4,10.4,10.4,10.4,10.4,10.4,Fail
130,999.071,61.946000000000005,106.957,69.58200000000001,85.98700000000001,52.109,7.8,50.809000000000005,84.061,43.342,7.8,7.8,75.057,45.928999999999995,30.501,7.8,7.8,7.8,234.588,7.8,39.471000000000004,53.962,25.759,95.689,42.19199999999999,7.8,36.659000000000006,41.634,38.092,44.778000000000006,Pass
131,1535.7379999999998,137.939,106.75800000000001,-14.382000000000003,-2.842000000000006,71.12899999999999,10.4,7.216999999999999,24.832999999999995,7.2989999999999995,106.846,109.78600000000002,118.51400000000001,130.292,114.183,86.37899999999999,23.586999999999996,10.4,289.225,24.512,61.564,62.855000000000004,43.092,65.229,58.687,10.4,51.154,52.887,37.992,144.433,Pass
132,54.417,10.4,10.4,10.4,10.4,10.4,10.4,10.4,10.4,10.4,10.4,10.4,10.4,10.4,10.4,10.4,10.4,10.4,10.4,10.4,10.4,10.4,10.4,10.4,10.4,10.4,10.4,10.4,10.4,10.4,Dropout
133,48.995999999999995,10.4,10.4,10.4,10.4,10.4,10.4,10.4,10.4,10.4,10.4,10.4,10.4,10.4,10.4,10.4,10.4,10.4,10.4,10.4,10.4,10.4,10.4,10.4,10.4,10.4,10.4,10.4,10.4,10.4,Dropout
134,272.22200000000004,62.729000000000006,67.601,10.4,25.658,10.4,10.4,10.4,10.4,10.4,10.4,10.4,10.4,10.4,10.4,10.4,10.4,10.4,10.4,10.4,10.4,10.4,10.4,10.4,10.4,10.4,10.4,10.4,10.4,10.4,Dropout
135,1261.104,48.783,109.17,62.229,51.565,100.246,10.4,157.188,155.69199999999998,150.61899999999997,144.517,205.479,153.874,399.091,61.376999999999995,187.42699999999996,27.192999999999998,10.4,414.623,388.63899999999995,157.075,42.257,63.67699999999999,179.47299999999998,85.981,10.4,185.53099999999998,64.107,175.862,437.682,Pass
136,352.012,46.184000000000005,10.4,72.80199999999999,103.35000000000001,34.516999999999996,10.4,35.536,81.537,35.309,10.4,10.4,10.4,10.4,10.4,10.4,10.4,10.4,10.4,10.4,10.4,10.4,10.4,10.4,10.4,10.4,10.4,10.4,10.4,10.4,Dropout
137,837.752,146.121,223.053,181.084,104.922,187.307,10.4,106.24200000000002,37.897999999999996,10.4,10.4,10.4,10.4,10.4,10.4,10.4,10.4,10.4,108.117,10.4,10.4,10.4,10.4,10.4,10.4,10.4,10.4,10.4,10.4,142.542,Dropout
138,1283.826,171.935,132.99,223.16399999999996,97.46300000000001,234.108,10.4,216.598,157.439,85.648,120.374,97.774,165.258,182.544,129.167,121.776,125.06099999999999,10.4,343.351,92.827,97.007,66.567,10.4,66.208,60.419,10.4,52.99,47.017,59.717,275.43,Pass
139,1722.6470000000002,117.464,121.14499999999998,266.287,148.425,148.25799999999998,10.4,174.8,185.37900000000002,95.309,202.915,94.04299999999999,96.48700000000001,75.132,74.276,46.759,10.4,10.4,156.625,120.57700000000001,202.302,130.91899999999998,57.556999999999995,67.064,114.38999999999999,10.4,51.23,70.744,59.997,291.38,Pass
140,2689.943,100.60200000000002,155.099,167.444,122.41699999999997,141.74,7.8,205.618,183.32299999999998,251.386,183.261,162.72,126.13300000000001,132.679,135.197,172.86700000000002,81.931,7.8,279.278,156.77700000000002,198.36700000000002,122.3,53.82000000000001,108.147,136.01,7.8,118.182,149.29500000000002,163.99499999999998,367.21,Pass
141,286.377,85.11299999999999,77.418,55.292,75.138,129.672,10.4,63.51700000000001,10.4,10.4,10.4,10.4,10.4,10.4,10.4,10.4,10.4,10.4,10.4,10.4,10.4,10.4,10.4,10.4,10.4,10.4,10.4,10.4,10.4,128.942,Dropout
142,2225.846,144.868,155.468,211.248,132.88599999999997,243.803,10.4,189.155,193.024,82.30799999999999,102.47400000000002,97.262,182.809,145.103,145.563,183.466,127.193,10.4,321.47099999999995,149.973,179.357,156.12800000000004,130.261,136.648,153.077,10.4,165.645,190.683,166.291,334.358,Pass
143,94.938,10.4,10.4,10.4,10.4,10.4,10.4,10.4,10.4,10.4,10.4,10.4,10.4,10.4,10.4,10.4,10.4,10.4,10.4,10.4,10.4,10.4,10.4,10.4,10.4,10.4,10.4,10.4,10.4,10.4,Dropout
144,2215.2929999999997,205.25799999999998,331.885,197.836,122.06,256.82099999999997,10.4,276.204,393.58399999999995,356.73699999999997,225.36900000000003,316.68500000000006,238.63899999999998,209.17099999999996,170.47,235.579,190.17,10.4,271.817,178.993,151.559,108.032,152.51,131.20200000000003,113.07600000000002,10.4,144.29999999999998,105.88400000000001,191.031,385.591,Pass
145,2177.916,147.386,154.007,185.801,114.639,160.18400000000003,10.4,242.24900000000002,278.44399999999996,290.903,162.112,175.72000000000003,174.634,168.178,142.438,161.793,106.181,10.4,215.84,150.15800000000002,178.08499999999998,134.017,127.679,110.242,142.188,10.4,189.24399999999997,99.71199999999999,198.49699999999999,404.86600000000004,Pass
146,1652.6000000000001,124.405,116.769,191.24099999999999,83.773,221.864,10.4,236.62199999999999,131.373,82.595,65.15,192.333,189.828,168.45999999999998,134.376,4.904999999999998,1.4419999999999984,10.4,339.317,145.789,156.26999999999998,70.607,54.333,109.981,97.469,10.4,44.323,48.605000000000004,86.369,267.543,Pass
147,1856.2070000000003,143.454,70.916,117.582,114.899,211.289,7.8,191.244,198.738,116.653,121.59699999999998,68.569,76.686,39.059,31.904999999999998,43.009,7.8,7.8,353.437,58.101,103.58800000000001,47.867,7.8,7.8,7.8,7.8,7.8,7.8,7.8,221.214,Fail
148,2319.7789999999995,136.972,126.04299999999999,150.667,106.333,138.341,7.8,216.185,150.32,111.22300000000001,111.987,143.816,218.21499999999997,162.006,146.105,80.757,81.599,7.8,219.402,161.32999999999998,212.397,131.813,103.92499999999998,145.807,136.94299999999998,7.8,104.69399999999999,74.152,203.371,324.972,Pass
149,223.98700000000002,62.025999999999996,73.69500000000001,10.4,58.392,10.4,10.4,10.4,10.4,10.4,10.4,10.4,10.4,10.4,10.4,10.4,10.4,10.4,105.56700000000001,10.4,10.4,10.4,10.4,10.4,10.4,10.4,10.4,10.4,10.4,140.417,Dropout
150,54.417,10.4,10.4,10.4,10.4,10.4,10.4,10.4,10.4,10.4,10.4,10.4,10.4,10.4,10.4,10.4,10.4,10.4,10.4,10.4,10.4,10.4,10.4,10.4,10.4,10.4,10.4,10.4,10.4,10.4,Dropout
151,1762.7759999999998,94.72,87.134,118.69,85.01299999999998,129.796,10.4,176.886,72.494,88.109,83.845,10.4,164.80200000000002,161.74699999999999,119.382,80.93599999999999,93.011,10.4,207.036,136.855,128.445,102.29400000000001,72.786,70.788,94.98299999999999,10.4,77.249,48.617,71.24,218.734,Pass
152,54.297,7.8,7.8,7.8,7.8,7.8,7.8,7.8,7.8,7.8,7.8,7.8,7.8,7.8,7.8,7.8,7.8,7.8,7.8,7.8,7.8,7.8,7.8,7.8,7.8,7.8,7.8,7.8,7.8,7.8,Dropout
153,182.675,100.17599999999999,57.668,7.8,7.8,7.8,7.8,7.8,7.8,7.8,7.8,7.8,7.8,7.8,7.8,7.8,7.8,7.8,7.8,7.8,7.8,7.8,7.8,7.8,7.8,7.8,7.8,7.8,7.8,146.74200000000002,Fail
154,1665.8799999999999,159.75699999999998,95.718,160.841,111.615,194.7,10.4,85.96199999999999,215.26299999999998,116.247,52.284000000000006,104.156,135.425,76.838,59.856,50.859,10.4,10.4,10.4,10.4,10.4,10.4,10.4,10.4,10.4,10.4,10.4,10.4,10.4,181.549,Fail
155,2407.129,209.66899999999998,171.681,378.54499999999996,136.676,355.31199999999995,7.8,483.06899999999996,115.14699999999999,71.539,44.00900000000001,112.254,200.26299999999998,150.519,100.233,168.338,61.85900000000001,7.8,288.70599999999996,95.946,128.25300000000001,132.733,79.29299999999999,118.624,66.425,7.8,60.72999999999999,46.742,132.643,330.747,Pass
156,2200.419,174.37900000000002,183.573,323.13599999999997,126.33,159.928,7.8,77.128,238.732,85.07499999999999,83.536,185.122,7.8,7.8,7.8,7.8,7.8,7.8,113.11699999999999,7.8,7.8,7.8,7.8,7.8,7.8,7.8,7.8,7.8,7.8,177.822,Dropout
157,2123.298,103.612,40.585,236.392,96.656,124.28999999999999,7.8,193.994,139.812,76.312,55.803,75.515,136.214,172.873,97.20700000000001,131.914,7.8,7.8,149.118,7.8,35.46,7.8,7.8,149.937,110.46799999999999,7.8,121.582,7.8,121.428,128.419,Pass
158,230.91,60.693,10.4,10.4,19.738999999999997,10.4,10.4,10.4,22.342999999999996,10.4,10.4,10.4,10.4,10.4,10.4,10.4,10.4,10.4,10.4,10.4,10.4,10.4,10.4,10.4,10.4,10.4,10.4,10.4,10.4,10.4,Fail
159,1572.861,128.053,118.185,160.385,147.542,116.69,10.4,16.749,126.381,165.579,31.809999999999995,30.0,62.9,68.143,94.644,102.803,83.00500000000001,10.4,332.815,92.89699999999999,118.904,83.12400000000001,86.243,78.57900000000001,58.840999999999994,10.4,109.749,88.819,99.17399999999999,220.70499999999998,Pass
160,1961.97,168.522,151.63700000000003,114.95899999999999,112.79100000000001,92.64500000000001,10.4,128.77100000000002,152.652,96.732,61.483000000000004,166.878,66.25,39.233999999999995,74.19800000000001,45.184,73.797,10.4,107.027,54.56699999999999,97.10900000000001,61.51700000000001,91.172,107.101,114.94999999999999,10.4,116.43199999999999,80.88400000000001,130.11399999999998,255.84999999999997,Pass
161,54.417,10.4,10.4,10.4,10.4,10.4,10.4,10.4,10.4,10.4,10.4,10.4,10.4,10.4,10.4,10.4,10.4,10.4,10.4,10.4,10.4,10.4,10.4,10.4,10.4,10.4,10.4,10.4,10.4,10.4,Dropout
162,1233.669,102.905,112.577,212.471,164.71099999999998,219.517,10.4,205.68800000000002,149.45899999999997,147.141,106.765,183.402,234.105,195.59300000000002,156.647,68.38600000000001,87.552,10.4,201.54999999999998,138.97799999999998,151.83599999999998,124.105,64.9,132.894,163.821,10.4,66.43,72.19,121.474,275.097,Pass
163,515.681,76.211,10.4,54.56699999999999,76.784,10.4,10.4,10.4,33.914,10.4,10.4,10.4,10.4,10.4,10.4,10.4,10.4,10.4,10.4,10.4,10.4,10.4,10.4,10.4,10.4,10.4,10.4,10.4,10.4,10.4,Dropout
164,2943.183,85.673,146.298,267.957,121.51899999999998,251.784,10.4,239.88200000000003,179.91899999999998,105.414,101.08,97.87700000000001,201.549,164.74699999999999,143.94,84.29599999999999,10.4,10.4,246.07999999999996,120.959,156.164,104.536,31.583999999999996,100.947,50.587,10.4,64.55799999999999,10.4,89.508,339.97799999999995,Pass
165,1086.1390000000001,65.686,105.74799999999999,168.47699999999998,75.904,122.29599999999999,10.4,119.01599999999999,36.403999999999996,14.357,13.934,76.193,92.57300000000001,75.841,69.67699999999999,25.612000000000002,29.587,10.4,273.351,56.857,138.07,74.754,65.69,80.476,65.68100000000001,10.4,73.887,85.175,110.03399999999999,263.345,Pass
166,1567.193,122.638,313.16700000000003,153.28900000000002,97.136,161.203,10.4,114.51799999999999,190.513,207.656,77.751,163.507,140.13,153.607,121.061,91.821,86.303,10.4,185.359,121.78400000000002,171.98299999999998,35.167,43.659,51.213,43.092,10.4,10.4,10.4,52.142,134.525,Fail
167,562.642,114.611,98.85100000000001,88.233,78.364,57.117,10.4,10.4,80.13300000000001,10.4,10.4,10.4,10.4,10.4,10.4,10.4,10.4,10.4,10.4,10.4,10.4,10.4,10.4,10.4,10.4,10.4,10.4,10.4,10.4,10.4,Dropout
168,640.6990000000001,78.899,10.4,10.4,87.415,10.4,10.4,-26.183,40.153999999999996,10.4,54.584999999999994,55.409,-9.183000000000005,77.326,42.32899999999999,10.4,10.4,10.4,142.287,53.751000000000005,119.606,10.4,51.709,31.542,37.817,10.4,39.284,10.4,71.717,107.46499999999999,Pass
169,844.107,10.4,10.4,28.111999999999995,62.30800000000001,10.4,10.4,2.1979999999999986,7.688999999999998,3.0839999999999996,113.902,76.56700000000001,7.5440000000000005,10.4,35.590999999999994,82.781,10.4,10.4,170.85099999999997,10.4,35.774,10.4,89.838,42.544,52.14,10.4,47.711,42.11699999999999,64.392,110.648,Pass
170,1403.5629999999999,147.577,10.4,29.217000000000002,113.978,-27.412999999999997,10.4,-19.463,75.57499999999999,50.584,50.042,97.61600000000001,64.04499999999999,46.20100000000001,28.619,10.4,10.4,10.4,269.797,29.916999999999994,63.025,10.4,10.4,61.99100000000001,24.817,10.4,35.166000000000004,10.4,55.63300000000001,230.584,Pass
171,54.417,10.4,10.4,10.4,29.206999999999997,10.4,10.4,10.4,10.4,10.4,10.4,10.4,10.4,10.4,10.4,10.4,10.4,10.4,10.4,10.4,10.4,10.4,10.4,10.4,10.4,10.4,10.4,10.4,10.4,10.4,Dropout
172,1201.711,84.947,4.416999999999998,107.673,115.96600000000001,75.31700000000001,10.4,53.257999999999996,69.44999999999999,40.542,10.4,51.134,116.93299999999999,143.101,76.563,10.4,66.009,10.4,250.9,61.194,116.50899999999999,60.48400000000001,39.233999999999995,21.416999999999998,29.817,10.4,47.63699999999999,10.4,82.234,56.59100000000001,Pass
173,610.869,114.422,78.4,70.851,31.313,10.4,10.4,10.4,30.692,52.867,58.784000000000006,58.084,10.4,10.4,10.4,10.4,10.4,10.4,10.4,10.4,10.4,10.4,10.4,10.4,10.4,10.4,10.4,10.4,10.4,10.4,Dropout
174,2087.511,147.542,165.999,212.03,100.981,220.419,10.4,399.817,333.376,225.81,157.495,226.292,213.177,254.078,235.54299999999998,115.221,60.778999999999996,10.4,384.74500000000006,176.76399999999998,239.424,159.62,136.675,149.745,166.979,10.4,165.898,133.446,160.484,351.082,Pass
175,54.417,10.4,10.4,10.4,10.4,10.4,10.4,10.4,10.4,10.4,10.4,10.4,10.4,10.4,10.4,10.4,10.4,10.4,10.4,10.4,10.4,10.4,10.4,10.4,10.4,10.4,10.4,10.4,10.4,10.4,Dropout
176,1632.227,116.429,139.358,213.91000000000003,35.384,255.273,10.4,258.74,157.707,106.328,125.517,185.749,145.584,111.01200000000001,106.77600000000001,100.77,96.745,10.4,163.889,76.893,63.337,57.262,47.94200000000001,68.923,92.13999999999999,10.4,67.09,55.909,113.936,278.443,Pass
177,586.443,115.75800000000001,7.8,61.467000000000006,65.567,7.8,7.8,7.8,7.8,7.8,7.8,7.8,7.8,7.8,7.8,7.8,7.8,7.8,7.8,7.8,7.8,7.8,7.8,7.8,7.8,7.8,7.8,7.8,7.8,163.301,Dropout
178,2955.6940000000004,185.432,181.50900000000001,388.82,158.459,409.516,10.4,419.083,323.841,286.58500000000004,218.966,240.168,372.557,415.42199999999997,380.82499999999993,186.99099999999999,150.553,10.4,504.962,292.24399999999997,300.754,272.766,136.072,328.55,297.395,10.4,68.78,78.057,334.029,411.705,Pass
179,2962.406,133.632,155.66299999999998,246.22699999999998,115.73500000000001,250.03400000000005,7.8,256.932,127.707,176.799,208.431,166.088,254.53400000000002,163.74599999999998,155.324,105.83999999999999,54.084,7.8,277.751,202.27299999999997,210.519,192.581,106.15599999999999,154.227,179.716,7.8,198.339,132.035,247.45099999999996,358.56500000000005,Pass
180,630.085,85.67699999999999,10.4,116.63399999999999,33.83,141.266,10.4,122.156,127.42599999999999,53.292,10.4,10.4,10.4,10.4,10.4,10.4,10.4,10.4,10.4,10.4,10.4,10.4,10.4,10.4,10.4,10.4,10.4,10.4,10.4,148.917,Dropout
181,152.183,7.8,54.516999999999996,7.8,21.626999999999995,7.8,7.8,7.8,13.658999999999999,7.8,7.8,7.8,7.8,7.8,20.133,7.8,7.8,7.8,105.63399999999999,7.8,7.8,7.8,7.8,7.8,7.8,7.8,7.8,7.8,7.8,7.8,Fail
182,242.24399999999997,7.8,7.8,-37.257999999999996,24.615,-33.308,7.8,-21.488,13.658999999999999,7.8,7.8,7.8,-5.992000000000001,-10.357999999999999,12.668999999999997,-3.9829999999999988,3.991999999999999,7.8,7.884,73.34200000000001,27.887,17.162,20.359,105.21600000000001,59.355,7.8,38.259,31.717,90.46099999999998,78.49100000000001,Pass
183,77.136,10.4,10.4,10.4,10.4,10.4,10.4,10.4,10.4,10.4,10.4,10.4,10.4,10.4,10.4,10.4,10.4,10.4,10.4,10.4,10.4,10.4,10.4,10.4,10.4,10.4,10.4,10.4,10.4,10.4,Dropout
184,469.94500000000005,92.98,7.8,90.149,67.037,7.8,7.8,7.8,7.8,7.8,7.8,7.8,7.8,7.8,7.8,7.8,7.8,7.8,108.84400000000002,7.8,7.8,7.8,7.8,7.8,7.8,7.8,7.8,7.8,7.8,145.89200000000002,Dropout
185,1267.6779999999999,94.643,53.359,7.8,98.303,85.428,7.8,107.221,46.694,7.8,7.8,78.249,60.567,64.059,35.861999999999995,7.8,51.509,7.8,7.8,7.8,34.668,7.8,7.8,7.8,7.8,7.8,7.8,7.8,7.8,83.142,Fail
186,115.46499999999999,10.4,10.4,10.4,10.4,10.4,10.4,10.4,10.4,10.4,10.4,10.4,10.4,10.4,10.4,10.4,10.4,10.4,10.4,10.4,10.4,10.4,10.4,10.4,10.4,10.4,10.4,10.4,10.4,10.4,Dropout
187,690.9770000000001,99.94300000000001,120.41499999999999,40.641999999999996,28.302,7.8,7.8,7.8,34.8,155.318,39.209,46.184,58.217000000000006,50.142,43.416,7.8,7.8,7.8,42.17,7.8,42.708,7.8,7.8,7.8,7.8,7.8,7.8,7.8,85.772,7.8,Pass
188,1769.591,178.659,149.066,201.14200000000002,112.70299999999999,215.51999999999998,10.4,218.851,262.632,195.394,237.91400000000004,175.178,246.46,257.012,196.098,164.257,138.766,10.4,399.81399999999996,189.168,264.046,176.195,125.87700000000001,204.43699999999998,182.99699999999999,10.4,108.68599999999999,87.065,207.66299999999998,297.387,Pass
189,88.081,10.4,10.4,10.4,30.202999999999996,10.4,10.4,10.4,28.211,10.4,10.4,10.4,10.4,10.4,10.4,10.4,10.4,10.4,10.4,10.4,10.4,10.4,10.4,10.4,10.4,10.4,10.4,10.4,10.4,10.4,Fail
190,54.417,10.4,10.4,10.4,10.4,10.4,10.4,10.4,10.4,10.4,10.4,10.4,10.4,10.4,10.4,10.4,10.4,10.4,10.4,10.4,10.4,10.4,10.4,10.4,10.4,10.4,10.4,10.4,10.4,10.4,Dropout
191,2108.654,178.95300000000003,162.5,195.78799999999998,121.79599999999999,168.24599999999998,10.4,127.512,187.052,155.899,128.458,174.106,157.344,95.60199999999999,114.87700000000001,67.84899999999999,52.442,10.4,266.832,57.809,114.98199999999999,84.045,41.542,63.184,68.446,10.4,49.708999999999996,54.174,93.131,286.55,Pass
192,693.895,10.4,10.4,10.4,27.214999999999996,10.4,10.4,51.74199999999999,21.287,10.4,10.4,10.4,10.4,77.10900000000001,25.382,10.4,10.4,10.4,10.4,10.4,10.4,10.4,10.4,10.4,10.4,10.4,10.4,10.4,10.4,10.4,Dropout
193,1643.011,156.161,209.94,123.39699999999999,105.235,158.164,10.4,152.882,253.32799999999997,168.483,136.832,66.703,90.826,64.715,79.579,96.03000000000002,74.086,10.4,158.029,47.662000000000006,119.213,68.06700000000001,110.624,22.691999999999997,26.242,10.4,37.192,10.4,69.56700000000001,56.197,Pass
194,1766.92,119.149,217.32699999999997,179.537,123.44399999999999,174.579,7.8,162.19,205.216,115.661,19.108,87.306,202.72599999999997,189.282,167.675,88.616,89.336,7.8,282.65900000000005,177.72799999999998,197.67000000000002,163.619,153.96800000000002,151.68900000000002,160.93200000000002,7.8,167.299,124.571,135.39600000000002,389.401,Pass
195,860.7750000000001,50.643,29.360999999999997,72.321,97.42999999999999,129.88299999999998,10.4,142.729,198.146,117.56099999999999,107.78499999999998,73.027,160.597,52.855,79.325,93.493,67.799,10.4,119.956,67.461,78.449,64.124,52.589,58.028,76.101,10.4,56.382999999999996,52.66799999999999,69.89,291.051,Pass
196,966.9530000000001,52.134,51.592,13.091999999999999,28.529,10.4,10.4,56.419,23.954,10.4,32.917,-4.732999999999999,96.573,56.319,69.87899999999999,10.4,10.4,10.4,145.05200000000002,49.642,100.81200000000001,10.4,10.4,10.4,92.771,10.4,50.772999999999996,40.117,84.902,231.225,Pass
197,1813.6100000000001,133.885,133.972,168.06400000000002,159.553,189.445,10.4,156.394,163.765,129.976,100.75,158.111,193.27399999999997,166.557,167.52700000000002,90.507,72.848,10.4,277.983,165.149,215.154,170.851,167.326,142.129,141.731,10.4,74.53699999999999,72.847,131.728,350.11999999999995,Pass
198,449.591,106.872,49.417,59.358999999999995,84.27099999999999,59.766,7.8,7.8,56.184000000000005,7.8,7.8,7.8,7.8,7.8,7.8,7.8,7.8,7.8,7.8,7.8,7.8,7.8,7.8,7.8,7.8,7.8,7.8,7.8,7.8,7.8,Dropout
199,344.838,63.426,93.90400000000001,93.965,86.59100000000001,86.026,10.4,59.742,10.4,10.4,10.4,10.4,10.4,75.10900000000001,10.4,10.4,10.4,10.4,10.4,10.4,10.4,10.4,10.4,10.4,10.4,10.4,10.4,10.4,10.4,146.692,Fail
200,994.048,104.649,97.66499999999999,199.008,100.524,159.264,10.4,134.56,94.392,10.4,58.33,51.134,10.4,10.4,40.82,10.4,10.4,10.4,10.4,10.4,10.4,10.4,10.4,10.4,10.4,10.4,10.4,10.4,10.4,175.676,Dropout
201,1602.0720000000001,118.196,105.75299999999999,112.349,124.46699999999998,178.838,10.4,108.825,115.458,138.712,170.946,101.425,97.83600000000001,364.11899999999997,100.52499999999999,131.088,2.7169999999999987,10.4,318.18499999999995,95.311,134.028,86.338,71.37700000000001,87.367,10.4,10.4,45.167,53.729,56.69199999999999,124.962,Fail
202,770.7139999999999,72.49199999999999,55.416999999999994,58.392,35.003,10.4,10.4,10.4,29.402,10.4,10.4,10.4,10.4,45.233999999999995,34.331,10.4,10.4,10.4,120.81700000000001,10.4,36.404,10.4,10.4,10.4,10.4,10.4,10.4,10.4,38.141999999999996,215.74200000000002,Pass
203,5796.865000000001,144.538,103.28399999999999,175.83100000000002,115.887,196.961,7.8,221.789,167.195,38.484,70.793,69.906,76.81700000000001,98.887,41.412,55.009,7.8,7.8,365.319,37.339,46.941,31.566999999999997,7.8,70.434,34.041,7.8,79.858,7.8,109.215,303.39,Pass
204,2422.73,252.767,231.803,200.40099999999998,142.91,209.485,7.8,204.66400000000002,219.73199999999997,295.538,199.574,154.62699999999998,170.976,151.119,158.30200000000002,100.03800000000001,65.825,7.8,237.841,161.265,197.489,151.53300000000002,79.67500000000001,113.376,100.524,7.8,67.234,96.83000000000001,118.673,284.246,Pass
205,1715.8070000000002,148.23,144.99,112.62100000000001,131.029,81.752,10.4,55.013999999999996,143.088,88.19299999999998,92.91499999999999,96.384,123.71799999999999,50.353,104.834,84.669,81.28399999999999,10.4,207.226,35.355,81.795,30.658,10.4,71.609,63.903,10.4,88.995,36.717,126.216,128.178,Pass
206,1070.891,58.518,7.8,64.186,78.055,142.35199999999998,7.8,-14.363999999999997,30.201,28.676000000000002,77.613,89.182,-5.808000000000002,40.059000000000005,39.288,7.8,7.8,7.8,247.90800000000002,28.983999999999995,71.137,7.8,7.8,39.617,29.592,7.8,7.8,7.8,90.256,93.731,Pass
207,460.20000000000005,114.726,127.61200000000001,202.15,10.4,10.4,10.4,10.4,10.4,10.4,10.4,10.4,10.4,10.4,10.4,10.4,10.4,10.4,10.4,10.4,10.4,10.4,10.4,10.4,10.4,10.4,10.4,10.4,10.4,153.059,Dropout
208,1400.73,148.546,181.437,267.871,110.145,153.636,10.4,105.56400000000002,30.945999999999998,80.852,101.51,132.45999999999998,74.64399999999999,38.442,21.298,118.06199999999998,1.4419999999999984,10.4,37.992000000000004,10.4,40.241,10.4,19.291999999999998,25.241,26.392,10.4,43.166000000000004,39.167,10.4,290.182,Pass
209,78.749,10.4,10.4,10.4,10.4,10.4,10.4,10.4,10.4,10.4,10.4,10.4,10.4,10.4,10.4,10.4,10.4,10.4,10.4,10.4,10.4,10.4,10.4,10.4,10.4,10.4,10.4,10.4,10.4,10.4,Dropout
210,1948.4759999999999,111.347,147.71299999999997,167.10199999999998,78.255,132.627,10.4,149.245,131.626,95.126,77.821,136.823,197.42399999999998,163.899,150.11599999999999,103.38199999999999,119.59099999999998,10.4,237.80300000000003,147.677,149.355,152.436,97.916,90.074,34.647,10.4,118.40899999999999,51.606,98.816,371.79099999999994,Pass
211,59.196000000000005,10.4,10.4,10.4,10.4,10.4,10.4,10.4,10.4,10.4,10.4,10.4,10.4,10.4,10.4,10.4,10.4,10.4,10.4,10.4,10.4,10.4,10.4,10.4,10.4,10.4,10.4,10.4,10.4,10.4,Dropout
212,846.424,135.042,104.99199999999999,-40.25800000000001,-22.142000000000003,136.91699999999997,7.8,139.871,144.093,143.12099999999998,98.30699999999999,124.301,89.771,110.05000000000001,146.787,37.958999999999996,85.729,7.8,60.40199999999999,7.8,39.78,7.8,21.784000000000002,7.8,7.8,7.8,32.684,34.659000000000006,88.255,98.765,Pass
213,59.281,41.391999999999996,10.4,10.4,10.4,10.4,10.4,10.4,10.4,10.4,10.4,10.4,10.4,10.4,10.4,10.4,10.4,10.4,10.4,10.4,10.4,10.4,10.4,10.4,10.4,10.4,10.4,10.4,10.4,10.4,Fail
214,700.967,103.72699999999999,102.583,115.47899999999998,-8.117000000000004,138.429,10.4,138.15300000000002,34.646,10.4,10.4,10.4,90.489,10.4,38.081,10.4,10.4,10.4,18.767,11.792,32.288,63.69200000000001,50.184,68.358,74.333,10.4,50.521,34.592,53.705,95.17800000000001,Pass
215,76.07900000000001,10.4,10.4,10.4,10.4,10.4,10.4,10.4,10.4,10.4,10.4,10.4,10.4,10.4,10.4,10.4,10.4,10.4,51.768,10.4,10.4,10.4,10.4,10.4,10.4,10.4,10.4,10.4,10.4,10.4,Fail
216,240.96399999999997,121.868,70.855,7.8,7.8,7.8,7.8,7.8,7.8,7.8,7.8,7.8,7.8,7.8,7.8,7.8,7.8,7.8,7.8,7.8,7.8,7.8,7.8,7.8,7.8,7.8,7.8,7.8,7.8,142.962,Dropout
217,59.621,10.4,10.4,10.4,10.4,10.4,10.4,10.4,10.4,10.4,10.4,10.4,10.4,10.4,10.4,10.4,10.4,10.4,10.4,10.4,10.4,10.4,10.4,10.4,10.4,10.4,10.4,10.4,10.4,10.4,Dropout
218,4314.009,174.013,160.072,201.91899999999998,164.647,249.32599999999996,10.4,192.09,223.204,214.37900000000002,184.08700000000002,197.924,176.89200000000002,173.274,142.194,130.61700000000002,110.075,10.4,321.419,95.771,180.183,72.81899999999999,98.766,78.539,80.476,10.4,57.705,104.337,59.688,343.471,Pass
219,2293.0719999999997,230.14499999999998,290.259,178.96499999999997,165.98000000000002,172.49,10.4,207.988,312.801,297.976,236.568,267.396,211.674,195.435,159.511,213.27,222.697,10.4,208.003,143.43999999999997,181.677,137.119,89.172,178.45399999999998,176.17600000000002,10.4,147.835,63.879999999999995,192.962,317.082,Pass
220,1577.7430000000002,152.397,153.71099999999998,180.995,126.43800000000002,245.977,10.4,169.753,176.761,159.491,90.864,192.305,147.739,152.941,121.352,56.16,63.87100000000001,10.4,296.345,66.458,114.72,10.4,10.4,10.4,10.4,10.4,10.4,10.4,10.4,141.84199999999998,Dropout
221,54.417,10.4,10.4,10.4,10.4,10.4,10.4,10.4,10.4,10.4,10.4,10.4,10.4,10.4,10.4,10.4,10.4,10.4,10.4,10.4,10.4,10.4,10.4,10.4,10.4,10.4,10.4,10.4,10.4,10.4,Dropout
222,1231.5489999999998,97.009,64.452,118.71300000000001,94.636,130.345,10.4,121.737,130.508,146.63899999999998,131.778,169.012,159.627,136.947,128.138,71.211,53.833999999999996,10.4,176.658,112.78800000000001,144.596,117.83500000000001,115.56199999999998,142.604,115.721,10.4,155.237,133.39000000000001,123.374,367.50800000000004,Pass
223,2265.011,159.738,125.607,234.201,117.79499999999999,217.22799999999998,7.8,192.15200000000002,202.45499999999998,242.19299999999998,102.298,130.64,175.941,207.693,178.772,251.894,82.692,7.8,318.491,179.67199999999997,248.532,130.416,113.88,144.671,151.20799999999997,7.8,125.13300000000001,93.631,199.769,367.681,Pass
224,1047.418,122.38499999999999,100.208,314.63,92.323,117.672,10.4,53.717,77.887,10.4,10.4,10.4,10.4,10.4,10.4,10.4,10.4,10.4,111.693,10.4,10.4,10.4,10.4,10.4,10.4,10.4,10.4,10.4,10.4,10.4,Dropout
225,2132.044,154.85399999999998,166.24699999999999,112.275,94.18499999999999,201.91199999999998,10.4,148.76299999999998,20.858999999999998,73.735,130.452,68.278,116.535,63.040000000000006,52.81400000000001,99.418,15.892,10.4,124.89100000000002,74.55,71.253,45.053,55.907,79.223,32.667,10.4,88.601,10.4,62.541,245.069,Pass
226,1166.175,163.279,248.09399999999997,157.299,133.51,164.715,10.4,148.002,90.893,159.507,53.022,107.11599999999999,74.885,77.469,100.07,105.381,78.872,10.4,10.4,28.321999999999996,46.730000000000004,19.866999999999997,24.842,49.43,59.242,10.4,56.872,36.717,55.292,237.176,Pass
227,978.2740000000001,10.4,10.4,35.367,32.897,45.834,10.4,10.4,72.719,54.644000000000005,10.4,48.15899999999999,72.509,61.684,59.397,32.042,57.480000000000004,10.4,223.746,60.317,98.741,59.221000000000004,56.162000000000006,106.71699999999998,70.178,10.4,72.87899999999999,71.069,100.444,183.116,Pass
228,901.9369999999999,123.72,125.057,109.269,125.94,119.64099999999999,10.4,98.661,146.897,157.654,103.488,98.14099999999999,75.834,71.935,108.457,81.29899999999999,62.859,10.4,98.89200000000001,54.788,80.917,53.449999999999996,59.293000000000006,53.733000000000004,55.706999999999994,10.4,48.797000000000004,48.884,53.126,104.80000000000001,Pass
229,611.925,169.458,226.32,116.10900000000001,29.796,106.753,7.8,85.703,19.86,7.8,7.8,7.8,7.8,7.8,7.8,7.8,7.8,7.8,109.92099999999999,7.8,7.8,7.8,7.8,7.8,7.8,7.8,7.8,7.8,7.8,148.931,Dropout
230,938.0169999999999,59.513000000000005,60.025999999999996,73.217,91.22999999999999,52.834,10.4,10.4,51.416,75.94,34.884,69.15899999999999,39.317,44.292,67.518,10.4,10.4,10.4,58.91199999999999,10.4,42.995000000000005,10.4,10.4,35.692,10.4,10.4,62.13400000000001,10.4,73.93400000000001,270.144,Pass
231,120.997,10.4,10.4,65.06700000000001,10.4,10.4,10.4,10.4,10.4,10.4,10.4,10.4,10.4,10.4,10.4,10.4,10.4,10.4,10.4,10.4,10.4,10.4,10.4,10.4,10.4,10.4,10.4,10.4,10.4,140.417,Dropout
232,615.303,110.168,207.842,106.548,89.01,160.533,7.8,91.336,34.185,7.8,7.8,7.8,7.8,7.8,7.8,7.8,7.8,7.8,7.8,7.8,7.8,7.8,7.8,7.8,7.8,7.8,7.8,7.8,7.8,143.917,Fail
233,3837.2709999999997,107.627,311.735,244.338,118.52900000000001,259.311,7.8,338.948,405.38100000000003,453.205,274.07599999999996,295.81,243.063,281.571,191.28,308.3299999999999,129.72299999999998,7.8,352.691,185.53399999999996,212.51999999999998,184.16299999999998,177.934,194.558,146.94400000000002,7.8,263.03499999999997,167.651,271.096,563.664,Pass
234,2576.643,344.187,633.674,653.9580000000001,151.054,291.297,10.4,153.671,189.873,163.724,59.109,94.325,10.4,10.4,36.967999999999996,10.4,10.4,10.4,10.4,10.4,10.4,10.4,10.4,10.4,10.4,10.4,10.4,10.4,10.4,160.24,Fail
235,647.5020000000001,113.12100000000001,79.713,67.467,102.208,105.84200000000001,10.4,115.465,110.275,88.142,10.4,10.4,10.4,10.4,10.4,10.4,10.4,10.4,113.60900000000001,10.4,10.4,10.4,10.4,10.4,10.4,10.4,10.4,10.4,10.4,159.171,Fail
236,213.163,61.775999999999996,50.742,57.967,30.637999999999998,10.4,10.4,10.4,10.4,10.4,10.4,10.4,10.4,10.4,10.4,10.4,10.4,10.4,105.49400000000001,10.4,10.4,10.4,10.4,10.4,10.4,10.4,10.4,10.4,10.4,10.4,Dropout
237,1156.6440000000002,94.92999999999999,19.717,159.148,105.298,66.889,10.4,-6.064000000000002,41.78399999999999,10.4,10.4,51.134,-0.18300000000000338,10.4,27.363,10.4,10.4,10.4,222.13799999999998,14.642,44.139,40.592,10.4,45.516,33.666999999999994,10.4,36.859,10.4,10.4,101.49100000000001,Pass
238,2333.526,270.086,328.347,245.154,136.845,217.751,10.4,218.56099999999998,116.24699999999999,204.211,189.10899999999998,210.179,244.661,184.83800000000002,159.47199999999998,233.892,187.01100000000002,10.4,298.426,137.94,189.408,166.003,168.736,156.74499999999998,163.065,10.4,154.722,59.152,123.036,333.555,Pass
239,933.8209999999999,7.8,83.185,94.379,25.610999999999997,20.942,7.8,26.892,25.455,7.8,7.8,7.8,45.284,49.259,83.544,7.8,7.8,7.8,108.298,77.43,100.19900000000001,68.542,7.8,7.8,7.8,7.8,51.967,7.8,70.991,94.714,Pass
240,876.844,111.886,69.727,232.95399999999998,113.25999999999999,182.72099999999998,10.4,60.718,34.849999999999994,10.4,10.4,51.166999999999994,10.4,10.4,10.4,10.4,10.4,10.4,10.4,10.4,10.4,10.4,10.4,10.4,10.4,10.4,10.4,10.4,10.4,150.154,Dropout
241,49.870999999999995,10.4,10.4,10.4,10.4,10.4,10.4,10.4,10.4,10.4,10.4,10.4,10.4,10.4,10.4,10.4,10.4,10.4,10.4,10.4,10.4,10.4,10.4,10.4,10.4,10.4,10.4,10.4,10.4,10.4,Dropout
242,330.85400000000004,133.676,133.73399999999998,110.215,74.367,60.092,10.4,10.4,10.4,10.4,10.4,10.4,10.4,10.4,10.4,10.4,10.4,10.4,106.49400000000001,10.4,10.4,10.4,10.4,10.4,10.4,10.4,10.4,10.4,10.4,10.4,Dropout
243,614.5089999999999,107.75800000000001,60.876,10.4,26.915,10.4,10.4,10.4,29.93,10.4,10.4,55.597,10.4,10.4,31.43,10.4,10.4,10.4,10.4,10.4,36.08,52.40899999999999,10.4,10.4,10.4,10.4,10.4,10.4,10.4,10.4,Fail
244,2907.5499999999997,189.779,170.313,170.657,98.07,137.446,10.4,155.319,245.61100000000002,86.17500000000001,123.708,172.364,132.344,136.097,127.952,114.424,6.541999999999999,10.4,144.99200000000002,89.857,127.24799999999999,77.455,86.943,92.899,64.81099999999999,10.4,119.69299999999998,102.00399999999999,61.900999999999996,359.33299999999997,Pass
245,2050.019,129.091,151.157,28.250999999999998,148.206,112.332,10.4,121.702,205.97,218.988,118.86099999999999,59.092,88.286,168.65599999999998,81.484,85.447,90.68999999999998,10.4,198.46599999999998,89.83,136.84199999999998,92.97999999999999,117.65400000000001,80.52300000000001,113.078,10.4,136.13,101.70599999999999,60.54899999999999,258.059,Pass
246,1192.042,130.28,248.108,198.411,141.084,196.63699999999997,10.4,114.976,75.461,10.4,-7.891000000000004,50.709,10.4,10.4,29.912,10.4,10.4,10.4,10.392,15.367,34.487,22.317,10.4,33.711999999999996,10.4,10.4,49.19199999999999,10.4,47.587,212.421,Fail
247,51.81700000000001,7.8,7.8,7.8,7.8,7.8,7.8,7.8,7.8,7.8,7.8,7.8,7.8,7.8,7.8,7.8,7.8,7.8,7.8,7.8,7.8,7.8,7.8,7.8,7.8,7.8,7.8,7.8,7.8,7.8,Dropout
248,429.581,131.087,102.59499999999998,65.35300000000001,74.121,57.967,10.4,68.434,10.4,10.4,10.4,10.4,10.4,10.4,10.4,10.4,10.4,10.4,10.4,10.4,10.4,10.4,10.4,10.4,10.4,10.4,10.4,10.4,10.4,151.019,Dropout
249,1976.8850000000002,184.224,195.204,180.23700000000002,89.777,110.677,7.8,124.993,99.037,48.283,46.016999999999996,68.77099999999999,166.1,86.833,37.473,83.36200000000001,7.8,7.8,210.66299999999998,57.953,128.864,70.896,86.273,23.667,27.642000000000003,7.8,93.60300000000001,7.8,59.412000000000006,99.748,Pass
250,893.6610000000001,94.16399999999999,53.287,67.93700000000001,73.569,48.141999999999996,7.8,7.8,31.314,7.8,7.8,7.8,7.8,7.8,7.8,7.8,7.8,7.8,101.443,7.8,7.8,7.8,7.8,7.8,7.8,7.8,7.8,7.8,7.8,144.641,Dropout
251,745.078,117.881,10.4,10.4,81.162,10.4,10.4,10.4,28.436,10.4,10.4,10.4,10.4,10.4,10.4,10.4,10.4,10.4,102.768,10.4,10.4,10.4,10.4,10.4,10.4,10.4,10.4,10.4,10.4,162.505,Dropout
252,1093.002,167.584,170.513,74.498,82.156,54.44200000000001,7.8,85.569,63.323,93.554,18.542,91.282,31.362,99.56599999999999,62.483999999999995,52.41700000000001,36.391999999999996,7.8,51.247,28.983999999999995,99.71000000000001,33.417,74.21099999999998,7.8,7.8,7.8,7.8,68.11699999999999,7.8,172.491,Fail
253,733.178,122.52299999999998,93.081,129.107,91.36800000000001,80.74000000000001,10.4,75.63300000000001,80.839,10.4,10.4,10.4,10.4,10.4,10.4,10.4,10.4,10.4,10.4,10.4,10.4,10.4,10.4,10.4,10.4,10.4,10.4,10.4,10.4,10.4,Fail
254,446.257,79.80499999999999,10.4,82.53099999999999,90.069,50.742,10.4,10.4,34.031,10.4,10.4,10.4,10.4,10.4,10.4,10.4,10.4,10.4,10.4,10.4,10.4,10.4,10.4,10.4,10.4,10.4,10.4,10.4,10.4,10.4,Dropout
255,54.417,10.4,10.4,10.4,10.4,10.4,10.4,10.4,10.4,10.4,10.4,10.4,10.4,10.4,10.4,10.4,10.4,10.4,10.4,10.4,10.4,10.4,10.4,10.4,10.4,10.4,10.4,10.4,10.4,10.4,Dropout
256,2361.29,100.88099999999999,141.277,133.268,36.995,114.723,10.4,141.33,115.922,27.218999999999994,90.309,108.206,79.957,47.633,52.578,83.244,9.736999999999998,10.4,208.373,58.102000000000004,74.85,68.059,37.16199999999999,34.489999999999995,34.215999999999994,10.4,120.509,57.599999999999994,56.587,268.605,Pass
257,996.479,145.31,164.78900000000002,81.04299999999999,85.399,64.32900000000001,10.4,56.141999999999996,37.4,71.954,47.733999999999995,78.52099999999999,38.766999999999996,98.381,39.281,82.49199999999999,49.009,10.4,49.617000000000004,10.4,46.187,10.4,60.517,10.4,10.4,10.4,10.4,10.4,51.291999999999994,10.4,Pass
258,2067.46,122.985,9.842,63.542,134.639,119.476,10.4,129.191,96.144,83.86999999999999,10.4,10.4,128.043,158.99200000000002,50.742,10.4,10.4,10.4,192.04600000000002,100.947,106.356,35.848,10.4,30.667,10.4,10.4,34.592,51.918000000000006,77.663,187.107,Fail
259,2362.279,183.91200000000003,147.12399999999997,306.04300000000006,128.101,382.892,10.4,378.72900000000004,582.152,314.912,263.01300000000003,509.702,483.92600000000004,322.25600000000003,314.387,341.919,231.453,10.4,363.749,276.81300000000005,329.042,254.01399999999998,307.591,283.949,196.466,10.4,288.397,220.39800000000002,309.96099999999996,480.06499999999994,Pass
260,645.863,67.863,60.776999999999994,10.4,62.949,10.4,10.4,10.4,23.6,10.4,10.4,10.4,10.4,10.4,10.4,10.4,10.4,10.4,114.666,10.4,10.4,10.4,10.4,10.4,10.4,10.4,10.4,10.4,10.4,139.142,Fail
261,3458.903,217.65499999999997,162.021,208.378,135.179,200.74200000000002,7.8,150.19400000000002,253.94099999999997,272.63599999999997,155.92899999999997,201.444,150.412,154.81699999999998,153.33499999999998,162.084,93.896,7.8,313.41200000000003,152.042,193.005,165.266,154.27499999999998,116.491,105.74099999999999,7.8,139.29600000000002,166.039,221.841,397.244,Pass
262,1478.5419999999997,60.092,10.4,77.961,102.718,6.442,10.4,114.905,188.78300000000002,116.05499999999999,152.149,103.88,134.471,135.48499999999999,107.93700000000001,105.416,82.732,10.4,358.68000000000006,88.54899999999999,134.961,94.68199999999999,92.89099999999999,87.61699999999999,92.936,10.4,83.541,73.40899999999999,138.61,347.14099999999996,Pass
263,1378.6119999999999,126.30999999999999,109.404,52.81699999999999,88.825,7.8,7.8,7.8,64.12,45.434000000000005,43.891999999999996,102.012,90.87,58.68,32.376000000000005,40.492000000000004,7.8,7.8,132.733,44.467,34.419,58.342,7.8,43.617000000000004,30.617000000000004,7.8,34.542,7.8,147.197,273.04200000000003,Pass
264,2513.91,187.912,183.724,185.58999999999997,163.17,287.741,10.4,230.92399999999998,199.716,151.463,218.45700000000002,211.988,205.346,183.18900000000002,125.247,94.486,73.209,10.4,270.888,176.642,239.88800000000003,145.284,93.04099999999998,70.891,72.597,10.4,101.58399999999999,56.69199999999999,100.803,298.52799999999996,Pass
265,1224.095,101.92099999999999,63.99,132.43599999999998,80.899,126.994,7.8,95.38,169.97,125.357,114.615,107.98,121.959,60.694,74.762,109.541,61.834,7.8,235.24999999999997,108.685,111.786,54.967000000000006,64.185,32.467,7.8,7.8,38.909000000000006,7.8,52.86,249.244,Pass
266,2401.1980000000003,96.631,133.74099999999999,283.667,108.889,245.106,7.8,198.23100000000002,272.505,397.072,207.784,209.32999999999998,222.52899999999997,193.093,224.07999999999998,280.455,177.948,7.8,303.162,251.88299999999998,187.31900000000002,169.893,122.034,121.831,171.33499999999998,7.8,208.565,190.335,207.94099999999997,482.537,Pass
267,3109.9539999999997,289.86199999999997,335.166,242.45600000000002,124.279,328.933,10.4,309.923,356.614,328.839,193.11999999999998,365.11,237.08100000000002,186.48999999999998,226.059,283.949,175.891,10.4,373.923,158.50900000000001,195.63400000000001,169.775,143.37699999999998,163.043,166.625,10.4,183.712,156.53699999999998,163.115,390.253,Pass
268,1154.95,90.96900000000001,84.28399999999999,198.38799999999998,88.805,147.57,7.8,7.8,37.025999999999996,7.8,7.8,7.8,7.8,7.8,7.8,7.8,7.8,7.8,115.219,7.8,7.8,7.8,7.8,7.8,7.8,7.8,7.8,7.8,7.8,7.8,Dropout
269,54.417,10.4,10.4,10.4,10.4,10.4,10.4,10.4,10.4,10.4,10.4,10.4,10.4,10.4,10.4,10.4,10.4,10.4,10.4,10.4,10.4,10.4,10.4,10.4,10.4,10.4,10.4,10.4,10.4,10.4,Dropout
270,3364.968,127.67299999999999,99.537,345.44,105.74799999999999,334.2660000000001,7.8,256.54200000000003,198.98499999999999,139.454,149.275,178.11399999999998,223.852,233.405,129.579,132.70600000000002,114.495,7.8,219.237,114.844,200.36900000000003,97.808,103.91899999999998,101.09,156.698,7.8,77.197,60.142,97.023,350.25600000000003,Pass
271,1468.489,51.768,72.924,54.56699999999999,90.10900000000001,31.058,10.4,113.009,119.239,-16.016000000000002,28.792,51.134,36.742000000000004,67.691,69.12,112.582,4.808999999999998,10.4,133.682,43.56699999999999,78.806,10.4,24.659,54.065,62.04,10.4,47.403,44.378,41.319,159.978,Pass
272,1538.7939999999999,91.49999999999999,122.668,158.899,135.983,162.264,10.4,142.11599999999999,197.115,110.20200000000001,131.023,102.21600000000001,186.377,167.06099999999998,95.515,62.839,51.294,10.4,209.25100000000003,162.637,183.10100000000003,144.713,84.93,61.623999999999995,80.31,10.4,72.727,10.4,62.387,241.495,Pass
273,54.417,10.4,10.4,10.4,10.4,10.4,10.4,10.4,10.4,10.4,10.4,10.4,10.4,10.4,10.4,10.4,10.4,10.4,10.4,10.4,10.4,10.4,10.4,10.4,10.4,10.4,10.4,10.4,10.4,10.4,Fail
274,4450.101,243.436,200.32999999999998,369.11,164.611,272.987,10.4,236.138,222.57999999999998,211.573,70.112,155.20200000000003,224.214,242.692,210.948,158.95499999999998,65.66799999999999,10.4,421.908,150.83200000000002,165.63,42.08,53.56,77.959,54.592999999999996,10.4,57.934999999999995,59.661,110.38199999999999,330.453,Pass
275,1330.616,10.4,80.982,54.992,78.088,10.4,10.4,10.4,87.808,64.283,60.141999999999996,39.259,55.592,39.56699999999999,74.974,64.30900000000001,10.4,10.4,48.367999999999995,10.4,88.443,10.4,10.4,43.734,10.4,10.4,10.4,10.4,57.012,154.633,Pass
276,1516.256,63.55500000000001,118.90199999999999,130.863,132.829,122.10299999999998,10.4,138.40500000000003,208.77099999999996,145.68099999999998,103.516,107.10300000000001,111.411,74.00299999999999,93.803,77.485,96.238,10.4,114.274,10.4,95.617,10.4,102.088,43.38699999999999,48.394000000000005,10.4,51.43599999999999,10.4,87.994,309.113,Pass
277,2647.4369999999994,150.232,193.329,235.57899999999998,157.42499999999998,339.382,10.4,244.316,195.11900000000003,165.528,147.306,210.904,212.561,193.118,126.928,118.095,82.715,10.4,204.69,184.615,190.344,166.66299999999998,114.75999999999999,149.215,165.27700000000002,10.4,73.405,105.529,222.97100000000003,332.859,Pass
278,3186.623,221.593,178.04,171.586,135.239,123.23700000000001,10.4,113.92099999999999,172.804,116.66499999999999,179.316,106.862,86.289,134.107,126.958,128.95,91.404,10.4,234.45,50.642,128.8,78.558,73.899,31.767,10.4,10.4,10.4,10.4,127.392,248.41199999999998,Pass
279,1697.8509999999999,109.061,133.022,209.90699999999998,90.249,182.77700000000002,7.8,88.724,191.696,111.478,37.209,49.809,164.55499999999998,151.18900000000002,42.215999999999994,7.8,7.8,7.8,301.85699999999997,165.16199999999998,108.593,152.788,123.814,25.342,7.8,7.8,58.708999999999996,7.8,69.058,258.682,Pass
280,54.417,10.4,10.4,10.4,10.4,10.4,10.4,10.4,10.4,10.4,10.4,10.4,10.4,10.4,10.4,10.4,10.4,10.4,10.4,10.4,10.4,10.4,10.4,10.4,10.4,10.4,10.4,10.4,10.4,10.4,Dropout
281,1535.513,99.281,71.712,127.58399999999999,94.171,91.308,10.4,10.4,63.562,55.363,68.904,57.411,50.317,10.4,41.126000000000005,10.4,10.4,10.4,204.42100000000005,115.68100000000001,120.777,140.786,10.4,10.4,10.4,10.4,10.4,10.4,10.4,157.35899999999998,Fail
282,55.05799999999999,10.4,10.4,10.4,10.4,10.4,10.4,10.4,10.4,10.4,10.4,10.4,10.4,10.4,10.4,10.4,10.4,10.4,10.4,10.4,10.4,10.4,10.4,10.4,10.4,10.4,10.4,10.4,10.4,10.4,Dropout
283,2544.103,232.19400000000002,311.11299999999994,284.817,155.385,172.90499999999997,10.4,156.882,120.651,61.209,-16.683000000000003,54.134,154.11700000000002,143.035,144.373,90.822,10.4,10.4,274.022,148.018,201.473,165.881,90.39399999999999,129.018,146.491,10.4,50.162,10.4,152.40800000000002,291.513,Pass
284,557.485,106.87700000000001,97.453,230.485,73.629,71.31400000000001,10.4,61.141999999999996,29.432,10.4,10.4,10.4,10.4,10.4,10.4,10.4,10.4,10.4,105.49400000000001,10.4,10.4,10.4,10.4,10.4,10.4,10.4,10.4,10.4,10.4,10.4,Fail
285,1038.1419999999998,202.47999999999996,277.62399999999997,134.291,81.72,10.4,10.4,10.4,10.4,10.4,10.4,10.4,10.4,10.4,10.4,10.4,10.4,10.4,116.969,10.4,10.4,10.4,10.4,10.4,10.4,10.4,10.4,10.4,10.4,194.05300000000003,Dropout
286,281.565,70.433,75.48500000000001,85.854,80.029,63.217,7.8,66.167,93.45,72.63399999999999,74.60900000000001,80.584,7.8,7.8,7.8,7.8,7.8,7.8,7.8,7.8,7.8,7.8,7.8,7.8,7.8,7.8,7.8,7.8,7.8,7.8,Dropout
287,1324.561,165.025,260.822,172.742,122.07399999999998,178.315,10.4,143.57,198.755,181.817,112.70499999999998,122.978,115.679,110.159,108.172,137.39700000000002,48.15899999999999,10.4,159.03199999999998,46.911,84.714,47.861000000000004,37.292,69.35300000000001,45.836,10.4,64.342,44.646,104.50699999999999,213.32100000000003,Pass
288,1522.365,170.694,111.15599999999999,132.602,132.848,97.197,10.4,59.698,100.81,107.565,81.664,103.685,101.846,129.794,39.077,10.4,10.4,10.4,33.111,10.4,37.882999999999996,10.4,10.4,10.4,10.4,10.4,10.4,10.4,10.4,219.054,Fail
289,2012.6529999999998,10.4,10.4,107.03200000000001,102.199,163.64,10.4,150.31099999999998,35.291,-13.440999999999999,10.4,68.959,119.83699999999999,143.277,126.329,31.242,66.584,10.4,258.422,99.17999999999999,104.386,91.609,70.77,93.077,96.68700000000001,10.4,101.55600000000001,35.592,95.022,297.93399999999997,Pass
290,54.417,10.4,10.4,10.4,10.4,10.4,10.4,10.4,10.4,10.4,10.4,10.4,10.4,10.4,10.4,10.4,10.4,10.4,10.4,10.4,10.4,10.4,10.4,10.4,10.4,10.4,10.4,10.4,10.4,10.4,Dropout
291,54.417,10.4,10.4,10.4,10.4,10.4,10.4,10.4,10.4,10.4,10.4,10.4,10.4,10.4,10.4,10.4,10.4,10.4,10.4,10.4,10.4,10.4,10.4,10.4,10.4,10.4,10.4,10.4,10.4,10.4,Fail
292,1930.703,86.86500000000001,115.76100000000002,326.56899999999996,124.662,185.21499999999997,7.8,173.38099999999997,219.876,133.689,182.155,55.792,239.76800000000003,174.54700000000003,205.674,71.702,49.734,7.8,467.15400000000005,232.65600000000003,147.03300000000002,126.32199999999999,80.36099999999999,103.816,111.289,7.8,43.159000000000006,65.134,127.69200000000001,262.83,Pass
293,373.89399999999995,71.419,80.09299999999999,104.11099999999999,74.59,69.042,10.4,75.509,10.4,10.4,94.78399999999999,10.4,10.4,10.4,10.4,10.4,10.4,10.4,104.71700000000001,10.4,10.4,10.4,10.4,10.4,10.4,10.4,10.4,10.4,10.4,149.942,Dropout
294,798.221,10.4,10.4,10.4,35.12,10.4,10.4,10.4,25.448,10.4,10.4,10.4,10.4,10.4,33.233000000000004,10.4,10.4,10.4,108.65700000000001,31.366999999999997,53.246,34.31699999999999,36.292,21.416999999999998,28.391999999999996,10.4,10.4,35.834,39.233999999999995,86.559,Fail
295,1365.333,228.034,154.65,141.169,149.425,105.586,10.4,128.087,112.04400000000001,139.521,101.009,150.44,132.178,44.705,74.551,131.02999999999997,41.391999999999996,10.4,225.655,73.493,108.70400000000001,40.037,39.65899999999999,101.82000000000001,45.742000000000004,10.4,55.011,10.4,64.681,299.15200000000004,Pass
296,7339.522,449.59599999999995,280.371,411.84899999999993,167.338,649.724,7.8,527.776,404.32,366.77599999999995,387.99999999999994,554.86,538.8779999999999,362.583,345.676,323.58299999999997,228.958,7.8,834.923,335.809,235.83800000000002,298.091,157.369,250.568,212.11499999999998,7.8,182.294,157.72799999999998,258.589,375.161,Pass
297,161.323,10.4,10.4,58.141999999999996,10.4,10.4,10.4,10.4,10.4,10.4,10.4,10.4,10.4,10.4,10.4,10.4,10.4,10.4,10.4,10.4,10.4,10.4,10.4,10.4,10.4,10.4,10.4,10.4,10.4,10.4,Dropout
298,440.5279999999999,61.184,116.509,7.8,25.610999999999997,7.8,7.8,7.8,21.626999999999995,54.516999999999996,7.8,7.8,7.8,7.8,7.8,7.8,7.8,7.8,7.8,7.8,7.8,7.8,7.8,7.8,7.8,7.8,7.8,7.8,7.8,7.8,Fail
299,472.751,67.446,54.516999999999996,7.8,22.125,7.8,7.8,7.8,25.113,7.8,96.11599999999999,7.8,7.8,7.8,7.8,7.8,50.958999999999996,7.8,7.8,7.8,7.8,7.8,7.8,7.8,7.8,7.8,7.8,7.8,7.8,7.8,Fail
300,817.0939999999998,83.518,57.20100000000001,54.142,36.614,10.4,10.4,10.4,37.897999999999996,10.4,10.4,10.4,10.4,10.4,10.4,10.4,10.4,10.4,29.609,31.583999999999996,65.909,10.4,10.4,10.4,10.4,10.4,10.4,10.4,56.587,57.726000000000006,Fail
301,2079.373,131.202,62.559,86.501,103.65699999999998,60.48400000000001,10.4,96.445,80.616,62.449,10.4,47.492000000000004,46.129,80.044,40.144999999999996,10.4,10.4,10.4,243.70800000000003,35.434,68.269,39.650999999999996,10.4,21.842,10.4,10.4,53.767,10.4,116.621,278.272,Pass
302,3427.274,255.68599999999998,208.852,211.53999999999996,97.889,273.35900000000004,7.8,271.67900000000003,241.39299999999997,284.012,279.263,562.716,215.562,196.36100000000002,185.77499999999998,203.31099999999998,99.78,7.8,372.973,190.13,204.297,243.48700000000002,117.07999999999998,163.91,159.89400000000003,7.8,100.375,81.486,251.67699999999996,329.106,Pass
303,51.81700000000001,7.8,7.8,7.8,7.8,7.8,7.8,7.8,7.8,7.8,7.8,7.8,7.8,7.8,7.8,7.8,7.8,7.8,7.8,7.8,7.8,7.8,7.8,7.8,7.8,7.8,7.8,7.8,7.8,7.8,Dropout
304,1738.3179999999998,96.179,10.4,221.32,84.83399999999999,127.596,10.4,90.96900000000001,33.914,67.01,63.484,83.174,123.95,104.876,125.91299999999998,10.4,53.259,10.4,258.06100000000004,91.83,162.019,116.901,73.135,69.125,61.234,10.4,49.858999999999995,10.4,86.91900000000001,140.98000000000002,Pass
305,54.417,10.4,10.4,10.4,10.4,10.4,10.4,10.4,10.4,10.4,10.4,10.4,10.4,10.4,10.4,10.4,10.4,10.4,10.4,10.4,10.4,10.4,10.4,10.4,10.4,10.4,10.4,10.4,10.4,10.4,Dropout
306,677.749,85.00699999999999,66.262,156.899,100.419,176.666,10.4,149.12,93.161,60.369,10.4,56.605000000000004,10.4,10.4,38.579,10.4,10.4,10.4,10.4,10.4,10.4,10.4,10.4,10.4,10.4,10.4,10.4,10.4,10.4,104.71700000000001,Fail
307,54.417,10.4,10.4,10.4,10.4,10.4,10.4,10.4,10.4,10.4,10.4,10.4,10.4,10.4,10.4,10.4,10.4,10.4,10.4,10.4,10.4,10.4,10.4,10.4,10.4,10.4,10.4,10.4,10.4,10.4,Dropout
308,998.169,67.042,141.767,91.83500000000001,76.041,10.4,10.4,10.4,10.4,64.75899999999999,-4.741000000000001,50.709,10.4,67.29199999999999,35.342,10.4,10.4,10.4,163.44299999999998,10.4,39.26,10.4,10.4,35.417,40.909,10.4,10.4,10.4,79.809,259.339,Pass
309,531.316,109.06200000000001,82.56,223.322,113.59800000000001,96.226,10.4,10.4,10.4,10.4,10.4,10.4,10.4,10.4,10.4,10.4,10.4,10.4,119.76799999999999,10.4,10.4,10.4,10.4,10.4,10.4,10.4,10.4,10.4,10.4,151.342,Dropout
310,1362.787,93.625,114.092,174.87600000000003,87.853,182.437,10.4,169.36899999999997,220.40999999999997,153.88,113.30199999999999,108.58499999999998,172.355,123.368,133.998,93.482,24.288,10.4,223.393,77.786,114.31099999999999,123.04000000000002,66.441,112.232,58.711999999999996,10.4,68.02399999999999,52.958999999999996,138.612,269.56800000000004,Pass
311,215.25900000000001,7.8,7.8,7.8,7.8,7.8,7.8,54.516999999999996,7.8,7.8,7.8,7.8,7.8,7.8,7.8,7.8,7.8,7.8,7.8,7.8,7.8,7.8,7.8,7.8,7.8,7.8,7.8,7.8,7.8,7.8,Fail
312,2148.6360000000004,145.08100000000002,154.13600000000002,222.10000000000002,126.544,199.89299999999997,7.8,161.432,224.175,217.80199999999996,175.928,79.22500000000001,208.459,152.88400000000001,92.676,91.40100000000001,53.646,7.8,252.162,143.661,144.79500000000002,107.435,40.536,53.733,49.44,7.8,52.658,58.364999999999995,91.608,285.12800000000004,Pass
313,1473.8970000000002,135.707,14.437000000000001,10.4,119.066,43.126,10.4,60.891999999999996,103.00800000000001,100.81099999999999,94.301,122.056,75.205,84.606,93.22299999999998,86.571,77.54599999999999,10.4,237.428,134.582,191.23999999999995,66.97900000000001,63.72,51.57899999999999,70.523,10.4,60.024,80.331,88.078,244.483,Pass
314,2366.4449999999997,165.731,141.55599999999998,116.595,92.94200000000001,115.425,10.4,129.964,108.39999999999999,-18.108000000000004,-15.133000000000001,70.917,101.57000000000001,129.30399999999997,101.667,111.396,10.4,10.4,386.03499999999997,130.617,163.069,89.045,79.333,111.393,79.87800000000001,10.4,101.621,10.4,128.607,387.362,Pass
315,2065.861,82.46799999999999,95.902,36.292,28.967,45.516999999999996,10.4,-23.313000000000002,74.359,67.509,10.4,97.086,49.464,63.34700000000001,32.813,59.896,10.4,10.4,183.28799999999998,32.419,80.676,10.4,33.317,10.4,10.4,10.4,103.204,10.4,42.867000000000004,254.62099999999998,Fail
316,1072.8120000000001,83.565,101.408,134.517,110.717,154.707,10.4,96.86999999999999,106.03299999999999,49.358999999999995,45.334,73.717,118.32300000000001,133.73699999999997,93.606,10.4,10.4,10.4,124.399,58.833,45.749,10.4,10.4,76.781,10.4,10.4,60.774,10.4,45.71699999999999,128.154,Pass
317,3273.941,82.199,42.892,104.87499999999999,40.778,42.881,7.8,45.71,78.277,59.403000000000006,188.768,96.153,125.33899999999998,53.412,72.17,43.009,7.8,7.8,259.577,160.917,171.46799999999996,109.255,99.72,70.89099999999999,62.077,7.8,46.108999999999995,75.509,86.49699999999999,178.75099999999998,Pass
318,1740.603,105.43299999999999,6.541999999999999,150.042,131.723,171.223,10.4,176.09199999999998,148.40999999999997,14.886999999999999,43.021,91.2,139.798,144.976,133.747,83.468,79.345,10.4,408.0570000000001,129.28400000000002,173.75199999999998,142.952,101.505,131.573,54.711,10.4,78.061,71.37299999999999,85.56599999999999,247.502,Pass
319,85.13,66.584,10.4,10.4,10.4,10.4,10.4,10.4,10.4,10.4,10.4,10.4,10.4,10.4,10.4,10.4,10.4,10.4,10.4,10.4,10.4,10.4,10.4,10.4,10.4,10.4,10.4,10.4,10.4,10.4,Dropout
320,1148.6190000000001,136.512,137.26999999999998,133.30100000000002,134.083,103.28699999999999,10.4,103.849,59.489999999999995,92.951,38.934,99.20700000000001,80.076,66.787,24.794,11.985,84.263,10.4,216.213,15.850999999999999,81.09,18.017,61.015,28.750999999999998,44.367,10.4,44.71,48.684999999999995,70.82400000000001,251.732,Pass
321,87.024,7.8,7.8,7.8,7.8,7.8,7.8,7.8,7.8,7.8,7.8,7.8,7.8,7.8,7.8,7.8,7.8,7.8,7.8,7.8,7.8,7.8,7.8,7.8,7.8,7.8,7.8,7.8,7.8,7.8,Dropout
322,354.464,145.351,104.18100000000001,63.489999999999995,83.596,10.4,10.4,10.4,10.4,10.4,10.4,10.4,10.4,10.4,10.4,10.4,10.4,10.4,98.76700000000001,10.4,10.4,10.4,10.4,10.4,10.4,10.4,10.4,10.4,10.4,10.4,Dropout
323,483.555,40.151,37.092,40.06699999999999,66.268,7.8,7.8,7.8,7.8,7.8,55.792,7.8,7.8,7.8,7.8,7.8,7.8,7.8,132.385,7.8,7.8,7.8,7.8,7.8,7.8,7.8,7.8,7.8,7.8,7.8,Dropout
324,886.5319999999999,115.478,106.999,166.554,125.06199999999998,163.509,10.4,81.94600000000001,33.182,10.4,10.4,10.4,10.4,10.4,10.4,10.4,10.4,10.4,10.4,10.4,10.4,10.4,10.4,10.4,10.4,10.4,10.4,10.4,10.4,142.967,Dropout
325,1191.2269999999999,49.467,-29.541000000000007,95.58699999999999,-13.874000000000006,101.44999999999999,10.4,106.49900000000001,107.857,-20.233000000000004,10.4,10.4,49.983999999999995,37.44199999999999,43.559,10.4,10.4,10.4,118.915,49.467,54.32000000000001,17.467,10.4,21.416999999999998,25.817,10.4,33.342,10.4,39.809000000000005,227.83499999999998,Fail
326,51.81700000000001,7.8,7.8,7.8,7.8,7.8,7.8,7.8,7.8,7.8,7.8,7.8,7.8,7.8,7.8,7.8,7.8,7.8,7.8,7.8,7.8,7.8,7.8,7.8,7.8,7.8,7.8,7.8,7.8,7.8,Dropout
327,1409.9049999999997,130.691,119.571,285.102,81.919,220.257,7.8,172.106,195.71499999999997,148.90299999999996,94.148,174.14,196.706,191.40200000000002,66.128,105.124,68.03,7.8,277.96500000000003,143.64299999999997,182.339,153.57200000000003,37.766999999999996,155.599,133.259,7.8,54.017,7.8,99.23500000000001,142.112,Pass
328,1075.385,108.81200000000001,89.18299999999999,176.205,100.37,190.141,10.4,138.421,102.96799999999999,106.862,10.4,86.27000000000001,93.58500000000001,64.414,87.403,10.4,10.4,10.4,10.4,10.4,38.513,10.4,10.4,10.4,10.4,10.4,10.4,10.4,10.4,149.112,Fail
329,58.45,10.4,10.4,10.4,10.4,10.4,10.4,10.4,10.4,10.4,10.4,10.4,10.4,10.4,10.4,10.4,10.4,10.4,10.4,10.4,10.4,10.4,10.4,10.4,10.4,10.4,10.4,10.4,10.4,10.4,Dropout
330,323.905,19.717,39.16,102.64,51.449,10.4,10.4,39.56699999999999,151.24,10.4,52.009,57.475,36.292,10.4,41.201,10.4,50.709,10.4,10.4,10.4,10.4,10.4,10.4,10.4,10.4,10.4,10.4,10.4,10.4,10.4,Dropout
331,1954.877,240.399,133.456,181.03600000000003,124.73599999999999,168.548,10.4,138.214,294.19,276.315,193.28699999999998,248.49599999999998,197.893,128.74099999999999,148.019,120.64099999999999,77.672,10.4,349.669,144.651,90.078,78.215,74.501,56.196,46.255,10.4,161.013,157.8,87.92,349.634,Pass
332,117.895,70.101,10.4,10.4,57.117,57.509,10.4,10.4,10.4,10.4,10.4,10.4,10.4,10.4,10.4,10.4,10.4,10.4,10.4,10.4,10.4,10.4,10.4,10.4,10.4,10.4,10.4,10.4,10.4,10.4,Dropout
333,983.0709999999999,114.589,83.40599999999999,87.084,78.97200000000001,77.836,10.4,153.464,164.192,202.41199999999998,57.542,10.4,63.95099999999999,55.292,36.836,69.876,3.5919999999999987,10.4,142.66400000000002,10.4,40.754000000000005,10.4,22.442,10.4,10.4,10.4,34.166999999999994,10.4,10.4,243.276,Fail
334,79.898,10.4,10.4,10.4,10.4,10.4,10.4,10.4,10.4,10.4,10.4,10.4,10.4,10.4,10.4,10.4,10.4,10.4,10.4,10.4,10.4,10.4,10.4,10.4,10.4,10.4,10.4,10.4,10.4,10.4,Dropout
335,4515.2,133.696,186.639,182.905,117.162,230.62699999999998,10.4,272.916,143.235,106.79499999999999,46.217,105.001,133.52800000000002,92.43799999999999,176.095,150.195,8.011999999999999,10.4,297.744,122.78200000000001,138.861,99.22200000000001,26.516999999999996,59.183,43.087,10.4,52.611999999999995,71.92500000000001,111.32199999999999,327.043,Pass
336,155.371,138.89000000000001,71.259,10.4,10.4,10.4,10.4,10.4,10.4,10.4,10.4,10.4,10.4,10.4,10.4,10.4,10.4,10.4,10.4,10.4,10.4,10.4,10.4,10.4,10.4,10.4,10.4,10.4,10.4,156.85900000000004,Dropout
337,2088.3120000000004,67.574,119.37,109.299,-10.899000000000001,30.342,10.4,76.32,97.90299999999999,59.75900000000001,10.4,10.4,60.684,10.4,31.607,10.4,33.317,10.4,288.64300000000003,42.242,88.618,50.891999999999996,64.41999999999999,55.84199999999999,54.56699999999999,10.4,54.919,10.4,10.4,261.281,Fail
338,161.71300000000002,63.729,10.4,10.4,10.4,10.4,10.4,10.4,10.4,10.4,10.4,10.4,10.4,10.4,10.4,10.4,10.4,10.4,10.4,10.4,10.4,10.4,10.4,10.4,10.4,10.4,10.4,10.4,10.4,10.4,Dropout
339,74.135,10.4,10.4,10.4,10.4,10.4,10.4,10.4,10.4,10.4,10.4,10.4,10.4,10.4,10.4,10.4,10.4,10.4,10.4,10.4,10.4,10.4,10.4,10.4,10.4,10.4,10.4,10.4,10.4,10.4,Dropout
340,2212.143,179.21699999999998,202.62,60.63099999999999,80.586,-31.283,10.4,30.628999999999998,55.954,10.4,10.4,101.174,73.70599999999999,61.012,74.941,70.896,73.871,10.4,169.06,37.792,76.482,33.742,40.234,33.817,28.792,10.4,35.742,10.4,61.142,219.771,Pass
341,1993.9750000000001,135.627,67.595,148.981,110.685,203.188,10.4,141.01100000000002,175.21,142.84799999999998,135.219,155.97400000000002,205.45799999999997,165.51300000000003,161.708,57.812000000000005,10.4,10.4,229.51300000000003,109.144,160.797,121.79,75.363,32.562,41.759,10.4,43.755,10.4,44.391,249.48399999999998,Pass
342,51.81700000000001,7.8,7.8,7.8,7.8,7.8,7.8,7.8,7.8,7.8,7.8,7.8,7.8,7.8,7.8,7.8,7.8,7.8,7.8,7.8,7.8,7.8,7.8,7.8,7.8,7.8,7.8,7.8,7.8,7.8,Dropout
343,54.417,10.4,10.4,10.4,10.4,10.4,10.4,10.4,10.4,10.4,10.4,10.4,10.4,10.4,10.4,10.4,10.4,10.4,10.4,10.4,10.4,10.4,10.4,10.4,10.4,10.4,10.4,10.4,10.4,10.4,Dropout
344,4898.623,481.144,607.6510000000001,229.317,158.399,433.967,10.4,392.732,295.86,223.514,149.631,374.80000000000007,267.264,255.51399999999998,133.661,206.443,13.385,10.4,303.564,116.16300000000001,157.799,18.442,10.4,132.45499999999998,107.008,10.4,115.64699999999999,57.484,51.529,203.143,Pass
345,2006.5989999999997,199.1,228.11699999999996,288.815,104.97,198.77099999999996,10.4,38.732,59.562,10.4,41.092999999999996,12.084,31.492,64.717,35.663,10.4,10.4,10.4,141.73,10.4,69.467,37.892,39.384,10.4,10.4,10.4,45.217,10.4,78.09299999999999,281.268,Pass
346,2439.763,97.017,18.391999999999996,7.8,69.18799999999999,131.025,7.8,135.311,164.878,170.763,93.61800000000001,109.603,212.623,177.676,134.52800000000002,166.089,110.44600000000001,7.8,335.126,220.166,181.85999999999999,143.85500000000002,83.92099999999999,166.385,112.307,7.8,76.572,7.8,118.29300000000002,219.825,Fail
347,5136.431,479.60499999999996,339.341,194.87,116.297,62.281000000000006,10.4,127.189,399.116,454.94800000000004,143.224,413.482,451.02200000000005,522.708,215.366,379.328,233.274,10.4,740.1439999999999,294.952,340.61,316.68100000000004,269.367,310.919,183.706,10.4,230.38799999999998,106.29400000000001,123.031,500.81,Pass
348,797.814,126.645,72.061,175.97899999999998,97.719,145.42000000000002,7.8,85.154,146.936,58.333999999999996,63.016999999999996,7.8,7.8,7.8,7.8,7.8,7.8,7.8,7.8,7.8,7.8,7.8,7.8,7.8,7.8,7.8,7.8,7.8,7.8,7.8,Fail
349,481.35299999999995,10.4,10.4,78.415,79.34700000000001,10.4,10.4,15.616999999999999,43.739999999999995,10.4,10.4,45.608999999999995,90.98500000000001,54.443,88.126,48.33899999999999,52.314,10.4,65.013,48.192,10.4,54.142,10.4,10.4,10.4,10.4,10.4,10.4,10.4,109.566,Dropout
350,2783.3250000000003,113.189,122.656,179.088,130.2,254.422,10.4,168.116,351.74899999999997,226.62300000000002,183.441,211.143,147.481,120.49599999999998,128.421,96.404,62.639,10.4,342.541,143.175,211.48700000000002,137.172,87.83699999999999,129.90699999999998,166.154,10.4,90.94399999999999,93.077,212.472,376.38599999999997,Pass
351,1943.6329999999998,134.68699999999998,108.022,175.978,105.208,185.13400000000001,10.4,195.30899999999997,182.219,148.668,62.709,102.49899999999998,120.538,187.73700000000002,147.516,53.009,89.592,10.4,182.08,117.05600000000001,163.203,125.61099999999999,88.288,102.38900000000001,96.541,10.4,51.859,10.4,62.292,294.266,Pass
352,1938.7330000000002,73.345,106.74799999999999,196.669,146.14399999999998,267.31399999999996,7.8,218.301,152.682,146.476,130.091,211.31900000000002,184.557,202.23099999999997,157.263,93.44099999999999,57.268000000000015,7.8,423.34999999999997,194.855,213.40299999999996,175.60700000000003,73.519,144.852,159.219,7.8,62.972,62.60900000000001,150.759,297.77099999999996,Pass
353,717.1319999999998,122.04199999999999,62.921,148.046,97.65599999999999,106.91999999999999,10.4,77.31500000000001,29.021,10.4,10.4,10.4,10.4,10.4,10.4,10.4,10.4,10.4,113.99300000000001,10.4,10.4,10.4,10.4,10.4,10.4,10.4,10.4,10.4,10.4,141.692,Dropout
354,1268.081,135.225,131.474,180.458,133.739,198.337,7.8,194.988,183.34199999999998,235.429,43.627,166.138,74.37100000000001,57.28,66.356,40.609,43.584,7.8,151.63600000000002,49.992,90.61399999999999,55.94200000000001,61.434,61.892,64.867,7.8,73.334,76.309,76.767,210.414,Fail
355,324.005,119.76499999999999,89.766,61.634,30.637999999999998,10.4,10.4,10.4,10.4,10.4,10.4,10.4,10.4,10.4,10.4,10.4,10.4,10.4,10.4,10.4,10.4,10.4,10.4,10.4,10.4,10.4,10.4,10.4,10.4,160.059,Dropout
356,5289.268999999999,246.511,211.67100000000002,246.393,115.999,258.055,7.8,245.89000000000001,245.19,258.168,196.22600000000003,265.75100000000003,219.31799999999998,250.39299999999997,168.671,111.043,7.8,7.8,252.487,191.231,170.148,171.686,18.117,174.85299999999998,181.06,7.8,113.21100000000001,64.83200000000001,189.75599999999997,303.691,Pass
357,2558.676,71.97,95.279,174.16,114.94999999999999,148.433,7.8,82.027,26.567999999999998,7.8,57.184000000000005,92.43700000000001,20.005,48.992000000000004,94.223,7.8,58.342,7.8,582.132,89.315,139.368,114.45400000000001,56.114999999999995,98.416,98.801,7.8,51.967,7.8,51.693999999999996,247.83100000000002,Fail
358,1300.78,116.02,197.01,199.292,114.73500000000001,168.559,10.4,173.225,106.019,95.562,10.4,68.65800000000002,154.592,186.68,143.53,127.155,50.859,10.4,238.02800000000002,160.111,172.04,117.489,46.60900000000001,89.09100000000001,35.641,10.4,82.734,39.259,76.137,213.396,Pass
359,930.1669999999999,92.99200000000002,61.05900000000001,10.4,34.504999999999995,10.4,10.4,10.4,36.403999999999996,10.4,10.4,50.709,-3.3580000000000005,41.717,40.571,10.4,10.4,10.4,116.70200000000001,51.891999999999996,87.812,10.4,10.4,10.4,10.4,10.4,34.709,10.4,70.142,54.97999999999999,Pass
360,54.417,10.4,10.4,10.4,32.693,10.4,10.4,10.4,26.219,10.4,10.4,10.4,10.4,10.4,10.4,10.4,10.4,10.4,10.4,10.4,10.4,10.4,10.4,10.4,10.4,10.4,10.4,10.4,10.4,10.4,Dropout
361,1100.831,102.69,165.79700000000003,116.28699999999999,156.23399999999998,172.899,10.4,164.06300000000002,117.77699999999999,181.67000000000002,120.119,116.181,100.71900000000001,77.89399999999999,72.431,102.689,10.4,10.4,198.158,145.928,94.313,137.30599999999998,96.226,42.829,37.192,10.4,46.141999999999996,58.99700000000001,94.429,181.79000000000002,Pass
362,121.68699999999998,63.751,10.4,10.4,10.4,10.4,10.4,10.4,10.4,10.4,10.4,10.4,10.4,10.4,10.4,10.4,10.4,10.4,10.4,10.4,10.4,10.4,10.4,10.4,10.4,10.4,10.4,10.4,10.4,10.4,Dropout
363,54.417,10.4,10.4,10.4,10.4,10.4,10.4,10.4,10.4,10.4,10.4,10.4,10.4,10.4,10.4,10.4,10.4,10.4,10.4,10.4,10.4,10.4,10.4,10.4,10.4,10.4,10.4,10.4,10.4,10.4,Dropout
364,215.50600000000003,123.03099999999999,10.4,10.4,10.4,10.4,10.4,10.4,10.4,10.4,10.4,10.4,10.4,10.4,10.4,10.4,10.4,10.4,10.4,10.4,10.4,10.4,10.4,10.4,10.4,10.4,10.4,10.4,10.4,153.82899999999998,Dropout
365,761.706,67.8,41.69199999999999,29.529,31.135999999999996,10.4,10.4,10.4,27.938000000000002,10.4,45.75900000000001,53.251,10.4,10.4,37.676,10.4,10.4,10.4,10.4,10.4,38.597,10.4,10.4,10.4,10.4,10.4,10.4,10.4,10.4,144.24200000000002,Fail
366,320.569,110.887,70.369,10.4,26.594,10.4,10.4,10.4,20.351,10.4,10.4,10.4,10.4,10.4,10.4,10.4,10.4,10.4,10.4,10.4,10.4,10.4,10.4,10.4,10.4,10.4,10.4,10.4,10.4,160.301,Fail
367,610.542,53.227,55.568000000000005,52.391999999999996,89.456,7.8,7.8,7.8,7.8,7.8,7.8,7.8,7.8,7.8,7.8,7.8,7.8,7.8,7.8,7.8,7.8,7.8,7.8,7.8,7.8,7.8,7.8,7.8,7.8,173.709,Dropout
368,2123.979,138.683,118.93499999999997,202.825,134.557,206.8,10.4,202.51,178.744,148.044,185.371,182.029,193.835,112.601,121.76800000000001,98.0,70.765,10.4,260.604,80.03399999999999,127.62899999999999,61.07,90.13900000000001,70.70100000000001,86.544,10.4,20.142,53.425,62.951,270.148,Pass
369,600.956,48.192,10.4,10.4,10.4,10.4,10.4,10.4,10.4,10.4,10.4,10.4,37.692,56.184000000000005,61.172,80.13399999999999,39.109,10.4,64.801,10.4,43.897999999999996,10.4,10.4,10.4,10.4,10.4,10.4,10.4,10.4,10.4,Dropout
370,1355.177,83.868,81.438,198.98100000000002,116.87699999999998,73.63799999999999,10.4,206.02299999999997,137.281,51.884,54.56699999999999,10.4,91.915,102.154,108.84100000000001,89.458,80.902,10.4,106.45599999999999,29.067,114.394,10.4,74.434,86.62,73.363,10.4,43.579,37.108999999999995,73.176,272.238,Pass
371,598.677,70.17,81.62299999999999,170.221,97.39,57.117,10.4,64.342,60.48400000000001,10.4,74.967,10.4,10.4,10.4,10.4,10.4,10.4,10.4,10.4,10.4,10.4,10.4,10.4,10.4,10.4,10.4,10.4,10.4,10.4,162.336,Dropout
372,1686.722,139.003,119.979,116.232,126.423,73.186,10.4,42.876000000000005,131.756,13.123,45.2,88.163,165.541,116.41099999999999,139.095,122.39299999999999,127.47999999999999,10.4,175.623,60.458,82.024,64.186,60.537000000000006,91.79,54.032,10.4,63.622,77.338,114.66100000000002,266.42699999999996,Pass
373,232.49899999999997,10.4,10.4,10.4,32.195,10.4,10.4,10.4,30.701,10.4,10.4,10.4,10.4,10.4,27.464,10.4,10.4,10.4,10.4,10.4,18.002,10.4,10.4,10.4,10.4,10.4,10.4,10.4,10.4,10.4,Dropout
374,1204.907,88.824,51.734,101.748,96.793,41.542,10.4,164.47799999999998,147.618,197.006,81.951,73.16,141.89299999999997,109.43599999999999,134.947,116.173,131.96699999999998,10.4,232.492,130.828,177.576,126.797,113.807,44.417,44.392,10.4,73.033,56.834,56.292,285.19599999999997,Pass
375,1773.564,51.967,130.627,181.145,103.883,178.45999999999998,7.8,161.754,111.857,131.412,82.96300000000001,98.31500000000001,156.643,168.621,122.002,159.748,116.38299999999998,7.8,131.286,62.742000000000004,116.689,68.692,84.184,103.333,79.575,7.8,89.53699999999999,53.509,208.29199999999997,300.56100000000004,Pass
376,1545.694,106.209,42.843,180.00199999999998,134.873,197.769,10.4,149.637,81.69999999999999,-8.681999999999999,-10.741,216.43900000000002,70.951,107.267,95.076,3.1339999999999986,4.109,10.4,67.59,9.517,76.561,10.4,10.4,43.417,29.392,10.4,34.859,10.4,73.42999999999999,99.73,Pass
377,698.502,83.51299999999999,10.4,146.087,33.010999999999996,10.4,10.4,10.4,77.009,10.4,10.4,10.4,10.4,10.4,10.4,10.4,10.4,10.4,102.34299999999999,10.4,10.4,10.4,10.4,10.4,10.4,10.4,10.4,10.4,10.4,10.4,Dropout
378,54.417,10.4,10.4,10.4,10.4,10.4,10.4,10.4,10.4,10.4,10.4,10.4,10.4,10.4,10.4,10.4,10.4,10.4,10.4,10.4,10.4,10.4,10.4,10.4,10.4,10.4,10.4,10.4,10.4,10.4,Dropout
379,1976.694,230.86499999999998,499.47400000000005,381.228,155.086,246.547,10.4,205.18,215.02800000000002,237.92899999999997,196.39499999999998,260.556,110.821,154.54299999999998,26.497999999999998,137.639,8.017,10.4,324.49899999999997,65.14699999999999,99.88,37.317,23.291999999999998,108.62,49.066,10.4,70.92,37.167,150.47299999999998,243.033,Pass
380,2964.352,163.635,180.065,264.368,168.37199999999999,220.343,10.4,194.343,212.423,234.178,202.44499999999996,274.073,171.91700000000003,190.614,128.552,209.149,133.225,10.4,225.762,76.799,158.47299999999998,110.896,123.53899999999999,130.35600000000002,67.26599999999999,10.4,140.262,85.66600000000001,176.586,409.73199999999997,Pass
381,762.331,77.057,72.743,60.942,89.346,10.4,10.4,10.4,30.926,10.4,10.4,10.4,44.792,10.4,10.4,10.4,10.4,10.4,116.21999999999998,10.4,10.4,10.4,10.4,10.4,10.4,10.4,10.4,10.4,10.4,161.625,Dropout
382,2751.149,300.524,282.407,248.976,139.841,238.255,10.4,175.671,330.751,277.751,293.62,191.40499999999997,222.137,193.107,181.893,205.58599999999998,167.689,10.4,293.541,180.28999999999996,206.266,144.975,141.16400000000002,173.636,167.52400000000003,10.4,132.26100000000002,85.568,134.088,197.266,Pass
383,2105.032,185.66000000000003,222.448,241.957,138.80700000000002,163.379,10.4,221.618,250.567,214.74100000000004,246.18499999999997,222.287,193.832,132.284,160.004,129.714,105.176,10.4,212.19800000000004,139.72,173.796,97.68299999999999,90.48599999999999,100.38,98.03799999999998,10.4,70.941,71.13900000000001,109.522,305.251,Pass
384,1072.232,90.851,101.945,118.565,91.388,107.514,10.4,120.015,142.102,70.727,12.626,51.983999999999995,92.385,47.334,30.366999999999997,10.4,10.4,10.4,135.566,59.85999999999999,108.768,66.14099999999999,87.66700000000002,91.37400000000001,68.763,10.4,53.875,63.70300000000001,101.63499999999999,100.81299999999999,Pass
385,1882.89,73.434,165.30599999999998,234.191,117.42099999999999,256.956,10.4,239.84599999999998,246.46699999999998,288.255,136.839,67.223,212.286,211.966,159.771,121.167,95.107,10.4,340.37699999999995,147.45499999999998,198.046,23.692,94.17200000000001,101.168,27.942,10.4,56.206,56.181,157.361,285.796,Pass
386,879.5360000000001,118.16000000000001,138.608,168.23399999999998,90.708,224.673,10.4,89.585,182.03900000000002,111.463,51.592,81.91199999999999,158.65500000000003,113.47899999999998,106.106,145.373,54.108999999999995,10.4,226.923,72.428,36.887,10.4,10.4,10.4,10.4,10.4,10.4,10.4,10.4,162.26799999999997,Dropout
387,2150.8889999999997,268.55,149.914,267.43399999999997,132.55700000000002,249.701,10.4,220.33299999999997,189.17,200.18800000000002,108.13300000000001,94.281,99.329,80.216,143.573,90.838,106.935,10.4,322.611,100.405,118.44900000000001,135.253,91.388,84.059,72.668,10.4,78.905,66.499,64.819,295.181,Pass
388,194.55,57.76,68.389,52.586,27.54,48.141999999999996,7.8,7.8,7.8,7.8,7.8,7.8,7.8,7.8,7.8,7.8,7.8,7.8,7.8,7.8,7.8,7.8,7.8,7.8,7.8,7.8,7.8,7.8,7.8,7.8,Dropout
389,257.236,10.4,10.4,10.4,29.963,10.4,10.4,10.4,26.765,10.4,10.4,10.4,10.4,10.4,10.4,10.4,10.4,10.4,102.09400000000001,10.4,10.4,10.4,10.4,10.4,10.4,10.4,10.4,10.4,10.4,10.4,Fail
390,54.417,10.4,10.4,10.4,10.4,10.4,10.4,10.4,10.4,10.4,10.4,10.4,10.4,10.4,10.4,10.4,10.4,10.4,10.4,10.4,10.4,10.4,10.4,10.4,10.4,10.4,10.4,10.4,10.4,10.4,Dropout
391,2927.665,240.69400000000002,273.445,264.165,171.137,274.788,7.8,224.59699999999998,274.53499999999997,369.415,194.12300000000002,330.35499999999996,242.55900000000003,187.121,185.587,191.462,150.766,7.8,345.44100000000003,176.807,231.578,150.779,161.282,163.423,178.34,7.8,230.24600000000004,139.829,248.26500000000001,471.38400000000007,Pass
392,1215.222,134.27599999999998,169.81,176.535,83.49799999999999,178.983,10.4,162.838,146.783,-16.108000000000004,-15.133000000000001,60.789,117.24499999999998,51.586999999999996,94.51499999999999,29.582,25.959,10.4,156.85999999999999,39.25,109.369,66.468,94.185,53.543,58.10499999999999,10.4,46.9,39.442,74.41799999999999,263.621,Pass
393,134.32,7.8,7.8,7.8,7.8,7.8,7.8,7.8,7.8,7.8,7.8,7.8,7.8,7.8,7.8,7.8,7.8,7.8,7.8,7.8,7.8,7.8,7.8,7.8,7.8,7.8,7.8,7.8,7.8,7.8,Dropout
394,401.40999999999997,72.013,10.4,88.657,29.174,10.4,10.4,10.4,10.4,10.4,10.4,10.4,10.4,10.4,10.4,10.4,10.4,10.4,114.419,10.4,10.4,10.4,10.4,10.4,10.4,10.4,10.4,10.4,10.4,10.4,Fail
395,2864.128,153.37800000000001,246.443,225.459,123.998,224.808,10.4,234.79200000000003,391.034,284.855,260.05600000000004,324.459,185.324,178.44,160.27,211.011,138.353,10.4,260.87100000000004,148.729,203.059,123.15700000000001,145.054,106.10499999999999,75.305,10.4,101.79999999999998,64.239,113.803,296.633,Pass
396,3641.5,95.03999999999999,75.37899999999999,168.87899999999996,84.34300000000002,121.734,10.4,159.159,187.821,117.92899999999999,191.44999999999996,127.13,97.84700000000001,65.49600000000001,105.534,83.596,61.334,10.4,218.29,92.835,110.039,96.152,61.690999999999995,71.45,87.171,10.4,60.980999999999995,74.24600000000001,107.78200000000001,295.458,Pass
397,5551.076999999999,140.688,136.26,292.714,137.778,311.109,7.8,253.10000000000002,244.04000000000002,183.35,308.748,287.923,286.235,233.076,263.597,160.564,237.536,7.8,522.7439999999999,223.01399999999998,245.57799999999997,268.552,237.66899999999998,331.793,183.389,7.8,251.204,49.959,76.296,389.336,Pass
398,50.696,10.4,10.4,10.4,10.4,10.4,10.4,10.4,10.4,10.4,10.4,10.4,10.4,10.4,10.4,10.4,10.4,10.4,10.4,10.4,10.4,10.4,10.4,10.4,10.4,10.4,10.4,10.4,10.4,10.4,Dropout
399,2321.46,154.61899999999997,139.62,411.50899999999996,110.19099999999999,368.841,7.8,344.976,191.47,103.968,216.832,133.25300000000001,353.379,253.98199999999997,250.824,136.372,109.669,7.8,403.51099999999997,248.46000000000004,266.90299999999996,182.72299999999998,185.76000000000005,134.74,82.613,7.8,64.476,54.271,89.09,288.17799999999994,Pass
400,433.6,65.059,10.4,10.4,10.4,10.4,10.4,10.4,10.4,10.4,10.4,10.4,10.4,10.4,10.4,10.4,10.4,10.4,10.4,10.4,10.4,10.4,10.4,10.4,10.4,10.4,10.4,10.4,10.4,10.4,Fail
401,79.406,10.4,10.4,10.4,10.4,10.4,10.4,10.4,10.4,10.4,10.4,10.4,10.4,10.4,10.4,10.4,10.4,10.4,10.4,10.4,10.4,10.4,10.4,10.4,10.4,10.4,10.4,10.4,10.4,10.4,Fail
402,1651.1299999999999,83.676,120.55199999999999,91.703,5.4659999999999975,10.4,10.4,-9.707999999999998,33.122,10.4,10.4,10.4,10.4,10.4,37.64,10.4,10.4,10.4,106.106,10.4,72.454,10.4,10.4,10.4,10.4,10.4,41.809,42.242,119.89600000000002,245.272,Pass
403,261.677,10.4,10.4,10.4,27.092,60.517,10.4,10.4,32.42,10.4,10.4,10.4,10.4,10.4,25.880000000000003,10.4,10.4,10.4,10.4,10.4,10.4,10.4,10.4,10.4,10.4,10.4,10.4,10.4,10.4,10.4,Fail
404,54.417,10.4,10.4,10.4,10.4,10.4,10.4,10.4,10.4,10.4,10.4,10.4,10.4,10.4,10.4,10.4,10.4,10.4,10.4,10.4,10.4,10.4,10.4,10.4,10.4,10.4,10.4,10.4,10.4,10.4,Dropout
405,1983.412,97.637,10.4,84.772,78.33800000000001,104.24799999999999,10.4,56.266999999999996,31.579,47.459,53.055,10.4,10.4,95.564,34.256,10.4,47.766999999999996,10.4,192.064,10.4,90.902,10.4,57.117,10.4,10.4,10.4,10.4,10.4,97.13300000000001,283.54600000000005,Pass
406,66.90700000000001,7.8,7.8,7.8,20.133,7.8,7.8,7.8,18.639,7.8,7.8,7.8,7.8,7.8,7.8,7.8,7.8,7.8,7.8,7.8,7.8,7.8,7.8,7.8,7.8,7.8,7.8,7.8,7.8,7.8,Dropout
407,402.947,66.042,10.4,10.4,32.015,57.18,10.4,10.4,28.259,10.4,10.4,10.4,10.4,10.4,10.4,10.4,10.4,10.4,10.4,10.4,10.4,10.4,10.4,10.4,10.4,10.4,10.4,10.4,10.4,10.4,Fail
408,1566.414,31.245999999999995,58.392,85.16,75.88999999999999,89.895,10.4,-25.333000000000006,63.057,10.4,-16.408,40.717999999999996,115.548,75.001,89.712,78.03299999999999,57.71500000000001,10.4,224.73600000000002,43.342999999999996,54.040000000000006,46.034000000000006,66.467,28.792,55.836,10.4,52.205,10.4,37.142,57.836,Pass
409,1388.205,137.661,124.845,45.907,135.736,124.783,10.4,86.707,230.196,203.28199999999998,150.185,180.692,93.179,54.508,85.42,61.232,61.546,10.4,111.939,35.159,73.20700000000001,42.109,10.4,10.4,10.4,10.4,10.4,10.4,43.717,123.419,Pass
410,1865.897,109.662,122.262,347.43999999999994,108.41499999999999,227.57300000000004,10.4,205.44100000000003,213.983,61.385999999999996,102.963,64.453,213.98000000000002,184.05499999999998,152.908,145.868,189.072,10.4,131.989,160.262,136.269,136.006,93.4,189.422,53.986999999999995,10.4,35.766999999999996,10.4,55.894,87.876,Pass
411,1064.612,138.236,112.58600000000001,204.41500000000002,107.166,258.438,7.8,193.191,198.38699999999997,83.95299999999999,51.107,7.8,104.441,81.91199999999999,80.80300000000001,7.8,7.8,7.8,7.8,7.8,31.430999999999997,7.8,7.8,7.8,7.8,7.8,7.8,7.8,7.8,153.30800000000002,Fail
412,899.736,188.347,121.61999999999999,87.432,91.934,59.66600000000001,10.4,67.947,127.86899999999999,141.30200000000002,105.417,78.408,39.558,43.586999999999996,71.45499999999998,84.886,51.242,10.4,62.35,68.578,111.63,33.617000000000004,52.239999999999995,10.4,30.392,10.4,125.736,50.467,89.62800000000001,89.031,Pass
413,1816.081,58.817,70.95200000000001,46.492,25.717999999999996,101.727,10.4,-22.783,33.68,59.39200000000001,10.4,69.01700000000001,86.83,94.68200000000002,34.843999999999994,53.812,10.4,10.4,101.43299999999999,39.733999999999995,65.297,10.4,10.4,38.326,10.4,10.4,49.768,10.4,55.580000000000005,155.38400000000001,Pass
414,54.417,10.4,10.4,10.4,10.4,10.4,10.4,10.4,10.4,10.4,10.4,10.4,10.4,10.4,10.4,10.4,10.4,10.4,10.4,10.4,10.4,10.4,10.4,10.4,10.4,10.4,10.4,10.4,10.4,10.4,Dropout
415,1475.444,55.88,141.993,66.086,91.941,106.854,10.4,123.53999999999999,84.808,88.24,62.304,59.675999999999995,98.488,110.46799999999999,40.144999999999996,39.266999999999996,10.4,10.4,236.38000000000005,106.973,73.052,59.790000000000006,45.642,54.479,32.517,10.4,45.441,10.4,82.004,106.863,Fail
416,52.083,10.4,10.4,10.4,10.4,10.4,10.4,10.4,10.4,10.4,10.4,10.4,10.4,10.4,10.4,10.4,10.4,10.4,10.4,10.4,10.4,10.4,10.4,10.4,10.4,10.4,10.4,10.4,10.4,10.4,Fail
417,783.756,126.25999999999999,10.4,64.342,67.317,10.4,10.4,10.4,60.092,10.4,10.4,10.4,10.4,10.4,10.4,10.4,10.4,10.4,10.4,10.4,10.4,10.4,10.4,10.4,10.4,10.4,10.4,10.4,10.4,140.142,Dropout
418,1816.696,89.896,129.11200000000002,196.097,87.884,167.937,10.4,128.964,109.96100000000001,151.391,113.833,132.61899999999997,238.836,128.629,161.73499999999999,52.458999999999996,10.4,10.4,489.709,109.80799999999999,137.56099999999998,66.078,48.969,56.201,62.120999999999995,10.4,10.4,10.4,78.17,302.559,Pass
419,312.168,70.693,10.4,10.4,31.634,10.4,10.4,10.4,37.4,10.4,10.4,10.4,10.4,10.4,10.4,10.4,10.4,10.4,114.419,10.4,10.4,10.4,10.4,10.4,10.4,10.4,10.4,10.4,10.4,151.359,Fail
420,444.402,10.4,64.80799999999999,19.291999999999998,25.720999999999997,15.917,10.4,42.455,177.96800000000002,96.72,137.79899999999998,125.06800000000001,163.293,80.636,86.082,71.454,62.041999999999994,10.4,136.353,117.041,68.666,10.4,10.4,10.4,10.4,10.4,10.4,10.4,10.4,42.014,Fail
421,510.978,95.289,98.082,109.45199999999998,10.4,10.4,10.4,10.4,10.4,10.4,10.4,10.4,10.4,10.4,10.4,10.4,10.4,10.4,108.71799999999999,10.4,10.4,10.4,10.4,10.4,10.4,10.4,10.4,10.4,10.4,140.842,Dropout
422,1272.032,80.755,74.107,211.324,105.818,245.287,7.8,171.26300000000003,192.511,130.298,37.942,6.568,153.44899999999998,52.615,52.623000000000005,46.559000000000005,7.8,7.8,213.074,141.959,179.185,77.936,7.8,97.941,113.731,7.8,52.465,48.150999999999996,91.766,239.779,Pass
423,1548.694,129.218,84.54799999999999,141.764,98.46800000000002,149.515,10.4,142.04899999999998,138.41799999999998,38.434,102.801,48.617,200.749,172.995,146.138,93.21000000000001,55.13399999999999,10.4,79.291,136.75,117.093,65.387,10.4,46.417,71.879,10.4,34.19200000000001,10.4,88.815,306.269,Pass
424,1755.534,233.081,251.89799999999997,96.97099999999999,108.45899999999999,113.456,10.4,115.268,151.03,220.269,82.693,122.07,119.605,100.898,95.83999999999999,138.839,108.898,10.4,189.175,104.309,158.452,115.22499999999998,126.358,92.534,45.367,10.4,103.809,97.43799999999999,61.477000000000004,121.2,Pass
425,713.1179999999999,128.60700000000003,57.542,10.4,10.4,75.592,10.4,10.4,10.4,10.4,10.4,10.4,10.4,10.4,10.4,10.4,10.4,10.4,114.419,10.4,10.4,10.4,10.4,10.4,10.4,10.4,10.4,10.4,10.4,10.4,Dropout
426,637.487,70.273,72.269,160.858,89.594,46.867000000000004,7.8,53.817,127.20800000000001,7.8,7.8,7.8,7.8,7.8,7.8,7.8,7.8,7.8,7.8,7.8,7.8,7.8,7.8,7.8,7.8,7.8,7.8,7.8,7.8,144.137,Dropout
427,164.063,64.576,10.4,10.4,10.4,10.4,10.4,10.4,10.4,10.4,10.4,10.4,10.4,10.4,10.4,10.4,10.4,10.4,10.4,10.4,10.4,10.4,10.4,10.4,10.4,10.4,10.4,10.4,10.4,140.842,Dropout
428,2701.143,138.941,105.873,203.841,92.818,168.277,10.4,189.129,162.761,169.446,174.481,155.599,214.03099999999998,207.76600000000002,160.566,136.203,66.093,10.4,326.69500000000005,188.761,222.589,198.71499999999997,58.051,129.35899999999998,144.94,10.4,66.254,78.693,148.69899999999998,316.095,Pass
429,1390.816,-49.983,40.278,-1.208000000000002,124.18099999999998,117.27499999999999,10.4,116.40100000000001,28.721999999999998,51.788000000000004,22.226,111.77600000000001,129.86599999999999,207.841,153.083,204.85699999999997,127.68700000000001,10.4,120.857,128.73,228.79199999999997,156.785,141.243,101.93499999999999,85.816,10.4,107.857,63.43999999999999,129.54399999999998,210.82999999999998,Fail
430,178.63600000000002,57.20100000000001,10.4,10.4,31.198999999999998,10.4,10.4,10.4,30.701,10.4,10.4,10.4,10.4,10.4,33.937999999999995,10.4,10.4,10.4,10.4,10.4,10.4,10.4,10.4,10.4,10.4,10.4,10.4,10.4,10.4,10.4,Dropout
431,1974.5919999999999,146.26199999999997,188.81099999999998,210.005,129.788,92.19299999999998,7.8,83.459,202.435,183.169,65.03,180.80900000000003,91.666,162.12800000000001,91.312,63.342,42.617000000000004,7.8,418.506,16.259,157.351,53.567,58.589,88.23900000000002,58.953,7.8,118.36200000000001,46.867000000000004,73.059,322.272,Pass
432,1505.808,59.892999999999994,48.992000000000004,71.73899999999999,75.752,95.58600000000001,7.8,128.13400000000001,93.387,51.659,7.8,115.23499999999999,95.604,49.992,81.378,7.8,7.8,7.8,102.389,74.134,72.49,50.69200000000001,7.8,51.967,69.676,7.8,81.44,43.471000000000004,81.11399999999999,130.334,Pass
433,929.406,133.03799999999998,124.70100000000001,88.072,98.13599999999998,140.10500000000002,10.4,136.473,5.897,-13.740999999999998,10.4,10.4,10.4,10.4,34.843999999999994,10.4,10.4,10.4,10.4,16.884,41.815,23.317,10.4,25.417,10.4,10.4,44.859,10.4,42.717,201.288,Dropout
434,54.417,10.4,10.4,10.4,34.684999999999995,10.4,10.4,10.4,29.705,10.4,10.4,10.4,10.4,10.4,29.206999999999997,10.4,10.4,10.4,10.4,10.4,22.982,10.4,10.4,10.4,10.4,10.4,10.4,10.4,10.4,10.4,Dropout
435,2321.23,271.945,153.86599999999999,144.37199999999999,132.313,223.801,10.4,138.244,173.983,195.65800000000002,141.01399999999998,208.76099999999997,123.262,176.55800000000002,185.359,153.39,90.841,10.4,306.678,152.621,204.181,160.242,165.57899999999998,165.942,154.282,10.4,120.79,155.315,152.071,334.924,Pass
436,1242.28,141.78799999999998,58.07299999999999,295.444,112.54200000000002,275.128,10.4,105.777,345.885,146.712,45.642,65.874,115.792,96.11000000000001,103.083,131.882,98.24199999999999,10.4,120.693,87.291,94.459,46.855999999999995,22.866999999999997,31.137,33.242000000000004,10.4,37.192,65.48400000000001,47.141999999999996,103.39,Pass
437,2289.101,131.233,88.093,131.575,82.95700000000001,100.445,10.4,67.236,38.894,10.4,10.4,50.159000000000006,90.501,123.651,76.865,23.959000000000003,23.933999999999997,10.4,256.52799999999996,34.342,88.601,37.292,44.784,51.429,34.81699999999999,10.4,10.4,10.4,65.587,247.491,Pass
438,51.81700000000001,7.8,7.8,7.8,7.8,7.8,7.8,7.8,7.8,7.8,7.8,7.8,7.8,7.8,7.8,7.8,7.8,7.8,7.8,7.8,7.8,7.8,7.8,7.8,7.8,7.8,7.8,7.8,7.8,7.8,Dropout
439,2106.5789999999997,165.212,124.84499999999998,240.058,133.047,187.28300000000002,7.8,172.066,186.548,181.36800000000002,198.93099999999998,180.19,219.354,263.601,184.91100000000003,162.812,105.38199999999999,7.8,388.068,268.601,225.93099999999998,187.364,143.867,144.32,148.938,7.8,78.919,96.594,171.014,316.03499999999997,Pass
440,438.332,59.959999999999994,73.19500000000001,148.297,29.027,10.4,10.4,10.4,10.4,10.4,10.4,10.4,10.4,10.4,10.4,10.4,10.4,10.4,10.4,10.4,10.4,10.4,10.4,10.4,10.4,10.4,10.4,10.4,10.4,137.867,Dropout
441,1300.865,144.484,149.471,82.887,82.54599999999999,52.567,7.8,92.381,87.696,99.707,7.8,82.408,66.13499999999999,36.692,42.525,45.434000000000005,7.8,7.8,117.382,7.8,38.900999999999996,7.8,7.8,7.8,7.8,7.8,7.8,7.8,7.8,186.842,Dropout
442,1616.123,104.60099999999998,59.352000000000004,157.35999999999999,95.891,66.84800000000001,10.4,118.43099999999998,67.118,52.458999999999996,10.4,49.467,97.921,61.147999999999996,39.824,10.4,10.4,10.4,253.684,35.791999999999994,113.18299999999999,80.27600000000001,10.4,45.484,36.94199999999999,10.4,35.892,10.4,166.061,248.93699999999998,Pass
443,644.126,73.434,88.00399999999999,204.22199999999998,79.13499999999999,66.58000000000001,10.4,10.4,10.4,10.4,10.4,10.4,10.4,10.4,10.4,10.4,10.4,10.4,102.34299999999999,10.4,10.4,10.4,10.4,10.4,10.4,10.4,10.4,10.4,10.4,150.209,Dropout
444,1116.821,10.4,29.089,19.442,29.705,10.4,10.4,57.542,88.40299999999999,10.4,79.017,64.938,152.876,156.21900000000002,146.80700000000002,73.866,48.384,10.4,161.742,173.13,164.275,85.9,104.195,141.096,129.94299999999998,10.4,67.429,58.084,161.119,187.955,Pass
445,849.792,66.042,90.135,10.4,29.525,10.4,10.4,10.4,10.4,10.4,10.4,10.4,10.4,10.4,28.427,10.4,10.4,10.4,10.4,10.4,10.4,10.4,10.4,10.4,10.4,10.4,10.4,10.4,10.4,10.4,Dropout
446,1471.036,140.285,81.69399999999999,186.87199999999999,86.638,157.524,10.4,158.608,185.862,159.909,118.86500000000001,58.004000000000005,153.566,133.20100000000002,136.731,10.4,10.4,10.4,299.394,150.972,149.47899999999998,109.5,157.54999999999998,66.119,50.817,10.4,10.4,10.4,67.234,261.13599999999997,Pass
447,1492.6979999999999,123.375,92.951,116.63,100.08200000000001,7.8,7.8,35.391999999999996,63.76,43.342,7.8,64.254,7.8,94.634,39.978,7.8,7.8,7.8,240.019,12.592,66.21,59.892,7.8,7.8,7.8,7.8,37.934000000000005,7.8,104.967,106.432,Fail
448,1775.487,82.6,196.387,107.382,113.73899999999999,52.117000000000004,7.8,75.816,135.188,122.76400000000001,42.617000000000004,7.8,87.19200000000001,49.797,88.94800000000001,7.8,7.8,7.8,210.57399999999996,68.827,159.653,31.142,50.437,66.766,67.971,7.8,7.8,38.059,65.008,273.978,Pass
449,57.88100000000001,63.400999999999996,7.8,7.8,7.8,7.8,7.8,7.8,7.8,7.8,7.8,7.8,7.8,7.8,7.8,7.8,7.8,7.8,7.8,7.8,7.8,7.8,7.8,7.8,7.8,7.8,7.8,7.8,7.8,7.8,Dropout
450,3273.114,159.567,152.48999999999998,132.363,-12.490000000000006,110.437,7.8,97.186,151.999,205.62,197.22600000000003,213.94699999999997,89.057,79.368,25.205,104.636,46.984,7.8,452.55400000000003,121.89900000000002,92.791,43.218,47.699999999999996,81.46199999999999,88.617,7.8,138.59199999999998,86.24199999999999,59.065000000000005,396.56700000000006,Pass
451,649.6610000000001,82.69599999999998,58.75099999999999,10.4,65.03,10.4,10.4,10.4,35.906,10.4,10.4,10.4,10.4,10.4,10.4,10.4,10.4,10.4,10.4,10.4,10.4,10.4,10.4,10.4,10.4,10.4,10.4,10.4,10.4,10.4,Fail
452,6962.165,192.41,209.40500000000003,340.796,166.59199999999998,299.552,10.4,278.80499999999995,292.03700000000003,239.93400000000003,329.551,291.903,199.43599999999998,183.28400000000002,189.66699999999997,141.343,105.958,10.4,350.314,210.844,213.652,190.463,189.97,241.831,230.977,10.4,193.31900000000002,178.34699999999998,256.201,483.68499999999995,Pass
453,1410.1260000000002,123.559,235.907,76.628,91.681,124.495,10.4,112.29700000000001,276.595,125.46400000000001,109.016,106.976,80.423,81.37899999999999,28.253,51.846,54.821,10.4,165.26799999999997,10.4,66.151,49.009,45.184,10.4,10.4,10.4,36.259,10.4,42.28,151.27999999999997,Fail
454,54.417,10.4,10.4,10.4,10.4,10.4,10.4,10.4,10.4,10.4,10.4,10.4,10.4,10.4,10.4,10.4,10.4,10.4,10.4,10.4,10.4,10.4,10.4,10.4,10.4,10.4,10.4,10.4,10.4,10.4,Dropout
455,1865.2289999999998,107.57199999999999,58.81699999999999,151.216,86.62599999999999,167.75300000000001,10.4,158.304,182.73399999999998,200.872,123.67,147.83299999999997,184.35000000000002,117.47899999999998,118.084,135.838,148.637,10.4,135.225,168.993,157.833,134.451,130.461,167.377,136.412,10.4,148.749,89.078,64.046,283.881,Pass
456,51.81700000000001,7.8,7.8,7.8,7.8,7.8,7.8,7.8,7.8,7.8,7.8,7.8,7.8,7.8,7.8,7.8,7.8,7.8,7.8,7.8,7.8,7.8,7.8,7.8,7.8,7.8,7.8,7.8,7.8,7.8,Dropout
457,3151.9469999999997,195.47000000000003,152.209,340.025,143.25300000000001,259.168,7.8,237.30200000000002,430.887,543.785,195.949,245.98700000000002,264.619,229.23900000000003,217.70499999999998,194.54399999999998,136.89600000000002,7.8,565.244,246.389,277.196,215.629,168.006,145.91699999999997,178.43,7.8,171.664,127.70600000000002,126.66199999999999,323.214,Pass
458,235.69800000000004,81.05000000000001,10.4,80.509,10.4,91.94200000000001,10.4,10.4,10.4,10.4,10.4,10.4,10.4,10.4,10.4,10.4,10.4,10.4,10.4,10.4,10.4,10.4,10.4,10.4,10.4,10.4,10.4,10.4,10.4,10.4,Dropout
459,1718.5990000000002,106.442,126.928,197.313,95.143,156.796,10.4,115.253,187.81099999999998,109.269,10.4,103.334,122.26500000000001,155.672,119.901,71.417,79.894,10.4,58.30800000000001,10.4,40.855999999999995,10.4,23.509,23.967,10.4,10.4,10.4,38.384,38.842,178.19899999999998,Dropout
460,2740.19,230.20600000000002,270.004,219.391,135.00300000000001,238.514,7.8,284.475,265.193,332.481,197.81,273.947,149.18599999999998,158.79,92.51700000000001,146.754,113.713,7.8,357.44399999999996,254.452,160.02,97.339,114.92000000000002,188.287,62.053999999999995,7.8,107.60799999999999,49.754999999999995,104.66499999999999,338.94500000000005,Pass
461,1940.963,144.988,252.209,324.688,128.49099999999999,298.681,10.4,238.67200000000003,418.52699999999993,299.60699999999997,156.581,158.765,269.474,221.303,167.721,169.45499999999998,139.34,10.4,252.773,126.68499999999999,80.365,89.686,145.777,125.18799999999999,108.523,10.4,46.794,86.359,79.535,228.267,Pass
462,394.41200000000003,87.412,116.65400000000001,155.04200000000003,67.621,104.71700000000001,7.8,72.66699999999999,9.438,7.8,7.8,7.8,7.8,7.8,7.8,7.8,7.8,7.8,100.16799999999999,7.8,7.8,7.8,7.8,7.8,7.8,7.8,7.8,7.8,7.8,7.8,Dropout
463,2317.5139999999997,199.54500000000002,159.565,222.04899999999998,91.36000000000001,164.52200000000002,7.8,119.04199999999999,165.837,107.387,123.63700000000001,257.421,178.00699999999998,214.38800000000003,120.612,160.791,89.325,7.8,295.553,142.654,168.493,154.08100000000002,131.79999999999998,148.18699999999998,158.024,7.8,101.523,83.92399999999999,161.16400000000002,375.07800000000003,Fail
464,903.1439999999999,71.55,52.442,155.19299999999998,98.814,183.159,10.4,111.93999999999998,140.844,134.407,146.958,64.925,52.016999999999996,10.4,37.979,10.4,10.4,10.4,113.569,10.4,10.4,10.4,10.4,10.4,10.4,10.4,10.4,10.4,10.4,10.4,Dropout
465,692.277,68.768,83.996,224.27399999999997,108.441,161.327,10.4,10.4,25.505000000000003,10.4,10.4,10.4,10.4,10.4,10.4,10.4,10.4,10.4,107.19400000000002,10.4,10.4,10.4,10.4,10.4,10.4,10.4,10.4,10.4,10.4,152.084,Fail
466,1189.467,203.558,277.029,110.78099999999998,132.019,170.35200000000003,10.4,236.87100000000004,220.75400000000002,176.932,79.28,159.78,95.84300000000002,62.574999999999996,77.238,46.034000000000006,50.009,10.4,96.483,10.4,47.111000000000004,10.4,10.4,10.4,10.4,10.4,10.4,10.4,10.4,85.167,Fail
467,1861.4640000000002,231.3,170.25099999999998,220.608,134.107,92.832,10.4,140.576,297.60200000000003,115.42,121.52099999999999,45.021,125.162,79.066,95.12700000000001,166.921,75.362,10.4,279.545,85.843,126.113,81.75399999999999,96.47999999999999,116.951,102.498,10.4,39.673,72.524,10.4,274.48199999999997,Pass
468,2280.549,188.414,150.19299999999998,321.974,130.344,313.144,7.8,214.415,151.596,128.95999999999998,140.90300000000002,155.53199999999998,198.94600000000003,247.209,168.326,139.393,91.112,7.8,176.492,133.33200000000002,158.02100000000002,117.22200000000001,51.117000000000004,125.39500000000001,66.084,7.8,58.491,7.8,107.605,300.017,Pass
469,2316.0309999999995,184.774,235.90900000000002,167.861,141.082,230.966,10.4,257.78999999999996,276.074,216.6,232.081,238.93200000000002,216.004,137.48200000000003,145.878,193.76800000000003,97.976,10.4,269.29699999999997,135.973,150.58399999999997,168.368,91.92499999999998,131.501,102.14500000000001,10.4,147.329,188.15,143.77599999999998,287.034,Pass
470,1981.862,113.28800000000001,169.506,300.20899999999995,102.962,73.53,10.4,138.157,131.926,80.14099999999999,78.825,99.75300000000001,108.21,205.031,94.37800000000001,10.4,60.092,10.4,318.58900000000006,128.24,193.329,77.27799999999999,52.016999999999996,63.486000000000004,28.367,10.4,44.101,10.4,124.47500000000001,314.111,Pass
471,1029.042,-34.258,105.131,-8.708000000000002,117.437,1.0709999999999997,10.4,104.378,79.42399999999999,4.0169999999999995,13.508999999999999,31.192,174.253,174.098,171.668,67.938,53.559,10.4,151.443,125.804,167.29600000000002,65.39500000000001,46.94599999999999,41.641,27.792,10.4,77.65599999999999,10.4,70.37299999999999,151.504,Pass
472,2039.6019999999999,102.905,130.061,181.585,95.989,53.592,10.4,139.469,287.864,80.434,53.159,51.134,252.962,222.842,172.02900000000002,205.10500000000002,152.601,10.4,337.76800000000003,162.84799999999998,155.714,139.579,72.32,98.31199999999998,82.307,10.4,86.773,51.134,45.266999999999996,303.84000000000003,Pass
473,1541.555,194.527,110.02999999999999,190.424,103.56899999999999,170.264,10.4,166.118,124.227,141.43599999999998,107.48599999999999,196.036,154.121,120.77199999999999,153.75099999999998,64.653,61.077000000000005,10.4,302.039,163.364,206.911,138.433,44.359,127.309,171.492,10.4,49.489,61.969,167.08000000000004,300.283,Pass
474,1158.992,91.338,10.4,135.462,93.804,205.70500000000004,10.4,106.43800000000002,162.316,186.54700000000003,142.279,131.416,10.4,10.4,10.4,10.4,10.4,10.4,92.568,10.4,10.4,10.4,10.4,10.4,10.4,10.4,10.4,10.4,10.4,10.4,Fail
475,2428.112,151.041,145.561,453.177,136.84199999999998,399.438,10.4,230.141,137.986,138.375,156.323,106.5,416.01800000000003,329.24,267.223,278.792,106.318,10.4,466.7729999999999,246.68300000000002,189.31900000000002,46.641999999999996,98.715,155.182,151.80599999999998,10.4,98.874,38.384,147.75,277.202,Pass
476,1883.6749999999997,146.03199999999998,138.601,142.39499999999998,73.836,124.07799999999999,10.4,186.78500000000003,240.40800000000002,240.662,172.32600000000002,139.803,176.721,122.882,140.248,190.855,91.41,10.4,191.80700000000002,135.221,157.013,158.46800000000002,122.99500000000002,100.87199999999999,156.291,10.4,130.597,161.55200000000002,74.795,144.802,Pass
477,2231.1040000000003,306.594,273.027,321.224,149.26,307.445,10.4,206.50099999999998,263.996,221.39200000000002,186.489,152.67700000000002,319.211,395.128,266.397,308.13800000000003,205.517,10.4,366.596,241.63000000000002,284.61,254.633,228.638,213.222,199.33299999999997,10.4,200.195,169.082,169.12099999999998,318.342,Pass
478,2777.225,145.728,213.052,141.283,109.391,217.845,10.4,166.17700000000002,311.55199999999996,238.289,130.189,231.121,121.28299999999999,163.707,161.28499999999997,150.53699999999998,137.794,10.4,358.42100000000005,114.31700000000001,159.34699999999998,131.381,107.238,118.289,109.83000000000001,10.4,133.56900000000002,110.007,179.03099999999998,373.531,Pass
479,114.94999999999999,10.4,10.4,69.995,61.51700000000001,10.4,10.4,10.4,10.4,10.4,10.4,10.4,10.4,10.4,10.4,10.4,10.4,10.4,10.4,10.4,10.4,10.4,10.4,10.4,10.4,10.4,10.4,10.4,10.4,10.4,Fail
480,2279.182,194.46099999999998,200.87599999999998,199.36899999999997,118.31799999999998,230.142,7.8,204.327,214.72899999999998,344.911,236.68699999999998,234.14300000000003,213.007,136.24400000000003,84.753,82.39699999999999,47.684,7.8,209.382,135.716,156.316,51.222,81.612,91.007,97.464,7.8,119.542,45.159,105.46799999999999,292.817,Pass
481,3166.152,183.86,186.438,210.421,116.291,201.364,10.4,177.96,153.086,137.49900000000002,121.13,126.574,237.176,131.639,165.44899999999998,164.68400000000003,65.45000000000002,10.4,228.41000000000003,130.275,161.845,114.739,108.385,126.307,111.90799999999999,10.4,89.83000000000001,94.62899999999999,123.21699999999998,269.934,Pass
482,1470.8849999999998,10.4,-40.633,10.4,35.882,10.4,10.4,-23.758000000000006,23.965,-13.440999999999999,103.692,10.4,-9.883,62.28,42.197,10.4,10.4,10.4,10.4,10.4,45.617000000000004,31.534,28.509,29.842,35.81699999999999,10.4,42.284000000000006,10.4,69.23400000000001,165.876,Pass
483,2489.804,135.005,141.221,147.41,151.177,195.507,10.4,188.50199999999998,174.474,172.699,117.45400000000001,299.33000000000004,205.55999999999997,169.59,171.165,135.015,95.058,10.4,214.722,56.286,130.426,85.13600000000001,121.893,61.253,76.59400000000001,10.4,49.126000000000005,45.979,79.256,311.83299999999997,Pass
484,1942.595,280.49199999999996,265.65,218.168,126.846,165.263,7.8,136.041,253.156,201.638,164.27300000000002,153.57899999999998,169.62699999999998,91.04499999999999,91.62700000000001,106.02,75.846,7.8,176.77499999999998,35.042,123.85799999999999,69.042,92.485,129.24099999999999,34.19199999999999,7.8,120.547,37.483999999999995,117.89,235.049,Pass
485,2425.083,153.24499999999998,194.053,210.511,87.12299999999999,219.636,10.4,179.95000000000002,205.773,173.693,214.04000000000002,220.69600000000003,217.33499999999998,240.473,187.953,155.344,180.815,10.4,263.586,144.998,193.211,180.542,142.711,136.854,148.42,10.4,153.892,189.14,185.742,163.174,Pass
486,51.81700000000001,7.8,7.8,7.8,7.8,7.8,7.8,7.8,7.8,7.8,7.8,7.8,7.8,7.8,7.8,7.8,7.8,7.8,7.8,7.8,7.8,7.8,7.8,7.8,7.8,7.8,7.8,7.8,7.8,7.8,Dropout
487,521.447,139.118,61.484,58.71200000000001,34.271,10.4,10.4,10.4,38.777,10.4,10.4,45.184,10.4,10.4,40.538,10.4,10.4,10.4,10.4,10.4,10.4,10.4,10.4,10.4,51.592,10.4,10.4,10.4,10.4,10.4,Fail
488,1235.6999999999998,30.934999999999995,42.178,75.673,59.839,-11.588000000000003,7.8,87.63999999999999,154.10399999999998,84.014,77.55199999999999,182.89,174.792,128.56,97.44999999999999,11.383999999999999,45.505,7.8,465.43100000000004,102.677,73.20700000000001,107.911,7.8,55.883,26.617000000000004,7.8,29.867,53.437,190.97400000000002,222.45100000000002,Pass
489,3470.473,149.328,253.587,206.30400000000003,161.875,208.49399999999997,7.8,202.938,208.24599999999998,262.912,158.153,174.947,338.32800000000003,202.5,300.403,295.274,145.841,7.8,359.19700000000006,183.49699999999999,200.25900000000001,142.28,188.124,163.721,138.351,7.8,166.844,82.695,192.675,346.075,Pass
490,2124.167,180.857,134.63,194.513,123.11499999999998,115.197,7.8,139.377,152.42,58.980999999999995,53.937,64.072,156.752,110.137,100.993,134.976,84.806,7.8,213.24300000000002,95.14099999999999,116.857,98.57,57.48800000000001,79.56200000000001,62.364999999999995,7.8,86.889,57.317,91.268,330.10100000000006,Pass
491,290.346,57.542,59.209,10.4,85.529,10.4,10.4,10.4,10.4,10.4,10.4,10.4,10.4,10.4,10.4,10.4,10.4,10.4,10.4,10.4,10.4,10.4,10.4,10.4,10.4,10.4,10.4,10.4,10.4,10.4,Dropout
492,978.317,122.77799999999999,144.80499999999998,148.263,103.08200000000001,10.4,10.4,10.4,10.4,10.4,10.4,10.4,10.4,10.4,10.4,10.4,10.4,10.4,10.4,10.4,10.4,10.4,10.4,10.4,10.4,10.4,10.4,10.4,10.4,152.38,Fail
493,2308.2110000000002,184.329,156.052,226.138,37.07899999999999,162.153,10.4,144.43200000000002,240.309,211.749,178.118,166.38799999999998,148.708,124.156,142.26000000000002,116.505,81.526,10.4,153.002,116.76599999999999,164.42000000000002,98.13499999999999,86.34100000000001,97.942,105.40699999999998,10.4,79.892,99.33500000000001,237.69500000000002,325.212,Pass
494,397.531,89.563,72.85,101.425,84.93,69.66900000000001,10.4,10.4,76.307,10.4,57.084,10.4,10.4,10.4,10.4,10.4,10.4,10.4,100.218,10.4,10.4,10.4,10.4,10.4,10.4,10.4,10.4,10.4,10.4,146.05999999999997,Fail
495,2033.8419999999999,92.79299999999999,115.156,217.79500000000002,106.256,210.28999999999996,10.4,207.702,92.562,110.69,10.4,138.923,183.863,227.60499999999996,135.785,96.733,64.736,10.4,212.04399999999998,170.317,161.152,166.28900000000002,79.55,151.331,101.28999999999999,10.4,100.729,49.041999999999994,232.81099999999998,307.02200000000005,Pass
496,292.7,74.596,10.4,67.209,10.4,10.4,10.4,10.4,10.4,10.4,10.4,84.742,10.4,10.4,10.4,10.4,10.4,10.4,10.4,10.4,10.4,10.4,10.4,10.4,10.4,10.4,10.4,10.4,10.4,147.78400000000002,Dropout
497,1310.6640000000002,127.00999999999999,131.052,297.93,128.889,374.28900000000004,10.4,278.255,240.33300000000003,116.178,135.06599999999997,120.29199999999999,100.354,108.061,122.082,45.897,51.872,10.4,238.44799999999998,202.671,281.479,228.676,127.363,240.60000000000002,220.652,10.4,62.562,51.457,109.082,259.746,Pass
498,1022.53,114.225,9.584,93.295,117.04100000000001,170.688,10.4,144.05200000000002,44.821,59.596000000000004,10.4,10.4,10.4,10.4,25.205,10.4,10.4,10.4,144.197,10.4,39.227,10.4,10.4,10.4,10.4,10.4,10.4,10.4,10.4,142.992,Dropout
499,2886.4539999999997,126.832,151.971,211.717,122.43799999999999,211.032,10.4,185.56799999999998,237.405,328.58700000000005,180.458,225.894,168.632,166.314,168.131,123.24,97.251,10.4,331.221,162.54500000000002,170.68,134.59,130.538,118.877,136.879,10.4,125.73499999999999,115.49000000000001,158.80900000000003,414.716,Pass
500,71.874,10.4,10.4,10.4,10.4,10.4,10.4,10.4,10.4,10.4,10.4,10.4,10.4,10.4,10.4,10.4,10.4,10.4,10.4,10.4,10.4,10.4,10.4,10.4,10.4,10.4,10.4,10.4,10.4,10.4,Dropout
501,1051.773,118.95999999999998,96.71200000000002,211.833,107.10899999999998,115.916,7.8,7.8,7.8,7.8,7.8,7.8,7.8,55.817,7.8,7.8,7.8,7.8,112.493,7.8,7.8,7.8,7.8,7.8,7.8,7.8,7.8,7.8,7.8,150.00400000000002,Dropout
502,81.925,10.4,10.4,10.4,10.4,10.4,10.4,10.4,10.4,10.4,10.4,10.4,10.4,10.4,10.4,10.4,10.4,10.4,10.4,10.4,10.4,10.4,10.4,10.4,10.4,10.4,10.4,10.4,10.4,10.4,Dropout
503,1854.9950000000001,151.788,135.825,245.298,144.338,265.864,10.4,168.50000000000003,225.654,217.934,126.74699999999999,127.89999999999999,203.214,176.71899999999997,136.867,201.553,126.701,10.4,284.747,174.09300000000002,209.396,173.235,198.409,136.063,123.84800000000001,10.4,116.541,93.38399999999999,193.689,279.182,Pass
504,77.515,61.05900000000001,10.4,10.4,10.4,10.4,10.4,10.4,10.4,10.4,10.4,10.4,10.4,10.4,10.4,10.4,10.4,10.4,10.4,10.4,10.4,10.4,10.4,10.4,10.4,10.4,10.4,10.4,10.4,140.842,Dropout
505,54.417,10.4,10.4,10.4,10.4,10.4,10.4,10.4,10.4,10.4,10.4,10.4,10.4,10.4,10.4,10.4,10.4,10.4,10.4,10.4,10.4,10.4,10.4,10.4,10.4,10.4,10.4,10.4,10.4,10.4,Dropout
506,864.956,29.150000000000002,33.70399999999999,70.06700000000001,34.912000000000006,80.458,10.4,142.283,91.97,87.1,118.78,150.964,99.72999999999999,54.116,100.56299999999999,48.33500000000001,48.15899999999999,10.4,134.587,73.38,84.20400000000001,41.062,37.259,41.516,47.086000000000006,10.4,77.51899999999999,48.617,95.50299999999999,172.004,Pass
507,1650.791,125.966,116.619,142.695,95.969,96.45400000000001,10.4,84.32499999999999,88.612,68.561,10.4,52.042,37.592000000000006,57.56699999999999,38.345,71.03399999999999,10.4,10.4,114.1,50.742,42.146,10.4,10.4,10.4,10.4,10.4,36.559,10.4,50.287000000000006,169.13400000000001,Pass
508,54.417,10.4,10.4,10.4,10.4,10.4,10.4,10.4,10.4,10.4,10.4,10.4,10.4,10.4,10.4,10.4,10.4,10.4,10.4,10.4,10.4,10.4,10.4,10.4,10.4,10.4,10.4,10.4,10.4,10.4,Dropout
509,1393.06,98.25,78.36,186.14800000000002,129.215,146.31400000000002,10.4,105.65799999999999,98.87500000000001,57.458999999999996,44.909000000000006,47.884,55.343,88.263,37.831999999999994,62.301,10.4,10.4,83.531,48.367000000000004,84.82399999999998,56.141000000000005,56.65899999999999,94.101,10.4,10.4,10.4,10.4,45.587,87.717,Pass
510,1016.626,69.03800000000001,7.8,7.8,30.791999999999998,7.8,7.8,100.47800000000001,34.068,5.792,16.284,7.8,88.579,7.8,38.352,52.012,7.8,7.8,156.62,42.18,68.471,31.566999999999997,43.467,40.037000000000006,35.292,7.8,59.847,65.917,81.185,141.775,Pass
511,3497.817,130.589,164.575,239.28,120.139,213.685,10.4,202.50099999999998,283.226,315.78000000000003,181.94400000000002,107.236,171.2,158.88600000000002,158.02100000000002,204.365,193.106,10.4,187.866,141.52,181.25,142.629,159.591,133.749,165.162,10.4,204.547,145.77400000000003,127.28099999999999,268.407,Pass
512,3585.9170000000004,255.268,488.201,336.79100000000005,159.15800000000002,346.781,10.4,320.837,566.22,484.308,385.389,383.286,282.349,230.12900000000002,238.0,270.418,280.51800000000003,10.4,423.205,238.859,208.39499999999998,170.896,231.59499999999997,195.55700000000002,179.62900000000002,10.4,145.293,66.884,106.274,379.798,Pass
513,2431.268,481.308,270.71,365.48699999999997,120.918,347.92199999999997,7.8,341.28999999999996,331.69,258.844,274.87899999999996,341.10099999999994,254.437,368.125,197.022,166.53,56.794,7.8,371.745,171.947,195.89700000000002,60.852999999999994,66.418,76.383,68.759,7.8,44.034,58.63000000000001,79.659,268.003,Fail
514,280.034,126.457,145.537,10.4,32.693,10.4,10.4,10.4,28.211,10.4,10.4,10.4,10.4,10.4,10.4,10.4,10.4,10.4,10.4,10.4,10.4,10.4,10.4,10.4,10.4,10.4,10.4,10.4,10.4,10.4,Fail
515,645.7280000000001,65.76700000000001,67.742,70.717,88.335,10.4,10.4,10.4,10.4,63.333999999999996,10.4,10.4,10.4,10.4,10.4,10.4,10.4,10.4,10.4,10.4,10.4,10.4,10.4,10.4,10.4,10.4,10.4,10.4,10.4,154.06699999999998,Dropout
516,1628.565,101.65,111.06099999999999,155.70700000000002,85.471,11.317,7.8,99.446,37.671,105.295,82.204,71.113,44.142,124.63,70.31,65.848,15.959,7.8,183.418,126.33399999999999,107.256,127.28299999999999,22.359,27.962,27.067,7.8,70.944,69.042,54.634,297.62800000000004,Pass
517,3294.8230000000003,99.047,142.69899999999998,376.73799999999994,121.992,398.466,7.8,368.324,239.65,139.239,135.32299999999998,338.907,272.715,296.815,130.156,72.24300000000001,7.8,7.8,558.6020000000001,263.137,256.95,157.755,65.815,244.15099999999998,248.024,7.8,47.50899999999999,7.8,187.488,361.02599999999995,Pass
518,54.417,10.4,10.4,10.4,10.4,10.4,10.4,10.4,10.4,10.4,10.4,10.4,10.4,10.4,10.4,10.4,10.4,10.4,10.4,10.4,10.4,10.4,10.4,10.4,10.4,10.4,10.4,10.4,10.4,10.4,Dropout
519,265.562,10.4,10.4,10.4,28.708999999999996,10.4,10.4,63.567,27.712999999999997,101.55199999999999,10.4,10.4,10.4,10.4,10.4,10.4,10.4,10.4,10.4,10.4,10.4,10.4,10.4,10.4,10.4,10.4,10.4,10.4,10.4,10.4,Fail
520,130.847,7.8,7.8,7.8,7.8,7.8,7.8,7.8,7.8,7.8,7.8,7.8,7.8,7.8,7.8,7.8,7.8,7.8,7.8,7.8,7.8,7.8,7.8,7.8,7.8,7.8,7.8,7.8,7.8,7.8,Dropout
521,51.81700000000001,7.8,7.8,7.8,7.8,7.8,7.8,7.8,7.8,7.8,7.8,7.8,7.8,7.8,7.8,7.8,7.8,7.8,7.8,7.8,7.8,7.8,7.8,7.8,7.8,7.8,7.8,7.8,7.8,7.8,Dropout
522,230.50600000000003,74.328,10.4,10.4,10.4,10.4,10.4,10.4,10.4,10.4,10.4,10.4,10.4,10.4,10.4,10.4,10.4,10.4,10.4,10.4,10.4,10.4,10.4,10.4,10.4,10.4,10.4,10.4,10.4,147.601,Dropout
523,654.9849999999999,10.4,10.4,10.4,30.787999999999997,10.4,10.4,10.4,34.412,10.4,10.4,53.435,10.4,10.4,39.194,10.4,10.4,10.4,188.49099999999999,10.4,10.4,10.4,10.4,10.4,10.4,10.4,10.4,10.4,10.4,10.4,Fail
524,463.535,61.36600000000001,10.4,10.4,72.406,10.4,10.4,10.4,31.307000000000002,10.4,10.4,10.4,10.4,10.4,10.4,10.4,10.4,10.4,10.4,10.4,10.4,10.4,10.4,10.4,10.4,10.4,10.4,10.4,10.4,10.4,Dropout
525,4614.447,330.87399999999997,371.889,603.3850000000001,193.65099999999998,429.61899999999997,7.8,393.682,323.48400000000004,244.28900000000004,304.082,347.079,246.733,264.467,221.336,324.171,123.55000000000001,7.8,440.654,186.36300000000003,255.37999999999997,170.886,176.335,157.485,165.699,7.8,101.26599999999999,67.69,293.592,397.59999999999997,Pass
526,2710.419,204.87199999999999,217.63,179.124,120.211,223.08999999999997,7.8,174.096,220.024,297.5,197.36599999999999,286.567,223.00599999999997,160.982,224.126,253.32999999999998,150.26799999999997,7.8,259.377,148.01099999999997,106.57600000000002,151.225,122.44400000000002,161.224,115.922,7.8,149.732,87.143,125.994,440.233,Pass
527,2285.709,184.39100000000002,139.32600000000002,288.309,144.905,145.338,10.4,213.713,254.44899999999998,272.292,211.656,408.666,142.466,275.294,263.293,269.833,103.64699999999999,10.4,316.05600000000004,175.808,210.50900000000001,138.377,116.38300000000002,104.212,91.16199999999999,10.4,141.519,70.536,150.557,479.491,Pass
528,431.662,117.31899999999999,83.515,10.4,10.4,10.4,10.4,10.4,10.4,10.4,10.4,10.4,10.4,10.4,10.4,10.4,10.4,10.4,107.703,10.4,10.4,10.4,10.4,10.4,10.4,10.4,10.4,10.4,10.4,163.248,Dropout
529,223.43200000000002,65.896,10.4,10.4,10.4,10.4,10.4,10.4,10.4,10.4,10.4,10.4,10.4,10.4,10.4,10.4,10.4,10.4,10.4,10.4,10.4,10.4,10.4,10.4,10.4,10.4,10.4,10.4,10.4,157.029,Dropout
530,2558.7200000000003,244.292,245.86999999999998,248.99900000000002,106.928,346.138,10.4,232.189,324.267,286.37899999999996,203.30499999999998,204.566,209.98499999999999,169.20499999999998,227.994,128.87,80.20700000000001,10.4,255.714,158.327,212.071,167.542,116.39999999999999,194.554,133.72000000000003,10.4,176.851,174.85799999999998,169.18499999999997,395.627,Pass
531,882.704,60.092,22.834,24.817,27.214999999999996,10.4,10.4,10.4,104.414,10.4,10.4,10.4,32.891999999999996,10.4,40.322,10.4,10.4,10.4,116.951,10.4,10.4,10.4,10.4,49.041999999999994,10.4,10.4,10.4,10.4,10.4,77.242,Fail
532,1637.8290000000002,64.643,92.865,216.426,109.44699999999999,215.603,7.8,193.76700000000002,167.563,62.64,145.097,71.111,193.703,369.536,225.046,37.515,32.842,7.8,132.991,118.63,403.637,190.86,75.122,54.779999999999994,7.8,7.8,7.8,7.8,7.8,256.302,Fail
533,68.811,10.4,10.4,10.4,31.198999999999998,10.4,10.4,10.4,29.206999999999997,10.4,10.4,10.4,10.4,10.4,17.255,10.4,10.4,10.4,10.4,10.4,21.985999999999997,10.4,10.4,10.4,10.4,10.4,10.4,10.4,10.4,10.4,Fail
534,360.782,10.4,10.4,10.4,33.68899999999999,10.4,10.4,10.4,24.724999999999998,10.4,10.4,10.4,10.4,10.4,26.717,10.4,10.4,10.4,10.4,10.4,10.4,10.4,10.4,10.4,10.4,10.4,10.4,10.4,10.4,144.24200000000002,Fail
535,2553.3100000000004,212.837,155.218,200.83599999999998,134.04999999999998,242.575,7.8,200.66699999999997,220.90099999999998,267.408,158.419,230.75300000000001,203.335,179.299,194.191,185.357,99.37199999999999,7.8,339.29,193.552,197.71999999999997,196.79000000000002,181.65200000000002,136.909,125.59599999999999,7.8,184.405,164.389,186.76000000000002,376.719,Pass
536,54.946,10.4,10.4,10.4,10.4,10.4,10.4,10.4,10.4,10.4,10.4,10.4,10.4,10.4,10.4,10.4,10.4,10.4,10.4,10.4,10.4,10.4,10.4,10.4,10.4,10.4,10.4,10.4,10.4,10.4,Dropout
537,365.315,65.173,7.8,154.62500000000003,70.52,7.8,7.8,7.8,7.8,7.8,7.8,7.8,7.8,7.8,7.8,7.8,7.8,7.8,7.8,7.8,7.8,7.8,7.8,7.8,7.8,7.8,7.8,7.8,7.8,7.8,Dropout
538,225.63399999999996,59.667,10.4,60.54200000000001,32.513,10.4,10.4,10.4,10.4,10.4,10.4,10.4,10.4,10.4,10.4,10.4,10.4,10.4,103.343,10.4,10.4,10.4,10.4,10.4,10.4,10.4,10.4,10.4,10.4,10.4,Fail
539,1960.9970000000003,10.4,80.922,10.4,30.521,10.4,10.4,10.4,85.733,10.4,10.4,10.4,113.857,123.70500000000001,108.762,54.992,10.4,10.4,164.245,10.4,38.441,10.4,10.4,10.4,10.4,10.4,10.4,10.4,78.662,96.57999999999998,Pass
540,1715.5990000000002,75.173,162.46999999999997,239.35999999999999,30.202999999999996,137.374,10.4,71.912,120.795,113.07300000000001,26.000999999999998,98.228,139.8,137.40300000000002,98.357,130.61599999999999,51.134,10.4,174.925,62.068,111.462,41.142,71.139,51.730000000000004,38.68,10.4,44.251,42.717,83.77400000000002,334.46799999999996,Pass
541,322.125,53.708999999999996,10.4,10.4,82.14800000000001,10.4,10.4,10.4,23.339,10.4,10.4,10.4,10.4,10.4,10.4,10.4,10.4,10.4,10.4,10.4,10.4,10.4,10.4,10.4,10.4,10.4,10.4,10.4,10.4,10.4,Fail
542,54.417,10.4,10.4,10.4,24.724999999999998,10.4,10.4,10.4,21.737,10.4,10.4,10.4,10.4,10.4,10.4,10.4,10.4,10.4,10.4,10.4,10.4,10.4,10.4,10.4,10.4,10.4,10.4,10.4,10.4,10.4,Dropout
543,292.453,86.33500000000001,51.592,54.56699999999999,31.019,10.4,10.4,10.4,10.4,10.4,10.4,10.4,10.4,10.4,10.4,10.4,10.4,10.4,10.4,10.4,10.4,10.4,10.4,10.4,10.4,10.4,10.4,10.4,10.4,10.4,Dropout
544,51.81700000000001,7.8,7.8,7.8,23.121,7.8,7.8,7.8,24.615,7.8,7.8,7.8,7.8,7.8,7.8,7.8,7.8,7.8,7.8,7.8,7.8,7.8,7.8,7.8,7.8,7.8,7.8,7.8,7.8,7.8,Dropout
545,89.381,10.4,10.4,10.4,10.4,10.4,10.4,10.4,10.4,10.4,10.4,10.4,10.4,10.4,10.4,10.4,10.4,10.4,10.4,10.4,10.4,10.4,10.4,10.4,10.4,10.4,10.4,10.4,10.4,10.4,Dropout
546,1490.6529999999998,118.182,211.874,111.246,90.475,17.316,10.4,55.425,131.146,244.488,131.77200000000002,109.292,138.042,93.726,88.618,102.872,64.416,10.4,103.134,10.4,71.65899999999999,10.4,35.654999999999994,46.593,35.81699999999999,10.4,71.67,49.483999999999995,87.357,170.095,Pass
547,576.233,57.534000000000006,10.4,57.417,31.696999999999996,10.4,10.4,10.4,32.693,10.4,10.4,10.4,10.4,10.4,10.4,10.4,10.4,10.4,10.4,10.4,10.4,10.4,10.4,10.4,10.4,10.4,10.4,10.4,10.4,10.4,Dropout
548,226.096,139.27200000000002,10.4,10.4,10.4,10.4,10.4,10.4,10.4,10.4,10.4,10.4,10.4,10.4,10.4,10.4,10.4,10.4,10.4,10.4,10.4,10.4,10.4,10.4,10.4,10.4,10.4,10.4,10.4,145.81600000000003,Dropout
549,3312.2569999999996,275.78000000000003,357.99199999999996,279.395,138.197,239.25199999999998,10.4,235.98799999999997,384.094,316.04200000000003,227.519,285.51800000000003,105.933,238.546,159.239,167.51799999999997,152.702,10.4,559.747,207.738,227.928,180.901,113.56400000000001,194.261,155.856,10.4,131.822,92.74799999999999,230.441,410.77,Fail
550,380.317,88.477,7.8,114.94099999999999,70.392,123.49799999999999,7.8,88.448,85.809,90.78399999999999,90.75899999999999,93.73400000000001,7.8,7.8,7.8,7.8,7.8,7.8,113.04199999999999,7.8,7.8,7.8,7.8,7.8,7.8,7.8,7.8,7.8,7.8,153.983,Dropout
551,343.576,150.96,162.88,88.845,75.613,58.342,7.8,76.292,7.8,7.8,7.8,7.8,7.8,7.8,7.8,7.8,7.8,7.8,7.8,7.8,7.8,7.8,7.8,7.8,7.8,7.8,7.8,7.8,7.8,7.8,Dropout
552,2676.836,102.776,73.732,93.139,93.721,109.93,10.4,117.69500000000001,109.078,68.94,5.583999999999999,54.395999999999994,183.68899999999996,113.15299999999999,73.584,10.4,10.4,10.4,261.07,94.12,84.20100000000001,25.666999999999998,10.4,71.101,63.855000000000004,10.4,40.650999999999996,10.4,67.201,298.378,Pass
553,1356.206,124.934,196.74499999999998,167.298,115.503,169.786,10.4,229.226,243.608,152.728,167.528,171.323,156.874,131.859,161.855,142.57,41.084,10.4,201.52700000000004,141.843,164.185,121.311,104.087,149.014,139.952,10.4,194.0,126.03500000000001,152.732,214.83499999999995,Pass
554,3450.372,200.404,200.442,174.49,118.92800000000001,238.09499999999997,7.8,267.807,371.94199999999995,305.514,270.562,264.229,190.88000000000002,160.166,172.685,254.72199999999998,174.945,7.8,221.84700000000004,179.61599999999999,200.324,149.86900000000003,120.02000000000001,142.947,172.928,7.8,168.128,118.586,143.434,423.80899999999997,Pass
555,438.24,10.4,10.4,50.317,29.054,10.4,10.4,10.4,26.588,10.4,10.4,50.126,52.442,10.4,28.529000000000003,10.4,10.4,10.4,10.4,10.4,10.4,62.851,10.4,10.4,10.4,10.4,10.4,10.4,83.676,86.65100000000001,Fail
556,418.39500000000004,62.928,10.4,128.053,10.4,10.4,10.4,10.4,10.4,10.4,10.4,10.4,10.4,10.4,10.4,10.4,10.4,10.4,10.4,10.4,10.4,10.4,10.4,10.4,10.4,10.4,10.4,10.4,10.4,10.4,Dropout
557,293.634,80.642,10.4,10.4,10.4,10.4,10.4,10.4,10.4,10.4,10.4,10.4,10.4,10.4,10.4,10.4,10.4,10.4,10.4,10.4,10.4,10.4,10.4,10.4,10.4,10.4,10.4,10.4,10.4,146.692,Dropout
558,1001.9490000000001,127.382,277.65200000000004,101.067,66.36200000000001,10.4,10.4,10.4,10.4,10.4,10.4,10.4,10.4,10.4,10.4,10.4,10.4,10.4,122.36899999999999,10.4,10.4,10.4,10.4,10.4,10.4,10.4,10.4,10.4,10.4,174.8,Dropout
559,60.226,10.4,10.4,10.4,10.4,10.4,10.4,10.4,10.4,10.4,10.4,10.4,10.4,10.4,10.4,10.4,10.4,10.4,10.4,10.4,10.4,10.4,10.4,10.4,10.4,10.4,10.4,10.4,10.4,10.4,Dropout
560,792.039,95.156,72.963,82.50800000000001,74.968,111.28099999999999,10.4,94.957,33.122,114.694,68.359,10.4,88.69400000000002,43.469,40.322,97.78999999999999,49.158,10.4,74.96000000000001,10.4,46.157,10.4,10.4,10.4,10.4,10.4,10.4,10.4,10.4,10.4,Fail
561,1568.381,187.92299999999997,285.174,305.37399999999997,103.284,172.26399999999998,7.8,82.41300000000001,92.586,178.94200000000004,52.084,184.91299999999998,7.8,7.8,39.596999999999994,7.8,7.8,7.8,127.65100000000001,7.8,7.8,7.8,7.8,7.8,7.8,7.8,7.8,7.8,7.8,104.66699999999999,Fail
562,991.6,10.4,27.172,10.4,52.13699999999999,-21.783000000000005,10.4,-23.758000000000006,18.884999999999998,15.496999999999998,86.69300000000001,48.617,12.52,39.317,28.174,60.14999999999999,8.692,10.4,176.474,111.244,93.81099999999999,59.910000000000004,74.207,72.971,49.057,10.4,62.434,59.107,87.578,116.868,Pass
563,54.417,10.4,10.4,10.4,10.4,10.4,10.4,10.4,10.4,10.4,10.4,10.4,10.4,10.4,10.4,10.4,10.4,10.4,10.4,10.4,10.4,10.4,10.4,10.4,10.4,10.4,10.4,10.4,10.4,10.4,Dropout
564,1676.741,173.062,142.72500000000002,150.574,139.593,125.23700000000001,10.4,128.931,247.759,192.58799999999997,88.502,117.554,132.128,125.50999999999999,35.794,14.383,32.887,10.4,368.45899999999995,106.05,122.812,88.889,31.044,82.893,95.529,10.4,88.982,44.108999999999995,169.184,309.621,Pass
565,275.292,98.386,80.21,57.509,31.634,10.4,10.4,10.4,10.4,10.4,10.4,10.4,10.4,10.4,10.4,10.4,10.4,10.4,10.4,10.4,10.4,10.4,10.4,10.4,10.4,10.4,10.4,10.4,10.4,10.4,Dropout
566,210.646,136.23399999999998,72.10900000000001,10.4,10.4,10.4,10.4,10.4,10.4,10.4,10.4,10.4,10.4,10.4,10.4,10.4,10.4,10.4,10.4,10.4,10.4,10.4,10.4,10.4,10.4,10.4,10.4,10.4,10.4,161.322,Dropout
567,1783.6149999999998,175.469,53.112,140.325,91.07900000000001,100.939,10.4,109.774,168.489,118.807,10.4,101.769,100.88799999999999,154.251,77.351,125.803,10.4,10.4,276.413,113.329,187.32399999999998,114.03399999999999,87.10599999999998,73.26,126.52,10.4,158.031,88.747,110.988,284.52799999999996,Pass
568,711.113,95.36699999999999,74.655,153.037,101.22,137.13,10.4,112.118,130.809,67.668,10.4,10.4,10.4,10.4,10.4,10.4,10.4,10.4,10.4,10.4,10.4,10.4,10.4,10.4,10.4,10.4,10.4,10.4,10.4,155.44,Dropout
569,1359.88,136.484,80.031,163.993,90.67800000000001,81.889,10.4,108.57900000000001,82.021,93.326,56.478,60.9,85.389,73.46700000000001,80.674,98.375,89.069,10.4,167.143,114.90700000000001,66.599,10.4,10.4,39.617000000000004,34.492000000000004,10.4,40.887,10.4,58.994,248.111,Pass
570,1832.0549999999998,96.524,76.775,60.81099999999999,33.509,61.152,10.4,160.44699999999997,162.075,163.087,73.404,169.754,100.345,71.144,57.485,118.10400000000001,10.4,10.4,249.89999999999998,155.7,209.92199999999997,151.73999999999998,117.84700000000001,137.649,106.543,10.4,163.04,126.93599999999999,205.635,377.001,Pass
571,1574.2540000000001,153.005,159.332,182.78700000000003,126.08000000000001,215.183,10.4,182.72999999999996,237.17199999999997,171.131,170.453,182.472,208.00600000000003,190.404,237.472,138.765,98.42999999999999,10.4,203.563,150.76600000000002,205.253,163.267,86.80199999999999,160.27700000000002,167.06000000000003,10.4,82.31,99.815,195.26,236.715,Pass
572,3269.368,230.437,365.15000000000003,389.055,146.106,413.35799999999995,7.8,222.52800000000002,316.77199999999993,295.26,361.493,260.302,297.756,322.74100000000004,188.07,278.788,155.535,7.8,466.53800000000007,288.823,247.722,200.21,178.847,238.401,132.772,7.8,166.178,166.54000000000002,152.56,533.816,Pass
573,1877.1709999999998,129.428,148.271,162.347,125.797,156.94,10.4,154.64,185.482,57.26899999999999,94.268,164.209,95.506,91.562,54.101,28.784,31.759,10.4,201.577,79.96199999999999,90.275,61.032999999999994,77.016,79.084,78.732,10.4,98.51599999999999,107.99300000000001,111.157,272.766,Pass
574,472.49899999999997,86.30999999999999,76.036,47.300999999999995,63.108,10.4,10.4,10.4,25.886,10.4,10.4,10.4,46.708999999999996,10.4,10.4,50.117000000000004,10.4,10.4,68.682,10.4,40.342999999999996,10.4,10.4,10.4,10.4,10.4,10.4,10.4,10.4,137.017,Fail
575,409.56399999999996,10.4,61.026,83.152,10.4,10.4,10.4,22.866999999999997,10.4,10.4,10.4,50.117000000000004,53.608999999999995,61.583999999999996,10.4,60.534,70.259,10.4,74.78,10.4,37.649,10.4,10.4,10.4,10.4,10.4,10.4,10.4,10.4,152.527,Fail
576,3789.4880000000003,158.656,399.556,480.594,100.274,236.404,7.8,153.597,279.209,113.94699999999999,156.355,140.49200000000002,233.99099999999999,206.72899999999998,149.376,119.62700000000001,97.937,7.8,319.226,270.65500000000003,190.298,192.071,111.13599999999998,135.351,92.316,7.8,64.31800000000001,65.784,93.229,256.46999999999997,Pass
577,4865.577,121.259,208.50699999999998,234.46899999999997,104.68,197.851,10.4,221.83099999999996,210.583,219.739,172.94299999999998,221.277,239.39499999999998,165.96099999999998,211.433,177.637,91.508,10.4,344.81199999999995,167.333,200.91700000000003,166.605,81.309,174.19,153.061,10.4,144.949,136.29,201.50799999999998,320.90500000000003,Pass
578,1644.195,182.723,109.762,190.239,106.407,184.65300000000002,10.4,172.04700000000003,101.72800000000001,10.4,10.4,82.16,284.761,206.431,139.717,100.599,68.911,10.4,217.22500000000002,226.808,125.916,92.917,65.226,103.423,72.279,10.4,88.973,52.442,95.429,205.259,Pass
579,816.1259999999999,56.65899999999999,65.059,358.43600000000004,77.401,194.166,10.4,75.69,159.926,71.187,10.4,48.584,10.4,10.4,38.605999999999995,10.4,10.4,10.4,10.4,10.4,10.4,10.4,10.4,10.4,10.4,10.4,10.4,10.4,10.4,10.4,Dropout
580,1358.223,83.161,67.353,171.75799999999998,87.888,142.202,10.4,165.409,131.21,82.442,84.61500000000001,111.11099999999999,119.72999999999999,136.002,107.074,10.4,10.4,10.4,150.616,101.904,149.985,91.265,52.016999999999996,129.81699999999998,76.802,10.4,89.19200000000001,10.4,73.666,248.123,Pass
581,77.074,10.4,10.4,10.4,10.4,10.4,10.4,10.4,10.4,10.4,10.4,10.4,10.4,10.4,10.4,10.4,10.4,10.4,10.4,10.4,10.4,10.4,10.4,10.4,10.4,10.4,10.4,10.4,10.4,10.4,Fail
582,768.921,75.28699999999999,63.693000000000005,61.019000000000005,92.595,69.447,10.4,66.77600000000001,25.564999999999998,10.4,10.4,10.4,10.4,10.4,29.336,10.4,10.4,10.4,10.4,10.4,27.599000000000004,10.4,10.4,10.4,10.4,10.4,10.4,10.4,10.4,139.99200000000002,Fail
583,1939.307,190.96099999999998,226.725,177.18,91.77099999999999,224.365,7.8,179.322,231.952,248.724,147.827,111.02499999999998,311.751,304.576,145.779,122.05699999999999,70.628,7.8,239.07,180.062,236.25199999999998,214.975,116.526,124.661,88.639,7.8,482.002,103.53299999999999,107.158,710.356,Pass
584,371.569,66.693,49.567,86.388,82.532,58.342,7.8,56.39199999999999,79.38300000000001,7.8,7.8,7.8,7.8,7.8,7.8,7.8,7.8,7.8,7.8,7.8,7.8,7.8,7.8,7.8,7.8,7.8,7.8,7.8,7.8,130.592,Fail
585,1053.886,57.117,40.542,106.18799999999999,68.605,104.38,10.4,99.50299999999999,82.785,10.4,10.4,10.4,-2.933,38.56699999999999,43.442,10.4,46.492,10.4,172.224,10.4,46.964,10.4,10.4,29.059,10.4,10.4,10.4,10.4,49.142,96.257,Pass
586,934.964,7.8,7.8,47.292,30.671999999999997,7.8,7.8,7.8,29.322000000000003,7.8,7.8,7.8,7.8,69.529,28.758000000000003,7.8,7.8,7.8,89.85900000000001,7.8,35.121,7.8,7.8,7.8,7.8,7.8,7.8,7.8,7.8,115.93900000000001,Fail
587,170.489,57.542,10.4,10.4,10.4,10.4,10.4,10.4,10.4,10.4,10.4,10.4,10.4,10.4,10.4,10.4,10.4,10.4,10.4,10.4,10.4,10.4,10.4,10.4,10.4,10.4,10.4,10.4,10.4,146.35899999999998,Dropout
588,1441.513,10.4,10.4,10.4,25.720999999999997,10.4,10.4,10.4,21.238999999999997,10.4,10.4,10.4,53.312,41.417,32.603,10.4,10.4,10.4,49.31,10.4,36.917,10.4,10.4,10.4,10.4,10.4,10.4,10.4,10.4,88.992,Fail
589,891.163,-43.608000000000004,9.267,10.4,37.081999999999994,-1.3580000000000005,10.4,-19.383000000000003,27.461999999999996,10.4,-10.458,35.559,35.31699999999999,50.940000000000005,38.402,65.269,10.4,10.4,121.47200000000001,89.227,74.59899999999999,69.88900000000001,10.4,31.561999999999998,29.241999999999997,10.4,59.062,10.4,65.23400000000001,49.649,Pass
590,10239.733999999999,129.991,134.279,444.22700000000003,166.639,314.379,7.8,375.76200000000006,234.072,172.234,248.562,258.704,239.62000000000003,187.95999999999998,90.162,7.8,62.411,7.8,317.289,103.276,127.894,54.317,81.61000000000001,141.834,43.692,7.8,82.261,7.8,120.05599999999998,314.308,Pass
591,148.187,10.4,10.4,10.4,71.756,134.71699999999998,10.4,69.85,59.242,10.4,10.4,10.4,10.4,10.4,10.4,10.4,10.4,10.4,10.4,10.4,10.4,10.4,10.4,10.4,10.4,10.4,10.4,10.4,10.4,10.4,Dropout
592,73.487,67.042,10.4,10.4,10.4,10.4,10.4,10.4,10.4,10.4,10.4,10.4,10.4,10.4,10.4,10.4,10.4,10.4,10.4,10.4,10.4,10.4,10.4,10.4,10.4,10.4,10.4,10.4,10.4,10.4,Dropout
593,2939.451,158.671,142.745,228.44699999999997,105.333,178.912,10.4,139.91899999999998,160.128,129.305,77.134,60.101,44.467000000000006,75.35900000000001,42.899,60.357,10.4,10.4,273.124,79.28500000000001,112.639,64.786,75.94200000000001,10.4,10.4,10.4,96.86299999999999,10.4,66.81200000000001,274.765,Pass
594,223.24299999999997,95.423,63.492,10.4,10.4,10.4,10.4,10.4,10.4,10.4,10.4,10.4,10.4,10.4,10.4,10.4,10.4,10.4,118.819,10.4,10.4,10.4,10.4,10.4,10.4,10.4,10.4,10.4,10.4,10.4,Dropout
595,1124.031,183.995,202.29799999999997,144.81900000000002,113.953,117.999,10.4,119.33,199.578,168.189,107.79700000000001,88.051,57.442,10.4,10.4,10.4,10.4,10.4,111.09200000000001,10.4,10.4,10.4,10.4,10.4,10.4,10.4,10.4,10.4,10.4,173.608,Fail
596,80.171,10.4,10.4,67.21000000000001,10.4,10.4,10.4,10.4,10.4,10.4,10.4,10.4,10.4,10.4,10.4,10.4,10.4,10.4,10.4,10.4,10.4,10.4,10.4,10.4,10.4,10.4,10.4,10.4,10.4,10.4,Dropout
597,2184.319,202.63,213.749,198.95800000000003,82.53500000000001,160.034,10.4,179.342,228.25600000000003,169.26000000000002,139.791,202.92299999999997,231.322,151.135,129.75,159.69299999999998,125.30099999999999,10.4,202.60999999999996,119.36500000000001,177.402,126.588,123.85499999999999,116.72300000000001,108.227,10.4,89.08299999999998,47.733999999999995,87.468,275.449,Pass
598,3494.437,164.65300000000002,171.055,242.02800000000002,145.397,340.59799999999996,7.8,226.52799999999996,155.87,216.911,251.02,166.288,220.90800000000002,234.11399999999998,160.75799999999998,92.37,95.185,7.8,197.431,178.40599999999998,214.86599999999999,178.17,98.982,192.404,166.75900000000001,7.8,154.214,116.75,190.74200000000002,346.163,Pass
599,1559.9699999999998,102.95400000000002,138.81,164.87699999999998,125.006,78.39099999999999,10.4,74.501,97.91600000000001,149.023,104.51,105.62299999999999,130.679,111.094,105.24000000000001,110.477,88.452,10.4,245.52800000000002,12.642,92.88999999999999,33.109,75.354,43.241,43.733000000000004,10.4,72.23400000000001,66.209,87.15,268.74699999999996,Pass
600,72.72500000000001,10.4,10.4,10.4,10.4,10.4,10.4,10.4,10.4,10.4,10.4,10.4,10.4,10.4,10.4,10.4,10.4,10.4,10.4,10.4,10.4,10.4,10.4,10.4,10.4,10.4,10.4,10.4,10.4,10.4,Dropout
601,3069.5109999999995,308.248,323.345,268.90999999999997,115.999,314.72200000000004,7.8,306.766,431.42999999999995,381.80199999999996,304.485,535.331,252.332,256.657,232.256,306.14,226.026,7.8,332.85999999999996,220.77800000000002,238.557,244.51599999999996,144.476,207.648,223.72400000000002,7.8,247.81400000000002,200.981,292.392,530.198,Pass
602,1674.94,96.788,97.827,173.81900000000002,115.144,208.91400000000002,10.4,169.024,97.161,10.4,10.4,66.75800000000001,44.167,54.141999999999996,39.326,10.4,10.4,10.4,208.853,50.767,39.26,10.4,10.4,10.4,10.4,10.4,10.4,10.4,10.4,95.81700000000001,Fail
603,116.875,7.8,7.8,7.8,25.610999999999997,7.8,7.8,7.8,23.619,7.8,7.8,7.8,7.8,7.8,21.626999999999995,7.8,7.8,7.8,7.8,7.8,7.8,7.8,7.8,7.8,7.8,7.8,7.8,7.8,7.8,7.8,Fail
604,1035.4119999999998,140.743,150.175,73.06700000000001,109.562,272.882,10.4,167.77400000000003,370.01000000000005,219.179,10.4,90.026,10.4,10.4,40.891999999999996,10.4,10.4,10.4,10.4,10.4,10.4,10.4,10.4,10.4,10.4,10.4,10.4,10.4,10.4,144.817,Dropout
605,1025.887,71.123,98.196,148.101,82.001,198.041,10.4,143.774,123.302,157.643,118.25599999999999,87.858,162.093,162.10100000000003,139.99499999999998,181.02300000000002,137.815,10.4,175.86899999999997,162.118,189.904,194.709,140.37,120.43299999999999,148.41899999999998,10.4,123.71799999999999,117.24599999999998,86.268,178.706,Pass
606,292.22200000000004,71.651,63.818,10.4,10.4,10.4,10.4,10.4,10.4,10.4,10.4,10.4,10.4,10.4,10.4,10.4,10.4,10.4,10.4,10.4,10.4,10.4,10.4,10.4,10.4,10.4,10.4,10.4,10.4,159.09,Dropout
607,254.402,95.762,115.50900000000001,60.908,73.91300000000001,10.4,10.4,10.4,10.4,10.4,10.4,10.4,10.4,10.4,10.4,10.4,10.4,10.4,101.74199999999999,10.4,10.4,10.4,10.4,10.4,10.4,10.4,10.4,10.4,10.4,147.50900000000001,Fail
608,1378.037,139.885,199.42700000000002,154.427,124.34200000000001,166.99800000000002,10.4,160.928,269.855,242.439,169.111,212.85100000000003,155.891,183.771,125.05,150.632,10.4,10.4,122.97500000000001,38.662,70.158,10.4,27.383999999999997,23.842,25.817,10.4,126.13799999999999,10.4,10.4,266.914,Pass
609,562.859,105.485,96.499,120.80699999999999,31.634,10.4,10.4,70.44200000000001,10.4,10.4,10.4,10.4,10.4,10.4,10.4,10.4,10.4,10.4,10.4,10.4,10.4,10.4,10.4,10.4,10.4,10.4,10.4,10.4,10.4,166.14700000000002,Fail
610,3678.2889999999998,272.87100000000004,191.235,474.202,130.619,354.17799999999994,7.8,413.55899999999997,331.757,335.10999999999996,365.689,317.925,316.946,279.504,298.20799999999997,202.44200000000004,83.467,7.8,476.767,227.11800000000002,335.022,352.15799999999996,196.70700000000002,364.758,308.464,7.8,268.525,260.525,354.253,425.137,Pass
611,620.202,67.937,79.02499999999999,222.027,112.62800000000001,191.817,7.8,116.97999999999999,104.29299999999999,82.992,7.8,7.8,7.8,7.8,7.8,7.8,7.8,7.8,7.8,7.8,7.8,7.8,7.8,7.8,7.8,7.8,7.8,7.8,7.8,7.8,Dropout
612,605.222,71.09500000000001,71.778,133.085,69.565,10.4,10.4,10.4,29.93,10.4,10.4,10.4,10.4,10.4,10.4,10.4,10.4,10.4,10.4,10.4,10.4,10.4,10.4,10.4,10.4,10.4,10.4,10.4,10.4,10.4,Fail
613,1112.226,112.804,57.542,57.553,103.523,53.684,10.4,22.142,36.668,10.4,60.982,54.827,44.991,105.904,73.464,52.812,10.4,10.4,110.44,47.342,99.315,101.22800000000001,43.784,42.666999999999994,10.4,10.4,10.4,10.4,94.39399999999999,261.937,Pass
614,3786.241,224.42600000000002,103.50999999999999,250.588,113.738,207.856,10.4,210.548,237.332,153.56199999999998,101.327,92.523,198.42600000000002,215.712,255.22799999999998,211.988,75.118,10.4,349.757,254.146,336.853,218.629,142.316,234.69199999999998,207.737,10.4,125.208,113.49199999999999,95.32,294.63399999999996,Pass
615,2680.562,120.192,139.299,254.88299999999998,109.32000000000001,428.483,10.4,362.129,246.70199999999997,251.616,167.897,197.80200000000002,320.25600000000003,403.03599999999994,264.402,170.83999999999997,98.839,10.4,536.061,290.096,272.308,206.932,107.529,278.039,179.79399999999998,10.4,172.607,90.43,260.719,428.567,Pass
616,2207.493,143.42899999999997,77.49099999999999,201.408,154.039,235.57600000000002,10.4,221.15099999999998,365.273,358.951,238.59699999999998,292.787,226.54500000000002,176.03499999999997,171.95999999999998,257.26300000000003,172.458,10.4,283.317,194.648,231.62499999999997,182.495,94.862,152.837,159.813,10.4,158.99200000000002,187.491,163.966,427.21,Pass
617,3977.7999999999997,140.653,187.701,279.308,125.003,95.019,7.8,164.367,315.56999999999994,218.30700000000002,212.41800000000003,119.04200000000002,179.555,163.587,177.389,107.03299999999999,78.727,7.8,275.559,100.48100000000001,159.77,95.037,109.636,99.97,71.674,7.8,7.8,56.76499999999999,96.892,286.024,Pass
618,1054.435,67.042,10.4,26.092,37.376,10.4,10.4,10.4,36.785,10.4,10.4,51.983999999999995,10.4,10.4,39.077,10.4,10.4,10.4,10.4,10.4,36.872,10.4,10.4,10.4,10.4,10.4,10.4,10.4,41.358999999999995,57.068000000000005,Pass
619,345.17199999999997,84.00300000000001,93.23599999999999,57.992000000000004,81.88799999999999,10.4,10.4,65.992,332.294,171.015,46.884,10.4,52.442,10.4,10.4,10.4,10.4,10.4,10.4,10.4,10.4,10.4,10.4,10.4,10.4,10.4,10.4,10.4,10.4,100.892,Dropout
620,128.865,10.4,10.4,10.4,33.188,10.4,10.4,10.4,10.4,10.4,10.4,10.4,10.4,10.4,10.4,10.4,10.4,10.4,10.4,10.4,10.4,10.4,10.4,10.4,10.4,10.4,10.4,10.4,10.4,10.4,Dropout
621,1019.7950000000001,109.655,100.791,107.793,117.064,55.769,10.4,50.506,-2.769000000000002,38.417,10.4,46.884,41.934,55.234,32.162,2.166999999999998,10.4,10.4,142.319,66.453,39.143,10.4,10.4,30.667,10.4,10.4,54.808,10.4,92.21700000000001,111.324,Pass
622,2276.487,116.45200000000001,124.945,247.88299999999998,111.489,196.103,10.4,139.575,260.68499999999995,187.69400000000002,172.111,247.038,148.495,142.99,98.24000000000001,150.15999999999997,85.411,10.4,209.798,99.749,140.157,79.667,106.044,108.112,91.14099999999999,10.4,102.06700000000001,67.13300000000001,108.161,216.722,Pass
623,54.417,10.4,10.4,10.4,10.4,10.4,10.4,10.4,10.4,10.4,10.4,10.4,10.4,10.4,10.4,10.4,10.4,10.4,10.4,10.4,10.4,10.4,10.4,10.4,10.4,10.4,10.4,10.4,10.4,10.4,Dropout
624,691.794,83.657,51.592,10.4,36.614,10.4,10.4,10.4,10.4,10.4,10.4,10.4,10.4,10.4,10.4,10.4,10.4,10.4,110.843,10.4,10.4,10.4,10.4,10.4,10.4,10.4,10.4,10.4,10.4,10.4,Dropout
625,54.417,10.4,10.4,10.4,10.4,10.4,10.4,10.4,10.4,10.4,10.4,10.4,10.4,10.4,10.4,10.4,10.4,10.4,10.4,10.4,10.4,10.4,10.4,10.4,10.4,10.4,10.4,10.4,10.4,10.4,Fail
626,438.93999999999994,49.734,10.4,72.285,78.251,10.4,10.4,10.4,10.4,10.4,10.4,10.4,131.42000000000002,10.4,72.957,42.391999999999996,10.4,10.4,10.4,10.4,10.4,10.4,10.4,10.4,10.4,10.4,10.4,10.4,10.4,86.867,Fail
627,2383.073,181.127,132.958,170.68,138.71699999999998,138.577,7.8,145.962,130.213,109.35000000000001,90.986,113.85,116.14099999999999,114.194,112.62099999999998,77.737,10.709,7.8,274.93100000000004,75.917,124.46,71.073,79.043,71.201,63.446000000000005,7.8,53.318000000000005,43.434000000000005,104.25,288.66200000000003,Pass
628,1370.5500000000002,117.075,65.19200000000001,134.195,82.192,164.18400000000003,10.4,204.77100000000002,184.78200000000004,-7.091000000000001,156.56699999999998,80.23,101.80799999999999,195.365,143.345,70.554,10.4,10.4,138.78199999999998,106.636,160.56799999999998,125.47900000000001,78.53999999999999,99.03999999999999,47.792,10.4,113.332,69.036,127.97999999999999,151.01,Pass
629,81.199,10.4,10.4,10.4,29.705,10.4,10.4,10.4,25.223,10.4,10.4,10.4,10.4,10.4,25.471999999999998,10.4,10.4,10.4,10.4,10.4,10.4,10.4,10.4,10.4,10.4,10.4,10.4,10.4,10.4,10.4,Fail
630,548.231,67.185,70.49199999999999,168.095,83.524,161.39100000000002,10.4,85.431,188.28300000000002,187.241,167.012,280.392,100.88899999999998,10.4,38.711,10.4,10.4,10.4,10.4,10.4,10.4,10.4,10.4,10.4,10.4,10.4,10.4,10.4,10.4,10.4,Dropout
631,1710.815,174.33100000000002,191.471,145.16799999999998,120.157,158.112,10.4,152.539,220.7,194.72400000000002,132.442,154.5,137.588,87.61099999999999,131.569,64.786,102.182,10.4,121.008,43.259,80.459,47.209,21.959,96.648,33.817,10.4,106.52300000000001,10.4,38.292,236.969,Pass
632,1704.873,113.019,108.959,160.44400000000002,104.511,168.113,7.8,147.035,146.442,127.274,152.54600000000002,233.371,143.777,168.249,144.803,100.92499999999998,70.516,7.8,194.61200000000002,147.576,181.164,150.012,81.173,113.10499999999999,128.98499999999999,7.8,54.247,73.74,194.43800000000002,151.72,Pass
633,116.034,94.361,59.667,10.4,10.4,10.4,10.4,10.4,10.4,10.4,10.4,10.4,10.4,10.4,10.4,10.4,10.4,10.4,10.4,10.4,10.4,10.4,10.4,10.4,10.4,10.4,10.4,10.4,10.4,10.4,Dropout
634,1020.406,135.87,148.486,213.997,118.526,98.874,10.4,102.928,167.943,135.38799999999998,-13.315999999999997,90.17099999999999,78.24799999999999,76.167,55.51299999999999,73.42,46.94799999999999,10.4,227.67399999999998,104.599,100.19200000000001,91.82000000000001,36.457,23.967,26.942,10.4,33.891999999999996,50.840999999999994,52.247,180.581,Pass
635,2954.0059999999994,63.458,128.037,267.933,132.35,212.28299999999996,10.4,203.83700000000002,285.337,250.55700000000002,223.46699999999998,167.45,168.478,174.568,173.03199999999998,189.632,144.09,10.4,272.71400000000006,127.75500000000001,181.95299999999997,141.673,124.711,173.876,112.447,10.4,141.219,112.647,101.71600000000001,307.649,Pass
636,294.527,91.313,60.00900000000001,82.58900000000001,7.8,7.8,7.8,7.8,7.8,7.8,7.8,7.8,7.8,7.8,7.8,7.8,7.8,7.8,109.452,7.8,7.8,7.8,7.8,7.8,7.8,7.8,7.8,7.8,7.8,7.8,Dropout
637,934.518,92.35900000000001,10.4,147.118,120.524,73.453,10.4,117.144,133.126,53.209,83.749,28.217,90.128,95.684,90.116,10.4,42.666999999999994,10.4,120.88399999999999,79.597,110.04999999999998,78.004,10.4,52.561,48.314,10.4,51.67100000000001,41.646,67.621,247.26299999999998,Pass
638,2452.8450000000003,175.237,71.589,209.478,168.152,213.40599999999998,10.4,207.007,185.031,143.761,148.957,213.756,197.25300000000001,136.076,106.27099999999999,130.042,20.854,10.4,319.155,113.00999999999999,137.183,101.488,71.44,60.679,42.876000000000005,10.4,109.037,74.366,142.355,301.554,Pass
639,1658.004,103.821,134.397,224.72,126.082,200.31300000000002,7.8,120.156,223.59399999999997,127.621,125.32100000000001,179.576,217.642,195.57999999999998,156.041,73.18900000000001,50.992,7.8,298.643,144.543,180.279,62.637,87.82999999999998,61.957,75.357,7.8,33.809000000000005,46.459,87.525,151.28400000000002,Pass
640,1405.649,109.494,169.38799999999998,242.04,136.91500000000002,272.084,10.4,183.155,170.221,136.294,110.907,137.11700000000002,161.795,274.043,189.67899999999997,185.025,152.305,10.4,357.089,106.70100000000002,110.112,17.892,40.234,10.4,10.4,10.4,10.4,10.4,10.4,149.022,Fail
641,4802.713000000001,385.409,722.491,585.588,173.602,369.465,10.4,261.783,510.17400000000004,533.0459999999999,390.558,364.75800000000004,373.865,351.318,246.68300000000002,328.12800000000004,207.762,10.4,936.4010000000001,348.464,353.19,234.951,200.08099999999996,255.226,209.97000000000003,10.4,233.403,193.914,376.556,545.707,Pass
642,2029.6470000000002,146.548,175.1,174.982,96.832,160.807,10.4,133.76799999999997,223.855,150.361,152.91899999999998,183.584,167.483,150.197,187.555,144.004,88.024,10.4,235.456,136.868,200.28300000000002,93.72699999999999,91.279,111.874,95.002,10.4,117.57700000000001,97.816,101.79500000000002,315.349,Pass
643,1668.1159999999995,127.58800000000001,92.592,186.06500000000003,107.963,165.514,10.4,161.291,187.838,110.786,127.618,176.631,168.488,142.11599999999999,140.702,76.371,51.134,10.4,287.555,169.15,245.22599999999997,187.16600000000003,67.461,148.403,172.615,10.4,67.017,53.408,90.50000000000001,212.79500000000002,Pass
644,2150.186,107.81700000000001,75.503,166.446,137.98299999999998,194.351,7.8,198.38799999999998,187.05,156.693,198.76799999999997,154.673,231.151,196.159,167.597,149.662,100.11,7.8,246.515,125.52,127.525,120.43499999999999,74.309,150.987,166.11,7.8,109.954,7.8,159.923,321.333,Pass
645,536.618,53.04299999999999,55.384,10.4,-14.870000000000005,10.4,10.4,10.4,30.808999999999997,10.4,10.4,10.4,10.4,42.201,29.864,10.4,10.4,10.4,131.483,71.494,121.854,54.209,39.233999999999995,10.4,10.4,10.4,10.4,10.4,10.4,45.385999999999996,Fail
646,1162.7169999999999,50.266999999999996,119.111,49.734,68.815,57.167,10.4,106.333,33.035,79.794,10.4,50.467,10.4,10.4,33.848,30.067,10.4,10.4,186.719,40.967,50.61,10.4,10.4,10.4,10.4,10.4,10.4,10.4,10.4,47.54,Fail
647,449.892,7.8,7.8,7.8,24.615,7.8,7.8,7.8,32.691,7.8,7.8,7.8,7.8,7.8,7.8,7.8,7.8,7.8,7.8,7.8,7.8,7.8,7.8,7.8,7.8,7.8,7.8,7.8,7.8,7.8,Fail
648,2266.8759999999997,261.008,343.96000000000004,371.918,185.218,304.251,10.4,322.98699999999997,426.404,314.517,239.002,152.73999999999998,231.933,288.264,206.86799999999997,225.17,94.585,10.4,467.34000000000003,207.499,233.52700000000002,185.185,59.242,200.501,97.541,10.4,137.95799999999997,41.509,46.809,332.39599999999996,Pass
649,297.29400000000004,10.4,10.4,10.4,27.712999999999997,10.4,10.4,10.4,10.4,10.4,10.4,10.4,10.4,10.4,10.4,10.4,10.4,10.4,10.4,10.4,10.4,10.4,10.4,10.4,10.4,10.4,10.4,10.4,10.4,10.4,Dropout
650,921.259,97.39100000000002,112.18199999999999,172.462,93.39,143.99699999999999,10.4,137.73600000000002,137.236,160.994,138.629,135.705,148.143,130.499,142.702,100.062,77.075,10.4,10.4,10.4,10.4,10.4,10.4,10.4,10.4,10.4,10.4,10.4,10.4,150.342,Dropout
651,63.08500000000001,7.8,7.8,7.8,7.8,7.8,7.8,7.8,7.8,7.8,7.8,7.8,7.8,7.8,7.8,7.8,7.8,7.8,7.8,7.8,7.8,7.8,7.8,7.8,7.8,7.8,7.8,7.8,7.8,7.8,Dropout
652,70.50200000000001,7.8,7.8,7.8,27.104999999999997,7.8,7.8,7.8,22.125,7.8,7.8,7.8,7.8,7.8,24.615,7.8,7.8,7.8,7.8,7.8,23.369999999999997,7.8,7.8,7.8,7.8,7.8,7.8,7.8,7.8,19.634999999999998,Fail
653,1605.4429999999998,99.003,115.43699999999998,87.606,120.952,96.297,10.4,129.454,128.537,94.239,93.639,129.983,163.416,93.566,77.34899999999999,77.168,55.15899999999999,10.4,280.548,120.65599999999999,131.672,38.31700000000001,36.292,49.712,10.4,10.4,48.68299999999999,10.4,58.292,289.95,Pass
654,2091.5119999999997,116.68499999999999,94.196,263.603,100.56,229.81900000000002,10.4,283.072,212.26600000000002,146.153,103.19,72.99199999999999,233.37099999999998,238.656,189.278,99.401,10.4,10.4,258.048,246.798,237.14700000000002,140.052,99.69200000000001,182.061,94.626,10.4,109.22600000000001,51.666999999999994,108.64999999999999,274.687,Pass
655,314.144,83.86999999999999,176.779,158.252,70.336,57.48799999999999,10.4,10.4,10.4,10.4,10.4,10.4,10.4,10.4,10.4,10.4,10.4,10.4,10.4,10.4,10.4,10.4,10.4,10.4,10.4,10.4,10.4,10.4,10.4,139.867,Dropout
656,1095.317,166.166,106.58099999999999,80.967,89.792,103.33000000000001,7.8,7.8,7.8,47.984,7.8,7.8,7.8,7.8,7.8,7.8,7.8,7.8,114.79400000000001,7.8,7.8,7.8,7.8,7.8,7.8,7.8,7.8,7.8,7.8,162.097,Dropout
657,1645.0710000000001,142.327,148.167,192.613,94.807,113.747,10.4,110.13900000000001,181.62900000000002,122.353,92.596,110.571,151.906,92.104,93.103,64.303,50.159000000000006,10.4,213.955,120.18700000000001,122.883,40.44,45.233999999999995,52.212,84.089,10.4,100.507,56.30199999999999,117.282,319.712,Pass
658,54.417,10.4,10.4,10.4,10.4,10.4,10.4,10.4,10.4,10.4,10.4,10.4,10.4,10.4,10.4,10.4,10.4,10.4,10.4,10.4,10.4,10.4,10.4,10.4,10.4,10.4,10.4,10.4,10.4,10.4,Dropout
659,2426.237,154.57999999999998,212.88299999999998,150.91000000000003,122.232,128.938,10.4,120.66,135.93099999999998,185.802,99.95,153.764,115.47099999999999,69.11,115.011,135.227,17.265,10.4,319.67299999999994,84.28800000000001,122.62800000000001,69.345,56.208,86.48100000000001,54.24699999999999,10.4,62.19699999999999,45.81700000000001,63.87899999999999,350.164,Pass
660,363.611,66.584,10.4,10.4,31.283,10.4,10.4,10.4,10.4,10.4,10.4,10.4,10.4,10.4,10.4,10.4,10.4,10.4,10.4,10.4,10.4,10.4,10.4,10.4,10.4,10.4,10.4,10.4,10.4,10.4,Dropout
661,54.417,10.4,10.4,10.4,10.4,10.4,10.4,10.4,10.4,10.4,10.4,10.4,10.4,10.4,10.4,10.4,10.4,10.4,10.4,10.4,10.4,10.4,10.4,10.4,10.4,10.4,10.4,10.4,10.4,10.4,Dropout
662,1569.9609999999998,86.716,122.011,170.068,89.387,167.735,10.4,173.705,163.603,142.887,156.968,179.961,194.999,181.485,163.786,148.45999999999998,143.76,10.4,194.739,129.538,159.426,112.297,130.21,126.294,115.026,10.4,159.965,133.98700000000002,174.505,392.041,Pass
663,315.426,79.2,82.429,62.935,85.862,60.888000000000005,10.4,10.4,35.291,10.4,10.4,10.4,10.4,10.4,10.4,10.4,10.4,10.4,10.4,10.4,10.4,10.4,10.4,10.4,10.4,10.4,10.4,10.4,10.4,10.4,Dropout
664,57.92100000000001,10.4,10.4,10.4,10.4,10.4,10.4,10.4,10.4,10.4,10.4,10.4,10.4,10.4,10.4,10.4,10.4,10.4,10.4,10.4,10.4,10.4,10.4,10.4,10.4,10.4,10.4,10.4,10.4,10.4,Dropout
665,1859.115,108.84899999999999,120.14399999999998,247.163,100.589,143.916,10.4,163.06,66.959,77.5,107.25800000000001,62.998999999999995,98.28399999999999,132.08299999999997,166.381,76.3,58.958999999999996,10.4,114.99000000000001,48.15899999999999,45.866,10.4,10.4,39.751,81.074,10.4,49.756,10.4,72.894,240.148,Pass
666,2873.3970000000004,82.21199999999999,106.65599999999999,173.603,113.669,220.755,10.4,155.89000000000001,123.74499999999999,151.93,94.414,111.60700000000001,183.84400000000002,202.856,165.25,99.42099999999999,63.54200000000001,10.4,454.37300000000005,219.604,277.96799999999996,167.684,126.784,185.955,162.04000000000002,10.4,82.14500000000001,114.779,164.131,306.209,Fail
667,1272.0110000000002,155.889,172.286,113.135,105.635,154.31300000000002,10.4,126.75999999999999,263.015,300.45799999999997,272.329,198.324,108.468,88.822,111.003,252.341,80.869,10.4,277.413,212.897,209.37,133.143,236.296,202.65,82.518,10.4,122.474,44.292,98.94,226.64100000000002,Pass
668,256.09299999999996,71.08600000000001,10.4,65.76700000000001,10.4,10.4,10.4,10.4,10.4,10.4,10.4,10.4,10.4,10.4,10.4,10.4,10.4,10.4,10.4,10.4,10.4,10.4,10.4,10.4,10.4,10.4,10.4,10.4,10.4,159.765,Dropout
669,4064.4280000000003,135.461,138.529,216.70900000000003,114.459,186.061,7.8,207.413,210.757,83.41399999999999,34.384,67.776,68.736,127.583,91.20899999999999,45.067,7.8,7.8,243.753,202.663,277.958,193.109,173.621,101.95799999999998,128.737,7.8,120.538,76.417,121.23699999999998,269.347,Pass
670,2468.652,122.64099999999999,126.81299999999999,140.408,104.665,214.256,10.4,199.051,272.781,153.914,201.95999999999998,140.83100000000002,226.38400000000001,200.001,171.40699999999998,20.018,10.4,10.4,299.376,140.656,202.86899999999997,139.25400000000002,101.786,156.128,146.567,10.4,82.533,60.510999999999996,152.012,233.46099999999998,Pass
671,54.417,10.4,10.4,10.4,10.4,10.4,10.4,10.4,10.4,10.4,10.4,10.4,10.4,10.4,10.4,10.4,10.4,10.4,10.4,10.4,10.4,10.4,10.4,10.4,10.4,10.4,10.4,10.4,10.4,10.4,Dropout
672,410.105,7.8,91.246,10.741999999999999,23.787,68.593,7.8,7.8,7.8,7.8,7.8,7.8,7.8,40.492000000000004,7.8,7.8,54.934000000000005,7.8,7.8,7.8,7.8,7.8,7.8,7.8,7.8,7.8,7.8,7.8,7.8,7.8,Fail
673,1234.5729999999999,163.215,111.183,276.061,91.03399999999999,72.66699999999999,7.8,66.417,7.8,7.8,7.8,7.8,7.8,7.8,7.8,7.8,7.8,7.8,108.492,7.8,7.8,7.8,7.8,7.8,7.8,7.8,7.8,7.8,7.8,148.816,Dropout
674,108.319,10.4,10.4,10.4,10.4,10.4,10.4,10.4,10.4,10.4,10.4,10.4,10.4,10.4,10.4,10.4,10.4,10.4,10.4,10.4,10.4,10.4,10.4,10.4,10.4,10.4,10.4,10.4,10.4,134.892,Dropout
675,394.937,10.4,10.4,10.4,30.317,10.4,10.4,10.4,29.284999999999997,10.4,10.4,10.4,10.4,10.4,10.4,10.4,10.4,10.4,10.4,10.4,10.4,10.4,10.4,10.4,10.4,10.4,10.4,10.4,10.4,10.4,Fail
676,450.878,79.538,63.303000000000004,7.8,78.929,7.8,7.8,7.8,7.8,7.8,52.391999999999996,7.8,7.8,35.509,7.8,7.8,7.8,7.8,150.08000000000004,99.364,80.179,7.8,7.8,7.8,7.8,7.8,7.8,7.8,7.8,141.217,Fail
677,1713.026,135.255,141.62699999999998,158.179,93.747,154.202,7.8,129.681,190.989,177.93400000000003,119.22,103.828,117.46800000000002,123.14800000000001,132.435,154.121,116.984,7.8,282.198,174.142,200.867,144.989,131.471,115.99300000000001,122.54299999999999,7.8,109.03399999999999,127.757,134.168,337.549,Pass
678,710.1600000000001,108.81899999999999,203.34099999999998,187.121,119.326,107.47800000000001,10.4,76.392,95.46600000000001,86.99700000000001,10.4,62.332,85.976,85.33600000000001,79.587,53.292,56.809000000000005,10.4,55.717,49.891999999999996,10.4,53.016999999999996,56.56,49.891999999999996,85.762,10.4,61.596999999999994,51.709,108.419,206.105,Fail
679,101.341,92.48400000000001,10.4,57.109,26.219,10.4,10.4,10.4,24.226999999999997,10.4,10.4,10.4,10.4,10.4,10.4,10.4,10.4,10.4,10.4,10.4,10.4,10.4,10.4,10.4,10.4,10.4,10.4,10.4,10.4,10.4,Dropout
680,1328.549,82.605,122.939,286.142,83.65899999999999,260.774,10.4,163.029,125.15200000000002,55.534000000000006,67.778,10.4,147.367,151.982,149.268,128.046,64.966,10.4,268.907,83.354,92.12700000000001,10.4,10.4,10.4,10.4,10.4,10.4,10.4,10.4,10.4,Dropout
681,439.15099999999995,10.4,59.634,10.4,27.214999999999996,10.4,10.4,18.866999999999997,25.720999999999997,10.4,10.4,10.4,59.824999999999996,44.292,71.018,56.684000000000005,10.4,10.4,10.4,10.4,68.408,10.4,10.4,53.559,55.534000000000006,10.4,64.484,10.4,67.434,70.409,Fail
682,1056.815,106.976,188.934,126.6,98.085,168.728,10.4,104.42500000000001,177.793,126.68099999999998,55.583999999999996,99.90299999999999,104.78399999999999,83.98700000000001,32.853,71.726,17.089999999999996,10.4,120.311,95.372,86.055,43.517,23.083999999999996,32.516,35.667,10.4,33.617000000000004,41.959,48.56699999999999,128.819,Pass
683,80.237,7.8,60.467,65.442,27.603,7.8,7.8,7.8,23.121,7.8,7.8,7.8,7.8,7.8,22.622999999999998,7.8,7.8,7.8,7.8,7.8,19.634999999999998,7.8,7.8,7.8,7.8,7.8,7.8,7.8,7.8,7.8,Fail
684,1723.7700000000002,69.332,99.752,114.55799999999999,102.602,131.138,10.4,143.604,192.24699999999999,204.421,200.507,175.68900000000002,155.922,138.643,165.194,217.357,156.50799999999998,10.4,158.62800000000001,125.841,179.558,126.88900000000001,105.977,124.763,121.47600000000001,10.4,125.972,133.361,160.90400000000002,400.619,Pass
685,1700.9540000000002,122.67699999999999,94.797,167.63400000000001,101.49599999999998,106.96000000000001,10.4,63.137,80.266,96.914,87.444,73.08699999999999,10.4,126.954,99.682,50.742,10.4,10.4,115.979,113.24000000000001,93.91499999999999,35.017,10.4,27.666999999999998,10.4,10.4,10.4,10.4,10.4,208.747,Fail
686,663.601,78.15799999999999,57.542,134.248,91.292,120.109,10.4,107.75800000000001,127.01599999999998,10.4,10.4,52.40899999999999,51.166999999999994,10.4,41.962999999999994,10.4,10.4,10.4,108.293,10.4,10.4,10.4,10.4,10.4,10.4,10.4,10.4,10.4,10.4,148.49200000000002,Dropout
687,903.059,155.856,131.612,46.184000000000005,32.219,102.468,10.4,113.307,142.719,94.78399999999999,96.53999999999999,89.73400000000001,76.78200000000001,46.888999999999996,68.318,96.82300000000001,89.476,10.4,117.208,61.952,90.428,53.817,24.867,78.326,73.282,10.4,42.905,40.88,52.372,241.647,Pass
688,54.417,10.4,10.4,10.4,26.219,10.4,10.4,10.4,25.720999999999997,10.4,10.4,10.4,10.4,10.4,10.4,10.4,10.4,10.4,10.4,10.4,10.4,10.4,10.4,10.4,10.4,10.4,10.4,10.4,10.4,10.4,Fail
689,2175.44,165.59,135.389,209.831,108.776,218.13,10.4,135.31,87.14,10.4,85.44800000000001,76.515,211.562,187.91199999999998,155.161,172.904,50.709,10.4,237.698,214.056,247.063,172.47699999999998,62.69799999999999,154.412,174.753,10.4,87.705,61.641999999999996,119.652,292.00800000000004,Pass
690,5.170999999999999,7.8,7.8,7.8,23.619,7.8,7.8,7.8,25.113,7.8,7.8,7.8,7.8,7.8,7.8,7.8,7.8,7.8,7.8,7.8,7.8,7.8,7.8,7.8,7.8,7.8,7.8,7.8,7.8,7.8,Fail
691,2019.027,146.221,204.375,267.47200000000004,135.796,209.09300000000002,10.4,195.034,190.46600000000004,248.157,152.263,146.464,220.735,261.608,128.02499999999998,82.904,72.49900000000001,10.4,473.18300000000005,216.42000000000002,253.53099999999998,166.69299999999998,163.491,174.491,130.012,10.4,116.453,119.38199999999999,198.268,358.278,Pass
692,300.836,10.4,10.4,10.4,20.243,10.4,10.4,10.4,31.198999999999998,10.4,10.4,10.4,10.4,10.4,28.211,10.4,10.4,10.4,10.4,10.4,26.219,10.4,10.4,10.4,10.4,10.4,10.4,10.4,10.4,10.4,Dropout
693,64.023,10.4,10.4,10.4,28.211,10.4,10.4,10.4,26.717,10.4,10.4,10.4,10.4,10.4,10.4,10.4,10.4,10.4,10.4,10.4,10.4,10.4,10.4,10.4,10.4,10.4,10.4,10.4,10.4,10.4,Dropout
694,1205.355,145.256,155.60399999999998,149.84199999999998,119.319,182.27,7.8,83.633,174.859,143.12,-5.049000000000001,52.95899999999999,66.47600000000001,85.851,88.122,132.026,82.927,7.8,214.91299999999998,79.44000000000001,102.16499999999999,7.8,75.253,103.838,28.467,7.8,111.437,7.8,224.034,226.279,Pass
695,2393.956,10.4,-29.227000000000004,10.4,27.914,1.807999999999998,10.4,13.628999999999998,27.418999999999997,-0.40199999999999925,23.476,-4.452000000000002,49.393,161.02499999999998,43.086,1.0169999999999977,5.292,10.4,166.653,62.477,93.341,39.298,52.387,54.248,49.223,10.4,58.20700000000001,62.534,105.85,135.832,Pass
696,51.81700000000001,7.8,7.8,7.8,7.8,7.8,7.8,7.8,7.8,7.8,7.8,7.8,7.8,7.8,7.8,7.8,7.8,7.8,7.8,7.8,7.8,7.8,7.8,7.8,7.8,7.8,7.8,7.8,7.8,7.8,Dropout
697,415.906,115.745,65.53399999999999,10.4,28.91,10.4,10.4,10.4,10.4,10.4,10.4,10.4,10.4,10.4,10.4,10.4,10.4,10.4,102.768,10.4,10.4,10.4,10.4,10.4,10.4,10.4,10.4,10.4,10.4,142.542,Fail
698,101.323,63.492,10.4,10.4,10.4,10.4,10.4,10.4,10.4,10.4,10.4,10.4,10.4,10.4,10.4,10.4,10.4,10.4,10.4,10.4,10.4,10.4,10.4,10.4,10.4,10.4,10.4,10.4,10.4,10.4,Fail
699,1125.551,45.71699999999999,55.992000000000004,85.42599999999999,103.786,105.255,10.4,135.671,32.918,24.817,63.266999999999996,55.157000000000004,61.376000000000005,65.23400000000001,62.552,74.822,10.4,10.4,118.22499999999998,41.336,94.174,58.286,65.295,68.346,29.916999999999994,10.4,53.643,10.4,75.076,258.581,Pass
700,730.355,80.12700000000001,185.077,132.44599999999997,96.83,-31.133000000000006,10.4,10.4,26.359,42.929,10.4,10.4,10.4,10.4,27.125,10.4,10.4,10.4,101.918,10.4,10.4,10.4,10.4,10.4,10.4,10.4,10.4,10.4,10.4,10.4,Fail
701,947.7919999999999,-23.241000000000003,-39.783,10.4,87.81899999999999,-31.133000000000006,10.4,-19.183,121.555,10.4,5.346,120.399,-11.308000000000005,42.317,32.105000000000004,10.4,10.4,10.4,202.72,54.658,55.825,10.4,10.4,47.628,35.242,10.4,54.199999999999996,10.4,120.843,169.85899999999998,Fail
702,1777.4759999999999,137.42499999999998,150.911,177.328,88.17399999999999,216.57299999999998,10.4,158.638,251.18599999999998,250.825,223.87300000000002,197.748,162.92399999999998,178.687,204.367,214.71300000000002,164.155,10.4,251.721,147.094,202.977,139.02,120.59899999999999,166.147,154.20000000000002,10.4,147.403,130.761,140.857,217.04400000000004,Pass
703,2956.478,168.09199999999998,184.646,230.166,141.91899999999998,388.05499999999995,10.4,274.86899999999997,278.08000000000004,233.832,189.87900000000002,215.27800000000002,279.865,251.127,186.35,192.66,160.88400000000001,10.4,447.145,210.964,234.039,174.159,86.447,138.321,99.755,10.4,93.35100000000001,92.44099999999999,87.75,389.824,Pass
704,51.81700000000001,7.8,7.8,7.8,7.8,7.8,7.8,7.8,7.8,7.8,7.8,7.8,7.8,7.8,7.8,7.8,7.8,7.8,7.8,7.8,7.8,7.8,7.8,7.8,7.8,7.8,7.8,7.8,7.8,7.8,Dropout
705,790.642,123.762,133.57,138.54,110.35300000000001,167.737,10.4,120.555,91.892,10.4,10.4,10.4,10.4,10.4,10.4,10.4,10.4,10.4,10.4,10.4,10.4,10.4,10.4,10.4,10.4,10.4,10.4,10.4,10.4,113.092,Dropout
706,672.3009999999999,10.4,63.507000000000005,128.555,86.4,213.40699999999998,10.4,185.51999999999998,179.27599999999998,195.55800000000002,152.45600000000002,134.75,174.14499999999998,150.704,173.64499999999998,61.075,49.512,10.4,60.644000000000005,69.867,91.953,10.4,10.4,10.4,10.4,10.4,10.4,10.4,10.4,180.361,Dropout
707,924.702,140.729,83.967,99.61999999999999,58.461999999999996,51.134,10.4,142.45600000000002,37.4,44.759,10.4,10.4,63.455,35.167,27.623,10.4,71.142,10.4,155.318,10.4,36.857,26.296999999999997,10.4,10.4,10.4,10.4,31.342000000000002,10.4,38.292,261.289,Fail
708,4565.348999999999,225.809,192.392,292.527,123.875,308.853,10.4,246.683,234.79899999999998,380.192,315.192,288.69,253.756,282.941,185.289,303.155,207.092,10.4,764.8319999999999,152.245,206.997,207.52499999999998,182.939,123.508,147.17000000000002,10.4,137.303,146.177,132.798,414.64099999999996,Pass
709,1990.904,-21.558,138.002,234.815,127.92399999999999,151.93800000000002,7.8,203.228,243.987,195.453,86.133,75.33200000000001,167.63,178.567,218.53,251.71499999999997,164.256,7.8,260.75699999999995,143.69500000000002,161.056,161.95100000000002,157.029,177.39499999999998,147.266,7.8,129.75099999999998,156.791,212.202,393.96900000000005,Pass
710,3013.873,171.712,95.69200000000001,231.272,139.206,241.28799999999998,10.4,280.352,199.772,83.519,199.345,132.31,253.405,202.16,167.747,80.775,38.834,10.4,401.50699999999995,164.32299999999998,215.35599999999997,38.417,70.958,88.247,83.041,10.4,170.378,79.732,143.163,382.779,Pass
711,57.92100000000001,10.4,10.4,10.4,10.4,10.4,10.4,10.4,10.4,10.4,10.4,10.4,10.4,10.4,10.4,10.4,10.4,10.4,10.4,10.4,10.4,10.4,10.4,10.4,10.4,10.4,10.4,10.4,10.4,10.4,Dropout
712,2668.8799999999997,200.93200000000002,229.585,229.046,143.657,284.70000000000005,10.4,225.989,266.923,274.473,172.59199999999998,203.868,179.35,260.275,178.883,188.389,160.19899999999998,10.4,274.94100000000003,173.68300000000002,223.617,171.794,114.26899999999999,109.124,162.98499999999999,10.4,131.53,63.513999999999996,115.78999999999999,288.745,Pass
713,1508.6219999999998,183.719,153.659,163.57999999999998,98.64500000000001,102.94399999999999,7.8,-20.558,93.188,83.555,7.8,113.87899999999999,77.277,90.15299999999999,98.976,142.828,7.8,7.8,189.33599999999998,49.842,57.91000000000001,7.8,37.75,56.72500000000001,47.358999999999995,7.8,105.149,51.625,122.18900000000001,127.57000000000001,Pass
714,464.71400000000006,80.83,52.559000000000005,61.47,88.95500000000001,91.01899999999999,10.4,10.4,10.4,10.4,10.4,10.4,10.4,10.4,10.4,10.4,10.4,10.4,104.21900000000001,10.4,10.4,10.4,10.4,10.4,10.4,10.4,10.4,10.4,10.4,148.692,Dropout
715,492.445,10.4,10.4,10.4,27.712999999999997,10.4,10.4,-3.7810000000000006,67.887,10.4,25.551000000000002,10.4,94.591,90.843,49.513999999999996,10.4,10.4,10.4,10.967999999999998,10.4,45.479,45.71699999999999,10.4,42.541999999999994,41.647,10.4,37.767,10.4,81.24199999999999,91.708,Pass
716,204.95399999999998,10.4,10.4,10.4,10.4,10.4,10.4,10.4,10.4,10.4,10.4,10.4,95.15899999999999,53.617000000000004,10.4,10.4,10.4,10.4,10.4,10.4,10.4,10.4,10.4,10.4,10.4,10.4,10.4,10.4,10.4,10.4,Fail
717,3205.8679999999995,193.64100000000002,169.84300000000002,290.19399999999996,122.691,287.659,7.8,271.098,185.54799999999997,154.486,162.04100000000003,142.5,249.98600000000002,217.02100000000002,229.98200000000003,179.81199999999998,95.152,7.8,373.973,264.671,247.155,139.732,100.95899999999999,136.94199999999998,159.549,7.8,65.988,115.273,210.947,368.93899999999996,Pass
718,1762.6920000000002,145.87900000000002,181.575,217.32,109.931,233.078,7.8,178.35999999999999,282.561,248.636,139.337,132.478,164.487,167.721,219.781,180.753,165.29700000000003,7.8,212.679,150.547,203.966,189.76999999999998,122.84200000000001,146.687,139.147,7.8,158.091,132.118,178.507,397.797,Pass
719,54.417,10.4,10.4,10.4,10.4,10.4,10.4,10.4,10.4,10.4,10.4,10.4,10.4,10.4,10.4,10.4,10.4,10.4,10.4,10.4,10.4,10.4,10.4,10.4,10.4,10.4,10.4,10.4,10.4,10.4,Dropout
720,1095.437,10.4,74.25999999999999,64.392,72.297,65.542,10.4,49.355999999999995,37.42999999999999,10.4,10.4,56.351000000000006,74.231,98.01299999999999,76.383,10.4,10.4,10.4,132.02599999999998,93.47800000000001,121.342,71.19200000000001,10.4,73.583,59.762,10.4,38.417,10.4,77.367,115.80699999999999,Pass
721,51.81700000000001,7.8,7.8,7.8,7.8,7.8,7.8,7.8,7.8,7.8,7.8,7.8,7.8,7.8,7.8,7.8,7.8,7.8,7.8,7.8,7.8,7.8,7.8,7.8,7.8,7.8,7.8,7.8,7.8,7.8,Dropout
722,1933.361,182.79699999999997,139.248,166.28500000000003,100.91300000000001,129.554,7.8,129.68200000000002,137.405,59.949,-4.791000000000002,7.8,125.32700000000001,86.11999999999999,38.102999999999994,7.8,7.8,7.8,227.21699999999998,147.264,41.64,66.69200000000001,68.18400000000001,91.367,24.917,7.8,7.8,7.8,84.308,260.97799999999995,Pass
723,1975.165,144.757,120.87499999999999,99.417,88.42599999999999,155.261,10.4,137.256,189.111,153.548,126.019,91.50500000000001,108.237,69.607,93.489,101.492,71.234,10.4,224.304,71.015,118.946,81.965,99.15100000000001,98.94800000000001,75.997,10.4,122.958,81.258,110.62100000000001,264.125,Pass
724,3533.8469999999998,118.592,134.508,220.79200000000003,105.385,276.547,7.8,252.042,264.05400000000003,131.62800000000001,67.086,97.09299999999999,124.321,139.428,128.011,101.41499999999999,81.927,7.8,329.533,91.468,167.86499999999998,57.64200000000001,97.03999999999999,116.16500000000002,49.412,7.8,95.592,74.009,160.598,462.15999999999997,Pass
725,2120.715,162.25599999999997,129.864,188.97199999999998,152.214,211.77599999999998,10.4,191.83800000000002,159.053,99.54500000000002,103.356,168.10899999999998,188.07599999999996,210.93,269.04900000000004,164.635,68.809,10.4,282.80899999999997,110.471,133.382,104.54899999999999,103.35399999999998,148.42,103.329,10.4,92.827,84.374,267.51300000000003,317.07800000000003,Pass
726,5203.701999999999,338.166,220.301,543.855,175.36999999999998,333.148,7.8,329.326,396.536,353.923,366.23900000000003,429.13,343.171,341.219,299.98600000000005,328.94399999999996,229.12699999999995,7.8,439.51700000000005,192.403,328.001,197.586,127.04800000000002,180.305,165.40300000000002,7.8,113.22500000000001,133.165,205.73600000000002,488.99999999999994,Pass
727,1252.254,153.96099999999998,118.29,375.136,121.373,365.182,10.4,278.589,76.686,10.4,53.292,10.4,62.217,65.19200000000001,68.167,10.4,10.4,10.4,10.4,10.4,10.4,10.4,10.4,10.4,10.4,10.4,10.4,10.4,10.4,177.94099999999997,Fail
728,1633.4410000000003,87.98799999999999,121.74199999999999,113.817,132.713,121.495,7.8,124.00399999999999,144.292,65.88499999999999,-14.916,95.506,93.975,105.456,108.048,119.444,94.045,7.8,231.419,113.12000000000002,139.43599999999998,95.56099999999999,95.475,105.30100000000002,106.076,7.8,88.356,44.836,79.524,291.583,Pass
729,1460.4360000000001,114.207,84.467,349.34799999999996,84.29,72.428,7.8,78.378,112.317,29.134,86.28999999999999,67.74799999999999,85.97800000000001,79.12899999999999,101.518,80.73,64.392,7.8,222.038,64.51,92.715,71.729,80.18400000000001,63.867000000000004,66.842,7.8,7.8,7.8,79.742,260.129,Pass
730,2634.452,112.79400000000001,122.51599999999999,149.89299999999997,87.887,179.636,10.4,158.93599999999998,120.88900000000001,173.093,122.198,91.75399999999999,179.311,171.494,151.535,83.368,10.4,10.4,298.424,147.916,227.842,130.214,71.33,136.227,137.325,10.4,91.799,64.73400000000001,169.248,179.60500000000002,Pass
731,2927.2749999999996,300.543,157.718,100.174,119.612,192.728,10.4,187.642,110.193,162.96900000000002,116.81200000000001,159.76,131.36900000000003,142.376,105.646,125.98,44.367,10.4,345.519,140.95899999999997,130.849,59.292,75.138,165.687,99.446,10.4,176.38600000000002,78.53900000000002,92.964,344.051,Pass
732,3233.678,347.795,300.274,533.508,165.712,382.743,10.4,312.33,177.313,311.03200000000004,204.06500000000003,109.14999999999999,245.144,215.62099999999998,121.97399999999999,161.424,99.918,10.4,818.6149999999999,281.843,322.81899999999996,251.64300000000003,94.889,216.699,119.13499999999999,10.4,194.10000000000002,43.209,231.57,529.3009999999999,Pass
733,2662.769,167.844,313.84999999999997,162.252,129.3,230.69699999999995,10.4,187.491,272.542,234.501,163.361,160.01,188.149,130.3,149.721,166.788,170.689,10.4,322.81899999999996,127.965,159.459,131.75099999999998,135.291,117.51100000000001,116.29400000000001,10.4,122.265,125.47,122.45,246.07500000000002,Pass
734,2655.2430000000004,219.091,156.46,169.97,139.962,131.326,7.8,187.52200000000002,205.233,306.468,125.25699999999999,110.04500000000002,183.66899999999998,123.14000000000001,104.649,67.4,72.361,7.8,583.527,126.245,181.894,76.327,65.515,101.06299999999999,7.8,7.8,54.909,42.19200000000001,58.99999999999999,304.95399999999995,Pass
735,1195.716,216.608,223.39999999999998,117.73,97.542,111.07199999999999,10.4,120.401,119.824,254.25799999999995,92.97399999999999,184.25000000000003,70.027,129.071,39.778999999999996,90.05000000000001,10.4,10.4,52.035,10.4,41.206999999999994,10.4,78.792,10.4,10.4,10.4,10.4,10.4,10.4,10.4,Dropout
736,959.378,169.303,112.835,-8.458000000000002,64.523,95.452,10.4,89.914,137.315,102.55199999999999,4.458999999999999,0.4339999999999993,92.81,66.36,25.382,14.334,65.21600000000001,10.4,230.164,83.662,61.14,28.667,39.65899999999999,10.4,10.4,10.4,10.4,63.15,10.4,247.81300000000002,Pass
737,1276.888,142.47,73.88300000000001,63.81700000000001,32.305,120.21199999999999,10.4,96.229,153.211,114.553,78.479,71.753,124.979,66.239,28.939999999999998,88.377,93.328,10.4,128.87,22.311999999999998,56.468,23.967,26.942,26.548,25.392000000000003,10.4,33.342,41.817,55.879,239.191,Pass
738,1948.675,234.76199999999997,164.918,102.12599999999999,118.57999999999998,123.128,10.4,115.13,90.43299999999999,127.375,155.658,128.539,105.43400000000001,58.417,117.852,86.254,5.292,10.4,156.991,10.4,55.400999999999996,10.4,29.705,41.941,50.373000000000005,10.4,63.142,43.534,54.131,125.42999999999999,Pass
739,2023.156,154.13400000000001,108.65199999999999,179.164,111.99099999999999,179.766,10.4,203.10700000000003,162.63400000000001,162.39700000000002,186.411,164.57500000000002,213.543,237.098,219.798,198.778,149.778,10.4,193.80700000000002,162.498,158.841,116.901,164.908,119.839,163.076,10.4,108.43099999999998,128.591,111.66500000000002,309.44100000000003,Pass
740,1456.6960000000001,119.96300000000001,107.741,160.215,85.11,160.079,10.4,168.69400000000002,127.62400000000001,124.19400000000002,94.22899999999998,78.873,126.967,119.462,135.442,101.13999999999999,56.559,10.4,252.648,130.984,142.42399999999998,72.345,85.187,87.78500000000001,34.74199999999999,10.4,51.476,10.4,59.93299999999999,222.87000000000003,Pass
741,1949.143,121.862,126.352,121.935,120.743,143.33800000000002,10.4,171.87,320.536,251.549,142.18599999999998,141.842,217.05899999999997,211.294,197.255,178.749,105.87199999999999,10.4,169.325,128.495,159.35899999999998,52.101,56.11,56.417,59.41,10.4,79.104,50.792,118.324,309.361,Pass
742,2378.6949999999997,254.587,135.651,188.02,137.375,191.51999999999998,7.8,171.75599999999997,141.97000000000003,198.352,130.828,132.447,120.42,138.447,114.997,157.88,82.36699999999999,7.8,237.435,77.329,153.49800000000002,57.32600000000001,70.374,96.943,74.845,7.8,102.301,72.625,130.688,289.757,Pass
743,158.38599999999997,10.4,10.4,10.4,31.696999999999996,10.4,10.4,10.4,33.191,10.4,10.4,10.4,10.4,10.4,24.973999999999997,10.4,10.4,10.4,10.4,10.4,10.4,10.4,10.4,10.4,10.4,10.4,10.4,10.4,10.4,10.4,Dropout
744,1182.844,207.371,137.101,267.30600000000004,97.883,284.14599999999996,10.4,191.17799999999997,187.70200000000003,122.23799999999999,207.087,127.834,10.4,10.4,10.4,10.4,10.4,10.4,112.244,10.4,10.4,10.4,10.4,10.4,10.4,10.4,10.4,10.4,10.4,114.492,Dropout
745,377.16099999999994,93.86899999999999,67.351,10.4,30.139999999999997,10.4,10.4,10.4,10.4,10.4,10.4,10.4,10.4,10.4,10.4,10.4,10.4,10.4,10.4,10.4,10.4,10.4,10.4,10.4,10.4,10.4,10.4,10.4,10.4,141.692,Fail
746,1003.0120000000001,83.797,98.07700000000001,156.994,91.528,135.90300000000002,10.4,148.04500000000002,135.522,153.137,151.974,135.518,120.035,81.031,76.38699999999999,67.607,99.762,10.4,10.4,10.4,10.4,10.4,10.4,10.4,10.4,10.4,10.4,10.4,10.4,178.861,Dropout
747,7909.121,180.301,157.324,408.463,173.72,363.89099999999996,10.4,379.28999999999996,285.852,186.73499999999999,315.683,102.653,101.612,92.986,80.175,62.641000000000005,10.4,10.4,440.025,172.947,190.917,113.053,72.315,100.532,80.563,10.4,79.372,52.592,78.83,371.503,Pass
748,1404.237,83.492,54.992,10.4,32.015,10.4,10.4,10.4,33.299,10.4,10.4,10.4,10.4,82.797,92.912,10.4,10.4,10.4,169.251,10.4,38.513,10.4,10.4,10.4,10.4,10.4,10.4,10.4,10.4,177.347,Fail
749,2532.4719999999998,81.429,7.8,104.566,135.279,100.459,7.8,133.312,205.651,57.87599999999999,65.011,89.63900000000001,106.723,101.624,70.40299999999999,83.522,7.8,7.8,281.24899999999997,71.70400000000001,181.14700000000002,77.635,43.422,49.28699999999999,53.37200000000001,7.8,70.401,52.891999999999996,97.764,295.311,Pass
750,420.19599999999997,114.10000000000001,108.63399999999999,158.40699999999998,95.99,78.34200000000001,7.8,84.809,85.267,7.8,7.8,7.8,7.8,7.8,7.8,7.8,7.8,7.8,114.61799999999998,7.8,7.8,7.8,7.8,7.8,7.8,7.8,7.8,7.8,7.8,148.74200000000002,Dropout
751,1105.3780000000002,101.58500000000001,107.50900000000001,47.06699999999999,116.271,71.087,10.4,126.38099999999999,122.016,125.75200000000001,113.452,97.42699999999999,37.742000000000004,71.351,42.461,49.092,3.533999999999999,10.4,230.83499999999998,88.654,46.613,54.259,82.818,34.359,25.817,10.4,52.912,10.4,41.292,241.286,Pass
752,1013.909,87.689,54.959,84.34899999999999,110.658,93.874,10.4,58.565,76.086,105.81299999999999,71.64699999999999,69.479,85.16,114.271,71.82799999999999,83.251,46.916999999999994,10.4,134.193,74.996,111.89700000000002,78.078,41.318,40.507999999999996,25.817,10.4,81.76899999999999,37.992,82.621,143.47899999999998,Pass
753,3276.0750000000003,86.24,99.45299999999999,242.73100000000002,105.302,268.238,7.8,200.853,295.87699999999995,228.764,189.296,245.13200000000003,211.667,175.66199999999998,168.121,242.67299999999997,81.43,7.8,379.30099999999993,220.06700000000004,200.97599999999997,141.867,110.073,179.36299999999997,139.82999999999998,7.8,178.202,55.359,191.50400000000002,310.44,Pass
754,2540.529,95.554,10.4,283.717,107.818,313.1700000000001,10.4,257.20399999999995,165.653,144.94299999999998,171.493,150.994,228.104,191.48000000000002,210.568,89.39599999999999,10.4,10.4,327.04400000000004,158.398,188.179,137.076,84.184,147.367,130.762,10.4,70.489,36.834,117.658,240.776,Pass
755,1813.258,79.829,152.219,146.883,134.697,133.283,10.4,89.483,176.305,119.93199999999999,72.679,204.861,134.574,95.928,110.43599999999999,92.071,106.597,10.4,294.286,106.77,116.81099999999999,64.411,97.012,116.777,99.928,10.4,98.719,58.227000000000004,138.95299999999997,265.508,Pass
756,60.24400000000001,10.4,10.4,10.4,10.4,10.4,10.4,10.4,10.4,10.4,10.4,10.4,10.4,10.4,10.4,10.4,10.4,10.4,10.4,10.4,10.4,10.4,10.4,10.4,10.4,10.4,10.4,10.4,10.4,10.4,Dropout
757,54.417,10.4,10.4,10.4,10.4,10.4,10.4,10.4,10.4,10.4,10.4,10.4,10.4,10.4,10.4,10.4,10.4,10.4,10.4,10.4,10.4,10.4,10.4,10.4,10.4,10.4,10.4,10.4,10.4,10.4,Dropout
758,6914.433000000001,266.094,343.317,349.25600000000003,176.76600000000002,374.746,7.8,335.57399999999996,372.7,521.774,373.87800000000004,585.44,398.705,364.46299999999997,234.61700000000002,505.87799999999993,238.91899999999998,7.8,417.764,262.941,238.23399999999998,233.981,250.803,372.354,242.50900000000001,7.8,368.664,230.013,303.139,701.7139999999999,Pass
759,188.113,59.65899999999999,142.391,154.703,31.198999999999998,136.177,10.4,80.911,26.219,10.4,10.4,10.4,10.4,10.4,10.4,10.4,10.4,10.4,10.4,10.4,10.4,10.4,10.4,10.4,10.4,10.4,10.4,10.4,10.4,142.967,Dropout
760,1271.1889999999999,93.11999999999999,61.367,136.619,89.10900000000001,134.643,10.4,63.484,128.171,81.623,111.874,53.259,101.13499999999999,136.472,128.619,10.4,10.4,10.4,124.505,10.4,103.55300000000001,10.4,10.4,10.4,10.4,10.4,56.384,59.35900000000001,52.142,201.17000000000002,Pass
761,1316.048,268.61,229.332,226.90300000000002,85.132,247.158,10.4,202.094,304.773,291.809,146.578,268.784,162.676,116.271,80.692,69.667,10.4,10.4,106.16799999999999,10.4,47.87,10.4,10.4,10.4,10.4,10.4,10.4,10.4,10.4,10.4,Dropout
762,1513.226,344.20900000000006,234.661,210.67200000000003,152.571,276.91600000000005,10.4,221.96999999999997,344.932,248.96800000000002,142.87,120.243,117.25099999999999,305.572,167.996,219.66699999999997,136.115,10.4,261.06100000000004,229.708,202.252,67.898,134.656,124.11200000000001,58.351,10.4,93.99799999999999,99.469,120.663,335.67599999999993,Pass
763,2293.576,194.763,62.885999999999996,-3.1080000000000005,127.264,112.373,7.8,15.946,161.20499999999998,121.22,114.934,94.104,199.84900000000002,90.00999999999999,97.537,99.52199999999999,14.866999999999999,7.8,186.868,86.369,149.536,103.72999999999999,64.56700000000001,72.172,31.742,7.8,91.887,74.44200000000001,73.334,360.581,Pass
764,805.7560000000001,104.662,78.16999999999999,156.159,95.59700000000001,134.292,10.4,134.793,63.689,41.391999999999996,46.884,56.01,58.502,64.62800000000001,61.301,59.242,62.217,10.4,88.322,81.935,79.151,89.428,83.218,10.4,10.4,10.4,10.4,10.4,10.4,168.444,Dropout
765,1903.268,61.56199999999999,112.99799999999999,139.457,124.713,99.922,7.8,121.30799999999999,158.89000000000001,233.093,145.386,151.498,106.509,116.813,148.558,-0.15799999999999947,1.8169999999999984,7.8,94.545,70.24000000000001,114.209,71.67299999999999,49.141999999999996,74.102,77.077,7.8,62.559000000000005,87.96799999999999,87.43699999999998,233.818,Pass
766,78.815,10.4,10.4,10.4,10.4,10.4,10.4,10.4,10.4,10.4,10.4,10.4,10.4,10.4,10.4,10.4,10.4,10.4,10.4,10.4,10.4,10.4,10.4,10.4,10.4,10.4,10.4,10.4,10.4,10.4,Fail
767,54.417,10.4,10.4,10.4,10.4,10.4,10.4,10.4,10.4,10.4,10.4,10.4,10.4,10.4,10.4,10.4,10.4,10.4,10.4,10.4,10.4,10.4,10.4,10.4,10.4,10.4,10.4,10.4,10.4,10.4,Dropout
768,208.846,57.459,60.851,7.8,7.8,7.8,7.8,7.8,7.8,7.8,7.8,7.8,7.8,7.8,7.8,7.8,7.8,7.8,7.8,7.8,7.8,7.8,7.8,7.8,7.8,7.8,7.8,7.8,7.8,134.417,Dropout
769,1665.5990000000002,176.163,93.48299999999999,180.499,118.72099999999999,125.01199999999999,10.4,43.209,111.04899999999999,126.189,82.545,104.48899999999999,59.919,10.4,40.571,10.4,10.4,10.4,105.318,10.4,10.4,10.4,10.4,10.4,10.4,10.4,10.4,10.4,10.4,146.959,Dropout
770,355.817,88.714,60.092,10.4,26.186,10.4,10.4,10.4,10.4,10.4,10.4,10.4,10.4,10.4,10.4,10.4,10.4,10.4,104.043,10.4,10.4,10.4,10.4,10.4,10.4,10.4,10.4,10.4,10.4,10.4,Dropout
771,2779.697,113.99600000000001,96.203,114.753,117.149,141.133,10.4,142.209,189.50099999999998,136.73999999999998,101.06200000000001,145.449,207.481,210.265,124.566,119.067,38.681,10.4,330.046,124.792,120.93,126.57600000000001,58.376,102.162,35.362,10.4,68.455,35.867,132.949,239.805,Pass
772,1386.683,122.90900000000002,178.35999999999999,214.095,143.47199999999998,182.498,10.4,178.375,215.44700000000003,158.464,103.142,152.86299999999997,159.019,126.222,147.234,71.419,18.647,10.4,147.711,134.85,159.262,129.485,31.667,123.51600000000002,111.15899999999999,10.4,83.07499999999999,77.038,171.826,110.57200000000002,Pass
773,633.9929999999999,109.36599999999999,57.635,209.22500000000002,86.502,137.544,7.8,7.8,7.8,7.8,7.8,7.8,7.8,7.8,7.8,7.8,7.8,7.8,7.8,7.8,7.8,7.8,7.8,7.8,7.8,7.8,7.8,7.8,7.8,157.138,Dropout
774,233.272,7.8,7.8,7.8,7.8,51.541,7.8,7.8,54.909,7.8,7.8,7.8,7.8,7.8,7.8,7.8,7.8,7.8,88.26799999999999,7.8,7.8,7.8,7.8,7.8,7.8,7.8,7.8,7.8,7.8,7.8,Dropout
775,2345.634,135.813,98.26599999999999,149.995,87.98400000000001,209.765,7.8,184.99099999999999,331.204,306.835,166.563,97.42599999999999,272.096,240.361,193.643,289.95799999999997,209.68,7.8,199.16899999999998,170.531,216.08599999999996,225.106,181.036,184.842,103.314,7.8,244.69400000000002,74.089,298.21,454.677,Pass
776,657.78,104.537,114.527,77.789,78.445,61.88399999999999,7.8,54.909,100.999,52.135000000000005,7.8,59.189,7.8,7.8,36.974999999999994,7.8,7.8,7.8,7.8,7.8,7.8,7.8,7.8,7.8,7.8,7.8,7.8,7.8,7.8,148.74200000000002,Fail
777,1102.856,75.872,67.629,192.27499999999998,106.132,166.767,7.8,138.914,174.70000000000002,69.264,7.8,7.8,7.8,7.8,7.8,7.8,7.8,7.8,120.31899999999999,7.8,7.8,7.8,7.8,7.8,7.8,7.8,7.8,7.8,7.8,157.49699999999999,Dropout
778,1091.284,124.85999999999999,64.97399999999999,177.969,97.121,98.497,10.4,76.992,37.283,10.4,10.4,10.4,10.4,10.4,10.4,10.4,10.4,10.4,102.34299999999999,10.4,10.4,10.4,10.4,10.4,10.4,10.4,10.4,10.4,10.4,157.798,Dropout
779,2745.223,196.10099999999997,143.368,225.553,100.16300000000001,238.32600000000002,10.4,202.506,153.352,67.64,149.798,94.28699999999999,157.078,194.945,164.062,184.926,191.55700000000002,10.4,268.743,179.964,242.969,165.179,145.75,152.397,165.64499999999998,10.4,152.72099999999998,111.966,149.3,300.619,Pass
780,2203.453,166.44599999999997,124.407,179.882,112.115,185.11899999999997,10.4,220.53499999999997,155.209,137.98,152.87199999999999,154.90200000000002,181.501,175.647,145.897,144.99200000000002,82.322,10.4,243.245,158.052,196.52,164.06099999999998,113.774,152.638,162.64499999999998,10.4,79.37700000000001,94.363,146.037,340.55199999999996,Pass
781,63.896,10.4,10.4,10.4,10.4,10.4,10.4,10.4,10.4,10.4,10.4,10.4,10.4,10.4,10.4,10.4,10.4,10.4,10.4,10.4,10.4,10.4,10.4,10.4,10.4,10.4,10.4,10.4,10.4,10.4,Dropout
782,2436.9469999999997,169.277,143.606,186.95099999999996,131.495,203.214,10.4,218.234,276.263,231.575,165.73399999999998,149.692,213.49099999999999,213.24200000000002,98.06699999999998,178.338,78.694,10.4,289.548,184.199,168.44400000000002,161.352,119.834,155.246,135.89100000000002,10.4,74.828,117.58800000000001,142.158,334.01399999999995,Pass
783,515.865,69.968,7.8,54.484,23.555999999999997,65.434,7.8,7.8,7.8,7.8,7.8,7.8,7.8,7.8,7.8,7.8,7.8,7.8,112.66900000000001,7.8,7.8,7.8,7.8,7.8,7.8,7.8,7.8,7.8,7.8,7.8,Dropout
784,132.77100000000002,52.834,10.4,56.266999999999996,10.4,10.4,10.4,10.4,10.4,10.4,10.4,10.4,10.4,10.4,10.4,10.4,10.4,10.4,98.76700000000001,10.4,10.4,10.4,10.4,10.4,10.4,10.4,10.4,10.4,10.4,10.4,Dropout
785,210.361,10.4,10.4,10.4,32.132,10.4,10.4,10.4,10.4,10.4,10.4,10.4,10.4,10.4,10.4,10.4,10.4,10.4,10.4,10.4,10.4,10.4,10.4,10.4,10.4,10.4,10.4,10.4,10.4,10.4,Fail
786,2165.049,155.01600000000002,137.374,204.18300000000002,142.499,225.685,7.8,222.456,241.862,146.522,96.834,79.304,167.99899999999997,184.544,189.78000000000003,251.07999999999998,100.79400000000001,7.8,336.47,199.842,210.978,227.98100000000002,158.356,42.294,7.8,7.8,71.00399999999999,47.667,61.059,320.65999999999997,Pass
787,135.421,58.084,62.059,10.4,73.69200000000001,10.4,10.4,10.4,10.4,10.4,10.4,10.4,10.4,10.4,10.4,10.4,10.4,10.4,10.4,10.4,10.4,10.4,10.4,10.4,10.4,10.4,10.4,10.4,10.4,137.867,Dropout
788,1748.008,192.907,202.77499999999998,232.962,152.238,226.79100000000003,10.4,198.012,279.732,300.548,127.923,222.32100000000003,215.677,164.463,187.251,205.70600000000002,169.137,10.4,208.93800000000002,170.61599999999999,193.594,130.121,120.951,125.766,83.947,10.4,109.18700000000001,34.983999999999995,124.04700000000001,284.37100000000004,Pass
789,1690.2879999999998,124.009,145.90599999999998,143.756,112.72,218.873,10.4,203.616,239.02499999999998,141.452,188.435,174.949,191.52700000000002,129.984,133.02,203.674,128.215,10.4,214.27399999999997,193.214,157.67200000000003,133.74,113.56599999999999,151.46900000000002,135.465,10.4,144.252,79.964,153.364,247.77200000000002,Pass
790,2500.437,106.359,90.625,170.811,93.533,154.322,7.8,173.154,148.587,115.72600000000001,144.017,73.063,182.68899999999996,168.228,158.32,94.0,47.017,7.8,292.693,145.302,175.874,147.683,100.96000000000001,166.481,142.38400000000001,7.8,70.82000000000001,71.455,124.15800000000002,275.743,Pass
791,1916.161,95.22500000000001,121.281,213.74200000000002,109.75500000000001,167.917,7.8,163.49099999999999,146.715,103.17800000000001,109.612,177.098,154.872,171.381,131.748,7.8,7.8,7.8,133.347,7.8,43.119,7.8,7.8,7.8,7.8,7.8,7.8,7.8,7.8,165.883,Dropout
792,1337.92,94.627,14.734,82.18900000000001,97.37799999999999,10.4,10.4,58.934000000000005,35.555,94.57600000000001,10.4,72.74799999999999,45.084,77.21499999999999,72.926,57.009,10.4,10.4,193.44,10.4,43.274,10.4,10.4,10.4,10.4,10.4,50.056,10.4,72.386,208.102,Pass
793,735.24,130.143,10.4,83.224,37.111999999999995,91.09200000000001,10.4,83.042,116.18,91.509,95.059,104.034,10.4,10.4,10.4,10.4,10.4,10.4,10.4,10.4,10.4,10.4,10.4,10.4,10.4,10.4,10.4,10.4,10.4,10.4,Fail
794,1878.281,110.831,156.085,199.243,146.63400000000001,176.435,10.4,137.24099999999999,91.674,57.517,133.42999999999998,130.385,140.044,176.567,29.255000000000003,160.23700000000002,76.661,10.4,184.479,71.117,82.158,24.933,49.563,100.237,99.146,10.4,90.647,44.346,128.836,316.99399999999997,Pass
795,2441.5550000000003,137.641,21.21,118.78,38.75,92.67099999999999,10.4,27.155,112.03599999999999,108.58800000000002,10.4,10.4,61.239999999999995,58.203,32.807,54.971,10.4,10.4,113.728,10.4,117.265,10.4,46.233999999999995,10.4,10.4,10.4,34.709,10.4,10.4,199.50400000000002,Fail
796,2719.405,109.468,117.99499999999999,149.83100000000002,103.28,166.29500000000002,10.4,145.34,138.93900000000002,232.609,108.108,88.261,150.729,106.404,121.81700000000001,99.56,54.144999999999996,10.4,73.07499999999999,10.4,138.593,61.309,60.284,62.742,73.469,10.4,126.661,68.15899999999999,110.049,239.928,Pass
797,4005.835,212.58600000000004,182.023,325.47099999999995,114.39500000000001,331.631,10.4,307.361,207.19799999999998,98.798,155.368,207.96400000000006,245.731,213.57000000000002,179.07,85.116,81.919,10.4,411.56600000000003,279.11199999999997,272.954,116.11500000000001,135.64100000000002,209.04299999999998,178.858,10.4,133.65599999999998,62.184,221.87400000000002,330.088,Pass
798,730.3969999999999,10.4,10.4,65.692,29.206999999999997,10.4,10.4,10.4,105.851,63.769000000000005,10.4,62.896,0.6339999999999986,10.4,32.588,10.4,10.4,10.4,107.807,46.217,44.773,10.4,10.4,10.4,10.4,10.4,10.4,10.4,10.4,147.842,Fail
799,1861.6560000000002,103.31700000000001,139.27,231.13899999999998,119.06200000000001,232.813,10.4,252.55599999999998,272.549,219.332,129.002,107.96600000000001,250.75300000000001,204.251,156.663,154.923,73.555,10.4,265.266,185.175,287.072,162.733,104.219,170.83299999999997,146.801,10.4,50.891999999999996,119.47800000000001,204.14499999999998,349.20500000000004,Pass
800,1568.133,150.31199999999998,110.486,140.266,88.72899999999998,192.413,10.4,164.452,139.488,105.455,101.93699999999998,157.396,183.716,129.17999999999998,133.523,95.00500000000001,10.4,10.4,248.73399999999998,147.725,191.022,125.93000000000002,95.53,150.60799999999998,121.378,10.4,52.403,62.929,127.51800000000001,285.728,Pass
801,2953.005,134.374,123.886,154.551,132.58100000000002,67.832,10.4,119.31299999999999,160.34199999999998,125.07999999999998,131.91799999999998,112.844,172.54999999999998,121.14,119.84,15.409999999999998,30.549,10.4,304.766,87.255,125.09800000000001,40.037,75.944,37.326,49.818,10.4,71.319,50.535,69.131,297.15299999999996,Pass
802,2933.507,150.158,140.112,205.594,129.173,264.229,7.8,232.375,269.344,171.868,225.715,312.688,208.07299999999998,159.42,186.882,117.708,80.699,7.8,352.784,145.035,114.344,83.45500000000001,42.266999999999996,89.91900000000001,69.26599999999999,7.8,80.12700000000001,59.383,121.98100000000001,247.384,Pass
803,299.863,40.542,10.4,10.4,37.724,10.4,10.4,10.4,27.029,10.4,10.4,10.4,10.4,10.4,10.4,10.4,10.4,10.4,91.117,10.4,10.4,10.4,10.4,10.4,10.4,10.4,10.4,10.4,10.4,10.4,Dropout
804,1310.733,119.435,99.735,112.58200000000001,97.524,112.935,10.4,151.337,106.60899999999998,128.46699999999998,83.882,91.021,62.05999999999999,96.923,68.813,90.913,10.4,10.4,181.85700000000003,131.542,162.71699999999998,133.87300000000002,91.783,90.011,10.4,10.4,85.678,74.422,100.579,200.545,Pass
805,1077.31,62.393,10.4,10.4,69.257,10.4,10.4,54.56699999999999,17.176000000000002,10.4,10.4,10.4,17.061999999999998,21.742,55.792,10.4,28.608999999999998,10.4,76.775,29.067,72.717,38.168,10.4,10.4,10.4,10.4,10.4,10.4,10.4,48.872,Fail
806,54.417,10.4,10.4,10.4,10.4,10.4,10.4,10.4,10.4,10.4,10.4,10.4,10.4,10.4,10.4,10.4,10.4,10.4,10.4,10.4,10.4,10.4,10.4,10.4,10.4,10.4,10.4,10.4,10.4,10.4,Dropout
807,2031.271,165.858,136.155,225.671,135.91,332.277,7.8,250.20499999999998,234.173,154.49699999999999,-15.915999999999997,90.89600000000002,112.85,126.17999999999998,26.509,101.541,112.338,7.8,351.913,164.164,224.54399999999998,75.851,77.76,57.221,57.418000000000006,7.8,101.93799999999999,34.659000000000006,195.423,306.81,Pass
808,224.80199999999996,63.108999999999995,10.4,10.4,29.525,10.4,10.4,10.4,10.4,10.4,10.4,10.4,10.4,10.4,10.4,10.4,10.4,10.4,10.4,10.4,10.4,10.4,10.4,10.4,10.4,10.4,10.4,10.4,10.4,136.917,Dropout
809,54.417,10.4,10.4,10.4,10.4,10.4,10.4,10.4,10.4,10.4,10.4,10.4,10.4,10.4,10.4,10.4,10.4,10.4,10.4,10.4,10.4,10.4,10.4,10.4,10.4,10.4,10.4,10.4,10.4,10.4,Dropout
810,1865.1079999999997,140.804,113.746,174.2,120.164,287.347,7.8,111.776,284.06600000000003,150.315,122.96300000000001,118.69999999999999,107.08699999999999,66.275,59.57299999999999,76.77799999999999,39.359,7.8,214.10600000000002,18.391999999999996,66.48,100.221,48.429,138.437,72.378,7.8,79.904,62.12,132.429,330.29100000000005,Pass
811,51.81700000000001,7.8,7.8,7.8,7.8,7.8,7.8,7.8,7.8,7.8,7.8,7.8,7.8,7.8,7.8,7.8,7.8,7.8,7.8,7.8,7.8,7.8,7.8,7.8,7.8,7.8,7.8,7.8,7.8,7.8,Dropout
812,812.8820000000002,107.099,125.36699999999999,142.47400000000002,101.952,180.894,7.8,101.279,76.143,57.044,44.31699999999999,51.809,64.96900000000001,53.24199999999999,7.8,7.8,7.8,7.8,7.8,7.8,7.8,7.8,7.8,7.8,7.8,7.8,7.8,7.8,7.8,7.8,Dropout
813,3706.5899999999997,291.582,404.64200000000005,220.94400000000002,82.27300000000001,289.017,10.4,250.47500000000002,437.121,318.22799999999995,256.552,292.541,175.578,183.689,128.97,110.18499999999999,49.159000000000006,10.4,248.822,179.233,211.534,151.628,150.969,188.837,157.126,10.4,197.42,127.62700000000001,190.729,427.149,Pass
814,824.441,66.501,58.108999999999995,55.559000000000005,32.817,10.4,10.4,13.767,44.123,41.781,64.01899999999999,66.49199999999999,63.879999999999995,65.587,71.61,10.4,10.4,10.4,124.132,71.754,74.105,26.292,33.293,53.75099999999999,37.537,10.4,50.297,52.659,75.23400000000001,212.377,Pass
815,470.686,111.211,59.634,10.4,31.487,62.129999999999995,10.4,10.4,30.572,10.4,10.4,10.4,10.4,10.4,10.4,10.4,10.4,10.4,101.918,10.4,10.4,10.4,10.4,10.4,10.4,10.4,10.4,10.4,10.4,10.4,Dropout
816,111.601,72.734,57.117,10.4,10.4,10.4,10.4,10.4,10.4,10.4,10.4,10.4,10.4,10.4,10.4,10.4,10.4,10.4,10.4,10.4,10.4,10.4,10.4,10.4,10.4,10.4,10.4,10.4,10.4,10.4,Fail
817,1515.9489999999998,135.227,235.316,116.37400000000001,133.251,122.19200000000001,10.4,140.863,190.187,273.974,154.626,145.303,142.288,170.84900000000002,140.231,162.722,188.407,10.4,199.089,148.753,173.201,146.35,133.531,123.55900000000001,111.51899999999999,10.4,175.49200000000002,85.695,180.085,250.173,Pass
818,1041.914,129.668,132.231,78.577,125.79599999999999,187.42799999999997,10.4,99.093,23.102999999999998,86.68199999999999,103.44,117.06899999999999,73.874,63.65200000000001,43.193,82.39399999999999,90.756,10.4,169.967,33.955,62.675,27.991999999999997,41.483999999999995,35.797,31.255,10.4,46.721999999999994,50.317,63.536,136.419,Pass
819,1432.921,99.988,128.96,214.497,130.51299999999998,165.81199999999998,7.8,211.66500000000002,187.039,140.589,81.575,137.712,174.437,185.835,167.506,7.8,50.266999999999996,7.8,250.30299999999997,107.865,189.079,142.99599999999998,91.856,133.876,124.697,7.8,37.108999999999995,7.8,77.595,213.96800000000002,Pass
820,2605.286,99.29899999999999,103.04399999999998,254.046,87.66,181.337,7.8,240.358,155.749,179.303,183.699,163.031,291.405,208.66599999999997,171.46599999999998,104.551,61.455999999999996,7.8,299.63599999999997,209.167,207.29600000000002,156.531,87.635,184.87,237.01100000000002,7.8,70.293,72.52900000000001,243.988,393.25600000000003,Pass
821,1406.49,185.522,104.17699999999999,55.092000000000006,82.51,223.91000000000003,7.8,116.902,152.883,74.549,162.09199999999998,74.64200000000001,108.74,85.878,78.007,60.312,49.992,7.8,337.88100000000003,160.632,97.981,64.22099999999999,30.259,53.80899999999999,39.267,7.8,57.06700000000001,7.8,7.8,195.44400000000002,Fail
822,402.188,7.8,2.3920000000000003,7.8,28.598999999999997,7.8,7.8,7.8,27.104999999999997,-22.833000000000002,7.8,7.8,86.175,72.86099999999999,16.587999999999997,131.935,74.55799999999999,7.8,7.8,12.917,42.612,13.867,15.841999999999999,7.8,47.292,7.8,7.8,7.8,33.692,7.8,Fail
823,84.68599999999998,57.542,10.4,10.4,10.4,10.4,10.4,10.4,10.4,10.4,10.4,10.4,10.4,10.4,10.4,10.4,10.4,10.4,10.4,10.4,10.4,10.4,10.4,10.4,10.4,10.4,10.4,10.4,10.4,10.4,Dropout
824,2925.865,117.934,99.811,297.177,123.75799999999998,150.568,7.8,251.93399999999997,119.078,81.132,166.244,79.646,282.944,213.698,167.69899999999998,32.842,54.796,7.8,334.46799999999996,192.533,217.384,175.978,7.8,147.46,149.69299999999998,7.8,56.391999999999996,51.583,195.37100000000004,296.729,Pass
825,791.906,70.173,7.8,7.8,104.237,132.20499999999998,7.8,78.249,78.172,7.8,110.045,7.8,32.417,48.141999999999996,28.332,7.8,7.8,7.8,124.33999999999999,7.8,7.8,7.8,7.8,7.8,7.8,7.8,7.8,7.8,7.8,157.30100000000002,Dropout
826,471.069,87.709,104.997,112.991,69.453,10.4,10.4,59.56699999999999,24.95,10.4,10.4,10.4,10.4,10.4,10.4,10.4,10.4,10.4,10.4,10.4,10.4,10.4,10.4,10.4,10.4,10.4,10.4,10.4,10.4,160.132,Fail
827,329.35799999999995,62.909,10.4,57.967,90.16499999999999,54.992,10.4,10.4,10.4,10.4,10.4,10.4,10.4,10.4,10.4,10.4,10.4,10.4,10.4,10.4,10.4,10.4,10.4,10.4,10.4,10.4,10.4,10.4,10.4,10.4,Dropout
828,1894.367,241.08,144.11200000000002,83.767,84.58099999999999,110.643,7.8,129.622,105.709,0.30299999999999905,104.53800000000001,102.592,127.65799999999999,43.36,92.732,110.05399999999999,106.66400000000002,7.8,283.923,73.82300000000001,78.566,28.192,33.141999999999996,55.04299999999999,50.3,7.8,71.28399999999999,96.269,93.535,122.34,Pass
829,664.9089999999999,96.523,139.333,174.69400000000002,7.8,7.8,7.8,7.8,7.8,7.8,7.8,7.8,7.8,7.8,7.8,7.8,7.8,7.8,116.88600000000001,7.8,7.8,7.8,7.8,7.8,7.8,7.8,7.8,7.8,7.8,141.792,Dropout
830,1902.1689999999999,213.48699999999997,327.25,295.87399999999997,146.047,344.226,10.4,108.646,116.055,239.909,86.03,160.001,114.237,155.029,96.078,96.798,144.749,10.4,276.77,80.38,67.488,72.47,33.759,40.105000000000004,10.4,10.4,52.547000000000004,56.75300000000001,110.20599999999999,202.425,Pass
831,1698.9050000000002,146.921,93.12100000000001,128.521,106.30700000000002,163.65800000000002,10.4,155.82299999999998,187.449,151.264,94.97299999999998,114.32499999999999,81.90100000000001,70.71000000000001,91.268,112.244,79.009,10.4,238.54400000000004,123.273,107.68900000000001,131.032,152.299,64.269,38.817,10.4,67.69200000000001,107.532,99.563,275.829,Pass
832,80.605,10.4,10.4,10.4,10.4,10.4,10.4,10.4,10.4,10.4,10.4,10.4,10.4,10.4,10.4,10.4,10.4,10.4,10.4,10.4,10.4,10.4,10.4,10.4,10.4,10.4,10.4,10.4,10.4,10.4,Dropout
833,1474.3740000000003,68.62800000000001,89.794,105.58000000000001,81.741,107.59299999999999,10.4,98.634,97.59700000000001,10.4,10.4,10.4,138.292,133.571,126.358,52.584,36.409000000000006,10.4,155.53199999999998,93.11700000000002,139.448,102.726,42.208,10.4,10.4,10.4,10.4,10.4,40.083999999999996,85.742,Pass
834,3275.4389999999994,102.836,148.02100000000002,311.77299999999997,102.358,296.73199999999997,10.4,209.00699999999998,191.607,153.75099999999998,142.95,177.47299999999998,208.16000000000003,230.661,197.883,199.134,68.27300000000001,10.4,380.02000000000004,300.63800000000003,252.774,240.711,123.13799999999999,230.87900000000002,250.22500000000002,10.4,116.826,166.619,304.366,477.85799999999995,Pass
835,275.037,157.785,165.606,109.814,78.012,10.4,10.4,10.4,10.4,10.4,10.4,10.4,10.4,10.4,10.4,10.4,10.4,10.4,10.4,10.4,10.4,10.4,10.4,10.4,10.4,10.4,10.4,10.4,10.4,149.909,Dropout
836,583.669,57.967,90.713,99.76400000000001,30.668,10.4,10.4,10.4,10.4,10.4,10.4,10.4,10.4,10.4,10.4,10.4,10.4,10.4,115.155,10.4,10.4,10.4,10.4,10.4,10.4,10.4,10.4,10.4,10.4,10.4,Dropout
837,51.81700000000001,7.8,7.8,7.8,7.8,7.8,7.8,7.8,7.8,7.8,7.8,7.8,7.8,7.8,7.8,7.8,7.8,7.8,7.8,7.8,7.8,7.8,7.8,7.8,7.8,7.8,7.8,7.8,7.8,7.8,Dropout
838,180.065,105.22900000000001,7.8,7.8,7.8,7.8,7.8,7.8,7.8,7.8,7.8,7.8,7.8,7.8,7.8,7.8,7.8,7.8,7.8,7.8,7.8,7.8,7.8,7.8,7.8,7.8,7.8,7.8,7.8,148.667,Dropout
839,54.417,10.4,10.4,10.4,10.4,10.4,10.4,10.4,10.4,10.4,10.4,10.4,10.4,10.4,10.4,10.4,10.4,10.4,10.4,10.4,10.4,10.4,10.4,10.4,10.4,10.4,10.4,10.4,10.4,10.4,Dropout
840,1128.462,183.49099999999999,137.535,190.327,126.64299999999999,182.29500000000002,10.4,128.915,254.697,232.401,158.251,70.47099999999999,10.4,47.358999999999995,10.4,10.4,10.4,10.4,10.4,10.4,10.4,10.4,10.4,10.4,10.4,10.4,10.4,10.4,10.4,165.646,Dropout
841,3854.2969999999996,156.97699999999998,187.02,259.899,131.858,292.649,10.4,254.58200000000002,259.708,195.89600000000002,285.76099999999997,239.106,271.52799999999996,199.503,186.79699999999997,260.493,150.52499999999998,10.4,323.996,305.565,266.995,218.56199999999998,127.68399999999998,212.606,149.983,10.4,218.553,246.796,284.24199999999996,495.07900000000006,Pass
842,8289.806999999999,160.37099999999998,162.199,279.349,151.17,300.003,10.4,249.265,242.65599999999995,203.212,196.93200000000002,198.152,214.953,214.355,199.115,210.037,153.52300000000002,10.4,960.5540000000001,233.06900000000002,250.76100000000002,222.99,147.521,246.392,255.29,10.4,155.88299999999998,144.97299999999998,344.09200000000004,399.14,Pass
843,2124.06,101.60900000000001,215.40499999999997,174.456,116.82600000000001,213.704,7.8,150.48000000000002,188.182,154.129,122.052,197.18399999999997,177.663,148.0,175.06099999999998,177.166,177.513,7.8,148.36700000000002,141.942,221.51100000000002,140.097,141.599,153.07799999999997,129.79,7.8,150.56699999999998,122.898,153.23000000000002,226.304,Pass
844,901.8960000000001,119.283,95.65299999999999,51.166999999999994,37.991,10.4,10.4,10.4,28.961,10.4,10.4,10.4,10.4,55.259,65.175,40.967,44.94199999999999,10.4,54.525999999999996,10.4,37.472,10.4,10.4,10.4,10.4,10.4,10.4,10.4,10.4,140.142,Fail
845,295.056,10.4,24.959,10.4,27.985,10.4,10.4,10.4,35.928,25.083999999999996,10.4,10.4,122.75300000000001,158.01,88.528,77.65,57.967,10.4,115.18099999999998,10.4,43.43300000000001,10.4,10.4,10.4,10.4,10.4,10.4,10.4,10.4,10.4,Fail
846,405.675,96.884,89.49799999999999,118.13,81.76400000000001,61.09200000000001,10.4,81.76700000000001,10.4,10.4,10.4,10.4,10.4,10.4,10.4,10.4,10.4,10.4,102.768,10.4,10.4,10.4,10.4,10.4,10.4,10.4,10.4,10.4,10.4,10.4,Dropout
847,375.21099999999996,60.794,59.143,108.51,78.336,63.067,10.4,10.4,10.4,10.4,10.4,10.4,10.4,10.4,10.4,10.4,10.4,10.4,102.768,10.4,10.4,10.4,10.4,10.4,10.4,10.4,10.4,10.4,10.4,10.4,Fail
848,1196.297,100.919,68.908,255.77700000000002,114.505,308.56699999999995,10.4,310.912,166.67199999999997,59.35900000000001,142.616,70.11800000000001,228.73000000000002,190.908,182.487,54.462,46.492,10.4,52.442,10.4,10.4,81.976,10.4,10.4,10.4,10.4,10.4,10.4,102.80100000000002,85.167,Fail
849,7001.573,383.31899999999996,408.329,532.911,174.382,512.058,7.8,381.0710000000001,660.539,761.89,554.3610000000001,689.069,435.384,341.51599999999996,245.44099999999997,488.97299999999996,282.806,7.8,549.466,293.469,348.577,231.427,266.201,278.023,256.749,7.8,265.085,220.33700000000002,355.486,591.783,Pass
850,1445.4800000000002,80.73,48.617,79.05,84.8,10.4,10.4,44.634,116.054,47.06699999999999,79.076,141.756,10.4,10.4,26.509999999999998,10.4,10.4,10.4,362.95799999999997,62.010999999999996,41.384,52.442,44.367,54.765,48.15899999999999,10.4,10.4,10.4,60.059,274.522,Pass
851,1864.2679999999998,101.752,103.705,90.022,100.701,152.36900000000003,7.8,114.888,208.494,168.98700000000002,167.615,174.72899999999998,160.98000000000002,130.125,152.021,120.00399999999999,81.922,7.8,193.22199999999998,91.533,96.909,60.434000000000005,7.8,61.054,66.86,7.8,58.400000000000006,57.650999999999996,210.727,334.42799999999994,Pass
852,1465.156,135.974,65.602,109.035,131.112,174.64600000000002,10.4,57.967,186.39000000000001,73.16300000000001,121.26599999999999,74.419,167.59599999999998,187.537,98.301,10.4,10.4,10.4,280.187,36.342,99.59,53.291999999999994,40.266999999999996,65.475,56.45,10.4,48.734,50.709,94.429,245.102,Pass
853,177.55600000000004,128.078,128.328,10.4,10.4,10.4,10.4,10.4,10.4,10.4,10.4,10.4,10.4,10.4,10.4,10.4,10.4,10.4,10.4,10.4,10.4,10.4,10.4,10.4,10.4,10.4,10.4,10.4,10.4,10.4,Dropout
854,1115.482,178.092,60.027,146.212,7.8,7.8,7.8,7.8,7.8,7.8,7.8,7.8,7.8,7.8,7.8,7.8,7.8,7.8,7.8,7.8,7.8,7.8,7.8,7.8,7.8,7.8,7.8,7.8,7.8,7.8,Dropout
855,3526.5080000000003,164.543,161.87599999999998,379.90200000000004,164.251,466.732,7.8,243.158,256.916,189.20699999999997,262.291,242.46900000000002,264.506,272.14099999999996,215.905,141.108,94.55199999999999,7.8,395.894,165.575,253.922,173.651,216.645,297.412,304.282,7.8,107.257,119.94800000000001,141.98399999999998,458.69500000000005,Pass
856,2516.614,139.96200000000002,137.53699999999998,245.294,94.197,195.86599999999999,10.4,246.69299999999998,208.571,211.156,175.125,244.68,284.945,245.447,244.59500000000003,90.25200000000001,47.766999999999996,10.4,288.443,162.089,181.712,158.424,10.4,141.47799999999998,90.104,10.4,76.054,53.016999999999996,132.54,188.483,Pass
857,1859.2110000000002,141.446,130.641,292.421,124.458,178.19199999999998,10.4,175.097,179.40800000000002,129.42499999999998,130.738,124.013,192.57399999999998,151.667,117.03200000000001,94.762,20.142,10.4,265.457,236.614,126.453,83.995,101.17,87.267,76.949,10.4,68.151,59.059,90.091,305.421,Pass
858,403.298,106.663,68.041,98.58999999999999,66.174,10.4,10.4,77.09200000000001,33.736999999999995,84.89200000000001,10.4,10.4,10.4,10.4,10.4,10.4,10.4,10.4,118.131,10.4,10.4,10.4,10.4,10.4,10.4,10.4,10.4,10.4,10.4,10.4,Dropout
859,263.72999999999996,75.001,10.4,59.852999999999994,66.673,50.467,10.4,55.416999999999994,10.4,10.4,10.4,10.4,10.4,10.4,10.4,10.4,10.4,10.4,10.4,10.4,10.4,10.4,10.4,10.4,10.4,10.4,10.4,10.4,10.4,10.4,Dropout
860,974.1690000000001,87.839,81.18799999999999,156.41899999999998,79.45,165.575,10.4,160.154,160.163,94.725,84.37899999999999,87.323,74.756,67.083,40.703,13.942,13.917,10.4,219.621,116.754,220.76600000000002,120.611,106.21900000000001,103.754,31.112000000000002,10.4,62.434,43.667,54.01199999999999,149.48999999999998,Pass
861,5709.488,214.10199999999998,237.90099999999998,261.447,133.504,275.515,7.8,266.737,342.02000000000004,282.05999999999995,234.46499999999997,330.55300000000005,236.986,210.11499999999998,218.393,288.786,249.612,7.8,369.271,257.977,231.63799999999998,200.344,178.477,221.188,228.937,7.8,271.09999999999997,170.376,246.69800000000004,492.6410000000001,Pass
862,943.8140000000001,148.804,10.4,113.935,127.521,60.934,10.4,87.961,134.793,55.537,10.4,61.69199999999999,64.87599999999999,66.815,37.964,12.759,17.734,10.4,96.17600000000002,10.4,65.758,33.666999999999994,31.734,46.429,37.167,10.4,48.634,51.608999999999995,47.06699999999999,64.62,Fail
863,775.3829999999999,45.109,10.4,6.541999999999999,29.256999999999998,10.4,10.4,10.4,33.416,31.909000000000006,27.366999999999997,31.342000000000002,44.351,10.4,61.474,44.24199999999999,47.217,10.4,52.167,56.65899999999999,87.502,66.126,65.06700000000001,66.042,69.017,10.4,78.11800000000001,77.94200000000001,80.917,93.794,Pass
864,191.70100000000002,83.214,76.62599999999999,10.4,10.4,10.4,10.4,10.4,10.4,10.4,10.4,10.4,10.4,10.4,10.4,10.4,10.4,10.4,10.4,10.4,10.4,10.4,10.4,10.4,10.4,10.4,10.4,10.4,10.4,162.859,Dropout
865,197.794,78.865,73.648,10.4,10.4,10.4,10.4,10.4,10.4,10.4,10.4,10.4,10.4,10.4,10.4,10.4,10.4,10.4,10.4,10.4,10.4,10.4,10.4,10.4,10.4,10.4,10.4,10.4,10.4,10.4,Dropout
866,2520.023,116.37899999999999,130.64,167.982,101.89,163.295,10.4,144.61,161.145,118.524,149.073,157.22099999999998,159.927,181.549,126.04399999999998,91.098,92.501,10.4,246.537,166.032,195.635,141.114,85.476,183.44599999999997,118.63200000000002,10.4,10.4,56.809999999999995,121.009,350.626,Pass
867,1715.8770000000002,172.46300000000002,128.975,239.37,129.603,292.85699999999997,10.4,269.822,184.166,147.546,195.854,208.236,227.557,196.11499999999998,168.621,248.05599999999998,180.796,10.4,341.61199999999997,200.674,200.752,154.858,144.066,143.475,166.554,10.4,166.098,122.274,176.99900000000002,392.0179999999999,Pass
868,1828.9120000000003,187.419,275.678,354.651,146.899,115.13900000000001,10.4,129.636,221.889,181.36699999999996,111.435,89.842,143.581,117.941,111.458,86.39500000000001,10.4,10.4,571.87,324.32099999999997,165.723,129.64,143.516,147.323,53.118,10.4,53.328,44.784,131.17000000000002,375.371,Pass
869,1773.4029999999998,153.91500000000002,79.032,173.797,133.77100000000002,200.84199999999998,10.4,117.624,113.413,192.86699999999996,103.868,171.913,91.077,106.37700000000001,117.953,61.568,31.496000000000002,10.4,188.61799999999997,129.093,170.22699999999998,105.47999999999999,73.291,97.709,90.584,10.4,85.387,58.721000000000004,131.392,302.56,Pass
870,2757.3279999999995,114.197,130.51,235.10899999999998,107.816,323.758,10.4,241.39800000000002,337.72900000000004,325.145,245.254,355.453,279.995,224.995,230.845,217.703,148.483,10.4,421.30899999999997,292.184,225.113,158.098,189.371,242.024,216.584,10.4,167.559,136.831,190.051,435.693,Pass
871,2294.0269999999996,7.8,51.233999999999995,51.692,92.249,56.641999999999996,7.8,62.592,105.47399999999999,91.327,71.517,103.02000000000001,7.8,83.81899999999999,32.667,54.842,7.8,7.8,188.472,81.168,41.097,7.8,49.417,82.981,7.8,7.8,54.147000000000006,7.8,38.477000000000004,222.262,Pass
872,605.306,76.35000000000001,77.156,63.084,80.65100000000001,48.192,10.4,54.142,26.942,10.4,10.4,10.4,10.4,10.4,10.4,10.4,10.4,10.4,10.4,10.4,10.4,10.4,10.4,10.4,10.4,10.4,10.4,10.4,10.4,152.25500000000002,Fail
873,1883.7030000000002,158.742,142.623,227.998,128.96,229.519,10.4,243.62,141.323,93.425,10.4,121.108,181.868,128.512,73.167,71.22800000000001,10.4,10.4,295.31500000000005,186.42499999999998,178.47700000000003,78.72699999999999,10.4,99.35699999999999,85.632,10.4,109.525,48.192,134.329,282.15200000000004,Pass
874,4550.5830000000005,206.681,171.48100000000002,284.814,140.11700000000002,329.827,7.8,286.873,286.014,304.733,223.83499999999998,233.278,343.223,282.825,293.962,226.76,122.23200000000001,7.8,702.8330000000001,217.97499999999997,222.925,206.03099999999995,142.38299999999998,141.115,165.226,7.8,124.997,148.31799999999998,167.317,431.88699999999994,Pass
875,1535.323,163.75799999999998,148.28300000000002,231.285,78.33,165.276,10.4,163.446,189.64099999999996,195.89899999999997,198.25600000000003,164.86599999999999,158.416,155.601,145.74,175.171,149.425,10.4,187.199,178.35,128.867,142.23,128.95600000000002,114.014,121.469,10.4,36.943999999999996,52.297,120.596,249.178,Pass
876,369.273,10.4,16.741999999999997,19.717,30.131,25.666999999999998,10.4,10.4,22.732999999999997,10.4,10.4,41.709,10.4,69.299,184.684,116.30100000000002,10.4,10.4,10.4,10.4,10.4,10.4,10.4,10.4,10.4,10.4,10.4,10.4,10.4,10.4,Fail
877,1515.156,128.609,171.001,252.863,118.25,228.042,10.4,167.511,299.699,224.83800000000002,151.821,227.528,150.63700000000003,115.188,155.54000000000002,179.532,149.415,10.4,253.08,137.35199999999998,127.74900000000001,40.69199999999999,63.75900000000001,74.135,69.17,10.4,97.488,61.05900000000001,112.11,240.265,Pass
878,2211.469,172.17,224.304,246.748,140.67,254.801,10.4,304.899,280.997,297.655,296.778,310.251,221.20100000000002,247.529,197.913,312.315,167.30999999999997,10.4,285.61499999999995,209.937,245.547,212.046,195.40800000000002,188.377,157.926,10.4,232.692,141.054,200.55300000000003,393.71799999999996,Pass
879,700.2360000000001,108.183,118.386,129.505,80.992,49.467,10.4,55.416999999999994,106.17099999999999,48.034000000000006,10.4,10.4,10.4,10.4,38.081,10.4,10.4,10.4,10.4,10.4,10.4,10.4,10.4,10.4,10.4,10.4,10.4,10.4,10.4,139.142,Fail
880,5975.5380000000005,141.54,122.126,249.404,129.11200000000002,268.32099999999997,7.8,398.218,198.5,153.038,209.53199999999998,228.572,233.749,199.821,205.542,162.48399999999998,105.489,7.8,526.47,221.62500000000003,209.078,137.64100000000002,125.235,141.588,96.83000000000001,7.8,125.95,87.782,174.44799999999998,290.391,Pass
881,59.72500000000001,10.4,10.4,10.4,10.4,10.4,10.4,10.4,10.4,10.4,10.4,10.4,10.4,10.4,10.4,10.4,10.4,10.4,10.4,10.4,10.4,10.4,10.4,10.4,10.4,10.4,10.4,10.4,10.4,10.4,Fail
882,382.08299999999997,78.106,54.601000000000006,62.48400000000001,29.912999999999997,7.8,7.8,7.8,7.8,7.8,7.8,7.8,7.8,7.8,7.8,7.8,7.8,7.8,7.8,7.8,7.8,7.8,7.8,7.8,7.8,7.8,7.8,7.8,7.8,151.65699999999998,Dropout
883,63.438,7.8,7.8,7.8,7.8,7.8,7.8,7.8,7.8,7.8,7.8,7.8,7.8,7.8,7.8,7.8,7.8,7.8,7.8,7.8,7.8,7.8,7.8,7.8,7.8,7.8,7.8,7.8,7.8,7.8,Fail
884,117.03399999999999,60.20900000000001,10.4,52.016999999999996,10.4,10.4,10.4,10.4,10.4,10.4,10.4,10.4,10.4,10.4,10.4,10.4,10.4,10.4,10.4,10.4,10.4,10.4,10.4,10.4,10.4,10.4,10.4,10.4,10.4,10.4,Dropout
885,2094.909,155.36,201.325,212.46900000000002,133.221,129.50300000000001,10.4,98.587,105.732,138.95,67.47200000000001,88.16399999999999,38.417,151.57600000000002,85.842,115.56500000000001,67.241,10.4,274.563,88.47699999999999,120.055,63.916999999999994,92.40499999999999,10.4,10.4,10.4,67.60900000000001,10.4,38.417,248.596,Fail
886,318.668,117.384,117.39,57.75899999999999,7.8,7.8,7.8,7.8,7.8,7.8,7.8,7.8,7.8,7.8,7.8,7.8,7.8,7.8,7.8,7.8,7.8,7.8,7.8,7.8,7.8,7.8,7.8,7.8,7.8,163.31799999999998,Dropout
887,54.417,10.4,10.4,10.4,10.4,10.4,10.4,10.4,10.4,10.4,10.4,10.4,10.4,10.4,10.4,10.4,10.4,10.4,10.4,10.4,10.4,10.4,10.4,10.4,10.4,10.4,10.4,10.4,10.4,10.4,Dropout
888,359.453,10.4,10.4,10.4,87.103,10.4,10.4,10.4,32.243,10.4,10.4,10.4,10.4,51.166999999999994,35.048,10.4,10.4,10.4,10.4,10.4,10.4,10.4,10.4,10.4,10.4,10.4,10.4,10.4,10.4,10.4,Fail
889,384.949,55.737,10.4,57.117,83.318,10.4,10.4,10.4,10.4,10.4,10.4,10.4,10.4,10.4,10.4,10.4,10.4,10.4,10.4,10.4,10.4,10.4,10.4,10.4,10.4,10.4,10.4,10.4,10.4,131.492,Dropout
890,1137.52,126.56200000000001,123.982,113.45200000000001,148.411,150.103,10.4,143.07999999999998,145.251,193.389,127.05699999999999,16.246,65.15599999999999,21.750999999999998,44.260999999999996,55.846999999999994,32.29899999999999,10.4,109.24300000000001,94.925,70.526,53.411,66.42,52.348,43.875,10.4,45.096,10.4,67.012,256.165,Fail
891,2682.534,159.256,147.353,203.307,117.98799999999999,210.546,10.4,196.005,195.418,163.73,135.31199999999998,158.50400000000002,163.088,139.079,157.831,101.279,93.865,10.4,263.547,148.96699999999998,204.281,156.331,97.392,174.929,154.801,10.4,85.938,56.232000000000006,94.606,110.892,Pass
892,844.3360000000001,88.246,85.23399999999998,161.818,82.602,193.193,10.4,36.717,37.253,10.4,10.4,50.709,36.317,51.291999999999994,41.069,10.4,10.4,10.4,73.074,10.4,45.734,10.4,10.4,10.4,10.4,10.4,10.4,10.4,10.4,10.4,Fail
893,300.366,62.351,84.695,64.817,10.4,69.767,10.4,10.4,34.646,10.4,10.4,10.4,10.4,10.4,10.4,10.4,10.4,10.4,10.4,10.4,10.4,10.4,10.4,10.4,10.4,10.4,10.4,10.4,10.4,10.4,Fail
894,2793.6839999999997,176.266,118.66000000000001,240.841,119.88400000000001,322.12000000000006,10.4,270.878,189.356,123.63400000000001,178.02100000000002,220.95999999999998,166.96200000000002,209.969,175.47899999999998,192.72500000000002,187.216,10.4,237.92399999999998,176.603,182.34999999999997,160.79600000000002,154.444,148.767,148.504,10.4,166.72899999999998,117.94800000000001,110.013,327.248,Pass
895,882.9399999999999,70.30600000000001,57.417,128.691,65.354,144.59799999999998,10.4,100.02900000000001,81.672,10.4,10.4,10.4,10.4,10.4,10.4,10.4,10.4,10.4,10.4,10.4,10.4,10.4,10.4,10.4,10.4,10.4,10.4,10.4,10.4,166.449,Dropout
896,1503.175,142.305,84.43199999999999,164.528,113.67099999999998,162.316,10.4,183.447,182.27499999999998,66.904,100.259,105.415,218.867,148.91899999999998,194.00099999999998,52.442,67.39800000000001,10.4,233.83700000000002,198.518,193.144,154.059,103.931,142.207,126.28799999999998,10.4,107.96699999999998,50.709,61.266999999999996,143.81,Pass
897,51.81700000000001,7.8,7.8,7.8,7.8,7.8,7.8,7.8,7.8,7.8,7.8,7.8,7.8,7.8,7.8,7.8,7.8,7.8,7.8,7.8,7.8,7.8,7.8,7.8,7.8,7.8,7.8,7.8,7.8,7.8,Fail
898,1306.138,7.8,7.8,7.8,32.900999999999996,7.8,7.8,7.8,29.205,7.8,7.8,7.8,7.8,-7.533000000000003,33.123,7.8,7.8,7.8,323.913,37.092,37.362,7.8,7.8,7.8,7.8,7.8,7.8,7.8,49.223,119.62899999999999,Pass
899,2936.494,139.67399999999998,158.68699999999998,234.69800000000004,123.524,191.14800000000002,10.4,161.332,155.46,141.5,24.278999999999996,102.358,172.88199999999998,99.52199999999999,130.567,86.855,21.362000000000002,10.4,423.872,129.904,171.106,89.49000000000001,76.0,111.89,82.62299999999999,10.4,103.903,72.383,71.286,290.294,Pass
900,516.809,82.814,77.856,70.962,24.427999999999997,10.4,10.4,10.4,55.959,10.4,10.4,10.4,10.4,10.4,10.4,10.4,10.4,10.4,107.252,10.4,10.4,10.4,10.4,10.4,10.4,10.4,10.4,10.4,10.4,141.267,Dropout
901,882.5129999999999,83.813,118.59700000000001,90.945,51.42700000000001,115.644,10.4,88.534,141.62800000000001,53.68000000000001,35.992,24.784,33.242000000000004,48.73400000000001,64.92099999999999,48.684,37.142,10.4,111.268,10.4,45.467,10.4,10.4,10.4,10.4,10.4,10.4,10.4,10.4,141.267,Fail
902,938.9060000000001,-42.758,10.4,10.4,34.885999999999996,10.4,10.4,-19.908,39.391999999999996,10.4,10.4,10.4,69.919,43.717,41.084,42.242,10.4,10.4,137.589,34.309,72.35799999999999,34.74199999999999,10.4,10.4,10.4,10.4,10.4,10.4,10.4,99.38700000000001,Pass
903,577.619,98.331,70.429,74.399,89.783,99.101,10.4,75.892,10.4,10.4,10.4,10.4,10.4,10.4,10.4,10.4,10.4,10.4,100.617,10.4,10.4,10.4,10.4,10.4,10.4,10.4,10.4,10.4,10.4,140.567,Dropout
904,130.354,10.4,10.4,10.4,10.4,10.4,10.4,10.4,10.4,10.4,10.4,10.4,10.4,10.4,10.4,10.4,10.4,10.4,122.919,10.4,10.4,10.4,10.4,10.4,10.4,10.4,10.4,10.4,10.4,10.4,Fail
905,1426.448,134.015,160.468,155.207,122.671,139.779,10.4,178.18900000000002,195.579,156.885,157.95000000000002,143.421,116.37499999999999,124.67100000000002,118.562,58.284000000000006,78.897,10.4,200.39999999999998,130.006,134.536,131.80200000000002,115.16899999999998,122.126,100.501,10.4,55.88099999999999,44.934,83.26700000000001,255.95800000000003,Pass
906,1365.622,112.271,89.76199999999999,-3.3580000000000005,68.516,95.149,10.4,118.56899999999999,30.250999999999998,6.625,12.934,10.4,10.4,43.234,35.165,1.9839999999999982,11.533999999999999,10.4,203.055,12.366999999999999,41.003,20.317,27.808999999999997,26.267,26.242,10.4,10.4,10.4,43.116,195.83899999999997,Fail
907,54.417,10.4,10.4,10.4,10.4,10.4,10.4,10.4,10.4,10.4,10.4,10.4,10.4,10.4,10.4,10.4,10.4,10.4,10.4,10.4,10.4,10.4,10.4,10.4,10.4,10.4,10.4,10.4,10.4,10.4,Dropout
908,3324.152,170.166,139.999,208.05800000000002,98.222,220.01299999999998,10.4,197.603,153.97,116.40199999999999,92.922,92.392,182.139,191.39499999999998,150.721,143.72,76.018,10.4,218.44599999999997,84.70800000000001,118.956,141.392,82.559,80.305,106.05699999999999,10.4,54.768,10.4,121.10799999999999,357.05899999999997,Pass
909,2986.703,92.836,160.32399999999998,270.18399999999997,124.453,408.16,10.4,311.58799999999997,201.818,133.492,210.663,205.81799999999998,260.269,244.063,210.601,209.161,92.525,10.4,256.814,162.48499999999999,208.894,140.10399999999998,111.354,151.805,143.81099999999998,10.4,35.017,56.07599999999999,123.376,307.596,Pass
910,4971.599999999999,439.86699999999996,420.369,288.746,153.236,365.455,7.8,197.984,255.974,365.375,204.289,351.073,301.974,303.921,174.07299999999998,279.798,146.982,7.8,448.53899999999993,181.64499999999998,273.85799999999995,168.712,155.851,128.58,147.807,7.8,118.72900000000001,88.038,180.15099999999998,406.19599999999997,Pass
911,2583.9739999999997,135.626,129.902,125.298,77.79299999999999,215.63,10.4,172.061,139.98000000000002,151.619,79.01400000000001,104.993,143.644,129.791,171.945,79.86,10.4,10.4,163.324,121.831,139.595,74.298,65.861,101.57,65.97699999999999,10.4,105.82600000000001,75.914,112.024,222.84699999999998,Pass
912,508.54600000000005,74.185,21.842,10.4,50.022,10.4,10.4,10.4,42.208999999999996,10.4,10.4,48.192,155.358,46.292,64.561,49.126000000000005,68.101,10.4,64.684,10.4,41.501,10.4,10.4,10.4,10.4,10.4,10.4,10.4,10.4,185.285,Fail
913,54.417,10.4,10.4,10.4,10.4,10.4,10.4,10.4,10.4,10.4,10.4,10.4,10.4,10.4,10.4,10.4,10.4,10.4,10.4,10.4,10.4,10.4,10.4,10.4,10.4,10.4,10.4,10.4,10.4,10.4,Dropout
914,1667.7769999999996,91.59299999999999,85.448,166.52100000000002,158.601,110.034,10.4,60.658,1.1849999999999987,53.854,10.4,59.682,40.866,50.15,45.827,85.879,10.4,10.4,252.679,53.43899999999999,81.633,64.916,30.733999999999998,10.4,39.817,10.4,40.637,10.4,42.717,302.964,Pass
915,836.852,146.984,121.847,130.344,57.492000000000004,77.69,7.8,79.012,7.8,7.8,7.8,7.8,7.8,7.8,7.8,7.8,7.8,7.8,113.094,7.8,7.8,7.8,7.8,7.8,7.8,7.8,7.8,7.8,7.8,154.25900000000001,Dropout
916,513.833,86.682,80.87199999999999,66.892,27.533,63.64200000000001,10.4,10.4,58.392,10.4,59.634,75.33,49.041999999999994,10.4,29.117,10.4,10.4,10.4,10.4,10.4,10.4,10.4,10.4,10.4,10.4,10.4,10.4,10.4,10.4,102.192,Fail
917,477.615,71.409,76.307,148.49599999999998,28.031,10.4,10.4,10.4,49.004,10.4,10.4,10.4,60.268,79.126,30.14,10.4,51.592,10.4,87.005,10.4,35.147,84.862,10.4,10.4,10.4,10.4,10.4,10.4,93.876,186.127,Dropout
918,755.435,107.744,69.30300000000001,62.99999999999999,93.22500000000001,10.4,10.4,10.4,38.543,10.4,10.4,10.4,10.4,10.4,10.4,10.4,10.4,10.4,10.4,10.4,10.4,10.4,10.4,10.4,10.4,10.4,10.4,10.4,10.4,131.492,Fail
919,1431.142,86.84899999999999,43.009,99.55,100.43199999999999,73.503,7.8,56.36700000000001,138.542,116.856,24.905,45.559,-6.416,180.735,73.52,10.509,8.483999999999998,7.8,401.43699999999995,115.427,70.684,15.992,28.484,68.43299999999999,7.8,7.8,7.8,7.8,34.542,170.481,Fail
920,1837.9679999999998,146.683,143.77700000000002,263.147,95.925,252.25099999999998,10.4,196.253,222.93400000000003,176.45600000000002,194.05499999999998,194.161,199.80599999999998,175.206,151.322,126.326,65.393,10.4,202.358,189.05300000000003,192.26099999999997,150.67499999999998,135.65599999999998,186.133,185.924,10.4,160.407,104.494,227.477,295.395,Pass
921,377.363,56.266999999999996,10.4,10.4,32.777,10.4,10.4,10.4,30.163999999999998,10.4,10.4,10.4,10.4,10.4,10.4,10.4,10.4,10.4,10.4,10.4,10.4,10.4,10.4,10.4,10.4,10.4,10.4,10.4,10.4,10.4,Fail
922,618.0260000000001,89.258,60.123000000000005,136.78199999999998,79.886,152.696,10.4,88.31,10.4,10.4,10.4,10.4,10.4,10.4,10.4,10.4,10.4,10.4,10.4,10.4,10.4,10.4,10.4,10.4,10.4,10.4,10.4,10.4,10.4,159.11100000000002,Dropout
923,2238.377,117.818,91.544,74.18599999999999,68.981,86.404,7.8,90.354,121.29500000000002,75.85300000000001,89.771,54.092,42.634,61.126,72.257,7.8,63.44199999999999,7.8,71.42699999999999,72.86500000000001,126.12299999999999,74.815,7.8,45.608000000000004,75.04100000000001,7.8,45.708,56.749,98.95299999999999,281.516,Pass
924,719.7269999999999,93.63,110.524,146.422,114.56200000000001,94.08300000000001,10.4,72.142,25.945999999999998,47.759,10.4,50.709,33.742,61.233999999999995,54.425000000000004,48.667,10.4,10.4,10.4,10.4,30.296,10.4,10.4,10.4,10.4,10.4,10.4,10.4,10.4,146.71200000000002,Fail
925,2362.5789999999997,158.93499999999997,278.80400000000003,251.171,114.47300000000001,238.873,10.4,175.977,153.06699999999998,159.652,82.505,199.68400000000003,117.65299999999999,133.406,219.43499999999997,114.33,104.37700000000001,10.4,323.639,201.014,193.96200000000002,116.499,104.202,112.23,80.403,10.4,65.106,59.56400000000001,149.668,359.688,Pass
926,2012.19,245.32500000000002,171.804,238.206,148.327,177.765,10.4,105.927,174.004,102.234,92.902,82.606,148.296,123.467,127.372,166.964,103.93,10.4,196.581,123.917,136.952,89.35,54.509,88.0,109.816,10.4,52.446,35.442,114.62899999999999,148.426,Pass
927,1401.68,140.82999999999998,15.934,133.19799999999998,84.137,34.836,10.4,106.536,36.902,71.609,55.22599999999999,62.20099999999999,66.015,52.108,42.32899999999999,54.092,10.4,10.4,165.866,68.375,112.55099999999999,54.992,60.48400000000001,32.266999999999996,33.242000000000004,10.4,107.07600000000001,10.4,50.142,57.836,Pass
928,5130.639,344.04100000000005,292.448,478.228,161.536,400.56899999999996,10.4,313.517,269.125,313.677,261.664,181.71999999999997,318.58200000000005,269.417,234.93,208.02700000000002,115.408,10.4,637.918,244.14499999999998,265.174,224.474,124.968,177.042,183.31799999999998,10.4,82.386,113.60900000000001,348.97799999999995,412.851,Pass
929,54.417,10.4,10.4,10.4,10.4,10.4,10.4,10.4,10.4,10.4,10.4,10.4,10.4,10.4,10.4,10.4,10.4,10.4,10.4,10.4,10.4,10.4,10.4,10.4,10.4,10.4,10.4,10.4,10.4,10.4,Dropout
930,51.81700000000001,7.8,7.8,7.8,7.8,7.8,7.8,7.8,7.8,7.8,7.8,7.8,7.8,7.8,7.8,7.8,7.8,7.8,7.8,7.8,7.8,7.8,7.8,7.8,7.8,7.8,7.8,7.8,7.8,7.8,Dropout
931,1473.8000000000002,67.44399999999999,60.693,158.146,83.864,116.404,10.4,103.49000000000001,235.88899999999998,165.734,128.237,100.448,118.706,128.048,155.043,10.4,10.4,10.4,265.717,120.34100000000001,141.403,104.63,115.479,94.165,90.617,10.4,115.545,116.94,92.25300000000001,210.56699999999998,Pass
932,876.009,58.784000000000006,10.4,120.421,32.396,124.20100000000001,10.4,130.372,179.784,100.447,10.4,10.4,98.811,104.41400000000002,83.39500000000001,10.4,10.4,10.4,178.56,66.554,98.756,34.74199999999999,106.187,79.98400000000001,26.242,10.4,129.036,94.335,105.809,91.88400000000001,Pass
933,3601.51,139.99,136.309,221.088,113.32999999999998,167.696,10.4,168.554,272.111,161.87,207.211,288.683,210.666,157.914,160.156,167.497,94.722,10.4,306.26099999999997,189.449,287.13,180.087,153.527,178.227,169.459,10.4,215.70899999999997,164.293,221.767,438.07,Pass
934,2440.898,167.577,177.143,442.79499999999996,161.18200000000002,206.53000000000003,10.4,192.195,263.209,227.038,255.821,249.431,208.60299999999998,154.24200000000002,188.341,191.40500000000003,99.46900000000001,10.4,345.351,169.953,167.197,98.598,99.24,119.75300000000001,112.08,10.4,148.96699999999998,82.387,167.201,319.59799999999996,Pass
935,860.812,86.702,59.751,138.642,93.304,163.78699999999998,10.4,141.008,137.262,45.818,10.4,10.4,125.28699999999999,131.892,104.071,10.4,49.041000000000004,10.4,164.45100000000002,116.682,112.941,10.4,10.4,10.4,10.4,10.4,10.4,10.4,10.4,122.992,Dropout
936,663.834,82.503,66.327,161.68,111.479,139.903,10.4,121.938,118.34599999999999,81.213,89.749,119.37499999999999,142.44899999999998,121.924,120.69,93.193,66.07799999999999,10.4,142.758,98.30300000000001,124.13700000000001,92.457,10.4,10.4,10.4,10.4,10.4,10.4,10.4,40.903999999999996,Fail
937,1846.355,124.34899999999999,108.59199999999998,192.45,96.08,241.566,10.4,178.177,172.047,76.03200000000001,127.655,210.575,161.673,175.05399999999997,203.47400000000002,74.739,15.581,10.4,315.043,104.50399999999999,162.816,110.02199999999999,38.809,106.15400000000001,105.861,10.4,34.859,38.834,101.78,234.178,Pass
938,1843.7259999999999,147.89499999999998,126.289,136.28799999999998,82.36500000000001,55.988,10.4,-21.757999999999996,56.422,50.034000000000006,10.4,111.74799999999999,129.144,97.365,43.690999999999995,68.341,10.4,10.4,254.04300000000003,34.884,46.480999999999995,61.151,10.4,10.4,29.817,10.4,35.766999999999996,10.4,38.717,272.593,Pass
939,1212.3490000000002,10.4,57.542,177.789,113.66300000000001,131.309,10.4,157.827,190.822,175.344,92.472,201.64699999999996,171.428,103.879,107.71600000000001,121.695,128.362,10.4,207.63199999999998,66.494,100.681,86.90899999999999,66.35900000000001,10.4,10.4,10.4,10.4,10.4,10.4,137.042,Dropout
940,1100.779,135.862,55.15899999999999,78.729,97.089,67.28900000000002,10.4,70.084,157.739,10.4,10.4,10.4,10.4,10.4,10.4,10.4,10.4,10.4,10.4,10.4,10.4,10.4,10.4,10.4,10.4,10.4,10.4,10.4,10.4,111.242,Dropout
941,1094.513,93.56699999999998,113.654,166.147,145.453,104.333,10.4,109.28299999999999,77.844,24.55,15.033999999999999,57.559000000000005,76.686,26.534,57.661,27.484,10.4,10.4,280.38300000000004,45.108,41.663,42.81699999999999,10.4,87.63300000000001,76.44,10.4,94.424,10.4,52.705,138.94,Pass
942,592.068,105.685,162.864,139.863,75.467,71.08099999999999,10.4,65.917,63.576,10.4,10.4,10.4,10.4,10.4,10.4,10.4,10.4,10.4,98.94300000000001,10.4,10.4,10.4,10.4,10.4,10.4,10.4,10.4,10.4,10.4,10.4,Dropout
943,201.445,64.517,10.4,10.4,10.4,10.4,10.4,10.4,10.4,10.4,10.4,10.4,10.4,10.4,10.4,10.4,10.4,10.4,10.4,10.4,10.4,10.4,10.4,10.4,10.4,10.4,10.4,10.4,10.4,142.842,Dropout
944,1905.3429999999998,76.506,64.977,208.043,79.226,159.548,7.8,112.80900000000001,118.04,96.43199999999999,138.82299999999998,61.464,166.86000000000004,176.90900000000002,123.61599999999999,100.55700000000002,72.853,7.8,175.463,173.183,199.28199999999998,121.438,58.444,146.39399999999998,129.217,7.8,7.8,7.8,157.708,255.849,Pass
945,54.417,10.4,10.4,10.4,10.4,10.4,10.4,10.4,10.4,10.4,10.4,10.4,10.4,10.4,10.4,10.4,10.4,10.4,10.4,10.4,10.4,10.4,10.4,10.4,10.4,10.4,10.4,10.4,10.4,10.4,Dropout
946,7398.836,282.527,245.136,436.90500000000003,117.70900000000002,297.241,7.8,276.301,421.49399999999997,453.819,296.98,408.522,297.717,474.12399999999997,245.192,264.241,256.585,7.8,680.516,286.486,368.54900000000004,287.297,296.04200000000003,352.434,245.738,7.8,227.56900000000002,196.943,297.217,570.015,Pass
947,1985.355,132.027,118.917,257.971,91.309,196.44199999999998,10.4,158.718,150.43200000000002,127.82300000000001,116.58500000000001,121.278,251.96699999999998,153.43099999999998,184.71999999999997,111.13,54.108999999999995,10.4,272.409,131.82,160.609,82.224,10.4,43.515,57.257,10.4,39.501000000000005,34.166999999999994,84.424,270.637,Pass
948,54.417,10.4,10.4,10.4,10.4,10.4,10.4,10.4,10.4,10.4,10.4,10.4,10.4,10.4,10.4,10.4,10.4,10.4,10.4,10.4,10.4,10.4,10.4,10.4,10.4,10.4,10.4,10.4,10.4,10.4,Dropout
949,2755.4849999999997,128.722,129.858,213.813,95.06299999999999,217.30300000000003,10.4,202.62400000000002,197.334,101.084,149.275,128.316,178.437,148.437,169.024,212.201,59.410999999999994,10.4,228.79399999999998,138.45600000000002,172.071,118.84100000000001,114.12,110.13,68.35,10.4,87.334,107.89399999999999,93.572,156.765,Pass
950,183.58599999999998,7.8,58.275999999999996,7.8,28.884,7.8,7.8,7.8,7.8,7.8,7.8,7.8,7.8,7.8,7.8,7.8,7.8,7.8,7.8,7.8,7.8,7.8,7.8,7.8,7.8,7.8,7.8,7.8,7.8,7.8,Dropout
951,319.491,93.563,54.992,45.184,28.529,10.4,10.4,10.4,29.93,10.4,10.4,10.4,10.4,10.4,10.4,10.4,10.4,10.4,99.19200000000001,10.4,10.4,10.4,10.4,10.4,10.4,10.4,10.4,10.4,10.4,10.4,Dropout
952,3025.0179999999996,215.639,177.801,152.83999999999997,98.83699999999999,114.45500000000001,7.8,100.94,102.977,107.81899999999999,60.13999999999999,64.679,139.225,105.986,115.07000000000001,82.599,86.574,7.8,315.709,128.156,150.067,88.01,76.292,111.979,106.47500000000001,7.8,46.396,46.854,122.604,139.887,Pass
953,2008.877,216.518,280.645,186.603,122.95599999999999,-1.8389999999999986,10.4,-3.6670000000000016,225.485,163.56,114.51000000000002,206.547,147.733,61.233999999999995,33.794,6.933999999999998,12.28,10.4,406.54299999999995,72.412,169.774,99.19200000000001,22.842,91.783,31.817,10.4,10.4,10.4,101.79400000000001,255.727,Pass
954,54.417,10.4,10.4,10.4,10.4,10.4,10.4,10.4,10.4,10.4,10.4,10.4,10.4,10.4,10.4,10.4,10.4,10.4,10.4,10.4,10.4,10.4,10.4,10.4,10.4,10.4,10.4,10.4,10.4,10.4,Dropout
955,1358.049,56.443,127.40299999999999,35.23,16.409,-24.283,10.4,93.269,103.66900000000001,82.9,110.434,48.831999999999994,98.477,127.363,104.935,135.149,45.453,10.4,90.69500000000001,57.884,124.258,64.644,69.952,107.254,89.46100000000001,10.4,101.858,58.984,88.18,305.363,Pass
956,1347.175,88.392,93.943,171.636,110.887,196.214,7.8,170.284,235.531,136.511,75.981,76.596,82.637,103.281,94.495,131.39,70.772,7.8,320.57899999999995,49.709999999999994,200.817,96.694,57.31099999999999,79.702,51.504000000000005,7.8,76.239,43.169,89.17,352.469,Pass
957,879.3670000000001,128.963,127.708,85.87700000000001,35.12,-6.491,10.4,123.16900000000001,27.43,87.40899999999999,14.900999999999998,130.663,21.247999999999998,55.292,43.44,14.742,16.233999999999998,10.4,161.51399999999998,10.4,52.947,34.109,30.084000000000003,70.84,10.4,10.4,75.553,61.442,63.291999999999994,202.098,Pass
958,1804.9,122.44899999999998,130.704,272.808,137.899,197.088,10.4,208.483,203.24800000000002,132.755,126.256,136.339,176.75000000000003,161.18200000000002,154.46099999999998,108.899,87.86,10.4,241.859,125.61300000000001,258.141,163.143,94.857,150.46099999999998,147.917,10.4,63.488,88.61999999999999,209.915,402.192,Pass
959,258.928,10.4,10.4,10.4,10.4,10.4,10.4,10.4,10.4,10.4,10.4,10.4,10.4,10.4,10.4,10.4,10.4,10.4,10.4,10.4,10.4,10.4,10.4,10.4,10.4,10.4,10.4,10.4,10.4,139.142,Fail
960,516.279,86.576,78.33500000000001,53.81999999999999,32.513,10.4,10.4,10.4,33.56,10.4,10.4,10.4,10.4,10.4,10.4,10.4,10.4,10.4,10.4,10.4,10.4,10.4,10.4,10.4,10.4,10.4,10.4,10.4,10.4,140.842,Fail
961,2405.952,64.126,97.953,133.962,86.28099999999999,256.301,7.8,174.845,117.80999999999999,110.44200000000001,60.301,88.532,103.205,134.11999999999998,110.201,209.492,78.14399999999999,7.8,220.19799999999998,265.738,158.673,115.609,119.15899999999999,78.15899999999999,85.092,7.8,84.071,51.474999999999994,89.63799999999999,209.041,Pass
962,199.52100000000002,88.753,54.667,7.8,7.8,7.8,7.8,7.8,7.8,7.8,7.8,7.8,7.8,7.8,7.8,7.8,7.8,7.8,7.8,7.8,7.8,7.8,7.8,7.8,7.8,7.8,7.8,7.8,7.8,7.8,Dropout
963,136.714,61.484,10.4,10.4,10.4,10.4,10.4,10.4,10.4,10.4,10.4,10.4,10.4,10.4,10.4,10.4,10.4,10.4,10.4,10.4,10.4,10.4,10.4,10.4,10.4,10.4,10.4,10.4,10.4,10.4,Dropout
964,334.446,70.575,10.4,10.4,20.444,10.4,10.4,10.4,25.154,10.4,10.4,10.4,10.4,10.4,10.4,10.4,10.4,10.4,10.4,10.4,10.4,10.4,10.4,10.4,10.4,10.4,10.4,10.4,10.4,10.4,Dropout
965,54.417,10.4,10.4,10.4,10.4,10.4,10.4,10.4,10.4,10.4,10.4,10.4,10.4,10.4,10.4,10.4,10.4,10.4,10.4,10.4,10.4,10.4,10.4,10.4,10.4,10.4,10.4,10.4,10.4,10.4,Dropout
966,1887.4299999999998,59.584,319.766,216.972,98.664,238.356,7.8,196.18099999999998,248.736,170.507,137.839,103.612,142.60299999999998,172.584,129.719,219.60999999999999,136.894,7.8,174.435,230.359,281.11400000000003,102.10700000000001,100.63499999999999,21.241999999999997,46.734,7.8,58.025000000000006,36.659000000000006,61.262,335.41200000000003,Pass
967,3220.392,169.014,166.446,294.332,102.537,209.59799999999998,7.8,263.65799999999996,244.306,192.124,227.23999999999998,344.543,245.17700000000002,170.433,212.376,180.49699999999999,150.243,7.8,438.96500000000003,215.676,207.282,143.374,123.69199999999998,189.17000000000002,240.39499999999998,7.8,149.62,95.68400000000001,209.528,315.507,Pass
968,704.455,95.303,132.088,8.280999999999999,62.462999999999994,-2.883000000000001,10.4,-19.266,16.607999999999997,93.59,71.023,108.196,72.943,46.717,99.51999999999998,87.898,82.87299999999999,10.4,96.709,54.50099999999999,105.94100000000002,23.051000000000002,58.51899999999999,38.483,38.217,10.4,49.227000000000004,10.4,42.437,187.04999999999998,Pass
969,1786.902,88.44999999999999,51.080999999999996,159.504,112.809,147.679,10.4,236.58300000000003,125.34700000000001,62.813,111.813,61.06399999999999,204.436,185.541,163.79899999999998,10.4,10.4,10.4,287.29100000000005,161.99099999999999,219.28500000000003,139.70000000000002,52.016999999999996,90.047,85.697,10.4,10.4,10.4,64.111,278.815,Pass
970,899.9490000000001,212.76500000000001,218.20900000000003,187.188,105.216,124.17,10.4,77.51700000000001,10.4,10.4,10.4,10.4,10.4,10.4,10.4,10.4,10.4,10.4,10.4,10.4,10.4,10.4,10.4,10.4,10.4,10.4,10.4,10.4,10.4,177.011,Dropout
971,742.355,86.978,123.72,170.50500000000002,93.41499999999999,54.142,10.4,54.717,125.66900000000001,50.676,10.4,10.4,38.842,10.4,10.4,10.4,50.742,10.4,103.19299999999998,10.4,10.4,10.4,10.4,10.4,10.4,10.4,10.4,10.4,10.4,173.742,Fail
972,1079.867,93.931,126.242,167.312,96.02600000000001,144.821,10.4,77.29299999999999,144.60600000000002,135.59900000000002,10.4,94.863,121.50399999999999,105.149,98.918,75.91,10.4,10.4,170.327,115.815,114.359,87.45400000000001,48.835,79.73400000000001,43.647000000000006,10.4,47.766999999999996,36.834,56.805,112.11,Pass
973,577.282,70.185,60.092,115.86299999999999,94.837,100.937,10.4,10.4,31.307000000000002,67.75200000000001,10.4,10.4,90.344,10.4,31.709,10.4,10.4,10.4,10.4,10.4,10.4,10.4,10.4,10.4,10.4,10.4,10.4,10.4,10.4,120.342,Fail
974,1213.8239999999998,127.74599999999998,-30.315999999999995,63.971,60.53399999999999,64.255,10.4,69.082,126.279,65.309,48.766999999999996,99.97899999999998,101.928,92.177,118.44,10.4,10.4,10.4,128.31,91.21300000000001,107.71000000000001,75.627,58.48700000000001,94.97,98.945,10.4,99.381,10.4,148.194,255.20499999999998,Pass
975,156.765,63.184,10.4,10.4,10.4,10.4,10.4,10.4,10.4,10.4,10.4,10.4,10.4,10.4,10.4,10.4,10.4,10.4,10.4,10.4,10.4,10.4,10.4,10.4,10.4,10.4,10.4,10.4,10.4,10.4,Dropout
976,349.076,62.13399999999999,10.4,10.4,77.235,46.067,10.4,10.4,26.444,10.4,10.4,10.4,10.4,10.4,10.4,10.4,10.4,10.4,102.34299999999999,10.4,10.4,10.4,10.4,10.4,10.4,10.4,10.4,10.4,10.4,10.4,Dropout
977,1861.008,176.31799999999998,155.90699999999998,202.93200000000002,109.80399999999999,220.01600000000002,10.4,189.242,178.721,170.099,188.042,146.776,185.846,205.77800000000002,172.112,64.651,5.533999999999999,10.4,167.62800000000001,174.13099999999997,220.229,143.615,97.77,159.169,174.347,10.4,113.815,103.726,127.93900000000002,322.028,Pass
978,112.882,10.4,10.4,10.4,10.4,10.4,10.4,10.4,10.4,10.4,10.4,10.4,10.4,10.4,10.4,10.4,10.4,10.4,10.4,10.4,10.4,10.4,10.4,10.4,10.4,10.4,10.4,10.4,10.4,10.4,Dropout
979,3564.4919999999993,216.052,265.5,300.899,155.243,403.429,7.8,199.62300000000002,234.2,313.775,235.159,246.761,178.62,248.419,158.71699999999998,127.55100000000002,306.07399999999996,7.8,364.45399999999995,193.244,241.771,123.98599999999999,185.375,180.768,156.761,7.8,216.93200000000002,140.27100000000002,167.38799999999998,363.906,Pass
980,51.81700000000001,7.8,7.8,7.8,7.8,7.8,7.8,7.8,7.8,7.8,7.8,7.8,7.8,7.8,7.8,7.8,7.8,7.8,7.8,7.8,7.8,7.8,7.8,7.8,7.8,7.8,7.8,7.8,7.8,7.8,Dropout
981,1289.921,80.255,51.559,179.097,99.01499999999999,167.938,10.4,109.72800000000001,36.785,10.4,10.4,10.4,119.895,120.859,130.737,57.565,52.40899999999999,10.4,200.929,74.966,73.94,10.4,44.367,33.266999999999996,30.242,10.4,10.4,39.762,35.867,225.346,Pass
982,1737.892,161.199,120.481,163.631,127.10300000000001,120.489,10.4,138.441,135.24,122.65,85.783,148.353,129.941,149.327,148.396,57.513,27.366999999999997,10.4,190.292,93.575,120.792,96.09699999999998,85.888,93.565,97.31799999999998,10.4,83.743,82.672,121.419,239.84299999999996,Pass
983,54.417,10.4,10.4,10.4,10.4,10.4,10.4,10.4,10.4,10.4,10.4,10.4,10.4,10.4,10.4,10.4,10.4,10.4,10.4,10.4,10.4,10.4,10.4,10.4,10.4,10.4,10.4,10.4,10.4,10.4,Dropout
984,1312.208,127.269,137.714,280.403,119.41899999999998,231.682,10.4,193.325,173.703,135.833,148.124,135.073,156.53199999999998,87.25500000000001,79.524,140.047,124.605,10.4,240.05499999999998,140.57999999999998,141.575,25.866999999999997,116.29999999999998,49.19,38.68,10.4,60.285000000000004,46.233999999999995,118.28699999999999,274.414,Pass
985,1472.055,96.851,128.858,176.147,105.425,200.495,10.4,209.32399999999998,152.54999999999998,83.881,86.788,61.745999999999995,129.327,98.58699999999999,88.839,70.899,48.982,10.4,175.162,10.4,69.749,43.891999999999996,35.867,33.711999999999996,28.391999999999996,10.4,48.858999999999995,10.4,44.292,217.489,Pass
986,2524.694,120.021,104.558,101.977,162.03,146.816,10.4,173.98299999999998,175.714,186.322,199.327,181.28699999999998,109.79199999999999,81.763,104.41,88.73599999999999,85.17099999999999,10.4,373.89300000000003,93.73,95.937,78.87299999999999,82.87100000000001,129.193,94.81700000000001,10.4,144.093,107.972,134.65300000000002,372.89700000000005,Pass
987,2113.264,179.227,278.952,261.23300000000006,107.49999999999999,153.679,10.4,158.59,151.83700000000002,127.48400000000001,124.36899999999999,157.703,117.06,151.809,100.541,49.609,10.4,10.4,215.3,63.242,52.614999999999995,29.167,10.4,55.804,47.994,10.4,35.859,10.4,10.4,190.97600000000003,Pass
988,855.2270000000001,90.95,67.93299999999999,67.16900000000001,90.267,55.763000000000005,10.4,65.579,76.70400000000001,51.592,10.4,10.4,10.4,10.4,10.4,10.4,10.4,10.4,122.869,10.4,10.4,86.65100000000001,10.4,10.4,10.4,10.4,10.4,10.4,107.47600000000001,143.542,Dropout
989,1432.966,89.373,102.274,146.714,90.877,185.04299999999998,10.4,143.76799999999997,151.851,99.922,182.32100000000003,219.137,151.40900000000002,170.66000000000003,138.577,83.47399999999999,61.367,10.4,160.323,75.26299999999999,134.975,59.209,10.4,88.15599999999999,90.13300000000001,10.4,85.65199999999999,63.067,96.554,247.88299999999998,Pass
990,90.728,7.8,7.8,7.8,47.292,7.8,7.8,7.8,7.8,7.8,7.8,7.8,7.8,7.8,7.8,7.8,7.8,7.8,7.8,7.8,7.8,7.8,7.8,7.8,7.8,7.8,7.8,7.8,7.8,7.8,Fail
991,2158.826,151.002,86.49900000000001,149.835,97.251,148.11200000000002,7.8,124.77399999999999,159.06199999999998,205.30399999999997,145.52499999999998,216.489,166.292,208.17299999999997,170.85,7.8,138.784,7.8,153.496,139.48600000000002,165.906,142.51299999999998,139.028,136.055,140.541,7.8,129.327,122.772,122.842,390.72799999999995,Pass
992,50.375,10.4,10.4,10.4,10.4,10.4,10.4,10.4,10.4,10.4,10.4,10.4,10.4,10.4,10.4,10.4,10.4,10.4,10.4,10.4,10.4,10.4,10.4,10.4,10.4,10.4,10.4,10.4,10.4,10.4,Dropout
993,746.0730000000001,150.052,243.663,165.293,94.702,61.725,10.4,10.4,109.03699999999998,10.4,73.69200000000001,10.4,10.4,10.4,10.4,10.4,10.4,10.4,109.84700000000001,10.4,10.4,10.4,10.4,10.4,10.4,10.4,10.4,10.4,10.4,139.99200000000002,Dropout
994,404.96,106.23099999999998,85.539,199.978,75.38799999999999,62.715,10.4,10.4,10.4,10.4,10.4,10.4,10.4,10.4,10.4,10.4,10.4,10.4,103.76799999999999,10.4,10.4,10.4,10.4,10.4,10.4,10.4,10.4,10.4,10.4,146.934,Fail
995,2448.727,225.962,146.66,248.477,130.41,256.70000000000005,10.4,304.907,264.52099999999996,209.86100000000002,241.767,171.671,273.672,222.42999999999998,211.08399999999997,184.759,134.64399999999998,10.4,550.364,248.80700000000002,235.642,202.52299999999997,113.89200000000001,152.095,179.831,10.4,72.684,83.346,343.74899999999997,472.427,Pass
996,2368.956,154.16899999999998,116.682,233.332,109.88399999999999,251.839,7.8,248.13799999999998,203.84699999999998,161.82299999999998,166.005,178.017,215.54300000000003,218.506,184.256,127.02700000000002,82.128,7.8,334.138,203.697,136.541,106.297,50.463,98.855,115.41,7.8,33.692,72.57600000000001,128.28199999999998,302.058,Pass
997,900.749,229.13700000000003,240.835,267.57,85.036,125.74,7.8,59.82899999999999,26.832,7.8,7.8,7.8,66.959,70.934,69.392,7.8,7.8,7.8,107.994,7.8,7.8,7.8,7.8,7.8,7.8,7.8,105.092,114.10100000000001,7.8,148.08899999999997,Dropout
998,1424.1619999999998,87.563,116.45400000000001,158.305,100.23100000000001,147.784,10.4,120.243,193.21599999999998,215.876,137.373,151.06799999999998,115.483,112.68400000000003,122.926,97.91999999999999,10.4,10.4,110.843,10.4,10.4,10.4,10.4,10.4,10.4,10.4,10.4,10.4,10.4,144.465,Fail
999,4237.295,245.51900000000003,184.827,286.628,135.274,509.249,7.8,413.317,145.291,146.92,78.20199999999998,206.563,286.899,213.812,187.994,130.453,69.97699999999999,7.8,459.6410000000001,255.851,246.435,234.808,84.536,240.46099999999998,169.426,7.8,99.96900000000001,82.865,449.31000000000006,356.87199999999996,Pass
1000,3672.4930000000004,203.867,176.716,219.90200000000002,138.68099999999998,207.13299999999998,7.8,184.618,239.04599999999996,134.934,125.66399999999999,103.41199999999999,206.147,144.983,163.925,184.266,173.984,7.8,500.04499999999996,143.952,138.631,103.43799999999999,101.59700000000001,155.588,76.098,7.8,125.91799999999998,109.28399999999999,115.209,268.592,Pass
1001,1065.677,133.114,10.4,106.476,73.551,57.659,10.4,10.4,31.805,10.4,10.4,10.4,10.4,55.717,31.241,10.4,45.642,10.4,306.898,44.067,59.788999999999994,10.4,10.4,10.4,10.4,10.4,10.4,10.4,51.717,118.215,Pass
1002,607.27,113.974,89.327,186.86900000000003,87.36,132.94400000000002,7.8,7.8,76.584,7.8,7.8,7.8,7.8,7.8,7.8,7.8,7.8,7.8,7.8,7.8,7.8,7.8,7.8,7.8,7.8,7.8,7.8,7.8,7.8,146.892,Dropout
1003,296.426,84.01899999999999,10.4,69.519,10.4,10.4,10.4,10.4,10.4,10.4,10.4,10.4,10.4,10.4,10.4,10.4,10.4,10.4,112.118,10.4,10.4,10.4,10.4,10.4,10.4,10.4,10.4,10.4,10.4,10.4,Dropout
1004,1576.233,116.886,101.276,100.57300000000001,115.80799999999999,104.239,10.4,110.91199999999999,153.70499999999998,144.934,143.19899999999998,58.187,127.809,176.992,107.285,47.01899999999999,41.391999999999996,10.4,385.60099999999994,182.207,137.024,99.623,52.016999999999996,141.22600000000003,46.465,10.4,64.285,53.292,81.28,320.44699999999995,Pass
1005,1955.529,180.65699999999998,162.44899999999998,239.49,114.875,148.662,10.4,193.32,251.30499999999995,229.78900000000002,176.65200000000002,242.091,165.459,215.952,164.84699999999998,213.263,144.629,10.4,291.80199999999996,136.99,157.34999999999997,121.589,119.548,126.299,130.948,10.4,171.114,104.36999999999999,143.76,329.839,Pass
1006,1569.311,85.16799999999999,10.4,30.216,72.735,10.4,10.4,76.13,39.772999999999996,10.4,10.4,51.559,38.742000000000004,44.717,77.34899999999999,10.4,10.4,10.4,117.70200000000001,33.309,86.719,33.742,44.234,10.4,10.4,10.4,42.754999999999995,10.4,70.56700000000001,259.373,Pass
1007,2843.4759999999997,308.543,208.49699999999999,386.365,148.017,310.54,7.8,215.282,306.787,264.05199999999996,111.326,159.45,181.478,197.463,143.767,84.946,171.769,7.8,332.453,217.789,199.35100000000003,95.157,79.048,64.28699999999999,24.491999999999997,7.8,123.931,110.21300000000001,182.29299999999998,280.314,Pass
1008,4760.474999999999,192.937,183.221,376.49100000000004,169.77100000000002,365.71799999999996,10.4,198.556,303.072,204.671,151.619,155.973,268.387,395.012,251.57999999999998,383.052,182.147,10.4,490.67800000000005,321.264,335.64899999999994,209.72899999999998,259.032,207.47199999999998,240.748,10.4,257.646,139.33700000000002,201.391,414.061,Pass
1009,593.2560000000001,82.559,75.031,89.455,92.724,59.209,10.4,65.159,93.835,10.4,10.4,10.4,10.4,10.4,10.4,10.4,10.4,10.4,105.49400000000001,10.4,10.4,10.4,10.4,10.4,10.4,10.4,10.4,10.4,10.4,10.4,Fail
1010,54.417,10.4,10.4,10.4,10.4,10.4,10.4,10.4,10.4,10.4,10.4,10.4,10.4,10.4,10.4,10.4,10.4,10.4,10.4,10.4,10.4,10.4,10.4,10.4,10.4,10.4,10.4,10.4,10.4,10.4,Dropout
1011,54.417,10.4,10.4,10.4,10.4,10.4,10.4,10.4,10.4,10.4,10.4,10.4,10.4,10.4,10.4,10.4,10.4,10.4,10.4,10.4,10.4,10.4,10.4,10.4,10.4,10.4,10.4,10.4,10.4,10.4,Dropout
1012,1928.6680000000001,229.315,176.911,222.54500000000002,158.817,146.09799999999998,10.4,150.584,200.708,303.666,208.32399999999998,224.81999999999996,147.49200000000002,171.003,143.926,160.70399999999998,117.28200000000001,10.4,208.375,205.59500000000003,146.45399999999998,129.052,118.59899999999999,144.375,156.85200000000003,10.4,125.81699999999998,111.811,162.227,378.507,Pass
1013,2823.753,103.724,160.452,159.82799999999997,117.28999999999999,213.855,7.8,216.15,238.94400000000002,329.04200000000003,186.72299999999998,341.75,178.035,217.37699999999998,155.218,250.62199999999999,178.595,7.8,399.73999999999995,278.231,234.809,147.187,168.573,137.749,113.839,7.8,176.06600000000003,123.39900000000002,146.42899999999997,324.954,Pass
1014,2829.4529999999995,143.73499999999999,150.35,164.374,128.778,222.49800000000002,10.4,210.48600000000002,151.003,177.376,120.207,82.958,168.83100000000002,104.687,125.65199999999999,153.9,63.184,10.4,299.304,189.443,172.724,95.765,68.134,111.90100000000001,72.384,10.4,62.782000000000004,104.086,79.80399999999999,211.43800000000002,Pass
1015,1038.5520000000001,63.18600000000001,82.39,135.332,88.761,156.186,10.4,139.95600000000002,149.272,102.032,10.4,99.41199999999999,98.55799999999999,75.76700000000001,124.281,64.87299999999999,66.84799999999998,10.4,171.933,77.47500000000001,112.70500000000001,65.188,107.804,76.287,76.56299999999999,10.4,90.255,82.029,93.068,269.182,Pass
1016,2968.28,170.21800000000002,236.082,206.209,146.648,230.339,10.4,273.639,198.594,255.42000000000002,115.722,229.73499999999996,218.502,157.747,149.649,217.86,109.67099999999999,10.4,189.246,145.188,162.71699999999998,103.68299999999999,53.047999999999995,149.368,149.031,10.4,108.64099999999999,77.14999999999999,153.36499999999998,271.841,Pass
1017,1991.069,113.85399999999998,159.488,149.95499999999998,33.8,117.29999999999998,10.4,127.464,219.826,91.066,74.62899999999999,53.138999999999996,66.291,41.044,44.024,10.4,10.4,10.4,259.779,135.92700000000002,149.863,84.134,76.31500000000001,67.31700000000001,10.4,10.4,66.79599999999999,10.4,42.292,316.53999999999996,Pass
1018,366.739,153.516,150.12099999999998,70.084,29.759,52.433,10.4,10.4,10.4,10.4,10.4,10.4,10.4,10.4,10.4,10.4,10.4,10.4,10.4,10.4,10.4,10.4,10.4,10.4,10.4,10.4,10.4,10.4,10.4,144.273,Dropout
1019,1097.095,109.085,96.358,496.00499999999994,93.74199999999999,136.264,10.4,94.665,39.536,93.305,10.4,45.209,49.962,49.159000000000006,31.076,51.592,10.4,10.4,60.517,10.4,10.4,10.4,10.4,10.4,10.4,10.4,10.4,10.4,10.4,155.471,Fail
1020,3642.698,209.136,208.11200000000002,307.567,129.99499999999998,219.501,7.8,242.515,249.943,194.929,198.466,241.87599999999998,296.163,292.83899999999994,246.438,179.93999999999997,99.736,7.8,403.682,224.38400000000001,289.379,165.72000000000003,151.89,197.38100000000003,216.52900000000002,7.8,130.939,63.66,110.685,352.367,Pass
1021,3733.6369999999997,190.452,199.112,410.493,93.169,405.83,10.4,202.89800000000002,165.46599999999998,344.685,239.23700000000002,147.946,314.654,211.039,221.428,281.335,130.57100000000003,10.4,297.42199999999997,158.95299999999997,194.44700000000003,122.061,115.431,141.56500000000003,166.912,10.4,141.006,163.591,247.613,402.43899999999996,Pass
1022,498.573,130.365,145.48000000000002,85.882,83.867,67.825,10.4,65.151,53.751999999999995,10.4,89.188,73.09700000000001,64.278,64.73599999999999,67.71099999999998,68.554,10.4,10.4,42.208999999999996,46.184000000000005,10.4,10.4,10.4,10.4,10.4,10.4,10.4,10.4,10.4,10.4,Fail
1023,1997.701,77.12100000000001,119.155,182.945,109.815,239.06000000000003,10.4,169.126,134.123,123.58600000000001,104.987,123.887,184.888,147.09300000000002,164.768,130.167,98.798,10.4,215.15699999999998,157.13,222.186,160.759,94.75399999999999,114.463,137.618,10.4,69.946,58.051,161.185,258.819,Pass
1024,1138.118,81.63,236.45000000000002,162.488,100.248,147.804,10.4,111.71000000000001,109.56800000000001,129.88400000000001,159.73,158.02199999999996,134.453,128.969,136.2,107.534,119.179,10.4,184.47699999999998,66.976,150.511,108.187,70.071,129.496,87.155,10.4,90.261,62.743,87.769,273.424,Pass
1025,370.935,176.99400000000003,186.49400000000003,197.16500000000002,31.781,10.4,10.4,10.4,10.4,10.4,10.4,10.4,10.4,10.4,10.4,10.4,10.4,10.4,110.612,10.4,10.4,10.4,10.4,10.4,10.4,10.4,10.4,10.4,10.4,142.267,Dropout
1026,1431.391,148.868,10.4,56.69199999999999,28.412,10.4,10.4,10.4,144.635,10.4,45.642,10.4,86.767,55.259,37.568,84.634,43.092,10.4,162.518,73.792,99.455,10.4,60.942,40.117,10.4,10.4,74.076,10.4,60.262,180.808,Pass
1027,8853.566,205.227,308.189,624.358,128.857,309.75199999999995,7.8,272.789,516.7760000000001,624.829,336.652,327.81699999999995,284.817,211.29500000000002,196.123,392.08700000000005,225.59199999999998,7.8,435.253,207.12500000000003,178.916,188.081,152.248,151.64600000000002,126.834,7.8,151.542,76.417,104.347,289.228,Pass
1028,1218.462,73.575,10.4,89.473,70.106,80.251,10.4,64.207,37.25,49.184000000000005,10.4,86.666,52.484,70.186,85.821,10.4,52.016999999999996,10.4,83.464,82.01599999999999,125.30499999999999,87.96600000000001,10.4,30.884,33.917,10.4,10.4,10.4,78.655,111.285,Pass
1029,358.60699999999997,87.81,10.4,10.4,29.641999999999996,57.117,10.4,10.4,37.459,10.4,80.492,10.4,10.4,10.4,10.4,10.4,10.4,10.4,112.702,10.4,10.4,10.4,10.4,10.4,10.4,10.4,10.4,10.4,10.4,146.751,Fail
1030,3194.031,185.514,160.664,270.65000000000003,156.256,390.355,10.4,418.352,240.92700000000002,364.26099999999997,222.97000000000003,331.201,375.373,419.122,327.036,359.78,205.892,10.4,424.132,272.531,318.342,251.269,193.158,262.676,222.63599999999997,10.4,203.042,175.792,273.923,500.015,Pass
1031,2226.735,324.302,224.891,154.387,134.163,150.606,10.4,133.15,115.904,116.133,28.333999999999996,90.39999999999999,96.50399999999999,90.27099999999999,93.92699999999999,94.56299999999999,46.184000000000005,10.4,330.41799999999995,81.193,114.57000000000001,38.842,45.233999999999995,10.4,27.817,10.4,10.4,10.4,65.107,258.951,Pass
1032,3193.839,89.235,89.962,215.12300000000002,113.457,241.978,10.4,224.28499999999997,186.446,134.19099999999997,68.346,93.266,195.787,224.79200000000003,186.917,80.698,31.192,10.4,378.423,97.536,124.95500000000001,48.518,53.985,72.577,105.74800000000002,10.4,52.062000000000005,48.842,92.22599999999998,389.13,Pass
1033,2286.839,227.89100000000002,189.411,256.28400000000005,111.60900000000001,319.001,10.4,294.397,402.06,187.79900000000004,69.63,131.148,114.64599999999999,-1.9910000000000014,126.97800000000001,102.273,105.47399999999999,10.4,318.06,55.168000000000006,57.92,60.895,49.159000000000006,84.615,43.087,10.4,117.38600000000001,65.517,131.696,259.25,Pass
1034,4025.754,113.422,104.68300000000002,214.464,145.87399999999997,211.566,7.8,401.752,227.70600000000002,351.936,257.988,303.161,304.71500000000003,233.98,204.52100000000002,156.89800000000002,205.844,7.8,296.74899999999997,294.933,240.91200000000003,129.73899999999998,85.98,219.985,171.022,7.8,205.37999999999997,134.675,152.89100000000002,486.26,Pass
1035,1769.246,105.789,160.566,185.832,113.895,157.839,7.8,194.98899999999998,226.74800000000002,197.292,213.869,161.03799999999998,161.67600000000002,131.609,145.608,142.547,65.846,7.8,291.043,173.459,159.319,138.861,80.085,120.28,113.62700000000001,7.8,110.17699999999999,83.027,186.115,241.06600000000003,Pass
1036,54.417,10.4,10.4,10.4,10.4,10.4,10.4,10.4,10.4,10.4,10.4,10.4,10.4,10.4,10.4,10.4,10.4,10.4,10.4,10.4,10.4,10.4,10.4,10.4,10.4,10.4,10.4,10.4,10.4,10.4,Dropout
1037,2183.786,188.47,154.698,148.59799999999998,75.127,79.054,10.4,126.25299999999999,197.827,109.144,93.11000000000001,97.99799999999999,185.417,158.969,129.961,123.12299999999999,78.358,10.4,270.28499999999997,158.071,70.269,31.192,19.866999999999997,44.305,48.260999999999996,10.4,75.1,48.45399999999999,89.37200000000001,268.229,Pass
1038,285.79200000000003,146.46500000000003,63.24100000000001,10.4,30.901999999999997,10.4,10.4,10.4,10.4,10.4,10.4,10.4,10.4,10.4,10.4,10.4,10.4,10.4,103.19299999999998,10.4,10.4,10.4,10.4,10.4,10.4,10.4,10.4,10.4,10.4,149.359,Dropout
1039,54.417,10.4,10.4,10.4,10.4,10.4,10.4,10.4,10.4,10.4,10.4,10.4,10.4,10.4,10.4,10.4,10.4,10.4,10.4,10.4,10.4,10.4,10.4,10.4,10.4,10.4,10.4,10.4,10.4,10.4,Dropout
1040,295.181,99.06300000000002,77.63399999999999,89.375,10.4,10.4,10.4,10.4,10.4,10.4,10.4,10.4,10.4,10.4,10.4,10.4,10.4,10.4,10.4,10.4,10.4,10.4,10.4,10.4,10.4,10.4,10.4,10.4,10.4,161.131,Dropout
1041,1389.3700000000001,82.761,178.799,60.667,75.792,-8.984,10.4,-7.710000000000004,72.89500000000001,109.13,117.66,85.238,133.697,104.13199999999999,43.718999999999994,9.017,15.992,10.4,150.748,38.25,64.143,33.867000000000004,57.827,49.410000000000004,41.617000000000004,10.4,55.05800000000001,36.717,76.551,158.268,Pass
1042,60.150000000000006,10.4,10.4,10.4,10.4,10.4,10.4,10.4,10.4,10.4,10.4,10.4,10.4,10.4,10.4,10.4,10.4,10.4,10.4,10.4,10.4,10.4,10.4,10.4,10.4,10.4,10.4,10.4,10.4,10.4,Fail
1043,3348.973,190.05599999999998,170.4,218.047,143.466,168.92,7.8,206.93,152.657,145.397,176.915,168.297,129.14700000000002,169.622,149.28,174.337,112.07500000000002,7.8,398.232,165.71,159.42799999999997,136.678,174.412,206.56699999999998,124.511,7.8,142.602,163.277,208.29900000000004,292.132,Pass
1044,1123.2820000000002,114.507,181.20599999999996,191.79899999999998,79.939,158.48399999999998,10.4,134.132,122.981,62.925,147.804,44.759,133.43099999999998,123.90299999999999,139.015,64.184,10.4,10.4,49.041999999999994,10.4,10.4,10.4,10.4,10.4,10.4,10.4,10.4,10.4,10.4,140.842,Fail
1045,1923.591,172.56600000000003,155.225,229.829,154.40699999999998,159.06500000000003,10.4,128.775,160.229,127.55999999999999,108.527,81.688,93.812,119.53099999999999,157.256,103.568,73.55199999999999,10.4,273.65,56.769,67.28900000000002,10.4,41.659,76.468,10.4,10.4,87.412,10.4,59.012,284.339,Pass
1046,2148.5689999999995,192.259,203.41499999999996,189.448,129.388,223.007,10.4,219.10100000000003,330.17699999999996,263.259,239.314,216.529,169.62900000000002,182.084,184.42800000000003,170.94699999999997,158.33999999999997,10.4,323.29299999999995,167.132,174.078,166.94699999999997,143.89600000000002,138.316,130.18300000000002,10.4,192.603,156.594,162.474,233.45699999999997,Pass
1047,467.32300000000004,10.4,10.4,10.4,108.327,10.4,10.4,54.56699999999999,24.686,72.417,10.4,10.4,10.4,10.4,31.325,10.4,10.4,10.4,105.49400000000001,10.4,10.4,10.4,10.4,10.4,10.4,10.4,10.4,10.4,10.4,127.242,Fail
1048,54.417,10.4,10.4,10.4,10.4,10.4,10.4,10.4,10.4,10.4,10.4,10.4,10.4,10.4,10.4,10.4,10.4,10.4,10.4,10.4,10.4,10.4,10.4,10.4,10.4,10.4,10.4,10.4,10.4,10.4,Dropout
1049,619.188,113.49199999999999,99.54700000000001,89.00999999999999,92.286,116.4,7.8,7.8,7.8,7.8,7.8,7.8,7.8,7.8,7.8,7.8,7.8,7.8,7.8,7.8,7.8,7.8,7.8,7.8,7.8,7.8,7.8,7.8,7.8,145.287,Dropout
1050,363.606,71.40700000000001,72.69300000000001,10.4,10.4,10.4,10.4,72.417,10.4,10.4,10.4,10.4,10.4,10.4,10.4,10.4,10.4,10.4,10.4,10.4,10.4,10.4,10.4,10.4,10.4,10.4,10.4,10.4,10.4,10.4,Dropout
1051,4915.098,168.12800000000001,195.846,211.41199999999998,130.947,242.165,7.8,271.33799999999997,330.477,308.75699999999995,301.66400000000004,377.33,190.955,240.396,249.95600000000002,143.219,145.352,7.8,442.57599999999996,160.788,194.77599999999998,178.88299999999998,138.785,214.955,80.735,7.8,52.331999999999994,50.391999999999996,37.117000000000004,296.109,Pass
1052,94.72,58.509,60.48400000000001,10.4,10.4,10.4,10.4,10.4,10.4,10.4,10.4,10.4,10.4,10.4,10.4,10.4,10.4,10.4,10.4,10.4,10.4,10.4,10.4,10.4,10.4,10.4,10.4,10.4,10.4,10.4,Dropout
1053,680.1469999999999,92.91,119.66499999999999,104.90799999999999,81.303,63.787,7.8,18.391999999999996,65.965,117.18100000000001,51.542,96.029,89.395,73.06200000000001,73.12299999999999,91.643,7.8,7.8,7.8,7.8,45.873000000000005,7.8,7.8,7.8,7.8,7.8,7.8,7.8,7.8,7.8,Dropout
1054,1768.283,105.61,172.185,215.15900000000002,88.024,125.01,7.8,88.464,168.844,225.915,116.673,249.80899999999997,123.528,110.34100000000001,113.44200000000001,95.354,48.559000000000005,7.8,196.16500000000002,90.82900000000001,126.33699999999999,51.084,7.8,7.8,7.8,7.8,7.8,7.8,78.742,182.568,Fail
1055,2391.048,136.257,193.11599999999999,146.54399999999998,115.82300000000001,181.915,7.8,172.139,222.36700000000002,254.26600000000002,131.48399999999998,196.11600000000004,141.931,136.344,89.382,143.286,121.59999999999998,7.8,221.797,92.774,123.07900000000001,108.68499999999999,99.33800000000001,54.709,78.87599999999999,7.8,57.13000000000001,57.122,7.8,286.39,Fail
1056,54.417,10.4,10.4,10.4,10.4,10.4,10.4,10.4,10.4,10.4,10.4,10.4,10.4,10.4,10.4,10.4,10.4,10.4,10.4,10.4,10.4,10.4,10.4,10.4,10.4,10.4,10.4,10.4,10.4,10.4,Dropout
1057,1302.444,177.671,149.63,210.19799999999998,150.143,200.431,10.4,208.769,199.109,109.38399999999999,156.582,93.74000000000001,99.17,93.69900000000001,98.251,94.277,79.966,10.4,190.01899999999998,102.563,97.642,67.479,76.298,95.56800000000001,82.283,10.4,78.14,65.61200000000001,102.80699999999999,295.187,Pass
1058,51.81700000000001,7.8,7.8,7.8,7.8,7.8,7.8,7.8,7.8,7.8,7.8,7.8,7.8,7.8,7.8,7.8,7.8,7.8,7.8,7.8,7.8,7.8,7.8,7.8,7.8,7.8,7.8,7.8,7.8,7.8,Dropout
1059,54.417,10.4,10.4,10.4,10.4,10.4,10.4,10.4,10.4,10.4,10.4,10.4,10.4,10.4,10.4,10.4,10.4,10.4,10.4,10.4,10.4,10.4,10.4,10.4,10.4,10.4,10.4,10.4,10.4,10.4,Dropout
1060,1366.034,222.788,249.65200000000002,223.753,98.92099999999999,235.945,10.4,186.022,146.859,57.684,75.855,50.709,140.057,170.32999999999998,148.643,55.776,10.4,10.4,143.422,111.938,184.01699999999997,120.36999999999999,64.184,110.705,82.85900000000001,10.4,10.4,10.4,67.976,252.26,Pass
1061,1140.372,87.559,123.773,131.639,102.139,119.09599999999999,10.4,66.934,92.85700000000001,99.81399999999998,61.53399999999999,58.351,131.299,80.109,110.209,45.576,10.4,10.4,181.678,48.792,52.766999999999996,112.25899999999999,10.4,10.4,10.4,10.4,10.4,10.4,49.117,263.301,Pass
1062,2003.545,105.128,185.69,246.79800000000003,107.15999999999998,250.853,10.4,251.14499999999998,214.996,146.15699999999998,101.95299999999999,101.11699999999999,199.74,177.23900000000003,146.958,175.861,153.782,10.4,304.842,189.33299999999997,217.675,138.79899999999998,109.721,149.41899999999998,44.797000000000004,10.4,65.631,44.934,65.002,316.721,Pass
1063,385.78700000000003,78.593,7.8,7.8,7.8,7.8,7.8,7.8,7.8,7.8,7.8,7.8,7.8,7.8,7.8,7.8,7.8,7.8,7.8,7.8,7.8,7.8,7.8,7.8,7.8,7.8,7.8,7.8,7.8,7.8,Dropout
1064,187.913,56.266999999999996,57.117,10.4,32.132,10.4,10.4,10.4,22.664,10.4,10.4,10.4,10.4,10.4,10.4,10.4,10.4,10.4,10.4,10.4,10.4,10.4,10.4,10.4,10.4,10.4,10.4,10.4,10.4,10.4,Fail
1065,169.92999999999998,72.93400000000001,106.606,10.4,10.4,10.4,10.4,10.4,10.4,10.4,10.4,10.4,10.4,10.4,10.4,10.4,10.4,10.4,10.4,10.4,10.4,10.4,10.4,10.4,10.4,10.4,10.4,10.4,10.4,126.392,Dropout
1066,2717.9919999999997,101.64,104.66700000000002,184.939,85.206,187.72999999999996,7.8,145.447,166.47400000000002,114.931,147.67700000000002,125.321,148.20499999999998,144.838,142.406,85.831,62.577000000000005,7.8,348.27299999999997,151.024,167.479,175.12,73.782,138.96800000000002,160.57999999999998,7.8,91.486,80.038,121.788,319.49300000000005,Fail
1067,1114.861,161.98899999999998,260.806,85.051,30.022999999999996,129.32,10.4,102.29999999999998,41.187,172.48000000000002,-3.9829999999999988,10.4,1.5959999999999983,94.13,25.232,98.664,7.866999999999999,10.4,65.05499999999999,17.662,48.258,30.317,47.42999999999999,50.27499999999999,56.215999999999994,10.4,55.234,35.742,64.809,43.562,Fail
1068,2067.823,115.472,80.237,90.36699999999999,99.05900000000001,121.993,10.4,86.788,123.13,63.607,10.4,56.626000000000005,34.31699999999999,37.292,41.201,44.667,92.085,10.4,39.865,10.4,46.979,10.4,10.4,10.4,10.4,10.4,10.4,10.4,10.4,10.4,Pass
1069,1813.2390000000003,121.017,72.111,172.45399999999998,74.187,79.788,10.4,120.458,74.726,-18.808000000000003,10.4,84.781,61.58,62.855,75.049,10.4,10.4,10.4,236.953,58.086999999999996,71.89,10.4,40.234,68.844,31.066000000000003,10.4,33.19199999999999,10.4,66.36500000000001,259.12399999999997,Pass
1070,2824.069,141.91199999999998,210.74200000000002,209.453,105.924,282.509,10.4,205.25099999999998,244.501,121.22399999999999,158.31599999999997,181.606,202.31799999999998,205.11600000000004,174.074,103.91199999999999,85.798,10.4,331.901,194.101,241.43499999999997,103.55199999999999,61.284000000000006,170.68,146.63,10.4,106.93599999999999,91.185,188.98100000000002,359.82599999999996,Pass
1071,1676.3360000000002,94.6,134.11599999999999,166.01600000000002,94.356,181.924,10.4,183.441,130.078,97.325,121.55099999999999,160.503,160.506,129.253,93.273,68.72,10.4,10.4,253.38700000000003,182.97500000000002,182.013,121.93400000000001,10.4,69.207,54.108999999999995,10.4,58.825,37.142,59.848,228.668,Pass
1072,4541.838,151.741,188.841,324.801,149.925,259.836,10.4,241.13400000000001,305.54200000000003,304.00600000000003,308.12800000000004,193.47400000000002,173.09500000000003,188.624,149.859,199.04799999999997,151.592,10.4,294.80199999999996,155.49200000000002,167.90099999999998,104.478,104.78,89.833,63.385,10.4,73.84700000000001,56.842,64.01899999999999,322.84799999999996,Pass
1073,2821.165,103.814,156.002,239.281,107.498,297.921,10.4,239.38199999999998,328.99699999999996,212.55700000000002,60.055,126.816,235.471,169.214,167.293,151.958,55.83999999999999,10.4,354.924,100.082,151.934,131.461,112.779,195.36299999999997,137.016,10.4,187.71800000000002,68.491,171.334,340.16400000000004,Pass
1074,3437.176,184.864,160.971,224.519,170.726,259.69599999999997,7.8,242.95999999999998,280.005,347.808,357.091,172.001,257.318,225.034,209.928,287.264,88.86500000000001,7.8,566.8459999999999,227.43500000000003,196.47199999999998,83.397,74.142,92.11699999999999,116.87700000000001,7.8,138.16,66.614,91.076,336.133,Pass
1075,54.417,10.4,10.4,10.4,10.4,10.4,10.4,10.4,10.4,10.4,10.4,10.4,10.4,10.4,10.4,10.4,10.4,10.4,10.4,10.4,10.4,10.4,10.4,10.4,10.4,10.4,10.4,10.4,10.4,10.4,Dropout
1076,2329.454,74.508,137.572,168.47500000000002,101.43,263.42699999999996,7.8,315.74100000000004,206.801,135.01999999999998,172.673,236.86,204.303,151.481,164.27399999999997,104.214,45.284,7.8,452.04300000000006,208.36200000000002,213.74900000000002,129.673,68.128,104.219,107.32599999999998,7.8,75.894,55.392,165.302,340.57399999999996,Pass
1077,379.53599999999994,79.357,78.064,71.016,31.43,81.953,10.4,68.592,10.4,10.4,10.4,10.4,10.4,10.4,10.4,10.4,10.4,10.4,10.4,10.4,10.4,10.4,10.4,10.4,10.4,10.4,10.4,10.4,10.4,10.4,Dropout
1078,54.417,10.4,10.4,10.4,10.4,10.4,10.4,10.4,10.4,10.4,10.4,10.4,10.4,10.4,10.4,10.4,10.4,10.4,10.4,10.4,10.4,10.4,10.4,10.4,10.4,10.4,10.4,10.4,10.4,10.4,Dropout
1079,1061.508,93.92,122.81899999999999,115.24999999999999,89.691,142.855,10.4,122.503,157.931,10.4,10.4,10.4,129.56599999999997,129.148,128.04,10.4,10.4,10.4,217.136,99.562,143.66299999999998,110.06199999999998,37.717,23.417,10.4,10.4,10.4,10.4,62.292,257.391,Pass
1080,1720.381,154.244,157.974,216.41000000000003,140.197,222.154,10.4,137.98600000000002,146.63,88.805,108.99,169.492,170.43399999999997,223.116,135.747,61.980000000000004,46.641999999999996,10.4,291.57,203.453,214.111,155.26500000000001,10.4,109.976,106.11899999999999,10.4,47.284,51.676,188.875,135.686,Pass
1081,2525.748,171.629,149.678,251.677,124.15,239.388,7.8,179.44899999999998,269.826,147.45100000000002,183.71499999999997,153.854,214.152,200.60999999999999,203.55700000000002,232.885,143.186,7.8,434.10900000000004,154.8,198.87099999999998,141.298,133.945,148.928,156.234,7.8,158.391,127.636,130.29399999999998,214.678,Pass
1082,1747.701,110.304,151.816,175.239,116.70400000000001,139.934,10.4,169.616,189.48899999999998,144.952,134.915,332.664,149.54500000000002,139.545,143.209,103.902,69.526,10.4,249.111,94.12400000000001,132.149,106.538,82.435,146.685,151.202,10.4,69.254,10.4,94.768,293.601,Pass
1083,1269.376,187.944,188.892,174.85200000000003,108.529,248.61100000000002,10.4,226.29999999999998,286.38800000000003,254.204,124.47200000000001,236.59699999999998,214.70499999999998,181.95600000000005,149.93699999999998,179.59300000000002,114.356,10.4,210.43,182.299,185.29899999999998,140.965,167.57300000000004,154.367,126.891,10.4,161.172,91.83099999999999,197.543,385.1619999999999,Pass
1084,54.417,10.4,10.4,10.4,10.4,10.4,10.4,10.4,10.4,10.4,10.4,10.4,10.4,10.4,10.4,10.4,10.4,10.4,10.4,10.4,10.4,10.4,10.4,10.4,10.4,10.4,10.4,10.4,10.4,10.4,Dropout
1085,1136.799,93.893,97.00999999999999,149.407,94.62599999999999,173.465,10.4,117.805,220.101,210.67899999999997,115.785,140.25699999999998,184.851,85.71300000000001,84.708,81.001,99.92099999999999,10.4,68.801,44.632,54.711,124.40299999999999,52.456999999999994,38.241,42.216,10.4,43.68300000000001,40.462,47.012,75.096,Pass
1086,2323.872,95.91799999999999,91.871,174.538,111.908,186.84199999999998,10.4,169.82399999999998,180.39999999999998,212.90299999999996,185.855,161.99200000000002,193.03,216.223,164.051,181.58,79.898,10.4,225.428,142.834,245.25900000000001,153.397,47.615,161.098,114.671,10.4,10.4,10.4,98.693,276.243,Pass
1087,2335.098,132.61599999999999,127.52799999999999,171.052,128.816,264.12399999999997,7.8,191.38500000000002,425.38899999999995,413.20799999999997,290.795,357.082,274.868,215.70600000000002,171.159,214.58499999999998,143.892,7.8,236.22699999999998,191.242,263.017,167.05499999999998,141.062,260.433,214.52800000000002,7.8,243.83299999999997,101.99999999999999,119.534,365.821,Pass
1088,54.417,10.4,10.4,10.4,10.4,10.4,10.4,10.4,10.4,10.4,10.4,10.4,10.4,10.4,10.4,10.4,10.4,10.4,10.4,10.4,10.4,10.4,10.4,10.4,10.4,10.4,10.4,10.4,10.4,10.4,Dropout
1089,948.221,113.133,63.884,10.4,80.08000000000001,10.4,10.4,42.891999999999996,99.271,10.4,45.334,51.134,-4.0329999999999995,63.291999999999994,40.205,10.4,10.4,10.4,238.109,55.449,102.027,78.399,10.4,38.137,26.242,10.4,10.4,10.4,10.4,82.934,Pass
1090,1954.0589999999997,102.55099999999999,159.10500000000002,33.803,86.207,107.76299999999999,10.4,105.16199999999998,196.13899999999998,189.588,113.36699999999999,157.707,46.501,80.587,98.32499999999999,103.78599999999999,83.265,10.4,192.63100000000003,83.131,132.402,32.736999999999995,82.872,94.53799999999998,49.269,10.4,72.357,38.867000000000004,65.679,291.032,Pass
1091,639.898,76.55,92.896,81.187,94.759,72.298,10.4,71.357,92.09700000000001,43.092,10.4,10.4,85.77100000000002,46.37199999999999,71.71799999999999,10.4,10.4,10.4,10.4,10.4,42.364999999999995,10.4,10.4,10.4,10.4,10.4,10.4,10.4,10.4,10.4,Dropout
1092,390.88200000000006,98.30600000000001,64.215,82.364,28.529,10.4,10.4,10.4,10.4,10.4,10.4,10.4,10.4,10.4,10.4,10.4,10.4,10.4,10.4,10.4,10.4,10.4,10.4,10.4,10.4,10.4,10.4,10.4,10.4,141.84199999999998,Dropout
1093,1461.407,103.025,76.569,75.428,97.157,102.69900000000001,10.4,66.397,117.667,112.107,63.513999999999996,76.385,97.252,109.24499999999999,41.348,10.4,10.4,10.4,216.85399999999998,110.221,131.091,115.55799999999999,65.43700000000001,39.217,10.4,10.4,39.65899999999999,57.020999999999994,65.896,254.33200000000002,Pass
1094,2924.9139999999998,170.946,298.77,163.22,119.089,162.817,7.8,176.32399999999998,221.735,205.97899999999998,191.814,148.94899999999998,191.66400000000002,139.742,148.624,142.89100000000002,110.06800000000001,7.8,238.029,142.613,151.554,126.92499999999998,106.651,134.685,121.422,7.8,160.26299999999998,105.394,152.773,225.62499999999997,Pass
1095,1422.225,111.12100000000001,102.273,149.097,133.047,183.772,10.4,102.23500000000001,90.458,70.673,57.276,58.253,152.023,100.87700000000001,42.446,10.4,10.4,10.4,134.954,10.4,10.4,10.4,10.4,10.4,10.4,10.4,10.4,10.4,10.4,159.51300000000003,Dropout
1096,54.417,10.4,10.4,10.4,10.4,10.4,10.4,10.4,10.4,10.4,10.4,10.4,10.4,10.4,10.4,10.4,10.4,10.4,10.4,10.4,10.4,10.4,10.4,10.4,10.4,10.4,10.4,10.4,10.4,10.4,Dropout
1097,2232.6420000000003,107.62899999999999,198.674,350.344,167.49099999999999,298.533,7.8,272.981,257.867,142.261,65.73,107.703,242.33599999999998,116.149,98.71199999999999,60.42,40.641999999999996,7.8,260.85699999999997,161.673,206.03299999999996,178.29200000000003,112.28699999999999,201.12599999999998,74.081,7.8,62.611999999999995,50.10499999999999,78.584,277.47,Pass
1098,689.9599999999999,217.89999999999998,168.533,115.292,95.144,145.263,10.4,73.672,39.89,10.4,10.4,10.4,10.4,10.4,10.4,10.4,10.4,10.4,10.4,10.4,10.4,10.4,10.4,10.4,10.4,10.4,10.4,10.4,10.4,167.839,Dropout
1099,248.615,78.594,53.409000000000006,63.469,30.637999999999998,10.4,10.4,10.4,10.4,10.4,10.4,10.4,10.4,10.4,10.4,10.4,10.4,10.4,10.4,10.4,10.4,10.4,10.4,10.4,10.4,10.4,10.4,10.4,10.4,152.48999999999998,Dropout
1100,2486.628,92.739,82.281,240.26,132.40800000000002,194.096,7.8,165.096,114.533,194.60999999999999,106.577,83.444,159.04500000000002,177.094,142.51800000000003,52.873999999999995,54.582,7.8,760.446,98.094,185.478,122.02799999999999,49.437,136.261,57.763999999999996,7.8,7.8,7.8,165.37900000000002,282.83,Pass
1101,1003.7350000000001,171.92499999999998,90.985,178.60700000000003,76.235,120.419,7.8,7.8,7.8,7.8,7.8,7.8,7.8,7.8,7.8,7.8,7.8,7.8,7.8,7.8,7.8,7.8,7.8,7.8,7.8,7.8,7.8,7.8,7.8,161.937,Fail
1102,54.417,10.4,10.4,10.4,10.4,10.4,10.4,10.4,10.4,10.4,10.4,10.4,10.4,10.4,10.4,10.4,10.4,10.4,10.4,10.4,10.4,10.4,10.4,10.4,10.4,10.4,10.4,10.4,10.4,10.4,Dropout
1103,129.138,54.833999999999996,10.4,58.305,10.4,10.4,10.4,10.4,10.4,10.4,10.4,10.4,10.4,10.4,10.4,10.4,10.4,10.4,10.4,10.4,10.4,10.4,10.4,10.4,10.4,10.4,10.4,10.4,10.4,10.4,Dropout
1104,1367.484,111.018,125.943,207.584,29.027,208.353,10.4,114.695,33.416,84.38199999999999,65.278,86.12,107.163,44.42999999999999,38.828,40.046,40.006,10.4,261.825,35.617000000000004,107.48700000000001,35.31699999999999,62.336000000000006,30.842,30.817,10.4,44.671,37.259,55.855000000000004,157.474,Pass
1105,1558.1319999999998,95.89500000000001,126.43699999999998,176.25,85.137,222.96599999999998,10.4,212.35,200.974,122.399,182.252,130.64,226.86199999999997,226.20600000000002,208.80300000000003,3.8919999999999995,13.383999999999999,10.4,244.29199999999997,205.36899999999997,239.708,179.077,79.382,150.164,182.912,10.4,10.4,77.487,124.465,276.774,Pass
1106,358.70400000000006,91.30799999999999,54.56699999999999,10.4,30.139999999999997,10.4,10.4,10.4,10.4,10.4,10.4,10.4,10.4,10.4,10.4,10.4,10.4,10.4,10.4,10.4,10.4,10.4,10.4,10.4,10.4,10.4,10.4,10.4,10.4,137.762,Fail
1107,154.24900000000002,48.734,48.192,10.4,10.4,10.4,10.4,10.4,10.4,10.4,10.4,10.4,10.4,10.4,10.4,10.4,10.4,10.4,10.4,10.4,10.4,10.4,10.4,10.4,10.4,10.4,10.4,10.4,10.4,135.733,Fail
1108,749.816,80.507,81.934,155.283,81.69500000000001,166.72000000000003,10.4,129.32899999999998,10.4,10.4,10.4,10.4,10.4,10.4,10.4,10.4,10.4,10.4,10.4,10.4,10.4,10.4,10.4,10.4,10.4,10.4,10.4,10.4,10.4,10.4,Dropout
1109,136.776,67.042,10.4,10.4,10.4,10.4,10.4,10.4,10.4,10.4,10.4,10.4,10.4,10.4,10.4,10.4,10.4,10.4,10.4,10.4,10.4,10.4,10.4,10.4,10.4,10.4,10.4,10.4,10.4,151.342,Dropout
1110,83.91699999999999,10.4,10.4,10.4,10.4,10.4,10.4,10.4,10.4,10.4,10.4,10.4,10.4,10.4,10.4,10.4,10.4,10.4,10.4,10.4,10.4,10.4,10.4,10.4,10.4,10.4,10.4,10.4,10.4,10.4,Dropout
1111,2935.26,193.864,285.933,215.98399999999998,128.276,214.08800000000002,10.4,177.106,204.185,265.217,168.236,125.20499999999998,198.91699999999997,188.197,118.836,128.24,88.569,10.4,292.803,111.637,110.43,91.788,92.50400000000002,88.122,100.191,10.4,86.499,76.251,107.38900000000001,261.075,Pass
1112,282.887,81.74399999999999,10.4,110.29400000000001,10.4,10.4,10.4,10.4,10.4,10.4,10.4,10.4,10.4,10.4,10.4,10.4,10.4,10.4,10.4,10.4,10.4,10.4,10.4,10.4,10.4,10.4,10.4,10.4,10.4,164.859,Dropout
1113,2862.681,181.003,114.946,160.099,85.449,209.51600000000002,10.4,178.059,197.08100000000002,164.177,66.922,145.375,263.708,206.291,171.163,148.80700000000002,106.212,10.4,362.06600000000003,155.625,190.17600000000002,94.46900000000001,51.19,121.44,87.38300000000001,10.4,91.15899999999999,60.517,101.60400000000001,242.58800000000002,Pass
1114,773.607,55.416000000000004,60.601,72.059,34.885999999999996,10.4,10.4,10.4,86.411,10.4,10.4,10.4,10.4,10.4,10.4,10.4,10.4,10.4,10.4,10.4,10.4,10.4,10.4,10.4,10.4,10.4,10.4,10.4,10.4,117.467,Fail
1115,380.6809999999999,79.497,56.809000000000005,10.4,32.513,10.4,10.4,10.4,86.083,10.4,10.4,10.4,10.4,10.4,10.4,10.4,10.4,10.4,99.617,10.4,10.4,10.4,10.4,10.4,10.4,10.4,10.4,10.4,10.4,10.4,Dropout
1116,1433.0100000000002,129.058,154.575,113.192,138.37300000000002,-15.649999999999999,10.4,-2.700000000000001,57.759,82.734,60.879,87.906,75.381,96.408,30.076,6.116999999999999,9.091999999999999,10.4,225.224,47.792,67.852,10.4,51.096,47.9,38.38,10.4,45.096,46.334,55.234,269.383,Pass
1117,1340.5749999999998,107.17299999999999,85.467,169.27100000000002,100.147,140.444,10.4,181.59599999999998,199.338,187.88299999999998,110.60999999999999,113.50899999999999,144.72000000000003,115.775,159.03799999999998,124.17699999999999,118.47099999999999,10.4,135.574,112.12800000000001,161.872,115.04399999999998,107.93499999999999,103.012,100.96599999999998,10.4,117.662,99.834,114.99699999999999,309.51099999999997,Pass
1118,3443.2270000000008,119.481,152.356,212.161,127.082,301.918,10.4,186.574,211.161,135.30499999999998,224.60700000000003,258.438,170.579,199.91599999999997,204.45,203.81099999999998,127.547,10.4,312.424,120.28000000000002,171.221,138.88,117.148,82.53,82.956,10.4,161.505,124.429,99.476,346.445,Pass
1119,172.185,10.4,80.358,10.4,10.4,10.4,10.4,10.4,10.4,10.4,91.542,10.4,10.4,10.4,10.4,10.4,10.4,10.4,10.4,10.4,10.4,10.4,10.4,10.4,10.4,10.4,10.4,10.4,10.4,10.4,Dropout
1120,5703.904,356.065,633.479,410.282,239.113,371.689,7.8,365.10200000000003,383.09499999999997,363.00000000000006,340.116,443.51099999999997,463.661,482.76500000000004,250.64599999999996,282.922,277.881,7.8,322.51800000000003,95.35499999999999,146.476,86.85400000000001,194.311,142.388,269.165,7.8,195.962,153.62300000000002,243.457,558.7950000000001,Pass
1121,1776.072,175.452,128.02499999999998,91.48400000000001,69.07499999999999,47.206999999999994,10.4,183.407,151.524,196.79699999999997,32.449,157.93499999999997,106.46499999999999,117.864,56.757,157.942,84.872,10.4,295.96299999999997,99.68799999999999,102.031,100.18599999999999,34.467,92.852,89.756,10.4,177.72400000000002,63.349999999999994,137.553,185.73299999999998,Pass
1122,1311.44,80.408,105.467,195.365,108.102,95.19200000000001,10.4,130.95,164.026,110.705,49.041999999999994,54.534000000000006,72.465,66.71100000000001,125.68099999999998,10.4,10.4,10.4,188.011,80.49900000000001,91.614,62.60900000000001,65.584,101.951,93.98,10.4,97.51599999999999,80.459,106.627,248.898,Pass
1123,541.208,95.79599999999999,83.931,204.761,67.859,88.87299999999999,10.4,10.4,10.4,10.4,80.917,10.4,10.4,10.4,10.4,10.4,10.4,10.4,10.4,10.4,10.4,10.4,10.4,10.4,10.4,10.4,10.4,10.4,10.4,149.20900000000003,Dropout
1124,54.417,10.4,10.4,10.4,10.4,10.4,10.4,10.4,10.4,10.4,10.4,10.4,10.4,10.4,10.4,10.4,10.4,10.4,10.4,10.4,10.4,10.4,10.4,10.4,10.4,10.4,10.4,10.4,10.4,10.4,Dropout
1125,92.283,65.793,10.4,10.4,10.4,10.4,10.4,10.4,10.4,10.4,10.4,10.4,10.4,10.4,10.4,10.4,10.4,10.4,10.4,10.4,10.4,10.4,10.4,10.4,10.4,10.4,10.4,10.4,10.4,145.942,Fail
1126,1097.2309999999998,137.043,115.75,206.615,124.741,193.378,10.4,182.80399999999997,82.92,108.15,71.886,111.096,80.92,83.695,69.74600000000001,88.005,106.396,10.4,147.803,86.604,114.29400000000001,66.03399999999999,99.504,42.137,25.241999999999997,10.4,77.513,106.39999999999999,54.717,311.854,Pass
1127,422.8349999999999,81.662,95.714,80.316,22.669999999999998,10.4,10.4,10.4,10.4,10.4,10.4,10.4,10.4,10.4,10.4,10.4,10.4,10.4,105.74300000000001,10.4,10.4,10.4,10.4,10.4,10.4,10.4,10.4,10.4,10.4,143.817,Dropout
1128,51.81700000000001,7.8,7.8,7.8,7.8,7.8,7.8,7.8,7.8,7.8,7.8,7.8,7.8,7.8,7.8,7.8,7.8,7.8,7.8,7.8,7.8,7.8,7.8,7.8,7.8,7.8,7.8,7.8,7.8,7.8,Dropout
1129,1398.7419999999997,152.848,128.798,254.06599999999997,106.776,217.34,10.4,181.773,350.85999999999996,303.06600000000003,206.42200000000003,245.28500000000003,150.16500000000002,158.017,144.50900000000001,125.433,126.78699999999999,10.4,249.80999999999997,121.315,157.307,114.44299999999998,68.604,50.626000000000005,37.601,10.4,75.336,55.416999999999994,44.717,334.05699999999996,Pass
1130,1265.02,182.19700000000003,104.018,116.57600000000001,112.57499999999999,10.4,10.4,157.47,178.316,192.33,86.058,118.53,142.363,114.76899999999999,157.382,85.692,57.051,10.4,275.849,85.129,160.094,82.119,108.313,93.577,78.82,10.4,47.815,43.816,132.843,266.798,Pass
1131,1260.1699999999998,63.916999999999994,10.4,78.753,94.365,10.4,10.4,10.4,27.938000000000002,10.4,10.4,10.4,10.4,10.4,10.4,10.4,10.4,10.4,100.042,10.4,26.312,10.4,10.4,10.4,10.4,10.4,10.4,10.4,10.4,10.4,Fail
1132,493.791,158.426,160.56400000000002,65.391,33.509,10.4,10.4,10.4,10.4,10.4,10.4,10.4,10.4,10.4,10.4,10.4,10.4,10.4,10.4,10.4,10.4,10.4,10.4,10.4,10.4,10.4,10.4,10.4,10.4,10.4,Dropout
1133,1615.4340000000002,124.18299999999999,135.076,133.063,89.75299999999999,143.964,10.4,115.41199999999999,80.601,123.847,112.57600000000001,87.39699999999999,120.67500000000001,166.478,97.462,92.384,67.307,10.4,295.608,94.72,150.46200000000002,84.585,52.592,82.113,10.4,10.4,56.929,51.559,81.147,277.029,Pass
1134,1494.211,115.35300000000001,99.451,245.14799999999997,120.156,242.18,10.4,176.62,76.015,26.516999999999996,103.831,103.77299999999998,52.583,73.29,32.486,10.4,10.4,10.4,48.811,10.4,46.421,10.4,10.4,10.4,10.4,10.4,10.4,10.4,10.4,159.304,Fail
1135,1067.617,146.118,113.89500000000001,198.71599999999998,143.087,164.657,10.4,186.149,150.048,96.928,127.943,100.32,99.138,82.113,105.92699999999999,109.595,111.876,10.4,67.405,62.82099999999999,122.779,86.01599999999999,90.04,100.759,87.46600000000001,10.4,79.44200000000001,79.417,83.626,124.62699999999998,Pass
1136,2829.588,141.81099999999998,57.266999999999996,204.51599999999996,117.366,175.779,10.4,194.72000000000003,172.995,142.028,156.989,151.544,251.78300000000002,204.344,172.60899999999998,188.22,55.534000000000006,10.4,288.476,121.715,152.439,145.72,126.588,170.128,128.897,10.4,104.39399999999999,63.02599999999999,188.404,293.976,Pass
1137,2881.5280000000002,112.255,131.22,171.081,113.97399999999999,180.25900000000001,10.4,156.447,145.523,76.10300000000001,130.182,159.42399999999998,160.15,172.807,126.334,140.696,67.477,10.4,426.889,161.89100000000002,192.895,121.816,59.626000000000005,118.703,97.354,10.4,58.815999999999995,10.4,79.864,281.15,Pass
1138,2762.9930000000004,359.587,376.63100000000003,256.243,122.10600000000001,309.43800000000005,10.4,277.228,278.784,346.383,183.121,240.35399999999998,232.19,270.638,197.498,175.247,92.817,10.4,302.47299999999996,109.97900000000001,142.106,111.069,107.024,112.32600000000001,135.303,10.4,121.808,93.54299999999999,151.361,390.776,Pass
1139,1609.9869999999999,243.785,236.17000000000002,123.053,118.18299999999999,171.537,10.4,95.29,103.914,116.31900000000002,56.834,99.22999999999999,70.348,72.335,89.051,80.333,10.4,10.4,275.085,92.59200000000001,68.937,98.787,10.4,71.986,38.865,10.4,40.809000000000005,10.4,43.712,221.24099999999999,Pass
1140,2290.312,100.934,-2.1160000000000014,55.04,75.562,10.4,10.4,79.798,124.812,116.448,137.38,99.041,139.245,171.05100000000002,155.445,84.23700000000001,65.735,10.4,478.289,194.639,222.241,147.013,83.088,205.207,162.208,10.4,88.418,96.652,172.51899999999998,255.64,Pass
1141,3893.0959999999995,200.574,177.541,225.677,174.725,237.93,10.4,172.39,196.143,192.48400000000004,165.018,184.03199999999998,155.274,107.16099999999999,118.69900000000001,111.318,114.78699999999999,10.4,324.526,75.965,98.412,76.896,83.458,136.619,103.541,10.4,129.15,98.248,146.442,345.09,Pass
1142,1815.5879999999997,101.351,128.60399999999998,209.08100000000002,95.476,147.277,10.4,186.254,103.245,97.22299999999998,30.884,32.858999999999995,163.549,151.185,153.903,67.255,10.4,10.4,183.708,124.67800000000001,159.43300000000002,124.40299999999999,10.4,108.56199999999998,90.767,10.4,10.4,46.916999999999994,137.691,152.292,Pass
1143,54.417,10.4,10.4,10.4,10.4,10.4,10.4,10.4,10.4,10.4,10.4,10.4,10.4,10.4,10.4,10.4,10.4,10.4,10.4,10.4,10.4,10.4,10.4,10.4,10.4,10.4,10.4,10.4,10.4,10.4,Dropout
1144,54.417,10.4,10.4,10.4,10.4,10.4,10.4,10.4,10.4,10.4,10.4,10.4,10.4,10.4,10.4,10.4,10.4,10.4,10.4,10.4,10.4,10.4,10.4,10.4,10.4,10.4,10.4,10.4,10.4,10.4,Dropout
1145,1306.029,116.929,10.4,32.269,30.083,103.711,10.4,129.62900000000002,36.17,47.402,87.389,84.876,64.017,71.125,123.96000000000001,49.609,49.584,10.4,82.683,42.212,98.82700000000001,42.81699999999999,73.345,98.78899999999999,10.4,10.4,62.983999999999995,57.959,100.17500000000001,53.501,Pass
1146,334.02099999999996,99.79100000000001,10.4,10.4,28.676000000000002,10.4,10.4,10.4,10.4,10.4,10.4,10.4,10.4,10.4,10.4,10.4,10.4,10.4,10.4,10.4,10.4,10.4,10.4,10.4,10.4,10.4,10.4,10.4,10.4,10.4,Fail
1147,348.16999999999996,109.29200000000002,9.509,10.4,84.20500000000001,10.4,10.4,55.56700000000001,31.247,10.4,10.4,10.4,10.4,10.4,10.4,10.4,10.4,10.4,10.4,10.4,10.4,10.4,10.4,10.4,10.4,10.4,10.4,10.4,10.4,10.4,Fail
1148,1806.691,117.90799999999999,140.21300000000002,151.73600000000002,96.87199999999999,189.82299999999998,10.4,167.68099999999998,138.47799999999998,99.465,10.4,102.79400000000001,-10.458,72.247,39.575,56.885,52.559000000000005,10.4,217.49099999999999,10.4,66.779,10.4,39.65899999999999,38.183,10.4,10.4,42.767,79.64200000000001,58.28,264.201,Pass
1149,1659.9719999999998,-39.783,120.436,155.012,75.648,181.437,10.4,164.51500000000001,177.73899999999998,118.67,77.734,215.041,191.51600000000002,162.008,136.203,159.837,97.323,10.4,179.777,114.363,179.597,124.39900000000002,85.554,80.569,72.02300000000001,10.4,43.598,10.4,63.934,265.222,Pass
1150,54.417,10.4,10.4,10.4,10.4,10.4,10.4,10.4,10.4,10.4,10.4,10.4,10.4,10.4,10.4,10.4,10.4,10.4,10.4,10.4,10.4,10.4,10.4,10.4,10.4,10.4,10.4,10.4,10.4,10.4,Dropout
1151,587.756,119.12899999999999,92.987,10.4,31.837999999999997,50.19199999999999,10.4,59.141999999999996,32.243,10.4,10.4,10.4,10.4,10.4,10.4,10.4,10.4,10.4,125.06799999999998,10.4,10.4,10.4,10.4,10.4,10.4,10.4,10.4,10.4,10.4,155.93400000000003,Fail
1152,4081.408,271.933,321.36199999999997,323.091,112.19,326.93699999999995,10.4,266.086,256.78,229.098,203.25,222.22400000000002,208.034,268.33299999999997,183.337,182.89100000000002,74.878,10.4,481.322,206.061,231.384,187.642,169.838,187.64199999999997,163.921,10.4,212.214,166.956,194.59199999999998,566.072,Pass
1153,2474.3720000000003,128.73000000000002,158.72899999999998,197.776,120.24700000000001,188.983,10.4,240.55900000000003,178.98899999999998,134.758,182.575,104.014,197.48600000000002,216.656,185.656,102.15800000000002,54.684000000000005,10.4,325.88,200.20499999999998,202.284,133.127,101.62499999999999,142.645,162.53100000000003,10.4,76.882,88.757,206.176,343.48299999999995,Pass
1154,54.417,10.4,10.4,10.4,10.4,10.4,10.4,10.4,10.4,10.4,10.4,10.4,10.4,10.4,10.4,10.4,10.4,10.4,10.4,10.4,10.4,10.4,10.4,10.4,10.4,10.4,10.4,10.4,10.4,10.4,Dropout
1155,366.625,99.36999999999999,10.4,66.717,74.059,75.013,10.4,10.4,10.4,10.4,10.4,10.4,10.4,10.4,10.4,10.4,10.4,10.4,10.4,10.4,10.4,10.4,10.4,10.4,10.4,10.4,10.4,10.4,10.4,10.4,Fail
1156,1394.676,117.68200000000002,145.67700000000002,205.782,129.412,148.31799999999998,10.4,169.81,114.87499999999999,167.5,116.938,108.468,116.75399999999999,76.012,117.906,73.526,57.542,10.4,199.20499999999998,102.40099999999998,131.532,107.62899999999999,32.459,52.358000000000004,30.092,10.4,128.719,43.24199999999999,85.084,277.89799999999997,Pass
1157,2782.001,92.55799999999999,161.373,202.31799999999998,121.887,243.08300000000003,10.4,252.91200000000003,337.125,284.356,314.107,440.084,216.296,202.98899999999998,191.03199999999998,210.04700000000003,161.552,10.4,274.176,203.615,184.711,144.658,158.89299999999997,147.793,120.356,10.4,172.582,141.266,177.087,362.90500000000003,Pass
1158,54.417,10.4,10.4,10.4,10.4,10.4,10.4,10.4,10.4,10.4,10.4,10.4,10.4,10.4,10.4,10.4,10.4,10.4,10.4,10.4,10.4,10.4,10.4,10.4,10.4,10.4,10.4,10.4,10.4,10.4,Dropout
1159,393.46799999999996,74.143,84.651,54.992,36.614,30.609,10.4,37.042,95.636,105.80499999999999,10.4,10.4,51.592,10.4,10.4,10.4,10.4,10.4,102.768,10.4,10.4,10.4,10.4,10.4,10.4,10.4,10.4,10.4,10.4,142.692,Fail
1160,444.654,75.94,72.63,84.358,75.143,123.76299999999999,10.4,70.53,127.283,85.023,10.4,10.4,63.067,10.4,10.4,10.4,10.4,10.4,10.4,10.4,10.4,10.4,10.4,10.4,10.4,10.4,10.4,10.4,10.4,10.4,Fail
1161,54.417,10.4,10.4,10.4,10.4,10.4,10.4,10.4,10.4,10.4,10.4,10.4,10.4,10.4,10.4,10.4,10.4,10.4,10.4,10.4,10.4,10.4,10.4,10.4,10.4,10.4,10.4,10.4,10.4,10.4,Dropout
1162,2206.474,128.856,83.88799999999999,161.34199999999998,104.388,80.47999999999999,10.4,123.16399999999999,104.28800000000001,74.978,66.608,84.517,186.79,143.542,163.28900000000002,90.382,10.4,10.4,205.76100000000005,131.256,181.67499999999998,127.13799999999999,71.222,195.885,192.05399999999997,10.4,73.301,69.721,227.722,307.967,Pass
1163,2081.929,153.50300000000001,288.506,185.948,146.085,118.333,10.4,79.81,186.18,86.611,92.375,103.839,-10.733,67.03,27.375999999999998,-0.29100000000000215,2.6839999999999993,10.4,289.031,115.303,127.231,136.31,122.342,108.63999999999999,91.547,10.4,90.89000000000001,53.758,58.66499999999999,309.925,Pass
1164,54.417,10.4,10.4,10.4,10.4,10.4,10.4,10.4,10.4,10.4,10.4,10.4,10.4,10.4,10.4,10.4,10.4,10.4,10.4,10.4,10.4,10.4,10.4,10.4,10.4,10.4,10.4,10.4,10.4,10.4,Dropout
1165,1799.367,75.15899999999999,123.713,189.565,120.198,188.84399999999997,10.4,169.15099999999998,144.702,40.542,99.33299999999998,53.559,148.485,116.08100000000002,120.122,55.384,10.4,10.4,289.293,123.886,161.186,118.351,97.233,111.315,94.28999999999999,10.4,67.99099999999999,78.009,91.17500000000001,266.671,Pass
1166,2446.858,175.243,138.067,207.996,149.46699999999998,191.42700000000002,10.4,159.71699999999998,254.723,174.648,264.08899999999994,148.56,114.34699999999998,119.18799999999999,140.651,142.412,122.241,10.4,343.26,108.589,131.163,95.143,124.31399999999998,116.20700000000001,123.798,10.4,100.05299999999998,73.583,157.80399999999997,201.198,Pass
1167,60.896,10.4,10.4,10.4,10.4,10.4,10.4,10.4,10.4,10.4,10.4,10.4,10.4,10.4,10.4,10.4,10.4,10.4,10.4,10.4,10.4,10.4,10.4,10.4,10.4,10.4,10.4,10.4,10.4,10.4,Dropout
1168,1213.106,108.111,60.268,215.979,86.492,62.576,10.4,68.66,117.87700000000001,57.542,10.4,50.709,10.4,71.697,73.084,10.4,10.4,10.4,97.355,69.27699999999999,108.139,10.4,10.4,10.4,10.4,10.4,10.4,10.4,39.233999999999995,278.944,Pass
1169,54.417,10.4,10.4,10.4,10.4,10.4,10.4,10.4,10.4,10.4,10.4,10.4,10.4,10.4,10.4,10.4,10.4,10.4,10.4,10.4,10.4,10.4,10.4,10.4,10.4,10.4,10.4,10.4,10.4,10.4,Dropout
1170,127.498,78.37700000000001,10.4,10.4,10.4,10.4,10.4,10.4,10.4,10.4,10.4,10.4,10.4,10.4,10.4,10.4,10.4,10.4,10.4,10.4,10.4,10.4,10.4,10.4,10.4,10.4,10.4,10.4,10.4,10.4,Dropout
1171,1759.1779999999999,280.76099999999997,180.38299999999998,91.39500000000001,35.003,26.009,10.4,10.4,145.166,85.93799999999999,-2.237,220.053,100.586,87.26100000000001,77.013,80.655,92.14200000000001,10.4,121.18500000000002,75.982,120.157,77.502,148.679,23.967,40.817,10.4,54.565,39.867000000000004,164.88,169.531,Pass
1172,54.417,10.4,10.4,10.4,10.4,10.4,10.4,10.4,10.4,10.4,10.4,10.4,10.4,10.4,10.4,10.4,10.4,10.4,10.4,10.4,10.4,10.4,10.4,10.4,10.4,10.4,10.4,10.4,10.4,10.4,Dropout
1173,691.2,76.72200000000001,64.31,50.068999999999996,28.418999999999997,7.8,7.8,7.8,33.804,7.8,7.8,7.8,7.8,7.8,7.8,7.8,7.8,7.8,108.66799999999999,7.8,7.8,7.8,7.8,7.8,7.8,7.8,7.8,7.8,7.8,7.8,Fail
1174,54.417,10.4,10.4,10.4,10.4,10.4,10.4,10.4,10.4,10.4,10.4,10.4,10.4,10.4,10.4,10.4,10.4,10.4,10.4,10.4,10.4,10.4,10.4,10.4,10.4,10.4,10.4,10.4,10.4,10.4,Dropout
1175,2442.802,143.977,156.45399999999998,252.78299999999996,144.649,305.16999999999996,10.4,294.94,275.176,120.34699999999998,196.58300000000003,152.573,211.132,81.99799999999999,93.038,67.53399999999999,86.732,10.4,443.874,140.851,252.213,89.816,105.90499999999999,121.63999999999999,87.558,10.4,78.87599999999999,59.788999999999994,168.612,294.422,Pass
1176,54.417,10.4,10.4,10.4,10.4,10.4,10.4,10.4,10.4,10.4,10.4,10.4,10.4,10.4,10.4,10.4,10.4,10.4,10.4,10.4,10.4,10.4,10.4,10.4,10.4,10.4,10.4,10.4,10.4,10.4,Dropout
1177,388.104,70.485,61.909000000000006,73.395,29.585,10.4,10.4,10.4,10.4,10.4,10.4,10.4,10.4,10.4,10.4,10.4,10.4,10.4,10.4,10.4,10.4,10.4,10.4,10.4,10.4,10.4,10.4,10.4,10.4,138.717,Dropout
1178,1824.719,59.784000000000006,10.4,107.003,103.08899999999998,101.128,10.4,76.372,86.17,10.4,10.4,51.559,87.667,80.012,70.42,78.60900000000001,10.4,10.4,182.624,59.87299999999999,101.63600000000001,10.4,10.4,10.4,10.4,10.4,10.4,10.4,10.4,155.806,Fail
1179,3847.8990000000003,280.475,370.11199999999997,243.70499999999998,139.868,246.57899999999998,10.4,220.388,388.13300000000004,364.65200000000004,245.80100000000002,373.771,264.544,229.024,235.50400000000002,265.839,228.568,10.4,396.98199999999997,206.22699999999998,261.544,175.203,213.70700000000005,189.686,175.49400000000003,10.4,253.34199999999998,152.034,286.988,519.7510000000001,Pass
1180,60.528000000000006,10.4,10.4,10.4,10.4,10.4,10.4,10.4,10.4,10.4,10.4,10.4,10.4,10.4,10.4,10.4,10.4,10.4,10.4,10.4,10.4,10.4,10.4,10.4,10.4,10.4,10.4,10.4,10.4,10.4,Dropout
1181,93.13300000000001,68.768,10.4,10.4,10.4,10.4,10.4,10.4,10.4,10.4,10.4,10.4,10.4,10.4,10.4,10.4,10.4,10.4,10.4,10.4,10.4,10.4,10.4,10.4,10.4,10.4,10.4,10.4,10.4,10.4,Dropout
1182,58.900000000000006,10.4,10.4,10.4,10.4,10.4,10.4,10.4,10.4,10.4,10.4,10.4,10.4,10.4,10.4,10.4,10.4,10.4,10.4,10.4,10.4,10.4,10.4,10.4,10.4,10.4,10.4,10.4,10.4,10.4,Dropout
1183,247.284,10.4,10.4,57.117,10.4,10.4,10.4,10.4,10.4,10.4,10.4,10.4,10.4,10.4,10.4,10.4,10.4,10.4,10.4,10.4,10.4,10.4,10.4,10.4,10.4,10.4,10.4,10.4,10.4,10.4,Fail
1184,276.689,74.328,10.4,10.4,10.4,10.4,10.4,10.4,10.4,10.4,10.4,10.4,10.4,10.4,10.4,10.4,10.4,10.4,10.4,10.4,10.4,10.4,10.4,10.4,10.4,10.4,10.4,10.4,10.4,146.63400000000001,Dropout
1185,1515.5819999999999,115.006,162.49399999999997,115.60399999999998,114.55199999999999,111.801,10.4,119.55299999999998,75.224,44.092,66.467,59.75500000000001,181.22299999999998,61.272000000000006,73.773,92.565,10.4,10.4,187.04500000000002,47.708,87.589,37.983000000000004,47.882,10.4,28.817,10.4,41.905,10.4,73.855,151.805,Pass
1186,1172.483,135.345,134.26000000000002,200.74299999999997,96.97500000000001,179.158,10.4,63.129999999999995,10.4,10.4,10.4,10.4,10.4,10.4,10.4,10.4,10.4,10.4,10.4,10.4,10.4,10.4,10.4,10.4,10.4,10.4,10.4,10.4,10.4,160.05,Dropout
1187,55.071000000000005,56.217,7.8,7.8,7.8,7.8,7.8,7.8,7.8,7.8,7.8,7.8,7.8,7.8,7.8,7.8,7.8,7.8,7.8,7.8,7.8,7.8,7.8,7.8,7.8,7.8,7.8,7.8,7.8,7.8,Fail
1188,1170.9109999999998,68.859,131.195,122.333,69.86699999999999,113.567,10.4,103.262,120.847,8.384,10.4,51.983999999999995,109.043,58.425000000000004,38.33,76.375,73.13399999999999,10.4,163.706,73.871,148.16199999999998,102.69899999999998,78.607,38.742000000000004,10.4,10.4,47.184000000000005,33.742,101.243,269.283,Pass
1189,374.811,10.4,10.4,140.63400000000001,96.75,143.137,10.4,96.551,36.785,10.4,69.134,10.4,10.4,10.4,10.4,10.4,10.4,10.4,10.4,10.4,10.4,10.4,10.4,10.4,10.4,10.4,10.4,10.4,10.4,151.784,Dropout
1190,4912.379999999999,215.348,269.764,271.669,90.467,332.09099999999995,7.8,314.29200000000003,304.63000000000005,485.47800000000007,321.992,447.639,276.565,315.024,172.646,341.59,191.727,7.8,770.136,253.095,251.592,223.08999999999997,208.75099999999998,235.64500000000004,281.998,7.8,278.907,210.561,276.832,470.679,Pass
1191,550.5409999999999,10.4,91.82,10.4,34.123999999999995,10.4,10.4,10.4,36.902,10.4,10.4,10.4,31.792,56.369,42.209,10.4,10.4,10.4,10.4,10.4,45.512,10.4,10.4,10.4,10.4,10.4,10.4,10.4,10.4,80.06700000000001,Fail
1192,340.283,107.453,56.184000000000005,7.8,28.037999999999997,7.8,7.8,7.8,7.8,7.8,7.8,7.8,7.8,7.8,7.8,7.8,7.8,7.8,101.443,7.8,7.8,7.8,7.8,7.8,7.8,7.8,7.8,7.8,7.8,139.942,Dropout
1193,349.853,123.13300000000001,66.21000000000001,10.4,10.4,10.4,10.4,10.4,10.4,10.4,10.4,10.4,10.4,10.4,10.4,10.4,10.4,10.4,104.892,10.4,10.4,10.4,10.4,10.4,10.4,10.4,10.4,10.4,10.4,156.359,Dropout
1194,226.421,60.69599999999999,10.4,10.4,26.537,10.4,10.4,10.4,30.808999999999997,10.4,10.4,10.4,10.4,10.4,10.4,10.4,10.4,10.4,10.4,10.4,10.4,10.4,10.4,10.4,10.4,10.4,10.4,10.4,10.4,10.4,Dropout
1195,3320.0690000000004,433.25,529.13,354.566,133.343,332.46299999999997,7.8,251.80100000000004,278.366,460.65,226.94099999999997,421.837,320.709,375.907,339.16999999999996,561.435,313.06600000000003,7.8,464.514,275.494,293.663,375.53600000000006,204.53500000000003,213.695,154.79,7.8,29.442,38.451,51.623000000000005,201.132,Dropout
1196,2315.5930000000003,141.015,127.66,351.815,97.077,273.036,10.4,186.428,178.308,132.293,132.81099999999998,132.327,210.534,138.863,120.849,105.066,4.534,10.4,214.691,97.01700000000001,94.058,79.001,97.492,96.013,113.348,10.4,91.491,55.777,135.695,508.064,Pass
1197,1384.2289999999998,98.749,163.10199999999998,237.31599999999997,152.328,233.37699999999998,10.4,124.021,155.74200000000002,167.37699999999998,99.679,118.673,114.21900000000001,114.824,76.73400000000001,82.767,10.4,10.4,281.335,118.963,88.69800000000001,36.637,55.43899999999999,79.019,36.217,10.4,54.35,10.4,97.134,141.167,Pass
1198,1140.381,211.416,272.017,176.05599999999998,136.63799999999998,-20.838,10.4,-19.345,208.71599999999998,78.783,80.55799999999999,10.4,-7.366000000000001,-4.908000000000001,10.4,30.505,3.533999999999999,10.4,179.422,9.941999999999998,70.777,10.4,35.984,64.271,46.391999999999996,10.4,36.859,10.4,54.116,131.75199999999998,Pass
1199,1424.269,288.13599999999997,161.54000000000002,156.742,101.643,108.446,7.8,73.17099999999999,33.072,99.852,83.957,93.312,91.93900000000001,59.727000000000004,71.862,77.423,40.484,7.8,127.11,43.891999999999996,103.77,7.8,7.8,7.8,7.8,7.8,7.8,7.8,7.8,7.8,Dropout
1200,54.417,10.4,10.4,10.4,10.4,10.4,10.4,10.4,10.4,10.4,10.4,10.4,10.4,10.4,10.4,10.4,10.4,10.4,10.4,10.4,10.4,10.4,10.4,10.4,10.4,10.4,10.4,10.4,10.4,10.4,Dropout
1201,1824.6740000000002,169.872,168.157,169.059,98.946,154.12900000000002,10.4,82.48400000000001,130.81599999999997,96.152,108.125,85.98,136.554,132.265,138.644,172.31099999999998,77.789,10.4,202.34600000000003,139.217,127.48599999999999,71.538,57.944,36.759,10.4,10.4,10.4,10.4,54.267,222.02399999999997,Pass
1202,68.458,10.4,10.4,10.4,10.4,10.4,10.4,10.4,10.4,10.4,10.4,10.4,10.4,10.4,10.4,10.4,10.4,10.4,10.4,10.4,10.4,10.4,10.4,10.4,10.4,10.4,10.4,10.4,10.4,10.4,Dropout
1203,1298.475,178.31199999999998,71.146,140.744,106.723,124.12599999999999,10.4,81.143,40.198,176.67600000000002,32.759,102.55199999999999,120.03699999999999,50.659,77.25200000000001,131.667,46.56,10.4,17.892,41.867000000000004,61.3,32.817,42.309,52.19,57.287,10.4,82.08099999999999,50.666999999999994,111.51400000000001,93.74799999999999,Pass
1204,2266.599,103.383,128.076,188.042,118.088,213.27300000000002,10.4,170.35,187.395,135.991,177.633,187.804,181.29399999999998,158.30200000000002,142.057,135.765,151.04399999999998,10.4,244.306,164.46499999999997,179.201,173.327,119.863,157.66000000000003,142.776,10.4,135.04,124.19999999999999,150.401,368.45399999999995,Pass
1205,2201.1349999999998,107.575,121.595,163.517,98.757,166.089,10.4,117.253,70.347,88.57900000000001,105.79400000000001,86.528,162.18,166.887,135.01500000000001,69.10900000000001,10.4,10.4,281.351,91.392,121.554,103.16799999999999,48.617,132.944,59.855000000000004,10.4,51.208,57.708999999999996,110.557,436.645,Pass
1206,1064.11,112.256,93.555,83.342,84.899,75.588,10.4,10.4,54.513,81.098,32.467,120.93099999999998,109.337,145.45499999999998,117.297,67.80699999999999,10.4,10.4,70.13000000000001,10.4,39.011,10.4,68.167,10.4,10.4,10.4,10.4,10.4,10.4,145.21900000000002,Dropout
1207,1274.91,122.16,99.668,141.203,31.016,36.714,10.4,37.211999999999996,27.121999999999996,101.236,125.233,100.959,120.94800000000001,97.981,71.36699999999999,104.70100000000001,65.009,10.4,252.738,34.891999999999996,49.495999999999995,81.413,20.442,22.417,25.392000000000003,10.4,93.75900000000001,10.4,10.4,181.484,Fail
1208,1113.2849999999999,124.99099999999999,60.092,82.809,114.39800000000001,90.473,10.4,71.594,74.899,67.748,10.4,59.37100000000001,104.048,70.17599999999999,87.713,43.092,49.734,10.4,207.237,31.616999999999997,37.019,10.4,10.4,10.4,10.4,10.4,31.616999999999997,10.4,66.856,293.09499999999997,Pass
1209,700.382,68.70600000000002,86.307,154.742,117.762,190.55,10.4,151.03799999999998,39.332,50.034000000000006,54.36899999999999,54.60499999999999,10.4,10.4,43.94,10.4,10.4,10.4,102.34299999999999,10.4,10.4,10.4,10.4,10.4,10.4,10.4,10.4,10.4,10.4,135.317,Dropout
1210,360.297,51.467,58.051,61.509,80.58600000000001,10.4,10.4,71.40899999999999,81.554,10.4,10.4,10.4,37.709,10.4,38.783,10.4,10.4,10.4,10.4,10.4,10.4,10.4,10.4,10.4,10.4,10.4,10.4,10.4,10.4,10.4,Dropout
1211,3718.224,195.98,155.888,185.459,146.271,186.69199999999998,10.4,153.32799999999997,235.765,181.164,126.798,277.32,144.913,133.01099999999997,147.526,127.501,112.191,10.4,319.02099999999996,135.571,171.159,153.72,172.09300000000002,161.256,181.19700000000003,10.4,176.893,160.48399999999998,214.69,379.35300000000007,Pass
1212,455.104,52.726000000000006,10.4,56.69199999999999,79.084,64.59700000000001,10.4,10.4,34.295,61.334,10.4,10.4,10.4,10.4,10.4,10.4,10.4,10.4,10.4,10.4,10.4,10.4,10.4,10.4,10.4,10.4,10.4,10.4,10.4,10.4,Dropout
1213,110.509,10.4,10.4,10.4,10.4,10.4,10.4,10.4,10.4,10.4,10.4,10.4,10.4,10.4,10.4,10.4,10.4,10.4,10.4,10.4,10.4,10.4,10.4,10.4,10.4,10.4,10.4,10.4,10.4,10.4,Dropout
1214,1068.695,189.54999999999998,217.53199999999998,135.067,106.276,72.46300000000001,10.4,-21.508000000000003,134.33,127.435,32.434,68.87500000000001,47.919,67.894,41.012,10.4,51.284000000000006,10.4,188.866,95.058,88.30499999999999,87.70899999999999,77.684,47.869,53.843999999999994,10.4,72.90599999999999,45.75900000000001,62.842,246.90099999999998,Pass
1215,2229.5860000000002,107.66699999999999,123.33500000000001,229.959,95.77699999999999,239.813,10.4,198.589,136.01500000000001,138.73,158.867,188.461,210.12199999999999,165.269,135.09699999999998,81.778,10.4,10.4,321.729,110.068,145.341,167.824,41.967,126.57199999999999,135.421,10.4,118.32499999999999,107.743,167.56900000000002,280.959,Pass
1216,1342.246,136.818,133.415,122.11599999999999,112.763,113.527,7.8,118.301,212.187,199.86599999999999,105.41,128.231,123.99600000000001,160.087,67.337,77.251,35.809000000000005,7.8,150.094,73.363,114.37100000000001,43.81699999999999,35.93,61.161,36.251,7.8,67.779,49.044,70.379,130.29,Pass
1217,3153.149,137.561,214.113,234.54500000000002,95.319,217.441,10.4,229.545,188.73600000000002,123.605,148.759,147.829,196.96,184.224,147.914,90.325,75.252,10.4,300.841,91.016,116.381,79.295,90.23700000000001,74.868,56.037000000000006,10.4,10.4,38.534000000000006,77.892,278.18600000000004,Pass
1218,1636.3459999999998,90.964,139.162,184.524,122.109,167.37,7.8,177.572,180.811,206.13,152.823,45.42100000000001,126.27600000000001,56.178999999999995,91.49600000000001,51.012,7.8,7.8,7.8,7.8,7.8,7.8,7.8,7.8,7.8,7.8,7.8,7.8,7.8,123.367,Fail
1219,54.417,10.4,10.4,10.4,10.4,10.4,10.4,10.4,10.4,10.4,10.4,10.4,10.4,10.4,10.4,10.4,10.4,10.4,10.4,10.4,10.4,10.4,10.4,10.4,10.4,10.4,10.4,10.4,10.4,10.4,Dropout
1220,171.284,54.992,10.4,10.4,10.4,10.4,10.4,10.4,10.4,10.4,10.4,10.4,10.4,10.4,10.4,10.4,10.4,10.4,10.4,10.4,10.4,10.4,10.4,10.4,10.4,10.4,10.4,10.4,10.4,10.4,Dropout
1221,439.845,58.084,79.22899999999998,69.459,10.4,67.89200000000001,10.4,10.4,10.4,10.4,10.4,10.4,10.4,10.4,10.4,10.4,10.4,10.4,10.4,10.4,10.4,10.4,10.4,10.4,10.4,10.4,10.4,10.4,10.4,161.15900000000002,Dropout
1222,555.059,90.351,65.026,28.137,80.84100000000001,33.792,10.4,35.742,62.638999999999996,58.254999999999995,42.666999999999994,55.675999999999995,56.16799999999999,10.4,32.309,10.4,10.4,10.4,10.4,10.4,27.938000000000002,75.39200000000001,78.367,10.4,10.4,10.4,10.4,10.4,10.4,10.4,Fail
1223,611.713,69.85,64.366,148.24,32.309,10.4,10.4,10.4,10.4,77.94200000000001,10.4,10.4,10.4,10.4,10.4,10.4,10.4,10.4,10.4,10.4,10.4,10.4,10.4,10.4,10.4,10.4,10.4,10.4,10.4,139.99200000000002,Dropout
1224,2080.605,135.904,192.808,187.75699999999998,126.977,227.959,10.4,182.197,154.65499999999997,90.50999999999999,122.647,118.21700000000001,169.793,178.035,159.661,75.262,59.639,10.4,172.18,167.38400000000001,175.132,143.10399999999998,140.34699999999998,140.986,139.55700000000002,10.4,100.09499999999998,97.473,138.291,313.972,Pass
1225,889.155,148.937,131.807,123.562,98.0,75.785,10.4,148.938,88.78,90.592,-12.158000000000003,31.616999999999997,61.248,57.287000000000006,31.738999999999997,44.367,88.892,10.4,130.548,10.4,44.006,10.4,10.4,32.367000000000004,108.09800000000001,10.4,43.005,10.4,55.392,260.695,Pass
1226,54.417,10.4,10.4,10.4,10.4,10.4,10.4,10.4,10.4,10.4,10.4,10.4,10.4,10.4,10.4,10.4,10.4,10.4,10.4,10.4,10.4,10.4,10.4,10.4,10.4,10.4,10.4,10.4,10.4,10.4,Dropout
1227,505.80700000000013,67.382,91.816,65.757,69.67399999999999,93.551,10.4,10.4,32.42,10.4,10.4,10.4,41.317,43.809,38.711,10.4,10.4,10.4,10.4,10.4,38.513,10.4,10.4,10.4,10.4,10.4,10.4,10.4,10.4,138.31699999999998,Fail
1228,90.28200000000001,75.226,10.4,10.4,10.4,10.4,10.4,10.4,10.4,10.4,10.4,10.4,10.4,10.4,10.4,10.4,10.4,10.4,10.4,10.4,10.4,10.4,10.4,10.4,10.4,10.4,10.4,10.4,10.4,10.4,Dropout
1229,586.87,89.553,67.75,67.786,75.574,58.034,7.8,7.8,87.45500000000001,75.858,7.8,54.776999999999994,7.8,7.8,33.24,7.8,7.8,7.8,7.8,7.8,7.8,7.8,7.8,7.8,7.8,7.8,7.8,7.8,7.8,135.267,Dropout
1230,54.417,10.4,10.4,10.4,10.4,10.4,10.4,10.4,10.4,10.4,10.4,10.4,10.4,10.4,10.4,10.4,10.4,10.4,10.4,10.4,10.4,10.4,10.4,10.4,10.4,10.4,10.4,10.4,10.4,10.4,Dropout
1231,3043.683,278.673,148.148,401.946,113.33700000000002,274.34000000000003,10.4,229.12800000000001,227.438,202.252,339.23,294.324,239.18599999999998,202.84300000000002,159.918,207.194,112.184,10.4,421.424,125.88499999999999,202.51,132.78199999999998,121.52400000000002,149.317,98.16300000000001,10.4,115.0,111.006,145.603,435.959,Pass
1232,1189.1039999999998,114.649,153.97000000000003,276.375,120.963,276.17499999999995,10.4,237.36100000000002,410.262,292.59000000000003,189.53300000000002,270.425,229.286,147.11700000000002,127.43700000000001,54.959,10.4,10.4,106.91900000000001,10.4,10.4,10.4,10.4,10.4,10.4,10.4,10.4,10.4,10.4,121.59100000000001,Dropout
1233,1001.322,106.243,78.98299999999999,170.74599999999998,77.03099999999999,211.632,10.4,168.265,164.404,75.968,31.308999999999997,10.4,87.833,78.541,27.143,10.4,10.4,10.4,124.44299999999998,143.386,176.31899999999996,97.71799999999999,10.4,31.458,29.387,10.4,37.409000000000006,10.4,57.81600000000001,273.79499999999996,Pass
1234,1029.267,78.688,138.659,183.36,99.99,168.67900000000003,10.4,145.31,190.314,201.06099999999998,127.87199999999999,159.027,97.68699999999998,91.291,92.734,109.20299999999999,59.33500000000001,10.4,179.18800000000002,123.407,80.697,53.684,10.4,59.634,10.4,10.4,10.4,10.4,10.4,10.4,Fail
1235,181.25600000000003,51.166999999999994,10.4,10.4,31.135999999999996,10.4,10.4,10.4,10.4,10.4,10.4,10.4,10.4,10.4,10.4,10.4,10.4,10.4,10.4,10.4,10.4,10.4,10.4,10.4,10.4,10.4,10.4,10.4,10.4,10.4,Fail
1236,54.417,10.4,10.4,10.4,10.4,10.4,10.4,10.4,10.4,10.4,10.4,10.4,10.4,10.4,10.4,10.4,10.4,10.4,10.4,10.4,10.4,10.4,10.4,10.4,10.4,10.4,10.4,10.4,10.4,10.4,Dropout
1237,850.231,121.734,97.70600000000002,174.068,96.91,181.7,10.4,149.024,185.67800000000003,56.706,10.4,53.134,172.902,99.79400000000001,117.14000000000001,94.74600000000001,10.4,10.4,10.4,10.4,10.4,10.4,10.4,10.4,10.4,10.4,10.4,10.4,10.4,174.65300000000002,Dropout
1238,684.9569999999999,188.93599999999998,60.517,153.98499999999999,81.71,126.78899999999999,10.4,84.759,10.4,10.4,10.4,10.4,10.4,10.4,10.4,10.4,10.4,10.4,10.4,10.4,10.4,10.4,10.4,10.4,10.4,10.4,10.4,10.4,10.4,176.92699999999996,Dropout
1239,2198.261,189.584,196.022,234.20700000000002,101.583,193.211,10.4,138.567,286.194,275.681,121.22299999999998,150.367,207.257,196.275,167.46,139.81099999999998,81.877,10.4,208.22299999999998,133.212,184.36199999999997,107.73899999999999,152.01,131.515,84.07000000000001,10.4,125.31099999999999,146.241,122.21000000000001,263.229,Pass
1240,657.717,182.183,232.35100000000003,117.578,95.877,49.041999999999994,10.4,68.13,79.87,10.4,63.916999999999994,10.4,10.4,10.4,10.4,10.4,10.4,10.4,114.376,10.4,10.4,10.4,10.4,10.4,10.4,10.4,10.4,10.4,10.4,157.184,Dropout
1241,424.64300000000003,93.02699999999999,68.592,60.66,68.561,10.4,10.4,10.4,33.182,10.4,10.4,10.4,10.4,10.4,10.4,10.4,10.4,10.4,10.4,10.4,10.4,10.4,10.4,10.4,10.4,10.4,10.4,10.4,10.4,10.4,Dropout
1242,2762.678,138.863,65.87700000000001,232.14299999999997,103.12700000000001,244.375,10.4,218.17900000000003,209.073,91.294,81.076,112.57,183.667,238.226,193.444,132.18200000000002,1.0169999999999977,10.4,340.241,236.688,268.099,138.29299999999998,35.867,98.14200000000001,56.328,10.4,101.096,55.528,111.697,354.573,Pass
1243,2074.824,200.36999999999995,157.84799999999998,233.399,110.286,262.883,10.4,180.638,170.644,257.264,80.621,10.4,10.4,10.4,34.271,10.4,10.4,10.4,115.518,10.4,10.4,10.4,10.4,10.4,10.4,10.4,10.4,10.4,10.4,192.27300000000002,Fail
1244,54.417,10.4,10.4,10.4,10.4,10.4,10.4,10.4,10.4,10.4,10.4,10.4,10.4,10.4,10.4,10.4,10.4,10.4,10.4,10.4,10.4,10.4,10.4,10.4,10.4,10.4,10.4,10.4,10.4,10.4,Dropout
1245,1705.465,128.35,109.669,165.243,91.118,219.07799999999997,10.4,214.58300000000003,184.493,273.342,257.504,289.531,220.34799999999998,156.877,158.789,186.45700000000002,154.732,10.4,197.49099999999999,153.841,187.039,154.13,171.63400000000001,159.673,136.702,10.4,122.693,10.4,88.125,272.567,Pass
1246,51.81700000000001,7.8,7.8,7.8,7.8,7.8,7.8,7.8,7.8,7.8,7.8,7.8,7.8,7.8,7.8,7.8,7.8,7.8,7.8,7.8,7.8,7.8,7.8,7.8,7.8,7.8,7.8,7.8,7.8,7.8,Dropout
1247,2438.1569999999997,235.832,303.75800000000004,201.372,130.626,160.302,7.8,125.631,226.76100000000002,75.373,7.8,157.731,7.8,51.567,7.8,7.8,7.8,7.8,131.362,7.8,7.8,7.8,86.434,7.8,7.8,7.8,7.8,7.8,7.8,182.161,Dropout
1248,54.417,10.4,10.4,10.4,10.4,10.4,10.4,10.4,10.4,10.4,10.4,10.4,10.4,10.4,10.4,10.4,10.4,10.4,10.4,10.4,10.4,10.4,10.4,10.4,10.4,10.4,10.4,10.4,10.4,10.4,Dropout
1249,54.417,10.4,10.4,10.4,10.4,10.4,10.4,10.4,10.4,10.4,10.4,10.4,10.4,10.4,10.4,10.4,10.4,10.4,10.4,10.4,10.4,10.4,10.4,10.4,10.4,10.4,10.4,10.4,10.4,10.4,Dropout
1250,1409.6779999999999,9.358999999999998,103.958,156.428,21.738,30.616999999999997,10.4,137.446,63.373,48.66,45.621,51.885999999999996,92.413,74.863,78.119,69.50999999999999,64.097,10.4,164.106,115.84499999999997,167.565,125.16,121.98499999999999,97.615,73.97999999999999,10.4,66.11,40.992000000000004,117.63,187.732,Pass
1251,2013.5900000000001,111.93400000000001,167.029,125.56,133.647,94.415,10.4,49.501,86.389,82.16999999999999,10.4,59.521,75.376,67.872,41.816,-1.958000000000002,10.4,10.4,240.856,88.812,88.622,50.25899999999999,69.25,36.842,28.817,10.4,48.766999999999996,10.4,50.717,119.02099999999999,Pass
1252,54.417,10.4,10.4,10.4,10.4,10.4,10.4,10.4,10.4,10.4,10.4,10.4,10.4,10.4,10.4,10.4,10.4,10.4,10.4,10.4,10.4,10.4,10.4,10.4,10.4,10.4,10.4,10.4,10.4,10.4,Dropout
1253,54.417,10.4,10.4,10.4,10.4,10.4,10.4,10.4,10.4,10.4,10.4,10.4,10.4,10.4,10.4,10.4,10.4,10.4,10.4,10.4,10.4,10.4,10.4,10.4,10.4,10.4,10.4,10.4,10.4,10.4,Dropout
1254,1857.6349999999998,120.451,141.158,195.84400000000002,112.209,208.506,10.4,229.714,194.67499999999998,138.506,92.051,258.26,190.882,195.78,188.917,114.945,49.584,10.4,192.49599999999998,138.23499999999999,169.99300000000002,192.578,112.678,176.901,186.826,10.4,70.63199999999999,54.771,167.149,277.681,Pass
1255,1196.594,80.01299999999999,63.034000000000006,10.4,73.51599999999999,10.4,10.4,55.84199999999999,31.805,10.4,10.4,45.184,44.259,53.717,70.92099999999999,10.4,10.4,10.4,25.451,10.4,100.38699999999999,10.4,33.384,31.842,10.4,10.4,111.06,46.25900000000001,105.43100000000001,260.834,Pass
1256,98.401,10.4,10.4,10.4,10.4,10.4,10.4,10.4,10.4,10.4,10.4,10.4,10.4,10.4,10.4,10.4,10.4,10.4,10.4,10.4,10.4,10.4,10.4,10.4,10.4,10.4,10.4,10.4,10.4,10.4,Dropout
1257,2011.852,137.34499999999997,112.695,189.32299999999998,140.453,161.81,10.4,130.549,154.39399999999998,86.745,90.76499999999999,66.82400000000001,148.607,90.008,109.293,97.585,94.167,10.4,310.67,67.025,107.594,54.794,58.984,10.4,10.4,10.4,93.72300000000001,67.85900000000001,10.4,141.57299999999998,Pass
1258,2574.648,249.027,201.006,177.13599999999997,144.939,150.027,10.4,179.736,196.06799999999998,184.46099999999998,153.863,137.788,181.32600000000002,164.046,171.201,57.591,52.236999999999995,10.4,412.65000000000003,173.485,198.36,133.48499999999999,134.62900000000002,131.65300000000002,119.35800000000002,10.4,83.693,53.88399999999999,127.18100000000001,272.621,Pass
1259,283.70899999999995,91.539,10.4,10.4,33.128,10.4,10.4,10.4,10.4,10.4,10.4,10.4,10.4,10.4,10.4,10.4,10.4,10.4,10.4,10.4,10.4,10.4,10.4,10.4,10.4,10.4,10.4,10.4,10.4,10.4,Fail
1260,109.858,77.798,7.8,7.8,7.8,7.8,7.8,7.8,7.8,7.8,7.8,7.8,7.8,7.8,7.8,7.8,7.8,7.8,7.8,7.8,7.8,7.8,7.8,7.8,7.8,7.8,7.8,7.8,7.8,7.8,Dropout
1261,1786.2830000000001,101.578,103.002,173.819,133.727,187.75900000000001,10.4,183.76800000000003,130.296,127.66199999999998,161.625,110.88499999999999,197.108,168.978,130.099,6.933999999999998,10.4,10.4,270.982,126.372,170.43699999999998,118.346,121.49,113.033,127.70299999999999,10.4,69.674,70.294,111.47800000000001,236.17499999999998,Pass
1262,452.073,191.71300000000002,115.226,63.64200000000001,65.19200000000001,10.4,10.4,10.4,10.4,10.4,10.4,10.4,10.4,10.4,10.4,10.4,10.4,10.4,10.4,10.4,10.4,10.4,10.4,10.4,10.4,10.4,10.4,10.4,10.4,159.743,Dropout
1263,733.598,100.08500000000001,115.735,206.50600000000003,101.207,142.74499999999998,10.4,28.641999999999996,96.29299999999999,54.42100000000001,10.4,10.4,35.867,10.4,41.449999999999996,10.4,10.4,10.4,10.4,10.4,10.4,10.4,10.4,10.4,10.4,10.4,10.4,10.4,10.4,158.46099999999998,Dropout
1264,237.38899999999998,7.8,60.126,65.21000000000001,72.058,7.8,7.8,7.8,7.8,7.8,7.8,7.8,7.8,7.8,7.8,7.8,7.8,7.8,97.48600000000002,7.8,7.8,7.8,7.8,7.8,7.8,7.8,7.8,7.8,7.8,7.8,Fail
1265,670.8480000000001,105.57400000000001,154.126,254.70900000000003,113.20799999999998,196.253,10.4,187.32200000000003,30.808999999999997,10.4,10.4,10.4,10.4,10.4,10.4,10.4,10.4,10.4,10.4,10.4,10.4,10.4,10.4,10.4,10.4,10.4,10.4,10.4,10.4,121.71700000000001,Dropout
1266,518.372,56.75900000000001,37.516999999999996,7.8,94.319,7.8,7.8,7.8,66.454,47.009,7.8,64.45,70.117,7.8,27.878999999999998,7.8,7.8,7.8,101.01799999999999,7.8,7.8,7.8,7.8,7.8,7.8,7.8,7.8,7.8,7.8,140.792,Fail
1267,152.08499999999998,68.60900000000001,10.4,10.4,10.4,10.4,10.4,10.4,10.4,10.4,10.4,10.4,10.4,10.4,10.4,10.4,10.4,10.4,10.4,10.4,10.4,10.4,10.4,10.4,10.4,10.4,10.4,10.4,10.4,143.392,Dropout
1268,326.857,74.109,66.64,10.4,80.963,10.4,10.4,10.4,28.933999999999997,10.4,10.4,62.946,71.659,10.4,42.944,10.4,10.4,10.4,10.4,10.4,10.4,10.4,10.4,10.4,10.4,10.4,10.4,10.4,10.4,134.892,Fail
1269,3820.6360000000004,316.565,281.852,297.21799999999996,156.536,395.293,7.8,329.022,234.52999999999997,359.178,329.702,266.431,254.195,395.57500000000005,238.25400000000002,344.396,193.538,7.8,429.693,234.713,298.703,171.302,207.37199999999999,213.71699999999998,224.65500000000003,7.8,276.306,157.90800000000002,328.37,580.92,Pass
1270,971.0699999999999,62.247,92.643,125.52699999999999,111.73500000000001,10.4,10.4,73.993,26.326999999999998,68.00099999999999,100.624,56.284,36.167,50.665000000000006,39.692,49.434,52.801,10.4,195.70700000000002,72.186,45.485,105.73499999999999,10.4,104.822,102.69500000000001,10.4,60.618,10.4,145.911,120.86000000000001,Pass
1271,51.81700000000001,7.8,7.8,7.8,7.8,7.8,7.8,7.8,7.8,7.8,7.8,7.8,7.8,7.8,7.8,7.8,7.8,7.8,7.8,7.8,7.8,7.8,7.8,7.8,7.8,7.8,7.8,7.8,7.8,7.8,Dropout
1272,882.7,10.4,-36.63300000000001,-17.507999999999996,116.35,44.163,10.4,10.4,39.914,17.072,3.7249999999999996,54.925999999999995,63.218,62.69799999999999,30.709000000000003,105.051,74.105,10.4,147.933,103.69200000000001,158.771,44.443,75.51700000000001,30.28,33.742,10.4,125.18700000000001,72.14099999999999,94.265,111.591,Pass
1273,1287.859,106.74,64.051,95.64600000000002,119.19,10.4,10.4,97.74099999999999,33.914,10.4,10.4,10.4,18.442,73.234,37.575,10.4,10.4,10.4,107.513,37.292,118.168,39.217,10.4,35.167,52.651,10.4,45.248,10.4,67.28399999999999,99.84700000000001,Pass
1274,2169.197,73.498,109.061,104.093,79.452,-13.858000000000002,10.4,110.76599999999999,66.553,89.536,10.4,55.416999999999994,124.22500000000001,77.075,42.69499999999999,95.83800000000001,49.584,10.4,130.851,79.538,69.62899999999999,10.4,10.4,89.56,10.4,10.4,42.19200000000001,10.4,56.717,244.438,Pass
1275,1636.264,204.97899999999998,290.085,139.261,99.329,120.93599999999999,10.4,61.302,96.374,169.435,140.35,76.661,89.335,139.644,91.505,136.637,78.431,10.4,286.401,99.017,91.47200000000001,70.73599999999999,53.300000000000004,56.97,97.278,10.4,111.004,87.433,138.144,273.238,Pass
1276,1299.4070000000002,96.054,82.281,124.093,110.671,121.827,10.4,127.279,123.512,156.048,103.051,117.457,86.62,103.522,41.714,10.4,10.4,10.4,30.262,43.236999999999995,34.212,33.891999999999996,36.292,61.87100000000001,42.81699999999999,10.4,31.342000000000002,51.74199999999999,90.74600000000001,245.76500000000004,Pass
1277,369.142,10.4,54.534000000000006,10.4,78.439,10.4,10.4,10.4,88.463,10.4,10.4,10.4,10.4,10.4,35.444,10.4,10.4,10.4,105.49400000000001,10.4,37.751,10.4,10.4,10.4,10.4,10.4,10.4,10.4,10.4,133.342,Fail
1278,2439.208,332.311,227.00600000000003,194.62699999999998,172.47199999999998,160.049,10.4,163.62,191.319,160.983,165.912,164.421,99.724,95.72999999999999,111.14399999999999,112.785,112.243,10.4,302.113,131.058,174.39499999999998,109.436,103.429,114.28,104.485,10.4,98.369,93.291,185.09099999999998,302.613,Pass
1279,437.43799999999993,93.465,75.887,158.941,87.693,170.267,10.4,136.962,238.82500000000002,10.4,10.4,10.4,10.4,10.4,10.4,10.4,10.4,10.4,10.4,10.4,10.4,10.4,10.4,10.4,10.4,10.4,10.4,10.4,10.4,139.99200000000002,Dropout
1280,268.18199999999996,73.215,43.467,7.8,7.8,7.8,7.8,7.8,7.8,7.8,7.8,7.8,7.8,7.8,7.8,7.8,7.8,7.8,7.8,7.8,7.8,7.8,7.8,7.8,7.8,7.8,7.8,7.8,7.8,142.517,Fail
1281,356.554,66.80000000000001,8.992,79.704,35.501,10.4,10.4,10.4,37.78099999999999,44.516999999999996,10.4,10.4,34.74199999999999,74.681,41.699,10.4,10.4,10.4,10.4,10.4,45.119,10.4,10.4,10.4,10.4,10.4,10.4,10.4,10.4,10.4,Fail
1282,381.408,128.94599999999997,10.4,10.4,31.339999999999996,10.4,10.4,10.4,32.975,161.209,10.4,10.4,10.4,10.4,10.4,10.4,10.4,10.4,10.4,10.4,10.4,10.4,10.4,10.4,10.4,10.4,10.4,10.4,10.4,134.467,Fail
1283,125.75299999999999,76.885,66.859,67.31700000000001,10.4,10.4,10.4,10.4,10.4,10.4,10.4,10.4,10.4,10.4,10.4,10.4,10.4,10.4,10.4,10.4,10.4,10.4,10.4,10.4,10.4,10.4,10.4,10.4,10.4,10.4,Dropout
1284,3174.493,94.78399999999999,143.66799999999998,184.221,127.67299999999999,176.88400000000001,10.4,164.35500000000002,165.331,196.93000000000004,87.87700000000001,152.03900000000002,166.96800000000002,170.51,148.254,149.07999999999998,76.299,10.4,197.27100000000002,82.943,148.141,75.777,76.46099999999998,27.116999999999997,32.522999999999996,10.4,70.40899999999999,10.4,75.94699999999999,256.758,Pass
1285,1513.9859999999999,146.875,170.081,312.055,120.77899999999998,238.015,10.4,194.777,198.402,172.38799999999998,99.244,59.834,145.993,104.862,99.66900000000001,124.41399999999999,140.04,10.4,162.97099999999998,55.37500000000001,101.491,82.09299999999999,82.25,54.142,57.117,10.4,98.584,70.559,91.398,244.572,Pass
1286,596.43,75.376,45.217,67.313,30.784999999999997,59.613,10.4,10.4,10.4,10.4,10.4,10.4,10.4,10.4,10.4,10.4,10.4,10.4,10.4,10.4,10.4,10.4,10.4,10.4,10.4,10.4,10.4,10.4,10.4,142.11700000000002,Dropout
1287,3156.732,133.139,128.81,175.734,120.21199999999999,198.786,10.4,202.026,225.634,216.77,204.325,252.97899999999998,181.81300000000002,182.297,188.08799999999997,168.808,127.113,10.4,346.583,205.989,171.688,148.087,132.528,145.21099999999998,152.104,10.4,82.083,84.96700000000001,140.426,366.19000000000005,Pass
1288,190.578,69.488,10.4,71.439,10.4,10.4,10.4,10.4,10.4,10.4,10.4,10.4,10.4,10.4,10.4,10.4,10.4,10.4,10.4,10.4,10.4,10.4,10.4,10.4,10.4,10.4,10.4,10.4,10.4,134.617,Dropout
1289,2623.296,158.872,204.25099999999998,367.71399999999994,140.152,456.069,10.4,371.247,535.068,706.949,391.755,380.033,251.07000000000002,231.45499999999998,220.589,222.824,159.63799999999998,10.4,246.46300000000002,153.559,180.56899999999996,115.155,104.387,183.97299999999998,153.438,10.4,165.252,116.4,122.57,414.156,Pass
1290,1775.7559999999999,156.733,220.478,192.80800000000002,130.732,203.30899999999997,10.4,268.28700000000003,343.89099999999996,200.803,75.866,132.38400000000001,162.998,248.017,188.879,168.627,133.648,10.4,240.04399999999998,130.156,171.006,139.802,156.09799999999998,141.961,150.317,10.4,137.5,99.13899999999998,158.262,280.986,Pass
1291,898.97,103.029,181.04000000000002,150.219,138.343,164.714,10.4,131.57899999999998,69.417,122.666,97.452,58.47500000000001,107.595,55.717,43.442,30.006,4.0169999999999995,10.4,115.205,51.309,89.24799999999999,45.855999999999995,36.717,35.666000000000004,30.667,10.4,71.75,37.317,62.659,282.514,Pass
1292,2071.398,157.723,149.018,209.033,135.292,215.444,10.4,221.625,232.65699999999998,206.86,159.51600000000002,163.96,133.80700000000002,103.48700000000001,129.37900000000002,134.614,97.387,10.4,158.752,98.752,158.125,105.6,170.06,115.882,95.584,10.4,171.87,146.204,184.779,451.19399999999996,Pass
1293,51.81700000000001,7.8,7.8,7.8,7.8,7.8,7.8,7.8,7.8,7.8,7.8,7.8,7.8,7.8,7.8,7.8,7.8,7.8,7.8,7.8,7.8,7.8,7.8,7.8,7.8,7.8,7.8,7.8,7.8,7.8,Dropout
1294,54.417,10.4,10.4,10.4,10.4,10.4,10.4,10.4,10.4,10.4,10.4,10.4,10.4,10.4,10.4,10.4,10.4,10.4,10.4,10.4,10.4,10.4,10.4,10.4,10.4,10.4,10.4,10.4,10.4,10.4,Dropout
1295,289.243,141.515,130.801,107.069,64.017,7.8,7.8,7.8,7.8,7.8,7.8,7.8,7.8,7.8,7.8,7.8,7.8,7.8,7.8,7.8,7.8,7.8,7.8,7.8,7.8,7.8,7.8,7.8,7.8,7.8,Dropout
1296,542.784,82.109,77.601,66.051,111.468,10.4,10.4,10.4,96.901,63.184,68.15899999999999,74.64599999999999,55.141000000000005,78.633,70.28800000000001,10.4,10.4,10.4,73.426,10.4,46.480999999999995,10.4,10.4,10.4,10.4,10.4,10.4,10.4,10.4,10.4,Fail
1297,54.417,10.4,10.4,10.4,10.4,10.4,10.4,10.4,10.4,10.4,10.4,10.4,10.4,10.4,10.4,10.4,10.4,10.4,10.4,10.4,10.4,10.4,10.4,10.4,10.4,10.4,10.4,10.4,10.4,10.4,Dropout
1298,327.546,69.36,57.437000000000005,94.171,10.4,10.4,10.4,10.4,10.4,10.4,10.4,10.4,10.4,10.4,10.4,10.4,10.4,10.4,107.08900000000001,10.4,10.4,10.4,10.4,10.4,10.4,10.4,10.4,10.4,10.4,146.09199999999998,Dropout
1299,1771.003,73.975,92.58399999999999,146.462,94.257,117.40899999999999,10.4,65.326,78.43299999999999,24.359,27.334,10.4,99.17999999999999,53.037000000000006,68.386,44.209,10.4,10.4,131.532,47.492000000000004,87.864,10.4,10.4,10.4,10.4,10.4,10.4,10.4,46.292,245.135,Pass
1300,815.627,204.23,89.28099999999999,59.742,32.513,10.4,10.4,10.4,45.545,187.65599999999998,10.4,78.211,52.887,109.896,46.967,64.459,10.4,10.4,131.98000000000002,10.4,10.4,10.4,10.4,10.4,10.4,10.4,10.4,10.4,10.4,137.867,Dropout
1301,1374.3170000000002,215.957,344.14799999999997,294.792,133.228,213.87400000000002,10.4,186.861,160.009,216.499,147.368,142.656,138.856,154.966,137.391,120.905,68.216,10.4,316.655,163.702,283.228,102.833,66.909,115.021,90.503,10.4,60.907,58.399,96.815,257.272,Pass
1302,565.939,90.901,102.34800000000001,7.8,84.47,7.8,7.8,7.8,58.45900000000001,7.8,7.8,7.8,7.8,7.8,7.8,7.8,7.8,7.8,7.8,7.8,7.8,7.8,7.8,7.8,7.8,7.8,7.8,7.8,7.8,129.742,Fail
1303,1323.616,44.717,13.917,142.65499999999997,35.12,130.299,10.4,170.514,124.97599999999998,114.138,134.517,58.029,168.412,203.57899999999998,160.43099999999998,73.722,3.5669999999999984,10.4,215.423,164.541,199.55700000000002,149.29799999999997,10.4,137.97199999999998,114.871,10.4,39.266999999999996,42.242,140.47899999999998,257.038,Pass
1304,2390.076,124.69200000000001,17.858999999999998,222.22199999999998,99.371,127.928,10.4,128.29,165.879,84.135,33.584,80.54199999999999,122.897,95.96499999999999,100.644,172.01000000000002,137.198,10.4,333.163,67.66199999999999,100.642,64.204,57.067,83.68100000000001,35.017,10.4,57.218,10.4,56.462,202.744,Pass
1305,54.417,10.4,10.4,10.4,10.4,10.4,10.4,10.4,10.4,10.4,10.4,10.4,10.4,10.4,10.4,10.4,10.4,10.4,10.4,10.4,10.4,10.4,10.4,10.4,10.4,10.4,10.4,10.4,10.4,10.4,Dropout
1306,3417.044,122.62400000000001,128.904,224.53199999999998,116.94200000000001,181.143,7.8,202.14100000000002,224.564,242.16500000000002,211.764,289.697,216.664,206.04899999999998,192.803,245.63299999999998,152.29999999999998,7.8,322.354,154.54999999999998,179.326,149.92600000000002,126.97,154.78900000000002,128.027,7.8,167.038,140.322,146.217,444.683,Pass
1307,1244.5839999999998,110.268,165.35399999999998,100.08699999999999,124.45299999999999,89.866,10.4,159.12,168.478,186.28300000000002,105.077,99.70400000000001,77.50399999999999,38.141999999999996,30.47,83.16499999999999,36.966,10.4,212.52200000000002,58.260999999999996,93.59,36.44199999999999,78.644,89.554,35.797999999999995,10.4,42.265,41.809,53.319,123.112,Pass
1308,162.016,10.4,10.4,10.4,50.742,78.768,10.4,10.4,10.4,10.4,10.4,10.4,10.4,10.4,10.4,10.4,10.4,10.4,10.4,10.4,10.4,10.4,10.4,10.4,10.4,10.4,10.4,10.4,10.4,10.4,Dropout
1309,1627.6789999999999,77.596,119.444,175.763,76.984,118.30799999999999,7.8,162.811,197.09,124.39399999999999,148.35199999999998,118.96199999999999,172.645,129.728,117.161,142.371,72.876,7.8,360.631,119.28200000000001,127.94400000000002,53.147,64.622,71.548,50.38499999999999,7.8,89.94300000000001,51.559,109.599,213.971,Pass
1310,3516.259,298.28200000000004,166.546,303.15999999999997,169.694,214.863,7.8,222.151,345.392,221.57299999999998,193.975,205.773,150.97899999999998,121.68499999999999,130.157,109.262,42.734,7.8,286.936,73.197,116.024,48.958999999999996,56.991,50.165,48.259,7.8,91.303,81.94099999999999,94.62,276.216,Pass
1311,578.594,81.133,69.348,115.714,96.31899999999999,126.248,10.4,134.203,61.334,61.05900000000001,10.4,10.4,10.4,10.4,10.4,10.4,10.4,10.4,106.593,10.4,10.4,10.4,10.4,10.4,10.4,10.4,10.4,10.4,10.4,148.113,Dropout
1312,934.5280000000001,106.553,99.111,170.12,101.845,94.88,10.4,52.673,180.53900000000002,-13.290999999999997,-9.316,-13.858000000000002,86.401,62.75600000000001,42.400999999999996,65.68,46.034000000000006,10.4,48.617,51.592,43.82899999999999,10.4,19.866999999999997,10.4,10.4,10.4,37.709,10.4,53.882000000000005,214.44799999999998,Pass
1313,54.417,10.4,10.4,10.4,10.4,10.4,10.4,10.4,10.4,10.4,10.4,10.4,10.4,10.4,10.4,10.4,10.4,10.4,10.4,10.4,10.4,10.4,10.4,10.4,10.4,10.4,10.4,10.4,10.4,10.4,Dropout
1314,1858.281,126.68100000000001,139.28799999999998,23.116999999999997,90.672,66.059,10.4,-21.208000000000002,86.679,61.909000000000006,74.75800000000001,10.4,60.323,101.994,112.059,59.81700000000001,20.959,10.4,248.212,87.087,89.792,52.946999999999996,58.956,54.902,10.4,10.4,34.859,10.4,51.291999999999994,278.41,Pass
1315,419.00800000000004,69.984,66.236,83.379,96.054,55.484,7.8,57.917,7.8,7.8,7.8,7.8,7.8,7.8,7.8,7.8,7.8,7.8,7.8,7.8,7.8,7.8,7.8,7.8,7.8,7.8,7.8,7.8,7.8,138.817,Dropout
1316,1648.2450000000003,207.182,267.108,219.559,140.19799999999998,171.865,10.4,268.38100000000003,261.562,224.359,165.00300000000001,369.313,212.30599999999998,252.72,175.558,98.265,9.091999999999999,10.4,396.80299999999994,184.271,204.075,105.39099999999999,159.003,161.08,132.296,10.4,87.16199999999999,99.764,178.752,309.096,Pass
1317,962.967,90.57199999999999,76.328,65.975,92.157,10.4,10.4,10.4,83.083,10.4,10.4,10.4,10.4,10.4,10.4,10.4,10.4,10.4,10.4,10.4,10.4,10.4,10.4,10.4,10.4,10.4,10.4,10.4,10.4,10.4,Fail
1318,1185.972,114.05,71.877,172.421,137.941,64.438,10.4,10.4,38.777,43.517,10.4,10.4,10.4,10.4,42.314,10.4,10.4,10.4,10.4,10.4,10.4,10.4,10.4,27.692,10.4,10.4,38.134,10.4,58.797,146.39800000000002,Pass
1319,543.824,76.331,53.717,10.4,35.501,10.4,10.4,10.4,34.412,10.4,10.4,10.4,10.4,10.4,41.069,10.4,10.4,10.4,10.4,10.4,10.4,10.4,10.4,10.4,10.4,10.4,10.4,10.4,10.4,147.15500000000003,Fail
1320,1251.792,62.025999999999996,85.366,149.449,81.41199999999999,125.11000000000001,10.4,163.82600000000002,122.73899999999999,91.616,110.037,63.134,150.393,246.845,147.61399999999998,66.523,56.626000000000005,10.4,222.53,149.79200000000003,205.267,140.001,57.861,141.715,141.482,10.4,10.4,10.4,155.857,137.835,Pass
1321,2996.9179999999997,128.50799999999998,135.095,344.86600000000004,103.01299999999999,289.122,10.4,273.79,293.766,180.51500000000004,242.33999999999997,316.48,252.36999999999998,232.79299999999998,211.725,267.764,61.39,10.4,438.453,262.622,207.822,89.36,52.325,58.096999999999994,58.882999999999996,10.4,81.358,64.678,122.89500000000001,286.178,Pass
1322,216.99699999999999,87.218,67.67599999999999,75.99,10.4,10.4,10.4,10.4,10.4,10.4,10.4,10.4,10.4,10.4,10.4,10.4,10.4,10.4,104.893,10.4,10.4,10.4,10.4,10.4,10.4,10.4,10.4,10.4,10.4,142.967,Dropout
1323,2294.328,285.435,115.39,200.966,132.75799999999998,235.916,7.8,160.714,276.248,160.596,108.972,93.87599999999999,199.095,172.21099999999998,157.546,135.19199999999998,103.49799999999999,7.8,329.592,137.415,104.222,130.185,106.49099999999999,144.622,95.554,7.8,138.37099999999998,62.514,153.207,356.492,Pass
1324,258.91700000000003,10.4,58.392,101.166,27.974,10.4,10.4,10.4,10.4,10.4,10.4,10.4,10.4,10.4,10.4,10.4,10.4,10.4,113.294,10.4,10.4,10.4,10.4,10.4,10.4,10.4,10.4,10.4,10.4,10.4,Fail
1325,3152.133,88.999,69.805,215.62999999999997,95.15299999999999,189.033,10.4,145.156,159.50799999999998,98.827,107.501,104.95100000000001,119.279,106.87800000000001,41.36,10.4,10.4,10.4,240.97599999999997,68.64699999999999,156.702,72.052,94.168,75.72399999999999,47.092000000000006,10.4,38.842,10.4,105.601,260.088,Pass
1326,325.77099999999996,10.4,10.4,10.4,33.391999999999996,10.4,10.4,10.4,31.307000000000002,10.4,10.4,10.4,10.4,10.4,10.4,10.4,10.4,10.4,10.4,10.4,10.4,10.4,10.4,10.4,10.4,10.4,10.4,10.4,10.4,10.4,Fail
1327,2437.851,129.662,185.119,163.986,97.05999999999999,176.152,10.4,177.585,230.844,216.457,108.945,73.03,81.82000000000001,97.179,126.506,129.367,94.24900000000001,10.4,214.63099999999997,99.97500000000001,155.993,75.287,76.73400000000001,117.48599999999999,36.667,10.4,87.445,59.958000000000006,137.64700000000002,288.796,Pass
1328,801.424,63.71900000000001,103.879,174.49099999999999,87.52799999999999,7.8,7.8,7.8,34.68299999999999,7.8,7.8,7.8,7.8,7.8,7.8,7.8,7.8,7.8,107.994,7.8,7.8,7.8,7.8,7.8,7.8,7.8,7.8,7.8,7.8,7.8,Dropout
1329,186.506,76.348,58.817,50.891999999999996,69.74000000000001,62.28,10.4,10.4,10.4,10.4,10.4,10.4,10.4,10.4,10.4,10.4,10.4,10.4,98.34200000000001,10.4,10.4,10.4,10.4,10.4,10.4,10.4,10.4,10.4,10.4,10.4,Fail
1330,319.118,7.8,7.8,57.367000000000004,48.992000000000004,7.8,7.8,7.8,24.723,7.8,7.8,7.8,7.8,7.8,7.8,7.8,7.8,7.8,7.8,7.8,7.8,7.8,7.8,7.8,7.8,7.8,7.8,7.8,7.8,134.717,Dropout
1331,1648.1639999999998,89.82499999999999,114.044,121.55600000000001,91.953,173.219,10.4,121.19099999999999,115.90899999999999,129.591,136.488,138.469,162.449,94.75200000000001,96.936,54.04299999999999,49.467,10.4,233.81600000000003,146.095,148.649,67.88499999999999,63.199999999999996,73.345,10.4,10.4,10.4,10.4,54.717,210.114,Pass
1332,1115.354,142.156,142.196,140.199,87.00699999999999,128.7,10.4,77.048,29.314999999999998,53.184,10.4,10.4,43.611999999999995,40.717,68.749,10.4,53.54599999999999,10.4,76.938,10.4,41.75,10.4,10.4,10.4,10.4,10.4,10.4,10.4,10.4,51.113,Fail
1333,2163.3,202.86,268.002,191.842,161.812,241.306,10.4,256.926,399.372,463.428,241.66500000000002,215.921,195.221,222.14399999999998,180.632,245.11499999999995,172.34900000000002,10.4,354.924,173.57199999999997,190.932,154.35399999999998,177.473,199.07900000000004,167.289,10.4,174.969,170.67199999999997,203.912,401.034,Pass
1334,894.0139999999999,10.4,8.959,55.141999999999996,76.66799999999999,10.4,10.4,60.084,63.218999999999994,10.4,10.4,48.15899999999999,10.4,10.4,39.896,10.4,10.4,10.4,47.495,10.4,37.91,10.4,10.4,10.4,10.4,10.4,10.4,10.4,88.17599999999999,46.409,Pass
1335,236.674,79.7,10.4,10.4,70.60900000000001,10.4,10.4,10.4,10.4,10.4,10.4,10.4,10.4,10.4,10.4,10.4,10.4,10.4,10.4,10.4,10.4,10.4,10.4,10.4,10.4,10.4,10.4,10.4,10.4,10.4,Fail
1336,2160.815,181.83199999999997,185.934,180.37199999999999,114.35899999999998,205.18200000000002,7.8,202.393,227.504,138.598,124.76799999999999,93.38900000000001,151.124,136.433,102.88,126.29499999999999,17.709,7.8,167.506,33.70099999999999,88.154,45.426,57.473,107.58000000000001,65.53699999999999,7.8,91.926,59.21699999999999,104.92800000000001,322.14599999999996,Pass
1337,54.417,10.4,10.4,10.4,10.4,10.4,10.4,10.4,10.4,10.4,10.4,10.4,10.4,10.4,10.4,10.4,10.4,10.4,10.4,10.4,10.4,10.4,10.4,10.4,10.4,10.4,10.4,10.4,10.4,10.4,Dropout
1338,1146.675,69.62599999999999,95.701,127.37200000000001,65.03099999999999,102.56300000000002,7.8,74.602,38.32,85.466,89.457,170.451,81.33200000000001,74.351,41.794,23.497,10.444,7.8,186.50699999999998,23.192,50.027,43.278999999999996,42.681,37.230000000000004,47.25,7.8,40.592,41.567,70.288,69.10900000000001,Pass
1339,1022.915,70.215,10.4,10.4,70.219,10.4,10.4,75.099,67.725,74.57900000000001,71.602,66.541,10.4,86.61200000000001,35.912000000000006,39.266999999999996,10.4,10.4,10.4,10.4,42.569,10.4,10.4,10.4,10.4,10.4,10.4,10.4,10.4,156.635,Dropout
1340,54.417,10.4,10.4,10.4,10.4,10.4,10.4,10.4,10.4,10.4,10.4,10.4,10.4,10.4,10.4,10.4,10.4,10.4,10.4,10.4,10.4,10.4,10.4,10.4,10.4,10.4,10.4,10.4,10.4,10.4,Dropout
1341,419.21700000000004,60.109,62.217,10.4,28.91,10.4,10.4,10.4,10.4,10.4,10.4,10.4,10.4,10.4,10.4,10.4,10.4,10.4,10.4,10.4,10.4,10.4,10.4,10.4,10.4,10.4,10.4,10.4,10.4,10.4,Dropout
1342,94.50699999999999,10.4,10.4,54.56699999999999,57.542,10.4,10.4,56.69199999999999,10.4,10.4,10.4,10.4,10.4,10.4,10.4,10.4,10.4,10.4,10.4,10.4,10.4,10.4,10.4,10.4,10.4,10.4,10.4,10.4,10.4,10.4,Dropout
1343,54.417,10.4,10.4,10.4,10.4,10.4,10.4,10.4,10.4,10.4,10.4,10.4,10.4,10.4,10.4,10.4,10.4,10.4,10.4,10.4,10.4,10.4,10.4,10.4,10.4,10.4,10.4,10.4,10.4,10.4,Dropout
1344,2088.005,212.494,137.098,194.022,130.37699999999998,93.42099999999999,10.4,181.373,164.094,224.414,73.781,194.377,219.58799999999997,116.58499999999998,142.996,114.53699999999999,49.467,10.4,237.11800000000002,124.40299999999999,238.834,85.597,47.028000000000006,42.151,30.517000000000003,10.4,103.102,47.059000000000005,78.66499999999999,399.40500000000003,Pass
1345,2522.3050000000003,119.07300000000001,125.54499999999999,244.922,148.509,305.599,10.4,253.944,236.67000000000002,169.089,108.60599999999998,138.764,172.986,265.34,139.85,196.921,142.39,10.4,274.50100000000003,198.07,229.08100000000002,151.189,130.793,152.036,140.441,10.4,151.6,63.548,151.87900000000002,333.703,Pass
1346,54.417,10.4,10.4,10.4,10.4,10.4,10.4,10.4,10.4,10.4,10.4,10.4,10.4,10.4,10.4,10.4,10.4,10.4,10.4,10.4,10.4,10.4,10.4,10.4,10.4,10.4,10.4,10.4,10.4,10.4,Dropout
1347,655.2649999999999,152.647,119.958,118.09,66.84,76.628,10.4,10.4,31.424,10.4,10.4,10.4,10.4,10.4,10.4,10.4,10.4,10.4,10.4,10.4,10.4,10.4,10.4,10.4,10.4,10.4,10.4,10.4,10.4,158.56199999999998,Dropout
1348,625.0250000000001,77.04700000000001,61.367,71.805,88.828,10.4,10.4,79.11200000000001,35.114,10.4,10.4,10.4,10.4,10.4,10.4,10.4,10.4,10.4,107.12100000000001,10.4,10.4,10.4,10.4,10.4,10.4,10.4,10.4,10.4,10.4,170.599,Dropout
1349,1236.2620000000002,76.935,79.17,160.687,91.192,172.882,10.4,169.363,102.036,10.4,10.4,-11.583000000000002,168.446,122.31199999999998,144.447,53.016999999999996,56.747,10.4,227.97000000000003,218.774,173.90200000000002,139.542,10.4,153.588,159.405,10.4,50.349999999999994,71.605,157.33300000000003,215.15400000000002,Pass
1350,1154.1370000000002,148.84,115.618,-21.064999999999998,-2.992000000000001,-0.3990000000000009,10.4,-17.724,133.708,100.047,10.4,-1.0910000000000029,10.4,50.717,23.057000000000002,29.903,10.4,10.4,160.542,34.309,74.603,51.655,27.934,36.712,25.817,10.4,48.617,37.259,63.205,239.16899999999998,Pass
1351,1494.774,82.323,59.233,111.511,89.73,103.95600000000002,10.4,140.317,107.154,107.427,93.47200000000001,88.509,98.39,62.428999999999995,77.801,10.4,10.4,10.4,133.56,56.762,92.212,52.284000000000006,44.968,47.309,65.725,10.4,10.4,10.4,96.229,270.685,Pass
1352,2063.53,119.482,61.968,212.24,137.608,148.44799999999998,10.4,161.403,140.487,105.675,33.002,66.956,119.03900000000002,73.813,105.399,95.0,106.198,10.4,314.896,131.212,100.149,62.043,70.959,76.699,65.10400000000001,10.4,65.467,60.565,107.37200000000001,294.45399999999995,Pass
1353,2178.729,124.95700000000001,114.74199999999999,109.73599999999999,105.892,89.42099999999999,10.4,74.852,83.188,10.4,55.571000000000005,77.07600000000001,61.359,72.875,39.692,41.967,10.4,10.4,314.417,114.213,160.03999999999996,98.65899999999999,46.869,113.21199999999999,103.043,10.4,98.34400000000001,62.498000000000005,107.445,238.311,Pass
1354,1736.756,105.101,161.244,224.042,162.016,261.782,10.4,208.061,220.87199999999999,124.965,122.50899999999999,156.483,160.101,174.251,171.14,150.20399999999998,122.92599999999999,10.4,196.607,160.201,226.05900000000003,147.81599999999997,150.192,157.29500000000002,138.28199999999998,10.4,140.966,102.726,146.929,266.315,Pass
1355,54.417,10.4,10.4,10.4,10.4,10.4,10.4,10.4,10.4,10.4,10.4,10.4,10.4,10.4,10.4,10.4,10.4,10.4,10.4,10.4,10.4,10.4,10.4,10.4,10.4,10.4,10.4,10.4,10.4,10.4,Dropout
1356,1601.3560000000002,146.673,119.49799999999999,89.896,30.022999999999996,-31.708000000000006,10.4,108.53800000000001,35.789,113.14500000000001,46.217,62.226,112.788,58.292,88.563,48.242000000000004,10.4,10.4,211.685,149.719,179.476,34.31699999999999,10.4,10.4,39.817,10.4,10.4,10.4,36.717,261.863,Pass
1357,297.85200000000003,72.15299999999999,65.45899999999999,10.4,30.521,10.4,10.4,10.4,30.428,10.4,10.4,10.4,10.4,10.4,10.4,10.4,10.4,10.4,10.4,10.4,10.4,10.4,10.4,10.4,10.4,10.4,10.4,10.4,10.4,10.4,Fail
1358,54.417,10.4,10.4,10.4,10.4,10.4,10.4,10.4,10.4,10.4,10.4,10.4,10.4,10.4,10.4,10.4,10.4,10.4,10.4,10.4,10.4,10.4,10.4,10.4,10.4,10.4,10.4,10.4,10.4,10.4,Dropout
1359,2007.977,125.338,151.29399999999998,270.42100000000005,94.481,315.075,10.4,167.27599999999998,207.29699999999997,101.34200000000001,98.389,61.651,199.73899999999998,240.20499999999998,199.301,221.774,110.567,10.4,270.27200000000005,141.08100000000002,169.245,153.11599999999999,145.935,155.691,143.647,10.4,96.55799999999999,10.4,41.717,336.333,Pass
1360,780.102,81.896,10.4,168.936,80.097,95.0,10.4,122.206,112.989,10.4,10.4,10.4,10.4,10.4,10.4,10.4,10.4,10.4,10.4,10.4,10.4,10.4,10.4,10.4,10.4,10.4,10.4,10.4,10.4,179.74599999999998,Dropout
1361,1627.877,200.13700000000003,212.24599999999998,130.662,100.666,219.04399999999998,10.4,123.882,207.89,142.405,109.96900000000001,105.52300000000001,169.187,125.35499999999999,105.577,71.837,10.4,10.4,102.34299999999999,10.4,42.878,10.4,10.4,36.934,10.4,10.4,32.342,10.4,10.4,211.12099999999998,Pass
1362,585.342,139.25099999999998,184.111,114.418,87.054,69.843,7.8,7.8,7.8,7.8,7.8,7.8,7.8,7.8,7.8,7.8,7.8,7.8,116.31799999999998,7.8,7.8,7.8,7.8,7.8,7.8,7.8,7.8,7.8,7.8,143.242,Dropout
1363,52.396,10.4,10.4,10.4,10.4,10.4,10.4,10.4,10.4,10.4,10.4,10.4,10.4,10.4,10.4,10.4,10.4,10.4,10.4,10.4,10.4,10.4,10.4,10.4,10.4,10.4,10.4,10.4,10.4,10.4,Dropout
1364,71.44699999999999,10.4,10.4,10.4,10.4,10.4,10.4,10.4,10.4,10.4,10.4,10.4,10.4,10.4,10.4,10.4,10.4,10.4,10.4,10.4,10.4,10.4,10.4,10.4,10.4,10.4,10.4,10.4,10.4,10.4,Dropout
1365,1092.9569999999999,161.29,132.071,66.235,107.628,147.216,7.8,107.21300000000001,220.851,289.166,116.74500000000002,88.225,49.417,50.233000000000004,86.793,53.69999999999999,46.009,7.8,132.447,72.64,69.291,58.659,7.8,50.717,51.117000000000004,7.8,7.8,7.8,7.8,154.49099999999999,Fail
1366,396.767,87.622,59.934,109.452,32.629999999999995,10.4,10.4,10.4,10.4,10.4,10.4,10.4,10.4,10.4,10.4,10.4,10.4,10.4,10.4,10.4,10.4,10.4,10.4,10.4,10.4,10.4,10.4,10.4,10.4,10.4,Fail
1367,2236.918,155.902,237.386,129.093,140.266,227.363,7.8,184.547,273.014,305.945,105.07000000000001,235.277,197.178,106.131,196.533,167.792,98.35,7.8,359.595,130.092,146.367,128.948,62.072,197.809,132.978,7.8,258.728,146.69799999999998,388.031,336.943,Pass
1368,737.0540000000001,139.997,164.353,209.27800000000002,94.994,150.014,10.4,10.4,36.287,10.4,10.4,10.4,10.4,10.4,10.4,10.4,10.4,10.4,10.4,10.4,10.4,10.4,10.4,10.4,10.4,10.4,10.4,10.4,10.4,151.073,Dropout
1369,270.155,69.434,57.718,51.166999999999994,30.842,93.726,10.4,10.4,24.569000000000003,10.4,10.4,10.4,10.4,10.4,10.4,10.4,10.4,10.4,10.4,10.4,10.4,10.4,10.4,10.4,10.4,10.4,10.4,10.4,10.4,10.4,Dropout
1370,621.596,121.14099999999999,193.016,95.25299999999999,96.026,97.84199999999998,7.8,132.278,78.442,7.8,7.8,7.8,7.8,7.8,7.8,7.8,7.8,7.8,120.894,7.8,7.8,7.8,7.8,7.8,7.8,7.8,7.8,7.8,7.8,139.242,Dropout
1371,2038.9029999999998,160.862,129.265,226.402,88.894,280.349,10.4,260.726,191.431,98.41499999999999,65.354,108.711,275.688,160.672,112.733,94.66499999999999,46.067,10.4,427.718,139.43,115.399,79.258,10.4,64.82900000000001,58.922,10.4,61.75999999999999,10.4,98.92,321.937,Pass
1372,1455.6639999999998,108.825,122.97,146.522,109.877,138.784,10.4,167.587,188.48399999999998,134.538,183.028,144.291,159.464,131.455,133.934,154.315,111.13699999999997,10.4,158.911,124.07,157.118,142.452,118.675,136.30700000000002,140.12300000000002,10.4,131.2,112.62799999999999,157.427,336.56,Pass
1373,1070.2690000000002,125.553,88.475,199.59999999999997,75.836,92.318,7.8,110.315,2.51,-0.9160000000000004,-13.458000000000002,7.8,89.389,56.66499999999999,28.55,-1.583000000000002,5.3919999999999995,7.8,175.07900000000004,10.316999999999998,50.256,30.784,30.759,41.165000000000006,25.342,7.8,38.292,35.117,108.63499999999999,194.254,Pass
1374,652.962,117.05600000000001,133.809,96.97199999999998,59.839999999999996,7.8,7.8,7.8,78.288,7.8,7.8,7.8,7.8,7.8,7.8,7.8,7.8,7.8,7.8,7.8,7.8,7.8,7.8,7.8,7.8,7.8,7.8,7.8,7.8,134.842,Dropout
1375,2101.244,138.995,64.996,16.317,132.02100000000002,109.21000000000001,10.4,28.217,149.905,151.69299999999998,94.909,42.208999999999996,33.891999999999996,65.172,38.927,10.4,10.4,10.4,198.318,10.4,43.858999999999995,10.4,10.4,10.4,10.4,10.4,41.767,10.4,45.233999999999995,224.686,Pass
1376,1543.168,167.19,113.16999999999999,176.564,130.204,128.81300000000002,10.4,149.287,146.029,138.878,126.188,92.51,115.399,120.822,158.139,102.046,49.159000000000006,10.4,255.57199999999997,77.98599999999999,101.982,47.56699999999999,56.059000000000005,66.441,83.416,10.4,47.455,76.934,149.688,153.661,Pass
1377,54.417,10.4,10.4,10.4,10.4,10.4,10.4,10.4,10.4,10.4,10.4,10.4,10.4,10.4,10.4,10.4,10.4,10.4,10.4,10.4,10.4,10.4,10.4,10.4,10.4,10.4,10.4,10.4,10.4,10.4,Dropout
1378,873.2749999999999,197.767,127.99999999999999,194.1,89.58300000000001,105.608,10.4,96.43,10.4,10.4,10.4,10.4,10.4,10.4,10.4,10.4,10.4,10.4,127.13099999999999,10.4,10.4,10.4,10.4,10.4,10.4,10.4,10.4,10.4,10.4,144.987,Dropout
1379,54.417,10.4,10.4,10.4,10.4,10.4,10.4,10.4,10.4,10.4,10.4,10.4,10.4,10.4,10.4,10.4,10.4,10.4,10.4,10.4,10.4,10.4,10.4,10.4,10.4,10.4,10.4,10.4,10.4,10.4,Dropout
1380,1333.9509999999998,92.65499999999999,111.987,72.084,104.244,68.414,7.8,61.892,129.96099999999998,33.107,43.082,75.59,80.906,91.666,81.991,72.118,65.308,7.8,225.55399999999997,161.354,125.153,83.567,80.059,38.516999999999996,7.8,7.8,82.41600000000001,36.359,120.09800000000001,246.62499999999997,Pass
1381,228.999,10.4,10.4,10.4,80.578,10.4,10.4,10.4,10.4,10.4,10.4,10.4,10.4,10.4,10.4,10.4,10.4,10.4,102.768,10.4,10.4,10.4,10.4,10.4,10.4,10.4,10.4,10.4,10.4,139.99200000000002,Fail
1382,235.06400000000002,82.472,10.4,10.4,10.4,10.4,10.4,10.4,10.4,10.4,10.4,10.4,10.4,10.4,10.4,10.4,10.4,10.4,10.4,10.4,10.4,10.4,10.4,10.4,10.4,10.4,10.4,10.4,10.4,157.13000000000002,Dropout
1383,144.80300000000003,42.19200000000001,66.234,7.8,7.8,7.8,7.8,7.8,7.8,7.8,7.8,7.8,7.8,7.8,7.8,7.8,7.8,7.8,7.8,7.8,7.8,7.8,7.8,7.8,7.8,7.8,7.8,7.8,7.8,125.49199999999999,Dropout
1384,2297.328,124.965,151.916,266.22700000000003,136.768,296.785,10.4,292.61899999999997,358.90500000000003,323.021,264.55100000000004,346.639,237.403,285.60999999999996,190.903,284.25899999999996,242.54000000000002,10.4,304.31800000000004,272.332,278.418,246.032,287.404,241.93599999999998,199.92,10.4,200.27700000000002,229.53500000000003,67.279,179.399,Fail
1385,1118.6699999999998,204.28,171.278,295.64099999999996,110.78800000000001,61.484,10.4,57.992000000000004,39.89,61.909000000000006,10.4,64.668,10.4,10.4,10.4,10.4,10.4,10.4,10.4,10.4,10.4,10.4,10.4,10.4,10.4,10.4,10.4,10.4,10.4,164.762,Dropout
1386,1779.7120000000002,148.54500000000002,180.979,142.168,99.908,85.406,10.4,86.37100000000001,115.13199999999999,155.775,171.678,152.253,148.922,149.848,131.61599999999999,153.69799999999998,119.535,10.4,415.472,112.43599999999999,202.54500000000002,129.51,69.309,143.207,138.141,10.4,94.582,65.68,210.355,353.433,Pass
1387,1274.758,173.078,174.76,160.971,114.22,176.752,10.4,184.458,234.138,264.334,162.298,131.94299999999998,147.199,149.64600000000002,159.94799999999998,119.90899999999999,8.966999999999999,10.4,141.48000000000002,68.975,127.93700000000001,67.65700000000001,65.97999999999999,67.43900000000001,71.465,10.4,53.12100000000001,58.56200000000001,97.928,299.865,Pass
1388,1834.625,101.39500000000001,86.841,172.512,93.631,136.909,10.4,124.342,221.16199999999998,134.435,102.94300000000001,122.941,133.01500000000001,133.572,123.59599999999999,120.337,114.162,10.4,261.51099999999997,135.336,152.759,116.578,95.64099999999999,101.81,115.888,10.4,67.227,61.684,86.14300000000001,256.238,Pass
1389,51.81700000000001,7.8,7.8,7.8,7.8,7.8,7.8,7.8,7.8,7.8,7.8,7.8,7.8,7.8,7.8,7.8,7.8,7.8,7.8,7.8,7.8,7.8,7.8,7.8,7.8,7.8,7.8,7.8,7.8,7.8,Dropout
1390,115.54399999999998,10.4,10.4,10.4,10.4,10.4,10.4,10.4,10.4,10.4,10.4,10.4,10.4,10.4,10.4,10.4,10.4,10.4,10.4,10.4,10.4,10.4,10.4,10.4,10.4,10.4,10.4,10.4,10.4,10.4,Dropout
1391,175.717,52.984,10.4,10.4,10.4,10.4,10.4,10.4,10.4,10.4,10.4,10.4,10.4,10.4,10.4,10.4,10.4,10.4,103.369,10.4,10.4,10.4,10.4,10.4,10.4,10.4,10.4,10.4,10.4,138.709,Dropout
1392,155.602,54.992,10.4,10.4,10.4,10.4,10.4,10.4,10.4,10.4,10.4,10.4,10.4,10.4,10.4,10.4,10.4,10.4,99.19200000000001,10.4,10.4,10.4,10.4,10.4,10.4,10.4,10.4,10.4,10.4,10.4,Dropout
1393,849.941,101.18599999999999,97.214,31.276,58.340999999999994,74.798,10.4,51.891999999999996,69.17500000000001,42.242,10.4,10.4,98.191,51.614999999999995,53.678000000000004,42.666999999999994,10.4,10.4,90.267,10.4,72.029,10.4,10.4,10.4,10.4,10.4,10.4,10.4,10.4,185.249,Dropout
1394,1479.9969999999998,149.01299999999998,125.95899999999999,252.696,79.435,118.67899999999999,10.4,222.779,218.101,126.82,101.16899999999998,109.58899999999998,188.50900000000001,207.007,150.759,78.673,41.483999999999995,10.4,228.981,178.00599999999997,189.88,110.17999999999999,94.363,10.4,10.4,10.4,85.254,10.4,65.084,87.218,Fail
1395,78.767,10.4,10.4,10.4,10.4,10.4,10.4,10.4,10.4,10.4,10.4,10.4,10.4,10.4,10.4,10.4,10.4,10.4,10.4,10.4,10.4,10.4,10.4,10.4,10.4,10.4,10.4,10.4,10.4,10.4,Dropout
1396,54.417,10.4,10.4,10.4,10.4,10.4,10.4,10.4,10.4,10.4,10.4,10.4,10.4,10.4,10.4,10.4,10.4,10.4,10.4,10.4,10.4,10.4,10.4,10.4,10.4,10.4,10.4,10.4,10.4,10.4,Dropout
1397,258.903,105.16300000000001,75.139,10.4,32.513,10.4,10.4,10.4,10.4,10.4,10.4,10.4,10.4,10.4,10.4,10.4,10.4,10.4,10.4,10.4,10.4,10.4,10.4,10.4,10.4,10.4,10.4,10.4,10.4,10.4,Dropout
1398,51.81700000000001,7.8,7.8,7.8,7.8,7.8,7.8,7.8,7.8,7.8,7.8,7.8,7.8,7.8,7.8,7.8,7.8,7.8,7.8,7.8,7.8,7.8,7.8,7.8,7.8,7.8,7.8,7.8,7.8,7.8,Dropout
1399,6195.811,137.29199999999997,199.156,278.193,128.525,407.122,10.4,407.38399999999996,258.81600000000003,167.19599999999997,245.256,268.77000000000004,323.813,296.702,196.348,191.083,88.001,10.4,407.69100000000003,202.756,296.843,157.793,93.30099999999999,183.73,118.28500000000001,10.4,201.808,113.081,280.387,386.104,Pass
1400,3156.802,255.321,164.02100000000002,377.797,112.065,335.74,7.8,103.714,101.74700000000001,208.66100000000003,82.055,92.484,278.193,192.06899999999996,195.128,145.51500000000001,68.97,7.8,358.39599999999996,189.04099999999997,256.242,224.078,61.53399999999999,137.606,142.501,7.8,94.71,45.053,118.351,363.43300000000005,Pass
1401,2476.953,217.116,164.501,359.41799999999995,126.566,292.879,10.4,410.23800000000006,323.705,351.652,252.41,389.226,262.347,231.59299999999996,214.74200000000002,291.683,212.975,10.4,267.035,217.93400000000003,240.71800000000002,208.212,234.027,181.508,135.956,10.4,179.2,54.001000000000005,179.81300000000002,396.28299999999996,Pass
1402,2030.4899999999998,231.34500000000003,88.767,303.658,102.662,142.224,10.4,89.32399999999998,254.772,163.044,237.49200000000002,365.188,122.934,92.78999999999999,128.62300000000002,79.989,51.31699999999999,10.4,10.4,10.4,10.4,10.4,10.4,10.4,10.4,10.4,10.4,10.4,10.4,180.786,Dropout
1403,3267.107,183.652,136.702,218.16700000000003,138.548,222.958,10.4,228.461,234.108,185.732,220.039,265.665,274.72200000000004,200.326,163.21499999999997,136.128,77.852,10.4,394.682,179.33100000000002,238.676,202.33,177.78,151.03799999999998,163.155,10.4,113.82900000000001,117.024,202.46900000000005,375.82800000000003,Pass
1404,54.417,10.4,10.4,10.4,10.4,10.4,10.4,10.4,10.4,10.4,10.4,10.4,10.4,10.4,10.4,10.4,10.4,10.4,10.4,10.4,10.4,10.4,10.4,10.4,10.4,10.4,10.4,10.4,10.4,10.4,Dropout
1405,1440.6519999999998,119.33000000000001,10.4,90.807,90.637,59.19199999999999,10.4,121.119,108.25399999999999,74.31,68.762,96.64599999999999,40.442,121.74499999999998,68.355,52.034,77.48899999999999,10.4,10.4,60.451,90.943,17.166999999999998,10.4,27.116999999999997,70.292,10.4,10.4,10.4,10.4,221.32800000000003,Fail
1406,54.417,10.4,10.4,10.4,10.4,10.4,10.4,10.4,10.4,10.4,10.4,10.4,10.4,10.4,10.4,10.4,10.4,10.4,10.4,10.4,10.4,10.4,10.4,10.4,10.4,10.4,10.4,10.4,10.4,10.4,Dropout
1407,500.004,156.173,93.031,97.964,71.46700000000001,56.708999999999996,10.4,57.659,107.786,10.4,10.4,10.4,10.4,10.4,35.590999999999994,10.4,10.4,10.4,10.4,10.4,10.4,10.4,10.4,10.4,10.4,10.4,10.4,10.4,10.4,109.81700000000001,Fail
1408,373.697,163.043,120.447,10.4,31.924999999999997,10.4,10.4,10.4,10.4,10.4,10.4,10.4,45.642,10.4,10.4,10.4,10.4,10.4,10.4,10.4,10.4,10.4,10.4,10.4,10.4,10.4,10.4,10.4,10.4,171.35399999999998,Dropout
1409,350.96,62.334,64.275,76.312,94.707,10.4,10.4,10.4,10.4,10.4,10.4,10.4,10.4,10.4,10.4,10.4,10.4,10.4,10.4,10.4,10.4,10.4,10.4,10.4,10.4,10.4,10.4,10.4,10.4,10.4,Dropout
1410,1817.5479999999998,178.05200000000002,189.492,168.47899999999998,86.783,283.69599999999997,10.4,174.81900000000002,130.449,145.04500000000002,160.74300000000002,288.892,183.31199999999998,185.17200000000003,154.93099999999998,190.95600000000002,149.859,10.4,154.792,135.848,160.873,142.599,110.723,169.939,159.30800000000002,10.4,146.025,123.612,164.458,541.206,Pass
1411,624.6999999999999,105.85000000000001,54.56699999999999,57.542,30.08,46.067,10.4,10.4,107.02,24.359,10.4,10.4,32.766999999999996,38.742000000000004,38.212999999999994,44.092,74.48700000000001,10.4,55.833,10.4,37.97,10.4,10.4,10.4,10.4,10.4,57.542,60.517,10.4,10.4,Fail
1412,2321.1440000000002,108.309,190.282,290.521,118.322,238.07899999999998,10.4,151.62099999999998,222.34199999999998,195.346,247.13299999999998,345.10699999999997,187.805,184.03399999999996,157.99599999999998,181.928,91.66499999999999,10.4,215.449,157.61700000000002,144.749,100.388,90.28800000000001,92.474,99.923,10.4,103.84799999999998,43.684,96.75699999999999,295.73499999999996,Pass
1413,3755.6000000000004,206.75300000000004,144.541,163.938,112.751,123.61699999999999,7.8,36.949,58.911,146.419,7.8,89.979,56.588,47.56699999999999,39.215999999999994,43.516999999999996,7.8,7.8,86.096,7.8,44.583,7.8,7.8,26.367000000000004,7.8,7.8,91.971,7.8,57.11699999999999,45.009,Pass
1414,2127.034,187.887,154.404,253.18499999999997,102.915,240.303,10.4,220.63599999999997,200.26099999999997,155.67299999999997,226.512,249.065,250.88799999999998,195.31400000000002,210.96699999999998,178.671,101.81800000000001,10.4,343.547,233.695,253.172,157.441,141.905,203.31500000000003,146.743,10.4,175.367,200.157,199.473,411.268,Pass
1415,54.417,10.4,10.4,10.4,10.4,10.4,10.4,10.4,10.4,10.4,10.4,10.4,10.4,10.4,10.4,10.4,10.4,10.4,10.4,10.4,10.4,10.4,10.4,10.4,10.4,10.4,10.4,10.4,10.4,10.4,Dropout
1416,1893.9209999999998,140.72,134.48499999999999,181.654,92.27799999999999,136.836,10.4,132.768,117.32199999999999,96.03999999999999,136.74599999999998,84.34400000000001,127.399,171.17899999999997,123.176,147.375,119.873,10.4,261.677,146.643,189.803,137.482,104.571,122.46600000000001,137.707,10.4,134.832,106.484,109.056,109.91199999999999,Pass
1417,323.19199999999995,55.141999999999996,10.4,10.4,30.899,60.092,10.4,10.4,30.866,10.4,10.4,10.4,10.4,10.4,10.4,10.4,10.4,10.4,10.4,10.4,10.4,10.4,10.4,10.4,10.4,10.4,10.4,10.4,10.4,143.351,Dropout
1418,51.81700000000001,7.8,7.8,7.8,7.8,7.8,7.8,7.8,7.8,7.8,7.8,7.8,7.8,7.8,7.8,7.8,7.8,7.8,7.8,7.8,7.8,7.8,7.8,7.8,7.8,7.8,7.8,7.8,7.8,7.8,Dropout
1419,1309.947,122.013,106.872,147.5,95.583,142.69299999999998,10.4,179.347,135.461,87.58599999999998,146.44,128.203,141.54600000000002,146.627,166.40699999999998,67.281,59.718,10.4,154.836,121.162,173.121,111.99200000000002,126.62800000000001,122.57400000000001,104.78099999999999,10.4,66.763,67.606,119.161,141.072,Pass
1420,114.52499999999999,10.4,10.4,10.4,10.4,10.4,10.4,10.4,10.4,10.4,10.4,10.4,10.4,10.4,10.4,10.4,10.4,10.4,10.4,10.4,10.4,10.4,10.4,10.4,10.4,10.4,10.4,10.4,10.4,10.4,Dropout
1421,1672.846,144.588,155.411,192.761,133.5,232.05700000000002,10.4,193.26299999999998,161.05499999999998,153.469,113.09299999999999,156.11,117.86499999999998,66.143,70.339,99.392,42.93300000000001,10.4,213.639,44.98400000000001,73.982,52.417,115.856,69.39999999999999,73.256,10.4,118.933,79.431,118.803,267.669,Pass
1422,54.417,10.4,10.4,10.4,10.4,10.4,10.4,10.4,10.4,10.4,10.4,10.4,10.4,10.4,10.4,10.4,10.4,10.4,10.4,10.4,10.4,10.4,10.4,10.4,10.4,10.4,10.4,10.4,10.4,10.4,Dropout
1423,406.20000000000005,75.281,51.592,72.239,28.733,10.4,10.4,10.4,10.4,10.4,10.4,10.4,10.4,10.4,10.4,10.4,10.4,10.4,102.91799999999999,10.4,10.4,10.4,10.4,10.4,10.4,10.4,10.4,10.4,10.4,142.692,Dropout
1424,32.475,7.8,39.217,7.8,7.8,7.8,7.8,7.8,7.8,7.8,7.8,7.8,7.8,7.8,7.8,7.8,7.8,7.8,7.8,7.8,7.8,7.8,7.8,7.8,7.8,7.8,7.8,7.8,7.8,7.8,Dropout
1425,51.81700000000001,7.8,7.8,7.8,7.8,7.8,7.8,7.8,7.8,7.8,7.8,7.8,7.8,7.8,7.8,7.8,7.8,7.8,7.8,7.8,7.8,7.8,7.8,7.8,7.8,7.8,7.8,7.8,7.8,7.8,Dropout
1426,1290.652,61.301,99.77399999999999,170.76100000000002,80.10900000000001,10.4,10.4,123.57499999999999,38.396,10.4,10.4,-12.283000000000005,81.62,38.31700000000001,29.072000000000003,55.267,10.4,10.4,280.55400000000003,10.4,40.328,10.4,10.4,10.4,10.4,10.4,10.4,10.4,10.4,239.968,Pass
1427,256.751,58.626,71.55900000000001,122.548,30.637999999999998,10.4,10.4,10.4,10.4,10.4,10.4,10.4,10.4,10.4,10.4,10.4,10.4,10.4,10.4,10.4,10.4,10.4,10.4,10.4,10.4,10.4,10.4,10.4,10.4,10.4,Dropout
1428,1392.627,158.117,159.057,126.808,135.348,118.773,10.4,118.59700000000001,120.95299999999999,91.413,94.679,92.363,88.136,92.759,102.929,76.536,17.685,10.4,141.525,96.908,133.964,102.628,64.466,62.001999999999995,39.28,10.4,54.573,50.410000000000004,82.697,319.25,Pass
1429,1514.3070000000002,91.003,90.278,134.313,108.083,90.654,7.8,165.629,65.74,83.311,38.259,61.034,47.392,93.682,85.53699999999999,7.8,7.8,7.8,197.564,89.85000000000001,116.67600000000002,97.68599999999998,68.0,86.47200000000001,41.69200000000001,7.8,34.109,42.617000000000004,114.64899999999999,157.504,Pass
1430,580.1959999999999,79.661,53.667,97.88600000000001,25.548,7.8,7.8,7.8,7.8,7.8,7.8,7.8,7.8,7.8,7.8,7.8,7.8,7.8,108.66799999999999,7.8,7.8,7.8,7.8,7.8,7.8,7.8,7.8,7.8,7.8,142.917,Dropout
1431,1959.642,79.003,122.48299999999999,165.75900000000001,134.316,161.913,10.4,247.21,149.19,-7.624000000000002,53.617000000000004,122.82000000000002,132.781,138.49399999999997,106.55599999999998,71.171,82.38499999999999,10.4,256.841,145.138,166.32,71.066,48.083,87.93,87.48599999999999,10.4,50.56699999999999,10.4,43.992,117.31099999999999,Pass
1432,1142.08,187.86,268.658,172.73899999999998,103.64099999999999,218.94599999999997,10.4,156.397,248.54,215.642,111.339,143.862,107.20899999999999,10.4,38.096000000000004,64.417,10.4,10.4,102.34299999999999,10.4,10.4,10.4,10.4,10.4,10.4,10.4,10.4,10.4,10.4,156.676,Dropout
1433,1970.5369999999998,171.07999999999998,126.10399999999998,199.11400000000003,125.097,189.303,10.4,200.12099999999998,289.334,277.25600000000003,209.41200000000003,192.124,154.115,166.43200000000002,171.329,169.078,113.55100000000002,10.4,168.01800000000003,152.697,145.172,134.28400000000002,167.81099999999998,147.713,106.039,10.4,119.86199999999998,68.65499999999999,91.717,324.92199999999997,Pass
1434,54.417,10.4,10.4,10.4,10.4,10.4,10.4,10.4,10.4,10.4,10.4,10.4,10.4,10.4,10.4,10.4,10.4,10.4,10.4,10.4,10.4,10.4,10.4,10.4,10.4,10.4,10.4,10.4,10.4,10.4,Dropout
1435,150.59799999999998,10.4,10.4,10.4,35.003,10.4,10.4,10.4,10.4,10.4,10.4,10.4,10.4,10.4,10.4,10.4,10.4,10.4,10.4,10.4,10.4,10.4,10.4,10.4,10.4,10.4,10.4,10.4,10.4,10.4,Fail
1436,2335.8289999999997,124.46900000000001,132.42499999999998,270.424,151.043,191.89100000000002,7.8,167.136,231.849,153.911,153.278,97.736,137.106,171.964,180.061,97.02000000000001,51.509,7.8,348.682,161.722,262.79200000000003,195.958,61.18899999999999,202.21599999999998,87.87299999999999,7.8,93.78099999999999,133.15,187.52,370.79,Pass
1437,331.129,10.4,10.4,10.4,31.634,10.4,10.4,10.4,28.436,10.4,10.4,10.4,10.4,10.4,10.4,10.4,10.4,10.4,10.4,10.4,10.4,10.4,10.4,10.4,10.4,10.4,10.4,10.4,10.4,10.4,Dropout
1438,141.95799999999997,127.77499999999999,125.134,123.777,76.567,123.576,10.4,124.009,131.535,88.959,110.934,10.4,10.4,10.4,10.4,10.4,10.4,10.4,10.4,10.4,10.4,10.4,10.4,10.4,10.4,10.4,10.4,10.4,10.4,10.4,Dropout
1439,3006.5969999999998,238.402,204.125,224.23900000000003,159.829,259.783,10.4,203.30999999999997,188.041,211.058,130.05599999999998,128.001,151.513,142.39,95.92099999999999,71.09700000000001,10.4,10.4,285.73,157.21099999999998,130.604,87.831,110.70100000000001,90.069,93.81400000000001,10.4,54.717,36.834,142.515,286.89,Pass
1440,2741.3849999999998,246.729,202.096,368.82200000000006,167.401,267.405,10.4,213.47699999999998,312.07499999999993,298.147,263.35999999999996,317.25600000000003,236.65599999999998,209.75099999999998,264.443,193.403,168.948,10.4,325.86199999999997,143.322,169.943,128.173,215.779,106.906,129.25300000000001,10.4,117.363,124.259,189.49,604.692,Pass
1441,1955.5620000000004,215.195,132.784,225.791,153.712,218.19400000000002,10.4,200.019,237.685,144.573,145.39700000000002,148.274,172.618,117.732,119.576,172.528,90.796,10.4,210.732,145.972,124.18199999999999,57.593,44.821999999999996,102.528,81.326,10.4,101.54599999999999,69.533,145.36499999999998,350.7049999999999,Pass
1442,1942.3080000000002,338.578,176.386,273.475,133.532,331.66200000000003,10.4,188.14299999999997,363.76099999999997,276.464,203.905,177.683,170.661,203.207,144.868,132.461,98.807,10.4,284.026,213.45999999999998,237.533,142.40999999999997,144.45600000000002,138.673,88.416,10.4,236.133,211.559,167.049,157.535,Pass
1443,2233.913,64.733,10.4,10.4,29.027,-28.583000000000002,10.4,10.4,33.62,10.4,10.4,10.4,10.4,77.809,35.753,10.4,10.4,10.4,259.02,10.4,72.25999999999999,10.4,10.4,10.4,10.4,10.4,10.4,10.4,51.842000000000006,78.58,Pass
1444,3155.7870000000003,215.813,144.606,236.72899999999998,132.189,130.43099999999998,7.8,144.95100000000002,134.816,99.44699999999999,126.46999999999998,111.295,151.605,118.518,152.36599999999999,73.58500000000001,76.56,7.8,184.96699999999998,81.972,86.947,88.922,20.634,116.136,123.111,7.8,36.155,38.509,155.65099999999998,311.899,Pass
1445,1039.607,81.533,79.19800000000001,186.924,82.264,137.7,10.4,142.778,72.164,10.4,10.4,10.4,10.4,10.4,10.4,10.4,10.4,10.4,105.91900000000001,10.4,10.4,10.4,10.4,10.4,10.4,10.4,10.4,10.4,10.4,188.67,Dropout
1446,2647.2699999999995,169.724,132.922,152.89000000000001,121.672,73.838,10.4,82.836,127.66399999999999,157.916,90.44200000000001,119.84699999999998,117.75999999999999,75.012,81.92599999999999,107.59100000000001,102.15299999999999,10.4,287.568,10.4,122.789,45.008,57.331,37.142,27.792,10.4,10.4,56.07599999999999,66.836,260.90299999999996,Pass
1447,986.705,136.56,120.02900000000001,111.707,102.14499999999998,50.266999999999996,7.8,108.469,109.261,7.8,7.8,108.373,86.12899999999999,66.365,91.476,68.78999999999999,7.8,7.8,114.70400000000001,7.8,44.877,16.866999999999997,7.8,25.817,7.8,7.8,39.259,33.234,88.209,216.66,Pass
1448,61.667,10.4,10.4,10.4,10.4,10.4,10.4,10.4,10.4,10.4,10.4,10.4,10.4,10.4,10.4,10.4,10.4,10.4,10.4,10.4,10.4,10.4,10.4,10.4,10.4,10.4,10.4,10.4,10.4,10.4,Dropout
1449,317.88899999999995,96.252,61.301,62.393,75.36300000000001,10.4,10.4,10.4,10.4,10.4,10.4,10.4,10.4,10.4,10.4,10.4,10.4,10.4,10.4,10.4,10.4,10.4,10.4,10.4,10.4,10.4,10.4,10.4,10.4,10.4,Fail
1450,54.417,10.4,10.4,10.4,10.4,10.4,10.4,10.4,10.4,10.4,10.4,10.4,10.4,10.4,10.4,10.4,10.4,10.4,10.4,10.4,10.4,10.4,10.4,10.4,10.4,10.4,10.4,10.4,10.4,10.4,Dropout
1451,54.417,10.4,10.4,10.4,10.4,10.4,10.4,10.4,10.4,10.4,10.4,10.4,10.4,10.4,10.4,10.4,10.4,10.4,10.4,10.4,10.4,10.4,10.4,10.4,10.4,10.4,10.4,10.4,10.4,10.4,Dropout
1452,2635.312,165.665,109.749,197.471,135.764,112.479,7.8,160.75,120.136,127.09899999999999,75.9,63.22800000000001,155.57799999999997,163.509,123.911,186.24599999999998,136.545,7.8,413.626,69.554,189.728,108.931,87.943,125.76,89.92399999999999,7.8,94.057,116.32300000000001,110.017,409.36300000000006,Pass
1453,54.417,10.4,10.4,10.4,10.4,10.4,10.4,10.4,10.4,10.4,10.4,10.4,10.4,10.4,10.4,10.4,10.4,10.4,10.4,10.4,10.4,10.4,10.4,10.4,10.4,10.4,10.4,10.4,10.4,10.4,Dropout
1454,2653.411,364.441,423.12600000000003,371.02399999999994,167.459,301.991,10.4,279.467,306.784,302.45,205.562,286.021,218.88299999999998,214.168,206.21699999999998,206.42899999999997,156.434,10.4,370.546,221.149,179.12,152.881,149.17999999999998,177.62099999999998,148.566,10.4,130.02299999999997,60.425999999999995,192.615,332.34400000000005,Pass
1455,54.417,10.4,10.4,10.4,10.4,10.4,10.4,10.4,10.4,10.4,10.4,10.4,10.4,10.4,10.4,10.4,10.4,10.4,10.4,10.4,10.4,10.4,10.4,10.4,10.4,10.4,10.4,10.4,10.4,10.4,Dropout
1456,1832.252,110.88,149.582,221.62,113.761,221.71999999999997,10.4,143.115,241.309,121.23700000000001,47.842000000000006,254.076,155.138,88.83699999999999,89.384,28.513999999999996,24.084,10.4,346.128,235.47199999999998,201.35199999999998,87.928,10.4,154.445,120.68,10.4,55.513,33.742,101.457,202.665,Pass
1457,76.41300000000001,10.4,10.4,10.4,10.4,10.4,10.4,10.4,10.4,10.4,10.4,10.4,10.4,10.4,10.4,10.4,10.4,10.4,10.4,10.4,10.4,10.4,10.4,10.4,10.4,10.4,10.4,10.4,10.4,10.4,Dropout
1458,1717.8329999999999,147.723,74.074,36.632999999999996,115.018,-19.933000000000003,10.4,79.993,74.419,87.126,47.766999999999996,65.454,-10.033000000000003,75.51899999999999,41.449999999999996,10.4,10.4,10.4,164.207,96.03,69.299,76.81499999999998,64.888,41.767,42.762,10.4,48.908,10.4,51.28000000000001,245.76600000000002,Pass
1459,75.155,69.18400000000001,7.8,7.8,7.8,7.8,7.8,7.8,7.8,7.8,7.8,7.8,7.8,7.8,7.8,7.8,7.8,7.8,7.8,7.8,7.8,7.8,7.8,7.8,7.8,7.8,7.8,7.8,7.8,7.8,Dropout
1460,411.109,124.476,81.627,10.4,33.041,10.4,10.4,10.4,10.4,10.4,10.4,10.4,10.4,10.4,10.4,10.4,10.4,10.4,118.603,10.4,10.4,10.4,10.4,10.4,10.4,10.4,10.4,10.4,10.4,150.90900000000002,Dropout
1461,3673.653,198.001,240.32,315.27,156.219,203.02700000000002,10.4,196.079,280.892,231.15099999999998,214.585,283.318,210.176,275.504,204.053,180.51600000000002,119.81799999999998,10.4,440.507,205.841,190.276,142.10899999999998,116.234,168.485,181.44400000000002,10.4,141.733,81.06200000000001,161.951,420.67300000000006,Pass
1462,3760.113,117.864,134.62,347.28,139.70600000000002,445.75800000000004,7.8,325.05699999999996,253.10600000000002,196.591,298.39799999999997,361.171,299.72499999999997,294.441,222.96800000000002,167.43800000000002,73.077,7.8,378.31899999999996,235.375,176.666,160.868,99.445,201.073,148.60999999999999,7.8,169.283,133.065,206.60699999999997,412.341,Pass
1463,493.481,60.059,93.66000000000001,134.673,101.883,67.442,10.4,87.16499999999999,36.902,10.4,10.4,10.4,10.4,10.4,10.4,10.4,10.4,10.4,10.4,10.4,10.4,10.4,10.4,10.4,10.4,10.4,10.4,10.4,10.4,140.842,Dropout
1464,2563.5759999999996,142.947,280.384,257.01599999999996,98.101,276.053,7.8,270.014,290.138,168.074,155.272,166.04900000000004,131.304,115.992,196.777,89.91,75.676,7.8,203.311,213.523,176.98199999999997,84.646,68.106,34.661,70.808,7.8,47.79599999999999,61.736999999999995,94.425,267.583,Pass
1465,1346.32,109.034,68.909,138.85399999999998,96.438,140.847,10.4,131.297,76.608,74.616,57.117,75.82000000000001,38.141999999999996,73.89300000000001,44.321,58.434,10.4,10.4,10.4,10.4,45.001999999999995,10.4,10.4,10.4,10.4,10.4,10.4,10.4,10.4,10.4,Fail
1466,1515.4640000000002,94.64500000000001,117.83,192.70700000000002,131.152,140.805,10.4,125.115,53.986999999999995,62.653999999999996,77.44200000000001,168.861,101.66,93.527,80.735,105.45100000000001,93.084,10.4,131.703,87.074,115.05,39.055,53.3,126.896,109.08499999999998,10.4,50.794,10.4,48.992000000000004,268.738,Pass
1467,1614.09,185.536,171.50099999999998,244.042,112.957,-20.884,10.4,-0.511000000000001,11.64,49.601,109.244,-5.529000000000002,73.89699999999999,61.233999999999995,102.87800000000001,70.184,85.30999999999999,10.4,208.846,118.039,123.369,36.187,75.179,27.842,36.817,10.4,46.096,42.259,45.385,281.825,Pass
1468,58.642,7.8,7.8,7.8,7.8,7.8,7.8,7.8,7.8,7.8,7.8,7.8,7.8,7.8,7.8,7.8,7.8,7.8,7.8,7.8,7.8,7.8,7.8,7.8,7.8,7.8,7.8,7.8,7.8,7.8,Dropout
1469,260.347,10.4,10.4,10.4,30.139999999999997,10.4,10.4,10.4,10.4,10.4,10.4,10.4,10.4,10.4,10.4,10.4,10.4,10.4,141.205,10.4,10.4,10.4,10.4,10.4,10.4,10.4,10.4,10.4,10.4,131.067,Dropout
1470,176.99400000000003,64.509,57.967,10.4,10.4,10.4,10.4,10.4,10.4,10.4,10.4,10.4,10.4,10.4,10.4,10.4,10.4,10.4,10.4,10.4,10.4,10.4,10.4,10.4,10.4,10.4,10.4,10.4,10.4,10.4,Dropout
1471,77.26700000000001,10.4,10.4,10.4,10.4,10.4,10.4,10.4,10.4,10.4,10.4,10.4,10.4,10.4,10.4,10.4,10.4,10.4,10.4,10.4,10.4,10.4,10.4,10.4,10.4,10.4,10.4,10.4,10.4,10.4,Dropout
1472,1870.9530000000002,166.594,57.107,346.124,83.12,303.938,10.4,276.596,224.914,91.05199999999999,67.843,87.825,166.47299999999998,138.361,87.595,79.997,15.008999999999999,10.4,374.9030000000001,113.817,99.205,88.578,49.668,115.94699999999999,97.199,10.4,83.60300000000001,70.546,123.586,293.643,Pass
1473,2345.175,156.396,144.407,228.522,89.329,140.488,10.4,170.914,194.702,144.342,126.153,157.625,140.26899999999998,146.793,153.13,125.952,81.482,10.4,195.967,140.40900000000002,171.06199999999998,124.093,99.40899999999999,140.447,136.505,10.4,75.632,87.005,153.182,385.38,Pass
1474,2273.3320000000003,124.084,46.77799999999999,207.17000000000002,135.651,172.248,7.8,139.623,227.07099999999997,132.133,176.211,170.304,134.496,157.144,160.41700000000003,51.509,7.8,7.8,192.139,158.304,171.026,148.87099999999998,66.133,120.489,133.509,7.8,61.705,39.184,131.308,253.224,Pass
1475,2314.176,114.157,139.57799999999997,282.028,127.28,233.68,7.8,177.35,240.574,115.91199999999998,142.081,121.731,166.50900000000001,214.043,170.708,185.392,67.283,7.8,384.121,190.302,223.834,108.41,120.271,176.14100000000002,166.25,7.8,50.981,66.985,96.926,127.94600000000001,Pass
1476,1344.8029999999999,147.21099999999998,75.22200000000001,204.824,113.196,230.425,10.4,168.14499999999998,134.379,115.595,112.02199999999999,107.18099999999998,157.566,182.65999999999997,156.09699999999998,78.38,81.944,10.4,190.32800000000003,123.758,127.10400000000001,41.242,70.39,55.176,66.522,10.4,89.67800000000001,81.89500000000001,104.077,274.901,Pass
1477,1881.77,60.059,42.465999999999994,65.38499999999999,80.42099999999999,20.292,10.4,65.285,165.709,89.213,167.882,107.06700000000001,178.08399999999997,185.894,136.012,6.933999999999998,10.4,10.4,357.243,186.274,180.776,142.256,95.51400000000001,105.554,111.04599999999999,10.4,46.65899999999999,43.634,164.26700000000002,212.213,Pass
1478,786.6300000000001,117.272,70.271,10.4,34.855999999999995,10.4,10.4,10.4,10.4,10.4,10.4,10.4,10.4,10.4,10.4,10.4,10.4,10.4,112.268,10.4,10.4,10.4,10.4,10.4,10.4,10.4,10.4,10.4,10.4,145.562,Fail
1479,54.417,10.4,10.4,10.4,10.4,10.4,10.4,10.4,10.4,10.4,10.4,10.4,10.4,10.4,10.4,10.4,10.4,10.4,10.4,10.4,10.4,10.4,10.4,10.4,10.4,10.4,10.4,10.4,10.4,10.4,Dropout
1480,4557.068,194.49699999999999,207.686,187.357,128.14600000000002,229.374,10.4,230.773,169.941,160.955,185.325,213.30100000000002,244.71999999999997,198.01,196.892,149.715,70.688,10.4,356.52599999999995,176.353,190.998,168.27100000000002,100.76,166.813,180.90099999999998,10.4,127.46799999999999,88.407,132.85899999999998,316.59200000000004,Pass
1481,1558.489,144.584,162.001,163.52300000000002,35.882,94.30900000000001,10.4,-19.777,132.482,212.19400000000002,92.312,107.87599999999999,140.005,152.85899999999998,146.382,90.92299999999999,10.4,10.4,208.35299999999998,132.634,149.762,115.57200000000002,75.925,82.73,72.481,10.4,78.533,10.4,75.319,184.099,Pass
1482,2729.566,153.62,149.715,285.306,126.935,267.842,7.8,240.267,228.944,172.97,184.379,156.73700000000002,224.03199999999998,165.666,193.132,151.71599999999998,111.126,7.8,399.14099999999996,191.998,245.38199999999998,175.79999999999998,121.324,190.418,152.22400000000002,7.8,133.773,74.67500000000001,157.478,408.295,Pass
1483,1337.1909999999998,131.26999999999998,87.901,149.697,76.839,101.18,10.4,-23.058000000000003,106.617,69.857,125.596,51.134,134.91,107.61099999999999,108.177,101.231,73.44,10.4,71.70299999999999,10.4,43.991,10.4,10.4,31.842,29.817,10.4,36.859,10.4,100.234,309.587,Pass
1484,1922.8290000000002,128.961,122.599,120.106,129.958,149.351,10.4,118.65199999999999,104.37899999999999,10.4,10.4,53.65599999999999,149.446,148.161,141.933,73.244,49.643,10.4,255.39000000000001,106.831,49.22,85.79299999999999,90.98,103.14399999999999,117.80900000000001,10.4,58.08399999999999,71.918,64.933,339.93899999999996,Pass
1485,1478.488,67.243,10.4,10.4,29.027,10.4,10.4,10.4,30.926,10.4,10.4,58.67800000000001,10.4,10.4,36.116,10.4,10.4,10.4,10.4,10.4,10.4,10.4,10.4,10.4,10.4,10.4,10.4,10.4,10.4,10.4,Fail
1486,2706.004,98.997,96.713,295.10900000000004,137.86599999999999,220.483,10.4,236.901,344.693,195.54000000000002,240.165,157.11200000000002,229.90900000000002,221.234,240.914,110.68,60.914,10.4,188.559,279.275,272.924,208.20799999999997,95.774,251.529,170.191,10.4,128.397,99.593,243.402,393.38500000000005,Pass
1487,1512.4240000000002,171.038,217.16799999999998,135.619,104.386,105.03800000000001,10.4,148.427,222.75699999999998,166.903,139.567,98.289,123.28300000000002,76.501,78.24799999999999,84.063,10.4,10.4,169.96099999999998,89.29299999999999,118.524,89.31700000000001,90.14800000000001,117.32399999999998,124.51,10.4,45.520999999999994,38.384,61.437,260.112,Pass
1488,5054.274,266.922,172.24099999999999,375.903,119.54999999999998,307.381,7.8,251.27900000000002,332.128,302.27599999999995,295.721,281.08900000000006,253.824,216.86700000000002,244.23,262.084,184.91400000000002,7.8,225.562,222.42,239.564,175.442,170.00799999999998,202.493,182.84000000000003,7.8,241.736,172.82500000000002,158.965,325.13800000000003,Pass
1489,1950.316,174.137,136.40200000000002,193.48799999999997,146.601,146.587,10.4,139.75099999999998,192.67499999999998,225.756,128.609,99.72899999999998,168.04399999999998,133.298,118.66499999999999,119.682,92.07900000000001,10.4,241.75300000000001,199.203,228.45499999999998,168.031,121.83800000000001,99.56899999999999,98.891,10.4,59.206,82.578,126.22899999999998,369.541,Pass
1490,1208.725,223.017,252.40599999999998,172.475,99.762,20.167,10.4,10.4,87.46099999999998,36.259,10.4,42.208999999999996,10.4,10.4,43.658,10.4,10.4,10.4,114.393,10.4,10.4,10.4,19.017,10.4,10.4,10.4,10.4,10.4,10.4,168.859,Fail
1491,56.285,10.4,10.4,69.90899999999999,57.117,10.4,10.4,10.4,10.4,10.4,10.4,10.4,10.4,10.4,10.4,10.4,10.4,10.4,10.4,10.4,10.4,10.4,10.4,10.4,10.4,10.4,10.4,10.4,10.4,10.4,Dropout
1492,2118.134,104.973,125.47200000000001,234.48700000000002,141.25,65.284,10.4,124.191,95.699,162.05100000000002,110.598,141.95499999999998,86.82600000000001,92.28399999999999,123.99,106.16399999999999,59.242,10.4,336.861,135.132,202.414,76.63400000000001,124.14299999999999,33.417,33.391999999999996,10.4,79.103,72.417,67.29199999999999,246.20899999999997,Pass
1493,1781.722,115.059,71.06700000000001,125.14200000000001,95.301,73.476,7.8,-25.488,122.06900000000002,101.365,58.452000000000005,99.337,86.45599999999999,7.8,38.861999999999995,55.892,40.06699999999999,7.8,350.025,151.79999999999998,119.321,81.70400000000001,52.831,38.537,57.11099999999999,7.8,31.167,7.8,67.059,261.71799999999996,Pass
1494,1683.792,122.731,156.60699999999997,205.60499999999996,125.70599999999999,196.08100000000002,10.4,207.235,334.22999999999996,233.624,232.48100000000002,218.591,178.328,195.203,177.168,84.513,84.775,10.4,310.79900000000004,163.77700000000002,212.671,170.49699999999999,83.027,142.555,152.155,10.4,45.291000000000004,59.696000000000005,102.849,241.95299999999997,Pass
1495,2511.207,219.286,122.68299999999999,181.797,108.71199999999999,228.529,10.4,228.92299999999997,227.495,164.51500000000001,275.163,152.295,334.27,366.108,327.35699999999997,227.68600000000004,115.912,10.4,288.78400000000005,294.13,327.02099999999996,247.24599999999998,174.391,214.04600000000002,226.90999999999997,10.4,137.958,176.11599999999999,322.221,435.46,Pass
1496,2466.276,184.37600000000003,160.88,97.09,123.98199999999999,66.176,10.4,119.667,127.994,157.05200000000002,132.673,132.134,92.935,112.82000000000001,95.474,104.55,69.034,10.4,150.972,70.584,47.111000000000004,77.017,83.509,10.4,31.237000000000002,10.4,36.892,10.4,127.70899999999999,251.336,Pass
1497,1740.2510000000002,171.388,104.52000000000001,255.731,104.847,187.012,10.4,127.72,110.159,113.921,-3.3659999999999997,170.488,89.23400000000001,98.209,47.913,90.945,17.634,10.4,354.04400000000004,204.397,242.89100000000002,136.154,72.985,79.676,49.701,10.4,77.306,51.359,99.49,330.545,Pass
1498,2619.141,170.75900000000001,155.4,242.129,130.356,203.166,10.4,177.337,198.099,141.118,169.44,130.5,162.593,194.28699999999998,174.30399999999997,114.128,30.884999999999998,10.4,301.701,162.70099999999996,196.601,153.82799999999997,61.70099999999999,131.77499999999998,135.774,10.4,127.723,45.815,161.61800000000002,278.578,Pass
1499,54.417,10.4,10.4,10.4,10.4,10.4,10.4,10.4,10.4,10.4,10.4,10.4,10.4,10.4,10.4,10.4,10.4,10.4,10.4,10.4,10.4,10.4,10.4,10.4,10.4,10.4,10.4,10.4,10.4,10.4,Dropout
1500,54.417,10.4,10.4,10.4,10.4,10.4,10.4,10.4,10.4,10.4,10.4,10.4,10.4,10.4,10.4,10.4,10.4,10.4,10.4,10.4,10.4,10.4,10.4,10.4,10.4,10.4,10.4,10.4,10.4,10.4,Dropout
1501,1262.1770000000001,167.887,163.56400000000002,121.445,106.17699999999999,136.62,10.4,146.149,198.61099999999996,156.03400000000002,125.716,139.64,132.606,125.947,128.825,135.785,100.32499999999999,10.4,143.796,100.57200000000002,122.708,98.47399999999999,65.309,59.792,80.726,10.4,81.884,63.309,69.734,286.649,Pass
1502,3583.206,285.204,313.211,447.36800000000005,184.44699999999997,348.21500000000003,10.4,233.229,219.425,155.47199999999998,179.813,190.75500000000002,155.641,171.32600000000002,176.841,172.193,84.864,10.4,475.494,175.28199999999998,196.43400000000003,141.85399999999998,128.258,166.786,116.22300000000001,10.4,140.703,83.548,138.118,271.93399999999997,Pass
1503,54.417,10.4,10.4,10.4,10.4,10.4,10.4,10.4,10.4,10.4,10.4,10.4,10.4,10.4,10.4,10.4,10.4,10.4,10.4,10.4,10.4,10.4,10.4,10.4,10.4,10.4,10.4,10.4,10.4,10.4,Dropout
1504,2417.266,142.628,173.36899999999997,362.364,123.42699999999999,264.767,10.4,286.53000000000003,289.779,304.13,365.95099999999996,214.88699999999997,180.90200000000002,181.845,152.602,103.443,46.19199999999999,10.4,345.008,135.252,99.574,68.25,82.145,97.17000000000002,105.58999999999999,10.4,80.59200000000001,43.567,80.02499999999999,231.69299999999998,Pass
1505,54.417,10.4,10.4,10.4,10.4,10.4,10.4,10.4,10.4,10.4,10.4,10.4,10.4,10.4,10.4,10.4,10.4,10.4,10.4,10.4,10.4,10.4,10.4,10.4,10.4,10.4,10.4,10.4,10.4,10.4,Dropout
1506,54.417,10.4,10.4,10.4,10.4,10.4,10.4,10.4,10.4,10.4,10.4,10.4,10.4,10.4,10.4,10.4,10.4,10.4,10.4,10.4,10.4,10.4,10.4,10.4,10.4,10.4,10.4,10.4,10.4,10.4,Dropout
1507,54.417,10.4,10.4,10.4,10.4,10.4,10.4,10.4,10.4,10.4,10.4,10.4,10.4,10.4,10.4,10.4,10.4,10.4,10.4,10.4,10.4,10.4,10.4,10.4,10.4,10.4,10.4,10.4,10.4,10.4,Dropout
1508,2331.13,188.075,239.235,283.536,123.028,264.702,7.8,260.305,241.05499999999998,175.567,269.178,286.324,322.533,301.332,171.922,395.465,158.62099999999998,7.8,287.53,147.713,141.15099999999998,81.361,87.53699999999999,203.394,206.30800000000002,7.8,204.448,152.998,221.631,406.715,Pass
1509,51.81700000000001,7.8,7.8,7.8,7.8,7.8,7.8,7.8,7.8,7.8,7.8,7.8,7.8,7.8,7.8,7.8,7.8,7.8,7.8,7.8,7.8,7.8,7.8,7.8,7.8,7.8,7.8,7.8,7.8,7.8,Dropout
1510,1468.8669999999997,99.785,147.389,321.896,144.049,142.148,10.4,163.714,56.69,58.94,7.384,136.31,122.513,89.304,124.446,85.913,37.214,10.4,269.681,108.65299999999999,134.72,82.795,46.096000000000004,96.13099999999999,53.30800000000001,10.4,63.74400000000001,41.017,110.197,183.415,Pass
1511,54.417,10.4,10.4,10.4,10.4,10.4,10.4,10.4,10.4,10.4,10.4,10.4,10.4,10.4,10.4,10.4,10.4,10.4,10.4,10.4,10.4,10.4,10.4,10.4,10.4,10.4,10.4,10.4,10.4,10.4,Dropout
1512,1085.222,102.64,88.264,132.51200000000003,87.739,152.11599999999999,10.4,171.964,168.986,284.105,134.03,142.21,186.77999999999997,142.286,177.226,158.468,115.498,10.4,247.377,100.344,194.81699999999998,139.58,132.23399999999998,139.683,113.357,10.4,117.6,91.29799999999999,75.254,335.415,Pass
1513,1405.6839999999997,67.21000000000001,106.532,156.0,95.21400000000001,243.27800000000002,10.4,197.69,193.507,138.01,105.249,135.6,200.096,214.547,162.966,110.917,98.35600000000001,10.4,222.72000000000003,139.176,222.82299999999998,112.47999999999999,42.887,126.85499999999999,142.096,10.4,59.806,10.4,128.078,374.655,Pass
1514,3219.384,124.074,198.25,239.618,117.452,276.276,10.4,185.206,396.744,413.423,253.37,297.378,332.3,218.78700000000003,203.05100000000002,263.616,235.375,10.4,457.914,230.07600000000002,266.74199999999996,174.32,142.05599999999998,223.176,198.97200000000004,10.4,173.822,134.119,160.483,459.516,Pass
1515,1281.303,203.23600000000002,185.18899999999996,134.995,116.911,107.193,10.4,157.402,115.112,6.042,-16.833,171.34799999999998,105.18400000000001,44.292,43.417,15.892,21.384,10.4,159.875,29.792,64.10900000000001,35.742,36.717,76.34899999999999,71.324,10.4,112.186,10.4,86.63300000000001,238.076,Pass
1516,1043.7849999999999,119.462,123.726,-34.657999999999994,83.513,-31.283,10.4,21.442,0.5679999999999978,102.617,10.4,57.651,35.217,55.37499999999999,56.574,90.724,64.728,10.4,222.778,41.93,61.757999999999996,10.4,10.4,35.444,67.232,10.4,42.559,10.4,40.292,237.93400000000003,Fail
1517,3761.3979999999997,81.439,74.618,168.421,76.75,267.361,7.8,184.751,74.76599999999999,7.8,7.8,108.052,-0.008000000000000895,7.8,38.088,7.8,7.8,7.8,229.257,158.105,133.826,77.676,7.8,102.591,7.8,7.8,55.083999999999996,7.8,152.809,248.938,Pass
1518,2868.5510000000004,103.63099999999999,129.903,144.045,96.89,138.26999999999998,10.4,68.69800000000001,95.61099999999999,-8.791,83.412,122.763,115.22999999999999,120.80099999999999,94.239,56.233999999999995,10.4,10.4,348.47299999999996,48.13700000000001,107.415,60.573,49.579,85.72,66.079,10.4,46.217,10.4,149.629,298.58099999999996,Pass
1519,1506.775,183.882,237.163,178.126,110.164,166.66700000000003,7.8,70.916,211.184,179.64600000000002,117.912,124.636,71.647,163.447,143.184,78.602,53.284,7.8,168.866,65.658,145.352,91.33600000000001,78.602,67.27000000000001,36.267,7.8,128.777,77.009,113.46300000000001,307.109,Pass
1520,238.601,62.483999999999995,58.108999999999995,88.471,87.31400000000001,49.891999999999996,10.4,10.4,57.542,10.4,10.4,10.4,10.4,10.4,10.4,10.4,10.4,10.4,101.493,10.4,10.4,10.4,10.4,10.4,10.4,10.4,10.4,10.4,10.4,141.267,Dropout
1521,687.153,117.00799999999998,60.517,97.88,32.513,10.4,10.4,10.4,89.436,45.608999999999995,60.48400000000001,59.134,38.742000000000004,42.234,42.944,10.4,10.4,10.4,25.744,59.592000000000006,46.613,10.4,10.4,10.4,10.4,10.4,33.859,10.4,49.292,52.81100000000001,Pass
1522,736.3530000000001,100.421,96.823,184.626,89.906,79.975,10.4,61.334,10.4,10.4,10.4,10.4,10.4,10.4,10.4,10.4,10.4,10.4,10.4,10.4,10.4,10.4,10.4,10.4,10.4,10.4,10.4,10.4,10.4,146.39199999999997,Dropout
1523,473.702,76.256,10.4,10.4,32.453,10.4,10.4,10.4,10.4,10.4,10.4,10.4,10.4,10.4,10.4,10.4,10.4,10.4,108.894,10.4,10.4,10.4,10.4,10.4,10.4,10.4,10.4,10.4,10.4,141.84199999999998,Fail
1524,1410.868,73.047,126.407,192.14600000000002,84.361,124.61,10.4,18.866999999999997,51.211999999999996,105.674,10.4,57.976,40.001,55.022,45.053,10.4,10.4,10.4,211.641,204.923,109.21700000000001,23.867,10.4,32.144000000000005,32.119,10.4,10.4,35.442,88.587,257.791,Pass
1525,949.218,124.55000000000001,144.56799999999998,316.66099999999994,115.792,248.675,10.4,133.998,80.455,51.709,109.064,65.685,55.56700000000001,173.811,141.428,147.4,54.134,10.4,104.893,10.4,10.4,10.4,10.4,10.4,10.4,10.4,10.4,10.4,10.4,117.467,Fail
1526,54.417,10.4,10.4,10.4,10.4,10.4,10.4,10.4,10.4,10.4,10.4,10.4,10.4,10.4,10.4,10.4,10.4,10.4,10.4,10.4,10.4,10.4,10.4,10.4,10.4,10.4,10.4,10.4,10.4,10.4,Dropout
1527,2542.633,167.357,233.697,195.888,148.997,165.152,10.4,216.13299999999998,176.034,116.78,176.73,265.881,138.035,182.173,137.947,142.998,136.126,10.4,193.58499999999998,151.788,214.26500000000001,123.60000000000001,166.247,183.59900000000002,140.522,10.4,147.126,158.84400000000002,247.607,388.085,Pass
1528,54.417,10.4,10.4,10.4,10.4,10.4,10.4,10.4,10.4,10.4,10.4,10.4,10.4,10.4,10.4,10.4,10.4,10.4,10.4,10.4,10.4,10.4,10.4,10.4,10.4,10.4,10.4,10.4,10.4,10.4,Dropout
1529,1988.237,123.678,139.423,197.68100000000004,128.661,115.405,7.8,203.19899999999998,162.478,175.56,63.792,153.788,170.51,230.40599999999998,227.64199999999997,142.925,142.139,7.8,279.547,190.722,248.83999999999997,140.199,149.345,95.517,120.809,7.8,76.40899999999999,57.373000000000005,166.66600000000003,371.125,Pass
1530,129.954,51.166999999999994,79.87100000000001,64.634,65.43700000000001,10.4,10.4,10.4,10.4,10.4,10.4,10.4,10.4,10.4,10.4,10.4,10.4,10.4,10.4,10.4,10.4,10.4,10.4,10.4,10.4,10.4,10.4,10.4,10.4,134.467,Dropout
1531,166.14799999999997,61.334,10.4,10.4,10.4,10.4,10.4,10.4,10.4,10.4,10.4,10.4,10.4,10.4,10.4,10.4,10.4,10.4,10.4,10.4,10.4,10.4,10.4,10.4,10.4,10.4,10.4,10.4,10.4,153.11700000000002,Dropout
1532,54.417,10.4,10.4,10.4,10.4,10.4,10.4,10.4,10.4,10.4,10.4,10.4,10.4,10.4,10.4,10.4,10.4,10.4,10.4,10.4,10.4,10.4,10.4,10.4,10.4,10.4,10.4,10.4,10.4,10.4,Dropout
1533,501.30099999999993,139.325,180.759,124.034,87.885,123.084,10.4,60.666000000000004,10.4,10.4,10.4,10.4,10.4,10.4,10.4,10.4,10.4,10.4,10.4,10.4,10.4,10.4,10.4,10.4,10.4,10.4,10.4,10.4,10.4,10.4,Dropout
1534,471.20599999999996,96.56500000000001,85.977,77.104,68.36699999999999,7.8,7.8,7.8,7.8,7.8,7.8,7.8,7.8,7.8,7.8,7.8,7.8,7.8,7.8,7.8,7.8,7.8,7.8,7.8,7.8,7.8,7.8,7.8,7.8,143.76700000000002,Dropout
1535,3401.754,141.55,230.341,274.48400000000004,101.846,460.291,7.8,181.032,160.26,166.89600000000002,117.824,167.433,222.095,188.35799999999998,236.431,99.34200000000001,66.31200000000001,7.8,337.333,252.191,401.792,169.41400000000002,236.19500000000002,301.00899999999996,150.281,7.8,243.86600000000004,149.163,211.848,417.874,Pass
1536,1571.705,121.811,88.151,110.06200000000001,140.747,75.067,10.4,126.06299999999999,161.535,88.036,106.309,106.794,82.55799999999999,62.99699999999999,36.587,10.4,3.108999999999998,10.4,54.287000000000006,22.659,66.35300000000001,37.608999999999995,35.584,21.416999999999998,26.392,10.4,31.192,33.742,56.536,252.081,Pass
1537,763.788,181.98,167.006,126.96199999999999,98.265,148.88400000000001,10.4,158.364,172.72899999999998,61.359,10.4,10.4,10.4,10.4,10.4,10.4,10.4,10.4,10.4,10.4,10.4,10.4,10.4,10.4,10.4,10.4,10.4,10.4,10.4,148.917,Dropout
1538,2553.0530000000003,184.517,166.38400000000001,225.42499999999998,157.493,133.944,10.4,154.927,231.86399999999998,132.761,161.06900000000002,87.701,151.448,90.432,80.693,74.13900000000001,36.168,10.4,343.44899999999996,138.292,202.311,137.07,121.803,108.495,56.196999999999996,10.4,50.897999999999996,93.46900000000001,126.986,199.237,Pass
1539,1889.5559999999998,129.564,37.992,115.333,156.16400000000002,141.453,10.4,168.84699999999998,226.465,196.36700000000002,111.04899999999998,164.281,128.476,81.90700000000001,73.53299999999999,96.17500000000001,137.417,10.4,159.178,132.561,163.594,33.742,42.234,34.117,34.092,10.4,87.573,46.92100000000001,84.63600000000001,227.608,Pass
1540,54.417,10.4,10.4,10.4,10.4,10.4,10.4,10.4,10.4,10.4,10.4,10.4,10.4,10.4,10.4,10.4,10.4,10.4,10.4,10.4,10.4,10.4,10.4,10.4,10.4,10.4,10.4,10.4,10.4,10.4,Dropout
1541,794.6969999999999,71.173,68.703,120.093,81.565,124.42999999999999,7.8,97.405,124.696,85.638,101.545,102.833,7.8,7.8,37.605,7.8,7.8,7.8,110.119,7.8,7.8,7.8,7.8,7.8,7.8,7.8,7.8,7.8,7.8,115.292,Fail
1542,2043.307,266.423,183.249,289.824,124.749,238.63400000000001,10.4,250.016,189.011,212.687,172.406,156.43900000000002,392.819,298.389,267.362,171.53300000000002,75.047,10.4,338.18300000000005,252.792,275.517,345.26800000000003,178.43499999999997,196.426,252.713,10.4,173.953,172.59000000000003,204.923,296.341,Pass
1543,62.171,10.4,10.4,10.4,10.4,10.4,10.4,10.4,10.4,10.4,10.4,10.4,10.4,10.4,10.4,10.4,10.4,10.4,10.4,10.4,10.4,10.4,10.4,10.4,10.4,10.4,10.4,10.4,10.4,10.4,Dropout
1544,1313.941,112.02799999999999,181.97199999999998,151.97599999999997,123.197,200.84799999999998,10.4,222.566,243.92499999999998,333.82599999999996,203.37099999999998,279.95900000000006,218.092,159.95499999999998,185.51500000000001,196.28199999999998,163.31400000000002,10.4,300.537,133.38400000000001,212.494,149.536,131.144,164.655,122.947,10.4,112.44800000000001,57.775999999999996,115.696,174.229,Pass
1545,599.162,100.74199999999999,-31.116000000000007,10.4,75.67500000000001,10.4,10.4,119.50299999999999,-22.783,46.184000000000005,10.4,10.4,37.742000000000004,140.43099999999998,14.046999999999999,10.4,10.4,10.4,46.718999999999994,71.90899999999999,37.355,10.4,10.4,10.4,31.817,10.4,10.4,10.4,84.717,259.366,Fail
1546,1212.0710000000001,179.915,134.899,110.53099999999999,139.405,113.987,10.4,107.495,134.648,183.163,12.959999999999999,109.05,99.606,119.43,105.22,76.568,88.807,10.4,211.031,10.4,107.71099999999998,22.598,71.05499999999999,63.949999999999996,36.419,10.4,55.541,44.964999999999996,74.97399999999999,274.844,Pass
1547,54.417,10.4,10.4,10.4,10.4,10.4,10.4,10.4,10.4,10.4,10.4,10.4,10.4,10.4,10.4,10.4,10.4,10.4,10.4,10.4,10.4,10.4,10.4,10.4,10.4,10.4,10.4,10.4,10.4,10.4,Dropout
1548,51.81700000000001,7.8,7.8,7.8,7.8,7.8,7.8,7.8,7.8,7.8,7.8,7.8,7.8,7.8,7.8,7.8,7.8,7.8,7.8,7.8,7.8,7.8,7.8,7.8,7.8,7.8,7.8,7.8,7.8,7.8,Dropout
1549,2670.6099999999997,212.348,172.817,191.192,113.807,213.46699999999998,7.8,254.85900000000004,189.428,167.364,137.288,192.47799999999995,165.944,127.061,87.119,35.817,7.8,7.8,296.11199999999997,119.65800000000002,155.284,60.571999999999996,72.34800000000001,138.811,101.89599999999999,7.8,115.384,55.418,262.99,407.16400000000004,Pass
1550,4057.2859999999996,202.05699999999996,141.24200000000002,285.725,111.158,314.128,10.4,252.84099999999998,234.389,155.06400000000002,239.208,264.289,304.14799999999997,305.51599999999996,259.185,136.474,166.804,10.4,358.933,254.14000000000001,251.22,210.67700000000002,130.86499999999998,215.48000000000002,206.07199999999997,10.4,96.289,90.491,257.985,402.034,Pass
1551,1313.632,151.66699999999997,210.024,184.353,120.874,145.855,10.4,90.838,222.124,153.295,124.15200000000002,143.41699999999997,94.37899999999999,104.87700000000001,121.178,110.411,114.386,10.4,122.24900000000001,154.939,179.50900000000001,104.593,52.193,54.01599999999999,10.4,10.4,10.4,10.4,10.4,173.43,Fail
1552,2077.708,142.28300000000002,123.628,306.417,114.43199999999999,176.89199999999997,10.4,172.50900000000001,211.62900000000002,192.39700000000002,231.842,154.826,149.904,194.467,193.447,96.621,113.8,10.4,407.319,231.91199999999998,332.304,176.518,162.93400000000003,244.20499999999998,156.097,10.4,90.28999999999999,84.298,162.79999999999998,219.002,Pass
1553,1750.7290000000003,157.18,154.832,190.485,149.777,163.132,7.8,186.81400000000002,154.834,157.813,183.871,165.43099999999998,191.573,222.591,168.75099999999998,152.508,79.308,7.8,207.36100000000002,191.5,193.336,138.01999999999998,113.39699999999999,141.899,154.366,7.8,59.830999999999996,82.507,185.926,263.405,Pass
1554,3808.492,166.851,149.05200000000002,211.17000000000002,114.92399999999999,212.17600000000002,10.4,218.527,195.815,166.333,182.00199999999998,104.91100000000002,193.289,221.753,161.418,119.084,80.18,10.4,408.379,156.341,180.82000000000002,134.817,62.122,104.535,73.161,10.4,41.717,10.4,104.103,387.0690000000001,Pass
1555,661.953,88.214,104.31500000000001,148.218,91.00800000000001,63.067,10.4,10.4,10.4,10.4,10.4,10.4,10.4,10.4,10.4,10.4,10.4,10.4,10.4,10.4,10.4,10.4,10.4,10.4,10.4,10.4,10.4,10.4,10.4,149.20900000000003,Dropout
1556,2689.5150000000003,277.441,231.597,222.19,122.229,156.27200000000002,10.4,180.883,210.7,170.292,154.45999999999998,166.546,138.684,153.333,122.92099999999999,134.124,132.77599999999998,10.4,262.062,99.375,152.00400000000002,136.66799999999998,128.926,79.291,88.321,10.4,102.82600000000001,66.177,75.019,391.244,Pass
1557,2303.49,118.473,140.97,217.567,123.745,290.41700000000003,10.4,224.516,209.238,157.393,188.38699999999997,197.166,218.567,159.127,177.6,98.243,64.017,10.4,344.02599999999995,158.721,184.731,141.163,73.76100000000001,147.43099999999998,123.88,10.4,84.74700000000001,70.43900000000001,130.45000000000002,291.877,Pass
1558,350.612,62.568,84.47899999999998,102.252,69.85499999999999,10.4,10.4,10.4,10.4,10.4,10.4,10.4,10.4,10.4,10.4,10.4,10.4,10.4,10.4,10.4,10.4,10.4,10.4,10.4,10.4,10.4,10.4,10.4,10.4,10.4,Dropout
1559,1780.9119999999998,10.4,95.102,159.434,108.655,290.639,10.4,206.422,371.86199999999997,268.493,206.65099999999998,173.792,184.442,145.168,174.384,159.905,161.958,10.4,180.572,73.574,112.14700000000002,71.105,98.422,104.61200000000001,49.79,10.4,129.36100000000002,61.81499999999999,114.03099999999999,161.85199999999998,Pass
1560,2492.7709999999997,180.097,138.495,193.22199999999998,99.246,187.263,10.4,202.171,135.29500000000002,138.487,109.77900000000001,67.23,145.162,191.392,129.15800000000002,320.332,79.154,10.4,248.787,64.919,125.40699999999998,103.47399999999999,64.792,87.379,122.717,10.4,77.768,82.598,80.176,335.474,Pass
1561,54.417,10.4,10.4,10.4,10.4,10.4,10.4,10.4,10.4,10.4,10.4,10.4,10.4,10.4,10.4,10.4,10.4,10.4,10.4,10.4,10.4,10.4,10.4,10.4,10.4,10.4,10.4,10.4,10.4,10.4,Dropout
1562,54.417,10.4,10.4,10.4,10.4,10.4,10.4,10.4,10.4,10.4,10.4,10.4,10.4,10.4,10.4,10.4,10.4,10.4,10.4,10.4,10.4,10.4,10.4,10.4,10.4,10.4,10.4,10.4,10.4,10.4,Dropout
1563,244.03099999999998,66.68,68.13900000000001,161.378,95.92999999999999,10.4,10.4,70.259,10.4,10.4,10.4,10.4,10.4,10.4,10.4,10.4,10.4,10.4,10.4,10.4,10.4,10.4,10.4,10.4,10.4,10.4,10.4,10.4,10.4,163.019,Dropout
1564,1522.1409999999998,147.117,148.09400000000002,168.959,73.383,115.271,10.4,126.96799999999999,165.458,87.309,69.173,10.4,168.176,146.40300000000002,132.988,88.89099999999999,48.584,10.4,188.005,112.396,123.96600000000001,94.158,94.244,96.632,59.992000000000004,10.4,40.858999999999995,10.4,117.016,362.58900000000006,Pass
1565,2684.979,232.498,254.904,238.297,149.07,310.89,10.4,267.05100000000004,362.297,232.393,225.149,222.65300000000002,258.606,204.44,133.011,101.944,89.321,10.4,280.326,208.141,198.533,81.73100000000001,77.612,60.711999999999996,60.419,10.4,53.637,49.665,87.314,327.4,Pass
1566,2061.938,195.759,214.94099999999997,193.86899999999997,142.05499999999998,218.713,10.4,199.74,257.247,263.87300000000005,224.244,196.257,152.63600000000002,177.477,159.77399999999997,170.977,127.29499999999999,10.4,152.412,174.493,213.449,164.946,167.906,130.062,153.236,10.4,146.779,86.037,138.45600000000002,350.131,Pass
1567,3131.126,255.35000000000002,334.416,212.839,150.747,177.952,7.8,130.47199999999998,320.662,185.334,152.606,191.849,204.50199999999998,167.60499999999996,112.65899999999999,95.448,55.782,7.8,421.38200000000006,195.117,181.46,127.652,122.329,130.87,72.10000000000001,7.8,38.367000000000004,78.352,108.884,336.814,Pass
1568,2556.701,174.571,218.486,333.677,147.215,260.63,10.4,156.086,142.418,116.261,-6.633000000000001,90.715,97.45,185.391,152.10500000000002,127.38300000000001,71.97800000000001,10.4,257.471,111.514,128.434,82.679,45.615,109.61699999999999,112.683,10.4,82.771,47.766000000000005,106.434,273.257,Pass
1569,1868.8769999999997,127.10499999999999,147.075,142.903,151.47899999999998,193.663,10.4,79.83699999999999,145.101,145.965,112.09899999999999,106.255,146.881,138.799,86.11999999999998,72.008,80.54299999999999,10.4,320.32800000000003,194.637,216.115,135.51500000000001,93.523,133.175,119.674,10.4,104.93,38.462,107.512,281.12,Pass
1570,3018.748,215.02,231.006,277.84900000000005,126.763,165.701,10.4,221.69499999999996,342.897,215.24399999999997,155.062,174.321,225.866,252.221,168.785,85.97000000000001,77.854,10.4,360.308,223.053,225.83800000000002,186.071,122.795,185.02899999999997,148.139,10.4,138.257,85.863,201.89899999999997,424.77000000000004,Pass
1571,703.8879999999999,61.516000000000005,10.4,10.4,32.513,57.542,10.4,10.4,36.434,10.4,10.4,10.4,10.4,10.4,32.735,10.4,10.4,10.4,69.191,10.4,41.135000000000005,10.4,10.4,10.4,10.4,10.4,10.4,10.4,10.4,182.828,Fail
1572,385.926,10.4,10.4,10.4,30.637999999999998,10.4,10.4,10.4,10.4,10.4,10.4,10.4,10.4,10.4,10.4,10.4,10.4,10.4,10.4,10.4,10.4,10.4,10.4,10.4,10.4,10.4,10.4,10.4,10.4,140.417,Dropout
1573,51.81700000000001,7.8,7.8,7.8,7.8,7.8,7.8,7.8,7.8,7.8,7.8,7.8,7.8,7.8,7.8,7.8,7.8,7.8,7.8,7.8,7.8,7.8,7.8,7.8,7.8,7.8,7.8,7.8,7.8,7.8,Dropout
1574,2048.641,143.10399999999998,96.94,148.636,78.406,124.389,10.4,96.208,110.51299999999999,52.559000000000005,71.534,66.476,99.21900000000001,116.52600000000001,131.957,72.997,10.4,10.4,243.46200000000005,107.73999999999998,94.875,52.042,10.4,106.47099999999999,62.016999999999996,10.4,10.4,10.4,71.888,270.971,Fail
1575,2367.927,61.759,71.5,249.833,93.33500000000001,191.603,7.8,178.295,144.078,96.119,45.284,72.52799999999999,153.226,158.287,107.774,42.617000000000004,7.8,7.8,209.021,146.679,157.478,138.34300000000002,52.44299999999999,99.178,7.8,7.8,30.866999999999997,7.8,60.62199999999999,245.043,Pass
1576,1741.9630000000002,237.178,207.298,177.565,129.92299999999997,194.67,7.8,208.99200000000002,190.132,224.907,179.839,120.326,130.185,82.575,89.16900000000001,130.554,62.792,7.8,140.904,61.319,137.839,63.692,97.05799999999999,39.887,43.862,7.8,56.32900000000001,7.8,95.49799999999999,152.88199999999998,Pass
1577,2523.297,149.24499999999998,107.15199999999999,181.36599999999999,101.64999999999999,223.283,7.8,229.62599999999998,167.297,251.397,217.749,278.804,214.821,133.293,169.4,147.305,105.62100000000001,7.8,312.108,161.435,215.399,158.582,185.823,158.14600000000002,135.966,7.8,196.947,146.239,186.375,348.583,Pass
1578,1045.9569999999999,72.244,67.67200000000001,153.68900000000002,111.309,175.155,10.4,106.614,67.65899999999999,93.92599999999999,45.909000000000006,10.4,47.45099999999999,60.958,47.492000000000004,51.467,52.442,10.4,219.395,46.433,96.38000000000001,10.4,10.4,10.4,10.4,10.4,10.4,10.4,10.4,134.103,Dropout
1579,1638.0490000000002,170.72,102.82,208.998,90.19099999999999,131.11,10.4,173.873,100.237,93.044,77.565,93.307,79.337,93.618,69.672,79.237,49.159000000000006,10.4,297.37699999999995,145.51999999999998,67.904,10.4,10.4,36.69200000000001,32.667,10.4,40.521,10.4,85.696,254.87400000000002,Pass
1580,910.097,10.4,28.209,238.533,104.23400000000001,223.66700000000003,10.4,123.345,32.918,217.102,68.22,97.52,176.507,132.01,109.369,126.33999999999997,59.017,10.4,10.4,10.4,45.557,10.4,10.4,10.4,10.4,10.4,10.4,10.4,10.4,163.40300000000002,Dropout
1581,1407.147,383.366,268.16499999999996,271.30199999999996,117.029,179.656,10.4,96.234,10.4,10.4,10.4,10.4,10.4,10.4,10.4,10.4,10.4,10.4,130.524,10.4,10.4,10.4,10.4,10.4,10.4,10.4,10.4,10.4,10.4,155.41199999999998,Dropout
1582,135.263,90.399,65.884,10.4,10.4,10.4,10.4,10.4,10.4,10.4,10.4,10.4,10.4,10.4,10.4,10.4,10.4,10.4,10.4,10.4,10.4,10.4,10.4,10.4,10.4,10.4,10.4,10.4,10.4,141.692,Dropout
1583,2497.359,100.191,154.332,226.864,87.825,152.06,7.8,112.11900000000001,91.30699999999999,95.82899999999998,7.8,47.259,7.8,57.634,38.451,7.8,7.8,7.8,235.61499999999998,115.19299999999998,165.844,114.503,55.189,132.322,84.34499999999998,7.8,43.467,49.737,162.222,291.282,Pass
1584,639.5780000000001,67.636,70.934,65.862,106.99799999999999,125.124,10.4,90.50500000000001,166.19500000000002,10.4,112.034,60.226,56.684000000000005,10.4,36.836,10.4,10.4,10.4,109.39200000000001,10.4,30.545,10.4,10.4,10.4,10.4,10.4,10.4,10.4,10.4,169.01000000000002,Fail
1585,624.3539999999999,7.8,52.50900000000001,135.625,82.50999999999999,50.266999999999996,7.8,7.8,7.8,7.8,7.8,7.8,7.8,7.8,7.8,7.8,7.8,7.8,7.8,7.8,7.8,7.8,7.8,7.8,7.8,7.8,7.8,7.8,7.8,147.201,Dropout
1586,2601.643,105.131,104.297,112.334,122.523,141.114,7.8,201.328,88.444,7.8,89.233,83.374,71.309,95.80300000000001,70.621,7.8,46.559000000000005,7.8,544.144,150.40099999999998,404.49800000000005,112.11999999999999,44.892,119.21900000000001,131.905,7.8,159.909,129.329,210.93499999999997,357.307,Fail
1587,1162.9340000000002,73.393,124.369,162.382,33.509,175.78799999999998,10.4,170.286,17.807,-5.107999999999999,-2.099000000000002,93.077,96.96799999999999,78.437,43.690999999999995,84.289,10.4,10.4,175.24699999999999,49.781,64.005,33.317,55.422,103.797,33.112,10.4,116.771,10.4,49.012,261.127,Fail
1588,260.83,164.67,10.4,10.4,10.4,10.4,10.4,10.4,10.4,10.4,10.4,10.4,10.4,10.4,10.4,10.4,10.4,10.4,10.4,10.4,10.4,10.4,10.4,10.4,10.4,10.4,10.4,10.4,10.4,161.696,Dropout
1589,64.313,10.4,10.4,10.4,10.4,10.4,10.4,10.4,10.4,10.4,10.4,10.4,10.4,10.4,10.4,10.4,10.4,10.4,10.4,10.4,10.4,10.4,10.4,10.4,10.4,10.4,10.4,10.4,10.4,10.4,Dropout
1590,1871.235,152.772,171.981,228.45,176.113,354.56500000000005,7.8,189.58700000000002,330.517,402.05699999999996,222.603,207.83500000000004,251.502,187.192,169.446,197.665,163.138,7.8,310.61800000000005,249.17600000000002,175.20500000000004,148.839,165.414,171.023,133.195,7.8,121.171,81.344,220.166,366.588,Pass
1591,1627.231,91.005,290.85900000000004,200.156,166.53199999999998,396.1460000000001,7.8,178.893,318.604,207.777,196.279,130.779,187.676,149.45499999999998,64.58300000000001,62.288,7.8,7.8,86.05900000000001,58.487,59.509,7.8,7.8,7.8,7.8,7.8,7.8,7.8,7.8,169.22299999999998,Dropout
1592,623.4280000000001,93.071,60.02499999999999,10.4,84.215,10.4,10.4,10.4,10.4,10.4,10.4,10.4,10.4,10.4,10.4,10.4,10.4,10.4,10.4,10.4,36.022999999999996,10.4,10.4,10.4,10.4,10.4,10.4,10.4,10.4,10.4,Fail
1593,286.579,71.928,169.769,66.634,10.4,10.4,10.4,10.4,10.4,10.4,10.4,10.4,10.4,10.4,10.4,10.4,10.4,10.4,10.4,10.4,10.4,10.4,10.4,10.4,10.4,10.4,10.4,10.4,10.4,10.4,Dropout
1594,265.76099999999997,71.99900000000001,64.12299999999999,10.4,10.4,64.342,10.4,10.4,10.4,10.4,10.4,10.4,10.4,10.4,10.4,10.4,10.4,10.4,10.4,10.4,10.4,10.4,10.4,10.4,10.4,10.4,10.4,10.4,10.4,10.4,Dropout
1595,5467.360000000001,130.338,75.67099999999999,195.81699999999998,108.534,215.183,7.8,140.10899999999998,67.99000000000001,92.541,18.72,151.65300000000002,126.272,66.428,68.11699999999999,54.159,26.159,7.8,232.881,122.39699999999999,113.789,47.016999999999996,40.509,56.53,41.109,7.8,72.72699999999999,7.8,67.955,242.76600000000002,Pass
1596,66.78399999999999,10.4,10.4,10.4,10.4,10.4,10.4,10.4,10.4,10.4,10.4,10.4,10.4,10.4,10.4,10.4,10.4,10.4,10.4,10.4,10.4,10.4,10.4,10.4,10.4,10.4,10.4,10.4,10.4,10.4,Dropout
1597,51.81700000000001,7.8,7.8,7.8,7.8,7.8,7.8,7.8,7.8,7.8,7.8,7.8,7.8,7.8,7.8,7.8,7.8,7.8,7.8,7.8,7.8,7.8,7.8,7.8,7.8,7.8,7.8,7.8,7.8,7.8,Dropout
1598,733.474,166.41199999999998,213.452,125.39500000000001,133.041,-31.133000000000006,10.4,111.173,129.642,112.825,3.551,88.61699999999999,136.368,135.613,28.179,89.91000000000001,94.663,10.4,137.154,54.142,51.184,27.984,23.442,28.417,31.391999999999996,10.4,33.342,36.317,52.586999999999996,59.864000000000004,Pass
1599,4096.543000000001,201.46699999999998,202.316,221.68,140.649,265.361,7.8,258.213,248.368,226.409,280.658,200.532,234.522,233.21800000000002,234.748,149.034,113.252,7.8,476.376,212.433,241.941,223.75300000000001,114.154,183.281,231.31699999999998,7.8,245.057,176.392,261.08,513.6880000000001,Pass
1600,845.3339999999998,93.94899999999998,63.21,75.65899999999999,32.015,10.4,10.4,10.4,35.611999999999995,10.4,10.4,10.4,10.4,10.4,26.378,10.4,10.4,10.4,36.732,10.4,38.762,10.4,10.4,10.4,10.4,10.4,10.4,10.4,10.4,188.698,Fail
1601,54.417,10.4,10.4,10.4,10.4,10.4,10.4,10.4,10.4,10.4,10.4,10.4,10.4,10.4,10.4,10.4,10.4,10.4,10.4,10.4,10.4,10.4,10.4,10.4,10.4,10.4,10.4,10.4,10.4,10.4,Dropout
1602,149.86499999999998,60.509,10.4,10.4,10.4,10.4,10.4,10.4,10.4,10.4,10.4,10.4,10.4,10.4,10.4,10.4,10.4,10.4,10.4,10.4,10.4,10.4,10.4,10.4,10.4,10.4,10.4,10.4,10.4,10.4,Dropout
1603,1784.126,136.59300000000002,124.76400000000001,121.68199999999999,87.42299999999999,99.006,10.4,91.498,150.599,3.0359999999999996,-11.552000000000001,163.06,69.576,68.928,31.092,5.218999999999999,14.384,10.4,159.224,89.706,116.747,56.522999999999996,24.717,118.04100000000001,48.308,10.4,56.775,36.317,67.58099999999999,310.885,Pass
1604,63.409000000000006,10.4,10.4,10.4,10.4,10.4,10.4,10.4,10.4,10.4,10.4,10.4,10.4,10.4,10.4,10.4,10.4,10.4,10.4,10.4,10.4,10.4,10.4,10.4,10.4,10.4,10.4,10.4,10.4,10.4,Dropout
1605,1153.6689999999999,205.57000000000002,118.33699999999999,229.39700000000005,95.615,199.88600000000002,10.4,102.157,179.808,213.15500000000003,129.71,153.478,117.31900000000002,109.175,152.269,54.534000000000006,10.4,10.4,113.62400000000001,10.4,10.4,10.4,10.4,10.4,10.4,10.4,10.4,10.4,10.4,147.658,Dropout
1606,1016.2279999999998,98.21100000000001,126.73899999999999,-31.533,103.656,79.328,10.4,19.866999999999997,48.492000000000004,0.8339999999999979,3.3259999999999987,108.60900000000001,130.13400000000001,98.717,70.25999999999999,52.184,54.159,10.4,142.98799999999997,10.4,136.308,32.016999999999996,80.076,35.692,32.667,10.4,123.50399999999999,37.108999999999995,60.81,124.96199999999999,Pass
1607,84.14599999999999,10.4,10.4,10.4,10.4,10.4,10.4,10.4,10.4,10.4,10.4,10.4,10.4,10.4,10.4,10.4,10.4,10.4,10.4,10.4,10.4,10.4,10.4,10.4,10.4,10.4,10.4,10.4,10.4,10.4,Fail
1608,2102.639,180.096,148.18400000000003,221.04300000000003,134.511,178.24400000000003,10.4,180.471,202.084,250.032,281.454,353.272,176.252,99.909,96.32600000000001,95.194,82.135,10.4,149.351,202.678,213.779,199.624,152.03199999999998,166.681,151.444,10.4,229.623,129.468,40.266999999999996,246.864,Fail
1609,872.327,93.148,66.722,105.882,79.693,75.443,10.4,62.184,104.192,73.118,46.067,75.227,58.155,62.8,89.24900000000001,57.084,10.4,10.4,10.4,10.4,10.4,10.4,10.4,10.4,10.4,10.4,10.4,10.4,10.4,10.4,Dropout
1610,1249.658,97.93,131.562,188.02,148.049,185.98600000000002,10.4,127.96199999999999,175.03900000000002,115.71199999999999,143.473,48.734,96.839,74.633,105.66499999999999,7.5089999999999995,10.484,10.4,287.589,10.4,60.434,39.842,75.334,68.86099999999999,29.392,10.4,67.82,57.794999999999995,79.32600000000001,301.381,Pass
1611,826.7790000000001,141.10999999999999,77.82799999999999,142.26600000000002,82.063,134.838,10.4,10.4,79.321,59.993,10.4,10.4,10.4,10.4,10.4,10.4,10.4,10.4,10.4,10.4,10.4,10.4,10.4,10.4,10.4,10.4,10.4,10.4,10.4,171.776,Dropout
1612,1460.79,177.071,143.823,157.03199999999998,115.07999999999998,153.424,7.8,155.77,304.387,143.67000000000002,85.59100000000001,160.79500000000002,156.159,188.507,91.803,170.93899999999996,97.651,7.8,432.56100000000004,150.023,254.755,83.963,140.857,116.64000000000001,32.048,7.8,46.998,109.404,85.82000000000001,341.871,Pass
1613,168.991,75.734,68.709,10.4,10.4,10.4,10.4,10.4,10.4,10.4,10.4,10.4,10.4,10.4,10.4,10.4,10.4,10.4,10.4,10.4,10.4,10.4,10.4,10.4,10.4,10.4,10.4,10.4,10.4,10.4,Dropout
1614,2449.6200000000003,135.323,122.721,218.558,100.74300000000001,239.94400000000002,7.8,193.35699999999997,182.87599999999998,132.62,167.209,110.337,192.11799999999997,203.179,216.10000000000002,120.062,57.141999999999996,7.8,360.901,163.85,226.215,128.286,88.989,166.536,162.868,7.8,78.286,55.946,198.11499999999998,337.238,Pass
1615,539.503,62.60900000000001,10.4,10.4,33.509,10.4,10.4,10.4,32.303,10.4,10.4,10.4,10.4,10.4,10.4,10.4,10.4,10.4,109.993,10.4,10.4,10.4,10.4,10.4,10.4,10.4,10.4,10.4,10.4,10.4,Dropout
1616,2563.9669999999996,160.487,171.327,236.948,136.585,217.351,10.4,243.53599999999997,211.485,158.27700000000002,238.86599999999999,309.392,259.01599999999996,215.30100000000002,202.311,192.45499999999998,89.03699999999999,10.4,576.998,283.519,320.418,205.721,117.95900000000002,172.377,150.363,10.4,91.42999999999999,87.43799999999999,221.493,368.03999999999996,Pass
1617,759.5129999999999,109.46300000000001,130.13,181.84799999999998,125.37,148.092,10.4,135.74200000000002,76.731,10.4,10.4,10.4,10.4,10.4,10.4,10.4,10.4,10.4,105.49400000000001,10.4,10.4,10.4,10.4,10.4,10.4,10.4,10.4,10.4,10.4,145.942,Dropout
1618,2428.447,94.107,117.99,247.92,87.869,220.536,10.4,197.597,162.503,97.84299999999999,116.784,79.975,183.961,188.57,172.16000000000003,10.4,10.4,10.4,158.26600000000002,140.773,192.803,116.388,50.248999999999995,165.298,120.44,10.4,10.4,10.4,89.52499999999999,264.598,Pass
1619,3433.8089999999997,140.394,253.995,355.574,157.644,321.641,10.4,235.973,218.725,234.32500000000002,142.449,173.312,235.207,222.68699999999998,180.96599999999998,85.85300000000001,77.428,10.4,416.956,180.86499999999998,344.195,187.87300000000002,120.161,179.189,213.03699999999998,10.4,53.905,82.50699999999999,153.51399999999998,123.80799999999999,Pass
1620,669.5500000000001,212.78300000000002,261.522,168.135,90.341,69.4,10.4,10.4,35.408,10.4,10.4,10.4,10.4,10.4,30.610999999999997,10.4,10.4,10.4,10.4,10.4,10.4,10.4,10.4,10.4,10.4,10.4,10.4,10.4,10.4,146.117,Fail
1621,5810.621999999999,396.07099999999997,381.238,415.36300000000006,168.821,437.471,7.8,409.808,478.214,365.51800000000003,542.416,476.47400000000005,333.262,383.205,332.376,414.581,285.92400000000004,7.8,455.887,480.836,499.76599999999996,352.18399999999997,314.97,297.32,288.882,7.8,306.90200000000004,220.638,277.433,479.469,Pass
1622,885.1189999999999,130.329,221.48000000000002,233.20799999999997,73.494,140.285,7.8,91.37100000000001,153.612,70.109,7.8,148.211,42.917,43.891999999999996,37.911,7.8,7.8,7.8,100.069,7.8,7.8,7.8,7.8,7.8,7.8,7.8,7.8,7.8,7.8,7.8,Fail
1623,107.629,59.209,10.4,10.4,10.4,10.4,10.4,10.4,10.4,10.4,10.4,10.4,10.4,10.4,10.4,10.4,10.4,10.4,10.4,10.4,10.4,10.4,10.4,10.4,10.4,10.4,10.4,10.4,10.4,10.4,Dropout
1624,3030.6839999999997,280.865,175.489,213.745,116.23599999999999,198.55999999999997,10.4,244.344,298.192,201.105,138.86,149.015,238.10500000000002,165.28500000000003,218.68,99.062,63.011,10.4,320.657,247.34199999999996,302.53,167.83599999999998,73.861,189.109,138.335,10.4,76.015,94.323,96.03899999999999,297.159,Pass
1625,1695.6390000000001,204.29600000000002,140.80700000000002,133.257,161.957,336.605,7.8,174.01800000000003,269.51,219.61700000000002,110.213,129.814,170.38299999999998,164.105,135.626,75.682,108.19700000000002,7.8,151.724,54.21,68.886,91.84200000000001,57.955,118.14500000000001,130.473,7.8,108.46499999999999,118.657,262.942,209.87900000000002,Pass
1626,3229.129,134.799,157.95300000000003,142.26000000000002,74.71900000000001,124.633,10.4,160.92700000000002,140.632,139.459,119.868,169.384,125.52100000000002,115.372,80.274,137.143,88.348,10.4,325.874,95.55,117.076,88.17500000000001,74.31099999999999,49.111000000000004,57.086,10.4,73.104,41.508,71.301,308.054,Fail
1627,1110.905,54.684000000000005,91.08200000000001,114.47300000000001,109.594,97.761,10.4,31.383,29.432,66.435,27.792,30.766999999999996,83.502,90.843,73.727,57.184000000000005,46.916999999999994,10.4,184.922,31.192,35.129000000000005,10.4,10.4,10.4,10.4,10.4,10.4,10.4,10.4,126.068,Fail
1628,1150.196,120.47599999999998,63.902,86.45,86.661,61.562,10.4,104.845,35.906,10.4,10.4,56.532999999999994,43.259,39.717,41.069,10.4,10.4,10.4,129.28400000000002,10.4,43.493,10.4,10.4,45.692,34.942,10.4,38.409000000000006,38.384,56.41100000000001,114.28,Pass
1629,554.9830000000001,105.87,88.96699999999998,161.14700000000002,85.48500000000001,71.563,10.4,10.4,10.4,10.4,10.4,10.4,10.4,10.4,10.4,10.4,10.4,10.4,10.4,10.4,10.4,10.4,10.4,10.4,10.4,10.4,10.4,10.4,10.4,139.99200000000002,Dropout
1630,1640.5500000000002,234.59300000000002,115.7,149.225,96.492,176.885,10.4,138.591,107.023,56.114,110.44800000000001,65.064,99.508,83.76,72.93799999999999,64.184,74.73400000000001,10.4,134.285,105.80100000000002,113.95400000000001,35.742,29.933999999999997,56.065,26.817,10.4,55.272999999999996,39.809000000000005,58.142,251.86200000000002,Pass
1631,276.048,79.163,79.115,58.817,10.4,10.4,10.4,10.4,10.4,10.4,10.4,10.4,10.4,10.4,10.4,10.4,10.4,10.4,10.4,10.4,10.4,10.4,10.4,10.4,10.4,10.4,10.4,10.4,10.4,10.4,Dropout
1632,1755.68,89.092,77.565,161.263,74.177,128.13299999999998,10.4,51.166999999999994,74.462,26.942,63.80199999999999,51.434000000000005,10.4,84.632,32.0,44.792,10.4,10.4,104.043,10.4,10.4,10.4,10.4,10.4,10.4,10.4,10.4,10.4,10.4,161.188,Fail
1633,3418.11,230.94799999999998,242.824,217.22299999999998,170.27599999999998,236.647,7.8,150.003,170.73499999999999,297.119,172.63299999999998,304.476,213.805,141.59300000000002,127.944,218.998,102.767,7.8,355.279,127.62899999999999,127.65299999999999,66.455,90.014,73.245,77.175,7.8,108.961,86.349,115.91499999999999,285.744,Pass
1634,945.4069999999999,98.29599999999999,198.87300000000002,78.209,128.76299999999998,133.715,10.4,141.769,211.70099999999996,150.466,10.4,56.650999999999996,90.07300000000001,52.712,26.584,132.445,5.233999999999999,10.4,119.271,12.642,50.867999999999995,20.592,74.136,34.366,41.367000000000004,10.4,40.291000000000004,35.442,49.417,129.082,Pass
1635,1545.328,141.875,132.791,185.18699999999998,100.289,122.40100000000001,7.8,138.249,168.267,164.158,125.466,121.512,117.079,90.973,146.337,124.81699999999998,74.599,7.8,120.852,90.506,129.828,67.337,55.22800000000001,87.911,70.799,7.8,89.637,78.90200000000002,108.56700000000001,225.74099999999999,Pass
1636,1112.9959999999999,115.608,235.21699999999998,168.256,90.679,171.315,10.4,143.346,230.34199999999998,139.54399999999998,144.798,139.241,74.456,142.252,152.83200000000002,162.115,96.63,10.4,178.214,132.245,130.743,92.96699999999998,98.499,133.31799999999998,98.871,10.4,113.71899999999998,82.211,114.51800000000001,135.752,Pass
1637,3476.224,75.493,128.153,169.762,92.763,211.57999999999998,7.8,205.699,201.208,244.22099999999998,155.38,187.749,201.577,186.924,162.025,82.65100000000001,51.084,7.8,579.764,219.307,233.286,148.092,148.11900000000003,157.54199999999997,180.42,7.8,102.416,96.01499999999999,205.38600000000002,515.097,Pass
1638,1222.652,116.45500000000001,142.37900000000002,246.03799999999998,119.59799999999998,223.52099999999996,10.4,221.04500000000002,117.304,73.721,53.857,64.465,147.958,70.086,117.593,123.33699999999999,127.42000000000002,10.4,232.81699999999998,105.62400000000001,123.19800000000001,132.495,67.073,117.89299999999999,78.696,10.4,46.461,37.592000000000006,77.411,261.36699999999996,Pass
1639,360.521,78.597,90.501,117.576,85.349,136.962,10.4,70.44200000000001,10.4,10.4,10.4,10.4,10.4,10.4,10.4,10.4,10.4,10.4,10.4,10.4,10.4,10.4,10.4,10.4,10.4,10.4,10.4,10.4,10.4,148.209,Dropout
1640,1314.33,106.196,137.181,220.06900000000002,133.619,146.119,10.4,142.08299999999997,51.64,28.537,30.217000000000002,87.703,121.107,54.437,96.845,73.129,46.067,10.4,139.895,73.342,120.60600000000001,16.741999999999997,19.717,71.15700000000001,42.537,10.4,55.33,34.74199999999999,51.717,245.58499999999998,Pass
1641,3337.7849999999994,132.125,76.011,213.183,147.437,302.20099999999996,10.4,278.655,113.32,170.71699999999998,271.082,61.187,190.78700000000003,127.93599999999999,177.618,99.242,90.72800000000001,10.4,355.257,259.861,341.078,153.70700000000002,80.612,263.149,233.882,10.4,116.282,68.561,202.92100000000002,421.667,Pass
1642,1776.265,92.14,68.843,260.11699999999996,92.39500000000001,229.395,7.8,211.521,130.87900000000002,75.59100000000001,95.999,193.54500000000002,125.03200000000001,125.278,137.196,66.174,7.8,7.8,338.21700000000004,135.494,163.61899999999997,123.47800000000001,60.634,54.092,7.8,7.8,7.8,7.8,7.8,162.112,Dropout
1643,674.64,142.58599999999998,83.684,138.036,7.8,7.8,7.8,7.8,7.8,7.8,7.8,7.8,7.8,7.8,7.8,7.8,7.8,7.8,7.8,7.8,7.8,7.8,7.8,7.8,7.8,7.8,7.8,7.8,7.8,137.542,Dropout
1644,231.863,72.74199999999999,55.893,10.4,80.039,10.4,10.4,10.4,10.4,10.4,10.4,10.4,10.4,10.4,10.4,10.4,10.4,10.4,10.4,10.4,10.4,10.4,10.4,10.4,10.4,10.4,10.4,10.4,10.4,134.467,Dropout
1645,1028.791,181.99200000000002,208.32199999999997,61.165,57.394999999999996,61.117,10.4,106.326,123.731,137.46699999999998,55.809,177.56,86.74199999999999,80.622,70.347,46.759,10.4,10.4,256.804,52.31699999999999,39.26,10.4,10.4,66.892,10.4,10.4,56.272999999999996,10.4,72.17099999999999,256.391,Pass
1646,1364.089,149.968,142.79000000000002,131.612,101.124,174.223,10.4,117.963,193.297,112.395,135.332,157.701,103.0,100.31800000000001,124.12899999999999,73.926,55.119,10.4,196.94,129.59699999999998,106.88199999999999,99.752,68.237,37.711999999999996,120.05,10.4,53.821,41.658,50.116,288.817,Pass
1647,92.66400000000002,7.8,54.359,48.56699999999999,7.8,7.8,7.8,7.8,7.8,7.8,7.8,7.8,7.8,7.8,7.8,7.8,7.8,7.8,7.8,7.8,7.8,7.8,7.8,7.8,7.8,7.8,7.8,7.8,7.8,7.8,Dropout
1648,1629.017,191.225,157.96499999999997,117.307,73.692,97.061,10.4,2.067,28.54,110.828,9.991999999999999,123.192,80.698,49.012,92.01,10.4,10.4,10.4,282.78,50.176,89.49199999999999,52.126,51.443,75.045,63.04900000000001,10.4,32.766999999999996,40.542,47.292,112.843,Pass
1649,51.81700000000001,7.8,7.8,7.8,7.8,7.8,7.8,7.8,7.8,7.8,7.8,7.8,7.8,7.8,7.8,7.8,7.8,7.8,7.8,7.8,7.8,7.8,7.8,7.8,7.8,7.8,7.8,7.8,7.8,7.8,Fail
1650,1273.008,99.89799999999998,67.152,166.093,93.80600000000001,204.151,10.4,179.69099999999997,154.27100000000002,101.613,113.55199999999999,73.48,184.507,172.02200000000002,173.27300000000002,10.4,10.4,10.4,225.767,147.517,191.73,144.087,71.713,153.953,141.351,10.4,76.655,63.925999999999995,167.042,117.75899999999999,Pass
1651,722.829,102.78099999999999,71.158,206.61399999999998,80.612,151.494,10.4,105.811,74.06099999999999,57.609,50.584,51.559,57.442,10.4,40.703,10.4,10.4,10.4,107.018,10.4,10.4,10.4,10.4,10.4,10.4,10.4,10.4,10.4,10.4,158.53099999999998,Dropout
1652,4267.081,199.707,196.907,53.667,33.897,-15.608,7.8,23.209000000000003,127.501,134.868,103.94200000000001,114.45299999999999,35.437000000000005,38.412,71.97900000000001,42.584,7.8,7.8,170.678,60.50399999999999,82.67699999999999,85.51299999999999,97.073,73.426,46.964999999999996,7.8,43.009,62.062000000000005,84.824,262.33500000000004,Pass
1653,54.417,10.4,10.4,10.4,10.4,10.4,10.4,10.4,10.4,10.4,10.4,10.4,10.4,10.4,10.4,10.4,10.4,10.4,10.4,10.4,10.4,10.4,10.4,10.4,10.4,10.4,10.4,10.4,10.4,10.4,Dropout
1654,2635.3059999999996,144.769,216.653,158.269,169.09199999999998,205.019,10.4,149.17699999999996,214.603,205.279,95.032,159.199,126.846,105.166,130.22,136.721,108.66299999999998,10.4,294.00800000000004,75.24,44.986999999999995,10.4,10.4,105.09400000000001,59.717999999999996,10.4,82.204,77.443,98.169,294.59000000000003,Pass
1655,1043.7720000000002,97.601,10.4,141.173,28.817999999999998,132.428,10.4,25.159,210.209,80.41499999999999,77.02699999999999,32.059,81.524,132.89499999999998,52.513999999999996,53.53,63.81699999999999,10.4,195.402,151.536,150.36,118.274,70.54599999999999,113.10900000000001,65.321,10.4,87.241,77.33800000000001,56.93299999999999,266.30400000000003,Pass
1656,618.826,89.857,11.13,10.4,34.123999999999995,10.4,10.4,57.117,84.11699999999999,49.759,10.4,10.4,10.4,44.809,37.334,10.4,10.4,10.4,7.967,15.459,57.765,20.892000000000003,29.384,29.201,10.4,10.4,10.4,10.4,36.292,10.4,Fail
1657,229.203,89.601,10.4,10.4,13.208,10.4,10.4,10.4,10.4,10.4,10.4,10.4,10.4,10.4,10.4,10.4,10.4,10.4,10.4,10.4,10.4,10.4,10.4,10.4,10.4,10.4,10.4,10.4,10.4,10.4,Dropout
1658,492.571,72.768,71.82,127.70499999999998,76.757,61.117,10.4,64.06700000000001,30.428,10.4,10.4,10.4,10.4,10.4,10.4,10.4,10.4,10.4,114.419,10.4,10.4,10.4,10.4,10.4,10.4,10.4,10.4,10.4,10.4,140.417,Dropout
1659,235.079,54.142,54.318,10.4,33.86,10.4,10.4,10.4,10.4,10.4,10.4,10.4,10.4,10.4,10.4,10.4,53.259,10.4,10.4,10.4,10.4,10.4,10.4,10.4,10.4,10.4,10.4,10.4,10.4,139.44199999999998,Fail
1660,2353.2599999999998,126.75800000000001,107.22800000000001,226.62499999999997,132.19,214.148,7.8,229.235,187.013,210.744,166.239,155.143,208.076,196.614,215.10899999999998,130.18200000000002,106.229,7.8,338.012,283.563,219.63199999999998,249.38299999999998,216.102,149.048,153.455,7.8,158.982,199.609,223.652,333.217,Pass
1661,1639.7490000000003,57.775999999999996,140.779,179.52300000000002,108.059,134.49200000000002,10.4,137.978,235.463,151.901,124.85000000000001,113.87400000000001,153.898,121.96300000000001,160.29999999999998,120.466,87.977,10.4,131.368,108.416,65.965,30.737000000000002,35.816,45.262,32.942,10.4,48.99,51.43,40.266999999999996,146.16099999999997,Fail
1662,1359.739,138.267,160.72500000000002,233.315,116.72900000000001,259.82099999999997,7.8,132.669,29.703,7.8,7.8,7.8,7.8,7.8,7.8,7.8,7.8,7.8,118.60099999999998,7.8,7.8,7.8,7.8,7.8,7.8,7.8,7.8,7.8,7.8,166.25900000000001,Dropout
1663,63.494,70.329,10.4,10.4,10.4,10.4,10.4,10.4,10.4,10.4,10.4,10.4,10.4,10.4,10.4,10.4,10.4,10.4,10.4,10.4,10.4,10.4,10.4,10.4,10.4,10.4,10.4,10.4,10.4,10.4,Dropout
1664,2540.117,115.259,162.523,198.346,97.53899999999999,203.743,10.4,182.054,185.46699999999998,209.224,81.862,152.462,168.312,177.905,48.062,151.38899999999998,88.265,10.4,301.736,72.167,124.083,62.604,93.09,95.648,70.068,10.4,117.44399999999999,52.834,103.523,300.24,Pass
1665,2482.2630000000004,131.451,133.774,173.127,136.76899999999998,238.423,7.8,227.80499999999998,193.835,239.43900000000002,209.42499999999998,242.31400000000002,170.53699999999998,175.391,148.37199999999999,152.336,86.997,7.8,286.468,188.90300000000002,197.161,145.707,86.742,148.264,128.10899999999998,7.8,55.708,76.44299999999998,201.519,356.933,Pass
1666,1995.768,202.914,220.078,118.00699999999999,121.26599999999999,201.59500000000003,10.4,192.942,218.606,206.091,157.227,67.134,168.04399999999998,143.808,123.61500000000001,146.498,116.217,10.4,189.167,155.411,157.226,121.546,116.82000000000001,145.38,119.129,10.4,87.359,79.415,100.02899999999998,123.841,Pass
1667,95.687,58.392,10.4,10.4,10.4,10.4,10.4,10.4,10.4,10.4,10.4,10.4,10.4,10.4,10.4,10.4,10.4,10.4,10.4,10.4,10.4,10.4,10.4,10.4,10.4,10.4,10.4,10.4,10.4,10.4,Dropout
1668,54.417,10.4,10.4,10.4,10.4,10.4,10.4,10.4,10.4,10.4,10.4,10.4,10.4,10.4,10.4,10.4,10.4,10.4,10.4,10.4,10.4,10.4,10.4,10.4,10.4,10.4,10.4,10.4,10.4,10.4,Dropout
1669,368.264,74.917,10.4,10.4,30.317,10.4,10.4,10.4,10.4,10.4,10.4,10.4,10.4,10.4,10.4,10.4,10.4,10.4,110.41799999999999,10.4,10.4,10.4,10.4,10.4,10.4,10.4,10.4,10.4,10.4,10.4,Dropout
1670,2203.0,95.70500000000001,131.202,198.061,103.92500000000001,349.62999999999994,10.4,246.83699999999996,250.597,229.378,234.694,276.015,237.02700000000002,284.134,237.93900000000002,296.919,188.127,10.4,336.61899999999997,184.93699999999998,183.975,136.069,98.886,145.49,124.29799999999999,10.4,132.66899999999998,76.109,99.858,328.60499999999996,Pass
1671,1742.1870000000001,113.76400000000001,75.694,174.284,94.381,177.066,10.4,144.89600000000002,126.50399999999999,126.45100000000001,97.19800000000001,75.63,151.869,128.208,125.87700000000001,60.02499999999999,10.4,10.4,357.76300000000003,153.055,179.14600000000002,115.547,71.188,135.591,125.205,10.4,84.018,69.751,188.353,233.413,Pass
1672,2001.3559999999998,105.34,124.256,146.17000000000002,136.348,64.156,10.4,149.799,147.695,132.58700000000002,108.85499999999999,188.657,171.819,122.24799999999999,145.838,110.99599999999998,5.311999999999999,10.4,406.244,170.343,150.013,81.402,80.95400000000001,114.4,63.733000000000004,10.4,40.905,38.259,106.28,322.79499999999996,Pass
1673,235.555,77.22,90.55,10.4,63.69800000000001,10.4,10.4,10.4,57.967,10.4,10.4,10.4,10.4,10.4,10.4,10.4,10.4,10.4,10.4,10.4,10.4,10.4,10.4,10.4,10.4,10.4,10.4,10.4,10.4,10.4,Dropout
1674,3712.3550000000005,128.58100000000002,138.64,285.90200000000004,107.03200000000001,239.40299999999996,10.4,183.91799999999998,167.206,115.798,43.483999999999995,47.609,113.646,95.819,71.505,60.034,49.009,10.4,169.252,88.167,98.06200000000001,10.4,10.4,73.21300000000001,42.867000000000004,10.4,65.576,10.4,89.488,299.14599999999996,Pass
1675,1226.682,106.243,168.224,184.14,126.02199999999999,194.19,10.4,183.649,142.2,-9.558,-14.283,62.861999999999995,127.25800000000001,156.709,35.165,80.843,4.567,10.4,179.78699999999998,145.249,172.833,132.272,93.483,58.3,37.392,10.4,47.558,35.31699999999999,43.292,247.721,Pass
1676,2167.7400000000002,228.54000000000002,275.12199999999996,170.39000000000001,96.685,215.837,7.8,209.679,300.604,243.84699999999998,184.75599999999997,175.648,202.55399999999997,150.56799999999998,144.238,184.386,133.673,7.8,192.161,152.243,218.414,179.999,142.76999999999998,159.947,138.51600000000002,7.8,128.799,74.812,42.242,389.934,Pass
1677,203.208,83.013,10.4,10.4,10.4,10.4,10.4,10.4,10.4,10.4,10.4,10.4,10.4,10.4,10.4,10.4,10.4,10.4,10.4,10.4,10.4,10.4,10.4,10.4,10.4,10.4,10.4,10.4,10.4,141.692,Dropout
1678,54.417,10.4,10.4,10.4,10.4,10.4,10.4,10.4,10.4,10.4,10.4,10.4,10.4,10.4,10.4,10.4,10.4,10.4,10.4,10.4,10.4,10.4,10.4,10.4,10.4,10.4,10.4,10.4,10.4,10.4,Dropout
1679,1579.664,169.254,120.12100000000001,156.214,129.744,186.43,7.8,137.762,151.613,112.349,44.31699999999999,93.44,98.376,70.693,101.65299999999999,7.8,79.48400000000001,7.8,238.58100000000002,46.867000000000004,66.89399999999999,7.8,7.8,7.8,7.8,7.8,33.384,7.8,70.719,103.582,Pass
1680,54.417,10.4,10.4,10.4,10.4,10.4,10.4,10.4,10.4,10.4,10.4,10.4,10.4,10.4,10.4,10.4,10.4,10.4,10.4,10.4,10.4,10.4,10.4,10.4,10.4,10.4,10.4,10.4,10.4,10.4,Dropout
1681,1625.738,87.786,77.301,120.84299999999999,92.027,52.867,10.4,131.516,73.04599999999999,10.4,36.259,49.434,77.306,56.695,84.731,56.13399999999999,54.108999999999995,10.4,130.706,52.575,72.416,46.067,63.225,54.534000000000006,36.192,10.4,40.142,10.4,100.914,48.754999999999995,Pass
1682,4336.7,196.076,283.93999999999994,221.73499999999999,157.947,273.719,10.4,370.93500000000006,324.58399999999995,308.94500000000005,122.34400000000001,219.146,219.68600000000004,205.98399999999998,118.37599999999999,187.507,128.252,10.4,353.08000000000004,158.72299999999998,197.941,170.457,155.68400000000003,187.725,105.547,10.4,130.022,135.524,135.435,401.42799999999994,Pass
1683,218.17499999999998,53.667,7.8,7.8,29.592,7.8,7.8,7.8,7.8,7.8,7.8,7.8,7.8,7.8,7.8,7.8,7.8,7.8,7.8,7.8,7.8,7.8,7.8,7.8,7.8,7.8,7.8,7.8,7.8,7.8,Fail
1684,858.3029999999999,101.618,86.895,131.87,80.171,121.118,10.4,129.0,99.106,10.4,10.4,10.4,-1.033000000000003,1.9419999999999984,31.982999999999997,10.4,10.4,10.4,125.285,42.792,94.53999999999999,30.742,10.4,37.692,52.962,10.4,10.4,10.4,86.509,204.19299999999998,Pass
1685,1630.326,138.772,135.577,124.81200000000001,82.565,199.02700000000002,10.4,169.544,184.037,179.387,164.904,102.41,153.429,133.242,109.808,119.94200000000001,98.65199999999999,10.4,154.61599999999999,65.566,86.26399999999998,52.167,10.4,102.376,45.642,10.4,41.259,10.4,68.008,209.498,Pass
1686,276.621,102.822,10.4,10.4,10.4,10.4,10.4,10.4,10.4,10.4,10.4,10.4,10.4,10.4,10.4,10.4,10.4,10.4,10.4,10.4,10.4,10.4,10.4,10.4,10.4,10.4,10.4,10.4,10.4,160.342,Dropout
1687,2860.616,143.049,148.314,201.98400000000004,95.50200000000001,235.069,10.4,188.12,327.345,248.098,184.178,275.92,184.637,165.334,172.47400000000002,177.909,159.54500000000002,10.4,246.001,183.693,180.346,207.685,122.262,162.92399999999998,166.394,10.4,194.29300000000003,169.132,183.757,387.079,Pass
1688,1073.039,103.993,129.363,146.535,113.01400000000001,162.641,10.4,93.035,108.736,-12.015999999999998,10.4,85.868,66.62100000000001,60.675,67.794,56.322,5.292,10.4,99.74,67.167,105.315,75.88499999999999,20.142,95.04,99.724,10.4,44.212,10.4,129.624,119.679,Pass
1689,2146.259,92.789,126.232,154.758,116.83399999999999,227.47299999999998,7.8,224.512,271.57,195.76100000000002,147.422,172.671,149.12900000000002,208.042,146.42499999999998,88.47699999999999,90.953,7.8,233.831,160.537,183.723,129.71099999999998,73.37899999999999,133.135,116.608,7.8,105.04499999999999,77.349,144.429,306.498,Pass
1690,54.417,10.4,10.4,10.4,10.4,10.4,10.4,10.4,10.4,10.4,10.4,10.4,10.4,10.4,10.4,10.4,10.4,10.4,10.4,10.4,10.4,10.4,10.4,10.4,10.4,10.4,10.4,10.4,10.4,10.4,Dropout
1691,54.417,10.4,10.4,10.4,10.4,10.4,10.4,10.4,10.4,10.4,10.4,10.4,10.4,10.4,10.4,10.4,10.4,10.4,10.4,10.4,10.4,10.4,10.4,10.4,10.4,10.4,10.4,10.4,10.4,10.4,Dropout
1692,399.04799999999994,146.70499999999998,144.236,108.576,99.206,90.617,10.4,54.56699999999999,30.808999999999997,10.4,10.4,10.4,10.4,10.4,10.4,10.4,10.4,10.4,10.4,10.4,10.4,10.4,10.4,10.4,10.4,10.4,10.4,10.4,10.4,140.842,Dropout
1693,54.417,10.4,10.4,10.4,10.4,10.4,10.4,10.4,10.4,10.4,10.4,10.4,10.4,10.4,10.4,10.4,10.4,10.4,10.4,10.4,10.4,10.4,10.4,10.4,10.4,10.4,10.4,10.4,10.4,10.4,Dropout
1694,1265.32,91.424,72.453,194.005,100.579,89.983,10.4,76.667,35.906,10.4,10.4,10.4,10.4,10.4,10.4,10.4,10.4,10.4,10.4,10.4,10.4,10.4,10.4,10.4,10.4,10.4,10.4,10.4,10.4,146.35899999999998,Dropout
1695,1577.814,183.324,136.976,202.39499999999998,115.88,158.321,10.4,76.69,20.131999999999998,76.496,5.733999999999998,4.583999999999998,97.293,103.857,121.69600000000001,10.4,10.4,10.4,243.611,55.309,94.38799999999999,31.517000000000003,10.4,54.897999999999996,55.39,10.4,46.266999999999996,10.4,10.4,270.73,Pass
1696,367.288,88.00999999999999,10.4,10.4,70.998,10.4,10.4,10.4,26.942,10.4,10.4,10.4,10.4,10.4,10.4,10.4,10.4,10.4,10.4,10.4,10.4,10.4,10.4,10.4,10.4,10.4,10.4,10.4,10.4,10.4,Dropout
1697,450.619,125.47900000000001,97.40200000000002,197.333,75.33,10.4,10.4,10.4,10.4,10.4,10.4,10.4,10.4,10.4,10.4,10.4,10.4,10.4,102.768,10.4,10.4,10.4,10.4,10.4,10.4,10.4,10.4,10.4,10.4,10.4,Fail
1698,2039.209,164.23499999999999,323.493,201.363,118.95800000000001,256.953,10.4,198.17,232.42999999999998,271.444,202.86599999999999,141.438,157.335,147.53499999999997,167.415,199.651,103.213,10.4,166.216,145.636,173.76800000000003,115.082,135.692,130.72400000000002,138.848,10.4,129.376,107.44199999999998,147.994,131.93099999999998,Pass
1699,686.076,141.417,72.448,187.21,85.006,229.885,7.8,58.734,7.8,7.8,7.8,7.8,7.8,7.8,7.8,7.8,7.8,7.8,7.8,7.8,7.8,7.8,7.8,7.8,7.8,7.8,7.8,7.8,7.8,142.217,Dropout
1700,1385.988,181.525,112.70000000000002,115.309,83.874,82.297,10.4,10.4,125.84,61.309,55.10799999999999,52.559000000000005,78.887,86.431,75.172,84.86399999999999,10.4,10.4,124.52899999999998,10.4,45.134,10.4,10.4,10.4,10.4,10.4,34.709,10.4,67.437,175.743,Fail
1701,1587.755,96.098,69.44999999999999,204.401,113.25899999999999,253.206,10.4,285.644,393.137,324.89400000000006,262.575,168.677,80.348,103.23100000000001,101.05499999999999,107.422,84.12899999999999,10.4,225.265,45.11,90.90899999999999,60.06,64.69,86.92699999999999,33.517,10.4,48.983999999999995,45.004999999999995,73.46900000000001,242.06599999999997,Pass
1702,963.831,105.209,67.243,146.072,82.01400000000001,98.97300000000001,10.4,10.4,45.537,79.695,24.584,57.542,30.766999999999996,54.037,40.028,10.4,10.4,10.4,86.61500000000001,10.4,69.995,48.47699999999999,39.266999999999996,43.24199999999999,46.217,10.4,10.4,10.4,44.809999999999995,45.635000000000005,Pass
1703,100.41399999999999,10.4,10.4,10.4,10.4,10.4,10.4,10.4,10.4,10.4,10.4,10.4,10.4,10.4,10.4,10.4,10.4,10.4,10.4,10.4,10.4,10.4,10.4,10.4,10.4,10.4,10.4,10.4,10.4,152.85899999999998,Dropout
1704,546.745,123.572,10.4,10.4,10.4,10.4,10.4,10.4,10.4,10.4,10.4,10.4,10.4,10.4,10.4,10.4,10.4,10.4,10.4,10.4,10.4,10.4,10.4,10.4,10.4,10.4,10.4,10.4,10.4,158.804,Dropout
1705,1088.9379999999999,-38.39099999999999,-38.933,8.366999999999999,-5.380000000000003,-30.008000000000003,10.4,-22.483000000000008,33.797,1.408999999999999,125.63199999999999,97.36500000000001,92.904,100.622,104.47,88.00099999999999,86.06099999999999,10.4,104.207,85.4,132.865,126.178,107.27799999999999,38.49,43.007999999999996,10.4,50.062,41.416000000000004,71.31899999999999,128.434,Pass
1706,3429.3820000000005,75.15899999999999,180.752,179.21599999999998,123.459,148.44299999999998,10.4,180.974,265.055,265.666,231.752,189.66,173.245,231.46200000000002,154.517,102.305,6.966999999999999,10.4,392.068,190.911,186.72899999999998,168.298,93.09700000000001,174.127,132.06,10.4,102.26199999999999,76.935,113.27399999999999,147.498,Pass
1707,1141.368,139.09199999999998,125.63999999999999,187.829,131.89,-21.391,10.4,-15.440999999999997,37.78099999999999,44.092,49.734,51.559,94.08,123.07399999999998,108.439,-0.25800000000000267,49.009,10.4,205.02,63.296,82.601,27.208999999999996,10.4,68.546,66.004,10.4,74.967,43.059,72.08,268.053,Pass
1708,2359.7160000000003,189.506,206.644,271.486,138.34199999999998,213.288,10.4,158.498,215.32599999999996,184.172,152.50300000000001,208.69600000000003,208.655,203.627,171.92,169.833,113.455,10.4,239.65999999999997,149.783,196.714,145.857,134.446,156.983,59.67999999999999,10.4,175.699,124.26400000000001,167.905,419.60099999999994,Pass
1709,1769.2640000000001,129.263,94.526,329.69100000000003,92.82900000000001,110.37799999999999,10.4,66.434,40.301,63.705,-10.316000000000003,57.084,42.208999999999996,61.14999999999999,81.72200000000001,56.159000000000006,10.4,10.4,170.99,34.166999999999994,83.02199999999999,10.4,39.233999999999995,10.4,103.24799999999999,10.4,10.4,10.4,58.902,267.622,Pass
1710,2097.804,191.08999999999997,192.596,267.77799999999996,107.586,198.54399999999998,10.4,214.73200000000003,223.716,221.909,143.447,298.117,231.64600000000002,212.12600000000003,223.57199999999997,210.475,171.548,10.4,98.92999999999999,30.176,56.254999999999995,38.001000000000005,44.618,45.498000000000005,56.38,10.4,52.729,36.592,63.006,260.437,Pass
1711,1576.105,10.4,57.20100000000001,135.792,109.856,133.25,10.4,85.572,24.682,10.4,4.733999999999999,53.684,15.984,74.09,40.352000000000004,10.4,10.4,10.4,132.949,62.248000000000005,106.075,26.242,10.4,35.192,35.167,10.4,10.4,10.4,60.509,93.16999999999999,Pass
1712,121.73000000000002,55.10900000000001,62.117999999999995,10.4,32.015,10.4,10.4,10.4,10.4,10.4,10.4,10.4,10.4,10.4,10.4,10.4,10.4,10.4,10.4,10.4,10.4,10.4,10.4,10.4,10.4,10.4,10.4,10.4,10.4,134.892,Dropout
1713,501.12200000000007,71.742,72.523,71.411,81.20200000000001,10.4,10.4,39.233999999999995,31.805,48.184000000000005,10.4,10.4,10.4,10.4,10.4,10.4,10.4,10.4,106.06900000000002,10.4,10.4,10.4,10.4,10.4,10.4,10.4,10.4,10.4,10.4,10.4,Dropout
1714,2444.243,123.922,10.4,154.047,86.518,167.37199999999999,10.4,176.73300000000003,123.007,10.4,10.4,10.4,47.027,44.334,77.96600000000001,10.4,10.4,10.4,222.39100000000002,53.057,97.93100000000001,65.275,60.06400000000001,65.806,74.062,10.4,61.789,57.20100000000001,97.316,344.05199999999996,Pass
1715,4332.945,147.57199999999997,156.744,255.874,120.659,245.211,10.4,184.63299999999998,255.13500000000002,132.775,161.53199999999998,157.989,133.007,141.869,148.403,3.3179999999999996,73.39999999999999,10.4,294.419,96.15700000000001,125.731,10.4,10.4,32.417,33.009,10.4,46.916999999999994,10.4,55.754,273.245,Pass
1716,1663.392,150.718,156.37,215.439,116.635,149.09300000000002,10.4,170.554,138.86599999999999,101.041,123.533,138.459,109.556,137.12,109.078,141.49399999999997,95.62299999999999,10.4,171.996,75.683,129.984,37.108999999999995,93.05,102.49799999999999,86.986,10.4,81.227,55.927,84.437,314.301,Pass
1717,1569.6290000000004,115.131,131.48,35.679,-5.4879999999999995,10.4,10.4,108.63999999999999,56.955,91.306,5.866999999999999,121.67699999999999,96.993,98.65899999999999,52.487,89.35399999999998,24.534,10.4,141.571,29.217000000000002,91.755,10.4,40.384,31.712,26.392,10.4,51.775000000000006,33.742,52.867,264.779,Pass
1718,344.94,114.321,70.516,83.74,31.019,10.4,10.4,10.4,10.4,10.4,10.4,10.4,10.4,10.4,10.4,10.4,10.4,10.4,111.268,10.4,10.4,10.4,10.4,10.4,10.4,10.4,10.4,10.4,10.4,139.99200000000002,Dropout
1719,746.3149999999999,10.4,10.4,67.292,33.010999999999996,10.4,10.4,10.4,83.98700000000001,10.4,10.4,50.28399999999999,10.4,28.792,59.428999999999995,10.4,10.4,10.4,158.29000000000002,54.56699999999999,36.869,10.4,10.4,10.4,10.4,10.4,10.4,10.4,10.4,10.4,Dropout
1720,431.948,146.478,96.733,64.326,75.525,57.509,10.4,10.4,32.801,10.4,10.4,10.4,10.4,10.4,10.4,10.4,10.4,10.4,10.4,10.4,10.4,10.4,10.4,10.4,10.4,10.4,10.4,10.4,10.4,10.4,Dropout
1721,54.417,10.4,10.4,10.4,10.4,10.4,10.4,10.4,10.4,10.4,10.4,10.4,10.4,10.4,10.4,10.4,10.4,10.4,10.4,10.4,10.4,10.4,10.4,10.4,10.4,10.4,10.4,10.4,10.4,10.4,Fail
1722,2173.079,167.416,154.054,268.35600000000005,109.906,202.384,7.8,218.06800000000004,161.62199999999999,159.954,197.573,201.50799999999998,347.711,243.58799999999997,172.897,211.997,73.568,7.8,376.038,203.91400000000002,214.031,163.698,132.71099999999998,225.68400000000003,97.943,7.8,130.07999999999998,7.8,153.943,173.67999999999998,Pass
1723,97.984,59.784000000000006,10.4,65.217,66.19200000000001,10.4,10.4,74.117,10.4,10.4,10.4,10.4,10.4,10.4,10.4,10.4,10.4,10.4,10.4,10.4,10.4,10.4,10.4,10.4,10.4,10.4,10.4,10.4,10.4,139.567,Dropout
1724,54.417,10.4,10.4,10.4,10.4,10.4,10.4,10.4,10.4,10.4,10.4,10.4,10.4,10.4,10.4,10.4,10.4,10.4,10.4,10.4,10.4,10.4,10.4,10.4,10.4,10.4,10.4,10.4,10.4,10.4,Dropout
1725,1293.1260000000002,113.72200000000001,117.866,132.986,95.19200000000001,81.30099999999999,10.4,60.059,82.996,10.4,10.4,104.87599999999999,55.166,51.31699999999999,38.402,10.4,10.4,10.4,117.87400000000001,10.4,10.4,10.4,10.4,10.4,10.4,10.4,10.4,10.4,10.4,113.64200000000001,Dropout
1726,1634.6459999999997,62.483999999999995,130.07799999999997,182.09,121.56,163.667,10.4,153.831,137.667,120.315,121.749,149.246,161.889,144.259,166.844,157.397,135.657,10.4,184.02899999999997,169.891,179.235,138.376,119.49100000000001,139.042,121.251,10.4,85.93,38.017,48.966,82.39699999999999,Pass
1727,754.8570000000001,198.094,74.81700000000001,43.38699999999999,88.80799999999999,51.842,7.8,7.8,28.149,44.451,7.8,96.81199999999998,41.766999999999996,7.8,37.689,7.8,7.8,7.8,7.8,7.8,7.8,7.8,7.8,7.8,7.8,7.8,7.8,7.8,7.8,122.092,Dropout
1728,51.81700000000001,7.8,7.8,7.8,7.8,7.8,7.8,7.8,7.8,7.8,7.8,7.8,7.8,7.8,7.8,7.8,7.8,7.8,7.8,7.8,7.8,7.8,7.8,7.8,7.8,7.8,7.8,7.8,7.8,7.8,Dropout
1729,1487.2939999999999,74.94,170.838,-9.683000000000002,1.718,101.036,10.4,1.2170000000000005,25.967,-0.11599999999999966,22.101,92.714,10.4,71.751,43.382,16.459,16.434,10.4,65.946,10.4,70.17699999999999,32.792,39.284,10.4,10.4,10.4,73.70100000000001,63.434,47.233999999999995,198.92600000000002,Pass
1730,652.443,136.782,186.141,202.30100000000002,104.639,158.232,10.4,80.433,39.391999999999996,45.184,10.4,10.4,10.4,10.4,10.4,10.4,10.4,10.4,10.4,10.4,10.4,10.4,10.4,10.4,10.4,10.4,10.4,10.4,10.4,144.38400000000001,Fail
1731,2049.031,86.648,139.763,133.51,116.40899999999999,231.938,10.4,166.423,276.04699999999997,318.676,189.777,256.64799999999997,196.14000000000001,221.55700000000002,121.62799999999999,203.514,157.081,10.4,270.855,166.907,203.481,140.264,112.00099999999999,162.073,107.94200000000001,10.4,135.4,126.956,131.407,364.537,Pass
1732,2442.429,291.483,372.469,329.51099999999997,129.12699999999998,327.381,10.4,234.068,260.326,216.85799999999998,230.393,256.471,222.565,319.324,219.032,178.135,128.833,10.4,309.44,149.643,106.206,89.82,85.774,60.57000000000001,60.634,10.4,73.892,10.4,184.144,379.764,Pass
1733,287.006,80.434,67.727,10.4,10.4,10.4,10.4,10.4,10.4,10.4,10.4,10.4,10.4,10.4,10.4,10.4,10.4,10.4,10.4,10.4,10.4,10.4,10.4,10.4,10.4,10.4,10.4,10.4,10.4,146.66600000000003,Dropout
1734,716.85,104.47,117.696,108.503,63.375,48.342,10.4,73.894,34.295,10.4,66.33500000000001,10.4,10.4,10.4,10.4,10.4,78.792,10.4,112.334,10.4,10.4,10.4,10.4,10.4,10.4,10.4,10.4,10.4,10.4,10.4,Dropout
1735,58.346000000000004,10.4,10.4,10.4,10.4,10.4,10.4,10.4,10.4,10.4,10.4,10.4,10.4,10.4,10.4,10.4,10.4,10.4,10.4,10.4,10.4,10.4,10.4,10.4,10.4,10.4,10.4,10.4,10.4,10.4,Dropout
1736,1702.01,178.553,195.87,141.308,77.303,101.929,10.4,92.95,131.549,71.771,48.088,79.361,97.751,145.337,98.059,104.244,67.917,10.4,178.521,130.892,246.28099999999998,114.338,97.082,67.625,84.24,10.4,80.99000000000001,76.861,125.672,281.213,Pass
1737,54.417,10.4,10.4,10.4,10.4,10.4,10.4,10.4,10.4,10.4,10.4,10.4,10.4,10.4,10.4,10.4,10.4,10.4,10.4,10.4,10.4,10.4,10.4,10.4,10.4,10.4,10.4,10.4,10.4,10.4,Dropout
1738,2671.429,132.49,148.002,264.875,110.458,313.07,10.4,243.55700000000002,167.09900000000002,151.868,191.372,212.856,324.18399999999997,218.94299999999998,210.459,168.476,128.896,10.4,352.58399999999995,151.868,187.13400000000001,154.45,132.618,145.739,144.251,10.4,103.26399999999998,87.17399999999999,186.37900000000002,361.267,Pass
1739,335.275,84.765,66.864,66.432,27.152,10.4,10.4,10.4,10.4,10.4,10.4,10.4,10.4,10.4,10.4,10.4,10.4,10.4,99.617,10.4,10.4,10.4,10.4,10.4,10.4,10.4,10.4,10.4,10.4,137.59199999999998,Dropout
1740,296.19199999999995,77.009,103.729,72.55799999999999,10.4,10.4,10.4,10.4,10.4,10.4,10.4,10.4,10.4,10.4,10.4,10.4,10.4,10.4,10.4,10.4,10.4,10.4,10.4,10.4,10.4,10.4,10.4,10.4,10.4,143.267,Dropout
1741,2450.4269999999997,317.613,394.963,410.08900000000006,137.69899999999998,291.737,7.8,236.055,267.087,245.537,80.08,214.14800000000002,152.436,175.25600000000003,173.299,203.942,181.12600000000003,7.8,546.1790000000001,217.26999999999998,162.024,143.95999999999998,92.73500000000001,170.464,139.261,7.8,135.227,66.08,123.61099999999999,370.03899999999993,Pass
1742,638.271,158.284,106.214,79.03899999999999,102.68,75.42500000000001,10.4,79.442,10.4,10.4,10.4,10.4,10.4,10.4,10.4,10.4,10.4,10.4,10.4,10.4,10.4,10.4,10.4,10.4,10.4,10.4,10.4,10.4,10.4,10.4,Fail
1743,1880.3780000000002,96.64800000000001,119.339,232.95799999999997,116.821,141.837,7.8,107.951,108.24799999999999,102.905,200.615,159.19,209.95,185.711,145.084,50.821,7.8,7.8,261.487,109.529,155.687,36.743,7.8,7.8,7.8,7.8,7.8,7.8,7.8,154.609,Fail
1744,51.81700000000001,7.8,7.8,7.8,7.8,7.8,7.8,7.8,7.8,7.8,7.8,7.8,7.8,7.8,7.8,7.8,7.8,7.8,7.8,7.8,7.8,7.8,7.8,7.8,7.8,7.8,7.8,7.8,7.8,7.8,Dropout
1745,1373.7400000000002,73.997,247.53699999999998,373.60699999999997,115.392,247.555,10.4,114.67599999999999,228.222,116.38,0.5839999999999996,81.931,41.867000000000004,51.842000000000006,37.964,53.791999999999994,10.4,10.4,138.261,39.992,42.116,16.892,69.53399999999999,10.4,57.384,10.4,49.905,10.4,39.717,87.19,Pass
1746,54.417,10.4,10.4,10.4,10.4,10.4,10.4,10.4,10.4,10.4,10.4,10.4,10.4,10.4,10.4,10.4,10.4,10.4,10.4,10.4,10.4,10.4,10.4,10.4,10.4,10.4,10.4,10.4,10.4,10.4,Dropout
1747,3308.3089999999997,153.012,201.575,236.67099999999996,136.90699999999998,226.60500000000002,10.4,239.129,219.416,205.935,216.97100000000003,259.887,217.702,225.786,180.288,176.618,95.42099999999999,10.4,383.436,151.828,190.586,145.15800000000002,91.069,157.29799999999997,151.82,10.4,84.846,93.74400000000001,157.484,343.082,Pass
1748,537.0229999999999,82.15099999999998,10.4,174.487,75.928,73.953,10.4,10.4,10.4,10.4,10.4,10.4,10.4,10.4,10.4,10.4,10.4,10.4,111.286,10.4,10.4,10.4,10.4,10.4,10.4,10.4,10.4,10.4,10.4,143.29199999999997,Dropout
1749,1655.1749999999997,96.312,121.37299999999999,188.882,89.348,180.361,10.4,167.561,161.252,163.825,174.454,235.05599999999998,140.55,185.486,151.79500000000002,108.01499999999999,62.18900000000001,10.4,296.113,143.75799999999998,177.54700000000003,127.786,107.267,149.113,125.162,10.4,142.314,128.224,175.501,331.113,Pass
1750,202.033,66.09100000000001,53.684,10.4,10.4,10.4,10.4,10.4,10.4,10.4,10.4,10.4,10.4,10.4,10.4,10.4,10.4,10.4,10.4,10.4,10.4,10.4,10.4,10.4,10.4,10.4,10.4,10.4,10.4,139.567,Dropout
1751,1891.299,132.913,68.902,165.662,109.818,192.52700000000002,10.4,88.027,298.749,177.53399999999996,89.926,117.96099999999998,168.14499999999998,96.434,126.064,131.191,137.621,10.4,241.02900000000002,150.523,171.40400000000002,155.94,130.283,137.094,128.74099999999999,10.4,162.21,111.37899999999999,166.97200000000004,327.909,Pass
1752,2726.33,211.01399999999998,289.83799999999997,312.28200000000004,143.411,319.118,7.8,259.475,307.913,236.178,235.423,352.07399999999996,201.878,206.29199999999997,159.621,162.88899999999998,135.31799999999998,7.8,261.73400000000004,207.85699999999997,240.86299999999997,116.311,102.50099999999999,203.68099999999998,125.797,7.8,64.999,130.446,219.734,464.026,Pass
1753,918.01,158.05300000000003,48.992000000000004,7.8,26.366999999999997,7.8,7.8,7.8,32.925,7.8,7.8,37.516999999999996,7.8,43.467,7.8,7.8,7.8,7.8,110.181,7.8,7.8,7.8,70.24199999999999,7.8,7.8,7.8,7.8,7.8,7.8,147.317,Dropout
1754,1604.6100000000001,182.804,168.854,243.3,139.802,220.144,10.4,162.253,309.772,243.01,94.51599999999999,291.108,49.617000000000004,111.074,33.494,125.678,63.39999999999999,10.4,210.87099999999998,45.043,114.28900000000002,150.882,59.044999999999995,69.08600000000001,10.4,10.4,69.08300000000001,58.303999999999995,10.4,257.509,Dropout
1755,275.324,61.724999999999994,74.73400000000001,7.8,85.524,7.8,7.8,7.8,7.8,7.8,7.8,7.8,7.8,7.8,7.8,7.8,7.8,7.8,102.894,7.8,7.8,7.8,7.8,7.8,7.8,7.8,7.8,7.8,7.8,7.8,Dropout
1756,2078.183,225.43,167.985,158.422,88.95400000000001,154.007,7.8,189.097,192.353,207.11499999999998,170.754,201.492,157.73499999999999,151.15,147.874,183.823,130.224,7.8,268.403,142.19600000000003,167.795,127.09799999999998,123.068,150.30899999999997,126.116,7.8,134.28199999999998,119.69,162.844,274.449,Pass
1757,2148.6620000000003,223.649,266.154,280.287,166.432,231.83499999999998,10.4,237.066,311.321,412.38399999999996,246.142,253.461,189.60700000000003,189.261,181.722,235.14300000000003,208.397,10.4,211.18099999999998,154.65300000000002,192.597,141.117,160.205,138.033,141.76500000000001,10.4,173.03900000000002,158.721,158.67000000000002,345.552,Pass
1758,353.14599999999996,55.992000000000004,55.593,10.4,33.509,10.4,10.4,10.4,10.4,10.4,10.4,10.4,10.4,10.4,10.4,10.4,10.4,10.4,10.4,10.4,10.4,10.4,10.4,10.4,10.4,10.4,10.4,10.4,10.4,134.767,Dropout
1759,1809.9029999999998,109.77,82.61699999999999,155.811,120.21199999999999,155.45499999999998,10.4,125.94899999999998,277.15700000000004,251.31299999999996,203.628,155.581,155.167,158.47299999999998,184.032,165.159,146.80100000000002,10.4,271.07400000000007,113.28200000000001,185.535,141.11999999999998,106.752,140.017,97.207,10.4,120.81300000000002,78.827,93.35799999999999,160.53,Pass
1760,870.5980000000001,310.14799999999997,267.06,97.23299999999999,94.34899999999999,82.90299999999999,10.4,102.773,81.984,92.658,88.376,66.21400000000001,48.742,78.751,38.33,10.4,10.4,10.4,10.4,10.4,41.822,10.4,10.4,10.4,10.4,10.4,10.4,10.4,10.4,153.512,Fail
1761,2782.0829999999996,117.79500000000002,132.485,225.719,159.14,185.514,10.4,229.94199999999998,392.166,401.13,262.031,265.693,204.476,174.97400000000002,167.12099999999998,213.636,201.53300000000002,10.4,294.707,185.393,216.52100000000002,203.362,179.713,146.62099999999998,165.44600000000003,10.4,202.943,148.62,192.38400000000001,432.554,Pass
1762,2499.105,206.941,142.77100000000002,239.89200000000005,97.35900000000001,283.38199999999995,10.4,294.132,93.096,85.992,137.98100000000002,80.06899999999999,195.285,111.18800000000002,89.194,63.977999999999994,10.4,10.4,233.68500000000003,105.69400000000002,104.882,128.26799999999997,59.454,181.72,158.59799999999998,10.4,55.918,37.992,106.136,299.83,Pass
1763,1254.007,148.307,139.345,68.573,142.12800000000001,126.65199999999999,10.4,138.372,57.65899999999999,93.84699999999998,84.758,7.7509999999999994,112.84200000000001,86.87899999999999,93.03200000000001,8.520999999999999,8.495999999999999,10.4,168.38,104.667,110.059,45.431,83.35,63.657999999999994,48.843,10.4,33.859,38.834,39.867000000000004,292.629,Fail
1764,51.81700000000001,7.8,7.8,7.8,7.8,7.8,7.8,7.8,7.8,7.8,7.8,7.8,7.8,7.8,7.8,7.8,7.8,7.8,7.8,7.8,7.8,7.8,7.8,7.8,7.8,7.8,7.8,7.8,7.8,7.8,Dropout
1765,562.863,108.434,70.674,158.44299999999998,100.39800000000001,250.91100000000003,10.4,128.563,39.89,10.4,10.4,10.4,10.4,10.4,10.4,10.4,10.4,10.4,10.4,10.4,10.4,10.4,10.4,10.4,10.4,10.4,10.4,10.4,10.4,204.34900000000002,Dropout
1766,2390.723,289.649,196.762,234.24399999999997,175.614,317.834,7.8,169.454,214.19599999999997,181.607,88.043,251.475,60.792,102.909,127.843,8.609,10.584,7.8,344.417,125.52999999999999,130.826,132.74599999999998,106.327,99.054,70.93799999999999,7.8,117.717,34.934,102.695,285.562,Pass
1767,860.0300000000001,10.4,69.469,80.253,79.501,58.542,10.4,65.255,28.436,71.483,10.4,105.667,69.706,69.231,80.975,64.30000000000001,63.695,10.4,179.78500000000003,50.317,78.91799999999999,52.592,10.4,47.967,44.792,10.4,66.69200000000001,10.4,38.717,75.789,Fail
1768,150.663,10.4,10.4,10.4,33.332,10.4,10.4,10.4,10.4,10.4,10.4,10.4,10.4,10.4,10.4,10.4,10.4,10.4,97.06700000000001,49.891999999999996,10.4,10.4,10.4,10.4,10.4,10.4,10.4,10.4,10.4,10.4,Fail
1769,1367.2779999999998,106.233,-35.958000000000006,112.57,134.334,113.949,10.4,-7.517000000000001,25.963,25.195999999999998,-4.215999999999999,83.235,98.40700000000001,101.456,98.64699999999999,106.957,22.209,10.4,181.08800000000002,14.616999999999999,80.982,33.567,41.059,50.776,24.391999999999996,10.4,74.218,46.934,59.292,76.49,Pass
1770,803.5569999999999,138.595,158.253,192.94700000000003,89.94300000000001,164.499,10.4,55.384,9.717999999999998,10.4,10.4,10.4,10.4,10.4,10.4,10.4,10.4,10.4,10.4,10.4,10.4,10.4,10.4,10.4,10.4,10.4,10.4,10.4,10.4,143.567,Fail
1771,1972.107,78.71000000000001,76.859,235.69400000000002,79.532,251.13099999999997,7.8,233.76100000000002,145.658,238.68800000000002,252.151,281.61,225.33000000000004,205.975,156.761,78.49799999999999,66.745,7.8,257.81800000000004,161.83800000000002,172.63400000000001,93.273,127.24499999999999,52.859,42.159,7.8,70.535,7.8,117.318,240.16899999999998,Pass
1772,191.838,84.857,10.4,10.4,28.471999999999998,10.4,10.4,10.4,10.4,10.4,10.4,10.4,10.4,10.4,10.4,10.4,10.4,10.4,10.4,10.4,10.4,10.4,10.4,10.4,10.4,10.4,10.4,10.4,10.4,10.4,Dropout
1773,1483.9889999999998,94.696,109.899,147.895,118.34700000000001,192.56799999999998,7.8,189.529,166.67499999999998,74.457,37.741,165.78699999999998,143.10500000000002,88.93,72.405,40.06699999999999,7.8,7.8,233.774,113.4,178.82,115.999,46.863,106.96900000000002,62.356,7.8,7.8,7.8,115.577,249.168,Pass
1774,2600.553,218.131,198.399,207.40800000000002,121.46000000000001,236.44,10.4,211.887,381.90000000000003,233.594,202.97899999999998,258.562,228.33599999999998,254.667,206.801,238.75400000000002,210.59400000000002,10.4,480.70399999999995,183.796,239.875,154.68599999999998,115.77199999999999,221.545,205.961,10.4,236.61300000000003,149.806,228.39700000000002,230.53399999999996,Pass
1775,187.03699999999998,60.517,10.4,10.4,10.4,10.4,10.4,10.4,10.4,10.4,10.4,10.4,10.4,10.4,10.4,10.4,10.4,10.4,10.4,10.4,10.4,10.4,10.4,10.4,10.4,10.4,10.4,10.4,10.4,137.017,Dropout
1776,1909.9879999999998,130.51,120.045,194.032,135.959,217.84199999999998,10.4,152.587,210.60400000000004,180.317,114.07799999999999,103.40299999999999,99.999,147.50600000000003,113.47,40.879999999999995,46.873,10.4,393.74700000000007,41.496,133.493,95.717,94.47600000000001,74.586,44.433,10.4,107.14,63.795,76.271,278.89,Pass
1777,2610.028,113.08299999999998,94.833,210.799,88.072,234.663,10.4,217.99800000000002,171.108,169.96399999999997,144.11499999999998,150.636,205.45999999999998,250.756,191.625,89.271,70.608,10.4,286.748,189.852,223.42999999999998,168.56399999999996,88.71499999999999,169.288,130.614,10.4,80.205,117.91900000000001,234.59699999999998,346.927,Pass
1778,56.64600000000001,10.4,10.4,10.4,10.4,10.4,10.4,10.4,10.4,10.4,10.4,10.4,10.4,10.4,10.4,10.4,10.4,10.4,10.4,10.4,10.4,10.4,10.4,10.4,10.4,10.4,10.4,10.4,10.4,10.4,Dropout
1779,409.119,89.81599999999999,72.362,156.352,89.435,104.71900000000001,10.4,56.842,28.436,10.4,10.4,10.4,10.4,10.4,10.4,10.4,10.4,10.4,10.4,10.4,10.4,10.4,10.4,10.4,10.4,10.4,10.4,10.4,10.4,151.842,Fail
1780,1093.3850000000002,57.521,-31.867000000000004,153.62800000000001,78.776,5.765000000000001,10.4,-9.267000000000001,180.108,87.089,-4.269999999999998,-14.283,80.47200000000001,68.23899999999999,25.902,35.495999999999995,5.441999999999998,10.4,211.23899999999998,80.944,87.964,55.875,82.426,112.792,73.885,10.4,65.33,43.259,110.326,90.819,Pass
1781,497.44800000000004,81.20299999999999,10.4,58.392,35.266999999999996,10.4,10.4,10.4,10.4,10.4,10.4,10.4,10.4,10.4,10.4,10.4,10.4,10.4,10.4,10.4,32.537,10.4,10.4,10.4,10.4,10.4,10.4,10.4,10.4,153.784,Fail
1782,3616.374,217.68699999999998,181.86,490.37100000000004,132.794,480.26099999999997,7.8,326.029,329.06899999999996,373.502,178.386,267.839,340.164,361.50800000000004,254.18899999999996,301.64300000000003,256.573,7.8,652.394,214.774,245.26799999999997,162.13100000000003,120.10600000000001,175.292,193.528,7.8,182.21900000000002,103.249,261.776,492.90000000000003,Pass
1783,51.81700000000001,7.8,7.8,7.8,7.8,7.8,7.8,7.8,7.8,7.8,7.8,7.8,7.8,7.8,7.8,7.8,7.8,7.8,7.8,7.8,7.8,7.8,7.8,7.8,7.8,7.8,7.8,7.8,7.8,7.8,Dropout
1784,950.414,100.681,98.92999999999999,140.907,54.479,47.406,10.4,79.224,37.283,10.4,88.56099999999999,85.536,84.994,146.756,93.93900000000001,10.4,65.137,10.4,99.58000000000001,10.4,50.203,10.4,10.4,22.417,10.4,10.4,48.234,36.684,73.667,255.848,Pass
1785,518.1329999999999,80.955,49.891999999999996,10.4,35.003,10.4,10.4,10.4,31.922,10.4,10.4,10.4,10.4,10.4,10.4,10.4,10.4,10.4,113.393,10.4,10.4,10.4,10.4,10.4,10.4,10.4,10.4,10.4,10.4,144.667,Dropout
1786,452.25299999999993,74.619,61.91,74.301,88.598,7.8,7.8,7.8,7.8,7.8,7.8,7.8,7.8,7.8,7.8,7.8,7.8,7.8,7.8,7.8,7.8,7.8,7.8,7.8,7.8,7.8,7.8,7.8,7.8,140.092,Dropout
1787,3490.8869999999997,196.33800000000002,294.578,385.966,175.762,304.034,7.8,277.088,271.056,331.323,171.17000000000002,199.053,286.787,468.879,196.737,275.71,116.935,7.8,433.15899999999993,319.562,216.29500000000002,138.46900000000002,72.01899999999999,217.83200000000002,283.978,7.8,373.111,57.312,697.4559999999999,695.898,Pass
1788,4587.64,181.791,171.984,204.334,139.825,290.45799999999997,10.4,286.933,250.886,230.59199999999998,261.94,243.713,340.458,290.81600000000003,238.91499999999996,251.58599999999998,106.59599999999999,10.4,580.787,189.327,182.804,159.31900000000002,110.737,198.612,197.829,10.4,131.364,105.89399999999999,229.614,427.91200000000003,Pass
1789,74.452,10.4,10.4,10.4,10.4,10.4,10.4,10.4,10.4,10.4,10.4,10.4,10.4,10.4,10.4,10.4,10.4,10.4,10.4,10.4,10.4,10.4,10.4,10.4,10.4,10.4,10.4,10.4,10.4,10.4,Dropout
1790,51.81700000000001,7.8,7.8,7.8,7.8,7.8,7.8,7.8,7.8,7.8,7.8,7.8,7.8,7.8,7.8,7.8,7.8,7.8,7.8,7.8,7.8,7.8,7.8,7.8,7.8,7.8,7.8,7.8,7.8,7.8,Dropout
1791,502.228,80.701,71.284,159.364,31.4,83.907,10.4,62.879000000000005,99.37700000000001,59.242,10.4,10.4,10.4,10.4,10.4,10.4,10.4,10.4,10.4,10.4,10.4,10.4,10.4,10.4,10.4,10.4,10.4,10.4,10.4,163.44400000000002,Dropout
1792,1093.605,132.09400000000002,76.405,149.231,101.352,146.481,10.4,133.776,98.386,63.684000000000005,10.4,10.4,10.4,10.4,10.4,10.4,10.4,10.4,102.34299999999999,10.4,10.4,10.4,10.4,10.4,10.4,10.4,10.4,10.4,10.4,125.96700000000001,Fail
1793,585.5620000000001,95.328,96.51599999999999,127.28399999999999,81.607,162.656,10.4,10.4,72.937,49.184000000000005,10.4,58.651,10.4,10.4,40.073,10.4,10.4,10.4,10.4,10.4,10.4,10.4,10.4,10.4,10.4,10.4,10.4,10.4,10.4,150.34199999999998,Fail
1794,689.253,101.878,87.672,186.94500000000002,112.853,154.75,10.4,68.572,66.02600000000001,10.4,10.4,10.4,10.4,10.4,10.4,10.4,10.4,10.4,131.398,10.4,10.4,10.4,10.4,10.4,10.4,10.4,10.4,10.4,10.4,148.005,Dropout
1795,2876.1989999999996,168.11599999999999,216.985,288.372,88.295,118.922,10.4,75.863,174.961,102.03099999999999,68.203,72.699,191.697,107.684,140.164,135.953,70.727,10.4,312.937,111.92700000000002,141.803,81.632,50.742,96.006,91.59100000000001,10.4,76.82600000000001,52.441,96.785,306.005,Pass
1796,553.357,127.90999999999998,124.729,161.266,102.358,54.617,10.4,54.56699999999999,33.914,10.4,10.4,10.4,10.4,10.4,10.4,10.4,10.4,10.4,10.4,10.4,10.4,10.4,10.4,10.4,10.4,10.4,10.4,10.4,10.4,156.74399999999997,Dropout
1797,894.631,93.31899999999999,102.626,127.01299999999999,110.30799999999999,60.876,10.4,68.042,62.26599999999999,42.666999999999994,10.4,51.134,43.742000000000004,52.717,38.96,10.4,10.4,10.4,80.73000000000002,10.4,84.508,72.217,65.19200000000001,41.109,10.4,10.4,10.4,10.4,10.4,38.678,Pass
1798,54.417,10.4,10.4,10.4,10.4,10.4,10.4,10.4,10.4,10.4,10.4,10.4,10.4,10.4,10.4,10.4,10.4,10.4,10.4,10.4,10.4,10.4,10.4,10.4,10.4,10.4,10.4,10.4,10.4,10.4,Dropout
1799,2091.608,69.014,100.215,232.488,115.55699999999999,225.796,10.4,200.58900000000003,197.72899999999998,130.36700000000002,-2.823999999999998,92.471,171.58499999999998,177.23199999999997,110.243,32.611999999999995,14.652999999999999,10.4,437.52,126.93100000000001,157.417,80.843,60.928999999999995,61.183,26.667,10.4,47.625,44.599999999999994,43.012,421.53100000000006,Pass
1800,2165.8109999999997,111.695,167.97199999999998,285.385,149.128,233.92499999999995,7.8,223.403,300.913,205.361,239.714,327.315,236.81,194.608,146.03,165.17600000000002,67.443,7.8,261.735,187.124,253.05100000000002,148.15399999999997,134.53300000000002,150.224,135.426,7.8,120.677,119.94899999999998,135.418,297.426,Pass
1801,51.81700000000001,7.8,7.8,7.8,7.8,7.8,7.8,7.8,7.8,7.8,7.8,7.8,7.8,7.8,7.8,7.8,7.8,7.8,7.8,7.8,7.8,7.8,7.8,7.8,7.8,7.8,7.8,7.8,7.8,7.8,Dropout
1802,589.8120000000001,82.02000000000001,60.509,152.846,79.512,123.56799999999998,10.4,120.824,31.307000000000002,10.4,10.4,10.4,10.4,10.4,10.4,10.4,10.4,10.4,10.4,10.4,10.4,10.4,10.4,10.4,10.4,10.4,10.4,10.4,10.4,10.4,Dropout
1803,110.27999999999999,10.4,59.242,10.4,10.4,10.4,10.4,10.4,10.4,10.4,10.4,10.4,10.4,10.4,10.4,10.4,10.4,10.4,10.4,10.4,10.4,10.4,10.4,10.4,10.4,10.4,10.4,10.4,10.4,10.4,Fail
1804,2447.581,177.17499999999998,85.22699999999999,330.86199999999997,122.204,138.779,7.8,126.343,85.005,92.369,197.447,111.091,89.382,100.805,96.762,117.51599999999999,54.59400000000001,7.8,288.93899999999996,93.107,88.75299999999999,125.902,40.492000000000004,54.908,67.77099999999999,7.8,78.323,67.984,192.45799999999997,453.709,Pass
1805,1335.853,112.30699999999999,189.18400000000003,174.314,111.946,149.43800000000002,10.4,139.468,220.62,147.763,242.401,134.915,126.862,97.005,112.116,95.761,103.02999999999999,10.4,270.01300000000003,147.70100000000002,139.218,125.273,100.739,137.655,90.642,10.4,57.521,113.027,103.997,303.417,Pass
1806,54.417,10.4,10.4,10.4,10.4,10.4,10.4,10.4,10.4,10.4,10.4,10.4,10.4,10.4,10.4,10.4,10.4,10.4,10.4,10.4,10.4,10.4,10.4,10.4,10.4,10.4,10.4,10.4,10.4,10.4,Dropout
1807,1798.381,160.43,185.567,164.14799999999997,108.381,175.538,10.4,193.93300000000002,278.187,143.304,98.84899999999999,207.899,121.45100000000001,107.31,131.057,98.636,134.252,10.4,222.51,150.274,181.745,113.099,131.308,92.855,43.516999999999996,10.4,122.176,10.4,128.293,241.863,Pass
1808,1536.842,145.32000000000002,364.081,230.54399999999998,179.63,196.99899999999997,10.4,271.129,350.616,263.02099999999996,244.76,235.325,184.439,210.411,112.716,89.14,170.23700000000002,10.4,355.553,128.864,231.14999999999998,160.909,145.541,201.58099999999996,167.104,10.4,148.6,138.13899999999998,187.628,307.945,Pass
1809,1415.0849999999998,128.378,142.655,174.574,121.704,164.686,10.4,119.045,166.89499999999998,105.067,10.4,73.29700000000001,49.317,43.292,73.03999999999999,53.667,75.665,10.4,30.884,10.4,44.738,10.4,10.4,10.4,10.4,10.4,10.4,10.4,10.4,124.41700000000002,Dropout
1810,500.66499999999996,72.035,73.91600000000001,147.433,66.892,10.4,10.4,10.4,10.4,10.4,10.4,10.4,10.4,10.4,10.4,10.4,10.4,10.4,108.967,10.4,10.4,10.4,10.4,10.4,10.4,10.4,10.4,10.4,10.4,161.125,Dropout
1811,285.875,72.488,77.397,43.517,58.45,10.4,10.4,10.4,60.634,10.4,10.4,10.4,10.4,10.4,10.4,10.4,10.4,10.4,10.4,10.4,10.4,10.4,10.4,10.4,10.4,10.4,10.4,10.4,10.4,10.4,Dropout
1812,1931.717,71.184,116.843,171.22,105.508,182.23699999999997,10.4,112.34,154.682,86.167,99.372,109.75200000000001,66.33000000000001,46.705,38.19799999999999,102.03200000000001,88.908,10.4,197.393,78.18299999999999,110.03599999999999,71.241,10.4,23.417,32.392,10.4,47.211999999999996,10.4,64.587,238.494,Pass
1813,475.88300000000004,88.283,7.8,51.967,89.728,60.416,7.8,7.8,57.459,7.8,7.8,7.8,7.8,7.8,47.717,7.8,7.8,7.8,7.8,7.8,7.8,7.8,7.8,7.8,7.8,7.8,7.8,7.8,7.8,141.059,Dropout
1814,1940.052,60.217,10.4,56.266999999999996,77.384,10.4,10.4,85.392,35.906,10.4,12.916999999999998,10.4,10.4,40.234,72.075,10.4,10.4,10.4,188.138,27.792,108.453,45.642,10.4,51.592,10.4,10.4,10.4,10.4,78.406,89.876,Pass
1815,995.895,169.343,190.576,141.536,117.66900000000001,-5.908000000000001,10.4,51.424,87.439,122.34199999999998,35.558,72.652,67.448,65.966,29.195,90.60000000000001,10.4,10.4,177.5,13.767,53.230999999999995,10.4,22.691999999999997,27.842,69.395,10.4,104.868,108.30000000000001,10.4,308.431,Pass
1816,906.608,137.928,60.634,10.4,10.4,66.042,10.4,10.4,10.4,10.4,10.4,10.4,10.4,10.4,10.4,10.4,10.4,10.4,116.518,10.4,10.4,10.4,10.4,10.4,10.4,10.4,10.4,10.4,10.4,187.542,Fail
1817,166.465,10.4,60.242000000000004,10.4,64.767,10.4,10.4,10.4,10.4,10.4,10.4,10.4,10.4,10.4,10.4,10.4,10.4,10.4,10.4,10.4,10.4,10.4,10.4,10.4,10.4,10.4,10.4,10.4,10.4,10.4,Dropout
1818,4481.0419999999995,208.735,200.34699999999998,284.331,123.234,201.324,10.4,200.5,230.88899999999998,172.67700000000002,155.39,193.548,112.67399999999999,118.348,101.789,135.54500000000002,99.005,10.4,314.582,192.155,159.62,89.554,80.586,73.27900000000001,109.911,10.4,83.237,71.662,137.455,294.004,Pass
1819,2207.356,234.849,302.10400000000004,254.34,156.267,243.07,10.4,243.45099999999996,315.092,455.09099999999995,263.797,225.24800000000005,167.524,174.322,92.49900000000001,176.24599999999998,74.84100000000001,10.4,271.065,168.083,175.728,41.372,41.234,10.4,70.44200000000001,10.4,10.4,78.367,10.4,211.174,Dropout
1820,51.81700000000001,7.8,7.8,7.8,7.8,7.8,7.8,7.8,7.8,7.8,7.8,7.8,7.8,7.8,7.8,7.8,7.8,7.8,7.8,7.8,7.8,7.8,7.8,7.8,7.8,7.8,7.8,7.8,7.8,7.8,Dropout
1821,903.72,65.125,10.4,10.4,85.92,52.442,10.4,65.42599999999999,30.926,10.4,10.4,10.4,10.4,10.4,10.4,10.4,10.4,10.4,10.4,10.4,10.4,10.4,10.4,10.4,10.4,10.4,10.4,10.4,10.4,142.417,Fail
1822,618.358,128.15200000000002,186.62199999999999,193.597,82.88599999999998,107.839,10.4,99.733,73.83099999999999,10.4,10.4,10.4,10.4,10.4,10.4,10.4,10.4,10.4,99.793,10.4,10.4,10.4,10.4,10.4,10.4,10.4,10.4,10.4,10.4,182.063,Dropout
1823,637.542,98.374,104.28300000000002,171.93499999999997,78.187,94.72399999999999,10.4,58.084,10.4,10.4,10.4,10.4,10.4,10.4,10.4,10.4,10.4,10.4,109.55300000000001,10.4,10.4,10.4,10.4,10.4,10.4,10.4,10.4,10.4,10.4,165.489,Dropout
1824,818.183,-14.283,70.00899999999999,10.4,33.509,10.4,10.4,81.872,136.878,10.4,10.4,10.4,46.393,10.4,10.4,7.408999999999999,4.383999999999999,10.4,143.758,39.266999999999996,33.782,10.4,85.009,53.016999999999996,10.4,10.4,10.4,88.991,10.4,90.538,Fail
1825,1331.757,181.379,241.44,132.74300000000002,160.059,103.99000000000001,10.4,148.795,126.429,213.44,82.849,65.796,82.713,82.399,105.43799999999999,72.519,79.84299999999999,10.4,171.29899999999998,53.915000000000006,69.241,35.744,80.152,71.999,35.765,10.4,49.708999999999996,50.071,97.08900000000001,313.747,Pass
1826,927.6540000000001,47.555,82.21000000000001,79.20100000000001,91.995,63.222,10.4,62.60900000000001,70.152,51.768,87.45299999999999,64.316,90.056,68.629,80.23400000000001,66.75999999999999,64.06700000000001,10.4,137.271,58.051,93.00200000000001,97.65299999999999,82.877,10.4,10.4,10.4,10.4,10.4,10.4,50.864,Pass
1827,2243.2599999999998,179.94100000000003,125.437,260.013,119.918,194.58299999999997,10.4,237.79500000000002,245.176,225.717,248.04500000000004,162.97500000000002,174.073,231.959,230.207,92.74900000000001,10.4,10.4,395.738,197.819,178.274,193.02100000000002,75.922,160.434,50.269,10.4,68.19300000000001,10.4,158.257,363.18199999999996,Pass
1828,607.094,118.23899999999999,89.8,105.31200000000001,70.30499999999999,49.041999999999994,10.4,55.416999999999994,10.4,10.4,10.4,10.4,10.4,10.4,10.4,10.4,10.4,10.4,10.4,10.4,10.4,10.4,10.4,10.4,10.4,10.4,10.4,10.4,10.4,10.4,Dropout
1829,2585.926,172.735,173.232,230.724,84.92800000000001,200.23399999999998,7.8,160.014,276.323,227.68700000000004,175.708,247.095,215.40800000000002,174.862,182.12300000000002,167.72599999999997,150.477,7.8,224.62499999999997,201.96599999999998,214.088,176.38699999999997,133.358,155.237,148.885,7.8,146.54999999999998,160.125,177.39800000000002,427.495,Pass
1830,2904.503,92.551,140.5,162.97400000000002,98.753,217.40800000000002,10.4,253.156,163.71699999999998,195.48299999999998,146.747,112.957,204.695,183.684,160.211,141.639,72.034,10.4,368.33599999999996,226.27100000000002,160.321,152.704,53.983000000000004,131.095,133.194,10.4,10.4,10.4,106.60599999999998,325.21999999999997,Pass
1831,468.60499999999996,52.867,10.4,127.29599999999999,100.12700000000001,73.2,10.4,86.29499999999999,82.42999999999999,75.705,72.843,52.067,10.4,64.684,31.694,10.4,10.4,10.4,10.4,10.4,40.079,10.4,10.4,10.4,10.4,10.4,10.4,10.4,10.4,10.4,Fail
1832,2902.609,357.91700000000003,137.58599999999998,286.54699999999997,143.316,276.47700000000003,7.8,138.097,287.469,243.49900000000002,236.178,260.526,285.00399999999996,180.23499999999999,167.55,230.081,145.903,7.8,352.034,110.916,22.776,7.8,7.8,7.8,7.8,7.8,7.8,7.8,7.8,201.383,Dropout
1833,54.417,10.4,10.4,10.4,10.4,10.4,10.4,10.4,10.4,10.4,10.4,10.4,10.4,10.4,10.4,10.4,10.4,10.4,10.4,10.4,10.4,10.4,10.4,10.4,10.4,10.4,10.4,10.4,10.4,10.4,Dropout
1834,1744.258,195.894,72.235,146.242,100.669,155.05,10.4,165.966,39.158,10.4,10.4,66.543,185.17100000000002,139.529,145.55,127.338,59.400000000000006,10.4,365.874,164.197,185.56,132.387,93.532,171.16,141.666,10.4,96.47,72.55999999999999,84.182,105.905,Pass
1835,690.2620000000001,129.155,65.359,42.666999999999994,105.06800000000001,179.213,10.4,83.81099999999999,106.506,164.834,43.24199999999999,48.734,10.4,10.4,32.045,10.4,10.4,10.4,10.4,10.4,10.4,10.4,10.4,10.4,10.4,10.4,10.4,10.4,10.4,10.4,Fail
1836,2522.111,139.204,152.028,145.359,107.514,160.526,10.4,189.10199999999998,134.749,130.028,112.687,150.66899999999998,176.19600000000003,148.175,133.772,111.48599999999999,63.464000000000006,10.4,204.087,118.805,223.219,141.162,86.898,135.535,122.52400000000002,10.4,78.923,72.358,167.238,296.075,Pass
1837,721.911,49.041999999999994,61.05900000000001,10.4,134.226,10.4,10.4,-15.541000000000002,2.1080000000000005,-8.670000000000002,10.4,10.4,-10.307999999999996,37.292,31.936999999999998,10.4,10.4,10.4,123.922,10.4,69.42299999999999,15.466999999999999,10.4,28.842,10.4,10.4,30.766999999999996,35.742,47.233999999999995,95.67999999999999,Pass
1838,2701.4620000000004,133.084,154.75,125.139,123.49700000000001,212.51,10.4,201.257,204.125,272.678,180.0,103.27799999999999,189.19299999999998,142.165,123.525,129.157,141.484,10.4,340.19000000000005,245.036,160.70999999999998,104.065,92.21000000000001,55.152,34.765,10.4,83.153,47.415,47.116,300.56600000000003,Pass
1839,54.417,10.4,10.4,10.4,10.4,10.4,10.4,10.4,10.4,10.4,10.4,10.4,10.4,10.4,10.4,10.4,10.4,10.4,10.4,10.4,10.4,10.4,10.4,10.4,10.4,10.4,10.4,10.4,10.4,10.4,Dropout
1840,100.41099999999999,73.743,10.4,10.4,10.4,10.4,10.4,10.4,10.4,10.4,10.4,10.4,10.4,10.4,10.4,10.4,10.4,10.4,10.4,10.4,10.4,10.4,10.4,10.4,10.4,10.4,10.4,10.4,10.4,10.4,Dropout
1841,54.417,10.4,10.4,10.4,10.4,10.4,10.4,10.4,10.4,10.4,10.4,10.4,10.4,10.4,10.4,10.4,10.4,10.4,10.4,10.4,10.4,10.4,10.4,10.4,10.4,10.4,10.4,10.4,10.4,10.4,Dropout
1842,1099.831,133.907,180.346,89.589,114.043,82.08,10.4,72.29299999999999,117.125,18.447,66.897,83.829,58.45399999999999,64.429,105.113,66.723,30.272,10.4,86.73600000000002,10.4,79.485,50.369,66.509,38.141999999999996,10.4,10.4,49.584,51.042,52.016999999999996,98.214,Pass
1843,475.928,125.53099999999999,89.431,136.55700000000002,84.722,57.117,10.4,10.4,82.989,10.4,10.4,10.4,10.4,10.4,10.4,10.4,10.4,10.4,10.4,10.4,10.4,10.4,10.4,10.4,10.4,10.4,10.4,10.4,10.4,152.18400000000003,Dropout
1844,68.92699999999999,10.4,55.534000000000006,10.4,10.4,10.4,10.4,10.4,10.4,10.4,10.4,10.4,10.4,10.4,10.4,10.4,10.4,10.4,10.4,10.4,10.4,10.4,10.4,10.4,10.4,10.4,10.4,10.4,10.4,10.4,Dropout
1845,54.417,10.4,10.4,10.4,10.4,10.4,10.4,10.4,10.4,10.4,10.4,10.4,10.4,10.4,10.4,10.4,10.4,10.4,10.4,10.4,10.4,10.4,10.4,10.4,10.4,10.4,10.4,10.4,10.4,10.4,Dropout
1846,2081.1150000000002,152.462,207.166,148.333,126.538,61.333,10.4,148.625,84.438,110.57,90.565,67.417,71.566,73.101,88.402,70.568,10.4,10.4,270.81600000000003,61.461999999999996,73.78200000000001,64.009,49.727000000000004,10.4,10.4,10.4,10.4,10.4,57.717,277.629,Pass
1847,1276.628,69.46600000000001,105.27,139.287,84.30000000000001,119.743,10.4,101.913,74.201,46.184000000000005,78.99600000000001,58.528999999999996,125.55,102.45500000000001,96.45700000000001,54.284,60.622,10.4,226.623,35.167,82.918,40.117,36.292,10.4,10.4,10.4,10.4,10.4,59.855,77.027,Pass
1848,3586.4639999999995,154.21,156.417,195.147,124.773,108.298,10.4,154.16199999999998,279.44800000000004,258.796,166.279,96.92099999999999,143.261,151.7,116.73700000000001,62.74999999999999,61.834,10.4,362.028,92.139,188.493,90.532,92.307,89.318,76.534,10.4,127.191,103.203,49.955,243.541,Pass
1849,143.472,63.922,10.4,10.4,10.4,10.4,10.4,10.4,10.4,10.4,10.4,10.4,10.4,10.4,10.4,10.4,10.4,10.4,10.4,10.4,10.4,10.4,10.4,10.4,10.4,10.4,10.4,10.4,10.4,10.4,Dropout
1850,54.417,10.4,10.4,10.4,10.4,10.4,10.4,10.4,10.4,10.4,10.4,10.4,10.4,10.4,10.4,10.4,10.4,10.4,10.4,10.4,10.4,10.4,10.4,10.4,10.4,10.4,10.4,10.4,10.4,10.4,Dropout
1851,1767.223,85.352,92.40299999999999,206.13499999999996,113.675,161.711,10.4,91.322,115.263,75.42699999999999,122.65800000000002,105.709,184.775,113.125,182.19,52.442,10.4,10.4,332.64099999999996,94.13499999999999,118.612,61.333,60.187000000000005,58.934000000000005,54.534000000000006,10.4,62.711000000000006,10.4,59.509,127.34299999999999,Pass
1852,1096.327,98.35000000000001,73.373,156.80200000000002,81.574,141.399,10.4,121.36699999999999,113.16499999999999,70.43900000000001,67.229,70.453,10.4,10.4,10.4,10.4,10.4,10.4,104.71700000000001,10.4,10.4,10.4,10.4,10.4,10.4,10.4,10.4,10.4,10.4,154.29500000000002,Dropout
1853,51.81700000000001,7.8,7.8,7.8,7.8,7.8,7.8,7.8,7.8,7.8,7.8,7.8,7.8,7.8,7.8,7.8,7.8,7.8,7.8,7.8,7.8,7.8,7.8,7.8,7.8,7.8,7.8,7.8,7.8,7.8,Dropout
1854,153.986,61.29299999999999,10.4,10.4,29.759,56.69199999999999,10.4,10.4,10.4,10.4,10.4,10.4,10.4,10.4,10.4,10.4,10.4,10.4,10.4,10.4,10.4,10.4,10.4,10.4,10.4,10.4,10.4,10.4,10.4,10.4,Fail
1855,145.498,66.059,10.4,10.4,10.4,10.4,10.4,10.4,10.4,10.4,10.4,10.4,10.4,10.4,10.4,10.4,10.4,10.4,10.4,10.4,10.4,10.4,10.4,10.4,10.4,10.4,10.4,10.4,10.4,149.342,Fail
1856,518.2860000000001,118.334,83.39899999999999,61.358000000000004,95.501,10.4,10.4,10.4,10.4,10.4,10.4,10.4,10.4,10.4,10.4,10.4,10.4,10.4,108.88500000000002,10.4,10.4,10.4,10.4,10.4,10.4,10.4,10.4,10.4,10.4,172.923,Dropout
1857,2535.934,91.39999999999999,155.293,219.562,127.89999999999999,265.515,10.4,239.911,259.263,160.609,252.427,205.779,274.877,206.072,204.14,121.93799999999999,80.092,10.4,268.572,154.602,220.16000000000003,143.573,81.999,152.62,143.855,10.4,10.4,62.474000000000004,161.242,284.227,Pass
1858,178.967,98.546,10.4,10.4,10.4,10.4,10.4,10.4,10.4,10.4,10.4,10.4,10.4,10.4,10.4,10.4,10.4,10.4,111.268,10.4,10.4,10.4,10.4,10.4,10.4,10.4,10.4,10.4,10.4,10.4,Dropout
1859,190.502,67.78399999999999,68.69399999999999,10.4,29.933,10.4,10.4,10.4,10.4,10.4,10.4,10.4,10.4,10.4,10.4,10.4,10.4,10.4,98.76700000000001,10.4,10.4,10.4,10.4,10.4,10.4,10.4,10.4,10.4,10.4,10.4,Fail
1860,1301.199,140.612,75.14,98.16499999999999,85.855,127.059,10.4,132.196,88.803,78.464,10.067,58.676,127.199,53.751000000000005,69.464,42.666999999999994,10.4,10.4,10.4,10.4,36.272,10.4,10.4,78.349,27.666999999999998,10.4,61.14200000000001,10.4,76.176,231.16000000000003,Pass
1861,1708.814,136.325,95.608,115.119,160.237,-1.806000000000001,10.4,131.92000000000002,23.102999999999998,-10.088000000000001,53.766,5.954,113.19200000000001,83.74399999999999,27.908,84.636,82.616,10.4,261.665,56.618,93.38,66.281,68.324,87.65399999999998,52.066,10.4,76.22,43.462,110.57499999999999,282.498,Pass
1862,2210.1169999999997,191.26299999999998,265.503,250.043,104.617,291.32399999999996,10.4,199.67399999999998,221.94600000000003,195.038,108.41999999999999,72.736,132.46,194.23600000000002,143.013,84.355,10.4,10.4,341.347,144.394,128.75900000000001,98.47200000000001,69.471,126.96199999999999,96.888,10.4,82.747,42.666999999999994,439.848,311.53,Pass
1863,4238.565,201.543,233.653,206.50799999999998,152.281,234.92199999999997,10.4,165.40999999999997,212.79999999999998,194.57,142.518,245.761,175.62599999999998,114.397,112.578,175.69,79.673,10.4,256.55199999999996,89.6,131.088,105.74300000000002,128.37399999999997,33.967,28.517,10.4,144.821,10.4,82.236,312.865,Pass
1864,272.025,53.487,63.76400000000001,54.992,10.4,10.4,10.4,10.4,10.4,10.4,10.4,10.4,10.4,10.4,10.4,10.4,10.4,10.4,10.4,10.4,10.4,10.4,10.4,10.4,10.4,10.4,10.4,10.4,10.4,10.4,Dropout
1865,109.291,106.334,58.817,10.4,10.4,10.4,10.4,10.4,10.4,10.4,10.4,10.4,10.4,10.4,10.4,10.4,10.4,10.4,10.4,10.4,10.4,10.4,10.4,10.4,10.4,10.4,10.4,10.4,10.4,10.4,Dropout
1866,193.276,68.56400000000001,10.4,98.93400000000001,28.031,66.313,10.4,10.4,10.4,10.4,10.4,10.4,10.4,10.4,10.4,10.4,10.4,10.4,10.4,10.4,10.4,10.4,10.4,10.4,10.4,10.4,10.4,10.4,10.4,159.784,Dropout
1867,54.417,10.4,10.4,10.4,10.4,10.4,10.4,10.4,10.4,10.4,10.4,10.4,10.4,10.4,10.4,10.4,10.4,10.4,10.4,10.4,10.4,10.4,10.4,10.4,10.4,10.4,10.4,10.4,10.4,10.4,Dropout
1868,2786.865,165.502,248.40800000000002,202.17000000000002,169.918,276.028,10.4,195.18200000000002,384.057,286.766,212.05899999999997,225.46299999999997,249.01500000000001,160.374,186.193,217.72899999999998,128.014,10.4,298.448,193.10299999999998,232.33499999999998,175.791,138.947,205.62700000000004,196.75,10.4,192.70999999999998,107.762,212.83499999999998,378.95000000000005,Pass
1869,2328.079,231.48100000000005,118.31699999999998,174.43599999999998,133.547,116.953,7.8,108.243,69.232,187.04199999999997,-2.4160000000000004,101.048,68.78800000000001,126.334,32.765,27.382999999999996,32.906,7.8,273.344,92.922,176.39300000000003,190.28500000000003,128.50300000000001,38.684,7.8,7.8,68.664,56.232,139.87199999999999,422.615,Pass
1870,1250.854,72.893,80.94200000000001,10.4,32.513,-13.433000000000002,10.4,10.4,34.77499999999999,10.4,10.4,10.4,10.4,79.006,41.94799999999999,10.4,10.4,10.4,60.036,50.765,50.902,10.4,10.4,40.992000000000004,46.492,10.4,32.617,10.4,54.437,189.702,Pass
1871,835.339,61.05900000000001,129.317,75.817,30.637999999999998,10.4,10.4,10.4,36.287,61.165000000000006,1.040000000000001,84.64500000000001,9.654999999999998,47.32599999999999,39.894999999999996,10.4,6.933999999999998,10.4,168.838,10.4,43.742,28.43,22.142,24.817,35.223,10.4,40.173,39.017,53.586999999999996,83.423,Pass
1872,1085.2379999999998,75.209,198.859,101.758,84.883,107.77100000000002,10.4,102.157,204.65400000000002,163.62900000000002,139.016,98.369,89.43599999999999,67.004,106.125,110.57199999999999,80.71300000000001,10.4,71.78399999999999,96.74199999999999,85.157,110.259,10.4,98.465,40.842,10.4,51.309,50.28399999999999,42.567,206.442,Pass
1873,54.063,10.4,10.4,10.4,10.4,10.4,10.4,10.4,10.4,10.4,10.4,10.4,10.4,10.4,10.4,10.4,10.4,10.4,10.4,10.4,10.4,10.4,10.4,10.4,10.4,10.4,10.4,10.4,10.4,10.4,Dropout
1874,827.048,119.119,83.376,109.19300000000001,108.40899999999999,84.034,10.4,63.001,94.285,10.4,10.4,10.4,53.259,10.4,35.063,10.4,10.4,10.4,10.4,10.4,10.4,10.4,10.4,10.4,10.4,10.4,10.4,10.4,10.4,123.41700000000002,Fail
1875,54.417,10.4,10.4,10.4,10.4,10.4,10.4,10.4,10.4,10.4,10.4,10.4,10.4,10.4,10.4,10.4,10.4,10.4,10.4,10.4,10.4,10.4,10.4,10.4,10.4,10.4,10.4,10.4,10.4,10.4,Dropout
1876,61.321000000000005,10.4,10.4,10.4,10.4,10.4,10.4,10.4,10.4,10.4,10.4,10.4,10.4,10.4,10.4,10.4,10.4,10.4,10.4,10.4,10.4,10.4,10.4,10.4,10.4,10.4,10.4,10.4,10.4,10.4,Dropout
1877,81.323,10.4,10.4,10.4,10.4,10.4,10.4,10.4,10.4,10.4,10.4,10.4,10.4,10.4,10.4,10.4,10.4,10.4,10.4,10.4,10.4,10.4,10.4,10.4,10.4,10.4,10.4,10.4,10.4,10.4,Dropout
1878,1365.04,74.52499999999999,10.4,10.4,62.397999999999996,10.4,10.4,66.039,94.672,10.4,10.4,51.134,67.644,53.398999999999994,73.03699999999999,10.4,10.4,10.4,93.57300000000001,10.4,75.939,17.983999999999998,44.934,29.746000000000002,41.333999999999996,10.4,79.28399999999999,37.259,53.616,124.78,Fail
1879,401.365,83.716,59.351000000000006,81.11099999999999,82.373,7.8,7.8,7.8,7.8,7.8,7.8,7.8,7.8,7.8,7.8,7.8,7.8,7.8,7.8,7.8,7.8,7.8,7.8,7.8,7.8,7.8,7.8,7.8,7.8,141.64200000000002,Fail
1880,453.582,48.617,51.592,71.482,34.622,10.4,10.4,59.56699999999999,90.603,10.4,10.4,10.4,10.4,10.4,31.358,10.4,10.4,10.4,10.4,10.4,10.4,10.4,10.4,10.4,10.4,10.4,10.4,10.4,10.4,10.4,Fail
1881,1070.485,40.06699999999999,7.8,129.737,72.485,68.24,7.8,81.97999999999999,89.131,106.205,7.8,63.034000000000006,48.826,7.8,67.958,7.8,7.8,7.8,54.587,7.8,7.8,7.8,7.8,7.8,7.8,7.8,7.8,7.8,7.8,137.39200000000002,Dropout
1882,1911.202,97.14200000000001,105.246,154.56,114.912,193.124,10.4,101.906,104.396,252.034,102.596,87.643,123.744,90.12899999999999,78.176,91.69,101.79499999999999,10.4,175.574,10.4,56.089,25.741999999999997,10.4,34.542,32.392,10.4,38.944,34.592,66.469,149.92000000000002,Pass
1883,1177.924,37.142,40.117,49.53,81.77199999999999,10.4,10.4,60.54200000000001,34.412,10.4,10.4,51.983999999999995,37.959,60.971,37.772,10.4,10.4,10.4,83.37100000000001,48.759,115.332,39.192,59.684,10.4,10.4,10.4,10.4,10.4,74.384,84.378,Pass
1884,648.025,134.793,152.542,69.381,96.098,199.33,10.4,102.658,193.404,75.073,10.4,10.4,10.4,10.4,10.4,10.4,10.4,10.4,10.4,10.4,10.4,10.4,10.4,10.4,10.4,10.4,10.4,10.4,10.4,10.4,Dropout
1885,320.46500000000003,60.208999999999996,45.608999999999995,10.4,71.994,62.909,10.4,59.242,24.569000000000003,10.4,10.4,10.4,10.4,10.4,10.4,10.4,10.4,10.4,10.4,10.4,10.4,10.4,10.4,10.4,10.4,10.4,10.4,10.4,10.4,10.4,Fail
1886,51.81700000000001,7.8,7.8,7.8,7.8,7.8,7.8,7.8,7.8,7.8,7.8,7.8,7.8,7.8,7.8,7.8,7.8,7.8,7.8,7.8,7.8,7.8,7.8,7.8,7.8,7.8,7.8,7.8,7.8,7.8,Dropout
1887,436.001,112.16300000000001,158.193,144.78,104.578,216.781,10.4,126.514,133.164,86.959,55.416999999999994,72.35900000000001,10.4,52.167,10.4,10.4,10.4,10.4,10.4,10.4,10.4,10.4,10.4,10.4,10.4,10.4,10.4,10.4,10.4,10.4,Fail
1888,515.346,124.011,116.84200000000001,137.642,99.92500000000001,100.23400000000001,10.4,65.621,82.767,38.141999999999996,10.4,10.4,10.4,10.4,10.4,10.4,10.4,10.4,10.4,10.4,10.4,10.4,10.4,10.4,10.4,10.4,10.4,10.4,10.4,10.4,Dropout
1889,783.241,104.536,104.924,133.87099999999998,96.39299999999999,71.05300000000001,10.4,57.117,83.558,65.418,10.4,80.669,74.91900000000001,79.35799999999999,38.579,10.4,10.4,10.4,10.4,10.4,10.4,10.4,10.4,10.4,10.4,10.4,10.4,10.4,10.4,10.4,Fail
1890,2378.3540000000003,164.389,185.25799999999998,95.842,125.422,137.74200000000002,10.4,137.223,145.751,145.957,134.541,99.10400000000001,171.541,92.108,102.02,122.582,85.059,10.4,230.53,71.281,78.715,70.47399999999999,64.282,85.435,42.071999999999996,10.4,60.911,48.997,56.012,265.756,Pass
1891,1134.513,104.006,144.953,142.321,116.446,171.118,10.4,159.749,233.97899999999998,151.079,119.369,117.113,149.468,173.91400000000002,115.032,115.208,82.592,10.4,219.5,138.395,118.098,68.711,78.191,87.786,77.408,10.4,140.748,71.385,110.096,290.91499999999996,Pass
1892,5229.978999999999,115.80600000000001,157.8,227.09699999999998,100.502,190.00799999999998,7.8,181.38100000000003,134.303,98.28399999999999,198.813,119.172,165.42999999999998,187.785,140.697,89.059,85.317,7.8,273.168,143.817,230.123,124.365,110.10700000000001,148.648,143.317,7.8,78.237,129.82,193.256,398.922,Pass
1893,54.417,10.4,10.4,10.4,10.4,10.4,10.4,10.4,10.4,10.4,10.4,10.4,10.4,10.4,10.4,10.4,10.4,10.4,10.4,10.4,10.4,10.4,10.4,10.4,10.4,10.4,10.4,10.4,10.4,10.4,Dropout
1894,1532.721,128.95499999999998,137.63799999999998,221.366,111.566,193.641,10.4,208.51299999999998,150.10999999999999,239.42700000000002,154.633,244.77800000000002,232.46599999999998,162.307,151.256,201.12600000000003,144.994,10.4,383.13,156.267,249.671,139.993,183.045,118.181,127.673,10.4,111.695,68.871,165.409,365.76500000000004,Pass
1895,2060.543,154.457,128.149,138.005,143.762,114.702,10.4,114.173,148.903,115.75200000000001,46.067,62.626999999999995,105.156,30.217000000000002,101.72,10.4,10.4,10.4,111.10699999999999,10.4,37.367000000000004,10.4,10.4,10.4,25.241999999999997,10.4,39.708999999999996,10.4,55.659,283.382,Pass
1896,3052.1180000000004,196.523,170.55200000000002,188.36,97.49199999999999,212.75400000000002,7.8,229.688,224.33599999999998,169.351,147.658,232.285,246.52800000000002,194.93900000000002,153.483,223.239,149.35299999999998,7.8,417.187,216.17300000000003,241.48399999999998,127.09799999999998,105.837,152.262,132.22199999999998,7.8,181.17799999999997,164.9,165.42100000000002,382.673,Pass
1897,648.365,51.343,61.684,10.4,33.626,10.4,10.4,10.4,30.926,10.4,10.4,10.4,10.4,10.4,10.4,10.4,10.4,10.4,102.34299999999999,10.4,10.4,10.4,10.4,10.4,10.4,10.4,10.4,10.4,10.4,10.4,Dropout
1898,926.6139999999999,47.717,7.8,7.8,86.729,7.8,7.8,57.917,74.541,7.8,7.8,7.8,7.8,7.8,7.8,7.8,7.8,7.8,104.077,7.8,7.8,7.8,7.8,7.8,7.8,7.8,7.8,7.8,7.8,136.542,Dropout
1899,455.611,80.121,74.06400000000001,117.07000000000001,77.62400000000001,10.4,10.4,10.4,30.311,10.4,10.4,10.4,10.4,10.4,10.4,10.4,10.4,10.4,102.34299999999999,10.4,10.4,10.4,10.4,10.4,10.4,10.4,10.4,10.4,10.4,151.784,Fail
1900,1096.763,85.58,113.08699999999999,174.845,118.48700000000001,173.197,10.4,102.809,211.85,202.23399999999998,316.8709999999999,115.971,112.72,52.855,41.069,4.683999999999999,6.659,10.4,30.641000000000005,10.4,44.239999999999995,10.4,10.4,24.967,10.4,10.4,10.4,10.4,10.4,69.33,Fail
1901,171.893,71.755,10.4,10.4,10.4,10.4,10.4,10.4,10.4,10.4,10.4,10.4,10.4,10.4,10.4,10.4,10.4,10.4,10.4,10.4,10.4,10.4,10.4,10.4,10.4,10.4,10.4,10.4,10.4,154.787,Dropout
1902,662.008,132.147,75.767,67.31700000000001,98.34299999999999,86.378,10.4,10.4,75.986,10.4,10.4,10.4,10.4,10.4,10.4,10.4,10.4,10.4,113.393,10.4,10.4,10.4,10.4,10.4,10.4,10.4,10.4,10.4,10.4,162.815,Dropout
1903,51.81700000000001,7.8,7.8,7.8,7.8,7.8,7.8,7.8,7.8,7.8,7.8,7.8,7.8,7.8,7.8,7.8,7.8,7.8,7.8,7.8,7.8,7.8,7.8,7.8,7.8,7.8,7.8,7.8,7.8,7.8,Dropout
1904,175.382,7.8,7.8,55.739999999999995,66.795,47.717,7.8,7.8,7.8,7.8,7.8,7.8,7.8,7.8,7.8,7.8,7.8,7.8,7.8,7.8,7.8,7.8,7.8,7.8,7.8,7.8,7.8,7.8,7.8,7.8,Fail
1905,1173.146,95.78599999999999,75.06700000000001,105.542,97.601,65.467,10.4,121.30199999999999,49.44,58.153,27.366999999999997,50.709,63.513999999999996,56.587,41.069,10.4,10.4,10.4,12.916999999999998,10.4,59.958000000000006,48.334,10.4,55.873000000000005,55.848,10.4,45.096,10.4,67.383,224.538,Pass
1906,1649.805,181.822,180.689,182.954,143.20499999999998,230.68400000000003,10.4,222.84199999999998,271.24399999999997,306.778,270.236,344.843,237.945,229.99699999999999,170.72500000000002,237.57299999999998,202.918,10.4,393.7,201.871,212.82099999999997,178.304,129.33899999999997,177.635,196.02,10.4,155.57399999999998,131.911,208.489,420.08299999999997,Pass
1907,3315.209,252.107,166.978,266.75,160.856,364.553,7.8,115.595,250.224,244.486,123.39399999999999,203.14100000000002,249.53799999999998,201.167,169.63299999999998,184.40800000000002,142.093,7.8,356.497,251.53199999999998,249.22899999999998,169.61700000000002,163.07600000000002,190.623,125.363,7.8,98.658,66.729,168.677,349.92599999999993,Pass
1908,2008.4140000000002,117.362,117.333,141.388,105.56,160.012,10.4,87.01499999999999,102.587,115.067,90.489,126.22800000000001,80.358,149.41299999999998,78.199,10.4,50.28399999999999,10.4,198.73200000000003,63.5,110.143,60.81100000000001,10.4,72.259,10.4,10.4,49.434,10.4,84.555,246.994,Pass
1909,2217.049,143.874,121.24699999999999,125.947,127.69,176.88400000000001,10.4,183.70999999999998,206.193,196.12599999999998,110.067,218.986,284.295,181.86599999999999,159.254,141.181,91.15899999999999,10.4,317.144,123.543,179.36999999999998,131.483,167.124,149.017,106.24699999999999,10.4,158.308,66.773,73.842,286.438,Pass
1910,54.417,10.4,10.4,10.4,10.4,10.4,10.4,10.4,10.4,10.4,10.4,10.4,10.4,10.4,10.4,10.4,10.4,10.4,10.4,10.4,10.4,10.4,10.4,10.4,10.4,10.4,10.4,10.4,10.4,10.4,Dropout
1911,1587.5710000000001,71.39,78.028,137.684,122.84,145.17700000000002,10.4,163.206,185.67999999999998,119.61,159.466,129.48700000000002,175.302,126.08099999999999,133.13,69.843,65.01,10.4,163.092,130.956,179.171,118.55199999999999,63.169,132.917,155.17700000000002,10.4,61.451,46.916999999999994,116.89300000000001,286.938,Pass
1912,191.93200000000002,10.4,10.4,10.4,35.384,10.4,10.4,10.4,10.4,10.4,10.4,10.4,10.4,10.4,10.4,10.4,10.4,10.4,10.4,10.4,10.4,10.4,10.4,10.4,10.4,10.4,10.4,10.4,10.4,149.842,Fail
1913,272.54499999999996,10.4,10.4,10.4,32.54,10.4,10.4,10.4,10.4,10.4,10.4,10.4,10.4,10.4,10.4,10.4,10.4,10.4,10.4,10.4,10.4,10.4,10.4,10.4,10.4,10.4,10.4,10.4,10.4,10.4,Dropout
1914,2152.6890000000003,128.08999999999997,134.168,163.939,157.217,145.87099999999998,10.4,140.30700000000002,138.256,197.662,99.565,106.719,113.156,84.75399999999999,76.232,113.34700000000001,81.98,10.4,200.934,115.985,143.475,54.489,28.217,52.719,46.425999999999995,10.4,74.29100000000001,10.4,86.084,147.595,Pass
1915,3409.5829999999996,269.32,112.7,152.69,132.994,257.707,7.8,138.901,180.292,142.479,96.867,120.589,143.939,200.635,167.752,180.98399999999998,170.4,7.8,303.416,183.14900000000003,206.834,143.49599999999998,98.844,107.406,120.49700000000001,7.8,99.431,95.719,45.167,244.87,Fail
1916,921.4719999999999,135.397,66.294,141.309,89.137,152.21699999999998,10.4,97.688,29.695999999999998,10.4,10.4,10.4,10.4,10.4,10.4,10.4,10.4,10.4,10.4,10.4,10.4,10.4,10.4,10.4,10.4,10.4,10.4,10.4,10.4,122.14200000000001,Dropout
1917,81.715,7.8,7.8,7.8,7.8,7.8,7.8,7.8,7.8,7.8,7.8,7.8,7.8,7.8,7.8,7.8,7.8,7.8,7.8,7.8,7.8,7.8,7.8,7.8,7.8,7.8,7.8,7.8,7.8,7.8,Dropout
1918,1855.3499999999997,180.403,138.237,122.35499999999999,100.84200000000001,118.312,10.4,98.798,185.541,100.973,64.934,124.4,167.32600000000002,158.874,126.24499999999999,111.677,78.55600000000001,10.4,186.31,164.768,196.656,140.858,52.244,113.256,119.583,10.4,76.488,61.217,106.618,258.04200000000003,Fail
1919,251.006,130.35600000000002,10.4,65.661,10.4,61.83,10.4,65.90100000000001,70.426,10.4,10.4,10.4,54.992,10.4,10.4,10.4,10.4,10.4,10.4,10.4,10.4,10.4,10.4,10.4,10.4,10.4,10.4,10.4,10.4,158.734,Dropout
1920,810.727,120.59,96.791,308.206,86.48,209.031,10.4,156.448,158.728,206.74,90.984,164.215,209.098,53.742000000000004,35.723,10.4,10.4,10.4,102.768,10.4,10.4,10.4,10.4,10.4,10.4,10.4,10.4,10.4,10.4,151.784,Fail
1921,292.558,69.634,10.4,10.4,28.616,10.4,10.4,10.4,66.143,10.4,10.4,10.4,10.4,10.4,10.4,10.4,10.4,10.4,10.4,10.4,10.4,10.4,10.4,10.4,10.4,10.4,10.4,10.4,10.4,10.4,Fail
1922,58.721000000000004,7.8,7.8,7.8,7.8,7.8,7.8,7.8,7.8,7.8,7.8,7.8,7.8,7.8,7.8,7.8,7.8,7.8,7.8,7.8,7.8,7.8,7.8,7.8,7.8,7.8,7.8,7.8,7.8,7.8,Dropout
1923,491.19500000000005,73.83699999999999,78.667,10.4,79.055,131.49099999999999,10.4,136.42399999999998,101.836,99.627,69.259,84.969,10.4,40.558,36.836,76.739,80.824,10.4,10.4,10.4,39.902,10.4,10.4,10.4,10.4,10.4,10.4,10.4,10.4,41.225,Fail
1924,54.417,10.4,10.4,10.4,10.4,10.4,10.4,10.4,10.4,10.4,10.4,10.4,10.4,10.4,10.4,10.4,10.4,10.4,10.4,10.4,10.4,10.4,10.4,10.4,10.4,10.4,10.4,10.4,10.4,10.4,Dropout
1925,69.774,10.4,10.4,10.4,10.4,10.4,10.4,10.4,10.4,10.4,10.4,10.4,10.4,10.4,10.4,10.4,10.4,10.4,10.4,10.4,10.4,10.4,10.4,10.4,10.4,10.4,10.4,10.4,10.4,10.4,Dropout
1926,1556.7640000000001,136.07600000000002,162.002,104.576,86.12599999999999,129.843,10.4,143.277,162.97600000000003,102.437,106.564,102.57799999999999,107.36699999999999,48.515,76.505,50.767,10.4,10.4,15.218,10.4,41.78,10.4,10.4,10.4,58.967,10.4,10.4,10.4,54.851000000000006,246.927,Pass
1927,389.71400000000006,148.226,131.477,7.8,7.8,7.8,7.8,7.8,7.8,7.8,7.8,7.8,7.8,7.8,7.8,7.8,7.8,7.8,7.8,7.8,7.8,7.8,7.8,7.8,7.8,7.8,7.8,7.8,7.8,158.89,Dropout
1928,346.20099999999996,110.49099999999999,72.354,10.4,32.629999999999995,10.4,10.4,44.509,51.915,100.14700000000002,50.348,50.709,10.4,10.4,10.4,10.4,10.4,10.4,102.768,10.4,10.4,10.4,10.4,10.4,10.4,10.4,10.4,10.4,10.4,141.787,Fail
1929,1135.3519999999999,69.88799999999999,69.559,10.4,31.811,73.889,10.4,10.4,31.922,10.4,10.4,51.709,10.4,43.58,35.708,10.4,10.4,10.4,157.30399999999997,10.4,40.358000000000004,10.4,10.4,10.4,10.4,10.4,10.4,10.4,10.4,143.542,Fail
1930,109.30199999999999,60.059,10.4,10.4,10.4,10.4,10.4,10.4,10.4,10.4,10.4,10.4,10.4,10.4,10.4,10.4,10.4,10.4,10.4,10.4,10.4,10.4,10.4,10.4,10.4,10.4,10.4,10.4,10.4,10.4,Dropout
1931,54.417,10.4,10.4,10.4,10.4,10.4,10.4,10.4,10.4,10.4,10.4,10.4,10.4,10.4,10.4,10.4,10.4,10.4,10.4,10.4,10.4,10.4,10.4,10.4,10.4,10.4,10.4,10.4,10.4,10.4,Dropout
1932,54.417,10.4,10.4,10.4,10.4,10.4,10.4,10.4,10.4,10.4,10.4,10.4,10.4,10.4,10.4,10.4,10.4,10.4,10.4,10.4,10.4,10.4,10.4,10.4,10.4,10.4,10.4,10.4,10.4,10.4,Dropout
1933,1603.6879999999999,121.777,128.392,189.196,86.255,163.64200000000002,10.4,213.66600000000003,176.741,123.48999999999998,116.465,54.101,164.646,146.39800000000002,159.88,77.263,10.4,10.4,210.60999999999999,131.615,196.507,138.12300000000002,37.142,100.732,142.44400000000002,10.4,10.4,45.784,126.495,303.326,Pass
1934,455.373,89.04299999999999,69.383,121.35300000000001,83.533,10.4,10.4,10.4,10.4,10.4,10.4,10.4,10.4,10.4,10.4,10.4,10.4,10.4,10.4,10.4,10.4,10.4,10.4,10.4,10.4,10.4,10.4,10.4,10.4,151.366,Dropout
1935,4480.171,121.83500000000001,176.553,424.061,145.35899999999998,643.383,10.4,380.139,326.84200000000004,202.174,222.26300000000003,217.20300000000003,216.8,160.376,151.567,137.024,92.589,10.4,503.24399999999997,93.94500000000001,137.584,111.64399999999999,56.233999999999995,166.87999999999997,110.339,10.4,111.557,78.24,165.074,359.549,Pass
1936,2109.3599999999997,100.084,144.348,223.683,146.487,222.24200000000002,10.4,204.733,189.281,135.376,152.542,176.135,199.317,177.685,155.531,94.563,86.113,10.4,189.88299999999998,115.28,98.365,77.557,55.996,77.99,50.994,10.4,71.978,53.31699999999999,90.74700000000001,191.876,Pass
1937,3190.4680000000003,178.918,181.53499999999997,240.51100000000002,144.457,278.222,7.8,297.515,429.41299999999995,396.57499999999993,258.981,285.585,272.952,219.79,212.606,259.08,188.425,7.8,274.874,191.255,189.01299999999998,151.778,150.267,174.84699999999998,197.892,7.8,188.642,153.09199999999998,205.57500000000002,409.175,Pass
1938,109.738,67.74100000000001,10.4,10.4,10.4,10.4,10.4,10.4,10.4,10.4,10.4,10.4,10.4,10.4,10.4,10.4,10.4,10.4,10.4,10.4,10.4,10.4,10.4,10.4,10.4,10.4,10.4,10.4,10.4,10.4,Dropout
1939,572.151,201.29,217.129,122.824,87.861,66.71700000000001,7.8,7.8,29.82,7.8,7.8,7.8,7.8,7.8,7.8,7.8,7.8,7.8,7.8,7.8,7.8,7.8,7.8,7.8,7.8,7.8,7.8,7.8,7.8,151.836,Dropout
1940,868.476,96.774,144.922,114.00800000000002,95.919,130.39,10.4,133.86100000000002,152.803,135.856,112.71499999999999,120.45099999999998,110.23899999999999,126.208,128.949,102.71199999999999,120.68800000000002,10.4,113.849,108.222,129.919,10.4,10.4,10.4,10.4,10.4,54.142,77.684,10.4,220.482,Fail
1941,3257.7900000000004,191.584,178.186,204.16500000000002,136.891,283.584,10.4,266.267,278.057,274.027,229.639,453.119,300.707,222.96099999999998,191.219,190.554,156.603,10.4,306.279,210.222,222.81199999999998,181.172,179.091,183.477,194.68099999999998,10.4,236.31699999999998,104.092,303.818,412.55499999999995,Pass
1942,1600.164,83.512,66.06,435.099,99.621,274.526,10.4,254.925,53.099,10.4,10.4,47.309,10.4,10.4,39.101,10.4,10.4,10.4,110.143,10.4,10.4,10.4,10.4,10.4,10.4,10.4,10.4,10.4,10.4,155.487,Dropout
1943,49.421,10.4,10.4,10.4,10.4,10.4,10.4,10.4,10.4,10.4,10.4,10.4,10.4,10.4,10.4,10.4,10.4,10.4,10.4,10.4,10.4,10.4,10.4,10.4,10.4,10.4,10.4,10.4,10.4,10.4,Dropout
1944,73.88,10.4,10.4,10.4,10.4,10.4,10.4,10.4,10.4,10.4,10.4,10.4,10.4,10.4,10.4,10.4,10.4,10.4,10.4,10.4,10.4,10.4,10.4,10.4,10.4,10.4,10.4,10.4,10.4,10.4,Dropout
1945,665.734,104.161,111.50399999999999,79.041,81.33,55.84199999999999,10.4,68.422,34.412,51.396,10.4,10.4,10.4,10.4,10.4,10.4,10.4,10.4,10.4,10.4,40.256,10.4,10.4,10.4,10.4,10.4,10.4,10.4,10.4,146.241,Fail
1946,995.146,123.78099999999998,126.52199999999999,142.868,89.99,10.4,10.4,136.52599999999998,137.777,126.959,136.65,0.15899999999999892,82.553,65.399,37.115,83.137,10.4,10.4,125.446,80.23700000000001,98.82300000000001,70.674,38.517,35.492000000000004,10.4,10.4,82.934,46.909000000000006,44.842,309.041,Pass
1947,329.523,115.41,7.8,7.8,54.516999999999996,57.492000000000004,7.8,7.8,7.8,7.8,7.8,7.8,7.8,7.8,7.8,7.8,7.8,7.8,113.519,7.8,7.8,7.8,7.8,7.8,7.8,7.8,7.8,7.8,7.8,7.8,Dropout
1948,61.698,7.8,7.8,7.8,7.8,7.8,7.8,7.8,7.8,7.8,7.8,7.8,7.8,7.8,7.8,7.8,7.8,7.8,7.8,7.8,7.8,7.8,7.8,7.8,7.8,7.8,7.8,7.8,7.8,7.8,Dropout
1949,428.84400000000005,87.382,78.41,56.992000000000004,84.479,65.94200000000001,10.4,10.4,68.64599999999999,46.60900000000001,10.4,10.4,10.4,10.4,10.4,10.4,10.4,10.4,10.4,10.4,10.4,10.4,10.4,10.4,10.4,10.4,10.4,10.4,10.4,140.842,Fail
1950,998.1239999999999,242.334,200.534,203.219,109.172,-32.608000000000004,7.8,7.8,28.209,7.8,7.8,49.534,7.8,7.8,33.489000000000004,7.8,7.8,7.8,222.40699999999998,3.1500000000000004,7.8,7.8,7.8,26.241999999999997,25.791999999999998,7.8,36.74199999999999,7.8,35.692,183.611,Pass
1951,497.79599999999994,60.48400000000001,157.152,73.97999999999999,79.37599999999999,10.4,10.4,10.4,10.4,10.4,10.4,10.4,10.4,10.4,10.4,10.4,10.4,10.4,109.39200000000001,10.4,10.4,10.4,10.4,10.4,10.4,10.4,10.4,10.4,10.4,143.267,Dropout
1952,1529.309,121.055,59.084,130.64499999999998,78.417,117.48400000000001,7.8,-19.220000000000002,117.02499999999999,78.57100000000001,87.526,48.958999999999996,153.21699999999998,82.157,121.76999999999998,7.8,50.483999999999995,7.8,208.87499999999997,59.149,116.677,46.099000000000004,81.736,71.925,27.354999999999997,7.8,74.478,7.8,51.497,198.966,Pass
1953,2413.929,293.59400000000005,326.029,252.494,138.663,235.08299999999997,7.8,228.327,351.74600000000004,270.64700000000005,304.829,302.73199999999997,210.884,171.74699999999999,168.95499999999998,180.213,145.909,7.8,217.53500000000003,163.70399999999998,220.94,146.442,144.333,141.599,155.353,7.8,149.702,128.402,168.89999999999998,232.445,Pass
1954,170.85200000000003,59.458999999999996,7.8,7.8,7.8,7.8,7.8,7.8,7.8,7.8,7.8,7.8,7.8,7.8,7.8,7.8,7.8,7.8,104.843,7.8,7.8,7.8,7.8,7.8,7.8,7.8,7.8,7.8,7.8,7.8,Dropout
1955,1262.1889999999999,122.951,75.13199999999999,142.145,89.07,134.528,10.4,170.926,116.535,79.465,151.44,53.259,197.499,134.326,158.38799999999998,61.38499999999999,81.181,10.4,250.72799999999998,140.02999999999997,173.168,119.85000000000001,49.543,120.15299999999999,134.765,10.4,45.287,49.126000000000005,97.72,286.993,Pass
1956,64.53,60.20900000000001,10.4,10.4,10.4,10.4,10.4,10.4,10.4,10.4,10.4,10.4,10.4,10.4,10.4,10.4,10.4,10.4,10.4,10.4,10.4,10.4,10.4,10.4,10.4,10.4,10.4,10.4,10.4,136.892,Dropout
1957,1495.1470000000002,128.518,111.594,256.437,85.55,166.913,7.8,134.718,130.12,77.349,76.492,76.503,129.35899999999998,57.568,42.453,83.246,7.8,7.8,153.823,48.56699999999999,42.723,7.8,33.259,7.8,7.8,7.8,7.8,73.217,54.634,218.141,Fail
1958,254.799,74.354,97.48,54.142,77.48,10.4,10.4,10.4,10.4,10.4,10.4,10.4,10.4,10.4,10.4,10.4,10.4,10.4,10.4,10.4,10.4,10.4,10.4,10.4,10.4,10.4,10.4,10.4,10.4,10.4,Dropout
1959,54.417,10.4,10.4,10.4,10.4,10.4,10.4,10.4,10.4,10.4,10.4,10.4,10.4,10.4,10.4,10.4,10.4,10.4,10.4,10.4,10.4,10.4,10.4,10.4,10.4,10.4,10.4,10.4,10.4,10.4,Dropout
1960,159.767,61.401,58.342,7.8,50.567,7.8,7.8,7.8,7.8,7.8,7.8,7.8,7.8,7.8,7.8,7.8,7.8,7.8,7.8,7.8,7.8,7.8,7.8,7.8,7.8,7.8,7.8,7.8,7.8,138.667,Dropout
1961,55.242000000000004,7.8,7.8,7.8,7.8,7.8,7.8,7.8,7.8,7.8,7.8,7.8,7.8,7.8,7.8,7.8,7.8,7.8,7.8,7.8,7.8,7.8,7.8,7.8,7.8,7.8,7.8,7.8,7.8,7.8,Dropout
1962,248.698,94.20100000000001,10.4,65.005,70.527,10.4,10.4,10.4,58.817,10.4,10.4,10.4,10.4,10.4,10.4,10.4,10.4,10.4,10.4,10.4,10.4,10.4,10.4,10.4,10.4,10.4,10.4,10.4,10.4,10.4,Fail
1963,54.417,10.4,10.4,10.4,10.4,10.4,10.4,10.4,10.4,10.4,10.4,10.4,10.4,10.4,10.4,10.4,10.4,10.4,10.4,10.4,10.4,10.4,10.4,10.4,10.4,10.4,10.4,10.4,10.4,10.4,Dropout
1964,54.417,10.4,10.4,10.4,10.4,10.4,10.4,10.4,10.4,10.4,10.4,10.4,10.4,10.4,10.4,10.4,10.4,10.4,10.4,10.4,10.4,10.4,10.4,10.4,10.4,10.4,10.4,10.4,10.4,10.4,Dropout
1965,54.417,10.4,10.4,10.4,10.4,10.4,10.4,10.4,10.4,10.4,10.4,10.4,10.4,10.4,10.4,10.4,10.4,10.4,10.4,10.4,10.4,10.4,10.4,10.4,10.4,10.4,10.4,10.4,10.4,10.4,Dropout
1966,54.417,10.4,10.4,10.4,10.4,10.4,10.4,10.4,10.4,10.4,10.4,10.4,10.4,10.4,10.4,10.4,10.4,10.4,10.4,10.4,10.4,10.4,10.4,10.4,10.4,10.4,10.4,10.4,10.4,10.4,Dropout
1967,4309.037,179.495,139.993,224.498,128.027,236.628,10.4,269.505,382.25699999999995,145.696,261.37399999999997,239.978,283.824,263.369,220.297,85.482,87.141,10.4,351.618,309.92400000000004,333.776,215.58999999999997,100.462,227.56900000000002,171.555,10.4,104.625,81.512,286.939,328.469,Pass
1968,331.031,94.235,10.4,10.4,34.211,10.4,10.4,10.4,10.4,79.21700000000001,10.4,10.4,10.4,10.4,10.4,10.4,10.4,10.4,100.218,10.4,10.4,10.4,10.4,10.4,10.4,10.4,10.4,10.4,10.4,10.4,Dropout
1969,1554.302,104.827,68.41399999999999,139.63099999999997,102.033,159.54899999999998,10.4,153.954,109.925,46.641999999999996,102.796,121.77600000000001,148.279,127.31200000000001,43.604,91.38000000000001,10.4,10.4,350.563,123.129,70.314,10.4,10.4,41.691,10.4,10.4,113.249,10.4,41.292,257.979,Pass
1970,2373.772,106.271,100.48599999999999,250.507,90.764,123.015,10.4,93.27199999999999,228.24699999999999,143.363,139.238,121.36500000000001,65.481,61.986999999999995,110.666,66.217,53.88399999999999,10.4,271.9,89.86200000000001,99.89,65.512,86.253,75.88499999999999,46.461,10.4,41.842,54.992000000000004,73.572,384.25,Pass
1971,1233.6999999999998,63.393,61.543000000000006,119.68799999999999,71.31400000000001,106.95899999999999,10.4,25.162,120.23599999999999,10.4,72.43299999999999,10.4,69.59100000000001,98.37,105.346,49.584,10.4,10.4,180.612,10.4,48.356,10.4,21.808999999999997,10.4,10.4,10.4,46.44200000000001,37.684000000000005,57.66,287.033,Pass
1972,135.85399999999998,66.042,69.017,10.4,10.4,10.4,10.4,10.4,10.4,10.4,10.4,10.4,10.4,10.4,10.4,10.4,10.4,10.4,122.853,10.4,10.4,10.4,10.4,10.4,10.4,10.4,10.4,10.4,10.4,10.4,Dropout
1973,1294.443,88.154,66.79299999999999,10.4,118.99000000000001,10.4,10.4,124.13799999999998,4.322000000000001,-12.982999999999999,-13.008000000000001,-10.033000000000003,75.947,51.966,23.277,0.04199999999999804,3.0169999999999995,10.4,50.048,47.213,79.829,29.415,36.535,27.137,10.4,10.4,44.33,45.742000000000004,49.142,272.38,Pass
1974,60.81700000000001,10.4,10.4,10.4,10.4,10.4,10.4,10.4,10.4,10.4,10.4,10.4,10.4,10.4,10.4,10.4,10.4,10.4,10.4,10.4,10.4,10.4,10.4,10.4,10.4,10.4,10.4,10.4,10.4,10.4,Dropout
1975,115.56,58.99300000000001,68.36800000000001,10.4,10.4,10.4,10.4,10.4,10.4,10.4,10.4,10.4,10.4,10.4,10.4,10.4,10.4,10.4,10.4,10.4,10.4,10.4,10.4,10.4,10.4,10.4,10.4,10.4,10.4,10.4,Dropout
1976,2630.568,125.95700000000001,218.91099999999997,182.975,95.941,248.77099999999996,10.4,171.23199999999997,45.12299999999999,88.928,105.257,99.25,191.46999999999997,72.58699999999999,114.661,54.584999999999994,56.56,10.4,258.589,72.562,90.33500000000001,67.026,22.991999999999997,60.157000000000004,63.112,10.4,48.212,40.442,78.711,329.271,Pass
1977,690.1460000000001,116.241,84.93299999999999,170.00000000000003,33.509,10.4,10.4,55.56700000000001,38.278999999999996,10.4,10.4,10.4,10.4,10.4,10.4,10.4,10.4,10.4,10.4,10.4,10.4,10.4,10.4,10.4,10.4,10.4,10.4,10.4,10.4,153.773,Dropout
1978,907.121,-43.608000000000004,-37.783,74.528,86.36,151.54000000000002,10.4,158.30599999999998,93.82300000000001,15.882,35.646,2.7170000000000005,86.506,56.818,61.19399999999999,41.751,25.834,10.4,99.13499999999999,40.449,46.242000000000004,18.741999999999997,25.234,66.28699999999999,40.994,10.4,93.305,37.108999999999995,61.162,82.688,Pass
1979,10.4,10.4,10.4,10.4,10.4,10.4,10.4,10.4,10.4,10.4,10.4,10.4,10.4,10.4,10.4,10.4,10.4,10.4,10.4,10.4,10.4,10.4,10.4,10.4,10.4,10.4,10.4,10.4,10.4,10.4,Dropout
1980,259.249,71.73900000000002,64.576,60.092,28.148,57.117,10.4,10.4,10.4,10.4,10.4,10.4,10.4,10.4,10.4,10.4,10.4,10.4,10.4,10.4,10.4,10.4,10.4,10.4,10.4,10.4,10.4,10.4,10.4,137.867,Fail
1981,2191.308,153.383,177.716,188.95,123.07300000000001,176.725,10.4,157.38400000000001,195.109,230.18399999999997,156.868,228.05599999999998,157.401,166.128,144.099,200.66499999999996,89.72,10.4,191.55400000000003,166.376,149.135,89.79499999999999,114.186,31.665999999999997,37.641000000000005,10.4,52.246,70.069,84.029,312.295,Pass
1982,58.721000000000004,7.8,7.8,7.8,7.8,7.8,7.8,7.8,7.8,7.8,7.8,7.8,7.8,7.8,7.8,7.8,7.8,7.8,7.8,7.8,7.8,7.8,7.8,7.8,7.8,7.8,7.8,7.8,7.8,7.8,Dropout
1983,1052.741,47.233999999999995,10.4,10.4,36.379999999999995,10.4,10.4,55.56700000000001,39.772999999999996,10.4,10.4,51.983999999999995,46.742000000000004,38.717,42.08,10.4,10.4,10.4,118.53,36.733999999999995,139.60399999999998,10.4,40.659,10.4,10.4,10.4,38.284,10.4,53.234,121.58200000000001,Pass
1984,227.365,100.30100000000002,62.818,63.492,67.89200000000001,10.4,10.4,10.4,10.4,10.4,10.4,10.4,10.4,10.4,10.4,10.4,10.4,10.4,10.4,10.4,10.4,10.4,10.4,10.4,10.4,10.4,10.4,10.4,10.4,10.4,Dropout
1985,54.92100000000001,7.8,7.8,7.8,7.8,7.8,7.8,7.8,7.8,7.8,7.8,7.8,7.8,7.8,7.8,7.8,7.8,7.8,7.8,7.8,7.8,7.8,7.8,7.8,7.8,7.8,7.8,7.8,7.8,7.8,Dropout
1986,3421.327,202.29,114.743,549.5439999999999,148.86599999999999,338.71900000000005,7.8,349.649,372.47800000000007,250.82600000000002,274.657,216.184,328.743,329.114,332.385,195.532,118.99999999999999,7.8,506.73,353.38000000000005,302.847,234.41199999999998,180.16400000000002,182.031,173.932,7.8,145.53,117.078,274.435,377.35,Pass
1987,1432.1399999999999,106.247,119.058,248.60899999999998,109.409,234.73899999999998,7.8,208.72299999999998,144.18699999999998,134.63400000000001,81.281,116.01700000000001,162.255,112.051,126.16300000000001,67.236,94.778,7.8,135.096,97.7,138.204,135.86100000000002,126.23,117.706,99.062,7.8,123.93199999999999,97.90700000000001,61.909000000000006,236.841,Fail
1988,1632.8449999999998,105.82499999999999,77.599,233.902,95.846,265.895,10.4,240.71500000000003,155.62599999999998,129.96099999999998,105.43,65.91,173.565,136.367,102.301,58.35900000000001,62.334,10.4,305.521,79.36699999999999,69.007,34.917,10.4,38.444,36.419,10.4,10.4,38.959,61.855,270.59000000000003,Pass
1989,573.149,93.109,91.02300000000001,129.468,97.245,52.442,10.4,36.44199999999999,35.408,48.15899999999999,10.4,10.4,10.4,10.4,82.73500000000001,10.4,10.4,10.4,10.4,10.4,10.4,10.4,10.4,10.4,10.4,10.4,10.4,10.4,10.4,10.4,Dropout
1990,77.352,10.4,10.4,10.4,10.4,10.4,10.4,10.4,10.4,10.4,10.4,10.4,10.4,10.4,10.4,10.4,10.4,10.4,10.4,10.4,10.4,10.4,10.4,10.4,10.4,10.4,10.4,10.4,10.4,10.4,Dropout
1991,48.596000000000004,10.4,10.4,10.4,10.4,10.4,10.4,10.4,10.4,10.4,10.4,10.4,10.4,10.4,10.4,10.4,10.4,10.4,10.4,10.4,10.4,10.4,10.4,10.4,10.4,10.4,10.4,10.4,10.4,10.4,Fail
1992,105.956,10.4,10.4,10.4,56.69199999999999,10.4,10.4,10.4,10.4,10.4,10.4,10.4,10.4,10.4,10.4,10.4,10.4,10.4,10.4,10.4,10.4,10.4,10.4,10.4,10.4,10.4,10.4,10.4,10.4,10.4,Dropout
1993,1605.5430000000001,120.635,156.052,190.89600000000002,99.839,190.382,10.4,202.396,348.743,276.502,166.566,213.428,176.10199999999998,179.17399999999998,40.571,98.512,72.887,10.4,277.99,141.083,121.524,91.251,64.41199999999999,47.708,43.942,10.4,63.409,10.4,45.934,292.001,Pass
1994,1157.773,163.939,150.577,154.41,76.667,10.4,10.4,105.021,36.257,10.4,10.4,169.054,44.31700000000001,42.292,37.583,10.4,10.4,10.4,50.738,10.4,100.215,10.4,33.317,10.4,10.4,10.4,10.4,10.4,10.4,184.66199999999998,Pass
1995,94.47200000000001,63.409,7.8,7.8,7.8,7.8,7.8,7.8,7.8,7.8,7.8,7.8,7.8,7.8,7.8,7.8,7.8,7.8,7.8,7.8,7.8,7.8,7.8,7.8,7.8,7.8,7.8,7.8,7.8,7.8,Fail
1996,3366.197,211.094,315.63300000000004,416.078,100.84,441.77099999999996,10.4,276.617,200.302,126.917,124.31200000000001,111.565,167.252,238.545,154.25900000000001,87.37800000000001,79.09700000000001,10.4,474.092,187.20799999999997,164.46300000000002,187.699,52.134,41.69199999999999,10.4,10.4,46.067,49.041999999999994,57.542,199.21400000000003,Fail
1997,981.472,93.24899999999998,74.054,179.90399999999997,124.90200000000002,206.036,10.4,120.65899999999999,106.93499999999999,111.67599999999999,58.542,52.40899999999999,96.098,10.4,81.943,10.4,10.4,10.4,10.4,10.4,10.4,10.4,10.4,10.4,10.4,10.4,10.4,10.4,10.4,168.578,Fail
1998,2162.633,152.293,-24.291,-15.316,74.04,7.8,7.8,7.8,9.886999999999999,105.316,110.84100000000001,97.74600000000001,55.367000000000004,121.87400000000001,56.001,36.667,81.41700000000002,7.8,398.90000000000003,44.742000000000004,80.22399999999999,91.062,7.8,49.567,7.8,7.8,7.8,7.8,7.8,79.637,Fail
1999,7.8,7.8,7.8,7.8,7.8,7.8,7.8,7.8,7.8,7.8,7.8,7.8,7.8,7.8,7.8,7.8,7.8,7.8,7.8,7.8,7.8,7.8,7.8,7.8,7.8,7.8,7.8,7.8,7.8,7.8,Dropout
2000,1269.1039999999998,64.883,95.78099999999999,145.287,36.878,124.745,10.4,143.023,114.10900000000001,101.73599999999999,75.771,62.632,127.93,127.80799999999999,134.87099999999998,108.401,82.34599999999999,10.4,134.839,143.13,172.606,95.704,105.94500000000001,96.07099999999998,60.958999999999996,10.4,107.645,117.63499999999999,143.1,290.383,Pass
2001,2414.8419999999996,160.892,150.369,298.004,126.89699999999999,249.046,10.4,269.457,181.036,179.717,182.524,161.51000000000002,221.32299999999998,216.12599999999998,158.329,125.231,82.706,10.4,303.651,221.173,223.53300000000002,146.208,89.59599999999999,167.219,155.029,10.4,84.382,78.14999999999999,181.066,435.72599999999994,Pass
2002,279.86899999999997,64.759,66.726,10.4,33.361999999999995,10.4,10.4,10.4,10.4,10.4,10.4,10.4,10.4,10.4,10.4,10.4,10.4,10.4,10.4,10.4,10.4,10.4,10.4,10.4,10.4,10.4,10.4,10.4,10.4,10.4,Dropout
2003,1020.306,55.84199999999999,104.22200000000001,133.487,80.306,128.254,10.4,109.78199999999998,116.75899999999999,59.608,40.809000000000005,10.4,114.179,98.09099999999998,102.24300000000001,101.916,10.4,10.4,154.28,135.953,149.938,141.398,53.690000000000005,10.4,10.4,10.4,10.4,10.4,10.4,174.64100000000002,Pass
2004,2470.121,179.11499999999998,195.412,158.691,97.83200000000001,137.88400000000001,7.8,223.163,180.53,255.33599999999996,181.704,230.16200000000003,197.341,193.892,135.656,188.098,163.885,7.8,276.518,144.784,190.043,125.05099999999999,98.76100000000001,118.133,117.02699999999999,7.8,108.165,84.14699999999999,154.791,385.06100000000004,Pass
2005,2321.6739999999995,121.47899999999998,143.102,216.72199999999998,106.35799999999999,287.30500000000006,7.8,268.74800000000005,219.20499999999998,175.70300000000003,189.142,192.159,196.018,218.818,196.129,169.46999999999997,163.291,7.8,380.286,196.286,237.082,181.22400000000002,127.943,152.187,201.606,7.8,156.083,152.23600000000002,223.04100000000003,388.368,Pass
2006,3145.12,153.236,103.20299999999999,128.649,135.438,239.403,10.4,224.449,222.755,136.502,192.84,170.77100000000002,234.392,164.578,164.288,179.665,88.44200000000001,10.4,294.982,176.70499999999998,194.59500000000003,172.977,103.821,154.004,118.851,10.4,92.66,47.221,49.28,134.594,Pass
2007,54.417,10.4,10.4,10.4,10.4,10.4,10.4,10.4,10.4,10.4,10.4,10.4,10.4,10.4,10.4,10.4,10.4,10.4,10.4,10.4,10.4,10.4,10.4,10.4,10.4,10.4,10.4,10.4,10.4,10.4,Dropout
2008,233.706,67.864,65.125,136.604,10.4,10.4,10.4,10.4,10.4,10.4,10.4,10.4,10.4,10.4,10.4,10.4,10.4,10.4,10.4,10.4,10.4,10.4,10.4,10.4,10.4,10.4,10.4,10.4,10.4,146.78300000000002,Dropout
2009,1532.981,106.754,89.62100000000001,189.67800000000003,87.8,44.792,10.4,81.399,91.277,100.757,70.853,48.617,177.12699999999998,60.044,65.762,77.307,48.309000000000005,10.4,321.949,90.57,105.119,35.742,88.82900000000001,52.57299999999999,63.019000000000005,10.4,43.39,42.992000000000004,41.967,382.505,Pass
2010,54.417,10.4,10.4,10.4,10.4,10.4,10.4,10.4,10.4,10.4,10.4,10.4,10.4,10.4,10.4,10.4,10.4,10.4,10.4,10.4,10.4,10.4,10.4,10.4,10.4,10.4,10.4,10.4,10.4,10.4,Dropout
2011,227.84300000000002,7.8,7.8,54.69299999999999,74.26500000000001,7.8,7.8,7.8,30.317999999999998,7.8,7.8,48.534,7.8,51.967,7.8,7.8,7.8,7.8,7.8,7.8,7.8,7.8,7.8,7.8,7.8,7.8,7.8,7.8,7.8,7.8,Fail
2012,1005.111,63.194,117.82400000000001,65.992,89.7,55.992000000000004,10.4,102.78899999999999,17.776999999999997,81.708,83.656,54.076,81.408,50.632999999999996,95.767,98.797,79.51400000000001,10.4,58.054,15.067,84.50899999999999,10.4,32.509,50.19,55.07100000000001,10.4,54.54,42.384,109.22900000000001,215.34799999999998,Pass
2013,1343.621,148.59499999999997,175.787,283.262,156.458,273.823,10.4,247.92299999999997,290.561,222.61099999999996,271.53499999999997,218.24200000000002,220.379,175.14000000000001,203.429,215.724,189.967,10.4,205.87699999999998,183.873,222.64099999999996,196.80700000000002,192.85200000000003,167.79999999999998,129.16000000000003,10.4,152.469,139.413,196.84199999999998,215.639,Pass
2014,2311.121,173.00599999999997,121.12299999999999,207.416,131.65099999999998,179.94599999999997,10.4,175.567,218.14799999999997,123.687,107.599,135.875,102.507,88.31800000000001,100.128,80.69800000000001,86.67299999999999,10.4,167.99,89.554,120.565,85.94899999999998,66.036,58.117000000000004,55.092,10.4,78.484,42.634,72.876,296.955,Pass
2015,2614.1760000000004,151.3,93.363,192.86100000000002,115.429,266.59799999999996,7.8,168.887,161.62800000000001,211.482,225.973,185.873,171.79299999999998,204.432,167.517,237.42999999999998,184.488,7.8,269.556,225.204,279.452,175.22899999999998,146.75599999999997,166.982,191.91600000000003,7.8,89.52199999999999,92.152,165.83200000000002,411.45200000000006,Pass
2016,791.583,77.923,10.4,60.437,36.614,10.4,10.4,10.4,106.868,10.4,10.4,10.4,10.4,10.4,10.4,10.4,10.4,10.4,105.49400000000001,10.4,10.4,10.4,10.4,10.4,10.4,10.4,10.4,10.4,10.4,158.321,Fail
2017,54.417,10.4,10.4,10.4,10.4,10.4,10.4,10.4,10.4,10.4,10.4,10.4,10.4,10.4,10.4,10.4,10.4,10.4,10.4,10.4,10.4,10.4,10.4,10.4,10.4,10.4,10.4,10.4,10.4,10.4,Dropout
2018,1543.6,159.41,170.44099999999997,85.189,117.459,53.475,10.4,57.012,105.28699999999999,170.679,25.544999999999998,110.61200000000001,82.53200000000001,78.169,54.156,18.729,3.991999999999999,10.4,353.117,76.02700000000002,79.019,34.533,128.928,122.57600000000001,36.843999999999994,10.4,78.60499999999999,43.855000000000004,66.58,185.961,Pass
2019,69.695,64.67999999999999,10.4,10.4,10.4,10.4,10.4,10.4,10.4,10.4,10.4,10.4,10.4,10.4,10.4,10.4,10.4,10.4,10.4,10.4,10.4,10.4,10.4,10.4,10.4,10.4,10.4,10.4,10.4,10.4,Dropout
2020,539.0360000000001,69.73,54.56699999999999,10.4,33.010999999999996,10.4,10.4,10.4,23.101999999999997,10.4,10.4,10.4,10.4,10.4,29.378,10.4,10.4,10.4,10.4,10.4,10.4,10.4,10.4,10.4,10.4,10.4,10.4,10.4,10.4,10.4,Fail
2021,2576.069,121.207,85.255,205.835,107.31200000000001,230.741,10.4,220.419,142.11,132.138,126.48,169.959,173.86700000000002,163.026,169.083,91.877,85.60500000000002,10.4,337.283,157.268,192.17399999999998,111.843,79.047,113.47899999999998,110.06299999999999,10.4,94.315,52.442,90.629,292.489,Pass
2022,1317.79,127.464,142.441,223.87800000000001,75.61399999999999,117.135,10.4,114.29299999999999,158.49900000000002,127.235,9.912999999999998,102.59100000000001,142.367,79.495,31.216,78.219,92.93799999999999,10.4,309.031,122.02900000000001,139.99200000000002,107.09599999999999,87.785,107.452,39.18300000000001,10.4,105.803,51.01200000000001,59.979,287.508,Pass
2023,138.83,66.79299999999999,10.4,10.4,10.4,10.4,10.4,10.4,10.4,10.4,10.4,10.4,10.4,10.4,10.4,10.4,10.4,10.4,10.4,10.4,10.4,10.4,10.4,10.4,10.4,10.4,10.4,10.4,10.4,145.942,Dropout
2024,159.188,69.61,10.4,10.4,10.4,10.4,10.4,10.4,10.4,10.4,10.4,10.4,10.4,10.4,10.4,10.4,10.4,10.4,10.4,10.4,10.4,10.4,10.4,10.4,10.4,10.4,10.4,10.4,10.4,10.4,Dropout
2025,1085.49,154.70600000000002,213.93000000000004,178.38100000000003,103.813,163.923,10.4,144.738,248.62900000000002,214.26399999999998,105.53500000000001,188.649,149.762,126.892,94.03099999999999,101.437,65.67699999999999,10.4,68.761,75.729,76.221,55.56700000000001,57.542,78.6,32.792,10.4,54.181,10.4,56.36000000000001,215.73699999999997,Pass
2026,2748.616,273.16299999999995,219.428,291.10699999999997,139.154,245.17300000000003,7.8,255.11499999999998,220.315,216.91400000000002,232.16000000000003,226.006,268.762,292.811,194.685,236.847,167.51999999999998,7.8,288.616,193.873,199.857,157.857,141.457,147.504,153.012,7.8,113.01199999999999,64.887,190.18200000000002,335.212,Pass
2027,1009.362,66.256,53.684,111.42,112.841,53.717,10.4,10.4,51.467,18.558999999999997,29.051000000000002,53.684,52.385,54.209,72.721,67.048,76.984,10.4,151.595,57.628,106.29099999999998,32.842,34.81699999999999,79.747,10.4,10.4,43.044,10.4,10.4,101.99,Pass
2028,54.417,10.4,10.4,10.4,10.4,10.4,10.4,10.4,10.4,10.4,10.4,10.4,10.4,10.4,10.4,10.4,10.4,10.4,10.4,10.4,10.4,10.4,10.4,10.4,10.4,10.4,10.4,10.4,10.4,10.4,Dropout
2029,1834.099,116.257,91.117,314.42799999999994,112.28800000000001,295.384,10.4,269.888,249.021,184.713,154.05599999999998,192.469,205.595,211.601,170.245,8.559,6.534,10.4,336.356,136.284,170.62300000000002,164.603,47.93899999999999,129.152,89.26899999999999,10.4,10.4,10.4,135.336,293.72499999999997,Pass
2030,67.551,67.099,7.8,7.8,7.8,7.8,7.8,7.8,7.8,7.8,7.8,7.8,7.8,7.8,7.8,7.8,7.8,7.8,7.8,7.8,7.8,7.8,7.8,7.8,7.8,7.8,7.8,7.8,7.8,7.8,Dropout
2031,1621.18,175.978,190.279,253.025,119.37899999999999,126.16499999999999,10.4,151.809,157.168,209.64,149.404,400.40900000000005,269.18899999999996,100.52799999999999,113.812,113.47299999999998,75.923,10.4,159.016,95.16000000000001,48.296,26.467,23.442,46.757999999999996,114.45800000000001,10.4,120.821,75.175,136.58700000000002,333.085,Pass
2032,1378.2259999999999,112.74100000000001,110.29599999999999,221.29700000000003,104.869,181.595,10.4,165.273,111.49999999999999,47.884,53.717,51.134,146.41199999999998,105.17699999999999,102.93299999999999,530.044,373.63199999999995,10.4,317.033,86.053,126.47699999999999,82.42599999999999,78.13900000000001,80.83900000000001,95.814,10.4,59.461000000000006,38.959,129.11599999999999,118.69600000000001,Pass
2033,109.22999999999999,54.94200000000001,7.8,7.8,7.8,7.8,7.8,7.8,7.8,7.8,7.8,7.8,7.8,7.8,7.8,7.8,7.8,7.8,7.8,7.8,7.8,7.8,7.8,7.8,7.8,7.8,7.8,7.8,7.8,7.8,Dropout
2034,1684.412,212.548,158.77100000000002,162.92000000000002,110.115,133.797,10.4,68.10499999999999,183.542,176.344,170.73399999999998,111.26100000000001,110.98100000000001,119.809,95.74000000000001,127.84400000000002,104.26599999999999,10.4,331.36800000000005,119.11599999999999,100.136,84.182,57.083,120.929,106.57199999999999,10.4,78.75,54.56699999999999,66.857,198.397,Pass
2035,908.4359999999999,125.252,128.416,86.05000000000001,105.384,10.4,10.4,-24.908,31.922,10.4,10.4,10.4,68.91900000000001,51.28000000000001,35.093,43.942,47.917,10.4,59.47200000000001,10.4,38.513,35.867,10.4,10.4,83.637,10.4,10.4,10.4,53.567,81.15899999999999,Pass
2036,541.7420000000001,179.30599999999998,224.929,100.967,106.60999999999999,116.515,10.4,95.558,37.283,10.4,10.4,10.4,10.4,10.4,10.4,10.4,10.4,10.4,10.4,10.4,10.4,10.4,10.4,10.4,10.4,10.4,10.4,10.4,10.4,10.4,Dropout
2037,1882.2290000000003,257.603,296.161,285.642,86.592,192.308,7.8,69.535,154.66700000000003,152.183,-1.9160000000000004,181.451,167.046,117.584,68.961,128.79399999999998,7.8,7.8,312.014,71.473,93.173,41.039,7.8,87.387,41.007999999999996,7.8,124.83000000000001,54.967,90.96999999999998,245.03600000000003,Pass
2038,132.63500000000002,10.4,10.4,10.4,10.4,10.4,10.4,10.4,10.4,10.4,10.4,10.4,10.4,10.4,10.4,10.4,10.4,10.4,10.4,10.4,10.4,10.4,10.4,10.4,10.4,10.4,10.4,10.4,10.4,10.4,Fail
2039,611.72,122.257,56.78399999999999,7.8,26.924999999999997,7.8,7.8,-27.933000000000003,29.936999999999998,43.218,7.8,55.509,7.8,37.692,37.971000000000004,7.8,7.8,7.8,40.549,7.8,40.146,7.8,7.8,22.242,52.56700000000001,7.8,39.73,7.8,49.21,76.66300000000001,Pass
2040,3525.99,277.48,286.484,134.47500000000002,137.31,125.541,10.4,146.649,234.577,200.66199999999998,126.271,189.628,140.68200000000002,107.268,55.983000000000004,143.081,36.212,10.4,311.33599999999996,71.299,158.223,79.834,95.721,100.581,94.163,10.4,150.471,73.629,191.26999999999998,363.08000000000004,Pass
2041,328.552,51.852000000000004,10.4,114.597,81.791,10.4,10.4,10.4,10.4,10.4,10.4,10.4,10.4,10.4,10.4,10.4,10.4,10.4,10.4,10.4,10.4,10.4,10.4,10.4,10.4,10.4,10.4,10.4,10.4,10.4,Dropout
2042,1009.662,77.35,70.805,151.405,84.21900000000001,153.059,10.4,115.059,101.32099999999998,48.309000000000005,71.82100000000001,51.983999999999995,73.096,70.633,74.525,10.4,10.4,10.4,177.124,27.792,70.84,77.842,10.4,10.4,10.4,10.4,10.4,10.4,10.4,262.723,Fail
2043,1650.1539999999998,162.875,146.21699999999998,10.4,96.428,154.762,10.4,168.501,211.93599999999998,167.337,113.50600000000001,145.726,214.35,143.106,172.324,189.323,116.31,10.4,190.425,128.2,159.962,172.761,138.678,146.769,120.36399999999999,10.4,93.064,41.117,93.09400000000001,300.638,Pass
2044,668.5500000000001,90.506,57.542,164.35299999999998,84.211,90.203,7.8,152.337,120.331,7.8,7.8,7.8,7.8,7.8,7.8,7.8,7.8,7.8,7.8,7.8,7.8,7.8,7.8,7.8,7.8,7.8,7.8,7.8,7.8,128.892,Dropout
2045,2776.5519999999997,137.22299999999998,130.359,204.92,112.69,260.44899999999996,7.8,188.659,158.43200000000002,118.13199999999998,162.051,231.409,117.561,82.378,87.191,36.378,28.859,7.8,304.79900000000004,202.94899999999998,191.38,98.44200000000001,63.925,152.423,87.305,7.8,94.20100000000001,50.062,173.666,309.164,Pass
2046,51.81700000000001,7.8,7.8,7.8,7.8,7.8,7.8,7.8,7.8,7.8,7.8,7.8,7.8,7.8,7.8,7.8,7.8,7.8,7.8,7.8,7.8,7.8,7.8,7.8,7.8,7.8,7.8,7.8,7.8,7.8,Dropout
2047,1381.034,168.889,139.704,402.7819999999999,92.298,334.51599999999996,10.4,130.994,127.61999999999999,135.19299999999998,131.464,107.444,120.471,67.28,106.65599999999999,78.23,11.384,10.4,7.816999999999998,16.792,50.022999999999996,32.893,27.586999999999996,72.321,43.216,10.4,58.68299999999999,40.167,98.63300000000001,89.68799999999999,Pass
2048,1697.2479999999998,117.26100000000001,79.069,154.431,86.09800000000001,124.03399999999999,7.8,121.805,127.078,115.75099999999999,113.789,84.351,118.22200000000001,118.29,138.26899999999998,99.489,67.165,7.8,269.364,113.78699999999998,124.66799999999998,106.645,75.607,86.38799999999999,113.014,7.8,67.21,65.21900000000001,146.86599999999999,329.92,Pass
2049,872.9929999999999,100.835,10.4,14.791999999999998,26.744,36.197,10.4,22.691999999999997,30.956,62.642,10.4,70.053,55.248,121.702,36.851,10.4,10.4,10.4,163.301,66.617,97.958,74.56700000000001,89.751,10.4,10.4,10.4,10.4,10.4,10.4,118.235,Fail
2050,92.091,10.4,10.4,10.4,10.4,10.4,10.4,10.4,10.4,10.4,10.4,10.4,10.4,10.4,10.4,10.4,10.4,10.4,10.4,10.4,10.4,10.4,10.4,10.4,10.4,10.4,10.4,10.4,10.4,10.4,Dropout
2051,885.781,77.796,63.891000000000005,213.29999999999995,106.76400000000001,78.164,10.4,62.705,125.75799999999998,10.4,10.4,10.4,10.4,10.4,10.4,10.4,10.4,10.4,10.4,10.4,10.4,10.4,10.4,10.4,10.4,10.4,10.4,10.4,10.4,153.63799999999998,Dropout
2052,494.59399999999994,64.039,76.419,114.92700000000002,79.65799999999999,10.4,10.4,10.4,10.4,10.4,10.4,10.4,10.4,10.4,10.4,10.4,10.4,10.4,10.4,10.4,10.4,10.4,10.4,10.4,10.4,10.4,10.4,10.4,10.4,150.684,Fail
2053,54.417,10.4,10.4,10.4,10.4,10.4,10.4,10.4,10.4,10.4,10.4,10.4,10.4,10.4,10.4,10.4,10.4,10.4,10.4,10.4,10.4,10.4,10.4,10.4,10.4,10.4,10.4,10.4,10.4,10.4,Dropout
2054,1014.973,137.337,160.818,158.00400000000002,48.085,62.938,10.4,116.992,76.142,49.464,10.4,10.4,34.31699999999999,42.292,37.508,10.4,10.4,10.4,84.56500000000001,99.858,121.822,30.342,42.953,10.4,10.4,10.4,33.859,10.4,51.291999999999994,49.691,Pass
2055,1063.6920000000002,120.91,91.769,87.16,94.116,73.009,10.4,77.147,37.457,10.4,83.434,10.4,10.4,43.96,41.215999999999994,10.4,10.4,10.4,146.834,10.4,42.995000000000005,10.4,10.4,10.4,10.4,10.4,10.4,10.4,62.634,53.583999999999996,Pass
2056,88.99199999999999,10.4,10.4,10.4,10.4,10.4,10.4,10.4,10.4,10.4,10.4,10.4,10.4,10.4,10.4,10.4,10.4,10.4,10.4,10.4,10.4,10.4,10.4,10.4,10.4,10.4,10.4,10.4,10.4,10.4,Dropout
2057,74.493,10.4,10.4,66.22200000000001,10.4,10.4,10.4,10.4,10.4,10.4,10.4,10.4,10.4,10.4,10.4,10.4,10.4,10.4,10.4,10.4,10.4,10.4,10.4,10.4,10.4,10.4,10.4,10.4,10.4,10.4,Dropout
2058,3067.799,204.86,238.707,185.35299999999998,107.244,160.334,10.4,181.981,160.35399999999998,141.261,84.098,113.03,163.35399999999998,82.731,79.727,68.467,65.748,10.4,334.269,84.612,102.65899999999999,10.4,64.342,93.037,58.638,10.4,108.83600000000001,10.4,82.19200000000001,247.436,Pass
2059,302.317,74.538,63.242,10.4,10.4,10.4,10.4,10.4,10.4,10.4,10.4,10.4,10.4,10.4,10.4,10.4,10.4,10.4,10.4,10.4,10.4,10.4,10.4,10.4,10.4,10.4,10.4,10.4,10.4,10.4,Dropout
2060,77.58500000000001,10.4,10.4,10.4,10.4,10.4,10.4,10.4,10.4,10.4,10.4,10.4,10.4,10.4,10.4,10.4,10.4,10.4,10.4,10.4,10.4,10.4,10.4,10.4,10.4,10.4,10.4,10.4,10.4,10.4,Dropout
2061,1896.893,192.63,156.206,126.91499999999999,147.971,53.168,10.4,43.545,140.94,149.338,67.989,103.87799999999999,58.266,98.56099999999999,80.649,137.872,74.05799999999999,10.4,287.346,113.69399999999999,90.341,79.628,116.41199999999999,57.777,54.355999999999995,10.4,108.096,67.66399999999999,118.60900000000001,197.345,Pass
2062,1765.7949999999998,206.496,152.625,149.132,145.981,141.628,10.4,140.136,218.56600000000003,142.817,76.152,52.834,73.15,67.125,97.672,10.4,10.4,10.4,199.48,51.557,91.803,48.584,42.634,37.651,35.592,10.4,10.4,46.034000000000006,83.548,193.13600000000002,Pass
2063,1914.196,84.707,154.449,69.079,94.17699999999999,65.904,10.4,60.909000000000006,32.801,10.4,10.4,63.717,83.32600000000001,53.783,71.539,65.25,52.016999999999996,10.4,85.25500000000001,56.422,101.91,68.62899999999999,76.312,87.686,72.692,10.4,102.64599999999999,98.10199999999999,82.247,286.779,Pass
2064,2003.8070000000002,139.197,140.601,160.94299999999998,119.00900000000001,214.232,7.8,193.991,194.91400000000002,137.01600000000002,73.39,119.79099999999998,136.495,168.80499999999998,144.117,102.697,104.07600000000001,7.8,240.038,121.601,203.061,167.42700000000002,107.093,73.64099999999999,124.255,7.8,75.39699999999999,7.8,207.666,290.444,Pass
2065,1147.938,130.044,25.29,-18.038999999999998,129.03,111.28,10.4,113.18199999999999,39.89,10.4,10.4,90.396,64.968,47.226,42.065,10.4,10.4,10.4,167.93599999999998,10.4,40.328,10.4,10.4,26.712000000000003,27.817,10.4,36.766999999999996,10.4,81.053,280.45099999999996,Pass
2066,1514.2880000000002,137.493,164.93200000000002,196.89700000000002,101.03299999999999,177.359,10.4,150.644,152.186,193.94400000000002,101.25699999999999,123.196,83.52199999999999,99.574,102.055,74.482,77.19999999999999,10.4,139.998,62.278,101.69200000000001,53.86200000000001,73.486,47.28699999999999,49.242,10.4,59.717,40.317,88.28,273.066,Pass
2067,401.83400000000006,53.667,56.51,79.53699999999999,27.041999999999998,7.8,7.8,7.8,7.8,7.8,7.8,7.8,7.8,7.8,7.8,7.8,7.8,7.8,102.894,7.8,7.8,7.8,7.8,7.8,7.8,7.8,7.8,7.8,7.8,7.8,Dropout
2068,757.0200000000001,74.667,69.043,157.663,99.183,149.154,7.8,139.368,114.649,64.77799999999999,7.8,7.8,7.8,7.8,7.8,7.8,7.8,7.8,107.144,7.8,7.8,7.8,7.8,7.8,7.8,7.8,7.8,7.8,7.8,158.08,Dropout
2069,530.059,81.554,60.20900000000001,166.401,85.99100000000001,58.117000000000004,10.4,32.891999999999996,10.4,10.4,10.4,10.4,10.4,10.4,10.4,10.4,10.4,10.4,10.4,10.4,10.4,10.4,10.4,10.4,10.4,10.4,10.4,10.4,10.4,143.07600000000002,Dropout
2070,653.6899999999998,93.45500000000001,79.91799999999999,79.464,64.664,48.518,10.4,10.4,10.4,10.4,10.4,64.10000000000001,52.016999999999996,10.4,10.4,10.4,10.4,10.4,10.4,10.4,10.4,10.4,10.4,10.4,10.4,10.4,10.4,10.4,10.4,148.49200000000002,Dropout
2071,235.54800000000003,98.877,72.451,87.362,73.367,7.8,7.8,7.8,7.8,7.8,7.8,7.8,7.8,7.8,7.8,7.8,7.8,7.8,7.8,7.8,7.8,7.8,7.8,7.8,7.8,7.8,7.8,7.8,7.8,154.18200000000002,Dropout
2072,54.417,10.4,10.4,10.4,10.4,10.4,10.4,10.4,10.4,10.4,10.4,10.4,10.4,10.4,10.4,10.4,10.4,10.4,10.4,10.4,10.4,10.4,10.4,10.4,10.4,10.4,10.4,10.4,10.4,10.4,Dropout
2073,51.81700000000001,7.8,7.8,7.8,7.8,7.8,7.8,7.8,7.8,7.8,7.8,7.8,7.8,7.8,7.8,7.8,7.8,7.8,7.8,7.8,7.8,7.8,7.8,7.8,7.8,7.8,7.8,7.8,7.8,7.8,Dropout
2074,1293.356,114.281,112.06299999999999,156.68400000000003,130.72899999999998,169.60700000000003,10.4,129.25400000000002,178.815,94.99099999999999,106.744,153.712,0.24199999999999555,72.93900000000001,29.868999999999996,10.684,19.659,10.4,172.805,15.067,108.106,33.016999999999996,115.71400000000001,98.373,31.726,10.4,50.71,40.384,88.619,248.24499999999998,Pass
2075,1150.698,104.144,50.69200000000001,70.264,85.482,81.69000000000001,7.8,102.79499999999999,96.47,116.624,5.058999999999999,7.8,122.806,79.003,33.062999999999995,7.8,7.8,7.8,182.34,64.096,84.37299999999999,65.80000000000001,42.759,74.07900000000001,69.30399999999999,7.8,103.59,59.392,87.98800000000001,177.33800000000002,Pass
2076,520.598,106.26200000000001,93.80599999999998,186.17900000000003,110.05,157.294,10.4,145.18900000000002,88.161,54.334,89.809,10.4,50.742,10.4,10.4,10.4,10.4,10.4,10.4,10.4,10.4,10.4,10.4,10.4,10.4,10.4,10.4,10.4,10.4,10.4,Fail
2077,54.417,10.4,10.4,10.4,10.4,10.4,10.4,10.4,10.4,10.4,10.4,10.4,10.4,10.4,10.4,10.4,10.4,10.4,10.4,10.4,10.4,10.4,10.4,10.4,10.4,10.4,10.4,10.4,10.4,10.4,Dropout
2078,1907.771,92.70100000000001,120.759,145.401,115.936,198.83599999999998,7.8,157.758,149.624,84.61099999999999,85.29799999999999,84.463,175.686,152.797,97.703,67.95599999999999,54.026,7.8,190.15099999999998,51.952,98.76899999999999,63.23500000000001,59.596000000000004,121.97399999999999,119.26899999999999,7.8,116.231,113.955,109.53600000000002,248.82500000000002,Pass
2079,389.949,118.77300000000001,70.314,91.886,71.108,56.266999999999996,10.4,10.4,10.4,10.4,10.4,10.4,10.4,10.4,10.4,10.4,10.4,10.4,10.4,10.4,10.4,10.4,10.4,10.4,10.4,10.4,10.4,10.4,10.4,150.359,Dropout
2080,641.874,87.797,70.293,110.31200000000001,75.478,107.278,10.4,139.702,31.922,10.4,10.4,44.759,10.4,10.4,10.4,10.4,10.4,10.4,10.4,10.4,10.4,10.4,10.4,10.4,10.4,10.4,10.4,10.4,10.4,10.4,Fail
2081,4049.9990000000007,243.99,227.823,317.419,166.506,463.388,7.8,340.181,228.20299999999997,267.954,341.152,409.75800000000004,292.032,256.034,163.717,121.655,-2.008000000000001,7.8,647.5329999999999,153.9,163.92000000000002,175.266,132.715,93.068,100.455,7.8,96.404,77.862,158.769,426.52,Pass
2082,823.076,231.345,266.552,142.858,137.46,169.895,10.4,151.627,128.24200000000002,10.4,10.4,91.509,10.4,10.4,10.4,10.4,10.4,10.4,128.151,10.4,10.4,10.4,10.4,10.4,10.4,10.4,10.4,10.4,10.4,180.965,Dropout
2083,54.417,10.4,10.4,10.4,10.4,10.4,10.4,10.4,10.4,10.4,10.4,10.4,10.4,10.4,10.4,10.4,10.4,10.4,10.4,10.4,10.4,10.4,10.4,10.4,10.4,10.4,10.4,10.4,10.4,10.4,Dropout
2084,2213.38,92.43700000000001,177.255,245.017,138.165,209.67000000000002,7.8,133.975,247.196,224.79900000000004,161.891,182.38400000000001,140.083,118.00699999999999,125.437,126.88300000000001,98.863,7.8,277.06800000000004,121.856,123.055,74.509,58.734,106.297,72.34,7.8,130.842,77.14500000000001,153.978,303.974,Pass
2085,1295.8919999999998,78.31,98.709,151.34300000000002,90.048,173.677,10.4,150.728,149.02,190.193,115.613,101.64,139.921,128.345,99.669,10.4,10.4,10.4,256.072,139.49599999999998,80.82600000000001,10.4,10.4,10.4,10.4,10.4,10.4,10.4,10.4,165.71800000000002,Dropout
2086,2437.0,93.589,99.61,233.462,106.13999999999999,291.443,7.8,214.969,229.366,121.695,171.084,191.569,253.08099999999996,223.60600000000005,221.15699999999998,99.92099999999999,42.617000000000004,7.8,371.068,227.548,212.992,191.69400000000002,107.126,227.50200000000004,197.515,7.8,50.595,95.37599999999999,200.503,222.156,Pass
2087,286.572,69.129,84.62299999999999,57.542,76.53,10.4,10.4,10.4,10.4,10.4,10.4,10.4,10.4,10.4,10.4,10.4,10.4,10.4,10.4,10.4,10.4,10.4,10.4,10.4,10.4,10.4,10.4,10.4,10.4,140.142,Dropout
2088,872.831,116.67,116.40999999999998,152.83599999999998,92.26,173.24699999999999,10.4,127.38499999999999,33.914,10.4,10.4,63.811,10.4,10.4,10.4,10.4,10.4,10.4,10.4,10.4,10.4,10.4,10.4,10.4,10.4,10.4,10.4,10.4,10.4,134.056,Fail
2089,226.13399999999996,10.4,10.4,69.559,25.658,10.4,10.4,10.4,10.4,10.4,10.4,10.4,10.4,10.4,10.4,10.4,10.4,10.4,10.4,10.4,10.4,10.4,10.4,10.4,10.4,10.4,10.4,10.4,10.4,10.4,Dropout
2090,1175.368,145.057,128.059,85.102,76.293,123.524,10.4,108.17099999999999,82.67600000000002,10.4,62.784,10.4,10.4,77.06,32.486,10.4,-0.25800000000000267,10.4,74.14500000000001,10.4,63.711,10.4,10.4,10.4,10.4,10.4,33.584,10.4,70.882,142.255,Fail
2091,1725.4219999999998,68.737,12.359,91.385,106.56899999999999,104.369,10.4,89.89099999999999,125.85399999999998,64.358,44.927,65.30799999999999,75.487,53.650999999999996,110.539,64.91,78.52199999999999,10.4,120.37400000000001,51.895,111.147,46.263000000000005,10.4,64.687,63.67,10.4,51.166999999999994,53.142,62.275999999999996,213.792,Pass
2092,1117.003,72.192,76.113,122.367,91.739,88.843,10.4,125.31400000000001,161.393,108.00800000000001,10.4,10.4,10.4,10.4,10.4,10.4,10.4,10.4,124.55300000000001,10.4,10.4,10.4,10.4,10.4,10.4,10.4,10.4,10.4,10.4,120.16700000000002,Dropout
2093,1171.277,144.764,97.101,160.35199999999998,119.496,198.17000000000002,10.4,183.128,203.09400000000002,135.669,159.418,156.03500000000003,172.142,176.01600000000002,149.924,151.336,138.13,10.4,208.41199999999998,164.51,188.10399999999998,141.72600000000003,113.665,157.577,193.5,10.4,151.328,117.006,142.988,209.42600000000002,Pass
2094,142.474,7.8,7.8,7.8,7.8,7.8,7.8,7.8,7.8,7.8,7.8,7.8,7.8,7.8,7.8,7.8,7.8,7.8,7.8,7.8,7.8,7.8,7.8,7.8,7.8,7.8,7.8,7.8,7.8,7.8,Dropout
2095,917.4889999999999,206.08499999999998,138.34099999999998,153.793,131.017,-1.9339999999999993,10.4,77.696,21.459999999999997,83.569,7.9069999999999965,98.75599999999999,143.571,105.77600000000001,135.44299999999998,123.793,79.43299999999999,10.4,238.693,100.124,104.18499999999999,73.376,71.971,88.97999999999999,72.955,10.4,79.67099999999999,43.646,105.62100000000001,307.433,Pass
2096,70.07,10.4,10.4,10.4,10.4,10.4,10.4,10.4,10.4,10.4,10.4,10.4,10.4,10.4,10.4,10.4,10.4,10.4,10.4,10.4,10.4,10.4,10.4,10.4,10.4,10.4,10.4,10.4,10.4,10.4,Dropout
2097,3569.515,229.69299999999996,227.671,208.783,159.909,262.67,7.8,284.099,461.34000000000003,379.18899999999996,312.24699999999996,425.468,347.73,255.81099999999998,253.24,423.21099999999996,179.286,7.8,444.317,206.071,227.14999999999998,152.207,161.43800000000002,163.946,168.71800000000002,7.8,215.48299999999998,242.606,258.988,428.20599999999996,Pass
2098,54.417,10.4,10.4,10.4,10.4,10.4,10.4,10.4,10.4,10.4,10.4,10.4,10.4,10.4,10.4,10.4,10.4,10.4,10.4,10.4,10.4,10.4,10.4,10.4,10.4,10.4,10.4,10.4,10.4,10.4,Dropout
2099,1515.618,46.921,56.086,188.809,107.72900000000001,174.995,10.4,199.32399999999998,131.877,10.4,10.4,87.63,135.234,164.755,144.031,10.4,10.4,10.4,258.66700000000003,131.402,175.03499999999997,117.9,59.396,131.624,119.14399999999999,10.4,40.542,43.517,112.52799999999999,181.05700000000002,Pass
2100,2546.987,139.005,110.23199999999999,236.805,112.999,195.214,10.4,199.977,182.51600000000002,95.025,89.85000000000001,68.30799999999999,175.165,140.26399999999998,108.739,59.525,49.009,10.4,311.282,208.579,182.856,166.786,41.817,84.382,76.207,10.4,40.284,10.4,111.37499999999999,206.541,Pass
2101,2168.206,144.038,151.74599999999998,272.691,128.924,274.47,10.4,277.008,269.296,184.69199999999998,131.91,209.77700000000002,213.66099999999997,297.43399999999997,134.685,135.403,21.109,10.4,353.233,184.31599999999997,270.769,171.48000000000002,52.090999999999994,151.342,147.499,10.4,79.487,46.667,122.33699999999999,315.90900000000005,Pass
2102,1583.9209999999998,101.364,118.944,186.20799999999997,82.676,209.36299999999997,10.4,71.509,37.166,74.412,61.16799999999999,55.10900000000001,4.246999999999998,52.692,37.628,10.4,10.4,10.4,151.813,103.319,87.48,10.4,10.4,10.4,10.4,10.4,10.4,10.4,50.567,261.93199999999996,Pass
2103,348.805,153.51999999999998,51.567,7.8,34.013999999999996,7.8,7.8,7.8,7.8,7.8,7.8,7.8,7.8,7.8,7.8,7.8,7.8,7.8,7.8,7.8,7.8,7.8,7.8,7.8,7.8,7.8,7.8,7.8,7.8,159.978,Dropout
2104,268.026,125.33699999999999,10.4,51.592,27.355999999999998,10.4,10.4,10.4,72.971,10.4,10.4,10.4,10.4,10.4,10.4,10.4,10.4,10.4,10.4,10.4,10.4,10.4,10.4,10.4,10.4,10.4,10.4,10.4,10.4,10.4,Fail
2105,933.346,76.313,102.67499999999998,167.64999999999998,106.148,48.617,10.4,58.108999999999995,255.07999999999998,116.03800000000001,36.400999999999996,51.134,54.704,38.292,38.96,55.571000000000005,54.546,10.4,104.35999999999999,10.4,47.477000000000004,10.4,10.4,10.4,10.4,10.4,10.4,10.4,36.717,63.772,Fail
2106,350.34000000000003,74.949,72.727,69.034,79.026,62.642,10.4,10.4,32.303,10.4,74.542,77.51700000000001,10.4,10.4,10.4,10.4,10.4,10.4,10.4,10.4,10.4,10.4,10.4,10.4,10.4,10.4,10.4,10.4,10.4,10.4,Fail
2107,839.499,172.422,79.763,10.4,33.158,54.592000000000006,10.4,10.4,79.43,91.888,10.4,52.134,10.4,10.4,34.595,10.4,10.4,10.4,10.4,10.4,10.4,10.4,10.4,10.4,10.4,10.4,10.4,10.4,10.4,142.11700000000002,Fail
2108,1484.747,54.992,89.05,77.577,32.015,10.4,10.4,19.866999999999997,31.424,10.4,54.56699999999999,10.4,38.742000000000004,41.234,36.47,49.667,48.15899999999999,10.4,84.879,10.4,43.126999999999995,10.4,10.4,10.4,53.717,10.4,75.39200000000001,10.4,49.142,228.982,Pass
2109,4955.862,158.437,142.243,165.465,132.22299999999998,232.81900000000002,10.4,213.83100000000002,312.546,205.82399999999998,319.308,153.466,219.707,174.789,190.97699999999998,140.291,115.715,10.4,397.762,181.07799999999997,210.313,198.257,150.53,147.618,162.19000000000003,10.4,94.336,79.90100000000001,195.215,313.702,Pass
2110,51.81700000000001,7.8,7.8,7.8,7.8,7.8,7.8,7.8,7.8,7.8,7.8,7.8,7.8,7.8,7.8,7.8,7.8,7.8,7.8,7.8,7.8,7.8,7.8,7.8,7.8,7.8,7.8,7.8,7.8,7.8,Dropout
2111,675.013,91.96799999999999,99.404,10.4,64.269,10.4,10.4,27.792,69.983,10.4,10.4,50.709,79.89699999999999,10.4,28.619,10.4,10.4,10.4,67.72,10.4,70.51700000000001,37.567,10.4,43.517,47.766999999999996,10.4,10.4,10.4,10.4,169.43800000000002,Fail
2112,1370.8100000000002,87.696,94.32799999999999,92.96000000000001,89.285,52.68300000000001,10.4,43.967,37.897999999999996,10.4,10.4,53.259,53.951,57.93299999999999,69.57,68.27,10.4,10.4,164.112,46.067,45.455,10.4,10.4,10.4,10.4,10.4,10.4,10.4,56.812,181.526,Pass
2113,696.686,80.63,88.732,60.059,84.47200000000001,10.4,10.4,10.4,10.4,93.036,45.642,10.4,32.042,10.4,33.848,10.4,10.4,10.4,87.175,10.4,39.083,10.4,23.959000000000003,23.842,10.4,10.4,10.4,10.4,10.4,80.965,Pass
2114,1216.873,143.186,-31.441000000000003,-31.983,31.165999999999997,101.357,10.4,-20.659,43.467,87.23400000000001,10.4,92.835,66.33599999999998,102.25,83.05000000000001,81.50800000000001,69.039,10.4,71.83500000000001,10.4,45.236000000000004,87.66199999999999,49.891999999999996,78.39800000000001,132.67399999999998,10.4,37.337,10.4,39.992,169.734,Pass
2115,1807.617,267.643,195.356,194.77599999999998,79.17099999999999,64.332,10.4,135.752,265.56800000000004,172.644,151.197,181.363,107.53500000000001,113.218,70.369,92.68,9.667,10.4,203.71699999999998,65.297,108.1,74.628,84.29,64.658,53.364999999999995,10.4,74.83200000000001,45.909000000000006,58.717,262.733,Pass
2116,2845.4419999999996,262.881,161.94799999999998,198.64700000000002,140.803,171.871,10.4,168.993,153.42499999999998,133.089,158.911,103.201,219.871,218.73699999999997,177.289,179.839,191.16699999999997,10.4,344.35799999999995,185.578,271.655,135.248,108.076,149.73600000000002,160.462,10.4,103.015,92.92,163.44,405.135,Pass
2117,185.21699999999998,98.873,10.4,10.4,10.4,10.4,10.4,10.4,10.4,10.4,10.4,10.4,10.4,10.4,10.4,10.4,10.4,10.4,10.4,10.4,10.4,10.4,10.4,10.4,10.4,10.4,10.4,10.4,10.4,152.367,Dropout
2118,54.417,10.4,10.4,10.4,10.4,10.4,10.4,10.4,10.4,10.4,10.4,10.4,10.4,10.4,10.4,10.4,10.4,10.4,10.4,10.4,10.4,10.4,10.4,10.4,10.4,10.4,10.4,10.4,10.4,10.4,Dropout
2119,51.81700000000001,7.8,7.8,7.8,7.8,7.8,7.8,7.8,7.8,7.8,7.8,7.8,7.8,7.8,7.8,7.8,7.8,7.8,7.8,7.8,7.8,7.8,7.8,7.8,7.8,7.8,7.8,7.8,7.8,7.8,Dropout
2120,1941.981,125.608,146.289,189.74800000000002,98.839,167.449,10.4,107.90400000000001,155.68099999999998,146.22,99.88,70.928,89.75699999999999,73.887,96.365,10.4,10.4,10.4,102.768,10.4,10.4,27.567,28.058999999999997,10.4,10.4,10.4,10.4,10.4,10.4,152.159,Fail
2121,1162.796,175.777,188.454,131.48199999999997,95.32699999999998,69.412,10.4,77.00899999999999,111.38,10.4,10.4,10.4,10.4,10.4,10.4,10.4,10.4,10.4,106.91900000000001,10.4,10.4,10.4,10.4,10.4,10.4,10.4,10.4,10.4,10.4,169.333,Dropout
2122,612.864,72.132,-12.433000000000003,120.471,7.126000000000001,1.491999999999999,10.4,99.99600000000001,38.396,50.092,46.067,58.559,56.534,10.4,41.318,10.4,10.4,10.4,84.10300000000001,31.217,84.412,10.4,10.4,29.692,53.217,10.4,46.219,10.4,39.141999999999996,122.155,Pass
2123,208.96699999999998,72.289,64.11800000000001,62.059,27.971,62.56699999999999,10.4,10.4,10.4,10.4,10.4,10.4,10.4,10.4,10.4,10.4,10.4,10.4,115.694,10.4,10.4,10.4,10.4,10.4,10.4,10.4,10.4,10.4,10.4,142.267,Fail
2124,365.827,73.223,82.485,102.80899999999998,35.617999999999995,10.4,10.4,10.4,10.4,10.4,10.4,10.4,10.4,10.4,10.4,10.4,10.4,10.4,10.4,10.4,10.4,10.4,10.4,10.4,10.4,10.4,10.4,10.4,10.4,151.75900000000001,Dropout
2125,54.417,10.4,10.4,10.4,10.4,10.4,10.4,10.4,10.4,10.4,10.4,10.4,10.4,10.4,10.4,10.4,10.4,10.4,10.4,10.4,10.4,10.4,10.4,10.4,10.4,10.4,10.4,10.4,10.4,10.4,Dropout
2126,392.15099999999995,10.4,86.30499999999999,193.341,10.4,10.4,10.4,10.4,10.4,10.4,10.4,10.4,10.4,10.4,10.4,10.4,10.4,10.4,10.4,10.4,10.4,10.4,10.4,10.4,10.4,10.4,10.4,10.4,10.4,153.032,Dropout
2127,2466.494,308.341,240.262,174.76100000000002,98.95100000000001,185.677,7.8,209.308,216.30399999999997,293.392,142.149,188.39200000000002,176.196,149.352,117.09700000000001,173.783,106.691,7.8,317.318,140.123,191.495,86.916,200.157,160.868,98.136,7.8,131.099,81.24000000000001,180.594,327.064,Pass
2128,51.81700000000001,7.8,7.8,7.8,7.8,7.8,7.8,7.8,7.8,7.8,7.8,7.8,7.8,7.8,7.8,7.8,7.8,7.8,7.8,7.8,7.8,7.8,7.8,7.8,7.8,7.8,7.8,7.8,7.8,7.8,Dropout
2129,351.76,65.446,10.4,10.4,34.241,10.4,10.4,10.4,10.4,10.4,10.4,10.4,10.4,10.4,10.4,10.4,10.4,10.4,10.4,10.4,10.4,10.4,10.4,10.4,10.4,10.4,10.4,10.4,10.4,10.4,Dropout
2130,1145.994,137.18,110.48,177.21500000000003,107.40299999999999,148.43200000000002,10.4,107.17099999999999,198.237,184.79299999999998,162.374,180.934,135.609,131.125,129.55599999999998,116.79,107.80800000000002,10.4,50.742,10.4,42.512,10.4,95.507,10.4,10.4,10.4,10.4,10.4,10.4,139.99200000000002,Dropout
2131,1278.468,124.08,139.857,146.668,110.55199999999999,193.62900000000002,10.4,147.908,110.186,57.967,7.959,91.987,75.35600000000001,76.273,91.48899999999999,56.559,55.534000000000006,10.4,69.487,82.492,89.78,39.266999999999996,10.4,74.81200000000001,50.70099999999999,10.4,10.4,39.65899999999999,71.058,228.07100000000003,Pass
2132,74.11099999999999,10.4,10.4,10.4,10.4,10.4,10.4,10.4,10.4,10.4,10.4,10.4,10.4,10.4,10.4,10.4,10.4,10.4,10.4,10.4,10.4,10.4,10.4,10.4,10.4,10.4,10.4,10.4,10.4,10.4,Dropout
2133,60.471000000000004,10.4,10.4,10.4,10.4,10.4,10.4,10.4,10.4,10.4,10.4,10.4,10.4,10.4,10.4,10.4,10.4,10.4,10.4,10.4,10.4,10.4,10.4,10.4,10.4,10.4,10.4,10.4,10.4,10.4,Dropout
2134,54.417,10.4,10.4,10.4,10.4,10.4,10.4,10.4,10.4,10.4,10.4,10.4,10.4,10.4,10.4,10.4,10.4,10.4,10.4,10.4,10.4,10.4,10.4,10.4,10.4,10.4,10.4,10.4,10.4,10.4,Dropout
2135,235.15600000000003,63.535,10.4,10.4,79.688,10.4,10.4,57.266999999999996,10.4,10.4,10.4,10.4,10.4,10.4,10.4,10.4,10.4,10.4,10.4,10.4,10.4,10.4,10.4,10.4,10.4,10.4,10.4,10.4,10.4,10.4,Dropout
2136,2409.8149999999996,136.464,249.878,213.908,148.947,216.103,10.4,181.1,256.165,190.786,163.18099999999998,185.28099999999998,90.709,76.588,111.454,147.656,29.393,10.4,376.887,76.24,145.67,31.267000000000003,40.483000000000004,80.326,67.55,10.4,138.13799999999998,76.213,104.71,130.921,Pass
2137,1233.337,195.392,140.128,152.45999999999998,68.10199999999999,112.274,7.8,142.075,124.09099999999998,50.659,7.8,75.964,126.096,151.43099999999998,99.266,90.53500000000001,7.8,7.8,232.83900000000003,95.522,135.228,55.940000000000005,109.566,33.092,32.06699999999999,7.8,65.241,7.8,76.57600000000001,257.906,Pass
2138,806.0239999999999,84.072,105.61599999999999,10.4,122.21000000000001,89.28999999999999,10.4,9.534999999999998,57.19,18.491999999999997,2.7169999999999987,8.692,79.973,90.994,99.47200000000001,67.387,73.362,10.4,119.365,76.57499999999999,110.87899999999999,58.929,82.57000000000001,51.511,10.4,10.4,60.46499999999999,51.342,75.024,98.4,Pass
2139,626.0349999999999,117.34900000000002,130.77100000000002,80.136,14.146999999999998,10.4,10.4,54.56699999999999,10.4,61.51700000000001,10.4,10.4,10.4,10.4,10.4,10.4,10.4,10.4,10.4,10.4,10.4,10.4,10.4,10.4,10.4,10.4,10.4,10.4,10.4,134.892,Dropout
2140,268.81600000000003,63.882999999999996,10.4,10.4,32.513,10.4,10.4,51.592,10.4,10.4,10.4,10.4,10.4,10.4,10.4,10.4,10.4,10.4,10.4,10.4,10.4,10.4,10.4,10.4,10.4,10.4,10.4,10.4,10.4,10.4,Dropout
2141,184.661,58.85499999999999,10.4,85.72800000000001,10.4,10.4,10.4,10.4,10.4,10.4,10.4,10.4,10.4,10.4,10.4,10.4,10.4,10.4,10.4,10.4,10.4,10.4,10.4,10.4,10.4,10.4,10.4,10.4,10.4,10.4,Fail
2142,565.674,101.698,75.601,69.007,69.438,10.4,10.4,10.4,10.4,10.4,10.4,10.4,10.4,10.4,10.4,10.4,10.4,10.4,10.4,10.4,10.4,10.4,10.4,10.4,10.4,10.4,10.4,10.4,10.4,155.929,Fail
2143,65.277,10.4,10.4,10.4,10.4,10.4,10.4,10.4,10.4,10.4,10.4,10.4,10.4,10.4,10.4,10.4,10.4,10.4,10.4,10.4,10.4,10.4,10.4,10.4,10.4,10.4,10.4,10.4,10.4,10.4,Dropout
2144,54.417,10.4,10.4,10.4,10.4,10.4,10.4,10.4,10.4,10.4,10.4,10.4,10.4,10.4,10.4,10.4,10.4,10.4,10.4,10.4,10.4,10.4,10.4,10.4,10.4,10.4,10.4,10.4,10.4,10.4,Dropout
2145,998.297,168.493,135.80399999999997,279.39,118.149,218.835,10.4,58.817,91.926,10.4,10.4,10.4,10.4,10.4,10.4,10.4,10.4,10.4,122.05599999999998,10.4,10.4,10.4,10.4,10.4,10.4,10.4,10.4,10.4,10.4,148.483,Dropout
2146,2302.995,216.34199999999998,182.62099999999998,262.322,126.935,254.625,10.4,116.339,282.14599999999996,169.245,104.785,183.501,153.54500000000002,166.48399999999998,132.56599999999997,189.51299999999998,19.375999999999998,10.4,269.552,94.95,138.983,58.48599999999999,93.343,79.94,87.112,10.4,61.062000000000005,47.037,98.797,306.71299999999997,Pass
2147,211.64700000000002,51.134,73.99700000000001,58.784000000000006,27.035,10.4,10.4,10.4,10.4,10.4,10.4,10.4,10.4,10.4,10.4,10.4,10.4,10.4,10.4,10.4,10.4,10.4,10.4,10.4,10.4,10.4,10.4,49.858999999999995,10.4,10.4,Fail
2148,1021.9449999999999,144.74399999999997,180.756,126.339,96.74799999999999,144.548,10.4,102.0,167.225,143.597,115.19,113.788,121.483,145.98399999999998,127.832,109.256,122.34200000000001,10.4,199.621,104.67599999999999,136.288,106.259,94.211,93.617,95.592,10.4,106.69999999999999,95.626,123.154,301.854,Pass
2149,1618.587,305.658,169.52999999999997,102.963,99.245,77.621,10.4,85.341,138.94,134.851,41.934000000000005,108.298,89.75500000000001,83.623,82.235,93.84899999999999,80.61399999999999,10.4,191.59599999999998,94.84299999999999,120.816,103.49400000000001,71.56700000000001,40.019,44.132,10.4,63.70999999999999,39.384,58.94,270.22,Pass
2150,450.825,134.312,70.402,7.8,69.229,7.8,7.8,7.8,7.8,7.8,7.8,7.8,7.8,7.8,7.8,7.8,7.8,7.8,7.8,7.8,7.8,7.8,7.8,7.8,7.8,7.8,7.8,7.8,7.8,143.21699999999998,Dropout
2151,694.069,54.259,47.525,10.4,80.84100000000001,10.4,10.4,36.717,34.412,10.4,60.059,48.192,33.617000000000004,87.819,93.46600000000001,10.4,74.348,10.4,87.705,10.4,41.587999999999994,81.551,10.4,43.712,10.4,10.4,44.859,10.4,154.97799999999998,60.83,Pass
2152,958.008,92.93700000000001,10.4,10.4,34.885999999999996,10.4,10.4,-23.758000000000006,36.902,10.4,10.4,62.520999999999994,81.697,10.4,38.828,10.4,47.641999999999996,10.4,58.179,10.4,42.131,10.4,10.4,33.842,10.4,10.4,34.342,10.4,71.234,143.068,Fail
2153,1470.4810000000002,83.19800000000001,90.214,109.915,68.412,84.53399999999999,10.4,10.4,48.17099999999999,29.483999999999998,10.4,51.134,43.509,77.006,86.59,10.4,10.4,10.4,10.4,10.4,50.054,10.4,10.4,37.901,49.876000000000005,10.4,34.983999999999995,10.4,64.712,86.85899999999998,Pass
2154,653.419,69.809,10.4,438.666,76.432,223.60800000000003,10.4,188.096,204.157,100.34900000000002,10.4,10.4,10.4,10.4,10.4,10.4,10.4,10.4,10.4,10.4,10.4,10.4,10.4,10.4,10.4,10.4,10.4,10.4,10.4,10.4,Fail
2155,676.9079999999999,150.503,154.886,337.105,127.87400000000001,164.119,7.8,117.34,108.88600000000001,7.8,7.8,104.976,7.8,7.8,7.8,7.8,7.8,7.8,109.767,7.8,7.8,7.8,7.8,7.8,7.8,7.8,7.8,7.8,7.8,152.259,Dropout
2156,4555.055,112.08,112.488,245.697,167.68099999999998,276.004,10.4,190.09099999999998,217.75600000000003,200.324,196.86800000000002,176.68599999999998,141.88,168.523,160.825,145.03900000000002,79.194,10.4,472.598,144.932,192.788,140.357,78.569,95.945,147.279,10.4,74.028,77.952,111.12899999999999,349.153,Pass
2157,99.60499999999999,10.4,10.4,10.4,10.4,10.4,10.4,10.4,10.4,10.4,10.4,10.4,10.4,10.4,10.4,10.4,10.4,10.4,10.4,10.4,10.4,10.4,10.4,10.4,10.4,10.4,10.4,10.4,10.4,10.4,Dropout
2158,623.9159999999999,119.35099999999998,109.805,91.73499999999999,80.30799999999999,64.459,10.4,66.892,76.309,150.673,103.47900000000001,84.03899999999999,96.316,66.809,10.4,10.4,75.306,10.4,165.505,51.592,36.272,10.4,10.4,10.4,10.4,10.4,10.4,133.426,48.617,118.49000000000001,Fail
2159,916.427,143.798,145.337,187.71599999999998,104.35300000000001,304.97100000000006,7.8,207.766,143.242,120.12199999999999,107.561,115.38299999999998,115.519,96.346,161.685,75.03400000000002,132.173,7.8,131.089,9.917,47.515,19.866999999999997,26.359,29.817,7.8,7.8,7.8,30.717,7.8,211.99400000000003,Fail
2160,2821.017,121.632,70.119,303.269,109.565,174.486,7.8,195.41400000000002,100.246,63.98100000000001,31.63,89.30499999999999,237.13600000000002,169.81900000000002,164.936,49.75,100.184,7.8,510.035,146.833,181.686,56.385999999999996,87.35,108.77499999999999,91.964,7.8,81.172,50.284000000000006,121.992,228.027,Pass
2161,3441.5060000000003,359.483,229.939,380.462,127.058,432.339,7.8,327.976,433.529,289.288,214.50799999999998,228.18099999999998,341.413,305.592,169.71900000000002,261.847,225.32799999999997,7.8,366.89900000000006,231.076,265.601,289.964,124.813,141.519,264.89500000000004,7.8,204.18800000000002,170.17000000000002,175.03699999999998,377.956,Pass
2162,1086.466,55.118,54.94200000000001,176.349,138.915,216.578,7.8,209.62499999999997,178.50900000000001,76.583,45.117,50.809000000000005,153.733,134.588,99.548,7.8,7.8,7.8,222.528,121.867,135.01600000000002,88.769,34.967,96.943,83.20400000000001,7.8,58.085,31.566999999999997,78.57600000000001,98.51499999999999,Pass
2163,1690.2889999999998,173.243,116.36299999999999,252.649,114.571,137.196,7.8,83.429,127.272,154.904,62.747,154.28300000000002,80.88199999999999,94.98100000000001,91.55000000000001,85.319,60.864000000000004,7.8,107.581,7.8,30.96,7.8,7.8,7.8,7.8,7.8,7.8,7.8,7.8,184.722,Fail
2164,2686.424,155.974,155.21799999999996,183.61399999999998,149.516,286.69399999999996,7.8,138.112,132.02,231.10500000000002,86.889,11.102999999999998,37.495,2.485999999999998,120.73700000000001,40.111,36.201,7.8,379.39000000000004,81.85999999999999,121.558,66.26299999999999,48.03,78.02,65.08200000000001,7.8,57.406000000000006,72.331,48.334,225.686,Fail
2165,304.277,53.900999999999996,7.8,7.8,32.403,7.8,7.8,7.8,7.8,7.8,7.8,7.8,7.8,7.8,7.8,7.8,7.8,7.8,7.8,7.8,7.8,7.8,7.8,7.8,7.8,7.8,7.8,7.8,7.8,7.8,Dropout
2166,902.75,53.784,38.467,153.353,149.343,34.341,7.8,229.355,164.73,10.861999999999998,48.725,135.12,108.41400000000002,128.861,101.14399999999999,120.097,22.1,7.8,249.61399999999998,62.17100000000001,122.52399999999999,85.71600000000001,129.517,143.185,60.637,7.8,102.324,50.059,102.15299999999999,296.757,Pass
2167,294.981,61.23,59.668,99.23,7.8,7.8,7.8,7.8,7.8,7.8,7.8,7.8,7.8,7.8,7.8,7.8,7.8,7.8,7.8,7.8,7.8,7.8,7.8,7.8,7.8,7.8,7.8,7.8,7.8,7.8,Dropout
2168,2006.2060000000001,282.23699999999997,279.18100000000004,356.98799999999994,147.751,78.78999999999999,7.8,121.369,262.132,357.246,309.715,216.738,124.91799999999999,167.467,121.409,163.404,102.012,7.8,229.327,161.029,190.792,162.168,132.482,153.727,53.386,7.8,186.49699999999999,106.702,200.18,320.70000000000005,Pass
2169,51.81700000000001,7.8,7.8,7.8,7.8,7.8,7.8,7.8,7.8,7.8,7.8,7.8,7.8,7.8,7.8,7.8,7.8,7.8,7.8,7.8,7.8,7.8,7.8,7.8,7.8,7.8,7.8,7.8,7.8,7.8,Dropout
2170,1330.455,150.18,137.279,409.27199999999993,149.853,297.36,7.8,215.04299999999998,179.57999999999998,187.613,116.589,91.098,139.523,110.069,103.381,86.26,89.235,7.8,290.796,114.54399999999998,174.46999999999997,154.002,26.859,147.195,152.266,7.8,98.96199999999999,41.734,118.80199999999999,239.794,Pass
2171,996.367,132.05,114.52199999999999,320.706,134.93,276.528,7.8,94.24300000000001,161.97799999999998,249.062,155.69799999999998,196.59199999999998,158.25900000000001,160.211,85.222,104.906,69.259,7.8,130.36100000000002,7.8,70.967,7.8,7.8,7.8,7.8,7.8,7.8,7.8,7.8,168.788,Dropout
2172,1719.0880000000002,137.296,177.645,188.2,147.705,159.68099999999998,7.8,128.789,156.345,179.495,84.638,113.168,49.79,92.643,83.36,75.153,80.98199999999999,7.8,263.13100000000003,133.575,137.869,76.41,71.734,103.493,91.133,7.8,85.102,77.541,105.01400000000001,188.34300000000002,Pass
2173,512.7629999999999,56.389,104.943,47.251,64.987,48.684000000000005,7.8,54.634,27.104999999999997,7.8,7.8,7.8,7.8,7.8,7.8,7.8,7.8,7.8,7.8,7.8,7.8,7.8,7.8,7.8,7.8,7.8,7.8,7.8,7.8,7.8,Dropout
2174,612.2260000000001,194.119,155.313,45.167,90.42699999999999,32.567,7.8,43.812,108.01700000000001,65.405,94.14899999999999,154.826,61.426,55.367000000000004,37.737,7.8,7.8,7.8,99.74299999999998,7.8,7.8,7.8,7.8,7.8,7.8,7.8,7.8,7.8,7.8,193.58,Dropout
2175,559.253,191.74,114.08699999999999,84.357,7.8,7.8,7.8,7.8,7.8,7.8,78.91799999999999,7.8,7.8,7.8,7.8,7.8,7.8,7.8,7.8,7.8,7.8,7.8,7.8,7.8,7.8,7.8,7.8,7.8,7.8,140.037,Dropout
2176,2247.228,142.933,97.672,190.023,122.929,197.42,7.8,178.16200000000003,214.204,149.464,164.469,206.208,361.4819999999999,210.61700000000002,209.31400000000002,144.46099999999998,79.47500000000001,7.8,356.23699999999997,183.78699999999998,218.04999999999998,184.216,110.74600000000001,168.04800000000003,188.173,7.8,80.263,81.04899999999999,183.609,334.515,Pass
2177,208.41000000000003,7.8,7.8,7.8,31.089,7.8,7.8,7.8,21.626999999999995,7.8,7.8,7.8,7.8,7.8,7.8,7.8,7.8,7.8,99.992,7.8,7.8,7.8,7.8,7.8,7.8,7.8,7.8,7.8,7.8,7.8,Dropout
2178,1303.9,195.778,19.146,210.68099999999998,92.258,115.346,7.8,172.99,11.480999999999998,-13.490999999999998,7.8,90.75300000000001,220.42100000000002,172.328,103.836,74.00900000000001,45.984,7.8,232.87099999999998,149.98299999999998,115.5,90.54599999999999,43.917,93.908,70.09299999999999,7.8,89.398,54.126999999999995,166.131,286.166,Pass
2179,51.81700000000001,7.8,7.8,7.8,7.8,7.8,7.8,7.8,7.8,7.8,7.8,7.8,7.8,7.8,7.8,7.8,7.8,7.8,7.8,7.8,7.8,7.8,7.8,7.8,7.8,7.8,7.8,7.8,7.8,7.8,Dropout
2180,1199.493,152.411,133.882,186.312,79.854,159.393,7.8,88.116,238.382,120.59799999999998,7.8,95.945,177.07999999999998,76.765,72.208,92.67099999999999,73.929,7.8,224.17200000000003,108.02600000000001,103.78399999999999,7.8,7.8,26.962,34.512,7.8,60.495999999999995,35.567,82.197,54.009,Pass
2181,1290.5529999999999,150.28300000000002,128.53199999999998,212.303,109.65299999999999,196.485,7.8,199.265,159.744,35.980999999999995,78.549,177.004,166.74599999999998,80.29,65.174,104.179,43.458999999999996,7.8,349.98400000000004,126.333,200.98999999999998,49.817,36.659000000000006,124.51,134.773,7.8,45.584,48.559000000000005,181.29399999999998,152.95,Pass
2182,1379.809,122.049,53.295,171.28300000000002,104.5,152.567,10.4,121.584,210.68,208.899,188.4,211.294,166.008,142.44899999999998,174.98499999999999,183.90000000000003,92.161,10.4,118.60900000000001,71.274,107.239,82.275,67.21,83.372,73.283,10.4,59.84,43.384,50.28,285.794,Pass
2183,1178.316,151.017,124.507,84.98299999999999,98.54599999999999,85.272,7.8,131.608,98.419,119.37700000000001,21.475,82.106,-0.5830000000000002,75.566,87.892,7.341999999999999,13.834,7.8,293.879,160.57099999999997,138.451,37.635999999999996,72.393,86.191,79.11699999999999,7.8,96.59199999999998,79.709,95.684,240.94599999999997,Pass
2184,2305.315,116.93599999999999,143.232,211.392,147.685,259.324,7.8,231.15599999999998,320.41700000000003,186.48900000000003,114.345,247.60500000000002,238.183,138.22400000000002,85.82499999999999,180.10700000000003,73.53800000000001,7.8,593.134,196.32599999999996,116.935,100.437,41.634,211.036,112.709,7.8,147.18200000000002,84.649,205.86700000000002,313.107,Pass
2185,402.10900000000004,7.8,57.18499999999999,40.492000000000004,79.984,56.305,7.8,74.392,77.88399999999999,7.8,7.8,7.8,7.8,7.8,7.8,7.8,7.8,7.8,100.59299999999998,7.8,7.8,7.8,7.8,7.8,7.8,7.8,7.8,7.8,7.8,7.8,Dropout
2186,3920.319,208.495,192.099,531.093,145.166,331.793,7.8,157.874,155.202,98.486,205.56300000000002,197.667,185.922,317.72799999999995,120.83500000000001,156.09799999999998,71.98100000000001,7.8,534.335,151.42399999999998,127.39900000000002,121.476,7.8,85.945,93.816,7.8,91.08999999999999,7.8,159.141,409.33000000000004,Fail
2187,2666.16,286.77700000000004,192.16,265.675,139.957,262.741,7.8,221.88900000000004,196.19499999999996,174.043,89.96399999999998,141.54600000000002,117.98899999999999,91.68499999999999,34.485,58.49200000000001,7.8,7.8,101.234,7.8,7.8,7.8,7.8,7.8,7.8,7.8,7.8,7.8,7.8,142.067,Fail
2188,191.112,54.94200000000001,7.8,7.8,7.8,7.8,7.8,7.8,7.8,7.8,7.8,7.8,7.8,7.8,7.8,7.8,7.8,7.8,7.8,7.8,7.8,7.8,7.8,7.8,7.8,7.8,7.8,7.8,7.8,7.8,Dropout
2189,1918.4430000000002,221.582,82.644,182.541,126.32400000000001,261.37,7.8,155.664,241.42299999999997,226.80400000000003,176.376,142.118,163.922,236.057,177.72199999999998,163.04899999999998,191.47299999999998,7.8,226.093,117.891,85.403,134.41899999999998,22.367,47.708,47.415,7.8,163.087,148.976,240.421,246.711,Pass
2190,2045.7569999999998,232.927,190.52499999999998,310.537,161.24399999999997,238.33199999999997,7.8,226.309,212.83299999999997,128.739,171.86999999999998,91.31799999999998,222.085,155.603,157.98200000000003,67.509,67.48400000000001,7.8,346.556,141.057,129.285,121.95299999999999,90.091,121.34999999999998,87.241,7.8,65.047,71.52000000000001,200.916,259.81,Pass
2191,416.191,7.8,7.8,7.8,26.25,7.8,7.8,7.8,7.8,7.8,7.8,7.8,7.8,7.8,7.8,7.8,7.8,7.8,7.8,7.8,7.8,7.8,7.8,7.8,7.8,7.8,7.8,7.8,7.8,7.8,Dropout
2192,263.805,155.03600000000003,81.53699999999999,101.022,7.8,7.8,7.8,7.8,7.8,7.8,7.8,7.8,7.8,7.8,7.8,7.8,7.8,7.8,7.8,7.8,7.8,7.8,7.8,7.8,7.8,7.8,7.8,7.8,7.8,159.92899999999997,Fail
2193,1354.845,51.117000000000004,48.59,212.605,81.568,179.38199999999998,7.8,188.67200000000003,51.24,225.546,211.23700000000002,189.04399999999998,117.866,132.989,109.717,135.655,86.823,7.8,163.96699999999998,15.383999999999999,69.93,38.419,52.428,60.689,49.101000000000006,7.8,74.758,69.544,100.954,99.35,Pass
2194,2299.783,133.183,248.878,187.542,125.303,133.46699999999998,7.8,128.15699999999998,25.048,50.964999999999996,7.8,90.993,122.64500000000001,152.79000000000002,98.35100000000001,70.14699999999999,51.370999999999995,7.8,142.444,7.8,137.327,7.8,7.8,98.366,34.467,7.8,63.487,7.8,176.505,277.433,Pass
2195,1472.0749999999998,103.221,102.247,228.871,120.98599999999999,155.53600000000003,10.4,169.657,109.714,57.967,69.726,97.822,162.15800000000002,170.878,165.413,69.778,54.076,10.4,252.776,167.095,237.726,154.985,90.89899999999999,157.22899999999998,151.407,10.4,68.526,78.631,156.168,258.669,Pass
2196,3290.7119999999995,178.94400000000002,376.591,344.517,137.744,287.167,7.8,196.05700000000002,315.23699999999997,276.28000000000003,262.639,181.43200000000002,289.373,217.08599999999998,159.15,196.134,165.884,7.8,387.401,186.003,258.387,129.236,170.165,162.98600000000002,131.058,7.8,163.88,114.43499999999999,139.511,388.75100000000003,Pass
2197,1710.21,128.10999999999999,114.81,197.27100000000002,117.154,120.56,7.8,109.245,132.637,140.66,170.34900000000002,125.07,141.96,57.48199999999999,130.356,159.569,68.326,7.8,352.163,179.48100000000002,232.669,196.967,208.26799999999997,162.76299999999998,146.388,7.8,158.468,92.869,160.049,352.291,Pass
2198,1856.3870000000002,145.618,279.143,203.21399999999997,119.917,186.192,7.8,34.421,107.464,123.648,61.811,46.833999999999996,57.329,182.87400000000002,149.603,147.213,48.578,7.8,321.876,189.793,108.903,18.867,7.8,7.8,7.8,7.8,40.737,34.234,69.36200000000001,212.608,Pass
2199,2907.8590000000004,121.44999999999999,87.88600000000001,210.39600000000002,131.59300000000002,263.197,7.8,183.53500000000003,214.47899999999998,138.064,141.91,228.23100000000005,206.811,298.72299999999996,231.09099999999998,179.13,72.611,7.8,334.822,97.325,188.74599999999998,163.56300000000002,92.351,183.307,178.125,7.8,229.961,191.18300000000002,250.46900000000002,351.14599999999996,Pass
2200,5935.466,162.59799999999998,160.088,288.111,136.614,211.89599999999996,7.8,200.53799999999998,195.19,184.086,140.298,128.024,212.926,209.482,196.86400000000003,260.723,212.622,7.8,532.546,182.598,203.77300000000002,102.98599999999999,117.025,161.21800000000002,173.55900000000003,7.8,199.227,119.02399999999999,180.48600000000002,325.613,Pass
2201,1330.6159999999998,49.041999999999994,10.4,25.312,36.995,10.4,10.4,33.342,34.793,10.4,10.4,51.134,51.166999999999994,78.43700000000001,83.46199999999999,47.034000000000006,10.4,10.4,102.768,10.4,40.211,10.4,10.4,10.4,10.4,10.4,10.4,10.4,10.4,149.342,Fail
2202,369.475,7.8,7.8,7.8,30.590999999999998,7.8,7.8,60.902,7.8,56.952,7.8,68.36099999999999,48.608,44.634,41.028,60.718999999999994,7.8,7.8,137.167,7.8,42.138,7.8,7.8,7.8,7.8,7.8,7.8,73.642,7.8,7.8,Fail
2203,5372.475,164.68699999999998,134.348,256.156,108.66199999999999,355.379,7.8,325.00500000000005,288.151,280.897,297.375,283.34899999999993,324.63500000000005,297.969,255.421,216.016,119.51599999999999,7.8,379.747,273.999,258.822,205.91299999999998,139.065,248.115,202.784,7.8,110.721,166.83500000000004,261.08299999999997,435.961,Pass
2204,1461.016,187.59099999999998,128.91400000000002,156.998,88.711,107.006,7.8,-25.233000000000004,1.6329999999999973,7.8,7.8,57.459,-11.358,7.8,37.107,7.8,2.9669999999999987,7.8,316.29800000000006,57.156000000000006,74.907,7.8,7.8,27.792,27.637,7.8,41.691,7.8,77.334,118.076,Pass
2205,146.913,7.8,7.8,7.8,7.8,7.8,7.8,7.8,7.8,7.8,7.8,7.8,7.8,7.8,7.8,7.8,7.8,7.8,7.8,7.8,7.8,7.8,7.8,7.8,7.8,7.8,7.8,7.8,7.8,7.8,Dropout
2206,1760.799,214.62199999999999,156.75900000000001,242.909,134.316,252.06799999999998,7.8,223.79500000000002,254.465,413.12200000000007,261.212,337.322,203.224,126.96000000000001,167.3,180.213,150.858,7.8,328.20399999999995,146.531,150.07,120.64299999999999,125.73199999999999,175.983,139.299,7.8,129.385,95.26899999999999,166.247,355.43999999999994,Pass
2207,3477.4509999999996,170.091,152.019,179.396,151.015,208.395,7.8,186.321,194.34699999999998,131.787,122.02600000000001,172.717,179.41699999999997,133.123,158.25900000000001,68.691,73.99300000000001,7.8,367.899,119.09100000000001,183.7,136.62099999999998,89.26599999999999,129.455,136.094,7.8,114.07099999999998,110.196,156.412,181.304,Pass
2208,1319.798,87.16199999999999,146.745,197.292,118.107,193.178,7.8,182.175,122.70400000000001,55.75,87.344,57.561,123.253,66.503,88.436,7.8,12.866999999999999,7.8,217.183,173.459,154.72,57.26500000000001,38.059,63.866,40.641999999999996,7.8,76.05499999999999,7.8,92.971,260.572,Pass
2209,3050.8910000000005,185.898,201.516,247.651,102.892,267.195,7.8,254.48499999999996,220.07699999999997,145.141,113.343,207.58200000000002,267.72,199.317,248.976,160.672,96.27,7.8,235.982,224.741,215.65499999999997,195.529,93.336,118.85199999999999,68.64999999999999,7.8,87.904,61.082,137.857,350.01200000000006,Pass
2210,2384.828,226.106,203.334,268.283,132.174,288.372,10.4,185.031,195.665,148.652,98.873,89.27799999999999,206.26500000000004,188.47200000000004,80.171,124.291,115.63900000000001,10.4,520.626,165.813,149.251,176.29,72.46600000000001,146.28099999999998,155.361,10.4,82.995,70.86000000000001,274.948,94.59100000000001,Pass
2211,54.417,10.4,10.4,10.4,10.4,10.4,10.4,10.4,10.4,10.4,10.4,10.4,10.4,10.4,10.4,10.4,10.4,10.4,10.4,10.4,10.4,10.4,10.4,10.4,10.4,10.4,10.4,10.4,10.4,10.4,Dropout
2212,51.81700000000001,7.8,7.8,7.8,7.8,7.8,7.8,7.8,7.8,7.8,7.8,7.8,7.8,7.8,7.8,7.8,7.8,7.8,7.8,7.8,7.8,7.8,7.8,7.8,7.8,7.8,7.8,7.8,7.8,7.8,Dropout
2213,780.997,117.60200000000002,349.003,179.321,104.319,82.923,7.8,51.542,32.397,7.8,7.8,47.134,7.8,7.8,25.842,7.8,7.8,7.8,7.8,7.8,7.8,7.8,7.8,7.8,7.8,7.8,7.8,7.8,7.8,142.917,Fail
2214,2618.468,148.38400000000001,203.264,134.853,138.04199999999997,192.14,7.8,178.47699999999998,160.23899999999998,162.442,185.381,133.00099999999998,111.25999999999999,114.916,132.312,120.518,100.33699999999999,7.8,232.84499999999997,209.441,146.566,100.525,68.55499999999999,155.50500000000002,93.14,7.8,82.41900000000001,55.283,78.094,356.21099999999996,Pass
2215,79.547,10.4,10.4,10.4,26.219,10.4,10.4,10.4,21.737,10.4,10.4,10.4,10.4,10.4,10.4,10.4,10.4,10.4,10.4,10.4,10.4,10.4,10.4,10.4,10.4,10.4,10.4,10.4,10.4,10.4,Fail
2216,3523.027,255.459,322.081,642.18,185.11999999999998,383.37300000000005,7.8,234.74099999999999,402.38300000000004,368.12,207.101,548.6379999999999,239.06,305.60299999999995,158.303,190.653,136.494,7.8,501.373,179.79000000000002,254.865,169.56400000000002,140.195,174.80100000000002,129.315,7.8,123.627,76.384,140.117,283.278,Pass
2217,966.366,148.696,182.06900000000002,137.41500000000002,113.42000000000002,142.767,7.8,45.167,82.157,72.712,57.60900000000001,48.109,83.82,46.692,41.456999999999994,7.8,71.942,7.8,130.718,47.742,44.877,7.8,7.8,7.8,7.8,7.8,7.8,7.8,7.8,191.716,Fail
2218,3509.179,321.41100000000006,336.54099999999994,562.514,121.65700000000001,490.826,7.8,432.50399999999996,362.465,311.15999999999997,274.226,354.06700000000006,605.254,311.43300000000005,234.07999999999998,109.26899999999999,31.884,7.8,755.423,302.63199999999995,234.66899999999998,207.99699999999999,86.39,270.341,196.10399999999998,7.8,150.738,143.921,288.949,304.509,Pass
2219,51.81700000000001,7.8,7.8,7.8,7.8,7.8,7.8,7.8,7.8,7.8,7.8,7.8,7.8,7.8,7.8,7.8,7.8,7.8,7.8,7.8,7.8,7.8,7.8,7.8,7.8,7.8,7.8,7.8,7.8,7.8,Dropout
2220,2193.514,138.493,217.72,233.94899999999998,154.427,197.301,10.4,194.81099999999998,236.006,263.37,190.97499999999997,220.714,181.65,178.575,138.41199999999998,244.215,156.966,10.4,138.394,143.048,190.296,140.399,117.496,144.77599999999998,157.526,10.4,150.538,147.208,225.669,344.501,Pass
2221,1028.95,154.792,-41.483000000000004,63.141999999999996,31.135999999999996,76.88,10.4,43.667,112.715,10.555,84.28399999999999,82.935,104.739,62.516999999999996,39.149,17.358999999999998,8.817,10.4,217.25799999999998,10.4,23.234,25.267,27.242,85.271,31.391999999999996,10.4,150.64999999999998,155.27100000000002,41.162,133.42600000000002,Pass
2222,2987.154,273.885,282.447,220.90299999999996,144.13,260.74600000000004,7.8,243.082,368.47599999999994,325.5,249.944,309.73999999999995,271.41200000000003,215.77199999999996,191.415,257.83,182.43099999999998,7.8,270.692,209.36999999999998,217.925,182.60000000000002,213.13799999999998,159.197,156.51600000000002,7.8,153.55700000000002,208.22199999999998,162.232,509.08,Pass
2223,6657.4890000000005,146.42,171.80800000000002,167.301,126.065,207.132,7.8,227.246,230.86900000000003,78.349,54.94200000000001,53.24199999999999,103.022,126.997,109.211,54.817,7.8,7.8,474.11599999999993,338.931,225.16,121.46100000000001,88.797,143.307,171.87800000000001,7.8,127.208,7.8,99.80300000000001,374.10400000000004,Pass
2224,2090.687,41.69199999999999,53.651,196.04,92.12599999999999,178.938,10.4,212.182,165.448,102.87100000000001,155.399,96.291,259.134,247.454,125.15299999999999,104.751,111.477,10.4,331.141,97.45299999999999,86.733,61.566,55.717,104.34,169.799,10.4,10.4,74.234,131.183,10.4,Dropout
2225,422.23699999999997,101.167,139.63400000000001,125.42800000000001,45.385999999999996,85.818,7.8,91.992,7.8,7.8,7.8,7.8,7.8,7.8,7.8,7.8,7.8,7.8,102.894,7.8,7.8,7.8,7.8,7.8,7.8,7.8,7.8,7.8,7.8,7.8,Dropout
2226,1604.458,84.855,139.894,166.167,136.376,181.048,7.8,148.071,169.506,101.57199999999999,65.057,48.958999999999996,98.76599999999999,79.944,92.38499999999999,125.34500000000001,90.70700000000001,7.8,58.931999999999995,7.8,43.953,7.8,7.8,7.8,7.8,7.8,7.8,7.8,7.8,158.041,Dropout
2227,3789.525,130.247,269.43,268.865,156.915,242.455,7.8,299.56899999999996,345.20399999999995,314.287,312.24000000000007,303.40299999999996,218.296,221.551,83.922,241.49200000000002,76.91300000000001,7.8,372.052,209.183,257.764,85.762,118.736,139.351,71.725,7.8,152.075,132.32,145.469,407.642,Pass
2228,910.0899999999999,254.993,157.17000000000002,187.67100000000002,105.45599999999999,7.8,7.8,7.8,7.8,7.8,7.8,7.8,7.8,7.8,7.8,7.8,7.8,7.8,105.693,7.8,7.8,7.8,7.8,7.8,7.8,7.8,7.8,7.8,7.8,160.409,Dropout
2229,2228.615,123.74100000000001,105.99499999999999,217.76500000000001,120.80699999999999,204.59900000000002,7.8,209.535,211.778,241.32600000000002,199.26799999999997,253.423,156.20999999999998,253.236,141.424,7.8,7.8,7.8,332.40400000000005,170.829,214.89000000000001,115.447,7.8,122.40200000000002,129.668,7.8,7.8,60.108999999999995,179.193,281.181,Pass
2230,1885.674,62.38400000000001,7.8,120.992,104.464,137.582,7.8,161.027,121.668,61.084,132.459,65.321,84.541,80.697,105.69200000000001,61.00900000000001,63.134,7.8,326.28499999999997,82.698,112.462,61.644,57.184000000000005,81.432,59.757999999999996,7.8,55.059,70.586,161.795,213.261,Pass
2231,758.3159999999999,85.318,74.40999999999998,118.356,94.55199999999999,46.016999999999996,7.8,52.967000000000006,32.31,7.8,7.8,7.8,7.8,7.8,27.512999999999998,7.8,7.8,7.8,229.068,60.28399999999999,78.831,47.717,7.8,7.8,7.8,7.8,7.8,7.8,7.8,117.41699999999999,Fail
2232,51.81700000000001,7.8,7.8,7.8,7.8,7.8,7.8,7.8,7.8,7.8,7.8,7.8,7.8,7.8,7.8,7.8,7.8,7.8,7.8,7.8,7.8,7.8,7.8,7.8,7.8,7.8,7.8,7.8,7.8,7.8,Dropout
2233,1374.8690000000001,52.134,104.978,100.42,117.88000000000001,8.357,10.4,57.07299999999999,233.41000000000003,61.397999999999996,72.01700000000001,80.642,136.228,100.23400000000001,99.024,127.776,51.759,10.4,168.282,89.428,127.086,41.087,51.905,137.375,76.07199999999999,10.4,92.09000000000002,52.512,138.008,124.93600000000002,Pass
2234,26.463,7.8,7.8,7.8,20.133,7.8,7.8,7.8,24.116999999999997,7.8,7.8,7.8,7.8,7.8,13.658999999999999,7.8,7.8,7.8,7.8,7.8,20.133,7.8,7.8,7.8,7.8,7.8,7.8,7.8,7.8,7.8,Dropout
2235,2122.507,98.437,222.732,294.53499999999997,172.754,159.67700000000002,7.8,193.60699999999997,223.852,137.558,142.529,169.937,95.676,155.092,174.314,73.55199999999999,62.714999999999996,7.8,293.003,99.076,198.525,152.641,82.264,130.388,101.036,7.8,72.634,7.8,156.906,115.58,Pass
2236,1571.396,223.111,200.68200000000002,313.32099999999997,96.738,277.651,7.8,122.67000000000002,373.66799999999995,106.574,7.8,59.309000000000005,242.14000000000001,118.088,32.769,7.8,40.334,7.8,329.738,286.777,249.764,161.71900000000002,81.945,7.8,7.8,7.8,7.8,7.8,7.8,181.45499999999998,Dropout
2237,828.6479999999999,123.92199999999998,78.97,166.53,99.767,223.26600000000002,7.8,208.04800000000003,103.091,81.405,59.584,88.402,7.8,7.8,7.8,7.8,7.8,7.8,106.54299999999999,7.8,7.8,7.8,7.8,7.8,7.8,7.8,7.8,7.8,7.8,140.667,Dropout
2238,2824.555,197.048,239.68100000000004,402.07000000000005,113.588,425.92999999999995,7.8,474.54400000000004,225.765,173.431,245.60200000000003,310.157,299.413,273.315,161.18800000000002,127.489,37.534,7.8,416.168,244.77999999999997,251.364,186.876,112.358,209.392,169.86999999999998,7.8,81.762,130.672,225.174,297.813,Pass
2239,924.4190000000001,240.80199999999996,123.40599999999999,261.635,114.727,235.18499999999997,10.4,212.65299999999996,124.57999999999998,71.142,10.4,10.4,10.4,10.4,10.4,80.381,10.4,10.4,10.4,10.4,10.4,10.4,10.4,10.4,10.4,10.4,10.4,10.4,10.4,10.4,Dropout
2240,51.81700000000001,7.8,7.8,7.8,7.8,7.8,7.8,7.8,7.8,7.8,7.8,7.8,7.8,7.8,7.8,7.8,7.8,7.8,7.8,7.8,7.8,7.8,7.8,7.8,7.8,7.8,7.8,7.8,7.8,7.8,Dropout
2241,1964.8400000000004,155.199,163.44600000000003,265.327,110.515,284.248,7.8,234.384,205.052,241.43599999999998,288.217,277.26800000000003,285.228,250.396,257.45300000000003,276.409,130.64,7.8,353.449,109.855,164.209,67.944,54.499,61.916999999999994,7.8,7.8,45.108999999999995,7.8,7.8,227.053,Pass
2242,54.417,10.4,10.4,10.4,10.4,10.4,10.4,10.4,10.4,10.4,10.4,10.4,10.4,10.4,10.4,10.4,10.4,10.4,10.4,10.4,10.4,10.4,10.4,10.4,10.4,10.4,10.4,10.4,10.4,10.4,Dropout
2243,1322.096,81.013,133.719,152.22500000000002,107.298,163.962,7.8,124.85,115.156,127.565,116.35900000000001,93.61,101.83,117.315,105.34700000000001,100.424,81.857,7.8,247.078,46.370000000000005,123.57000000000001,89.61999999999999,93.751,88.841,29.492000000000004,7.8,86.937,31.992,114.34200000000001,100.702,Pass
2244,2413.512,180.759,126.624,169.945,141.84,204.298,7.8,178.281,205.015,263.01300000000003,142.21400000000003,233.413,191.152,135.213,159.496,153.754,127.922,7.8,180.91899999999998,156.277,120.313,181.27100000000002,147.626,162.441,177.215,7.8,129.191,116.213,153.043,334.66599999999994,Pass
2245,2860.433,215.538,246.99299999999997,251.35500000000002,131.671,254.449,7.8,241.043,301.579,205.76099999999997,316.817,208.93699999999998,309.827,222.02999999999997,207.02499999999998,222.143,129.715,7.8,412.62,300.96400000000006,235.007,184.724,122.633,259.999,206.24900000000002,7.8,149.95,94.204,202.32300000000004,381.575,Pass
2246,1894.2320000000002,87.53,84.42099999999999,188.441,94.161,168.02100000000002,10.4,134.241,129.11,116.27299999999998,109.97800000000001,161.01,160.44400000000002,185.304,205.974,105.10700000000001,67.82900000000001,10.4,328.73,161.762,179.246,109.74699999999999,10.4,10.4,57.52199999999999,10.4,65.559,79.60199999999999,167.863,268.924,Pass
2247,54.417,10.4,10.4,10.4,10.4,10.4,10.4,10.4,10.4,10.4,10.4,10.4,10.4,10.4,10.4,10.4,10.4,10.4,10.4,10.4,10.4,10.4,10.4,10.4,10.4,10.4,10.4,10.4,10.4,10.4,Dropout
2248,1212.173,179.21000000000004,297.312,221.995,168.462,149.298,10.4,131.019,124.16,119.76299999999999,14.626,124.545,138.321,66.114,22.88,175.488,10.4,10.4,281.457,34.792,112.34200000000001,19.892,18.866999999999997,37.137,10.4,10.4,31.192,10.4,69.142,97.762,Pass
2249,2781.638,207.534,179.877,258.91,100.357,292.357,7.8,283.82,249.949,188.642,213.78600000000003,248.34,409.27,256.683,249.687,342.883,122.50099999999999,7.8,403.48699999999997,200.563,213.507,163.34199999999998,156.321,158.384,159.278,7.8,155.82399999999998,159.327,213.20100000000002,754.165,Pass
2250,520.452,167.092,65.09299999999999,40.457,25.285999999999998,7.8,7.8,7.8,16.267,38.792,44.284,7.8,54.855,66.966,7.8,61.068,45.167,7.8,245.725,106.75699999999999,86.612,78.104,7.8,31.959000000000003,7.8,7.8,7.8,7.8,76.76,196.38400000000001,Fail
2251,3429.5639999999994,182.981,229.99099999999999,317.911,142.611,213.113,7.8,108.18800000000002,203.76,150.542,137.214,246.735,214.61700000000002,181.59400000000002,125.165,62.565,53.254999999999995,7.8,161.421,89.779,98.86399999999999,75.192,65.037,160.98,63.93599999999999,7.8,125.67900000000002,68.858,282.936,112.576,Pass
2252,3023.4979999999996,166.92100000000002,249.42200000000003,293.94000000000005,135.644,354.388,7.8,363.807,248.373,373.872,234.52599999999998,343.331,303.268,251.72000000000003,224.78900000000004,223.206,229.30500000000004,7.8,208.80900000000003,255.845,252.14199999999997,201.721,218.368,250.02300000000002,219.866,7.8,258.005,260.804,254.47099999999998,478.188,Pass
2253,52.449,7.8,7.8,7.8,7.8,7.8,7.8,7.8,7.8,7.8,7.8,7.8,7.8,7.8,7.8,7.8,7.8,7.8,7.8,7.8,7.8,7.8,7.8,7.8,7.8,7.8,7.8,7.8,7.8,7.8,Fail
2254,2054.5280000000002,233.23499999999999,261.12,261.33,146.39100000000002,231.267,7.8,227.317,271.859,241.02100000000002,211.005,227.285,148.834,190.16200000000003,173.974,130.959,106.399,7.8,168.83100000000002,149.649,169.263,188.891,119.541,146.212,161.71300000000002,7.8,124.93200000000002,140.454,195.323,326.37199999999996,Pass
2255,242.42199999999997,156.973,169.94500000000002,124.878,70.88100000000001,97.01100000000001,10.4,69.042,10.4,10.4,10.4,10.4,10.4,10.4,10.4,10.4,10.4,10.4,10.4,10.4,10.4,10.4,10.4,10.4,10.4,10.4,10.4,10.4,10.4,10.4,Fail
2256,1898.55,132.007,234.80800000000002,134.627,131.32899999999998,201.769,10.4,159.15699999999998,251.857,174.595,168.84000000000003,161.561,153.377,131.086,122.161,158.981,44.885,10.4,202.92399999999998,167.26100000000002,143.853,86.23700000000001,63.126,146.74599999999998,147.018,10.4,125.695,83.96799999999999,98.584,332.36800000000005,Pass
2257,684.637,70.197,7.8,7.8,30.207,7.8,7.8,7.8,28.707,7.8,7.8,7.8,7.8,7.8,7.8,7.8,7.8,7.8,107.81799999999998,7.8,7.8,7.8,7.8,7.8,7.8,7.8,7.8,7.8,7.8,173.305,Dropout
2258,417.04200000000003,60.770999999999994,52.568000000000005,7.8,24.933,7.8,7.8,71.142,7.8,7.8,7.8,7.8,7.8,7.8,7.8,7.8,7.8,7.8,101.86799999999998,7.8,7.8,7.8,7.8,7.8,7.8,7.8,7.8,7.8,7.8,136.194,Dropout
2259,1632.4499999999998,119.036,113.6,157.714,129.29500000000002,143.941,7.8,187.13799999999998,277.488,277.666,160.571,132.76,144.01600000000002,155.145,141.268,245.14600000000002,134.093,7.8,307.439,106.14099999999999,154.882,152.631,150.889,76.495,106.85199999999999,7.8,114.591,113.308,129.503,151.989,Pass
2260,784.4180000000001,125.732,82.74,251.27599999999998,86.265,195.191,10.4,84.09,82.32000000000001,10.4,65.342,10.4,10.4,10.4,10.4,10.4,10.4,10.4,10.4,10.4,10.4,10.4,10.4,10.4,10.4,10.4,10.4,10.4,10.4,121.867,Dropout
2261,51.81700000000001,7.8,7.8,7.8,7.8,7.8,7.8,7.8,7.8,7.8,7.8,7.8,7.8,7.8,7.8,7.8,7.8,7.8,7.8,7.8,7.8,7.8,7.8,7.8,7.8,7.8,7.8,7.8,7.8,7.8,Dropout
2262,718.31,107.78800000000001,107.925,131.686,129.997,7.8,7.8,82.292,96.682,43.584,7.8,7.8,89.53,7.8,7.8,7.8,7.8,7.8,7.8,7.8,7.8,7.8,7.8,7.8,7.8,7.8,7.8,7.8,7.8,150.74200000000002,Dropout
2263,2286.241,518.52,403.54699999999997,270.468,131.637,246.178,7.8,211.94899999999996,377.04299999999995,235.85500000000002,170.451,173.861,179.398,135.55399999999997,202.62599999999998,176.921,95.39099999999999,7.8,368.857,215.46599999999998,211.66500000000002,152.957,155.851,144.3,114.87800000000001,7.8,175.149,152.98100000000002,219.938,563.8090000000001,Pass
2264,1562.29,85.81299999999999,212.74400000000003,-36.858000000000004,85.422,119.13399999999999,7.8,63.324,27.711,104.00800000000001,7.8,116.89099999999999,-9.507999999999997,68.561,36.696,61.812,7.8,7.8,166.39600000000002,59.872,108.24600000000001,94.624,23.543,41.726,38.567,7.8,53.507999999999996,34.117000000000004,84.822,304.425,Pass
2265,1055.923,116.406,139.908,228.10999999999996,138.059,228.93500000000003,10.4,167.31099999999998,197.45,147.179,99.28900000000002,149.83899999999997,10.4,10.4,10.4,10.4,10.4,10.4,113.393,10.4,10.4,10.4,10.4,10.4,10.4,10.4,10.4,10.4,10.4,129.36700000000002,Fail
2266,1316.828,150.991,113.426,270.739,121.66999999999999,458.68100000000004,10.4,258.382,309.61299999999994,10.4,10.4,10.4,10.4,10.4,10.4,10.4,10.4,10.4,10.4,10.4,10.4,10.4,10.4,10.4,10.4,10.4,10.4,10.4,10.4,183.48,Dropout
2267,1692.783,98.11299999999999,113.505,130.688,87.70599999999999,137.936,10.4,179.324,223.715,239.56799999999998,190.307,197.391,183.30700000000002,145.57399999999998,121.11099999999999,190.21000000000004,130.603,10.4,226.22199999999998,162.812,140.56900000000002,58.19199999999999,10.4,72.455,64.86699999999999,10.4,88.45800000000001,10.4,107.93599999999999,268.06100000000004,Pass
2268,1609.927,108.223,151.58299999999997,157.15300000000002,92.171,103.59,7.8,137.006,168.239,143.731,76.202,112.91,166.968,179.495,98.12899999999999,97.03800000000001,79.909,7.8,283.994,55.12100000000001,92.092,36.567,86.168,81.64,45.092,7.8,72.181,61.699,143.70499999999998,375.375,Pass
2269,1735.88,211.856,270.542,164.91,118.80799999999999,141.662,7.8,194.276,237.002,303.78999999999996,205.415,243.46,205.71599999999998,145.695,169.63,175.55,129.916,7.8,290.377,178.14100000000002,217.306,204.86800000000002,184.42200000000003,172.223,151.64100000000002,7.8,152.026,156.73000000000002,233.652,400.31899999999996,Pass
2270,3223.752,196.508,174.436,219.147,144.01399999999998,246.947,7.8,119.90299999999999,231.69299999999998,185.22199999999998,95.73599999999999,123.94099999999999,153.658,118.17200000000001,74.971,125.54200000000002,92.501,7.8,405.13899999999995,209.645,226.532,147.15,85.208,112.719,95.842,7.8,114.01400000000001,84.43799999999999,197.612,417.099,Pass
2271,1770.2860000000003,121.55000000000001,146.817,140.392,110.43799999999999,163.493,7.8,133.77100000000002,149.107,143.10399999999998,73.10799999999999,90.858,136.40800000000002,101.181,124.83500000000001,207.014,88.931,7.8,197.091,147.754,152.44299999999998,104.251,69.364,54.81999999999999,48.819,7.8,50.378,7.8,76.513,271.984,Pass
2272,934.127,237.527,160.492,189.572,136.502,165.82100000000003,7.8,163.848,253.646,286.03900000000004,159.16099999999997,155.775,61.182,57.917,40.592999999999996,7.8,7.8,7.8,108.492,7.8,7.8,7.8,7.8,7.8,7.8,7.8,7.8,7.8,7.8,157.141,Dropout
2273,1245.153,96.143,121.95899999999999,102.295,85.318,80.72999999999999,10.4,79.02499999999999,33.797,43.483999999999995,46.459,63.150999999999996,50.722,55.42900000000001,48.584,61.145,55.534000000000006,10.4,104.61099999999999,10.4,68.596,10.4,36.684,10.4,10.4,10.4,10.4,10.4,10.4,260.961,Fail
2274,1246.364,79.804,152.095,220.183,100.454,85.02600000000001,10.4,146.8,112.07499999999999,52.559000000000005,83.47,71.06899999999999,160.858,91.49700000000001,85.195,80.003,85.628,10.4,250.73200000000003,150.794,84.211,44.092,57.06699999999999,98.14,106.39500000000001,10.4,55.742,66.459,75.25500000000001,229.026,Pass
2275,1647.627,137.201,125.91499999999999,162.334,122.851,150.083,10.4,167.65800000000002,157.862,77.177,76.876,62.68,88.455,59.85499999999999,72.902,74.753,49.159000000000006,10.4,150.675,51.166999999999994,104.17000000000002,50.742,61.80499999999999,28.117,29.092,10.4,64.624,10.4,62.416999999999994,116.831,Pass
2276,259.917,55.366,7.8,66.59100000000001,7.8,7.8,7.8,7.8,7.8,7.8,7.8,7.8,7.8,7.8,7.8,7.8,7.8,7.8,105.26799999999999,7.8,7.8,7.8,7.8,7.8,7.8,7.8,7.8,7.8,7.8,7.8,Dropout
2277,1791.946,132.148,105.32300000000001,313.455,126.66899999999998,260.59799999999996,10.4,237.72,215.11200000000002,155.76,77.53800000000001,196.89700000000002,195.395,199.488,195.684,110.83499999999998,10.4,10.4,317.188,133.553,171.573,94.30899999999998,57.422,99.29400000000001,52.994,10.4,60.072,43.507999999999996,104.737,329.333,Pass
2278,1004.1809999999999,104.704,115.54899999999999,139.273,92.223,134.38299999999998,10.4,106.18900000000001,155.954,146.42600000000002,63.451,96.84599999999999,-7.059000000000001,10.4,30.353,5.911999999999999,6.887,10.4,133.438,44.27799999999999,76.596,57.495999999999995,60.75800000000001,37.282000000000004,29.817,10.4,43.2,37.834,60.452,148.346,Pass
2279,2794.126,87.453,85.509,154.41,130.197,143.094,10.4,165.822,238.124,117.844,161.41,198.52200000000002,183.815,188.90099999999998,151.726,175.16899999999998,57.989,10.4,281.10900000000004,132.873,169.69,87.166,113.53800000000001,106.915,59.051,10.4,10.4,10.4,89.23500000000001,345.333,Pass
2280,1453.051,88.265,119.99100000000001,141.793,91.143,188.373,10.4,171.25,86.97500000000002,65.184,65.159,82.204,176.96800000000002,224.585,138.07600000000002,56.111,52.63,10.4,203.375,160.857,185.53799999999998,72.39699999999999,32.587,60.004000000000005,37.491,10.4,52.03,39.384,83.954,121.61200000000001,Pass
2281,54.417,10.4,10.4,10.4,10.4,10.4,10.4,10.4,10.4,10.4,10.4,10.4,10.4,10.4,10.4,10.4,10.4,10.4,10.4,10.4,10.4,10.4,10.4,10.4,10.4,10.4,10.4,10.4,10.4,10.4,Dropout
2282,1252.372,143.03000000000003,130.424,79.25399999999999,116.149,104.739,10.4,-6.699000000000005,91.70899999999999,65.29299999999999,96.092,193.25099999999998,123.84199999999998,77.621,124.40299999999999,10.4,50.859,10.4,164.171,110.174,89.527,118.77399999999999,38.809,87.38099999999999,65.356,10.4,38.284,44.367,187.09199999999998,312.998,Pass
2283,2948.2509999999997,176.846,196.193,183.867,139.532,252.17700000000002,7.8,214.93099999999998,136.606,151.09199999999998,176.99599999999998,238.46599999999998,245.24099999999996,223.83100000000002,191.36399999999998,137.829,89.258,7.8,849.318,182.75900000000001,210.959,167.787,96.478,158.471,132.724,7.8,64.966,53.47599999999999,124.74500000000002,273.459,Pass
2284,476.382,89.942,98.119,79.51599999999999,86.858,70.398,10.4,10.4,10.4,10.4,10.4,10.4,10.4,10.4,10.4,10.4,10.4,10.4,10.4,10.4,10.4,10.4,10.4,10.4,10.4,10.4,10.4,10.4,10.4,10.4,Dropout
2285,375.90299999999996,114.82499999999999,82.48899999999999,7.8,58.342,7.8,7.8,7.8,7.8,7.8,7.8,7.8,7.8,7.8,7.8,7.8,7.8,7.8,7.8,7.8,7.8,7.8,7.8,7.8,7.8,7.8,7.8,7.8,7.8,178.544,Dropout
2286,1655.6219999999998,7.8,7.8,184.23,89.803,130.401,7.8,162.124,137.368,110.94999999999999,66.77900000000001,48.534,114.84200000000001,119.554,145.602,125.541,116.784,7.8,143.272,132.639,150.833,132.307,131.708,85.233,74.64699999999999,7.8,132.029,139.711,188.97299999999998,305.66799999999995,Pass
2287,5931.595,208.095,236.48,754.4490000000001,190.838,490.288,10.4,427.58700000000005,416.07399999999996,672.119,503.592,446.65099999999995,394.77400000000006,352.274,262.45,457.66099999999994,332.881,10.4,734.0229999999999,411.409,371.289,254.19899999999998,260.50300000000004,321.343,320.437,10.4,262.232,246.246,396.122,576.049,Pass
2288,51.81700000000001,7.8,7.8,7.8,7.8,7.8,7.8,7.8,7.8,7.8,7.8,7.8,7.8,7.8,7.8,7.8,7.8,7.8,7.8,7.8,7.8,7.8,7.8,7.8,7.8,7.8,7.8,7.8,7.8,7.8,Dropout
2289,810.698,72.22500000000001,99.27599999999998,117.69999999999999,106.62100000000001,98.779,7.8,79.60099999999998,22.759,33.266999999999996,7.8,7.8,203.42000000000002,163.707,59.66799999999999,140.522,7.8,7.8,178.112,7.8,35.664,7.8,7.8,7.8,7.8,7.8,7.8,7.8,7.8,7.8,Fail
2290,1892.3490000000002,166.01399999999998,118.505,224.21699999999998,109.41,203.69,10.4,219.43499999999997,127.34799999999998,133.365,200.681,135.536,159.452,162.31599999999997,99.204,10.4,10.4,10.4,234.577,93.267,109.05799999999999,108.184,57.31,115.26299999999999,121.257,10.4,44.187000000000005,10.4,122.74200000000002,281.132,Pass
2291,2658.6400000000003,118.271,160.255,130.09199999999998,89.06599999999999,93.833,7.8,53.984,193.594,80.786,76.411,138.593,152.095,217.17699999999996,78.974,89.714,94.542,7.8,371.311,83.232,159.50500000000002,61.531000000000006,81.334,90.066,7.8,7.8,98.779,86.57999999999998,65.709,281.986,Fail
2292,1912.306,257.87500000000006,142.881,228.498,90.22,193.7,7.8,208.34099999999998,265.084,226.034,123.131,158.762,178.718,198.09300000000002,194.639,125.047,71.661,7.8,345.261,171.66899999999995,255.608,151.1,161.76399999999998,165.999,165.752,7.8,109.18400000000001,35.359,53.897000000000006,105.319,Pass
2293,1878.1169999999997,287.768,169.824,170.57,112.053,199.271,7.8,112.81099999999999,169.058,151.00400000000002,141.608,218.79700000000003,153.839,143.72199999999998,125.98499999999999,167.643,150.761,7.8,295.86,80.066,206.442,125.899,104.27699999999999,66.794,33.766999999999996,7.8,97.21499999999999,42.342,92.99300000000001,147.40800000000002,Pass
2294,356.3310000000001,89.786,71.747,111.45,79.951,65.987,10.4,10.4,10.4,10.4,10.4,10.4,10.4,10.4,10.4,10.4,10.4,10.4,10.4,10.4,10.4,10.4,10.4,10.4,10.4,10.4,10.4,10.4,10.4,146.792,Dropout
2295,1107.577,77.004,135.02700000000002,105.75199999999998,93.134,76.975,7.8,167.64999999999998,78.529,57.492000000000004,60.467,7.8,28.892000000000003,96.234,101.462,79.94399999999999,7.8,7.8,147.139,7.8,89.732,7.8,7.8,7.8,7.8,7.8,32.684,7.8,76.693,162.307,Pass
2296,1073.1209999999999,125.375,132.012,78.77000000000001,35.501,71.56700000000001,10.4,148.381,68.431,44.092,51.355000000000004,60.37100000000001,-10.033000000000003,55.416999999999994,22.851,10.4,10.4,10.4,10.4,10.4,10.4,10.4,10.4,31.692,10.4,10.4,32.617,10.4,46.56699999999999,70.582,Pass
2297,51.81700000000001,7.8,7.8,7.8,7.8,7.8,7.8,7.8,7.8,7.8,7.8,7.8,7.8,7.8,7.8,7.8,7.8,7.8,7.8,7.8,7.8,7.8,7.8,7.8,7.8,7.8,7.8,7.8,7.8,7.8,Dropout
2298,154.83599999999998,7.8,7.8,7.8,7.8,7.8,7.8,7.8,7.8,7.8,7.8,7.8,7.8,7.8,7.8,7.8,7.8,7.8,7.8,7.8,7.8,7.8,7.8,7.8,7.8,7.8,7.8,7.8,7.8,7.8,Dropout
2299,51.81700000000001,7.8,7.8,7.8,7.8,7.8,7.8,7.8,7.8,7.8,7.8,7.8,7.8,7.8,7.8,7.8,7.8,7.8,7.8,7.8,7.8,7.8,7.8,7.8,7.8,7.8,7.8,7.8,7.8,7.8,Dropout
2300,780.998,98.68700000000001,134.213,68.101,26.223,7.8,7.8,7.8,16.575,7.8,7.8,7.8,7.8,7.8,7.8,7.8,7.8,7.8,51.13100000000001,7.8,7.8,7.8,7.8,57.96699999999999,7.8,7.8,7.8,7.8,7.8,142.792,Fail
2301,1275.276,105.763,140.037,182.958,93.87199999999999,194.348,10.4,165.962,235.01500000000001,189.772,122.23899999999999,165.803,203.726,136.203,139.802,95.94700000000002,4.1419999999999995,10.4,67.461,10.4,53.55800000000001,10.4,22.567,23.541999999999998,10.4,10.4,35.984,35.442,10.4,210.142,Fail
2302,3516.448,7.8,113.87899999999999,109.19,130.249,105.126,7.8,122.064,87.865,30.459,12.434000000000001,12.408999999999999,122.02699999999999,109.647,99.875,76.559,38.284,7.8,660.231,81.443,260.232,157.048,92.257,69.155,108.161,7.8,132.44199999999998,105.821,288.62499999999994,383.48499999999996,Pass
2303,54.417,10.4,10.4,10.4,10.4,10.4,10.4,10.4,10.4,10.4,10.4,10.4,10.4,10.4,10.4,10.4,10.4,10.4,10.4,10.4,10.4,10.4,10.4,10.4,10.4,10.4,10.4,10.4,10.4,10.4,Dropout
2304,870.8699999999999,45.592,16.198,69.542,-12.366000000000007,7.8,7.8,15.841999999999999,48.333999999999996,148.882,75.226,90.421,89.987,52.033,83.728,46.009,47.984,7.8,265.629,46.44199999999999,43.382999999999996,7.8,7.8,38.217,33.19199999999999,7.8,39.03,7.8,112.56200000000001,93.492,Pass
2305,112.92499999999998,68.559,10.4,10.4,10.4,10.4,10.4,10.4,10.4,10.4,10.4,10.4,10.4,10.4,10.4,10.4,10.4,10.4,10.4,10.4,10.4,10.4,10.4,10.4,10.4,10.4,10.4,10.4,10.4,10.4,Dropout
2306,2183.228,58.135000000000005,82.91,154.575,125.23600000000002,148.55200000000002,10.4,102.285,124.76,99.16,56.69199999999999,107.804,157.906,108.408,102.542,10.4,10.4,10.4,284.782,138.322,166.398,130.39200000000002,60.619,100.33500000000001,84.299,10.4,67.31,60.809,166.51299999999998,263.391,Pass
2307,559.9079999999999,68.164,10.4,10.4,36.116,10.4,10.4,75.39200000000001,37.897999999999996,10.4,10.4,10.4,10.4,10.4,10.4,10.4,10.4,10.4,10.4,10.4,10.4,10.4,10.4,10.4,10.4,10.4,10.4,10.4,10.4,149.035,Fail
2308,283.154,82.732,54.56699999999999,57.542,31.135999999999996,10.4,10.4,10.4,10.4,10.4,10.4,10.4,10.4,10.4,10.4,10.4,10.4,10.4,105.49400000000001,10.4,10.4,10.4,10.4,10.4,10.4,10.4,10.4,10.4,10.4,142.542,Fail
2309,54.417,10.4,10.4,10.4,10.4,10.4,10.4,10.4,10.4,10.4,10.4,10.4,10.4,10.4,10.4,10.4,10.4,10.4,10.4,10.4,10.4,10.4,10.4,10.4,10.4,10.4,10.4,10.4,10.4,10.4,Dropout
2310,1956.803,155.546,171.364,184.644,134.382,301.355,7.8,212.143,124.81800000000001,192.085,250.924,219.27299999999997,310.979,249.002,165.14399999999998,114.79199999999999,10.183,7.8,357.059,130.972,175.553,137.884,73.05000000000001,273.94800000000004,146.28300000000002,7.8,54.803000000000004,84.299,125.867,301.063,Pass
2311,54.417,10.4,10.4,10.4,10.4,10.4,10.4,10.4,10.4,10.4,10.4,10.4,10.4,10.4,10.4,10.4,10.4,10.4,10.4,10.4,10.4,10.4,10.4,10.4,10.4,10.4,10.4,10.4,10.4,10.4,Dropout
2312,471.354,78.526,10.4,10.4,32.513,10.4,10.4,10.4,84.225,10.4,10.4,10.4,10.4,10.4,10.4,10.4,10.4,10.4,10.4,10.4,10.4,10.4,10.4,10.4,10.4,10.4,10.4,10.4,10.4,10.4,Fail
2313,1557.469,122.282,278.309,215.232,116.007,275.781,10.4,166.914,255.608,170.251,170.18200000000002,93.891,227.76,227.07,201.066,179.63799999999998,87.18799999999999,10.4,177.388,183.41400000000002,200.31199999999998,134.207,105.01599999999999,64.33600000000001,42.073,10.4,77.678,10.4,70.085,284.35900000000004,Pass
2314,1230.59,134.962,115.09700000000001,107.617,87.577,101.14599999999999,7.8,72.452,93.16499999999999,54.983999999999995,54.092,65.3,38.692,69.019,84.244,51.117000000000004,7.8,7.8,86.072,55.72599999999999,86.421,59.159000000000006,7.8,7.8,7.8,7.8,7.8,7.8,47.702,7.8,Pass
2315,120.374,52.659,7.8,7.8,7.8,7.8,7.8,7.8,7.8,7.8,7.8,7.8,7.8,7.8,7.8,7.8,7.8,7.8,7.8,7.8,7.8,7.8,7.8,7.8,7.8,7.8,7.8,7.8,7.8,7.8,Fail
2316,1789.9309999999998,161.208,150.402,203.10600000000002,131.724,213.92000000000002,10.4,160.873,215.78199999999998,193.68400000000003,142.563,65.96400000000001,146.657,208.58400000000003,128.46099999999998,199.031,127.31900000000002,10.4,252.563,136.772,247.964,131.267,153.248,138.625,71.368,10.4,32.192,34.74199999999999,36.717,243.675,Fail
2317,1242.0939999999998,92.168,100.49,195.829,88.972,184.34300000000002,10.4,152.435,148.9,126.70899999999999,148.64800000000002,173.985,157.599,200.613,159.863,50.46000000000001,10.4,10.4,191.24599999999998,10.4,37.97,10.4,10.4,10.4,10.4,10.4,10.4,10.4,10.4,195.811,Fail
2318,1801.367,145.03699999999998,155.856,263.11199999999997,136.45499999999998,238.893,7.8,180.036,205.541,223.11,170.435,260.121,195.781,177.734,195.565,144.172,174.98399999999998,7.8,309.147,141.536,161.89700000000002,116.399,128.046,119.38799999999999,90.633,7.8,78.518,36.234,52.36,280.209,Fail
2319,3343.072,148.949,125.934,239.986,90.952,234.125,10.4,226.256,183.362,183.248,249.029,238.15600000000003,299.606,234.76000000000002,174.798,218.702,95.19,10.4,273.619,210.237,234.105,181.86399999999998,92.09,159.13799999999998,158.551,10.4,129.873,55.68299999999999,161.073,255.767,Pass
2320,886.751,120.386,53.14300000000001,95.003,25.137,-10.038000000000002,7.8,88.85,76.52199999999999,7.8,7.8,7.8,51.134,79.787,84.29400000000001,50.102,7.8,7.8,166.916,99.172,72.188,43.998999999999995,7.8,89.58699999999999,43.617,7.8,7.8,54.184,110.023,219.357,Pass
2321,2150.206,105.676,116.56799999999998,329.869,116.469,134.17899999999997,7.8,161.834,199.35299999999998,101.569,127.387,154.665,185.414,112.153,117.56700000000001,26.825999999999997,7.8,7.8,328.225,123.851,139.527,129.31099999999998,40.243,79.176,81.815,7.8,37.359,7.8,88.059,215.882,Pass
2322,899.054,95.47500000000001,84.027,149.408,86.029,98.14399999999999,10.4,104.894,86.255,83.484,63.001,120.87100000000001,78.77,10.4,42.563,10.4,10.4,10.4,10.4,10.4,10.4,10.4,10.4,10.4,10.4,10.4,10.4,10.4,10.4,10.4,Dropout
2323,3644.78,138.055,136.10399999999998,198.589,135.559,200.48399999999998,10.4,196.521,367.688,138.814,169.79699999999997,92.59899999999999,102.434,76.295,125.594,101.31299999999999,79.947,10.4,380.828,101.35499999999999,155.29000000000002,96.544,31.208999999999996,75.654,89.18,10.4,46.933,86.162,76.824,329.853,Pass
2324,501.294,10.4,10.4,10.4,75.872,10.4,10.4,10.4,27.820999999999998,10.4,10.4,68.926,44.742000000000004,39.717,40.673,10.4,45.642,10.4,10.4,10.4,41.252,10.4,10.4,10.4,10.4,10.4,10.4,10.4,10.4,10.4,Fail
2325,955.7189999999999,139.95,118.93199999999999,110.79599999999999,16.251999999999995,-13.015999999999998,10.4,-10.583000000000002,25.31,22.884,10.4,90.471,79.185,31.216,30.86,86.25799999999998,10.4,10.4,105.724,10.4,37.767,49.662000000000006,41.284,134.242,155.785,10.4,59.60699999999999,10.4,121.05599999999998,131.894,Pass
2326,3427.566,174.80200000000002,330.10699999999997,179.46000000000004,151.898,221.677,10.4,219.61700000000002,256.395,186.981,165.89000000000001,229.74699999999999,155.78699999999998,93.621,134.093,361.09000000000003,119.45499999999998,10.4,527.095,147.485,174.426,113.65599999999999,158.013,166.11599999999999,128.83100000000002,10.4,184.32999999999998,49.967,235.232,661.952,Pass
2327,1501.491,161.777,107.37200000000001,179.688,131.81099999999998,205.44500000000002,10.4,203.84099999999998,202.939,191.88,116.702,110.673,201.944,186.319,187.792,140.895,74.661,10.4,205.70199999999997,204.593,187.68099999999998,135.30700000000002,98.928,147.875,129.322,10.4,71.33500000000001,61.167,141.81799999999998,255.92000000000002,Pass
2328,1260.217,94.338,99.545,139.239,68.019,144.158,7.8,102.062,102.499,83.00900000000001,186.27200000000002,155.547,172.361,164.426,147.726,169.421,47.259,7.8,220.461,102.38000000000001,138.339,92.607,102.65700000000001,102.386,109.57100000000003,7.8,102.89099999999999,98.01400000000001,120.987,165.252,Pass
2329,74.287,10.4,54.959,10.4,10.4,10.4,10.4,10.4,10.4,10.4,10.4,10.4,10.4,10.4,10.4,10.4,10.4,10.4,100.042,10.4,10.4,10.4,10.4,10.4,10.4,10.4,10.4,10.4,10.4,10.4,Dropout
2330,2144.448,122.564,109.74000000000001,171.544,111.289,212.118,10.4,226.15300000000002,273.337,301.93899999999996,210.595,314.76,267.23900000000003,194.168,182.71800000000002,247.947,176.51000000000002,10.4,243.82500000000002,176.062,178.305,170.125,218.361,166.63,169.59799999999998,10.4,147.92399999999998,128.532,210.113,417.321,Pass
2331,161.886,10.4,10.4,10.4,32.629999999999995,10.4,10.4,10.4,10.4,10.4,10.4,10.4,10.4,10.4,10.4,10.4,10.4,10.4,98.76700000000001,10.4,10.4,10.4,10.4,10.4,10.4,10.4,10.4,10.4,10.4,10.4,Dropout
2332,2471.8630000000003,234.631,300.638,234.541,115.76400000000001,99.898,10.4,99.321,188.374,132.74099999999999,41.193,78.89,117.56500000000001,63.705,76.086,47.034000000000006,85.58600000000001,10.4,245.755,159.08599999999998,134.464,64.805,10.4,66.10499999999999,37.592000000000006,10.4,73.963,37.684000000000005,79.49200000000002,297.28299999999996,Pass
2333,60.046,10.4,10.4,10.4,10.4,10.4,10.4,10.4,10.4,10.4,10.4,10.4,10.4,10.4,10.4,10.4,10.4,10.4,10.4,10.4,10.4,10.4,10.4,10.4,10.4,10.4,10.4,10.4,10.4,10.4,Dropout
2334,1719.491,150.5,117.597,295.647,104.609,129.256,7.8,193.657,203.935,179.825,200.812,292.979,106.21600000000001,104.06499999999998,156.65599999999998,146.60600000000002,58.722,7.8,262.758,188.33100000000002,139.565,91.671,109.69500000000001,97.785,94.13600000000001,7.8,87.557,52.711,98.736,254.798,Pass
2335,2979.8569999999995,195.698,314.296,310.982,106.301,243.54400000000004,7.8,217.824,319.69899999999996,327.557,244.042,301.092,219.067,140.623,120.35499999999999,181.334,143.23000000000002,7.8,388.701,177.51700000000002,148.042,134.461,159.49200000000002,131.589,89.42999999999999,7.8,111.73,62.169999999999995,107.252,330.82800000000003,Pass
2336,2049.4689999999996,160.215,123.43900000000001,244.424,86.457,196.53300000000002,7.8,221.204,240.167,229.777,165.49200000000002,190.20600000000002,200.67700000000002,179.89000000000001,160.597,254.59199999999998,127.23700000000001,7.8,362.672,166.51600000000002,189.858,154.808,148.669,129.47899999999998,127.554,7.8,161.487,151.339,93.56500000000001,132.677,Pass
2337,526.0649999999999,129.23200000000003,106.23100000000001,107.59899999999999,114.123,106.00599999999999,7.8,82.28200000000001,7.8,7.8,7.8,92.309,7.8,7.8,7.8,7.8,7.8,7.8,7.8,7.8,7.8,7.8,7.8,7.8,7.8,7.8,7.8,7.8,7.8,144.387,Dropout
2338,51.81700000000001,7.8,7.8,7.8,7.8,7.8,7.8,7.8,7.8,7.8,7.8,7.8,7.8,7.8,7.8,7.8,7.8,7.8,7.8,7.8,7.8,7.8,7.8,7.8,7.8,7.8,7.8,7.8,7.8,7.8,Dropout
2339,57.256,54.092,7.8,7.8,7.8,7.8,7.8,7.8,7.8,7.8,7.8,7.8,7.8,7.8,7.8,7.8,7.8,7.8,7.8,7.8,7.8,7.8,7.8,7.8,7.8,7.8,7.8,7.8,7.8,7.8,Dropout
2340,1678.62,172.783,223.457,251.95800000000003,82.46499999999999,233.439,7.8,198.159,200.18,170.47299999999998,125.706,127.819,191.096,145.15200000000002,112.44600000000001,129.226,52.97,7.8,316.382,185.28099999999998,246.703,101.376,63.788,127.81300000000002,56.355,7.8,109.694,110.343,132.453,309.06600000000003,Pass
2341,121.364,10.4,10.4,10.4,10.4,163.97400000000002,10.4,10.4,151.736,10.4,10.4,10.4,10.4,10.4,10.4,10.4,10.4,10.4,10.4,10.4,10.4,10.4,10.4,10.4,10.4,10.4,10.4,10.4,10.4,10.4,Dropout
2342,394.49399999999997,46.702000000000005,40.917,64.08200000000001,73.774,53.291999999999994,7.8,7.8,93.003,7.8,7.8,7.8,7.8,7.8,7.8,7.8,7.8,7.8,7.8,7.8,7.8,7.8,7.8,7.8,7.8,7.8,7.8,7.8,7.8,7.8,Dropout
2343,1336.182,122.939,41.593999999999994,95.878,88.273,121.179,10.4,132.156,12.161999999999997,81.7,4.6759999999999975,61.743,74.628,56.116,42.579,72.78,98.525,10.4,206.865,10.4,88.12899999999999,28.942,33.917,43.246,33.759,10.4,69.06099999999999,49.792,10.4,103.59799999999998,Pass
2344,1466.5110000000002,83.925,122.19399999999999,10.4,31.576999999999998,10.4,10.4,100.205,68.448,-16.382999999999996,10.4,50.467,64.684,58.142,67.124,10.4,10.4,10.4,74.341,39.266999999999996,44.372,10.4,10.4,30.642,44.617000000000004,10.4,39.56699999999999,10.4,10.4,193.154,Pass
2345,895.772,83.30799999999999,62.397,109.685,90.43799999999999,98.62599999999999,7.8,7.8,96.32300000000001,55.722,97.55399999999999,62.179,109.5,167.114,157.202,80.27799999999999,105.55499999999999,7.8,153.12,77.67699999999999,113.358,87.809,99.23700000000001,119.38,82.172,7.8,61.495,7.8,7.8,145.267,Pass
2346,1224.897,136.905,175.69799999999998,80.003,118.60900000000001,115.73400000000001,10.4,121.143,174.75300000000001,67.55,10.4,52.526,10.4,55.037000000000006,72.751,10.4,10.4,10.4,112.93500000000002,10.4,36.974000000000004,10.4,10.4,10.4,10.4,10.4,10.4,10.4,10.4,164.522,Fail
2347,88.90499999999999,10.4,10.4,10.4,10.4,10.4,10.4,10.4,10.4,10.4,10.4,10.4,10.4,10.4,10.4,10.4,10.4,10.4,10.4,10.4,10.4,10.4,10.4,10.4,10.4,10.4,10.4,10.4,10.4,10.4,Dropout
2348,1694.1689999999999,-7.153999999999998,136.635,194.859,126.174,-5.489000000000001,10.4,99.422,503.286,53.831,53.107,14.081999999999999,120.179,133.173,35.763999999999996,96.918,22.505,10.4,362.25800000000004,34.867,55.852999999999994,95.745,119.757,53.35,36.317,10.4,88.179,52.687000000000005,55.359,274.89599999999996,Fail
2349,253.922,60.909000000000006,10.4,10.4,10.4,10.4,10.4,10.4,10.4,10.4,10.4,10.4,10.4,10.4,10.4,10.4,10.4,10.4,10.4,10.4,10.4,10.4,10.4,10.4,10.4,10.4,10.4,10.4,10.4,10.4,Dropout
2350,1866.15,159.31099999999998,99.524,28.44,138.77100000000002,109.03399999999999,7.8,80.549,77.43599999999999,113.09,79.275,134.405,78.59,40.144000000000005,34.382999999999996,7.8,37.092,7.8,223.669,61.634,176.316,7.8,75.017,7.8,7.8,7.8,7.8,7.8,99.465,310.68600000000004,Pass
2351,1476.057,84.296,109.074,163.265,83.688,146.44400000000002,7.8,142.45399999999998,175.988,93.604,77.827,152.65699999999998,132.852,164.54000000000002,160.39900000000003,108.883,19.209,7.8,263.835,174.494,187.498,91.84100000000001,76.47800000000001,48.059,63.882,7.8,7.8,7.8,82.27100000000002,209.899,Pass
2352,62.962999999999994,7.8,7.8,7.8,7.8,7.8,7.8,7.8,7.8,7.8,7.8,7.8,7.8,7.8,7.8,7.8,7.8,7.8,7.8,7.8,7.8,7.8,7.8,7.8,7.8,7.8,7.8,7.8,7.8,7.8,Dropout
2353,1127.319,141.349,142.098,185.08500000000004,126.83699999999999,162.451,7.8,169.89600000000002,231.819,201.125,168.921,170.388,99.86999999999999,71.505,112.533,130.565,97.20899999999999,7.8,144.499,40.609,91.75699999999999,43.042,51.684,7.8,7.8,7.8,7.8,7.8,7.8,7.8,Fail
2354,529.961,87.23599999999999,10.4,10.4,31.634,10.4,10.4,10.4,33.416,10.4,10.4,52.016999999999996,10.4,10.4,10.4,10.4,10.4,10.4,10.4,10.4,10.4,10.4,10.4,10.4,10.4,10.4,10.4,10.4,10.4,148.067,Dropout
2355,3039.4849999999997,131.50599999999997,83.417,196.343,103.39699999999999,128.982,7.8,66.668,100.176,141.505,61.515,52.784,147.71200000000002,99.13199999999999,109.46399999999998,7.8,7.8,7.8,204.46800000000002,77.97999999999999,96.25500000000001,51.509,55.741,91.905,89.191,7.8,61.23400000000001,46.021,100.94800000000001,285.17,Pass
2356,1994.461,295.298,262.01800000000003,189.038,106.436,138.007,10.4,125.786,153.673,185.33599999999998,80.77799999999999,89.995,129.169,91.69200000000001,76.94,118.791,86.76599999999999,10.4,203.015,74.181,112.50500000000001,49.650999999999996,54.548,72.499,29.241999999999997,10.4,69.20599999999999,42.784,72.307,335.7,Pass
2357,149.935,7.8,7.8,7.8,30.057,7.8,7.8,7.8,7.8,7.8,7.8,7.8,7.8,7.8,7.8,7.8,7.8,7.8,7.8,7.8,7.8,7.8,7.8,7.8,7.8,7.8,7.8,7.8,7.8,7.8,Dropout
2358,3025.4349999999995,178.66500000000002,244.96300000000002,328.972,121.93,850.1229999999999,7.8,547.15,139.00199999999998,292.761,86.483,156.52100000000002,405.385,240.85,248.29599999999996,177.35,59.082,7.8,346.565,211.448,262.59000000000003,272.01899999999995,146.877,182.934,160.124,7.8,165.37099999999998,61.842000000000006,279.35499999999996,504.738,Pass
2359,500.831,69.596,10.4,57.117,85.765,10.4,10.4,10.4,10.4,10.4,10.4,10.4,10.4,10.4,10.4,10.4,10.4,10.4,10.4,10.4,10.4,10.4,10.4,10.4,10.4,10.4,10.4,10.4,10.4,146.548,Dropout
2360,1381.2879999999998,58.817,10.4,10.4,35.501,10.4,10.4,49.766999999999996,34.528999999999996,10.4,10.4,10.4,10.4,10.4,36.338,10.4,10.4,10.4,190.713,10.4,32.183,78.15100000000001,10.4,10.4,10.4,10.4,10.4,10.4,98.97600000000001,177.90900000000002,Dropout
2361,51.81700000000001,7.8,7.8,7.8,7.8,7.8,7.8,7.8,7.8,7.8,7.8,7.8,7.8,7.8,7.8,7.8,7.8,7.8,7.8,7.8,7.8,7.8,7.8,7.8,7.8,7.8,7.8,7.8,7.8,7.8,Dropout
2362,1439.132,210.192,261.997,139.688,92.32900000000001,179.77700000000002,10.4,133.786,152.805,150.846,130.422,120.559,141.791,109.65200000000002,104.326,106.303,10.4,10.4,158.851,55.416999999999994,125.519,10.4,10.4,10.4,33.092,10.4,46.63699999999999,10.4,100.385,257.37699999999995,Pass
2363,979.2099999999999,38.048,62.313,168.587,103.32,81.19800000000001,7.8,53.669000000000004,114.914,209.812,98.21399999999998,136.315,105.707,51.979,26.721,48.534,7.8,7.8,7.8,7.8,7.8,60.251000000000005,7.8,7.8,7.8,7.8,7.8,7.8,81.076,84.051,Dropout
2364,1400.498,137.39999999999998,141.148,10.4,-8.894000000000005,10.4,10.4,-16.353000000000005,4.320999999999996,70.184,10.4,51.134,64.022,48.879999999999995,28.23,41.69199999999999,10.4,10.4,134.406,28.367,107.465,33.317,10.4,31.416999999999998,39.392,10.4,109.971,10.4,47.587,274.362,Pass
2365,0.0,0.0,0.0,0.0,0.0,0.0,0.0,0.0,0.0,0.0,0.0,0.0,0.0,0.0,0.0,0.0,0.0,0.0,0.0,0.0,0.0,0.0,0.0,0.0,0.0,0.0,0.0,0.0,0.0,0.0,Dropout
