code_etudiant;0;1;2;3;4;5;6;7;8;9;10;11;12;13;14;15;16;17;18;19;20;21;22;23;24;25;26;27;28;29
1;114.312;25.5;25.5;25.5;25.5;25.5;25.5;25.5;25.5;25.5;25.5;25.5;25.5;25.5;25.5;25.5;25.5;25.5;28.944;25.5;25.5;25.5;25.5;25.5;25.5;25.5;25.5;25.5;25.5;25.664
2;354.843;19.289;19.125;19.945;19.125;19.125;19.125;19.125;19.125;19.125;19.125;19.125;19.125;19.125;19.125;19.125;19.125;19.125;19.125;19.125;19.125;19.125;19.125;19.125;19.125;19.125;19.125;19.125;19.125;19.125
3;226.93100000000004;25.828;25.664;26.32;25.5;25.5;25.5;25.5;25.5;25.5;25.5;25.5;25.5;25.5;25.5;25.5;25.5;25.5;25.828;25.5;25.5;25.5;25.5;25.5;25.5;25.5;25.5;25.5;25.5;25.5
4;112.839;25.664;25.992;25.5;25.5;25.5;25.5;25.5;25.5;25.5;25.5;25.5;25.5;25.5;25.5;25.5;25.5;25.5;25.5;25.5;25.5;25.5;25.5;25.5;25.5;25.5;25.5;25.5;25.5;25.5
5;692.74;25.828;25.664;26.156;25.5;25.5;25.5;25.5;25.5;25.664;25.5;25.5;26.156;25.828;25.5;25.5;25.5;25.5;27.632;25.5;25.5;25.5;25.828;25.5;25.5;25.5;25.5;25.5;25.5;25.5
6;1175.786;27.468;25.992;25.828;25.5;25.5;25.5;25.5;25.5;25.664;25.828;25.5;25.5;25.5;25.664;25.664;25.5;25.5;29.436;25.5;25.5;25.664;25.5;25.5;25.5;25.5;25.5;25.664;25.5;25.5
7;388.69000000000005;19.453;19.125;19.125;19.125;19.125;19.125;19.125;19.125;19.125;19.125;19.289;19.617;19.125;19.125;19.125;19.125;19.125;19.125;19.125;19.125;19.125;19.125;19.125;19.125;19.125;19.125;19.125;19.125;19.125
8;768.71;21.093;19.289;20.601;19.125;19.125;19.125;19.125;19.125;19.125;19.125;19.289;19.125;19.125;19.125;19.125;19.125;19.125;23.061;19.125;19.125;19.125;19.289;19.125;19.125;19.125;19.125;19.125;19.125;19.125
9;4362.045;29.436;26.484;26.156;25.5;25.5;25.5;25.5;25.5;25.664;25.5;25.5;26.648;25.828;25.5;25.5;25.5;25.5;27.304;25.5;25.5;25.5;25.5;25.5;25.5;25.5;25.5;25.5;25.5;25.5
10;40.400000000000006;25.5;25.5;25.5;25.5;25.5;25.5;25.5;25.5;25.5;25.5;25.5;25.5;25.5;25.5;25.5;25.5;25.5;25.664;25.5;25.5;25.5;25.5;25.5;25.5;25.5;25.5;25.5;25.5;25.5
11;25.5;25.5;25.5;25.5;25.5;25.5;25.5;25.5;25.5;25.5;25.5;25.5;25.5;25.5;25.5;25.5;25.5;25.5;25.5;25.5;25.5;25.5;25.5;25.5;25.5;25.5;25.5;25.5;25.5;25.5
12;3350.6730000000002;25.5;25.664;25.5;25.5;25.5;25.5;25.5;25.5;25.664;25.5;25.664;25.828;25.828;25.5;25.664;25.5;25.5;27.14;25.5;25.5;25.5;25.992;25.5;25.5;25.5;25.5;25.5;25.5;25.5
13;42.794;19.453;19.125;19.125;19.125;19.125;19.125;19.125;19.125;19.125;19.125;19.125;19.125;19.125;19.125;19.125;19.125;19.125;19.125;19.125;19.125;19.125;19.125;19.125;19.125;19.125;19.125;19.125;19.125;19.125
14;1550.944;19.125;19.125;19.453;19.125;19.125;19.125;19.125;19.125;19.453;19.945;19.453;19.781;19.453;19.125;19.617;19.125;19.125;33.065;19.125;19.125;19.289;20.273;19.125;19.125;19.125;19.125;19.125;19.125;20.109
15;36.95;25.5;25.5;25.5;25.5;25.5;25.5;25.5;25.5;25.5;25.5;25.5;25.5;25.5;25.5;25.5;25.5;25.5;25.5;25.5;25.5;25.5;25.5;25.5;25.5;25.5;25.5;25.5;25.5;25.5
16;266.257;19.289;19.125;19.125;19.125;19.125;19.125;19.125;19.125;19.125;19.125;19.125;19.125;19.125;19.125;19.125;19.125;19.125;19.125;19.125;19.125;19.125;19.125;19.125;19.125;19.125;19.125;19.125;19.125;19.125
17;348.56;25.5;25.5;25.828;25.5;25.5;25.5;25.5;25.5;25.5;25.5;25.664;26.32;25.828;25.5;25.5;25.5;25.5;27.96;25.5;25.5;25.664;26.32;25.5;25.5;25.5;25.5;25.5;25.5;26.156
18;25.5;25.5;25.5;25.5;25.5;25.5;25.5;25.5;25.5;25.5;25.5;25.5;25.5;25.5;25.5;25.5;25.5;25.5;25.5;25.5;25.5;25.5;25.5;25.5;25.5;25.5;25.5;25.5;25.5;25.5
19;110.62200000000001;25.5;25.5;25.5;25.5;25.5;25.5;25.5;25.5;25.5;25.5;25.5;25.5;25.5;25.5;25.5;25.5;25.5;25.992;25.5;25.5;25.5;25.5;25.5;25.5;25.5;25.5;25.5;25.5;25.5
20;152.521;25.5;25.5;25.5;25.5;25.5;25.5;25.5;25.5;25.5;25.5;25.5;25.5;25.5;25.5;25.5;25.5;25.5;25.5;25.5;25.5;25.5;25.5;25.5;25.5;25.5;25.5;25.5;25.5;25.5
21;1428.966;19.453;19.453;19.289;19.125;19.125;19.125;19.125;19.125;19.125;19.289;19.453;19.125;19.781;19.289;19.453;19.125;19.125;21.421;19.125;19.125;19.125;19.289;19.125;19.125;19.125;19.125;19.125;19.125;19.617
22;524.019;25.828;25.828;25.5;25.5;25.5;25.5;25.5;25.5;25.5;25.5;25.5;25.5;25.5;25.5;25.5;25.5;25.5;27.304;25.5;25.5;25.5;25.5;25.5;25.5;25.5;25.5;25.5;25.5;25.5
23;1603.462;20.273;19.945;19.453;19.125;19.125;19.125;19.125;19.125;19.453;19.289;19.617;19.453;19.617;19.125;19.289;19.125;19.125;26.833;19.125;19.289;19.945;20.765;19.125;19.125;19.125;19.289;19.289;20.601;19.125
24;249.904;19.125;19.125;19.125;19.125;19.125;19.125;19.125;19.125;19.125;19.125;19.125;19.125;19.125;19.125;19.125;19.125;19.125;20.765;19.125;19.125;19.125;19.125;19.125;19.125;19.125;19.125;19.125;19.289;19.125
25;391.912;25.5;25.5;25.828;25.5;25.5;25.5;25.5;25.5;25.5;25.5;25.5;25.5;25.5;25.5;25.5;25.5;25.5;25.5;25.5;25.5;25.5;25.5;25.5;25.5;25.5;25.5;25.5;25.5;25.5
26;327.91499999999996;26.648;25.5;25.5;25.5;25.5;25.5;25.5;25.5;25.5;25.5;25.5;25.5;25.5;25.5;25.5;25.5;25.5;29.436;25.5;25.5;25.5;25.5;25.5;25.5;25.5;25.5;25.5;25.5;25.5
27;1002.737;25.5;25.664;25.828;25.5;25.5;25.5;25.5;25.5;25.5;25.5;25.5;25.5;25.5;25.5;25.5;25.5;25.5;26.32;25.5;25.5;25.5;25.5;25.5;25.5;25.5;25.5;25.5;25.664;25.5
28;25.5;25.5;25.5;25.5;25.5;25.5;25.5;25.5;25.5;25.5;25.5;25.5;25.5;25.5;25.5;25.5;25.5;25.5;25.5;25.5;25.5;25.5;25.5;25.5;25.5;25.5;25.5;25.5;25.5;25.5
29;1889.281;19.125;19.289;19.945;19.125;19.125;19.125;19.125;19.125;19.945;19.289;20.109;20.437;20.109;20.109;19.617;19.125;19.125;25.521;19.125;19.125;20.109;22.569;19.617;19.453;19.125;19.125;19.125;19.945;20.273
30;112.143;25.5;25.5;25.5;25.5;25.5;25.5;25.5;25.5;25.5;25.5;25.5;25.5;25.5;25.5;25.5;25.5;25.5;25.5;25.5;25.5;25.5;25.5;25.5;25.5;25.5;25.5;25.5;25.5;25.5
31;1581.9520000000002;25.5;25.5;26.32;25.5;25.5;25.5;25.5;25.5;25.5;25.5;25.664;25.828;25.828;25.5;25.5;25.5;25.5;31.076;25.5;25.5;25.664;26.976;25.5;25.5;25.5;25.828;25.664;25.828;27.304
32;706.291;25.664;25.664;25.5;25.5;25.5;25.5;25.5;25.5;25.5;25.5;25.5;25.5;25.5;25.5;25.5;25.5;25.5;25.992;25.5;25.5;25.5;25.5;25.5;25.5;25.5;25.5;25.5;25.5;25.5
33;66.02799999999999;20.601;19.125;19.125;19.125;19.125;19.125;19.125;19.125;19.125;19.125;19.125;19.125;19.125;19.125;19.125;19.125;19.125;19.125;19.125;19.125;19.125;19.125;19.125;19.125;19.125;19.125;19.125;19.125;19.125
34;505.069;19.617;19.289;19.289;19.125;19.125;19.125;19.125;19.125;19.125;19.125;19.125;19.125;19.125;19.125;19.125;19.125;19.125;19.125;19.125;19.125;19.125;19.125;19.125;19.125;19.125;19.125;19.125;19.125;19.125
35;491.98;25.5;25.5;25.5;25.5;25.5;25.5;25.5;25.5;25.5;25.5;25.5;25.664;25.5;25.5;25.5;25.5;25.5;25.828;25.5;25.5;25.5;25.5;25.5;25.5;25.5;25.5;25.5;25.5;25.5
36;306.80899999999997;25.5;25.5;25.5;25.5;25.5;25.5;25.5;25.5;25.5;25.5;25.5;25.5;25.5;25.5;25.5;25.5;25.5;25.5;25.5;25.5;25.5;25.5;25.5;25.5;25.5;25.5;25.5;25.5;25.5
37;350.688;19.289;19.289;19.125;19.125;19.125;19.125;19.125;19.125;19.125;19.125;19.125;19.125;19.125;19.125;19.125;19.125;19.125;19.289;19.125;19.125;19.289;19.125;19.125;19.125;19.125;19.125;19.125;19.289;19.289
38;1213.6950000000002;27.14;25.828;25.992;25.5;25.5;25.5;25.5;25.5;25.5;25.5;25.664;25.828;25.828;25.5;25.664;25.5;25.5;26.484;25.5;25.5;25.664;25.664;25.5;25.5;25.5;25.5;25.5;25.5;25.664
39;25.5;25.5;25.5;25.5;25.5;25.5;25.5;25.5;25.5;25.5;25.5;25.5;25.5;25.5;25.5;25.5;25.5;25.5;25.5;25.5;25.5;25.5;25.5;25.5;25.5;25.5;25.5;25.5;25.5;25.5
40;179.79700000000003;25.5;25.5;25.5;25.5;25.5;25.5;25.5;25.5;25.5;25.5;25.5;25.5;25.5;25.5;25.5;25.5;25.5;25.5;25.5;25.5;25.5;25.5;25.5;25.5;25.5;25.5;25.5;25.5;25.5
41;321.52900000000005;25.5;25.5;25.5;25.5;25.5;25.5;25.5;25.5;25.5;25.5;25.664;25.664;25.828;25.5;25.5;25.5;25.5;27.14;25.5;25.5;25.5;25.664;25.5;25.5;25.5;25.5;25.5;25.5;25.5
42;299.577;25.5;25.5;25.5;25.5;25.5;25.5;25.5;25.5;25.5;25.5;25.5;25.5;25.5;25.5;25.5;25.5;25.5;26.32;25.5;25.5;25.5;25.5;25.5;25.5;25.5;25.5;25.5;25.5;25.5
43;27.304;25.5;25.5;25.5;25.5;25.5;25.5;25.5;25.5;25.5;25.5;25.5;25.5;25.5;25.5;25.5;25.5;25.5;25.5;25.5;25.5;25.5;25.5;25.5;25.5;25.5;25.5;25.5;25.5;25.5
44;308.674;25.828;25.5;25.5;25.5;25.5;25.5;25.5;25.5;25.5;25.5;25.5;25.5;25.5;25.5;25.5;25.5;25.5;26.812;25.5;25.5;25.5;25.5;25.5;25.5;25.5;25.5;25.5;25.5;25.5
45;19.125;19.125;19.125;19.125;19.125;19.125;19.125;19.125;19.125;19.125;19.125;19.125;19.125;19.125;19.125;19.125;19.125;19.125;19.125;19.125;19.125;19.125;19.125;19.125;19.125;19.125;19.125;19.125;19.125;19.125
46;543.9570000000001;25.992;25.664;25.5;25.5;25.5;25.5;25.5;25.5;25.5;25.5;25.5;25.5;25.5;25.5;25.5;25.5;25.5;25.5;25.5;25.5;25.5;25.5;25.5;25.5;25.5;25.5;25.5;25.5;25.5
47;611.5010000000001;26.484;25.992;25.828;25.5;25.5;25.5;25.5;25.5;25.664;25.5;25.828;25.992;25.5;25.828;25.5;25.5;25.5;25.5;25.5;25.5;25.5;25.5;25.5;25.5;25.5;25.5;25.5;25.5;25.5
48;25.5;25.664;25.5;25.5;25.5;25.5;25.5;25.5;25.5;25.5;25.5;25.5;25.5;25.5;25.5;25.5;25.5;25.5;25.5;25.5;25.5;25.5;25.5;25.5;25.5;25.5;25.5;25.5;25.5;25.5
49;706.9169999999999;25.5;25.5;25.5;25.5;25.5;25.5;25.5;25.5;25.5;25.5;25.5;25.5;25.5;25.5;25.5;25.5;25.5;26.484;25.5;25.5;25.5;25.5;25.5;25.5;25.5;25.5;25.5;26.32;25.5
50;769.528;25.992;25.5;25.5;25.5;25.5;25.5;25.5;25.5;25.5;25.5;25.5;25.5;25.5;25.5;25.5;25.5;25.5;26.976;25.5;25.5;25.5;25.5;25.5;25.5;25.5;25.5;25.5;25.828;25.5
51;1040.945;19.781;19.781;19.617;19.125;19.125;19.125;19.125;19.125;19.125;19.125;19.125;19.945;19.125;19.125;19.125;19.125;19.125;22.897;19.125;19.125;19.289;20.273;19.125;19.125;19.125;19.125;19.125;19.125;19.125
52;94.55799999999999;25.5;25.5;25.5;25.5;25.5;25.5;25.5;25.5;25.5;25.5;25.5;25.5;25.5;25.5;25.5;25.5;25.5;25.664;25.5;25.5;25.5;25.5;25.5;25.5;25.5;25.5;25.5;25.5;25.5
53;957.205;19.289;19.125;19.453;19.125;19.125;19.125;19.125;19.125;19.617;19.289;19.289;19.453;19.125;19.125;19.453;19.125;19.125;21.749;19.125;19.125;19.453;19.289;19.125;19.125;19.125;19.125;19.125;19.125;19.125
54;196.61900000000003;25.5;25.5;25.5;25.5;25.5;25.5;25.5;25.5;25.5;25.5;25.5;25.5;25.5;25.5;25.5;25.5;25.5;26.484;25.5;25.5;25.5;25.5;25.5;25.5;25.5;25.5;25.5;25.5;25.5
55;513.331;25.5;25.5;25.664;25.5;25.5;25.5;25.5;25.5;25.5;25.5;25.664;25.992;25.5;25.5;25.5;25.5;25.5;26.32;25.5;25.5;25.5;25.5;25.5;25.5;25.5;25.5;25.5;25.828;25.5
56;118.61099999999999;25.5;25.5;25.5;25.5;25.5;25.5;25.5;25.5;25.5;25.5;25.5;25.5;25.5;25.5;25.5;25.5;25.5;25.5;25.5;25.5;25.5;25.5;25.5;25.5;25.5;25.5;25.5;25.5;25.5
57;1423.103;25.664;25.992;26.484;25.5;25.5;25.5;25.5;25.5;25.5;25.5;25.664;25.5;25.5;25.5;25.828;25.5;25.5;26.976;25.5;25.5;25.5;25.5;25.5;25.5;25.5;25.5;25.5;26.156;26.812
58;1355.9759999999999;26.32;25.828;26.484;25.5;25.5;25.5;25.5;25.5;25.828;25.5;25.992;25.992;25.992;26.156;25.828;25.664;25.5;28.124;25.5;25.5;25.992;26.648;26.156;25.828;25.5;25.992;26.156;26.32;26.648
59;109.85499999999999;25.5;25.5;25.5;25.5;25.5;25.5;25.5;25.5;25.5;25.5;25.5;25.5;25.664;25.5;25.5;25.5;25.5;26.648;25.5;25.5;25.5;25.5;25.5;25.5;25.5;25.5;25.5;25.5;25.5
60;737.1500000000001;26.156;26.648;25.5;25.5;25.5;25.5;25.5;25.5;25.664;25.5;25.828;25.828;25.5;25.5;25.5;25.5;25.5;27.796;25.5;25.5;25.664;25.828;25.5;25.5;25.5;25.5;25.5;25.5;25.992
61;268.96000000000004;25.5;25.5;25.5;25.5;25.5;25.5;25.5;25.5;25.664;25.5;25.828;25.664;25.828;25.5;25.5;25.5;25.5;28.288;25.5;25.5;25.828;25.5;25.5;25.5;25.5;25.5;25.5;25.5;25.5
62;1905.9;20.109;19.781;20.601;19.125;19.125;19.125;19.125;19.125;19.125;19.289;19.453;19.781;19.125;19.125;19.289;19.125;19.125;20.437;19.125;19.125;19.125;19.125;19.125;19.125;19.125;19.125;19.125;19.125;19.289
63;65.333;25.5;25.5;25.5;25.5;25.5;25.5;25.5;25.5;25.5;25.5;25.5;25.5;25.5;25.5;25.5;25.5;25.5;25.664;25.5;25.5;25.5;25.5;25.5;25.5;25.5;25.5;25.5;25.5;25.5
64;935.509;25.992;25.5;25.664;25.5;25.5;25.5;25.5;25.5;25.5;25.5;25.5;25.5;25.5;25.5;25.5;25.5;25.5;25.828;25.5;25.5;25.5;25.5;25.5;25.5;25.5;25.5;25.5;25.5;25.5
65;88.793;25.5;25.5;25.5;25.5;25.5;25.5;25.5;25.5;25.5;25.5;25.5;25.5;25.5;25.5;25.5;25.5;25.5;25.5;25.5;25.5;25.5;25.5;25.5;25.5;25.5;25.5;25.5;25.5;25.5
66;493.606;25.5;25.664;25.5;25.5;25.5;25.5;25.5;25.5;25.5;25.5;25.5;25.5;25.5;25.5;25.5;25.5;25.5;26.32;25.5;25.5;25.664;25.5;25.5;25.5;25.5;25.5;25.5;25.5;25.5
67;5734.71;19.945;19.289;19.781;19.125;19.125;19.125;19.125;19.125;19.289;19.125;19.125;19.289;19.125;19.125;19.289;19.125;19.125;21.749;19.125;19.125;19.289;19.125;19.125;19.125;19.125;19.453;19.125;19.125;19.617
68;3116.4629999999997;19.453;19.289;20.929;19.125;19.125;19.125;19.125;19.125;19.453;19.125;19.617;19.453;19.617;19.453;19.453;19.289;19.125;21.913;19.125;19.453;19.945;20.601;21.093;19.617;19.125;20.109;19.781;19.453;20.273
69;364.29600000000005;25.992;25.664;25.5;25.5;25.5;25.5;25.5;25.5;25.5;25.5;25.5;25.5;25.5;25.5;25.5;25.5;25.5;26.812;25.5;25.5;25.5;25.5;25.5;25.5;25.5;25.5;25.5;25.5;25.5
70;125.38600000000001;19.289;19.289;19.289;19.125;19.125;19.125;19.125;19.125;19.125;19.125;19.125;19.125;19.125;19.125;19.125;19.125;19.125;19.945;19.125;19.125;19.125;19.125;19.125;19.125;19.125;19.125;19.125;19.125;19.125
71;493.23400000000004;19.289;19.125;19.125;19.125;19.125;19.125;19.125;19.125;19.125;19.125;19.125;19.125;19.125;19.125;19.125;19.125;19.125;19.453;19.125;19.125;19.125;19.125;19.125;19.125;19.125;19.125;19.125;19.125;19.125
72;1254.2939999999999;19.781;19.453;19.945;19.125;19.125;19.125;19.125;19.125;19.125;19.125;19.125;19.125;19.125;19.781;19.125;19.125;19.125;24.537;19.125;19.125;19.125;19.125;19.125;19.125;19.125;19.125;19.125;19.125;19.125
73;25.5;25.5;25.5;25.5;25.5;25.5;25.5;25.5;25.5;25.5;25.5;25.5;25.5;25.5;25.5;25.5;25.5;25.5;25.5;25.5;25.5;25.5;25.5;25.5;25.5;25.5;25.5;25.5;25.5;25.5
74;568.264;25.5;25.828;25.828;25.5;25.5;25.5;25.5;25.5;25.5;25.5;25.664;25.664;25.664;25.5;25.5;25.5;25.5;30.584;25.5;25.5;25.5;25.5;25.5;25.5;25.5;25.5;25.5;25.5;25.5
75;545.102;25.664;25.664;25.664;25.5;25.5;25.5;25.5;25.5;25.5;25.5;25.5;25.992;25.828;25.5;25.5;25.5;25.5;30.42;25.5;25.5;25.5;25.828;25.5;25.5;25.5;25.5;25.5;25.5;25.664
76;25.664;25.5;25.5;25.5;25.5;25.5;25.5;25.5;25.5;25.5;25.5;25.5;25.5;25.5;25.5;25.5;25.5;25.5;25.5;25.5;25.5;25.5;25.5;25.5;25.5;25.5;25.5;25.5;25.5;25.5
77;349.339;19.125;19.617;20.109;19.125;19.125;19.125;19.125;19.125;19.289;19.125;19.289;19.617;19.125;19.125;19.125;19.125;19.125;19.289;19.125;19.125;19.125;19.125;19.125;19.125;19.125;19.125;19.125;19.125;19.125
78;549.463;25.5;25.5;25.5;25.5;25.5;25.5;25.5;25.5;25.5;25.5;25.5;25.664;25.5;25.5;25.5;25.5;25.5;25.5;25.5;25.5;25.5;25.5;25.5;25.5;25.5;25.5;25.5;25.5;25.5
79;43.694;25.5;25.5;25.5;25.5;25.5;25.5;25.5;25.5;25.5;25.5;25.5;25.5;25.5;25.5;25.5;25.5;25.5;25.5;25.5;25.5;25.5;25.5;25.5;25.5;25.5;25.5;25.5;25.5;25.5
80;393.02200000000005;26.648;25.5;25.992;25.5;25.5;25.5;25.5;25.5;25.664;25.5;26.812;25.828;25.664;25.5;25.5;25.5;25.5;27.632;25.5;25.5;25.5;25.664;25.5;25.5;25.5;25.5;25.5;25.5;25.5
81;38.239999999999995;25.5;25.5;25.5;25.5;25.5;25.5;25.5;25.5;25.5;25.5;25.5;25.5;25.5;25.5;25.828;25.5;25.5;25.992;25.5;25.5;25.5;25.5;25.5;25.5;25.5;25.5;25.5;25.5;25.5
82;1085.1799999999998;25.992;26.484;25.992;25.5;25.5;25.5;25.5;25.5;25.828;25.5;25.664;25.664;25.5;25.664;25.664;25.5;25.5;28.616;25.5;25.5;25.5;27.14;25.5;25.5;25.5;25.5;25.5;25.5;25.664
83;176.223;19.125;19.125;19.289;19.125;19.125;19.125;19.125;19.125;19.125;19.125;19.125;19.125;19.125;19.125;19.125;19.125;19.125;20.273;19.125;19.125;19.125;19.125;19.125;19.125;19.125;19.125;19.125;19.125;19.125
84;309.99300000000005;25.664;25.5;25.5;25.5;25.5;25.5;25.5;25.5;25.5;25.5;25.5;25.5;25.5;25.5;25.5;25.5;25.5;25.5;25.5;25.5;25.5;25.5;25.5;25.5;25.5;25.5;25.5;25.5;25.5
85;344.868;25.992;25.5;25.5;25.5;25.5;25.5;25.5;25.5;25.828;25.5;25.664;25.828;25.828;25.5;25.828;25.5;25.5;27.96;25.5;25.5;25.664;25.5;25.5;25.5;25.5;25.5;25.5;25.5;25.5
86;207.883;25.5;25.5;25.5;25.5;25.5;25.5;25.5;25.5;25.5;25.5;25.5;25.5;25.5;25.5;25.5;25.5;25.5;25.664;25.5;25.5;25.5;25.5;25.5;25.5;25.5;25.5;25.5;25.5;25.5
87;398.6740000000001;25.5;25.828;25.664;25.5;25.5;25.5;25.5;25.5;25.5;25.5;25.664;25.828;25.5;25.5;25.5;25.5;25.5;28.616;25.5;25.5;25.664;26.648;25.5;25.5;25.5;25.664;25.5;25.5;25.992
88;877.621;25.828;26.32;26.484;25.5;25.5;25.5;25.5;25.5;25.5;25.5;25.5;25.5;25.5;25.5;26.156;25.5;25.5;26.976;25.5;25.5;25.5;25.5;25.5;25.5;25.5;25.5;25.5;25.5;25.5
89;768.0;26.32;25.5;25.5;25.5;25.5;25.5;25.5;25.5;25.664;25.664;25.5;25.664;25.992;25.5;25.5;25.5;25.5;26.484;25.5;25.5;25.5;25.828;25.5;25.5;25.5;25.5;25.5;25.828;25.5
90;29.108;25.5;25.5;25.5;25.5;25.5;25.5;25.5;25.5;25.5;25.5;25.5;25.5;25.5;25.5;25.5;25.5;25.5;25.828;25.5;25.5;25.5;25.5;25.5;25.5;25.5;25.5;25.5;25.5;25.5
91;212.325;25.5;25.5;25.5;25.5;25.5;25.5;25.5;25.5;25.5;25.5;25.5;25.5;25.5;25.5;25.5;25.5;25.5;26.812;25.5;25.5;25.5;25.5;25.5;25.5;25.5;25.5;25.5;25.5;25.5
92;132.21300000000002;25.5;25.664;25.664;25.5;25.5;25.5;25.5;25.5;25.5;25.5;25.5;25.828;25.5;25.5;25.5;25.5;25.5;27.96;25.5;25.5;25.5;25.5;25.5;25.5;25.5;25.5;25.5;25.5;25.664
93;217.24900000000002;25.5;25.664;25.5;25.5;25.5;25.5;25.5;25.5;25.5;25.5;25.5;25.5;25.5;25.5;25.5;25.5;25.5;25.5;25.5;25.5;25.5;25.5;25.5;25.5;25.5;25.5;25.5;25.5;25.5
94;336.913;26.812;25.828;25.828;25.5;25.5;25.5;25.5;25.5;25.5;25.5;25.5;25.5;25.5;25.5;25.5;25.5;25.5;26.156;25.5;25.5;25.5;25.5;25.5;25.5;25.5;25.5;25.5;25.5;25.5
95;1019.4240000000002;25.828;25.5;25.5;25.5;25.5;25.5;25.5;25.5;25.5;25.5;25.828;25.5;25.5;25.5;25.5;25.5;25.5;28.288;25.5;25.5;25.5;25.992;25.5;25.5;25.5;25.5;25.5;25.5;25.5
96;1008.769;25.5;25.664;25.664;25.5;25.5;25.5;25.5;25.5;25.664;25.5;25.5;25.828;25.5;25.5;25.5;25.5;25.5;28.124;25.5;25.5;25.5;25.5;25.5;25.5;25.5;25.5;25.5;25.5;26.32
97;25.5;25.5;25.5;25.5;25.5;25.5;25.5;25.5;25.5;25.5;25.5;25.5;25.5;25.5;25.5;25.5;25.5;25.5;25.5;25.5;25.5;25.5;25.5;25.5;25.5;25.5;25.5;25.5;25.5;25.5
98;93.644;25.5;25.5;25.5;25.5;25.5;25.5;25.5;25.5;25.5;25.5;25.5;25.5;25.5;25.5;25.5;25.5;25.5;25.664;25.5;25.5;25.5;25.5;25.5;25.5;25.5;25.5;25.5;25.5;25.5
99;25.5;25.5;25.5;25.5;25.5;25.5;25.5;25.5;25.5;25.5;25.5;25.5;25.5;25.5;25.5;25.5;25.5;25.5;25.5;25.5;25.5;25.5;25.5;25.5;25.5;25.5;25.5;25.5;25.5;25.5
100;2483.562;26.156;25.664;25.992;25.5;25.5;25.5;25.5;25.5;25.5;25.828;25.828;25.664;25.5;25.5;25.5;25.5;25.5;31.076;25.5;25.5;25.5;26.32;25.5;25.5;25.5;25.5;25.5;25.5;25.664
101;55.647000000000006;25.5;25.5;25.5;25.5;25.5;25.5;25.5;25.5;25.5;25.5;25.5;25.5;25.5;25.5;25.5;25.5;25.5;25.5;25.5;25.5;25.5;25.5;25.5;25.5;25.5;25.5;25.5;25.5;25.5
102;822.6700000000001;26.484;25.5;25.664;25.5;25.5;25.5;25.5;25.5;25.828;25.5;25.664;25.828;25.5;25.5;25.5;25.5;25.5;28.451999999999998;25.5;25.5;25.5;25.5;25.5;25.5;25.5;25.5;25.5;25.5;25.5
103;26.156;25.5;25.5;25.5;25.5;25.5;25.5;25.5;25.5;25.5;25.5;25.5;25.5;25.5;25.5;25.5;25.5;25.5;25.5;25.5;25.5;25.5;25.5;25.5;25.5;25.5;25.5;25.5;25.5;25.5
104;1246.655;19.125;19.289;19.125;19.125;19.125;19.125;19.125;19.125;19.125;19.125;19.125;19.125;19.125;19.125;19.125;19.125;19.125;19.289;19.125;19.125;19.125;19.125;19.125;19.125;19.125;19.125;19.125;19.125;19.125
105;1099.65;25.5;25.664;25.5;25.5;25.5;25.5;25.5;25.5;25.5;25.828;25.5;25.664;25.5;25.5;25.5;25.5;25.5;26.812;25.5;25.5;25.5;25.5;25.5;25.5;25.5;25.5;25.5;25.5;25.664
106;720.784;26.32;25.992;25.664;25.5;25.5;25.5;25.5;25.5;25.5;25.5;25.828;25.828;25.828;25.992;25.664;25.5;25.5;28.288;25.5;25.5;25.5;25.5;25.5;25.5;25.5;25.5;25.5;25.5;25.5
107;390.049;25.664;25.5;25.5;25.5;25.5;25.5;25.5;25.5;25.5;25.5;25.5;25.5;25.5;25.5;25.5;25.5;25.5;26.648;25.5;25.5;25.5;25.5;25.5;25.5;25.5;25.5;25.5;25.5;25.5
108;25.5;25.5;25.5;25.5;25.5;25.5;25.5;25.5;25.5;25.5;25.5;25.5;25.5;25.5;25.5;25.5;25.5;25.5;25.5;25.5;25.5;25.5;25.5;25.5;25.5;25.5;25.5;25.5;25.5;25.5
109;25.5;25.5;25.5;25.5;25.5;25.5;25.5;25.5;25.5;25.5;25.5;25.5;25.5;25.5;25.5;25.5;25.5;25.5;25.5;25.5;25.5;25.5;25.5;25.5;25.5;25.5;25.5;25.5;25.5;25.5
110;172.41199999999998;19.289;19.125;19.945;19.125;19.125;19.125;19.125;19.125;19.125;19.125;19.125;19.125;19.125;19.125;19.125;19.125;19.125;20.437;19.125;19.125;19.125;19.125;19.125;19.125;19.125;19.125;19.125;19.125;19.125
111;1369.3629999999998;28.288;25.664;25.828;25.5;25.5;25.5;25.5;25.5;25.828;25.5;25.5;25.5;26.32;25.5;25.664;25.5;25.5;31.240000000000002;25.5;25.5;25.664;25.5;25.5;25.5;25.5;25.5;25.5;25.5;25.5
112;19.125;19.125;19.125;19.125;19.125;19.125;19.125;19.125;19.125;19.125;19.125;19.125;19.125;19.125;19.125;19.125;19.125;19.125;19.125;19.125;19.125;19.125;19.125;19.125;19.125;19.125;19.125;19.125;19.125;19.125
113;25.664;25.5;25.5;25.5;25.5;25.5;25.5;25.5;25.5;25.5;25.5;25.5;25.5;25.5;25.5;25.5;25.5;25.5;25.5;25.5;25.5;25.5;25.5;25.5;25.5;25.5;25.5;25.5;25.5;25.5
114;500.581;25.5;25.5;25.992;25.5;25.5;25.5;25.5;25.5;25.664;25.5;25.5;25.5;25.5;25.5;25.5;25.5;25.5;27.304;25.5;25.5;25.5;25.5;25.5;25.5;25.5;25.5;25.5;25.5;25.5
115;1260.0829999999999;19.617;19.453;19.289;19.125;19.125;19.125;19.125;19.125;19.289;19.125;19.125;19.289;19.289;19.125;19.617;19.453;19.125;22.076999999999998;19.125;19.125;19.453;19.289;19.125;19.125;19.125;19.453;19.125;19.289;19.289
116;478.365;25.664;25.5;25.5;25.5;25.5;25.5;25.5;25.5;25.664;25.5;25.5;25.5;25.5;25.5;25.5;25.5;25.5;26.156;25.5;25.5;25.5;25.5;25.5;25.5;25.5;25.5;25.5;25.5;25.5
117;141.287;26.156;25.828;25.992;25.5;25.5;25.5;25.5;25.5;25.5;25.5;25.992;25.664;25.5;25.5;25.5;25.5;25.5;26.32;25.5;25.5;25.5;25.5;25.828;25.5;25.5;25.5;25.5;25.5;25.5
118;256.725;26.32;25.5;25.5;25.5;25.5;25.5;25.5;25.5;25.5;25.5;25.5;25.5;25.5;25.5;25.5;25.5;25.5;26.976;25.5;25.5;25.5;25.5;25.5;25.5;25.5;25.5;25.5;25.5;25.5
119;25.5;25.5;25.5;25.5;25.5;25.5;25.5;25.5;25.5;25.5;25.5;25.5;25.5;25.5;25.5;25.5;25.5;25.5;25.5;25.5;25.5;25.5;25.5;25.5;25.5;25.5;25.5;25.5;25.5;25.5
120;158.303;25.5;25.5;25.828;25.5;25.5;25.5;25.5;25.5;25.5;25.5;25.5;25.5;25.5;25.5;25.5;25.5;25.5;25.5;25.5;25.5;25.5;25.5;25.5;25.5;25.5;25.5;25.5;25.5;25.5
121;1794.9289999999999;19.125;19.289;19.453;19.125;19.125;19.125;19.125;19.125;19.125;19.125;19.125;19.125;19.125;19.125;19.125;19.125;19.125;20.109;19.125;19.125;19.289;19.125;19.125;19.125;19.125;19.125;19.125;19.125;19.125
122;25.5;25.5;25.5;25.5;25.5;25.5;25.5;25.5;25.5;25.5;25.5;25.5;25.5;25.5;25.5;25.5;25.5;25.5;25.5;25.5;25.5;25.5;25.5;25.5;25.5;25.5;25.5;25.5;25.5;25.5
123;289.62600000000003;25.5;25.5;25.5;25.5;25.5;25.5;25.5;25.5;25.5;25.5;25.5;25.5;25.5;25.5;25.5;25.5;25.5;26.648;25.5;25.5;25.5;25.5;25.5;25.5;25.5;25.5;25.5;25.5;25.5
124;25.5;25.5;25.5;25.5;25.5;25.5;25.5;25.5;25.5;25.5;25.5;25.5;25.5;25.5;25.5;25.5;25.5;25.5;25.5;25.5;25.5;25.5;25.5;25.5;25.5;25.5;25.5;25.5;25.5;25.5
125;462.842;19.289;19.289;19.125;19.125;19.125;19.125;19.125;19.125;19.125;19.125;19.125;19.453;19.453;19.125;19.125;19.125;19.125;21.749;19.125;19.125;19.125;19.945;19.125;19.125;19.125;19.125;19.125;19.125;19.125
126;27.974;25.5;25.5;25.5;25.5;25.5;25.5;25.5;25.5;25.5;25.5;25.5;25.5;25.5;25.5;25.5;25.5;25.5;25.5;25.5;25.5;25.5;25.5;25.5;25.5;25.5;25.5;25.5;25.5;25.5
127;1083.219;25.664;25.5;25.5;25.5;25.5;25.5;25.5;25.5;25.5;25.5;25.5;25.5;25.5;25.5;25.5;25.5;25.5;25.992;25.5;25.5;25.5;25.5;25.5;25.5;25.5;25.5;25.5;25.5;25.5
128;25.5;25.5;25.5;25.5;25.5;25.5;25.5;25.5;25.5;25.5;25.5;25.5;25.5;25.5;25.5;25.5;25.5;25.5;25.5;25.5;25.5;25.5;25.5;25.5;25.5;25.5;25.5;25.5;25.5;25.5
129;30.462;25.828;25.5;25.5;25.5;25.5;25.5;25.5;25.5;25.5;25.5;25.5;25.5;25.5;25.5;25.5;25.5;25.5;25.5;25.5;25.5;25.5;25.5;25.5;25.5;25.5;25.5;25.5;25.5;25.5
130;158.933;19.453;19.617;19.125;19.125;19.125;19.125;19.125;19.125;19.125;19.125;19.125;19.125;19.125;19.125;19.125;19.125;19.125;20.109;19.125;19.125;19.125;19.125;19.125;19.125;19.125;19.125;19.125;19.125;19.125
131;442.913;25.828;25.5;25.5;25.5;25.5;25.5;25.5;25.5;25.5;25.5;25.5;25.5;25.5;25.5;25.5;25.5;25.5;27.468;25.5;25.5;25.664;25.5;25.5;25.5;25.5;25.5;25.5;25.5;25.5
132;25.5;25.5;25.5;25.5;25.5;25.5;25.5;25.5;25.5;25.5;25.5;25.5;25.5;25.5;25.5;25.5;25.5;25.5;25.5;25.5;25.5;25.5;25.5;25.5;25.5;25.5;25.5;25.5;25.5;25.5
133;25.5;25.5;25.5;25.5;25.5;25.5;25.5;25.5;25.5;25.5;25.5;25.5;25.5;25.5;25.5;25.5;25.5;25.5;25.5;25.5;25.5;25.5;25.5;25.5;25.5;25.5;25.5;25.5;25.5;25.5
134;85.30699999999999;25.5;25.5;25.5;25.5;25.5;25.5;25.5;25.5;25.5;25.5;25.5;25.5;25.5;25.5;25.5;25.5;25.5;25.5;25.5;25.5;25.5;25.5;25.5;25.5;25.5;25.5;25.5;25.5;25.5
135;157.281;25.5;25.5;25.5;25.5;25.5;25.5;25.5;25.5;25.5;25.5;25.5;25.5;25.5;25.5;25.5;25.5;25.5;26.976;25.5;25.5;25.5;25.5;25.5;25.5;25.5;25.5;25.5;25.828;26.648
136;107.057;25.5;25.5;25.5;25.5;25.5;25.5;25.5;25.5;25.5;25.5;25.5;25.5;25.5;25.5;25.5;25.5;25.5;25.5;25.5;25.5;25.5;25.5;25.5;25.5;25.5;25.5;25.5;25.5;25.5
137;187.234;25.5;25.664;25.828;25.5;25.5;25.5;25.5;25.5;25.5;25.5;25.5;25.5;25.5;25.5;25.5;25.5;25.5;25.5;25.5;25.5;25.5;25.5;25.5;25.5;25.5;25.5;25.5;25.5;25.5
138;291.914;25.664;25.664;25.5;25.5;25.5;25.5;25.5;25.5;25.5;25.5;25.5;25.5;25.5;25.5;25.5;25.5;25.5;28.124;25.5;25.5;25.664;25.5;25.5;25.5;25.5;25.5;25.5;25.5;25.5
139;923.041;25.992;25.992;25.5;25.5;25.5;25.5;25.5;25.5;25.664;25.5;25.828;25.828;25.5;25.5;25.5;25.5;25.5;27.14;25.5;25.5;25.828;25.828;25.5;25.5;25.5;25.5;25.5;25.5;25.828
140;974.8360000000002;19.453;19.453;19.945;19.125;19.125;19.125;19.125;19.125;19.289;19.125;19.289;19.453;19.453;19.125;19.453;19.125;19.125;25.193;19.125;19.125;19.125;19.125;19.125;19.125;19.125;19.125;19.125;19.125;19.125
141;80.015;25.664;25.5;25.5;25.5;25.5;25.5;25.5;25.5;25.5;25.5;25.5;25.5;25.5;25.5;25.5;25.5;25.5;25.5;25.5;25.5;25.5;25.5;25.5;25.5;25.5;25.5;25.5;25.5;25.5
142;947.3370000000001;25.828;25.664;25.5;25.5;25.5;25.5;25.5;25.5;25.5;25.5;25.5;25.5;25.5;25.664;25.5;25.5;25.5;29.6;25.5;25.5;25.5;25.5;25.5;25.5;25.5;25.5;25.5;25.5;25.664
143;32.95;25.5;25.5;25.5;25.5;25.5;25.5;25.5;25.5;25.5;25.5;25.5;25.5;25.5;25.5;25.5;25.5;25.5;25.5;25.5;25.5;25.5;25.5;25.5;25.5;25.5;25.5;25.5;25.5;25.5
144;363.88300000000004;25.664;25.5;25.664;25.5;25.5;25.5;25.5;25.5;25.664;25.664;25.5;25.5;25.5;25.5;25.5;25.5;25.5;28.78;25.5;25.5;25.5;25.828;25.5;25.5;25.5;25.5;25.5;25.664;25.828
145;1209.21;25.828;25.664;25.828;25.5;25.5;25.5;25.5;25.5;26.484;25.664;25.5;25.828;25.664;25.5;25.5;25.5;25.5;27.304;25.5;25.5;25.5;25.5;25.5;25.5;25.5;25.5;25.5;25.828;26.32
146;826.393;25.5;25.828;25.5;25.5;25.5;25.5;25.5;25.5;25.5;25.5;25.664;25.664;25.5;25.5;25.5;25.5;25.5;29.436;25.5;25.5;25.5;25.5;25.5;25.5;25.5;25.5;25.5;25.5;25.5
147;596.181;19.289;19.125;19.125;19.125;19.125;19.125;19.125;19.125;19.125;19.125;19.289;19.125;19.125;19.125;19.125;19.125;19.125;20.765;19.125;19.125;19.125;19.125;19.125;19.125;19.125;19.125;19.125;19.125;19.125
148;1210.313;19.289;19.289;19.125;19.125;19.125;19.125;19.125;19.125;19.289;19.125;19.453;19.945;19.289;19.125;19.289;19.125;19.125;21.585;19.125;19.125;19.289;20.109;19.125;19.125;19.125;19.125;19.125;19.125;19.945
149;90.30099999999999;25.5;25.5;25.5;25.5;25.5;25.5;25.5;25.5;25.5;25.5;25.5;25.5;25.5;25.5;25.5;25.5;25.5;25.5;25.5;25.5;25.5;25.5;25.5;25.5;25.5;25.5;25.5;25.5;25.5
150;25.5;25.5;25.5;25.5;25.5;25.5;25.5;25.5;25.5;25.5;25.5;25.5;25.5;25.5;25.5;25.5;25.5;25.5;25.5;25.5;25.5;25.5;25.5;25.5;25.5;25.5;25.5;25.5;25.5;25.5
151;420.97;25.5;25.5;25.5;25.5;25.5;25.5;25.5;25.5;25.5;25.5;25.5;25.828;25.5;25.5;25.5;25.5;25.5;28.78;25.5;25.5;25.5;25.5;25.5;25.5;25.5;25.5;25.5;25.5;25.5
152;19.125;19.125;19.125;19.125;19.125;19.125;19.125;19.125;19.125;19.125;19.125;19.125;19.125;19.125;19.125;19.125;19.125;19.125;19.125;19.125;19.125;19.125;19.125;19.125;19.125;19.125;19.125;19.125;19.125;19.125
153;62.519999999999996;19.125;19.289;19.125;19.125;19.125;19.125;19.125;19.125;19.125;19.125;19.125;19.125;19.125;19.125;19.125;19.125;19.125;19.125;19.125;19.125;19.125;19.125;19.125;19.125;19.125;19.125;19.125;19.125;19.125
154;783.1870000000001;25.5;25.664;25.5;25.5;25.5;25.5;25.5;25.5;25.5;25.5;25.5;25.5;25.5;25.664;25.5;25.5;25.5;25.5;25.5;25.5;25.5;25.5;25.5;25.5;25.5;25.5;25.5;25.5;25.5
155;1166.8020000000001;20.437;19.781;19.945;19.125;19.125;19.125;19.125;19.125;19.289;19.125;19.289;19.125;19.125;19.125;19.125;19.125;19.125;22.076999999999998;19.125;19.125;19.125;19.125;19.125;19.125;19.125;19.125;19.125;19.289;19.617
156;625.559;21.093;20.273;23.061;19.125;19.125;19.125;19.125;19.125;19.125;19.125;20.109;19.125;19.125;19.125;19.125;19.125;19.125;19.453;19.125;19.125;19.125;19.125;19.125;19.125;19.125;19.125;19.125;19.125;19.125
157;562.619;19.125;19.125;19.289;19.125;19.125;19.125;19.125;19.125;19.125;19.125;19.125;19.125;19.125;19.125;19.125;19.125;19.125;19.453;19.125;19.125;19.125;19.125;19.125;19.125;19.125;19.125;19.125;19.125;19.125
158;60.644;25.664;25.5;25.5;25.5;25.5;25.5;25.5;25.5;25.5;25.5;25.5;25.5;25.5;25.5;25.5;25.5;25.5;25.5;25.5;25.5;25.5;25.5;25.5;25.5;25.5;25.5;25.5;25.5;25.5
159;297.985;25.664;25.5;25.5;25.5;25.5;25.5;25.5;25.5;25.5;25.5;25.5;25.5;25.5;25.5;25.664;25.5;25.5;32.388;25.5;25.5;25.5;25.5;25.5;25.5;25.5;25.5;25.5;25.5;25.828
160;753.604;25.664;25.992;26.32;25.5;25.5;25.5;25.5;25.5;25.5;25.5;25.5;25.5;25.5;25.5;25.5;25.5;25.5;25.992;25.5;25.5;25.5;25.5;25.5;25.5;25.5;25.5;25.5;25.5;25.664
161;25.5;25.5;25.5;25.5;25.5;25.5;25.5;25.5;25.5;25.5;25.5;25.5;25.5;25.5;25.5;25.5;25.5;25.5;25.5;25.5;25.5;25.5;25.5;25.5;25.5;25.5;25.5;25.5;25.5;25.5
162;252.618;25.828;25.664;25.828;25.5;25.5;25.5;25.5;25.5;25.664;25.5;25.664;25.992;25.828;25.5;25.5;25.5;25.5;27.14;25.5;25.5;25.5;25.5;25.5;25.5;25.5;25.5;25.5;25.5;25.5
163;341.591;25.5;25.5;25.5;25.5;25.5;25.5;25.5;25.5;25.5;25.5;25.5;25.5;25.5;25.5;25.5;25.5;25.5;25.5;25.5;25.5;25.5;25.5;25.5;25.5;25.5;25.5;25.5;25.5;25.5
164;1654.484;25.5;25.828;26.648;25.5;25.5;25.5;25.5;25.5;25.992;25.5;25.664;25.828;25.5;26.156;25.5;25.5;25.5;28.124;25.5;25.5;25.5;25.5;25.5;25.5;25.5;25.5;25.5;25.5;25.664
165;234.584;25.5;25.664;25.5;25.5;25.5;25.5;25.5;25.5;25.5;25.5;25.5;25.5;25.5;25.5;25.5;25.5;25.5;29.108;25.5;25.5;25.5;25.5;25.5;25.5;25.5;25.5;25.5;25.5;25.5
166;549.025;25.664;25.5;25.5;25.5;25.5;25.5;25.5;25.5;25.664;25.5;25.664;25.828;25.5;25.5;25.5;25.5;25.5;26.812;25.5;25.5;25.5;25.5;25.5;25.5;25.5;25.5;25.5;25.5;25.5
167;384.14500000000004;25.5;25.664;25.5;25.5;25.5;25.5;25.5;25.5;25.5;25.5;25.5;25.5;25.5;25.5;25.5;25.5;25.5;25.5;25.5;25.5;25.5;25.5;25.5;25.5;25.5;25.5;25.5;25.5;25.5
168;133.574;25.664;25.5;25.5;25.5;25.5;25.5;25.5;25.5;25.5;25.664;25.5;25.5;25.5;25.5;25.5;25.5;25.5;26.812;25.5;25.5;25.5;25.5;25.5;25.5;25.5;25.5;25.5;25.5;25.5
169;31.61;25.5;25.5;25.5;25.5;25.5;25.5;25.5;25.5;25.5;25.664;25.5;25.5;25.5;25.5;25.5;25.5;25.5;26.484;25.5;25.5;25.5;25.5;25.5;25.5;25.5;25.5;25.5;25.5;25.5
170;614.31;25.5;25.5;25.5;25.5;25.5;25.5;25.5;25.5;25.5;25.5;25.5;25.5;25.5;25.5;25.5;25.5;25.5;26.812;25.5;25.5;25.5;25.5;25.664;25.5;25.5;25.5;25.5;25.5;25.5
171;25.5;25.5;25.5;25.5;25.5;25.5;25.5;25.5;25.5;25.5;25.5;25.5;25.5;25.5;25.5;25.5;25.5;25.5;25.5;25.5;25.5;25.5;25.5;25.5;25.5;25.5;25.5;25.5;25.5;25.5
172;507.44100000000003;25.5;25.5;25.5;25.5;25.5;25.5;25.5;25.5;25.5;25.5;25.5;25.5;25.5;25.5;25.5;25.5;25.5;29.272;25.5;25.5;25.5;25.5;25.5;25.5;25.5;25.5;25.5;25.5;25.5
173;270.52200000000005;25.664;25.5;25.992;25.5;25.5;25.5;25.5;25.5;25.5;25.5;25.5;25.5;25.5;25.5;25.5;25.5;25.5;25.5;25.5;25.5;25.5;25.5;25.5;25.5;25.5;25.5;25.5;25.5;25.5
174;375.293;25.664;25.664;25.828;25.5;25.5;25.5;25.5;25.5;25.5;25.5;25.664;26.32;25.828;25.5;25.5;25.5;25.5;30.584;25.5;25.5;25.664;25.5;25.5;25.5;25.5;25.5;25.5;25.664;25.992
175;25.5;25.5;25.5;25.5;25.5;25.5;25.5;25.5;25.5;25.5;25.5;25.5;25.5;25.5;25.5;25.5;25.5;25.5;25.5;25.5;25.5;25.5;25.5;25.5;25.5;25.5;25.5;25.5;25.5;25.5
176;872.0430000000001;25.5;25.664;25.5;25.5;25.5;25.5;25.5;25.5;25.5;25.5;25.828;25.5;25.5;25.5;25.5;25.5;25.5;26.484;25.5;25.5;25.5;25.5;25.5;25.5;25.5;25.5;25.5;25.5;25.664
177;62.190000000000005;19.125;19.125;19.125;19.125;19.125;19.125;19.125;19.125;19.125;19.125;19.125;19.125;19.125;19.125;19.125;19.125;19.125;19.125;19.125;19.125;19.125;19.125;19.125;19.125;19.125;19.125;19.125;19.125;19.125
178;1299.609;25.5;25.828;25.828;25.5;25.5;25.5;25.5;25.5;25.828;25.828;25.664;25.992;26.156;25.664;25.992;25.828;25.5;27.14;25.5;25.5;26.156;26.812;25.5;25.5;25.5;25.5;25.5;25.5;26.484
179;1528.262;19.125;19.289;19.453;19.125;19.125;19.125;19.125;19.125;19.289;19.125;19.781;19.617;19.289;19.125;19.289;19.125;19.125;22.241;19.125;19.125;19.289;19.125;19.125;19.125;19.125;19.125;19.125;19.289;19.125
180;329.70500000000004;25.664;25.5;25.5;25.5;25.5;25.5;25.5;25.5;25.5;25.5;25.5;25.5;25.5;25.5;25.5;25.5;25.5;25.5;25.5;25.5;25.5;25.5;25.5;25.5;25.5;25.5;25.5;25.5;25.5
181;117.393;19.125;19.125;19.125;19.125;19.125;19.125;19.125;19.125;19.125;19.125;19.125;19.125;19.125;19.125;19.125;19.125;19.125;19.125;19.125;19.125;19.125;19.125;19.125;19.125;19.125;19.125;19.125;19.125;19.125
182;81.398;19.125;19.125;19.125;19.125;19.125;19.125;19.125;19.125;19.125;19.125;19.125;19.125;19.125;19.125;19.125;19.125;19.125;19.125;19.125;19.125;19.125;19.125;19.125;19.125;19.125;19.125;19.125;19.453;19.289
183;29.97;25.5;25.5;25.5;25.5;25.5;25.5;25.5;25.5;25.5;25.5;25.5;25.5;25.5;25.5;25.5;25.5;25.5;25.5;25.5;25.5;25.5;25.5;25.5;25.5;25.5;25.5;25.5;25.5;25.5
184;243.30700000000002;19.289;19.125;19.453;19.125;19.125;19.125;19.125;19.125;19.125;19.125;19.125;19.125;19.125;19.125;19.125;19.125;19.125;19.453;19.125;19.125;19.125;19.125;19.125;19.125;19.125;19.125;19.125;19.125;19.125
185;428.66700000000003;19.125;19.125;19.125;19.125;19.125;19.125;19.125;19.125;19.125;19.125;19.125;19.125;19.125;19.125;19.125;19.125;19.125;19.125;19.125;19.125;19.125;19.125;19.125;19.125;19.125;19.125;19.125;19.125;19.125
186;58.954;25.5;25.5;25.5;25.5;25.5;25.5;25.5;25.5;25.5;25.5;25.5;25.5;25.5;25.5;25.5;25.5;25.5;25.5;25.5;25.5;25.5;25.5;25.5;25.5;25.5;25.5;25.5;25.5;25.5
187;207.13600000000002;19.289;19.125;19.125;19.125;19.125;19.125;19.125;19.125;19.125;19.125;19.125;19.125;19.125;19.125;19.125;19.125;19.125;19.617;19.125;19.125;19.125;19.125;19.125;19.125;19.125;19.125;19.125;19.125;19.125
188;430.852;26.156;25.5;25.992;25.5;25.5;25.5;25.5;25.5;25.664;25.5;25.664;25.828;25.992;26.32;25.5;25.5;25.5;28.288;25.5;25.5;25.5;26.648;25.5;25.5;25.5;25.5;25.5;25.5;25.5
189;52.066;25.5;25.5;25.5;25.5;25.5;25.5;25.5;25.5;25.5;25.5;25.5;25.5;25.5;25.5;25.5;25.5;25.5;25.5;25.5;25.5;25.5;25.5;25.5;25.5;25.5;25.5;25.5;25.5;25.5
190;25.5;25.5;25.5;25.5;25.5;25.5;25.5;25.5;25.5;25.5;25.5;25.5;25.5;25.5;25.5;25.5;25.5;25.5;25.5;25.5;25.5;25.5;25.5;25.5;25.5;25.5;25.5;25.5;25.5;25.5
191;977.89;26.648;25.5;25.5;25.5;25.5;25.5;25.5;25.5;25.5;25.828;25.992;25.664;25.992;25.5;25.828;25.5;25.5;28.124;25.5;25.5;25.5;25.5;25.5;25.5;25.5;25.5;25.5;25.5;25.5
192;291.862;25.5;25.5;25.5;25.5;25.5;25.5;25.5;25.5;25.5;25.5;25.5;25.5;25.5;25.5;25.5;25.5;25.5;25.5;25.5;25.5;25.5;25.5;25.5;25.5;25.5;25.5;25.5;25.5;25.5
193;655.5630000000001;25.5;25.664;25.5;25.5;25.5;25.5;25.5;25.5;25.664;25.5;25.5;25.5;25.5;25.5;25.5;25.5;25.5;26.812;25.5;25.5;25.5;25.5;25.5;25.5;25.5;25.5;25.5;25.5;25.5
194;300.928;19.453;19.781;19.125;19.125;19.125;19.125;19.125;19.125;19.125;19.125;19.125;19.945;19.125;19.125;19.125;19.125;19.125;22.733;19.125;19.125;19.781;19.945;19.125;19.125;19.125;19.125;19.125;19.125;19.125
195;212.738;25.664;25.5;25.5;25.5;25.5;25.5;25.5;25.5;25.828;25.5;25.5;25.828;25.5;25.5;25.5;25.5;25.5;26.32;25.5;25.5;25.5;25.5;25.5;25.828;25.5;25.5;25.5;25.664;26.648
196;266.313;25.5;25.5;25.5;25.5;25.5;25.5;25.5;25.5;25.5;25.5;25.5;25.5;25.5;25.5;25.5;25.5;25.5;30.584;25.5;25.5;25.5;25.5;25.5;25.5;25.5;25.5;25.5;25.5;25.5
197;533.7760000000001;25.664;25.664;25.5;25.5;25.5;25.5;25.5;25.5;25.828;25.5;25.828;25.828;25.828;25.828;25.5;25.5;25.5;30.092;25.5;25.5;25.664;26.812;25.5;25.664;25.5;25.992;25.5;25.5;26.812
198;116.623;20.109;19.125;19.125;19.125;19.125;19.125;19.125;19.125;19.125;19.125;19.125;19.125;19.125;19.125;19.125;19.125;19.125;19.125;19.125;19.125;19.125;19.125;19.125;19.125;19.125;19.125;19.125;19.125;19.125
199;123.05000000000001;25.5;25.5;25.5;25.5;25.5;25.5;25.5;25.5;25.5;25.5;25.5;25.5;25.5;25.5;25.5;25.5;25.5;25.5;25.5;25.5;25.5;25.5;25.5;25.5;25.5;25.5;25.5;25.5;25.5
200;315.54200000000003;25.5;25.664;25.828;25.5;25.5;25.5;25.5;25.5;25.5;25.5;25.5;25.5;25.5;25.5;25.5;25.5;25.5;25.5;25.5;25.5;25.5;25.5;25.5;25.5;25.5;25.5;25.5;25.5;25.5
201;631.208;25.992;25.5;25.5;25.5;25.5;25.5;25.5;25.5;25.5;25.828;25.828;25.5;25.5;25.5;25.664;25.5;25.5;26.32;25.5;25.5;25.664;25.5;25.5;25.5;25.5;25.5;25.5;25.5;25.5
202;129.522;25.5;25.5;25.5;25.5;25.5;25.5;25.5;25.5;25.5;25.5;25.5;25.5;25.5;25.5;25.5;25.5;25.5;26.32;25.5;25.5;25.5;25.5;25.5;25.5;25.5;25.5;25.5;25.5;25.5
203;6291.562;19.125;19.289;19.125;19.125;19.125;19.125;19.125;19.125;19.125;19.125;19.125;19.125;19.125;19.125;19.125;19.125;19.125;21.093;19.125;19.125;19.125;19.125;19.125;19.125;19.125;19.125;19.125;19.125;19.125
204;969.9660000000001;20.109;19.289;19.125;19.125;19.125;19.125;19.125;19.125;19.125;19.125;19.125;19.125;19.125;19.125;19.125;19.125;19.125;21.257;19.125;19.125;19.125;19.125;19.125;19.125;19.125;19.125;19.125;19.125;19.125
205;297.18600000000004;25.828;25.5;25.5;25.5;25.5;25.5;25.5;25.5;25.5;25.5;25.5;25.5;25.5;25.5;25.5;25.5;25.5;28.616;25.5;25.5;25.5;25.5;25.5;25.5;25.5;25.992;25.5;25.5;25.5
206;450.845;19.289;19.125;19.453;19.125;19.125;19.125;19.125;19.125;19.125;19.125;19.125;19.125;19.125;19.125;19.125;19.125;19.125;24.701;19.125;19.125;19.125;19.125;19.125;19.125;19.125;19.125;19.125;19.289;19.125
207;161.334;26.484;25.992;25.664;25.5;25.5;25.5;25.5;25.5;25.5;25.5;25.5;25.5;25.5;25.5;25.5;25.5;25.5;25.5;25.5;25.5;25.5;25.5;25.5;25.5;25.5;25.5;25.5;25.5;25.5
208;650.848;26.484;25.828;25.992;25.5;25.5;25.5;25.5;25.5;25.5;25.5;25.5;25.5;25.5;25.5;25.5;25.5;25.5;25.664;25.5;25.5;25.5;25.5;25.5;25.5;25.5;25.5;25.5;25.5;25.5
209;25.828;25.5;25.5;25.5;25.5;25.5;25.5;25.5;25.5;25.5;25.5;25.5;25.5;25.5;25.5;25.5;25.5;25.5;25.5;25.5;25.5;25.5;25.5;25.5;25.5;25.5;25.5;25.5;25.5;25.5
210;1287.034;26.156;25.828;25.5;25.5;25.5;25.5;25.5;25.5;25.5;25.5;25.664;25.828;25.828;25.5;25.5;25.5;25.5;26.812;25.5;25.5;25.664;25.5;25.5;25.5;25.5;25.5;25.5;25.5;25.992
211;25.5;25.5;25.5;25.5;25.5;25.5;25.5;25.5;25.5;25.5;25.5;25.5;25.5;25.5;25.5;25.5;25.5;25.5;25.5;25.5;25.5;25.5;25.5;25.5;25.5;25.5;25.5;25.5;25.5;25.5
212;49.477000000000004;19.289;19.125;19.125;19.125;19.125;19.125;19.125;19.125;19.125;19.125;19.125;19.125;19.125;19.125;19.125;19.125;19.125;19.289;19.125;19.125;19.125;19.125;19.125;19.125;19.125;19.125;19.125;19.125;19.125
213;25.5;25.5;25.5;25.5;25.5;25.5;25.5;25.5;25.5;25.5;25.5;25.5;25.5;25.5;25.5;25.5;25.5;25.5;25.5;25.5;25.5;25.5;25.5;25.5;25.5;25.5;25.5;25.5;25.5;25.5
214;57.70700000000001;25.828;25.5;25.5;25.5;25.5;25.5;25.5;25.5;25.5;25.5;25.5;25.5;25.5;25.5;25.5;25.5;25.5;25.5;25.5;25.5;25.5;25.5;25.5;25.5;25.5;25.5;25.5;25.5;25.5
215;105.126;25.5;25.5;25.5;25.5;25.5;25.5;25.5;25.5;25.5;25.5;25.5;25.5;25.5;25.5;25.5;25.5;25.5;25.664;25.5;25.5;25.5;25.5;25.5;25.5;25.5;25.5;25.5;25.5;25.5
216;95.33500000000001;19.125;19.125;19.125;19.125;19.125;19.125;19.125;19.125;19.125;19.125;19.125;19.125;19.125;19.125;19.125;19.125;19.125;19.125;19.125;19.125;19.125;19.125;19.125;19.125;19.125;19.125;19.125;19.125;19.125
217;25.5;25.5;25.5;25.5;25.5;25.5;25.5;25.5;25.5;25.5;25.5;25.5;25.5;25.5;25.5;25.5;25.5;25.5;25.5;25.5;25.5;25.5;25.5;25.5;25.5;25.5;25.5;25.5;25.5;25.5
218;4337.498;25.664;25.664;26.976;25.5;25.5;25.5;25.5;25.5;25.664;25.5;25.664;25.828;25.828;25.5;25.5;25.5;25.5;32.552;25.5;25.5;25.5;25.5;25.5;25.5;25.5;25.5;25.5;25.664;25.5
219;887.15;25.828;25.992;25.828;25.5;25.5;25.5;25.5;25.5;25.664;25.5;25.664;25.828;25.992;25.5;25.5;25.5;25.5;27.14;25.5;25.5;25.664;25.5;25.5;25.5;25.5;25.5;25.5;25.5;25.664
220;475.389;25.5;25.664;25.664;25.5;25.5;25.5;25.5;25.5;25.5;25.5;25.5;25.5;25.5;25.5;25.5;25.5;25.5;28.124;25.5;25.5;25.5;25.5;25.5;25.5;25.5;25.5;25.5;25.5;25.5
221;25.5;25.5;25.5;25.5;25.5;25.5;25.5;25.5;25.5;25.5;25.5;25.5;25.5;25.5;25.5;25.5;25.5;25.5;25.5;25.5;25.5;25.5;25.5;25.5;25.5;25.5;25.5;25.5;25.5;25.5
222;267.123;25.664;25.664;25.5;25.5;25.5;25.5;25.5;25.5;25.5;25.5;25.664;25.828;25.664;25.5;25.5;25.5;25.5;26.976;25.5;25.5;25.664;25.992;25.5;25.5;25.5;25.5;25.5;25.5;25.992
223;1014.4070000000002;19.453;19.289;19.289;19.125;19.125;19.125;19.125;19.125;19.617;19.289;19.289;19.289;19.617;19.781;19.289;19.125;19.125;22.076999999999998;19.125;19.125;19.125;20.109;19.125;19.125;19.125;19.289;19.289;19.289;19.945
224;542.187;26.32;25.664;26.156;25.5;25.5;25.5;25.5;25.5;25.5;25.5;25.5;25.5;25.5;25.5;25.5;25.5;25.5;25.664;25.5;25.5;25.5;25.5;25.5;25.5;25.5;25.5;25.5;25.5;25.5
225;792.931;25.5;25.664;25.828;25.5;25.5;25.5;25.5;25.5;25.5;25.5;25.5;25.5;25.5;25.5;25.5;25.5;25.5;27.96;25.5;25.5;25.5;25.5;25.5;25.5;25.5;25.5;25.5;25.5;25.5
226;411.74;25.664;25.664;25.5;25.5;25.5;25.5;25.5;25.5;25.5;25.5;25.5;25.5;25.5;25.5;25.5;25.5;25.5;25.5;25.5;25.5;25.5;25.5;25.5;25.5;25.5;25.5;25.5;25.5;25.5
227;232.89499999999998;25.5;25.5;25.5;25.5;25.5;25.5;25.5;25.5;25.664;25.5;25.5;25.664;25.5;25.5;25.5;25.5;25.5;28.944;25.5;25.5;25.5;25.5;25.828;25.5;25.5;25.5;25.5;25.5;25.5
228;141.18400000000003;25.664;25.5;25.5;25.5;25.5;25.5;25.5;25.5;25.992;25.5;25.5;25.5;25.5;25.5;25.5;25.5;25.5;27.468;25.5;25.5;25.664;25.5;25.5;25.5;25.5;25.5;25.5;25.5;25.5
229;138.888;19.289;19.453;19.125;19.125;19.125;19.125;19.125;19.125;19.125;19.125;19.125;19.125;19.125;19.125;19.125;19.125;19.125;19.453;19.125;19.125;19.125;19.125;19.125;19.125;19.125;19.125;19.125;19.125;19.125
230;294.978;25.664;25.5;25.828;25.5;25.5;25.5;25.5;25.5;25.5;25.5;25.5;25.5;25.5;25.5;25.5;25.5;25.5;26.156;25.5;25.5;25.5;25.5;25.5;25.5;25.5;25.5;25.5;25.5;25.664
231;31.46;25.5;25.5;25.5;25.5;25.5;25.5;25.5;25.5;25.5;25.5;25.5;25.5;25.5;25.5;25.5;25.5;25.5;25.5;25.5;25.5;25.5;25.5;25.5;25.5;25.5;25.5;25.5;25.5;25.5
232;211.20100000000002;19.289;19.289;19.289;19.125;19.125;19.125;19.125;19.125;19.125;19.125;19.125;19.125;19.125;19.125;19.125;19.125;19.125;19.125;19.125;19.125;19.125;19.125;19.125;19.125;19.125;19.125;19.125;19.125;19.125
233;1532.897;19.125;19.453;19.781;19.125;19.125;19.125;19.125;19.125;19.289;19.125;19.453;19.453;19.453;19.125;19.453;19.125;19.125;21.749;19.125;19.125;19.453;20.601;19.125;19.125;19.125;19.125;19.125;19.125;19.945
234;778.215;26.32;25.664;25.828;25.5;25.5;25.5;25.5;25.5;25.5;25.5;25.5;25.5;25.5;25.5;25.5;25.5;25.5;25.5;25.5;25.5;25.5;25.5;25.5;25.5;25.5;25.5;25.5;25.5;25.5
235;524.447;25.828;25.664;25.5;25.5;25.5;25.5;25.5;25.5;25.5;25.5;25.5;25.5;25.5;25.5;25.5;25.5;25.5;25.5;25.5;25.5;25.5;25.5;25.5;25.5;25.5;25.5;25.5;25.5;25.5
236;37.57;25.664;25.5;25.5;25.5;25.5;25.5;25.5;25.5;25.5;25.5;25.5;25.5;25.5;25.5;25.5;25.5;25.5;25.828;25.5;25.5;25.5;25.5;25.5;25.5;25.5;25.5;25.5;25.5;25.5
237;418.869;25.992;25.5;25.5;25.5;25.5;25.5;25.5;25.5;25.5;25.5;25.5;25.5;25.5;25.5;25.5;25.5;25.5;27.796;25.5;25.5;25.5;25.5;25.5;25.5;25.5;25.5;25.5;25.5;25.5
238;1127.587;25.992;25.828;26.812;25.5;25.5;25.5;25.5;25.5;25.664;25.664;25.5;26.32;25.828;25.5;25.5;25.664;25.5;27.468;25.5;25.5;25.5;26.484;25.5;25.664;25.5;25.5;25.5;25.5;25.664
239;373.345;19.125;19.125;19.125;19.125;19.125;19.125;19.125;19.125;19.125;19.125;19.125;19.125;19.125;19.125;19.125;19.125;19.125;19.453;19.125;19.125;19.125;19.125;19.125;19.125;19.125;19.125;19.125;19.125;19.125
240;316.76300000000003;25.828;25.828;26.156;25.5;25.5;25.5;25.5;25.5;25.5;25.5;25.5;25.5;25.5;25.5;25.5;25.5;25.5;25.5;25.5;25.5;25.5;25.5;25.5;25.5;25.5;25.5;25.5;25.5;25.5
241;25.5;25.5;25.5;25.5;25.5;25.5;25.5;25.5;25.5;25.5;25.5;25.5;25.5;25.5;25.5;25.5;25.5;25.5;25.5;25.5;25.5;25.5;25.5;25.5;25.5;25.5;25.5;25.5;25.5;25.5
242;192.63800000000003;25.5;25.5;25.5;25.5;25.5;25.5;25.5;25.5;25.5;25.5;25.5;25.5;25.5;25.5;25.5;25.5;25.5;25.828;25.5;25.5;25.5;25.5;25.5;25.5;25.5;25.5;25.5;25.5;25.5
243;357.331;25.5;25.5;25.5;25.5;25.5;25.5;25.5;25.5;25.5;25.5;25.5;25.5;25.5;25.5;25.5;25.5;25.5;25.5;25.5;25.5;25.5;25.5;25.5;25.5;25.5;25.5;25.5;25.5;25.5
244;1649.8300000000002;25.992;25.5;25.828;25.5;25.5;25.5;25.5;25.5;25.5;25.664;25.828;25.664;25.5;25.5;25.664;25.5;25.5;26.32;25.5;25.5;25.5;25.5;25.5;25.5;25.5;25.5;25.5;25.5;25.5
245;335.258;25.664;25.664;25.5;25.5;25.5;25.5;25.5;25.5;25.5;25.5;25.5;25.5;25.5;25.5;25.5;25.5;25.5;27.468;25.5;25.5;25.5;25.5;25.5;25.5;25.5;25.5;25.5;25.5;25.5
246;444.995;25.664;25.664;25.664;25.5;25.5;25.5;25.5;25.5;25.5;25.5;25.5;25.5;25.5;25.5;25.5;25.5;25.5;25.5;25.5;25.5;25.5;25.5;25.5;25.5;25.5;25.5;25.5;25.5;25.5
247;19.125;19.125;19.125;19.125;19.125;19.125;19.125;19.125;19.125;19.125;19.125;19.125;19.125;19.125;19.125;19.125;19.125;19.125;19.125;19.125;19.125;19.125;19.125;19.125;19.125;19.125;19.125;19.125;19.125;19.125
248;149.613;25.5;25.5;25.828;25.5;25.5;25.5;25.5;25.5;25.5;25.5;25.5;25.5;25.5;25.5;25.5;25.5;25.5;25.5;25.5;25.5;25.5;25.5;25.5;25.5;25.5;25.5;25.5;25.5;25.5
249;986.5229999999999;19.289;19.453;19.125;19.125;19.125;19.125;19.125;19.125;19.125;19.125;19.125;19.617;19.125;19.125;19.125;19.125;19.125;20.109;19.125;19.125;19.125;19.125;19.125;19.125;19.125;19.289;19.125;19.125;19.125
250;691.5450000000001;19.125;19.125;19.617;19.125;19.125;19.125;19.125;19.125;19.125;19.125;19.125;19.125;19.125;19.125;19.125;19.125;19.125;19.289;19.125;19.125;19.125;19.125;19.125;19.125;19.125;19.125;19.125;19.125;19.125
251;175.478;25.828;25.5;25.5;25.5;25.5;25.5;25.5;25.5;25.5;25.5;25.5;25.5;25.5;25.5;25.5;25.5;25.5;25.664;25.5;25.5;25.5;25.5;25.5;25.5;25.5;25.5;25.5;25.5;25.5
252;474.383;19.289;19.289;19.125;19.125;19.125;19.125;19.125;19.125;19.125;19.125;19.125;19.125;19.125;19.125;19.125;19.125;19.125;19.781;19.125;19.125;19.125;19.125;19.125;19.125;19.125;19.125;19.125;19.125;19.125
253;341.897;26.156;25.664;25.5;25.5;25.5;25.5;25.5;25.5;25.5;25.5;25.5;25.5;25.5;25.5;25.5;25.5;25.5;25.5;25.5;25.5;25.5;25.5;25.5;25.5;25.5;25.5;25.5;25.5;25.5
254;224.512;25.5;25.5;25.828;25.5;25.5;25.5;25.5;25.5;25.5;25.5;25.5;25.5;25.5;25.5;25.5;25.5;25.5;25.5;25.5;25.5;25.5;25.5;25.5;25.5;25.5;25.5;25.5;25.5;25.5
255;25.5;25.5;25.5;25.5;25.5;25.5;25.5;25.5;25.5;25.5;25.5;25.5;25.5;25.5;25.5;25.5;25.5;25.5;25.5;25.5;25.5;25.5;25.5;25.5;25.5;25.5;25.5;25.5;25.5;25.5
256;1715.9170000000001;25.5;25.5;25.5;25.5;25.5;25.5;25.5;25.5;25.5;25.5;25.5;25.5;25.5;25.5;25.5;25.5;25.5;25.992;25.5;25.5;25.5;25.5;25.5;25.5;25.5;25.5;25.5;25.5;25.5
257;323.358;25.664;25.5;25.5;25.5;25.5;25.5;25.5;25.5;25.5;25.5;25.5;25.5;25.5;25.5;25.5;25.5;25.5;25.5;25.5;25.5;25.5;25.5;25.5;25.5;25.5;25.5;25.5;25.5;25.5
258;930.118;25.5;25.5;25.5;25.5;25.5;25.5;25.5;25.5;25.5;25.5;25.5;25.828;25.5;25.5;25.5;25.5;25.5;26.32;25.5;25.5;25.5;25.5;25.5;25.5;25.5;25.5;25.664;25.5;25.5
259;1109.541;25.5;25.664;25.828;25.5;25.5;25.5;25.5;25.5;25.5;25.5;25.664;25.992;25.828;25.5;25.5;25.5;25.5;28.616;25.5;25.5;25.664;26.156;25.5;25.5;25.5;25.5;25.5;25.664;25.664
260;232.301;25.664;25.664;25.5;25.5;25.5;25.5;25.5;25.5;25.5;25.5;25.5;25.5;25.5;25.5;25.5;25.5;25.5;26.156;25.5;25.5;25.5;25.5;25.5;25.5;25.5;25.5;25.5;25.5;25.5
261;2463.123;20.601;19.125;20.601;19.125;19.125;19.125;19.125;19.125;20.437;19.125;19.781;20.437;19.781;19.453;19.453;19.289;19.125;23.389;19.125;19.289;20.929;21.257;19.945;19.781;19.125;19.453;19.781;21.749;21.421
262;382.001;25.5;25.5;25.5;25.5;25.5;25.5;25.5;25.5;25.5;25.664;25.5;25.5;25.5;25.5;25.828;25.5;25.5;28.944;25.5;25.5;25.5;25.5;25.5;25.5;25.5;25.5;25.5;25.5;25.5
263;194.202;19.125;19.289;19.125;19.125;19.125;19.125;19.125;19.125;19.125;19.125;19.289;19.125;19.125;19.125;19.125;19.125;19.125;19.289;19.125;19.125;19.125;19.125;19.125;19.125;19.125;19.125;19.125;19.125;19.125
264;1297.585;26.32;25.828;25.5;25.5;25.5;25.5;25.5;25.5;25.664;25.5;25.664;25.828;25.5;25.5;25.5;25.5;25.5;28.288;25.5;25.5;25.992;25.664;25.5;25.5;25.5;25.5;25.5;25.5;25.5
265;607.991;19.289;19.125;19.289;19.125;19.125;19.125;19.125;19.125;19.125;19.125;19.125;19.125;19.125;19.125;19.125;19.125;19.125;20.929;19.125;19.125;19.125;19.289;19.125;19.125;19.125;19.125;19.125;19.289;19.125
266;1088.3999999999999;19.617;19.289;19.289;19.125;19.125;19.125;19.125;19.125;19.453;19.125;19.453;19.617;19.781;19.125;19.945;19.125;19.125;22.897;19.125;19.125;19.289;19.945;19.125;19.125;19.125;19.125;19.125;19.617;19.945
267;1433.527;25.828;25.828;26.156;25.5;25.5;25.5;25.5;25.5;25.5;25.5;25.664;25.992;25.992;25.992;25.5;25.664;25.5;28.78;25.5;25.5;25.664;25.664;25.5;25.664;25.5;25.5;25.664;25.664;25.828
268;913.484;19.453;19.289;19.125;19.125;19.125;19.125;19.125;19.125;19.125;19.125;19.125;19.125;19.125;19.125;19.125;19.125;19.125;19.453;19.125;19.125;19.125;19.125;19.125;19.125;19.125;19.125;19.125;19.125;19.125
269;25.5;25.5;25.5;25.5;25.5;25.5;25.5;25.5;25.5;25.5;25.5;25.5;25.5;25.5;25.5;25.5;25.5;25.5;25.5;25.5;25.5;25.5;25.5;25.5;25.5;25.5;25.5;25.5;25.5;25.5
270;2573.538;19.289;19.453;20.109;19.125;19.125;19.125;19.125;19.125;19.453;19.125;19.617;19.453;19.453;19.125;19.453;19.125;19.125;21.421;19.125;19.125;19.453;19.945;19.125;19.453;19.125;19.125;19.125;19.125;19.781
271;201.167;25.664;25.5;25.5;25.5;25.5;25.5;25.5;25.5;25.5;25.5;25.5;25.5;25.5;25.5;25.5;25.5;25.5;26.484;25.5;25.5;25.5;25.5;25.5;25.5;25.5;25.5;25.5;25.5;25.5
272;634.693;25.664;25.5;25.5;25.5;25.5;25.5;25.5;25.5;25.5;25.5;25.5;25.828;25.5;25.5;25.5;25.5;25.5;26.976;25.5;25.5;25.5;25.664;25.5;25.5;25.5;25.5;25.5;25.5;25.5
273;25.5;25.5;25.5;25.5;25.5;25.5;25.5;25.5;25.5;25.5;25.5;25.5;25.5;25.5;25.5;25.5;25.5;25.5;25.5;25.5;25.5;25.5;25.5;25.5;25.5;25.5;25.5;25.5;25.5;25.5
274;4095.2330000000006;27.304;26.32;26.484;25.5;25.5;25.5;25.5;25.5;25.664;25.5;25.828;26.156;25.828;25.992;25.5;25.5;25.5;29.764;25.5;25.5;25.5;25.664;25.5;25.5;25.5;25.5;25.5;25.5;25.828
275;355.73600000000005;25.5;25.5;25.5;25.5;25.5;25.5;25.5;25.5;25.5;25.5;25.5;25.5;25.5;25.5;25.5;25.5;25.5;25.664;25.5;25.5;25.5;25.5;25.5;25.5;25.5;25.5;25.5;25.5;25.5
276;736.4739999999999;25.5;25.5;25.5;25.5;25.5;25.5;25.5;25.5;25.5;25.5;25.5;25.5;25.5;25.5;25.5;25.5;25.5;26.484;25.5;25.5;25.5;25.5;25.5;25.5;25.5;25.5;25.5;25.5;25.5
277;697.962;25.5;25.664;25.992;25.5;25.5;25.5;25.5;25.5;25.664;25.5;25.664;25.828;25.992;25.5;25.828;25.5;25.5;27.304;25.5;25.5;25.828;26.156;25.5;25.5;25.5;25.5;25.5;25.5;26.648
278;955.6759999999999;26.648;25.5;25.992;25.5;25.5;25.5;25.5;25.5;25.5;25.5;25.5;25.5;25.5;25.5;25.5;25.5;25.5;30.092;25.5;25.5;25.664;25.5;25.5;25.5;25.5;25.5;25.5;25.5;25.5
279;653.637;19.125;19.125;19.125;19.125;19.125;19.125;19.125;19.125;19.125;19.125;19.125;19.125;19.125;19.125;19.125;19.125;19.125;23.061;19.125;19.125;19.289;19.125;19.125;19.125;19.125;19.125;19.125;19.125;19.125
280;25.5;25.5;25.5;25.5;25.5;25.5;25.5;25.5;25.5;25.5;25.5;25.5;25.5;25.5;25.5;25.5;25.5;25.5;25.5;25.5;25.5;25.5;25.5;25.5;25.5;25.5;25.5;25.5;25.5;25.5
281;881.4540000000001;26.32;25.664;25.5;25.5;25.5;25.5;25.5;25.5;25.5;25.664;25.5;25.5;25.5;25.5;25.5;25.5;25.5;27.96;25.5;25.5;25.5;25.5;25.5;25.5;25.5;25.5;25.5;25.5;25.5
282;28.48;25.5;25.5;25.5;25.5;25.5;25.5;25.5;25.5;25.5;25.5;25.5;25.5;25.5;25.5;25.5;25.5;25.5;25.5;25.5;25.5;25.5;25.5;25.5;25.5;25.5;25.5;25.5;25.5;25.5
283;1640.887;25.828;25.992;26.812;25.5;25.5;25.5;25.5;25.5;25.5;25.5;25.5;25.5;25.664;25.5;25.5;25.5;25.5;29.272;25.5;25.5;25.664;25.5;25.5;25.5;25.5;25.5;25.5;25.828;25.664
284;173.567;25.5;25.5;26.156;25.5;25.5;25.5;25.5;25.5;25.5;25.5;25.5;25.5;25.5;25.5;25.5;25.5;25.5;25.828;25.5;25.5;25.5;25.5;25.5;25.5;25.5;25.5;25.5;25.5;25.5
285;359.67400000000004;25.5;25.664;25.992;25.5;25.5;25.5;25.5;25.5;25.5;25.5;25.5;25.5;25.5;25.5;25.5;25.5;25.5;25.828;25.5;25.5;25.5;25.5;25.5;25.5;25.5;25.5;25.5;25.5;25.5
286;76.225;19.453;19.289;19.125;19.125;19.125;19.125;19.125;19.125;19.125;19.125;19.125;19.125;19.125;19.125;19.125;19.125;19.125;19.125;19.125;19.125;19.125;19.125;19.125;19.125;19.125;19.125;19.125;19.125;19.125
287;257.057;25.664;25.828;25.5;25.5;25.5;25.5;25.5;25.5;25.5;25.5;25.5;25.828;25.5;25.5;25.5;25.5;25.5;27.468;25.5;25.5;25.5;25.5;25.5;25.5;25.5;25.5;25.5;25.5;25.5
288;429.784;25.664;25.664;25.664;25.5;25.5;25.5;25.5;25.5;25.5;25.5;25.664;25.5;25.5;25.5;25.5;25.5;25.5;26.32;25.5;25.5;25.5;25.5;25.5;25.5;25.5;25.5;25.5;25.5;25.5
289;372.22;25.5;25.5;25.5;25.5;25.5;25.5;25.5;25.5;25.5;25.5;25.5;25.664;25.5;25.5;25.5;25.5;25.5;28.451999999999998;25.5;25.5;25.5;25.5;25.5;25.5;25.5;25.5;25.5;25.5;25.5
290;25.5;25.5;25.5;25.5;25.5;25.5;25.5;25.5;25.5;25.5;25.5;25.5;25.5;25.5;25.5;25.5;25.5;25.5;25.5;25.5;25.5;25.5;25.5;25.5;25.5;25.5;25.5;25.5;25.5;25.5
291;25.5;25.5;25.5;25.5;25.5;25.5;25.5;25.5;25.5;25.5;25.5;25.5;25.5;25.5;25.5;25.5;25.5;25.5;25.5;25.5;25.5;25.5;25.5;25.5;25.5;25.5;25.5;25.5;25.5;25.5
292;848.9090000000001;19.289;19.617;19.617;19.125;19.125;19.125;19.125;19.125;19.453;19.289;19.125;19.453;19.125;19.125;19.125;19.125;19.125;23.389;19.125;19.125;19.289;19.125;19.125;19.125;19.125;19.125;19.125;19.125;19.289
293;143.626;25.664;25.664;25.828;25.5;25.5;25.5;25.5;25.5;25.5;25.5;25.5;25.5;25.5;25.5;25.5;25.5;25.5;25.5;25.5;25.5;25.5;25.5;25.5;25.5;25.5;25.5;25.5;25.5;25.5
294;155.16500000000002;25.5;25.5;25.5;25.5;25.5;25.5;25.5;25.5;25.5;25.5;25.5;25.5;25.5;25.5;25.5;25.5;25.5;26.812;25.5;25.5;25.5;25.5;25.5;25.5;25.5;25.5;25.5;25.5;25.5
295;448.615;25.5;25.664;25.5;25.5;25.5;25.5;25.5;25.5;25.664;25.5;25.5;25.5;25.5;25.5;25.5;25.5;25.5;26.484;25.5;25.5;25.5;25.5;25.5;25.5;25.5;25.5;25.5;25.664;25.5
296;3771.389;21.093;19.289;20.273;19.125;19.125;19.125;19.125;19.125;19.289;19.289;19.945;19.945;19.453;19.289;19.289;19.289;19.125;31.753;19.125;19.125;19.781;20.601;19.289;19.617;19.125;19.289;19.453;20.273;19.289
297;37.748;25.5;25.5;25.5;25.5;25.5;25.5;25.5;25.5;25.5;25.5;25.5;25.5;25.5;25.5;25.5;25.5;25.5;25.5;25.5;25.5;25.5;25.5;25.5;25.5;25.5;25.5;25.5;25.5;25.5
298;179.996;19.125;19.125;19.125;19.125;19.125;19.125;19.125;19.125;19.125;19.125;19.125;19.125;19.125;19.125;19.125;19.125;19.125;19.125;19.125;19.125;19.125;19.125;19.125;19.125;19.125;19.125;19.125;19.125;19.125
299;318.885;19.125;19.125;19.125;19.125;19.125;19.125;19.125;19.125;19.125;19.125;19.125;19.125;19.125;19.125;19.125;19.125;19.125;19.125;19.125;19.125;19.125;19.125;19.125;19.125;19.125;19.125;19.125;19.125;19.125
300;276.092;25.5;25.5;25.5;25.5;25.5;25.5;25.5;25.5;25.5;25.5;25.5;25.5;25.5;25.5;25.5;25.5;25.5;25.5;25.5;25.5;25.5;25.5;25.5;25.5;25.5;25.5;25.5;25.5;25.5
301;488.076;25.5;25.5;25.828;25.5;25.5;25.5;25.5;25.5;25.5;25.5;25.5;25.5;25.5;25.5;25.5;25.5;25.5;26.976;25.5;25.5;25.5;25.5;25.5;25.5;25.5;25.5;25.5;25.5;25.5
302;1706.5700000000002;20.273;19.781;19.617;19.125;19.125;19.125;19.125;19.125;19.453;19.453;19.945;19.781;19.453;19.453;19.289;19.289;19.125;22.076999999999998;19.125;19.125;19.289;20.601;19.125;19.125;19.125;19.289;19.289;19.125;19.781
303;19.125;19.125;19.125;19.125;19.125;19.125;19.125;19.125;19.125;19.125;19.125;19.125;19.125;19.125;19.125;19.125;19.125;19.125;19.125;19.125;19.125;19.125;19.125;19.125;19.125;19.125;19.125;19.125;19.125;19.125
304;677.99;25.5;25.5;26.484;25.5;25.5;25.5;25.5;25.5;25.828;25.5;25.5;25.5;25.5;25.5;25.5;25.5;25.5;29.108;25.5;25.5;25.5;25.664;25.5;25.5;25.5;25.5;25.5;25.5;25.5
305;25.5;25.5;25.5;25.5;25.5;25.5;25.5;25.5;25.5;25.5;25.5;25.5;25.5;25.5;25.5;25.5;25.5;25.5;25.5;25.5;25.5;25.5;25.5;25.5;25.5;25.5;25.5;25.5;25.5;25.5
306;325.546;25.5;25.5;25.5;25.5;25.5;25.5;25.5;25.5;25.664;25.5;25.5;25.5;25.5;25.5;25.5;25.5;25.5;25.5;25.5;25.5;25.5;25.5;25.5;25.5;25.5;25.5;25.5;25.5;25.5
307;25.5;25.5;25.5;25.5;25.5;25.5;25.5;25.5;25.5;25.5;25.5;25.5;25.5;25.5;25.5;25.5;25.5;25.5;25.5;25.5;25.5;25.5;25.5;25.5;25.5;25.5;25.5;25.5;25.5;25.5
308;427.56500000000005;25.5;25.5;25.828;25.5;25.5;25.5;25.5;25.5;25.5;25.5;25.5;25.5;25.5;25.5;25.5;25.5;25.5;25.664;25.5;25.5;25.5;25.5;25.5;25.5;25.5;25.5;25.5;25.5;25.5
309;294.179;26.484;25.5;25.664;25.5;25.5;25.5;25.5;25.5;25.5;25.5;25.5;25.5;25.5;25.5;25.5;25.5;25.5;25.664;25.5;25.5;25.5;25.5;25.5;25.5;25.5;25.5;25.5;25.5;25.5
310;615.73;25.5;25.664;25.5;25.5;25.5;25.5;25.5;25.5;25.664;25.5;25.5;25.664;25.5;25.5;25.5;25.5;25.5;27.304;25.5;25.5;25.664;25.5;25.5;25.5;25.5;25.5;25.5;25.5;25.5
311;42.787;19.125;19.125;19.125;19.125;19.125;19.125;19.125;19.125;19.125;19.125;19.125;19.125;19.125;19.125;19.125;19.125;19.125;19.125;19.125;19.125;19.125;19.125;19.125;19.125;19.125;19.125;19.125;19.125;19.125
312;1159.5400000000002;19.617;19.453;19.125;19.125;19.125;19.125;19.125;19.125;19.125;19.781;19.125;19.617;19.125;19.125;19.125;19.125;19.125;20.437;19.125;19.125;19.125;19.125;19.125;19.125;19.125;19.125;19.125;19.125;19.125
313;497.707;25.5;25.5;25.5;25.5;25.5;25.5;25.5;25.5;25.5;25.5;25.5;25.5;25.5;25.5;25.5;25.5;25.5;27.96;25.5;25.5;25.5;25.5;25.5;25.5;25.5;25.5;25.5;25.5;25.5
314;683.8280000000001;26.484;25.664;25.5;25.5;25.5;25.5;25.5;25.5;25.5;25.5;25.5;25.5;25.5;25.5;25.5;25.5;25.5;30.256;25.5;25.5;25.5;25.5;25.5;25.5;25.5;25.5;25.5;25.5;25.5
315;485.59;25.5;25.5;25.5;25.5;25.5;25.5;25.5;25.5;25.5;25.5;25.5;25.5;25.5;25.5;25.5;25.5;25.5;28.124;25.5;25.5;25.5;25.5;25.5;25.5;25.5;25.5;25.5;25.5;25.5
316;474.062;25.828;25.5;25.5;25.5;25.5;25.5;25.5;25.5;25.5;25.5;25.5;25.5;25.5;25.5;25.5;25.5;25.5;25.992;25.5;25.5;25.5;25.5;25.5;25.5;25.5;25.5;25.5;25.5;25.5
317;3310.272;19.125;19.125;19.125;19.125;19.125;19.125;19.125;19.125;19.125;19.453;19.289;19.453;19.125;19.125;19.125;19.125;19.125;23.389;19.125;19.125;19.125;19.125;19.125;19.125;19.125;19.125;19.125;19.125;19.125
318;746.0219999999999;25.5;25.5;25.5;25.5;25.5;25.5;25.5;25.5;25.5;25.828;25.5;25.664;25.828;25.5;25.5;25.5;25.5;30.256;25.5;25.5;25.664;25.5;25.5;25.5;25.5;25.5;25.5;25.992;25.5
319;25.5;25.5;25.5;25.5;25.5;25.5;25.5;25.5;25.5;25.5;25.5;25.5;25.5;25.5;25.5;25.5;25.5;25.5;25.5;25.5;25.5;25.5;25.5;25.5;25.5;25.5;25.5;25.5;25.5;25.5
320;506.75500000000005;25.664;25.5;25.828;25.5;25.5;25.5;25.5;25.5;25.5;25.5;25.5;25.5;25.5;25.5;25.5;25.5;25.5;27.14;25.5;25.5;25.5;25.5;25.5;25.5;25.5;25.5;25.5;25.992;25.5
321;19.125;19.125;19.125;19.125;19.125;19.125;19.125;19.125;19.125;19.125;19.125;19.125;19.125;19.125;19.125;19.125;19.125;19.125;19.125;19.125;19.125;19.125;19.125;19.125;19.125;19.125;19.125;19.125;19.125;19.125
322;219.788;25.992;25.828;25.828;25.5;25.5;25.5;25.5;25.5;25.5;25.5;25.5;25.5;25.5;25.5;25.5;25.5;25.5;25.5;25.5;25.5;25.5;25.5;25.5;25.5;25.5;25.5;25.5;25.5;25.5
323;176.88000000000002;19.125;19.125;19.125;19.125;19.125;19.125;19.125;19.125;19.125;19.125;19.125;19.125;19.125;19.125;19.125;19.125;19.125;19.617;19.125;19.125;19.125;19.125;19.125;19.125;19.125;19.125;19.125;19.125;19.125
324;413.05899999999997;25.992;26.156;25.5;25.5;25.5;25.5;25.5;25.5;25.5;25.5;25.5;25.5;25.5;25.5;25.5;25.5;25.5;25.5;25.5;25.5;25.5;25.5;25.5;25.5;25.5;25.5;25.5;25.5;25.5
325;630.913;25.5;25.5;25.5;25.5;25.5;25.5;25.5;25.5;25.5;25.5;25.5;25.5;25.5;25.5;25.5;25.5;25.5;26.484;25.5;25.5;25.5;25.5;25.5;25.5;25.5;25.5;25.5;25.5;25.5
326;19.125;19.125;19.125;19.125;19.125;19.125;19.125;19.125;19.125;19.125;19.125;19.125;19.125;19.125;19.125;19.125;19.125;19.125;19.125;19.125;19.125;19.125;19.125;19.125;19.125;19.125;19.125;19.125;19.125;19.125
327;425.93000000000006;19.289;19.289;19.125;19.125;19.125;19.125;19.125;19.125;19.289;19.125;19.453;19.781;19.453;19.125;19.289;19.125;19.125;21.913;19.125;19.125;19.617;19.125;19.125;19.125;19.125;19.125;19.125;19.125;19.289
328;410.97100000000006;25.828;25.664;25.5;25.5;25.5;25.5;25.5;25.5;25.664;25.5;25.5;25.828;25.5;25.5;25.5;25.5;25.5;25.5;25.5;25.5;25.5;25.5;25.5;25.5;25.5;25.5;25.5;25.5;25.5
329;25.5;25.5;25.5;25.5;25.5;25.5;25.5;25.5;25.5;25.5;25.5;25.5;25.5;25.5;25.5;25.5;25.5;25.5;25.5;25.5;25.5;25.5;25.5;25.5;25.5;25.5;25.5;25.5;25.5;25.5
330;133.80700000000002;25.5;25.5;25.828;25.5;25.5;25.5;25.5;25.5;25.5;25.5;25.5;25.5;25.5;25.5;25.5;25.5;25.5;25.5;25.5;25.5;25.5;25.5;25.5;25.5;25.5;25.5;25.5;25.5;25.5
331;123.02199999999999;25.5;26.156;25.664;25.5;25.5;25.5;25.5;25.5;25.5;25.5;25.664;25.828;25.5;25.664;25.5;25.5;25.5;28.288;25.5;25.5;25.5;25.5;25.5;25.5;25.5;25.5;25.5;25.5;25.664
332;27.154;25.5;25.5;25.5;25.5;25.5;25.5;25.5;25.5;25.5;25.5;25.5;25.5;25.5;25.5;25.5;25.5;25.5;25.5;25.5;25.5;25.5;25.5;25.5;25.5;25.5;25.5;25.5;25.5;25.5
333;231.125;25.664;25.992;25.5;25.5;25.5;25.5;25.5;25.5;25.664;25.5;25.5;25.5;25.5;25.5;25.5;25.5;25.5;27.14;25.5;25.5;25.5;25.5;25.5;25.5;25.5;25.5;25.5;25.5;25.5
334;25.5;25.5;25.5;25.5;25.5;25.5;25.5;25.5;25.5;25.5;25.5;25.5;25.5;25.5;25.5;25.5;25.5;25.5;25.5;25.5;25.5;25.5;25.5;25.5;25.5;25.5;25.5;25.5;25.5;25.5
335;2138.8900000000003;25.664;25.664;25.5;25.5;25.5;25.5;25.5;25.5;25.5;25.5;25.5;25.5;25.5;25.5;25.5;25.5;25.5;26.976;25.5;25.5;25.5;25.5;25.5;25.5;25.5;25.5;25.5;25.5;25.5
336;26.156;25.664;25.5;25.5;25.5;25.5;25.5;25.5;25.5;25.5;25.5;25.5;25.5;25.5;25.5;25.5;25.5;25.5;25.5;25.5;25.5;25.5;25.5;25.5;25.5;25.5;25.5;25.5;25.5;25.5
337;1540.4669999999999;26.156;25.5;25.5;25.5;25.5;25.5;25.5;25.5;25.5;25.5;25.5;25.5;25.5;25.5;25.5;25.5;25.5;29.764;25.5;25.5;25.5;25.5;25.5;25.5;25.5;25.828;25.5;25.5;25.5
338;59.262;25.5;25.5;25.5;25.5;25.5;25.5;25.5;25.5;25.5;25.5;25.5;25.5;25.5;25.5;25.5;25.5;25.5;25.5;25.5;25.5;25.5;25.5;25.5;25.5;25.5;25.5;25.5;25.5;25.5
339;43.38;25.5;25.5;25.5;25.5;25.5;25.5;25.5;25.5;25.5;25.5;25.5;25.5;25.5;25.5;25.5;25.5;25.5;25.5;25.5;25.5;25.5;25.5;25.5;25.5;25.5;25.5;25.5;25.5;25.5
340;1204.934;25.5;25.828;25.5;25.5;25.5;25.5;25.5;25.5;25.5;25.5;25.5;25.5;25.5;25.5;25.5;25.5;25.5;27.468;25.5;25.5;25.5;25.5;25.5;25.5;25.5;25.5;25.5;25.5;25.5
341;1007.8240000000001;25.664;25.664;25.5;25.5;25.5;25.5;25.5;25.5;25.664;25.664;25.664;25.5;25.5;25.5;25.5;25.5;25.5;26.648;25.5;25.5;25.5;25.5;25.5;25.5;25.5;25.5;25.5;25.5;25.5
342;19.125;19.125;19.125;19.125;19.125;19.125;19.125;19.125;19.125;19.125;19.125;19.125;19.125;19.125;19.125;19.125;19.125;19.125;19.125;19.125;19.125;19.125;19.125;19.125;19.125;19.125;19.125;19.125;19.125;19.125
343;25.5;25.5;25.5;25.5;25.5;25.5;25.5;25.5;25.5;25.5;25.5;25.5;25.5;25.5;25.5;25.5;25.5;25.5;25.5;25.5;25.5;25.5;25.5;25.5;25.5;25.5;25.5;25.5;25.5;25.5
344;977.0780000000001;25.664;25.664;25.828;25.5;25.5;25.5;25.5;25.5;25.664;25.5;25.992;25.5;25.5;25.5;25.5;25.5;25.5;27.96;25.5;25.5;25.5;25.5;25.5;25.5;25.5;25.5;25.5;25.5;25.5
345;1075.6380000000001;25.828;25.664;25.5;25.5;25.5;25.5;25.5;25.5;25.5;25.5;25.5;25.5;25.5;25.5;25.5;25.5;25.5;27.96;25.5;25.5;25.5;25.5;25.5;25.5;25.5;25.5;25.5;25.5;25.5
346;849.7;19.125;19.125;19.125;19.125;19.125;19.125;19.125;19.125;19.125;19.125;19.289;19.453;19.125;19.125;19.125;19.125;19.125;23.553;19.125;19.125;19.125;19.125;19.125;19.125;19.125;19.125;19.125;19.125;19.289
347;838.244;26.812;26.32;25.5;25.5;25.5;25.5;25.5;25.5;26.484;25.5;25.828;26.648;26.156;25.5;25.5;25.664;25.5;34.519999999999996;25.5;25.5;25.664;25.5;25.5;25.5;25.5;25.5;25.5;25.5;26.648
348;793.1700000000001;19.617;19.289;19.125;19.125;19.125;19.125;19.125;19.125;19.125;19.125;19.125;19.125;19.125;19.125;19.125;19.125;19.125;19.125;19.125;19.125;19.125;19.125;19.125;19.125;19.125;19.125;19.125;19.125;19.125
349;27.96;25.5;25.5;25.5;25.5;25.5;25.5;25.5;25.5;25.5;25.5;25.5;25.5;25.5;25.5;25.5;25.5;25.5;25.664;25.5;25.5;25.5;25.5;25.5;25.5;25.5;25.5;25.5;25.5;25.5
350;1108.7020000000002;25.828;26.32;26.32;25.5;25.5;25.5;25.5;25.5;25.992;25.5;25.664;25.664;25.828;25.5;25.5;25.5;25.5;34.519999999999996;25.5;25.5;25.5;25.5;25.5;25.664;25.5;25.5;25.5;25.5;25.664
351;209.509;25.5;25.5;25.828;25.5;25.5;25.5;25.5;25.5;25.5;25.5;25.5;25.5;25.5;25.5;25.5;25.5;25.5;26.484;25.5;25.5;25.828;26.32;25.5;25.5;25.5;25.5;25.5;25.5;25.5
352;648.3820000000001;19.125;19.617;19.453;19.125;19.125;19.125;19.125;19.125;19.453;19.125;19.289;19.617;19.453;19.125;19.125;19.125;19.125;28.145;19.125;19.125;19.289;20.109;19.125;19.125;19.125;19.125;19.125;19.125;19.125
353;206.50300000000004;25.828;25.664;25.5;25.5;25.5;25.5;25.5;25.5;25.5;25.5;25.5;25.5;25.5;25.5;25.5;25.5;25.5;25.828;25.5;25.5;25.5;25.5;25.5;25.5;25.5;25.5;25.5;25.5;25.5
354;462.937;19.125;19.289;19.125;19.125;19.125;19.125;19.125;19.125;19.125;19.125;19.289;19.125;19.125;19.125;19.125;19.125;19.125;19.125;19.125;19.125;19.125;19.125;19.125;19.125;19.125;19.125;19.125;19.125;19.125
355;81.944;25.992;25.5;25.5;25.5;25.5;25.5;25.5;25.5;25.5;25.5;25.5;25.5;25.5;25.5;25.5;25.5;25.5;25.5;25.5;25.5;25.5;25.5;25.5;25.5;25.5;25.5;25.5;25.5;25.5
356;4919.09;21.093;19.617;19.781;19.125;19.125;19.125;19.125;19.125;19.289;19.289;19.781;19.289;19.453;19.125;19.125;19.125;19.125;21.257;19.125;19.125;19.453;19.125;19.125;19.125;19.125;19.125;19.125;19.289;19.289
357;539.3050000000001;19.125;19.289;19.453;19.125;19.125;19.125;19.125;19.125;19.125;19.125;19.617;19.125;19.125;19.125;19.125;19.125;19.125;26.833;19.125;19.125;19.125;19.125;19.125;19.125;19.125;19.125;19.125;19.453;20.109
358;409.894;25.5;25.5;25.828;25.5;25.5;25.5;25.5;25.5;25.5;25.5;25.5;25.5;25.828;25.5;25.5;25.5;25.5;28.124;25.5;25.5;25.5;25.5;25.5;25.5;25.5;25.5;25.5;25.664;25.5
359;266.499;25.5;25.5;25.5;25.5;25.5;25.5;25.5;25.5;25.5;25.5;25.5;25.5;25.5;25.5;25.5;25.5;25.5;26.976;25.5;25.5;25.5;25.5;25.5;25.5;25.5;25.5;25.5;25.5;25.5
360;25.5;25.5;25.5;25.5;25.5;25.5;25.5;25.5;25.5;25.5;25.5;25.5;25.5;25.5;25.5;25.5;25.5;25.5;25.5;25.5;25.5;25.5;25.5;25.5;25.5;25.5;25.5;25.5;25.5;25.5
361;216.00900000000001;25.5;25.664;25.5;25.5;25.5;25.5;25.5;25.5;25.5;25.5;25.5;25.664;25.5;25.5;25.5;25.5;25.5;27.304;25.5;25.5;25.5;25.5;25.5;25.5;25.5;25.5;25.5;25.5;25.5
362;32.116;25.5;25.5;25.5;25.5;25.5;25.5;25.5;25.5;25.5;25.5;25.5;25.5;25.5;25.5;25.5;25.5;25.5;25.5;25.5;25.5;25.5;25.5;25.5;25.5;25.5;25.5;25.5;25.5;25.5
363;25.5;25.5;25.5;25.5;25.5;25.5;25.5;25.5;25.5;25.5;25.5;25.5;25.5;25.5;25.5;25.5;25.5;25.5;25.5;25.5;25.5;25.5;25.5;25.5;25.5;25.5;25.5;25.5;25.5;25.5
364;60.374;26.976;25.5;25.5;25.5;25.5;25.5;25.5;25.5;25.5;25.5;25.5;25.5;25.5;25.5;25.5;25.5;25.5;25.5;25.5;25.5;25.5;25.5;25.5;25.5;25.5;25.5;25.5;25.5;25.5
365;332.726;25.5;25.5;25.5;25.5;25.5;25.5;25.5;25.5;25.5;25.5;25.5;25.5;25.5;25.5;25.5;25.5;25.5;25.5;25.5;25.5;25.5;25.5;25.5;25.5;25.5;25.5;25.5;25.5;25.5
366;75.897;25.992;25.828;25.5;25.5;25.5;25.5;25.5;25.5;25.5;25.5;25.5;25.5;25.5;25.5;25.5;25.5;25.5;25.5;25.5;25.5;25.5;25.5;25.5;25.5;25.5;25.5;25.5;25.5;25.5
367;403.771;19.453;19.289;19.125;19.125;19.125;19.125;19.125;19.125;19.125;19.125;19.125;19.125;19.125;19.125;19.125;19.125;19.125;19.125;19.125;19.125;19.125;19.125;19.125;19.125;19.125;19.125;19.125;19.125;19.125
368;701.798;25.664;25.664;25.664;25.5;25.5;25.5;25.5;25.5;25.664;25.5;25.828;25.664;25.5;25.5;25.5;25.5;25.5;26.976;25.5;25.5;25.664;25.828;25.5;25.5;25.5;25.5;25.5;25.5;25.5
369;274.363;25.5;25.5;25.5;25.5;25.5;25.5;25.5;25.5;25.5;25.5;25.5;25.5;25.5;25.5;25.5;25.5;25.5;25.664;25.5;25.5;25.5;25.5;25.5;25.5;25.5;25.5;25.5;25.5;25.5
370;445.58500000000004;25.5;25.5;26.648;25.5;25.5;25.5;25.5;25.5;25.5;25.5;25.5;25.5;25.664;25.5;25.5;25.5;25.5;26.32;25.5;25.5;25.5;25.5;25.5;25.5;25.5;25.5;25.5;25.5;25.5
371;110.297;25.5;25.828;26.484;25.5;25.5;25.5;25.5;25.5;25.5;25.5;25.5;25.5;25.5;25.5;25.5;25.5;25.5;25.5;25.5;25.5;25.5;25.5;25.5;25.5;25.5;25.5;25.5;25.5;25.5
372;541.791;25.5;25.664;25.828;25.5;25.5;25.5;25.5;25.5;25.5;25.5;25.5;25.5;25.5;25.5;25.5;25.5;25.5;29.108;25.5;25.5;25.5;25.5;25.5;25.5;25.5;25.5;25.5;25.5;25.5
373;54.521;25.5;25.5;25.5;25.5;25.5;25.5;25.5;25.5;25.5;25.5;25.5;25.5;25.5;25.5;25.5;25.5;25.5;25.5;25.5;25.5;25.5;25.5;25.5;25.5;25.5;25.5;25.5;25.5;25.5
374;304.316;25.5;25.5;25.5;25.5;25.5;25.5;25.5;25.5;25.664;25.5;25.5;25.828;25.5;25.5;25.5;25.5;25.5;27.468;25.5;25.5;25.5;25.664;25.5;25.5;25.5;25.5;25.5;25.5;25.5
375;471.437;19.125;19.453;19.453;19.125;19.125;19.125;19.125;19.125;19.289;19.125;19.289;19.453;19.125;19.125;19.289;19.125;19.125;19.945;19.125;19.125;19.125;19.125;19.125;19.125;19.125;19.125;19.125;19.125;19.125
376;855.4770000000001;25.992;25.664;25.828;25.5;25.5;25.5;25.5;25.5;25.5;25.5;25.664;25.5;25.5;25.5;25.5;25.5;25.5;25.828;25.5;25.5;25.5;25.5;25.5;25.5;25.5;25.5;25.5;25.5;25.5
377;266.432;25.5;25.5;25.5;25.5;25.5;25.5;25.5;25.5;25.5;25.5;25.5;25.5;25.5;25.5;25.5;25.5;25.5;25.664;25.5;25.5;25.5;25.5;25.5;25.5;25.5;25.5;25.5;25.5;25.5
378;25.5;25.5;25.5;25.5;25.5;25.5;25.5;25.5;25.5;25.5;25.5;25.5;25.5;25.5;25.5;25.5;25.5;25.5;25.5;25.5;25.5;25.5;25.5;25.5;25.5;25.5;25.5;25.5;25.5;25.5
379;522.465;25.664;25.992;26.976;25.5;25.5;25.5;25.5;25.5;25.5;25.5;25.5;25.5;25.5;25.5;25.5;25.5;25.5;26.648;25.5;25.5;25.5;25.5;25.5;25.5;25.5;25.5;25.5;25.5;25.664
380;976.972;25.664;25.828;25.664;25.5;25.5;25.5;25.5;25.5;25.5;25.5;25.664;25.5;25.5;25.5;25.664;25.5;25.5;27.468;25.5;25.5;25.664;25.5;25.5;25.5;25.5;25.5;25.5;25.5;25.5
381;436.60699999999997;25.5;25.664;25.5;25.5;25.5;25.5;25.5;25.5;25.5;25.5;25.5;25.5;25.5;25.5;25.5;25.5;25.5;25.664;25.5;25.5;25.5;25.5;25.5;25.5;25.5;25.5;25.5;25.5;25.5
382;645.096;25.5;25.5;25.5;25.5;25.5;25.5;25.5;25.5;25.5;25.5;25.5;26.156;25.5;25.5;25.664;25.5;25.5;28.288;25.5;25.5;25.5;25.664;25.5;25.5;25.5;25.5;25.5;25.664;25.5
383;791.2810000000001;25.664;25.664;25.992;25.5;25.5;25.5;25.5;25.5;25.664;25.5;25.828;25.992;25.828;25.5;25.828;25.5;25.5;28.288;25.5;25.5;25.5;25.5;25.5;25.5;25.5;25.5;25.5;25.5;25.5
384;369.797;25.5;25.5;25.828;25.5;25.5;25.5;25.5;25.5;25.5;25.5;25.5;25.5;25.5;25.5;25.5;25.5;25.5;26.812;25.5;25.5;25.5;25.5;25.5;25.5;25.5;25.5;25.5;25.664;25.5
385;1299.5030000000002;25.5;25.992;25.5;25.5;25.5;25.5;25.5;25.5;25.664;25.664;25.5;25.992;25.992;25.5;25.5;25.5;25.5;27.468;25.5;25.5;25.5;25.5;25.5;25.5;25.5;25.5;25.5;25.5;25.5
386;224.372;25.664;25.664;25.5;25.5;25.5;25.5;25.5;25.5;25.664;25.5;25.5;25.664;26.156;25.5;25.5;25.5;25.5;26.976;25.5;25.5;25.5;25.5;25.5;25.5;25.5;25.5;25.5;25.5;25.5
387;1660.978;27.14;25.992;26.32;25.5;25.5;25.5;25.5;25.5;25.5;25.5;25.5;25.5;25.5;26.156;25.5;25.5;25.5;28.451999999999998;25.5;25.5;25.664;25.5;25.5;25.5;25.5;25.5;25.5;25.5;25.5
388;97.59299999999999;19.453;19.125;19.453;19.125;19.125;19.125;19.125;19.125;19.125;19.125;19.125;19.125;19.125;19.125;19.125;19.125;19.125;19.125;19.125;19.125;19.125;19.125;19.125;19.125;19.125;19.125;19.125;19.125;19.125
389;79.186;25.5;25.5;25.5;25.5;25.5;25.5;25.5;25.5;25.5;25.5;25.5;25.5;25.5;25.5;25.5;25.5;25.5;25.828;25.5;25.5;25.5;25.5;25.5;25.5;25.5;25.5;25.5;25.5;25.5
390;25.5;25.5;25.5;25.5;25.5;25.5;25.5;25.5;25.5;25.5;25.5;25.5;25.5;25.5;25.5;25.5;25.5;25.5;25.5;25.5;25.5;25.5;25.5;25.5;25.5;25.5;25.5;25.5;25.5;25.5
391;1646.4879999999998;19.781;19.453;19.125;19.125;19.125;19.125;19.125;19.125;19.453;19.125;19.617;19.453;19.453;19.125;19.125;19.289;19.125;25.521;19.125;19.125;19.125;19.289;19.125;19.125;19.125;19.453;19.125;19.617;20.437
392;117.331;25.5;25.5;25.5;25.5;25.5;25.5;25.5;25.5;25.5;25.5;25.5;25.5;25.5;25.5;25.5;25.5;25.5;28.616;25.5;25.5;25.5;25.5;25.5;25.5;25.5;25.5;25.5;25.5;25.664
393;29.992;19.125;19.125;19.125;19.125;19.125;19.125;19.125;19.125;19.125;19.125;19.125;19.125;19.125;19.125;19.125;19.125;19.125;19.125;19.125;19.125;19.125;19.125;19.125;19.125;19.125;19.125;19.125;19.125;19.125
394;185.519;25.664;25.5;25.5;25.5;25.5;25.5;25.5;25.5;25.5;25.5;25.5;25.5;25.5;25.5;25.5;25.5;25.5;25.828;25.5;25.5;25.5;25.5;25.5;25.5;25.5;25.5;25.5;25.5;25.5
395;1205.3229999999999;25.5;25.664;25.992;25.5;25.5;25.5;25.5;25.5;25.5;25.5;25.5;25.664;25.828;25.5;25.5;25.5;25.5;27.796;25.5;25.5;25.5;25.664;25.5;25.5;25.5;25.5;25.5;25.828;25.5
396;4794.365000000001;25.5;25.664;25.5;25.5;25.5;25.5;25.5;25.5;25.664;25.5;25.828;25.828;25.5;25.5;25.5;25.5;25.5;30.584;25.5;25.5;25.664;25.664;25.5;25.5;25.5;25.5;25.5;25.5;25.992
397;2699.73;19.125;19.617;19.453;19.125;19.125;19.125;19.125;19.125;19.617;19.453;19.945;19.781;19.453;19.781;19.453;19.289;19.125;25.357;19.125;19.125;19.289;20.109;19.125;19.125;19.125;19.289;19.125;19.125;19.289
398;25.5;25.5;25.5;25.5;25.5;25.5;25.5;25.5;25.5;25.5;25.5;25.5;25.5;25.5;25.5;25.5;25.5;25.5;25.5;25.5;25.5;25.5;25.5;25.5;25.5;25.5;25.5;25.5;25.5;25.5
399;652.034;19.945;19.289;19.781;19.125;19.125;19.125;19.125;19.125;19.289;19.125;19.453;19.945;19.453;19.125;19.125;19.125;19.125;26.012999999999998;19.125;19.125;19.453;19.945;19.125;19.125;19.125;19.125;19.125;19.125;19.125
400;153.955;25.5;25.5;25.5;25.5;25.5;25.5;25.5;25.5;25.5;25.5;25.5;25.5;25.5;25.5;25.5;25.5;25.5;25.5;25.5;25.5;25.5;25.5;25.5;25.5;25.5;25.5;25.5;25.5;25.5
401;25.5;25.5;25.5;25.5;25.5;25.5;25.5;25.5;25.5;25.5;25.5;25.5;25.5;25.5;25.5;25.5;25.5;25.5;25.5;25.5;25.5;25.5;25.5;25.5;25.5;25.5;25.5;25.5;25.5;25.5
402;609.6990000000001;25.5;25.5;25.5;25.5;25.5;25.5;25.5;25.5;25.5;25.5;25.5;25.5;25.5;25.5;25.5;25.5;25.5;25.828;25.5;25.5;25.5;25.5;25.5;25.5;25.5;25.5;25.5;25.828;25.5
403;28.616;25.5;25.5;25.5;25.5;25.5;25.5;25.5;25.5;25.5;25.5;25.5;25.5;25.5;25.5;25.5;25.5;25.5;25.5;25.5;25.5;25.5;25.5;25.5;25.5;25.5;25.5;25.5;25.5;25.5
404;25.5;25.5;25.5;25.5;25.5;25.5;25.5;25.5;25.5;25.5;25.5;25.5;25.5;25.5;25.5;25.5;25.5;25.5;25.5;25.5;25.5;25.5;25.5;25.5;25.5;25.5;25.5;25.5;25.5;25.5
405;1131.942;25.828;25.5;26.156;25.5;25.5;25.5;25.5;25.5;25.5;25.5;25.5;25.5;25.5;25.5;25.5;25.5;25.5;26.484;25.5;25.5;25.5;25.5;25.5;25.5;25.5;25.5;25.5;25.828;25.5
406;30.173000000000002;19.125;19.125;19.125;19.125;19.125;19.125;19.125;19.125;19.125;19.125;19.125;19.125;19.125;19.125;19.125;19.125;19.125;19.125;19.125;19.125;19.125;19.125;19.125;19.125;19.125;19.125;19.125;19.125;19.125
407;152.918;25.5;25.5;25.5;25.5;25.5;25.5;25.5;25.5;25.5;25.5;25.5;25.5;25.5;25.5;25.5;25.5;25.5;25.5;25.5;25.5;25.5;25.5;25.5;25.5;25.5;25.5;25.5;25.5;25.5
408;733.9590000000001;25.5;25.5;25.5;25.5;25.5;25.5;25.5;25.5;25.5;25.5;25.664;25.664;25.5;25.5;25.5;25.5;25.5;31.076;25.5;25.5;25.5;25.5;25.5;25.5;25.5;25.5;25.5;25.5;25.5
409;416.99299999999994;25.5;25.5;25.5;25.5;25.5;25.5;25.5;25.5;25.5;25.5;25.5;25.664;25.5;25.5;25.5;25.5;25.5;26.976;25.5;25.5;25.5;25.5;25.5;25.5;25.5;25.5;25.5;25.5;25.5
410;501.168;25.5;25.5;25.992;25.5;25.5;25.5;25.5;25.5;25.5;25.5;25.5;25.828;25.5;25.5;25.5;25.5;25.5;26.32;25.5;25.5;25.5;25.5;25.5;25.5;25.5;25.5;25.5;25.5;25.5
411;496.08000000000004;19.945;19.781;20.109;19.125;19.125;19.125;19.125;19.125;19.289;19.125;19.125;19.453;19.125;19.125;19.125;19.125;19.125;19.125;19.125;19.125;19.125;19.125;19.125;19.125;19.125;19.125;19.125;19.125;19.125
412;435.14300000000003;26.32;25.5;25.5;25.5;25.5;25.5;25.5;25.5;25.5;25.5;25.5;25.5;25.5;25.5;25.5;25.5;25.5;26.156;25.5;25.5;25.5;25.5;25.5;25.5;25.5;25.5;25.5;25.828;25.5
413;307.518;25.5;25.5;25.5;25.5;25.5;25.5;25.5;25.5;25.5;25.5;25.5;25.664;25.5;25.5;25.5;25.5;25.5;26.976;25.5;25.5;25.5;25.5;25.5;25.5;25.5;25.5;25.5;25.5;25.5
414;25.5;25.5;25.5;25.5;25.5;25.5;25.5;25.5;25.5;25.5;25.5;25.5;25.5;25.5;25.5;25.5;25.5;25.5;25.5;25.5;25.5;25.5;25.5;25.5;25.5;25.5;25.5;25.5;25.5;25.5
415;424.513;25.5;25.5;25.828;25.5;25.5;25.5;25.5;25.5;25.5;25.5;25.5;25.5;25.5;25.5;25.5;25.5;25.5;28.124;25.5;25.5;25.5;25.5;25.5;25.5;25.5;25.5;25.5;25.5;25.5
416;28.48;25.5;25.5;25.5;25.5;25.5;25.5;25.5;25.5;25.5;25.5;25.5;25.5;25.5;25.5;25.5;25.5;25.5;25.5;25.5;25.5;25.5;25.5;25.5;25.5;25.5;25.5;25.5;25.5;25.5
417;260.92400000000004;25.828;25.5;25.5;25.5;25.5;25.5;25.5;25.5;25.5;25.5;25.5;25.5;25.5;25.5;25.5;25.5;25.5;25.5;25.5;25.5;25.5;25.5;25.5;25.5;25.5;25.5;25.5;25.5;25.5
418;998.3610000000001;25.992;25.828;25.664;25.5;25.5;25.5;25.5;25.5;25.828;25.5;25.992;25.992;25.992;25.5;25.5;25.5;25.5;38.292;25.5;25.5;25.664;25.828;25.5;25.5;25.5;25.5;25.5;25.5;26.32
419;108.456;25.664;25.5;25.5;25.5;25.5;25.5;25.5;25.5;25.5;25.5;25.5;25.5;25.5;25.5;25.5;25.5;25.5;25.828;25.5;25.5;25.5;25.5;25.5;25.5;25.5;25.5;25.5;25.5;25.5
420;117.83800000000001;25.5;25.5;25.5;25.5;25.5;25.5;25.5;25.5;25.664;25.5;25.992;25.828;25.5;25.5;25.5;25.5;25.5;25.5;25.5;25.5;25.5;25.5;25.5;25.5;25.5;25.5;25.5;25.5;25.5
421;233.75799999999998;25.5;25.5;25.5;25.5;25.5;25.5;25.5;25.5;25.5;25.5;25.5;25.5;25.5;25.5;25.5;25.5;25.5;25.664;25.5;25.5;25.5;25.5;25.5;25.5;25.5;25.5;25.5;25.5;25.5
422;615.414;19.125;19.289;19.125;19.125;19.125;19.125;19.125;19.125;19.289;19.125;19.125;19.289;19.125;19.125;19.125;19.125;19.125;20.601;19.125;19.125;19.125;19.125;19.125;19.125;19.125;19.289;19.125;19.125;19.125
423;400.655;25.828;25.5;25.5;25.5;25.5;25.5;25.5;25.5;25.5;25.5;25.5;25.5;25.5;25.5;25.5;25.5;25.5;25.664;25.5;25.5;25.5;25.5;25.5;25.5;25.5;25.5;25.5;25.5;25.5
424;289.85699999999997;25.664;25.664;25.5;25.5;25.5;25.5;25.5;25.5;25.5;25.5;25.5;25.5;25.5;25.5;25.5;25.5;25.5;26.32;25.5;25.5;25.5;25.5;25.5;25.5;25.5;25.5;25.5;25.664;25.5
425;542.049;25.992;25.5;25.5;25.5;25.5;25.5;25.5;25.5;25.5;25.5;25.5;25.5;25.5;25.5;25.5;25.5;25.5;25.828;25.5;25.5;25.5;25.5;25.5;25.5;25.5;25.5;25.5;25.5;25.5
426;241.53000000000003;19.125;19.289;19.781;19.125;19.125;19.125;19.125;19.125;19.125;19.125;19.125;19.125;19.125;19.125;19.125;19.125;19.125;19.125;19.125;19.125;19.125;19.125;19.125;19.125;19.125;19.125;19.125;19.125;19.125
427;43.53;25.5;25.5;25.5;25.5;25.5;25.5;25.5;25.5;25.5;25.5;25.5;25.5;25.5;25.5;25.5;25.5;25.5;25.5;25.5;25.5;25.5;25.5;25.5;25.5;25.5;25.5;25.5;25.5;25.5
428;932.243;26.156;26.156;25.5;25.5;25.5;25.5;25.5;25.5;25.664;25.5;25.664;25.992;25.664;25.5;25.828;25.5;25.5;28.616;25.5;25.5;25.828;25.5;25.5;25.5;25.5;25.5;25.5;25.5;26.32
429;234.442;25.5;25.5;25.5;25.5;25.5;25.5;25.5;25.5;25.5;25.5;25.5;25.5;25.5;25.5;25.5;25.5;25.5;28.124;25.5;25.5;25.5;25.5;25.5;25.5;25.5;25.5;25.5;25.5;25.664
430;27.974;25.5;25.5;25.5;25.5;25.5;25.5;25.5;25.5;25.5;25.5;25.5;25.5;25.5;25.5;25.5;25.5;25.5;25.5;25.5;25.5;25.5;25.5;25.5;25.5;25.5;25.5;25.5;25.5;25.5
431;610.048;20.109;19.289;19.453;19.125;19.125;19.125;19.125;19.125;19.453;19.125;19.289;19.125;19.289;19.125;19.453;19.125;19.125;21.585;19.125;19.125;19.125;19.125;19.125;19.125;19.125;19.125;19.125;19.125;19.617
432;300.629;19.125;19.125;19.125;19.125;19.125;19.125;19.125;19.125;19.125;19.125;19.125;19.125;19.125;19.125;19.125;19.125;19.125;20.601;19.125;19.125;19.125;19.125;19.125;19.125;19.125;19.125;19.125;19.125;19.125
433;408.46400000000006;25.5;25.828;25.5;25.5;25.5;25.5;25.5;25.5;25.5;25.5;25.5;25.5;25.5;25.5;25.5;25.5;25.5;25.5;25.5;25.5;25.5;25.5;25.5;25.5;25.5;25.5;25.5;25.5;25.5
434;25.5;25.5;25.5;25.5;25.5;25.5;25.5;25.5;25.5;25.5;25.5;25.5;25.5;25.5;25.5;25.5;25.5;25.5;25.5;25.5;25.5;25.5;25.5;25.5;25.5;25.5;25.5;25.5;25.5;25.5
435;693.388;26.156;25.5;25.5;25.5;25.5;25.5;25.5;25.5;25.664;25.5;25.664;25.664;25.664;26.156;25.5;25.5;25.5;27.14;25.5;25.5;25.664;27.14;25.828;25.5;25.5;25.5;25.5;25.5;25.5
436;357.81100000000004;25.828;25.5;25.664;25.5;25.5;25.5;25.5;25.5;25.5;25.5;25.5;25.5;25.5;25.5;25.5;25.5;25.5;27.14;25.5;25.5;25.5;25.5;25.5;25.5;25.5;25.5;25.5;25.5;25.5
437;624.477;25.828;25.5;25.828;25.5;25.5;25.5;25.5;25.5;25.5;25.5;25.5;25.5;25.5;25.5;25.5;25.5;25.5;28.944;25.5;25.5;25.5;25.5;25.5;25.5;25.5;25.5;25.5;25.5;25.5
438;19.125;19.125;19.125;19.125;19.125;19.125;19.125;19.125;19.125;19.125;19.125;19.125;19.125;19.125;19.125;19.125;19.125;19.125;19.125;19.125;19.125;19.125;19.125;19.125;19.125;19.125;19.125;19.125;19.125;19.125
439;939.2819999999999;19.125;19.289;19.125;19.125;19.125;19.125;19.125;19.125;19.781;19.125;19.289;19.125;19.453;19.125;19.453;19.125;19.125;23.389;19.125;19.125;19.781;19.781;19.125;19.125;19.125;19.125;19.125;19.125;19.289
440;157.735;25.664;25.5;25.5;25.5;25.5;25.5;25.5;25.5;25.5;25.5;25.5;25.5;25.5;25.5;25.5;25.5;25.5;25.5;25.5;25.5;25.5;25.5;25.5;25.5;25.5;25.5;25.5;25.5;25.5
441;630.947;19.945;19.617;19.125;19.125;19.125;19.125;19.125;19.125;19.125;19.125;19.125;19.125;19.125;19.125;19.125;19.125;19.125;19.617;19.125;19.125;19.125;19.125;19.125;19.125;19.125;19.125;19.125;19.125;19.125
442;480.23800000000006;25.664;25.828;25.5;25.5;25.5;25.5;25.5;25.5;25.5;25.5;25.5;25.5;25.5;25.5;25.5;25.5;25.5;28.288;25.5;25.5;25.664;25.5;25.5;25.5;25.5;25.5;25.5;25.664;25.5
443;272.17100000000005;25.5;25.664;25.5;25.5;25.5;25.5;25.5;25.5;25.5;25.5;25.5;25.5;25.5;25.5;25.5;25.5;25.5;25.664;25.5;25.5;25.5;25.5;25.5;25.5;25.5;25.5;25.5;25.5;25.5
444;178.876;25.5;25.5;25.5;25.5;25.5;25.5;25.5;25.5;25.5;25.828;25.5;25.992;25.828;25.5;25.5;25.5;25.5;26.32;25.5;25.5;25.5;25.5;25.5;25.5;25.5;25.5;25.5;25.5;25.5
445;394.76699999999994;25.5;25.664;25.5;25.5;25.5;25.5;25.5;25.5;25.5;25.5;25.5;25.5;25.5;25.5;25.5;25.5;25.5;25.5;25.5;25.5;25.5;25.5;25.5;25.5;25.5;25.5;25.5;25.5;25.5
446;553.3380000000001;25.664;25.828;25.828;25.5;25.5;25.5;25.5;25.5;25.5;25.5;25.5;25.664;25.828;25.5;25.5;25.5;25.5;27.632;25.5;25.5;25.5;25.5;25.5;25.5;25.5;25.5;25.5;25.5;25.5
447;175.594;19.617;19.125;19.289;19.125;19.125;19.125;19.125;19.125;19.125;19.125;19.125;19.125;19.125;19.125;19.125;19.125;19.125;21.749;19.125;19.125;19.125;19.125;19.125;19.125;19.125;19.125;19.125;19.125;19.125
448;574.327;19.125;19.289;19.125;19.125;19.125;19.125;19.125;19.125;19.125;19.125;19.125;19.125;19.125;19.125;19.125;19.125;19.125;21.585;19.125;19.125;19.125;19.125;19.125;19.125;19.125;19.125;19.125;19.125;19.125
449;19.125;19.125;19.125;19.125;19.125;19.125;19.125;19.125;19.125;19.125;19.125;19.125;19.125;19.125;19.125;19.125;19.125;19.125;19.125;19.125;19.125;19.125;19.125;19.125;19.125;19.125;19.125;19.125;19.125;19.125
450;880.885;19.453;19.125;19.125;19.125;19.125;19.125;19.125;19.125;19.125;19.125;19.289;19.289;19.125;19.125;19.125;19.125;19.125;24.865000000000002;19.125;19.125;19.289;19.125;19.125;19.125;19.125;19.125;19.125;19.125;19.289
451;199.82700000000003;25.5;25.5;25.5;25.5;25.5;25.5;25.5;25.5;25.5;25.5;25.5;25.5;25.5;25.5;25.5;25.5;25.5;25.5;25.5;25.5;25.5;25.5;25.5;25.5;25.5;25.5;25.5;25.5;25.5
452;8505.135;25.664;25.828;25.5;25.5;25.5;25.5;25.5;25.5;25.828;25.5;25.992;25.664;25.5;25.5;25.5;25.5;25.5;29.436;25.5;25.5;25.5;25.664;25.5;25.5;25.5;25.5;25.5;25.664;25.5
453;371.731;25.5;25.5;25.5;25.5;25.5;25.5;25.5;25.5;25.5;25.5;25.5;25.5;25.5;25.5;25.5;25.5;25.5;26.484;25.5;25.5;25.5;25.5;25.5;25.5;25.5;25.5;25.5;25.5;25.5
454;25.5;25.5;25.5;25.5;25.5;25.5;25.5;25.5;25.5;25.5;25.5;25.5;25.5;25.5;25.5;25.5;25.5;25.5;25.5;25.5;25.5;25.5;25.5;25.5;25.5;25.5;25.5;25.5;25.5;25.5
455;980.302;25.5;25.5;25.5;25.5;25.5;25.5;25.5;25.5;25.5;25.664;25.5;25.5;25.5;25.5;25.5;25.5;25.5;26.156;25.5;25.5;25.5;25.5;25.5;25.5;25.5;25.5;25.5;25.5;25.5
456;19.125;19.125;19.125;19.125;19.125;19.125;19.125;19.125;19.125;19.125;19.125;19.125;19.125;19.125;19.125;19.125;19.125;19.125;19.125;19.125;19.125;19.125;19.125;19.125;19.125;19.125;19.125;19.125;19.125;19.125
457;1177.463;19.125;20.273;22.241;19.125;19.125;19.125;19.125;19.125;20.765;19.125;19.617;19.453;20.109;19.289;19.289;19.289;19.125;28.309;19.125;19.125;19.453;20.437;19.125;19.125;19.125;19.125;19.125;19.125;19.289
458;31.432000000000002;25.5;25.5;25.5;25.5;25.5;25.5;25.5;25.5;25.5;25.5;25.5;25.5;25.5;25.5;25.5;25.5;25.5;25.5;25.5;25.5;25.5;25.5;25.5;25.5;25.5;25.5;25.5;25.5;25.5
459;449.92500000000007;25.5;25.664;25.5;25.5;25.5;25.5;25.5;25.5;25.5;25.5;25.5;25.5;25.5;25.5;25.5;25.5;25.5;25.5;25.5;25.5;25.5;25.5;25.5;25.5;25.5;25.5;25.5;25.5;25.5
460;781.1030000000001;19.945;19.125;19.125;19.125;19.125;19.125;19.125;19.125;19.781;19.125;19.289;19.289;19.125;19.289;19.125;19.125;19.125;22.897;19.125;19.125;19.289;20.273;19.125;19.125;19.125;19.125;19.125;19.289;19.289
461;818.42;25.664;25.992;25.5;25.5;25.5;25.5;25.5;25.5;25.5;25.5;25.664;26.484;25.664;25.664;25.5;25.664;25.5;26.812;25.5;25.5;25.664;26.484;25.5;25.5;25.5;25.5;25.5;25.5;25.5
462;247.776;19.453;19.125;19.125;19.125;19.125;19.125;19.125;19.125;19.125;19.125;19.125;19.125;19.125;19.125;19.125;19.125;19.125;19.289;19.125;19.125;19.125;19.125;19.125;19.125;19.125;19.125;19.125;19.125;19.125
463;915.1790000000001;19.125;19.125;19.781;19.125;19.125;19.125;19.125;19.125;19.453;19.125;19.617;19.125;19.289;19.125;19.453;19.125;19.125;24.209;19.125;19.125;19.125;19.945;19.125;19.125;19.125;19.125;19.125;19.125;19.781
464;175.145;25.5;25.5;25.5;25.5;25.5;25.5;25.5;25.5;25.992;25.5;25.5;25.5;25.5;25.5;25.5;25.5;25.5;25.828;25.5;25.5;25.5;25.5;25.5;25.5;25.5;25.5;25.5;25.5;25.5
465;240.25;25.5;25.664;25.664;25.5;25.5;25.5;25.5;25.5;25.5;25.5;25.5;25.5;25.5;25.5;25.5;25.5;25.5;25.828;25.5;25.5;25.5;25.5;25.5;25.5;25.5;25.5;25.5;25.5;25.5
466;671.9099999999999;25.5;25.828;25.5;25.5;25.5;25.5;25.5;25.5;25.5;25.5;25.664;25.664;25.5;25.5;25.5;25.5;25.5;26.156;25.5;25.5;25.5;25.5;25.5;25.5;25.5;25.5;25.5;25.5;25.5
467;831.8679999999999;26.648;25.828;25.828;25.5;25.5;25.5;25.5;25.5;25.5;25.5;25.5;25.5;25.5;25.5;25.5;25.5;25.5;27.96;25.5;25.5;25.5;25.5;25.5;25.5;25.5;25.5;25.5;25.5;25.5
468;1360.7269999999999;19.781;19.617;19.781;19.125;19.125;19.125;19.125;19.125;19.453;19.125;19.289;19.617;19.289;19.781;19.289;19.289;19.125;19.617;19.125;19.125;19.125;19.125;19.125;19.125;19.125;19.125;19.125;19.125;19.125
469;967.287;25.992;25.664;25.5;25.5;25.5;25.5;25.5;25.5;25.5;25.5;25.664;25.828;25.828;25.5;25.5;25.5;25.5;28.451999999999998;25.5;25.5;25.5;25.5;25.5;25.5;25.5;25.5;25.5;25.5;25.5
470;1264.5330000000001;25.664;25.5;26.32;25.5;25.5;25.5;25.5;25.5;25.5;25.5;25.5;25.5;25.5;25.5;25.5;25.5;25.5;29.108;25.5;25.5;25.5;25.5;25.5;25.5;25.5;25.5;25.5;25.5;25.5
471;465.64099999999996;25.5;25.5;25.5;25.5;25.5;25.5;25.5;25.5;25.5;25.5;25.5;26.484;25.664;25.5;25.5;25.5;25.5;27.632;25.5;25.5;25.5;25.5;25.5;25.5;25.5;25.5;25.5;25.664;25.5
472;1083.455;25.5;25.828;25.5;25.5;25.5;25.5;25.5;25.5;25.5;25.5;25.5;25.664;25.5;25.5;25.5;25.5;25.5;29.272;25.5;25.5;25.5;25.5;25.5;25.5;25.5;25.5;25.5;25.5;25.5
473;538.46;25.664;25.664;25.5;25.5;25.5;25.5;25.5;25.5;25.664;25.664;25.828;25.664;25.664;25.5;25.5;25.5;25.5;28.124;25.5;25.5;25.828;25.5;25.5;25.5;25.5;25.5;25.5;25.664;25.828
474;619.355;25.664;25.5;25.5;25.5;25.5;25.5;25.5;25.5;25.664;25.5;25.664;25.5;25.5;25.5;25.5;25.5;25.5;25.664;25.5;25.5;25.5;25.5;25.5;25.5;25.5;25.5;25.5;25.5;25.5
475;581.751;25.5;25.664;26.976;25.5;25.5;25.5;25.5;25.5;25.664;25.828;25.5;27.304;25.664;25.5;25.664;25.5;25.5;32.552;25.5;25.5;25.5;25.5;25.5;25.5;25.5;25.5;25.5;25.664;25.5
476;582.652;25.828;25.664;25.5;25.5;25.5;25.5;25.5;25.5;25.664;25.5;25.5;25.828;25.5;25.5;25.5;25.5;25.5;27.468;25.5;25.5;25.5;25.664;25.5;25.5;25.5;25.5;25.5;25.5;25.5
477;717.356;27.14;25.828;25.5;25.5;25.5;25.5;25.5;25.5;25.5;25.664;25.5;26.812;25.828;25.5;25.5;25.5;25.5;29.6;25.5;25.5;25.828;27.14;25.5;25.5;25.5;25.5;25.5;25.664;25.664
478;3067.9089999999997;25.828;25.664;25.828;25.5;25.5;25.5;25.5;25.5;25.992;25.5;25.664;25.5;25.5;25.5;25.5;25.5;25.5;32.552;25.5;25.5;25.5;26.156;25.5;25.5;25.5;25.5;25.5;25.828;26.156
479;57.59;25.5;25.5;25.992;25.5;25.5;25.5;25.5;25.5;25.5;25.5;25.5;25.5;25.5;25.5;25.5;25.5;25.5;25.5;25.5;25.5;25.5;25.5;25.5;25.5;25.5;25.5;25.5;25.5;25.5
480;627.689;19.945;19.617;19.453;19.125;19.125;19.125;19.125;19.125;19.125;19.781;19.125;19.289;19.125;19.125;19.125;19.125;19.125;21.585;19.125;19.125;19.125;19.125;19.125;19.125;19.125;19.125;19.125;19.125;19.125
481;1302.876;25.664;25.5;25.5;25.5;25.5;25.5;25.5;25.5;25.5;25.5;25.5;25.5;25.664;25.5;25.5;25.5;25.5;29.436;25.5;25.5;25.5;25.5;25.5;25.5;25.5;25.5;25.5;25.664;25.5
482;229.668;25.5;25.5;25.5;25.5;25.5;25.5;25.5;25.5;25.5;25.5;25.5;25.5;25.5;25.5;25.5;25.5;25.5;25.5;25.5;25.5;25.5;25.5;25.5;25.5;25.5;25.5;25.5;25.5;25.5
483;912.792;25.5;25.992;25.664;25.5;25.5;25.5;25.5;25.5;25.5;25.664;25.828;25.828;25.5;25.5;25.5;25.5;25.5;27.796;25.5;25.5;25.5;25.5;25.5;25.5;25.5;25.5;25.5;25.5;26.156
484;1067.501;19.453;19.125;19.453;19.125;19.125;19.125;19.125;19.125;19.125;19.125;19.125;19.125;19.289;19.125;19.125;19.125;19.125;19.945;19.125;19.125;19.125;19.125;19.125;19.125;19.125;19.289;19.125;19.125;19.125
485;1178.922;25.828;25.664;25.5;25.5;25.5;25.5;25.5;25.5;25.664;25.5;25.664;25.664;25.828;25.5;25.5;25.5;25.5;26.484;25.5;25.5;25.664;25.664;25.5;25.5;25.5;25.5;25.5;25.5;25.5
486;19.125;19.125;19.125;19.125;19.125;19.125;19.125;19.125;19.125;19.125;19.125;19.125;19.125;19.125;19.125;19.125;19.125;19.125;19.125;19.125;19.125;19.125;19.125;19.125;19.125;19.125;19.125;19.125;19.125;19.125
487;153.958;25.664;25.5;25.5;25.5;25.5;25.5;25.5;25.5;25.5;25.5;25.5;25.5;25.5;25.5;25.5;25.5;25.5;25.5;25.5;25.5;25.5;25.5;25.5;25.5;25.5;25.5;25.5;25.5;25.5
488;586.964;19.125;19.125;19.125;19.125;19.125;19.125;19.125;19.125;19.125;19.617;19.289;19.125;19.617;19.125;19.125;19.125;19.125;22.241;19.125;19.125;19.125;19.125;19.125;19.125;19.125;19.125;19.125;19.125;19.453
489;1077.9910000000002;19.289;19.289;19.125;19.125;19.125;19.125;19.125;19.125;19.125;19.125;19.945;19.453;19.125;19.125;19.289;19.125;19.125;22.569;19.125;19.125;19.289;19.125;19.125;19.125;19.125;19.125;19.125;19.125;19.125
490;1592.3220000000001;19.617;19.125;19.617;19.125;19.125;19.125;19.125;19.125;19.125;19.125;19.125;19.945;19.125;19.125;19.125;19.125;19.125;19.453;19.125;19.125;19.125;19.125;19.125;19.125;19.125;19.125;19.125;19.125;19.125
491;92.82900000000001;25.5;25.5;25.5;25.5;25.5;25.5;25.5;25.5;25.5;25.5;25.5;25.5;25.5;25.5;25.5;25.5;25.5;25.5;25.5;25.5;25.5;25.5;25.5;25.5;25.5;25.5;25.5;25.5;25.5
492;574.029;25.992;26.32;25.5;25.5;25.5;25.5;25.5;25.5;25.5;25.5;25.5;25.5;25.5;25.5;25.5;25.5;25.5;25.5;25.5;25.5;25.5;25.5;25.5;25.5;25.5;25.5;25.5;25.5;25.5
493;1202.402;26.32;25.664;25.664;25.5;25.5;25.5;25.5;25.5;25.828;25.5;25.992;25.992;25.828;26.32;25.664;25.5;25.5;26.812;25.5;25.5;25.664;26.32;26.484;25.5;25.5;25.5;25.828;26.32;25.828
494;161.82600000000002;25.664;25.664;25.5;25.5;25.5;25.5;25.5;25.5;25.5;25.5;25.5;25.5;25.5;25.5;25.5;25.5;25.5;25.664;25.5;25.5;25.5;25.5;25.5;25.5;25.5;25.5;25.5;25.5;25.5
495;1029.902;25.992;25.828;26.976;25.5;25.5;25.5;25.5;25.5;25.828;25.5;25.5;25.664;25.664;25.5;25.5;25.5;25.5;27.632;25.5;25.5;25.5;25.5;25.5;25.5;25.5;25.5;25.5;25.5;25.664
496;321.031;25.5;25.5;25.5;25.5;25.5;25.5;25.5;25.5;25.5;25.5;25.5;25.5;25.5;25.5;25.5;25.5;25.5;25.5;25.5;25.5;25.5;25.5;25.5;25.5;25.5;25.5;25.5;25.5;25.5
497;515.8249999999999;25.664;25.664;25.992;25.5;25.5;25.5;25.5;25.5;25.5;25.5;25.5;25.5;25.5;25.5;25.5;25.5;25.5;27.468;25.5;25.5;25.664;25.5;25.5;25.5;25.5;25.5;25.5;25.5;25.664
498;674.7030000000001;25.5;25.5;25.828;25.5;25.5;25.5;25.5;25.5;25.5;25.5;25.5;25.5;25.5;25.5;25.5;25.5;25.5;26.648;25.5;25.5;25.5;25.5;25.5;25.5;25.5;25.5;25.5;25.5;25.5
499;1336.289;25.664;25.664;25.5;25.5;25.5;25.5;25.5;25.5;25.664;25.5;25.664;25.992;25.664;25.5;25.5;25.5;25.5;29.6;25.5;25.5;25.5;25.828;25.5;25.5;25.5;25.5;25.5;25.5;25.828
500;25.5;25.5;25.5;25.5;25.5;25.5;25.5;25.5;25.5;25.5;25.5;25.5;25.5;25.5;25.5;25.5;25.5;25.5;25.5;25.5;25.5;25.5;25.5;25.5;25.5;25.5;25.5;25.5;25.5;25.5
501;882.1580000000001;19.289;19.453;19.617;19.125;19.125;19.125;19.125;19.125;19.125;19.125;19.125;19.125;19.125;19.125;19.125;19.125;19.125;19.289;19.125;19.125;19.125;19.125;19.125;19.125;19.125;19.125;19.125;19.125;19.125
502;25.992;25.5;25.5;25.5;25.5;25.5;25.5;25.5;25.5;25.5;25.5;25.5;25.5;25.5;25.5;25.5;25.5;25.5;25.5;25.5;25.5;25.5;25.5;25.5;25.5;25.5;25.5;25.5;25.5;25.5
503;894.3050000000001;25.664;25.664;25.664;25.5;25.5;25.5;25.5;25.5;26.484;25.5;25.5;25.828;25.5;25.5;25.664;25.5;25.5;27.14;25.5;25.5;25.664;26.648;25.5;25.5;25.5;25.664;25.5;25.5;25.5
504;44.870000000000005;25.5;25.5;25.5;25.5;25.5;25.5;25.5;25.5;25.5;25.5;25.5;25.5;25.5;25.5;25.5;25.5;25.5;25.5;25.5;25.5;25.5;25.5;25.5;25.5;25.5;25.5;25.5;25.5;25.5
505;25.5;25.5;25.5;25.5;25.5;25.5;25.5;25.5;25.5;25.5;25.5;25.5;25.5;25.5;25.5;25.5;25.5;25.5;25.5;25.5;25.5;25.5;25.5;25.5;25.5;25.5;25.5;25.5;25.5;25.5
506;70.066;25.5;25.5;25.5;25.5;25.5;25.5;25.5;25.5;25.5;25.5;25.5;25.5;25.5;25.5;25.664;25.5;25.5;27.468;25.5;25.5;25.5;25.5;25.5;25.5;25.5;25.5;25.5;25.5;25.5
507;1001.001;25.664;25.664;25.5;25.5;25.5;25.5;25.5;25.5;25.5;25.5;25.5;25.5;25.5;25.5;25.5;25.5;25.5;25.828;25.5;25.5;25.5;25.5;25.5;25.5;25.5;25.5;25.5;25.5;25.5
508;25.5;25.5;25.5;25.5;25.5;25.5;25.5;25.5;25.5;25.5;25.5;25.5;25.5;25.5;25.5;25.5;25.5;25.5;25.5;25.5;25.5;25.5;25.5;25.5;25.5;25.5;25.5;25.5;25.5;25.5
509;176.78500000000003;25.5;25.5;26.156;25.5;25.5;25.5;25.5;25.5;25.5;25.5;25.5;25.5;25.5;25.5;25.5;25.5;25.5;25.5;25.5;25.5;25.5;25.5;25.5;25.5;25.5;25.5;25.5;25.5;25.5
510;215.94100000000003;19.125;19.125;19.125;19.125;19.125;19.125;19.125;19.125;19.125;19.125;19.125;19.289;19.125;19.125;19.125;19.125;19.125;20.601;19.125;19.125;19.125;19.125;19.125;19.125;19.125;19.125;19.125;19.125;19.125
511;2118.69;25.5;25.992;25.828;25.5;25.5;25.5;25.5;25.5;25.664;25.828;25.5;25.664;25.664;25.664;25.664;25.664;25.5;26.976;25.5;25.5;25.664;26.648;25.5;25.5;25.5;25.828;25.5;25.5;25.5
512;1047.171;25.828;25.664;25.5;25.5;25.5;25.5;25.5;25.5;25.992;25.664;25.664;25.664;25.828;25.5;25.5;25.664;25.5;28.124;25.5;25.5;25.664;25.828;25.5;25.5;25.5;25.5;25.5;25.5;25.5
513;1363.785;21.093;19.617;19.289;19.125;19.125;19.125;19.125;19.125;19.617;19.125;19.289;19.289;19.617;19.125;19.289;19.125;19.125;21.093;19.125;19.125;19.125;19.125;19.125;19.125;19.125;19.125;19.125;19.125;19.125
514;102.78999999999999;25.5;25.5;25.5;25.5;25.5;25.5;25.5;25.5;25.5;25.5;25.5;25.5;25.5;25.5;25.5;25.5;25.5;25.5;25.5;25.5;25.5;25.5;25.5;25.5;25.5;25.5;25.5;25.5;25.5
515;373.723;25.5;25.5;25.5;25.5;25.5;25.5;25.5;25.5;25.5;25.5;25.5;25.5;25.5;25.5;25.5;25.5;25.5;25.5;25.5;25.5;25.5;25.5;25.5;25.5;25.5;25.5;25.5;25.5;25.5
516;803.831;19.453;19.453;19.125;19.125;19.125;19.125;19.125;19.125;19.125;19.125;19.289;19.125;19.125;19.125;19.125;19.125;19.125;19.781;19.125;19.125;19.125;19.125;19.125;19.125;19.125;19.125;19.125;19.125;19.125
517;1509.784;19.125;19.781;19.453;19.125;19.125;19.125;19.125;19.125;19.125;19.125;19.617;20.437;19.125;19.125;19.125;19.125;19.125;27.653;19.125;19.125;19.125;19.289;19.125;19.125;19.125;19.125;19.125;19.125;19.289
518;25.5;25.5;25.5;25.5;25.5;25.5;25.5;25.5;25.5;25.5;25.5;25.5;25.5;25.5;25.5;25.5;25.5;25.5;25.5;25.5;25.5;25.5;25.5;25.5;25.5;25.5;25.5;25.5;25.5;25.5
519;129.86;25.5;25.5;25.5;25.5;25.5;25.5;25.5;25.5;25.5;25.5;25.5;25.5;25.5;25.5;25.5;25.5;25.5;25.5;25.5;25.5;25.5;25.5;25.5;25.5;25.5;25.5;25.5;25.5;25.5
520;19.617;19.125;19.125;19.125;19.125;19.125;19.125;19.125;19.125;19.125;19.125;19.125;19.125;19.125;19.125;19.125;19.125;19.125;19.125;19.125;19.125;19.125;19.125;19.125;19.125;19.125;19.125;19.125;19.125;19.125
521;19.125;19.125;19.125;19.125;19.125;19.125;19.125;19.125;19.125;19.125;19.125;19.125;19.125;19.125;19.125;19.125;19.125;19.125;19.125;19.125;19.125;19.125;19.125;19.125;19.125;19.125;19.125;19.125;19.125;19.125
522;89.173;25.5;25.5;25.5;25.5;25.5;25.5;25.5;25.5;25.5;25.5;25.5;25.5;25.5;25.5;25.5;25.5;25.5;25.5;25.5;25.5;25.5;25.5;25.5;25.5;25.5;25.5;25.5;25.5;25.5
523;227.372;25.5;25.5;25.5;25.5;25.5;25.5;25.5;25.5;25.5;25.5;25.664;25.5;25.5;25.5;25.5;25.5;25.5;26.484;25.5;25.5;25.5;25.5;25.5;25.5;25.5;25.5;25.5;25.5;25.5
524;146.982;25.5;25.5;25.5;25.5;25.5;25.5;25.5;25.5;25.5;25.5;25.5;25.5;25.5;25.5;25.5;25.5;25.5;25.5;25.5;25.5;25.5;25.5;25.5;25.5;25.5;25.5;25.5;25.5;25.5
525;2831.7400000000002;22.076999999999998;19.453;20.273;19.125;19.125;19.125;19.125;19.125;19.617;19.453;19.781;19.781;19.453;19.289;19.781;19.289;19.125;22.405;19.125;19.125;19.289;19.125;19.125;19.125;19.125;19.125;19.125;19.125;19.617
526;966.9110000000001;20.765;20.273;20.109;19.125;19.125;19.125;19.125;19.125;19.289;19.125;19.453;19.453;19.289;19.125;19.289;19.125;19.125;21.257;19.125;19.125;19.289;19.125;19.125;19.125;19.125;19.125;19.125;19.125;19.289
527;779.667;27.304;25.664;26.812;25.5;25.5;25.5;25.5;25.5;25.664;25.5;25.828;25.5;25.5;25.5;25.992;25.5;25.5;28.616;25.5;25.5;25.5;25.5;25.5;25.5;25.5;25.828;25.5;25.664;25.5
528;198.969;25.828;25.828;25.5;25.5;25.5;25.5;25.5;25.5;25.5;25.5;25.5;25.5;25.5;25.5;25.5;25.5;25.5;25.992;25.5;25.5;25.5;25.5;25.5;25.5;25.5;25.5;25.5;25.5;25.5
529;43.666;25.5;25.5;25.5;25.5;25.5;25.5;25.5;25.5;25.5;25.5;25.5;25.5;25.5;25.5;25.5;25.5;25.5;25.5;25.5;25.5;25.5;25.5;25.5;25.5;25.5;25.5;25.5;25.5;25.5
530;1046.0140000000001;26.32;25.664;25.5;25.5;25.5;25.5;25.5;25.5;25.664;25.5;25.828;25.828;25.664;26.156;25.5;25.5;25.5;28.288;25.5;25.5;25.5;25.664;25.5;25.5;25.5;25.5;26.32;25.5;25.5
531;305.06600000000003;25.5;25.5;25.5;25.5;25.5;25.5;25.5;25.5;25.5;25.5;25.5;25.5;25.5;25.5;25.5;25.5;25.5;26.32;25.5;25.5;25.5;25.5;25.5;25.5;25.5;25.5;25.5;25.5;25.5
532;340.667;19.125;19.125;19.617;19.125;19.125;19.125;19.125;19.125;19.125;19.125;19.289;19.781;19.453;19.289;19.125;19.125;19.125;20.929;19.125;19.125;19.289;19.125;19.125;19.125;19.125;19.125;19.125;19.125;19.125
533;25.5;25.5;25.5;25.5;25.5;25.5;25.5;25.5;25.5;25.5;25.5;25.5;25.5;25.5;25.5;25.5;25.5;25.5;25.5;25.5;25.5;25.5;25.5;25.5;25.5;25.5;25.5;25.5;25.5;25.5
534;144.247;25.5;25.5;25.5;25.5;25.5;25.5;25.5;25.5;25.5;25.5;25.5;25.5;25.5;25.5;25.5;25.5;25.5;25.5;25.5;25.5;25.5;25.5;25.5;25.5;25.5;25.5;25.5;25.5;25.5
535;1280.339;19.945;19.453;19.125;19.125;19.125;19.125;19.125;19.125;19.289;19.125;19.617;19.781;19.453;19.125;19.617;19.289;19.125;21.913;19.125;19.125;19.289;20.273;19.125;19.125;19.125;19.125;19.125;19.125;19.617
536;25.5;25.5;25.5;25.5;25.5;25.5;25.5;25.5;25.5;25.5;25.5;25.5;25.5;25.5;25.5;25.5;25.5;25.5;25.5;25.5;25.5;25.5;25.5;25.5;25.5;25.5;25.5;25.5;25.5;25.5
537;158.411;19.125;19.125;19.289;19.125;19.125;19.125;19.125;19.125;19.125;19.125;19.125;19.125;19.125;19.125;19.125;19.125;19.125;19.125;19.125;19.125;19.125;19.125;19.125;19.125;19.125;19.125;19.125;19.125;19.125
538;145.142;25.5;25.5;25.5;25.5;25.5;25.5;25.5;25.5;25.5;25.5;25.5;25.5;25.5;25.5;25.5;25.5;25.5;25.664;25.5;25.5;25.5;25.5;25.5;25.5;25.5;25.5;25.5;25.5;25.5
539;811.643;25.5;25.5;25.5;25.5;25.5;25.5;25.5;25.5;25.5;25.5;25.5;25.992;25.5;25.5;25.5;25.5;25.5;25.664;25.5;25.5;25.5;25.5;25.5;25.5;25.5;25.5;25.5;25.5;25.5
540;779.028;25.664;25.664;25.664;25.5;25.5;25.5;25.5;25.5;25.5;25.5;25.5;25.5;25.5;25.5;25.5;25.5;25.5;27.14;25.5;25.5;25.5;25.5;25.5;25.5;25.5;25.5;25.5;25.5;25.5
541;87.34;25.5;25.5;25.5;25.5;25.5;25.5;25.5;25.5;25.5;25.5;25.5;25.5;25.5;25.5;25.5;25.5;25.5;25.5;25.5;25.5;25.5;25.5;25.5;25.5;25.5;25.5;25.5;25.5;25.5
542;25.5;25.5;25.5;25.5;25.5;25.5;25.5;25.5;25.5;25.5;25.5;25.5;25.5;25.5;25.5;25.5;25.5;25.5;25.5;25.5;25.5;25.5;25.5;25.5;25.5;25.5;25.5;25.5;25.5;25.5
543;77.29400000000001;25.5;25.5;25.5;25.5;25.5;25.5;25.5;25.5;25.5;25.5;25.5;25.5;25.5;25.5;25.5;25.5;25.5;25.5;25.5;25.5;25.5;25.5;25.5;25.5;25.5;25.5;25.5;25.5;25.5
544;19.125;19.125;19.125;19.125;19.125;19.125;19.125;19.125;19.125;19.125;19.125;19.125;19.125;19.125;19.125;19.125;19.125;19.125;19.125;19.125;19.125;19.125;19.125;19.125;19.125;19.125;19.125;19.125;19.125;19.125
545;35.93;25.5;25.5;25.5;25.5;25.5;25.5;25.5;25.5;25.5;25.5;25.5;25.5;25.5;25.5;25.5;25.5;25.5;25.5;25.5;25.5;25.5;25.5;25.5;25.5;25.5;25.5;25.5;25.5;25.5
546;166.568;25.5;25.5;25.5;25.5;25.5;25.5;25.5;25.5;25.5;25.5;25.5;25.5;25.5;25.5;25.5;25.5;25.5;25.5;25.5;25.5;25.5;25.5;25.5;25.5;25.5;25.5;25.5;25.5;25.5
547;404.802;25.5;25.5;25.5;25.5;25.5;25.5;25.5;25.5;25.5;25.5;25.5;25.5;25.5;25.5;25.5;25.5;25.5;25.5;25.5;25.5;25.5;25.5;25.5;25.5;25.5;25.5;25.5;25.5;25.5
548;39.13;25.992;25.5;25.5;25.5;25.5;25.5;25.5;25.5;25.5;25.5;25.5;25.5;25.5;25.5;25.5;25.5;25.5;25.5;25.5;25.5;25.5;25.5;25.5;25.5;25.5;25.5;25.5;25.5;25.5
549;1060.982;25.5;25.828;25.5;25.5;25.5;25.5;25.5;25.5;25.5;25.5;25.828;25.664;25.992;25.5;25.5;25.664;25.5;28.616;25.5;26.156;26.156;26.32;25.664;25.5;25.5;25.664;25.5;26.156;25.664
550;93.13400000000001;19.453;19.125;19.125;19.125;19.125;19.125;19.125;19.125;19.125;19.125;19.125;19.125;19.125;19.125;19.125;19.125;19.125;19.125;19.125;19.125;19.125;19.125;19.125;19.125;19.125;19.125;19.125;19.125;19.125
551;84.638;19.289;19.453;19.617;19.125;19.125;19.125;19.125;19.125;19.125;19.125;19.125;19.125;19.125;19.125;19.125;19.125;19.125;19.125;19.125;19.125;19.125;19.125;19.125;19.125;19.125;19.125;19.125;19.125;19.125
552;559.71;25.664;25.5;25.5;25.5;25.5;25.5;25.5;25.5;25.5;25.5;25.5;26.648;25.828;25.5;25.5;25.5;25.5;28.451999999999998;25.5;25.5;25.5;25.5;25.5;25.5;25.5;25.5;25.5;25.5;28.451999999999998
553;390.11400000000003;25.5;25.5;25.664;25.5;25.5;25.5;25.5;25.5;25.5;25.5;25.5;25.5;25.5;25.5;25.5;25.5;25.5;27.468;25.5;25.5;25.5;25.5;25.5;25.5;25.5;25.5;25.5;25.5;25.5
554;1368.244;20.437;19.453;19.125;19.125;19.125;19.125;19.125;19.125;19.453;19.125;19.453;19.453;19.125;19.125;19.125;19.125;19.125;21.257;19.125;19.125;19.453;19.289;19.125;19.125;19.125;19.125;19.125;19.125;19.617
555;171.77100000000002;25.5;25.5;25.5;25.5;25.5;25.5;25.5;25.5;25.5;25.5;25.5;25.5;25.5;25.5;25.5;25.5;25.5;25.5;25.5;25.5;25.664;25.5;25.5;25.5;25.5;25.5;25.5;25.664;25.664
556;220.03199999999998;25.5;25.5;25.5;25.5;25.5;25.5;25.5;25.5;25.5;25.5;25.5;25.5;25.5;25.5;25.5;25.5;25.5;25.5;25.5;25.5;25.5;25.5;25.5;25.5;25.5;25.5;25.5;25.5;25.5
557;251.895;25.5;25.5;25.5;25.5;25.5;25.5;25.5;25.5;25.5;25.5;25.5;25.5;25.5;25.5;25.5;25.5;25.5;25.5;25.5;25.5;25.5;25.5;25.5;25.5;25.5;25.5;25.5;25.5;25.5
558;361.974;25.992;26.156;25.5;25.5;25.5;25.5;25.5;25.5;25.5;25.5;25.5;25.5;25.5;25.5;25.5;25.5;25.5;25.828;25.5;25.5;25.5;25.5;25.5;25.5;25.5;25.5;25.5;25.5;25.5
559;25.5;25.5;25.5;25.5;25.5;25.5;25.5;25.5;25.5;25.5;25.5;25.5;25.5;25.5;25.5;25.5;25.5;25.5;25.5;25.5;25.5;25.5;25.5;25.5;25.5;25.5;25.5;25.5;25.5;25.5
560;245.37900000000002;25.5;25.5;25.5;25.5;25.5;25.5;25.5;25.5;25.5;25.5;25.5;25.5;25.5;25.5;25.5;25.5;25.5;25.664;25.5;25.5;25.5;25.5;25.5;25.5;25.5;25.5;25.5;25.5;25.5
561;400.964;19.781;19.289;20.109;19.125;19.125;19.125;19.125;19.125;19.125;19.125;19.125;19.125;19.125;19.125;19.125;19.125;19.125;19.617;19.125;19.125;19.125;19.125;19.125;19.125;19.125;19.125;19.125;19.125;19.125
562;471.3810000000001;25.5;25.5;25.5;25.5;25.5;25.5;25.5;25.5;25.5;25.5;25.5;25.5;25.5;25.5;25.5;25.5;25.5;26.648;25.5;25.5;25.5;25.5;25.5;25.5;25.5;25.5;25.5;25.5;25.5
563;25.5;25.5;25.5;25.5;25.5;25.5;25.5;25.5;25.5;25.5;25.5;25.5;25.5;25.5;25.5;25.5;25.5;25.5;25.5;25.5;25.5;25.5;25.5;25.5;25.5;25.5;25.5;25.5;25.5;25.5
564;273.396;25.5;25.664;25.664;25.5;25.5;25.5;25.5;25.5;25.664;25.5;25.5;25.5;25.5;25.5;25.5;25.5;25.5;30.256;25.5;25.5;25.664;25.5;25.5;25.5;25.5;25.5;25.5;25.828;25.664
565;79.436;25.828;25.664;25.5;25.5;25.5;25.5;25.5;25.5;25.5;25.5;25.5;25.5;25.5;25.5;25.5;25.5;25.5;25.5;25.5;25.5;25.5;25.5;25.5;25.5;25.5;25.5;25.5;25.5;25.5
566;28.944;26.156;25.5;25.5;25.5;25.5;25.5;25.5;25.5;25.5;25.5;25.5;25.5;25.5;25.5;25.5;25.5;25.5;25.5;25.5;25.5;25.5;25.5;25.5;25.5;25.5;25.5;25.5;25.5;25.5
567;764.8530000000001;25.828;25.5;25.992;25.5;25.5;25.5;25.5;25.5;25.664;25.5;25.5;25.5;25.5;25.5;25.5;25.5;25.5;26.648;25.5;25.5;25.5;25.5;25.5;25.5;25.5;25.5;25.5;25.664;25.5
568;369.336;25.664;25.664;25.664;25.5;25.5;25.5;25.5;25.5;25.5;25.5;25.5;25.5;25.5;25.5;25.5;25.5;25.5;25.5;25.5;25.5;25.5;25.5;25.5;25.5;25.5;25.5;25.5;25.5;25.5
569;408.927;25.5;25.5;25.664;25.5;25.5;25.5;25.5;25.5;25.5;25.5;25.5;25.5;25.5;25.5;25.5;25.5;25.5;26.976;25.5;25.5;25.5;25.5;25.5;25.5;25.5;25.5;25.5;25.5;25.5
570;560.245;25.664;25.5;25.5;25.5;25.5;25.5;25.5;25.5;25.5;25.5;25.5;25.5;25.664;25.5;25.5;25.5;25.5;26.976;25.5;25.5;25.5;25.5;25.5;25.5;25.5;25.5;25.5;25.828;26.32
571;469.293;25.664;25.664;25.5;25.5;25.5;25.5;25.5;25.5;25.664;25.5;25.828;25.828;26.156;25.5;25.664;25.5;25.5;27.468;25.5;25.5;25.664;25.5;25.5;25.5;25.5;25.5;25.5;25.664;25.664
572;1714.853;19.781;19.453;20.437;19.125;19.125;19.125;19.125;19.125;19.617;19.617;19.617;19.453;19.617;19.617;19.617;19.289;19.125;23.881;19.125;20.109;19.781;21.093;19.125;19.125;19.125;19.289;19.125;19.289;19.617
573;257.68600000000004;25.5;25.828;25.5;25.5;25.5;25.5;25.5;25.5;25.5;25.5;25.5;25.5;25.5;25.5;25.5;25.5;25.5;27.796;25.5;25.5;25.5;25.5;25.5;25.5;25.5;25.5;25.5;25.5;25.5
574;36.935;25.5;25.5;25.5;25.5;25.5;25.5;25.5;25.5;25.5;25.5;25.5;25.5;25.5;25.5;25.5;25.5;25.5;25.992;25.5;25.5;25.5;25.5;25.5;25.5;25.5;25.5;25.5;25.5;25.5
575;98.172;25.5;25.5;25.664;25.5;25.5;25.5;25.5;25.5;25.5;25.5;25.5;25.5;25.5;25.5;25.5;25.5;25.5;25.5;25.5;25.5;25.5;25.5;25.5;25.5;25.5;25.5;25.5;25.5;25.5
576;1168.632;19.617;19.617;20.601;19.125;19.125;19.125;19.125;19.125;19.125;19.453;19.289;19.945;19.289;19.125;19.125;19.125;19.125;20.929;19.125;19.125;19.289;19.125;19.125;19.125;19.125;19.125;19.125;19.125;19.125
577;3054.9260000000004;25.664;25.664;25.664;25.5;25.5;25.5;25.5;25.5;25.664;25.5;25.664;25.828;25.828;25.5;26.156;25.664;25.5;28.288;25.5;25.5;25.664;25.5;25.5;25.5;25.5;25.5;25.5;25.5;26.812
578;157.12400000000002;25.828;25.5;25.828;25.5;25.5;25.5;25.5;25.5;25.5;25.5;25.5;25.5;25.5;25.5;25.5;25.5;25.5;26.976;25.5;25.5;25.5;25.5;25.5;25.5;25.5;25.5;25.5;25.5;25.5
579;170.15300000000002;25.5;25.5;28.288;25.5;25.5;25.5;25.5;25.5;25.5;25.5;25.5;25.5;25.5;25.5;25.5;25.5;25.5;25.5;25.5;25.5;25.5;25.5;25.5;25.5;25.5;25.5;25.5;25.5;25.5
580;619.48;26.156;25.664;25.5;25.5;25.5;25.5;25.5;25.5;25.5;25.664;25.664;25.828;25.5;25.5;25.5;25.5;25.5;26.32;25.5;25.5;25.5;25.5;25.5;25.5;25.5;25.5;25.5;25.664;25.5
581;42.508;25.5;25.5;25.5;25.5;25.5;25.5;25.5;25.5;25.5;25.5;25.5;25.5;25.5;25.5;25.5;25.5;25.5;25.5;25.5;25.5;25.5;25.5;25.5;25.5;25.5;25.5;25.5;25.5;25.5
582;134.32000000000002;25.5;25.5;25.828;25.5;25.5;25.5;25.5;25.5;25.5;25.5;25.5;25.5;25.5;25.5;25.5;25.5;25.5;25.5;25.5;25.5;25.5;25.5;25.5;25.5;25.5;25.5;25.5;25.5;25.5
583;574.23;19.289;19.289;19.617;19.125;19.125;19.125;19.125;19.125;19.289;19.125;19.125;19.617;19.125;19.125;19.125;19.125;19.125;21.585;19.125;19.453;19.289;19.617;19.125;19.125;19.125;19.125;19.125;19.125;19.945
584;121.739;19.617;19.125;19.945;19.125;19.125;19.125;19.125;19.125;19.125;19.125;19.125;19.125;19.125;19.125;19.125;19.125;19.125;19.125;19.125;19.125;19.125;19.125;19.125;19.125;19.125;19.125;19.125;19.125;19.125
585;220.036;25.5;25.5;25.664;25.5;25.5;25.5;25.5;25.5;25.5;25.5;25.5;25.5;25.5;25.5;25.5;25.5;25.5;26.648;25.5;25.5;25.5;25.5;25.5;25.5;25.5;25.5;25.5;25.5;25.5
586;277.201;19.125;19.125;19.125;19.125;19.125;19.125;19.125;19.125;19.125;19.125;19.125;19.125;19.125;19.125;19.125;19.125;19.125;19.781;19.125;19.125;19.125;19.125;19.125;19.125;19.125;19.125;19.125;19.125;19.125
587;64.753;25.5;25.5;25.5;25.5;25.5;25.5;25.5;25.5;25.5;25.5;25.5;25.5;25.5;25.5;25.5;25.5;25.5;25.5;25.5;25.5;25.5;25.5;25.5;25.5;25.5;25.5;25.5;25.5;25.5
588;784.0260000000001;25.5;25.5;25.5;25.5;25.5;25.5;25.5;25.5;25.5;25.5;25.5;25.5;25.5;25.5;25.5;25.5;25.5;25.664;25.5;25.5;25.5;25.5;25.5;25.5;25.5;25.5;25.5;25.5;25.5
589;365.93000000000006;25.5;25.5;25.5;25.5;25.5;25.5;25.5;25.5;25.5;25.5;25.5;25.5;25.5;25.5;25.5;25.5;25.5;27.468;25.5;25.5;25.5;25.5;25.5;25.5;25.5;25.5;25.5;25.5;25.5
590;14091.027999999998;19.781;20.109;20.109;19.125;19.125;19.125;19.125;19.125;19.617;19.125;19.289;19.617;19.453;19.125;19.125;19.289;19.125;23.061;19.125;19.617;19.125;19.289;19.125;19.125;19.125;19.125;19.125;19.289;19.453
591;52.648;25.5;25.5;25.5;25.5;25.5;25.5;25.5;25.5;25.5;25.5;25.5;25.5;25.5;25.5;25.5;25.5;25.5;25.5;25.5;25.5;25.5;25.5;25.5;25.5;25.5;25.5;25.5;25.5;25.5
592;25.5;25.5;25.5;25.5;25.5;25.5;25.5;25.5;25.5;25.5;25.5;25.5;25.5;25.5;25.5;25.5;25.5;25.5;25.5;25.5;25.5;25.5;25.5;25.5;25.5;25.5;25.5;25.5;25.5;25.5
593;2817.887;26.156;25.828;25.828;25.5;25.5;25.5;25.5;25.5;25.5;25.5;25.5;25.5;25.5;25.5;25.5;25.5;25.5;26.812;25.5;25.5;25.5;25.5;25.5;25.5;25.5;25.5;25.5;25.5;25.5
594;109.364;25.664;25.5;25.5;25.5;25.5;25.5;25.5;25.5;25.5;25.5;25.5;25.5;25.5;25.5;25.5;25.5;25.5;25.828;25.5;25.5;25.5;25.5;25.5;25.5;25.5;25.5;25.5;25.5;25.5
595;313.525;25.664;25.664;25.5;25.5;25.5;25.5;25.5;25.5;25.664;25.5;25.5;25.5;25.5;25.5;25.5;25.5;25.5;25.5;25.5;25.5;25.5;25.5;25.5;25.5;25.5;25.5;25.5;25.5;25.5
596;31.46;25.5;25.5;25.664;25.5;25.5;25.5;25.5;25.5;25.5;25.5;25.5;25.5;25.5;25.5;25.5;25.5;25.5;25.5;25.5;25.5;25.5;25.5;25.5;25.5;25.5;25.5;25.5;25.5;25.5
597;642.7460000000001;25.5;25.664;25.992;25.5;25.5;25.5;25.5;25.5;25.664;25.5;25.828;25.828;25.828;25.5;25.664;25.664;25.5;28.288;25.5;25.5;25.664;25.5;25.5;25.5;25.5;25.5;25.5;25.5;25.5
598;3052.442;19.289;19.125;19.617;19.125;19.125;19.125;19.125;19.125;19.289;19.617;19.617;19.617;19.453;19.125;19.125;19.125;19.125;20.765;19.125;19.289;19.289;19.125;19.125;19.125;19.125;19.125;19.125;19.125;19.125
599;271.81000000000006;25.664;25.664;25.5;25.5;25.5;25.5;25.5;25.5;25.5;25.664;25.664;25.5;25.5;25.5;25.5;25.5;25.5;28.944;25.5;25.5;25.5;25.5;25.5;25.5;25.5;25.5;25.5;25.5;25.5
600;25.828;25.5;25.5;25.5;25.5;25.5;25.5;25.5;25.5;25.5;25.5;25.5;25.5;25.5;25.5;25.5;25.5;25.5;25.5;25.5;25.5;25.5;25.5;25.5;25.5;25.5;25.5;25.5;25.5;25.5
601;1560.5780000000002;20.273;19.453;19.617;19.125;19.125;19.125;19.125;19.125;19.453;19.289;19.617;20.109;19.453;19.125;19.617;19.289;19.125;20.765;19.125;19.125;19.289;19.125;19.125;19.125;19.125;19.125;19.125;19.453;20.109
602;932.3990000000001;25.5;25.828;25.992;25.5;25.5;25.5;25.5;25.5;25.5;25.5;25.664;25.5;25.5;25.5;25.5;25.5;25.5;26.812;25.5;25.5;25.5;25.5;25.5;25.5;25.5;25.5;25.5;25.5;25.5
603;41.475;19.125;19.125;19.125;19.125;19.125;19.125;19.125;19.125;19.125;19.125;19.125;19.125;19.125;19.125;19.125;19.125;19.125;19.125;19.125;19.125;19.125;19.125;19.125;19.125;19.125;19.125;19.125;19.125;19.125
604;313.576;25.828;25.828;25.5;25.5;25.5;25.5;25.5;25.5;25.664;25.5;25.5;25.5;25.5;25.5;25.5;25.5;25.5;25.5;25.5;25.5;25.5;25.5;25.5;25.5;25.5;25.5;25.5;25.5;25.5
605;255.36400000000003;25.664;25.5;25.664;25.5;25.5;25.5;25.5;25.5;25.664;25.5;25.5;25.828;25.5;25.5;25.5;25.5;25.5;27.304;25.5;25.5;25.664;26.156;25.5;25.5;25.5;25.5;25.5;25.5;25.5
606;130.385;25.5;25.664;25.5;25.5;25.5;25.5;25.5;25.5;25.5;25.5;25.5;25.5;25.5;25.5;25.5;25.5;25.5;25.5;25.5;25.5;25.5;25.5;25.5;25.5;25.5;25.5;25.5;25.5;25.5
607;120.174;25.5;25.5;25.5;25.5;25.5;25.5;25.5;25.5;25.5;25.5;25.5;25.5;25.5;25.5;25.5;25.5;25.5;25.5;25.5;25.5;25.5;25.5;25.5;25.5;25.5;25.5;25.5;25.5;25.5
608;617.7440000000001;25.5;25.664;25.5;25.5;25.5;25.5;25.5;25.5;25.664;25.5;25.664;26.484;25.992;25.5;25.664;25.5;25.5;26.812;25.5;25.5;25.5;25.5;25.5;25.5;25.5;25.5;25.5;25.5;27.304
609;241.794;25.5;25.5;25.5;25.5;25.5;25.5;25.5;25.5;25.5;25.5;25.5;25.5;25.5;25.5;25.5;25.5;25.5;25.5;25.5;25.5;25.5;25.5;25.5;25.5;25.5;25.5;25.5;25.5;25.5
610;1304.865;19.945;19.617;20.765;19.125;19.125;19.125;19.125;19.125;19.453;19.781;19.453;19.453;19.617;19.125;19.617;19.125;19.125;21.585;19.125;19.453;19.453;21.093;20.109;19.617;19.125;19.453;19.453;19.125;19.945
611;193.974;19.125;19.125;19.617;19.125;19.125;19.125;19.125;19.125;19.125;19.125;19.125;19.125;19.125;19.125;19.125;19.125;19.125;19.125;19.125;19.125;19.125;19.125;19.125;19.125;19.125;19.125;19.125;19.125;19.125
612;102.715;25.828;25.5;25.5;25.5;25.5;25.5;25.5;25.5;25.5;25.5;25.5;25.5;25.5;25.5;25.5;25.5;25.5;25.5;25.5;25.5;25.5;25.5;25.5;25.5;25.5;25.5;25.5;25.5;25.5
613;362.53600000000006;25.5;25.5;25.828;25.5;25.5;25.5;25.5;25.5;25.5;25.5;25.664;25.5;25.5;25.5;25.5;25.5;25.5;26.648;25.5;25.5;25.5;25.5;25.5;25.5;25.5;25.5;25.5;26.156;25.5
614;3601.6090000000004;26.976;25.828;26.976;25.5;25.5;25.5;25.5;25.5;25.828;25.5;25.5;25.992;25.992;26.156;25.992;25.5;25.5;28.944;25.5;25.5;25.828;27.632;25.5;25.664;25.5;25.664;25.5;25.664;25.5
615;1174.529;25.828;25.664;26.156;25.5;25.5;25.5;25.5;25.5;25.664;25.5;25.664;26.156;26.156;25.5;25.664;25.5;25.5;32.388;25.5;25.5;25.664;26.648;25.5;25.5;25.5;25.5;25.5;25.5;25.992
616;546.374;25.828;25.5;25.5;25.5;25.5;25.5;25.5;25.5;25.664;25.5;25.664;25.828;25.5;25.5;25.5;25.5;25.5;27.96;25.5;25.5;25.5;25.5;25.5;25.5;25.5;25.5;25.5;25.5;25.828
617;3119.545;19.617;19.453;19.617;19.125;19.125;19.125;19.125;19.125;19.289;19.125;19.289;19.289;19.289;19.289;19.125;19.125;19.125;20.929;19.125;19.125;19.125;19.125;19.125;19.125;19.125;19.125;19.125;19.453;19.125
618;76.757;25.5;25.5;25.5;25.5;25.5;25.5;25.5;25.5;25.5;25.5;25.5;25.5;25.5;25.5;25.5;25.5;25.5;25.5;25.5;25.5;25.5;25.5;25.5;25.5;25.5;25.5;25.5;25.5;25.5
619;71.569;25.5;25.664;25.5;25.5;25.5;25.5;25.5;25.5;25.5;25.5;25.5;25.5;25.5;25.5;25.5;25.5;25.5;25.5;25.5;25.5;25.5;25.5;25.5;25.5;25.5;25.5;25.5;25.5;25.5
620;26.32;25.5;25.5;25.5;25.5;25.5;25.5;25.5;25.5;25.5;25.5;25.5;25.5;25.5;25.5;25.5;25.5;25.5;25.5;25.5;25.5;25.5;25.5;25.5;25.5;25.5;25.5;25.5;25.5;25.5
621;196.375;25.5;25.5;25.5;25.5;25.5;25.5;25.5;25.5;25.5;25.5;25.5;25.5;25.5;25.5;25.5;25.5;25.5;27.14;25.5;25.5;25.5;25.5;25.5;25.5;25.5;25.5;25.5;25.5;25.5
622;1210.172;25.5;25.5;26.484;25.5;25.5;25.5;25.5;25.5;25.5;25.5;26.156;25.5;25.5;25.5;25.5;25.5;25.5;26.976;25.5;25.5;25.5;25.5;25.5;25.5;25.5;25.5;25.5;25.5;25.5
623;25.5;25.5;25.5;25.5;25.5;25.5;25.5;25.5;25.5;25.5;25.5;25.5;25.5;25.5;25.5;25.5;25.5;25.5;25.5;25.5;25.5;25.5;25.5;25.5;25.5;25.5;25.5;25.5;25.5;25.5
624;430.668;25.664;25.5;25.5;25.5;25.5;25.5;25.5;25.5;25.5;25.5;25.5;25.5;25.5;25.5;25.5;25.5;25.5;25.664;25.5;25.5;25.5;25.5;25.5;25.5;25.5;25.5;25.5;25.5;25.5
625;25.5;25.5;25.5;25.5;25.5;25.5;25.5;25.5;25.5;25.5;25.5;25.5;25.5;25.5;25.5;25.5;25.5;25.5;25.5;25.5;25.5;25.5;25.5;25.5;25.5;25.5;25.5;25.5;25.5;25.5
626;128.49099999999999;25.5;25.5;25.5;25.5;25.5;25.5;25.5;25.5;25.5;25.5;25.5;25.664;25.5;25.5;25.5;25.5;25.5;25.5;25.5;25.5;25.5;25.5;25.5;25.5;25.5;25.5;25.5;25.5;25.5
627;1142.9270000000001;19.781;19.453;19.125;19.125;19.125;19.125;19.125;19.125;19.125;19.125;19.289;19.781;19.125;19.125;19.125;19.125;19.125;23.389;19.125;19.125;19.125;19.125;19.125;19.125;19.125;19.289;19.125;19.453;19.125
628;462.727;25.5;25.5;25.5;25.5;25.5;25.5;25.5;25.5;25.5;25.5;25.5;25.5;25.5;25.5;25.5;25.5;25.5;26.32;25.5;25.5;25.5;25.5;25.5;25.5;25.5;25.5;25.5;25.5;25.5
629;25.5;25.5;25.5;25.5;25.5;25.5;25.5;25.5;25.5;25.5;25.5;25.5;25.5;25.5;25.5;25.5;25.5;25.5;25.5;25.5;25.5;25.5;25.5;25.5;25.5;25.5;25.5;25.5;25.5;25.5
630;125.54000000000002;25.664;25.5;25.5;25.5;25.5;25.5;25.5;25.5;25.828;26.32;25.828;25.828;25.5;25.5;25.5;25.5;25.5;25.5;25.5;25.5;25.5;25.5;25.5;25.5;25.5;25.5;25.5;25.5;25.5
631;444.93800000000005;25.828;25.5;25.5;25.5;25.5;25.5;25.5;25.5;25.5;25.5;25.5;25.5;25.5;25.5;25.5;25.5;25.5;26.812;25.5;25.5;25.5;25.5;25.5;25.5;25.5;25.5;25.5;25.5;25.5
632;732.701;19.125;19.289;19.125;19.125;19.125;19.125;19.125;19.125;19.289;19.125;19.289;19.453;19.453;19.125;19.289;19.125;19.125;20.929;19.125;19.125;19.289;20.273;19.125;19.125;19.125;19.125;19.125;19.125;19.617
633;31.624;25.664;25.5;25.5;25.5;25.5;25.5;25.5;25.5;25.5;25.5;25.5;25.5;25.5;25.5;25.5;25.5;25.5;25.5;25.5;25.5;25.5;25.5;25.5;25.5;25.5;25.5;25.5;25.5;25.5
634;91.197;25.828;25.5;25.5;25.5;25.5;25.5;25.5;25.5;25.5;25.5;25.5;25.5;25.5;25.5;25.5;25.5;25.5;26.156;25.5;25.5;25.5;25.5;25.5;25.5;25.5;25.5;25.5;25.5;25.5
635;624.3710000000001;25.5;25.5;25.5;25.5;25.5;25.5;25.5;25.5;25.5;25.5;25.5;25.5;25.5;25.5;25.5;25.5;25.5;28.944;25.5;25.5;25.5;25.5;25.5;25.5;25.5;25.5;25.5;25.5;25.828
636;24.415;19.453;19.125;19.125;19.125;19.125;19.125;19.125;19.125;19.125;19.125;19.125;19.125;19.125;19.125;19.125;19.125;19.125;19.453;19.125;19.125;19.125;19.125;19.125;19.125;19.125;19.125;19.125;19.125;19.125
637;244.113;25.5;25.5;25.5;25.5;25.5;25.5;25.5;25.5;25.5;25.5;25.5;25.992;25.5;25.5;25.5;25.5;25.5;27.14;25.5;25.5;25.5;25.5;25.5;25.5;25.5;25.5;25.5;25.5;25.5
638;1547.454;25.664;25.5;25.5;25.5;25.5;25.5;25.5;25.5;25.5;25.5;25.664;25.5;25.5;25.5;25.5;25.5;25.5;27.468;25.5;25.5;25.5;25.5;25.5;25.5;25.5;25.5;25.5;25.664;25.5
639;669.0400000000001;19.453;19.617;19.289;19.125;19.125;19.125;19.125;19.125;19.125;19.125;19.617;19.781;19.453;19.125;19.125;19.125;19.125;21.585;19.125;19.125;19.125;19.125;19.125;19.125;19.125;19.125;19.125;19.125;19.125
640;391.88700000000006;25.5;25.664;25.5;25.5;25.5;25.5;25.5;25.5;25.5;25.5;25.5;25.5;26.156;25.5;25.664;25.5;25.5;29.272;25.5;25.5;25.5;25.5;25.5;25.5;25.5;25.5;25.5;25.5;25.5
641;879.3320000000001;25.992;25.664;25.5;25.5;25.5;25.5;25.5;25.5;25.664;25.664;25.992;25.664;25.992;25.5;25.664;25.5;25.5;36.324;25.5;25.5;25.5;25.828;25.5;25.5;25.5;25.5;25.5;26.156;25.828
642;502.288;25.828;25.664;25.5;25.5;25.5;25.5;25.5;25.5;25.5;25.5;25.828;26.648;25.5;25.664;25.664;25.5;25.5;26.648;25.5;25.5;25.664;25.992;25.5;25.5;25.5;25.5;25.5;25.5;25.664
643;398.09899999999993;25.828;25.5;25.828;25.5;25.5;25.5;25.5;25.5;25.5;25.5;25.664;25.828;25.5;25.5;25.5;25.5;25.5;30.092;25.5;25.5;25.5;25.5;25.5;25.664;25.5;25.5;25.5;25.5;25.664
644;730.441;19.289;19.453;19.617;19.125;19.125;19.125;19.125;19.125;19.289;19.125;19.125;19.945;19.453;19.125;19.453;19.289;19.125;20.765;19.125;19.125;19.125;19.125;19.125;19.125;19.125;19.125;19.125;19.125;19.945
645;85.491;25.664;25.5;25.5;25.5;25.5;25.5;25.5;25.5;25.5;25.5;25.5;25.5;25.5;25.5;25.5;25.5;25.5;26.32;25.5;25.5;25.5;25.5;25.5;25.5;25.5;25.5;25.5;25.5;25.5
646;373.10200000000003;25.5;25.5;25.5;25.5;25.5;25.5;25.5;25.5;25.5;25.5;25.5;25.5;25.5;25.5;25.5;25.5;25.5;28.616;25.5;25.664;25.5;25.5;25.5;25.5;25.5;25.5;25.5;25.5;25.5
647;139.422;19.125;19.125;19.125;19.125;19.125;19.125;19.125;19.125;19.125;19.125;19.125;19.125;19.125;19.125;19.125;19.125;19.125;19.125;19.125;19.125;19.125;19.125;19.125;19.125;19.125;19.125;19.125;19.125;19.125
648;599.6949999999999;25.992;25.5;26.976;25.5;25.5;25.5;25.5;25.5;25.828;25.5;25.5;25.5;25.5;25.5;25.5;25.5;25.5;30.256;25.5;25.828;25.5;25.5;25.5;25.5;25.5;25.5;25.5;25.5;25.5
649;57.298;25.5;25.5;25.5;25.5;25.5;25.5;25.5;25.5;25.5;25.5;25.5;25.5;25.5;25.5;25.5;25.5;25.5;25.5;25.5;25.5;25.5;25.5;25.5;25.5;25.5;25.5;25.5;25.5;25.5
650;421.039;25.5;25.5;25.992;25.5;25.5;25.5;25.5;25.5;25.828;25.5;25.664;25.992;25.828;25.5;25.828;25.828;25.5;25.5;25.5;25.5;25.5;25.5;25.5;25.5;25.5;25.5;25.5;25.5;25.5
651;19.125;19.125;19.125;19.125;19.125;19.125;19.125;19.125;19.125;19.125;19.125;19.125;19.125;19.125;19.125;19.125;19.125;19.125;19.125;19.125;19.125;19.125;19.125;19.125;19.125;19.125;19.125;19.125;19.125;19.125
652;19.125;19.125;19.125;19.125;19.125;19.125;19.125;19.125;19.125;19.125;19.125;19.125;19.125;19.125;19.125;19.125;19.125;19.125;19.125;19.125;19.125;19.125;19.125;19.125;19.125;19.125;19.125;19.125;19.125;19.125
653;476.106;25.5;25.664;25.5;25.5;25.5;25.5;25.5;25.5;25.5;25.5;25.664;25.828;25.5;25.5;25.5;25.5;25.5;26.648;25.5;25.5;25.5;25.5;25.5;25.5;25.5;25.5;25.5;25.5;25.5
654;1054.011;25.664;25.5;26.32;25.5;25.5;25.5;25.5;25.5;25.664;25.5;25.5;26.156;26.156;25.5;25.5;25.5;25.5;27.468;25.5;25.5;25.5;25.664;25.664;25.5;25.5;25.5;25.5;25.5;25.5
655;91.411;25.5;25.664;25.5;25.5;25.5;25.5;25.5;25.5;25.5;25.5;25.5;25.5;25.5;25.5;25.5;25.5;25.5;25.5;25.5;25.5;25.5;25.5;25.5;25.5;25.5;25.5;25.5;25.5;25.5
656;172.192;19.945;19.617;19.125;19.125;19.125;19.125;19.125;19.125;19.125;19.125;19.125;19.125;19.125;19.125;19.125;19.125;19.125;19.453;19.125;19.125;19.125;19.125;19.125;19.125;19.125;19.125;19.125;19.125;19.125
657;442.585;25.5;25.828;25.664;25.5;25.5;25.5;25.5;25.5;25.5;25.5;25.5;25.5;25.5;25.5;25.5;25.5;25.5;27.304;25.5;25.5;25.5;25.5;25.5;25.664;25.5;25.5;25.5;26.648;25.5
658;25.5;25.5;25.5;25.5;25.5;25.5;25.5;25.5;25.5;25.5;25.5;25.5;25.5;25.5;25.5;25.5;25.5;25.5;25.5;25.5;25.5;25.5;25.5;25.5;25.5;25.5;25.5;25.5;25.5;25.5
659;506.4320000000001;25.5;25.664;25.5;25.5;25.5;25.5;25.5;25.5;25.5;25.5;25.5;25.5;25.5;25.5;25.5;25.5;25.5;29.6;25.5;25.5;25.5;25.5;25.5;25.5;25.5;25.5;25.5;25.5;25.664
660;127.717;25.5;25.5;25.5;25.5;25.5;25.5;25.5;25.5;25.5;25.5;25.5;25.5;25.5;25.5;25.5;25.5;25.5;25.5;25.5;25.5;25.5;25.5;25.5;25.5;25.5;25.5;25.5;25.5;25.5
661;25.5;25.5;25.5;25.5;25.5;25.5;25.5;25.5;25.5;25.5;25.5;25.5;25.5;25.5;25.5;25.5;25.5;25.5;25.5;25.5;25.5;25.5;25.5;25.5;25.5;25.5;25.5;25.5;25.5;25.5
662;699.624;25.5;25.828;25.828;25.5;25.5;25.5;25.5;25.5;25.828;25.5;25.664;25.828;25.664;25.5;25.5;25.5;25.5;28.288;25.5;25.5;25.664;26.648;25.5;25.5;25.5;25.5;25.5;25.5;25.5
663;62.263;25.664;25.5;25.664;25.5;25.5;25.5;25.5;25.5;25.5;25.5;25.5;25.5;25.5;25.5;25.5;25.5;25.5;25.5;25.5;25.5;25.5;25.5;25.5;25.5;25.5;25.5;25.5;25.5;25.5
664;25.5;25.5;25.5;25.5;25.5;25.5;25.5;25.5;25.5;25.5;25.5;25.5;25.5;25.5;25.5;25.5;25.5;25.5;25.5;25.5;25.5;25.5;25.5;25.5;25.5;25.5;25.5;25.5;25.5;25.5
665;723.848;25.664;25.664;25.828;25.5;25.5;25.5;25.5;25.5;25.5;25.5;25.5;25.664;25.828;25.5;25.5;25.5;25.5;25.664;25.5;25.5;25.5;25.5;25.5;25.5;25.5;25.5;25.5;25.5;25.5
666;360.71000000000004;25.5;25.664;25.992;25.5;25.5;25.5;25.5;25.5;25.828;25.5;25.664;25.664;25.828;25.5;25.5;25.5;25.5;29.764;25.5;25.5;25.5;25.5;25.5;25.5;25.5;25.5;25.5;25.5;25.664
667;323.751;25.664;25.5;25.5;25.5;25.5;25.5;25.5;25.5;25.5;25.5;25.5;25.5;25.5;25.5;25.5;25.5;25.5;27.304;25.5;25.5;25.664;25.828;25.5;25.5;25.5;25.5;25.5;25.5;25.5
668;71.729;25.5;25.5;25.5;25.5;25.5;25.5;25.5;25.5;25.5;25.5;25.5;25.5;25.5;25.5;25.5;25.5;25.5;25.5;25.5;25.5;25.5;25.5;25.5;25.5;25.5;25.5;25.5;25.5;25.5
669;2912.17;19.453;19.289;19.125;19.125;19.125;19.125;19.125;19.125;19.125;19.125;19.125;19.125;19.289;19.125;19.125;19.125;19.125;20.601;19.125;19.125;19.289;20.109;19.125;19.125;19.125;19.125;19.125;19.289;19.617
670;605.0550000000001;25.992;25.992;25.5;25.5;25.5;25.5;25.5;25.5;25.5;25.664;25.664;25.664;25.5;25.5;25.5;25.5;25.5;28.451999999999998;25.5;25.5;25.5;25.5;25.5;25.5;25.5;25.5;25.5;25.5;25.5
671;25.5;25.5;25.5;25.5;25.5;25.5;25.5;25.5;25.5;25.5;25.5;25.5;25.5;25.5;25.5;25.5;25.5;25.5;25.5;25.5;25.5;25.5;25.5;25.5;25.5;25.5;25.5;25.5;25.5;25.5
672;119.84100000000001;19.125;19.125;19.125;19.125;19.125;19.125;19.125;19.125;19.125;19.125;19.125;19.125;19.125;19.125;19.125;19.125;19.125;19.125;19.125;19.125;19.125;19.125;19.125;19.125;19.125;19.125;19.125;19.125;19.125
673;862.654;21.913;20.273;21.093;19.125;19.125;19.125;19.125;19.125;19.125;19.125;19.125;19.125;19.125;19.125;19.125;19.125;19.125;19.125;19.125;19.125;19.125;19.125;19.125;19.125;19.125;19.125;19.125;19.125;19.125
674;33.114000000000004;25.5;25.5;25.5;25.5;25.5;25.5;25.5;25.5;25.5;25.5;25.5;25.5;25.5;25.5;25.5;25.5;25.5;25.5;25.5;25.5;25.5;25.5;25.5;25.5;25.5;25.5;25.5;25.5;25.5
675;108.79000000000002;25.5;25.5;25.5;25.5;25.5;25.5;25.5;25.5;25.5;25.5;25.5;25.5;25.5;25.5;25.5;25.5;25.5;25.5;25.5;25.5;25.5;25.5;25.5;25.5;25.5;25.5;25.5;25.5;25.5
676;112.27800000000002;19.453;19.617;19.125;19.125;19.125;19.125;19.125;19.125;19.125;19.125;19.125;19.125;19.125;19.125;19.125;19.125;19.125;20.437;19.125;19.125;19.125;19.125;19.125;19.125;19.125;19.125;19.125;19.125;19.125
677;980.492;19.125;19.289;19.945;19.125;19.125;19.125;19.125;19.125;19.289;19.125;19.125;19.125;19.125;19.125;19.125;19.125;19.125;21.913;19.125;19.125;19.125;19.125;19.125;19.125;19.125;19.125;19.125;19.125;19.125
678;188.409;25.992;26.156;26.32;25.5;25.5;25.5;25.5;25.5;25.5;25.5;25.5;25.5;25.5;25.5;25.5;25.5;25.5;25.5;25.5;25.5;25.5;25.664;25.5;25.5;25.5;25.5;25.5;25.5;25.5
679;41.89;25.5;25.5;25.5;25.5;25.5;25.5;25.5;25.5;25.5;25.5;25.5;25.5;25.5;25.5;25.5;25.5;25.5;25.5;25.5;25.5;25.5;25.5;25.5;25.5;25.5;25.5;25.5;25.5;25.5
680;180.529;25.5;25.5;25.664;25.5;25.5;25.5;25.5;25.5;25.5;25.5;25.5;25.664;25.5;25.5;25.5;25.5;25.5;28.124;25.5;25.5;25.5;25.5;25.5;25.5;25.5;25.5;25.5;25.5;25.5
681;139.67700000000002;25.5;25.5;25.5;25.5;25.5;25.5;25.5;25.5;25.5;25.5;25.5;25.5;25.5;25.5;25.5;25.5;25.5;25.5;25.5;25.5;25.5;25.5;25.5;25.5;25.5;25.5;25.5;25.5;25.5
682;120.69;25.828;25.5;25.5;25.5;25.5;25.5;25.5;25.5;25.5;25.5;25.5;25.5;25.5;25.5;25.5;25.5;25.5;26.484;25.5;25.5;25.5;25.5;25.5;25.5;25.5;25.5;25.5;25.5;25.5
683;19.617;19.125;19.125;19.125;19.125;19.125;19.125;19.125;19.125;19.125;19.125;19.125;19.125;19.125;19.125;19.125;19.125;19.125;19.125;19.125;19.125;19.125;19.125;19.125;19.125;19.125;19.125;19.125;19.125;19.125
684;396.266;25.5;25.664;25.5;25.5;25.5;25.5;25.5;25.5;25.5;25.5;25.664;25.828;25.828;25.664;25.664;25.5;25.5;26.484;25.5;25.5;25.664;25.5;25.5;25.5;25.5;25.5;25.5;25.828;25.992
685;229.708;26.32;25.828;25.5;25.5;25.5;25.5;25.5;25.5;25.664;25.5;25.5;25.5;25.5;25.828;25.5;25.5;25.5;26.648;25.5;25.5;25.5;25.5;25.5;25.5;25.5;25.5;25.5;25.5;25.5
686;210.16;25.5;25.5;25.664;25.5;25.5;25.5;25.5;25.5;25.5;25.5;25.5;25.5;25.5;25.5;25.5;25.5;25.5;25.664;25.5;25.5;25.5;25.5;25.5;25.5;25.5;25.5;25.5;25.5;25.5
687;194.577;25.828;25.664;25.5;25.5;25.5;25.5;25.5;25.5;25.5;25.5;25.5;25.5;25.5;25.5;25.5;25.5;25.5;25.828;25.5;25.5;25.5;25.5;25.5;25.5;25.5;25.5;25.5;25.5;25.5
688;25.5;25.5;25.5;25.5;25.5;25.5;25.5;25.5;25.5;25.5;25.5;25.5;25.5;25.5;25.5;25.5;25.5;25.5;25.5;25.5;25.5;25.5;25.5;25.5;25.5;25.5;25.5;25.5;25.5;25.5
689;1437.045;25.992;25.664;25.5;25.5;25.5;25.5;25.5;25.5;25.5;25.5;25.5;25.664;25.828;25.5;25.5;25.5;25.5;26.648;25.5;25.5;25.5;25.5;25.5;25.5;25.5;25.5;25.5;25.664;25.5
690;19.125;19.125;19.125;19.125;19.125;19.125;19.125;19.125;19.125;19.125;19.125;19.125;19.125;19.125;19.125;19.125;19.125;19.125;19.125;19.125;19.125;19.125;19.125;19.125;19.125;19.125;19.125;19.125;19.125;19.125
691;1013.3380000000002;26.32;25.828;25.828;25.5;25.5;25.5;25.5;25.5;25.828;25.5;25.5;26.648;25.5;25.5;25.5;25.5;25.5;31.404;25.5;25.5;25.664;26.648;25.5;25.5;25.5;25.5;25.5;26.484;26.156
692;254.53000000000003;25.5;25.5;25.5;25.5;25.5;25.5;25.5;25.5;25.5;25.5;25.5;25.5;25.5;25.5;25.5;25.5;25.5;25.5;25.5;25.5;25.5;25.5;25.5;25.5;25.5;25.5;25.5;25.5;25.5
693;25.5;25.5;25.5;25.5;25.5;25.5;25.5;25.5;25.5;25.5;25.5;25.5;25.5;25.5;25.5;25.5;25.5;25.5;25.5;25.5;25.5;25.5;25.5;25.5;25.5;25.5;25.5;25.5;25.5;25.5
694;634.0;19.125;19.289;19.289;19.125;19.125;19.125;19.125;19.125;19.125;19.125;19.125;19.125;19.125;19.125;19.125;19.125;19.125;20.765;19.125;19.125;19.125;19.125;19.125;19.125;19.125;19.125;19.125;19.125;19.289
695;311.375;25.5;25.5;25.5;25.5;25.5;25.5;25.5;25.5;25.5;25.5;25.5;25.5;25.5;25.5;25.5;25.5;25.5;27.468;25.5;25.5;25.5;25.5;25.5;25.5;25.5;25.5;25.5;25.5;25.5
696;19.125;19.125;19.125;19.125;19.125;19.125;19.125;19.125;19.125;19.125;19.125;19.125;19.125;19.125;19.125;19.125;19.125;19.125;19.125;19.125;19.125;19.125;19.125;19.125;19.125;19.125;19.125;19.125;19.125;19.125
697;120.179;25.992;25.5;25.5;25.5;25.5;25.5;25.5;25.5;25.5;25.5;25.5;25.5;25.5;25.5;25.5;25.5;25.5;25.664;25.5;25.5;25.5;25.5;25.5;25.5;25.5;25.5;25.5;25.5;25.5
698;28.808;25.5;25.5;25.5;25.5;25.5;25.5;25.5;25.5;25.5;25.5;25.5;25.5;25.5;25.5;25.5;25.5;25.5;25.5;25.5;25.5;25.5;25.5;25.5;25.5;25.5;25.5;25.5;25.5;25.5
699;199.70300000000003;25.5;25.5;25.5;25.5;25.5;25.5;25.5;25.5;25.5;25.5;25.5;25.5;25.5;25.5;25.5;25.5;25.5;27.14;25.5;25.5;25.5;25.5;25.5;25.5;25.5;25.5;25.5;25.5;25.5
700;257.773;25.664;25.5;25.828;25.5;25.5;25.5;25.5;25.5;25.5;25.5;25.5;25.5;25.5;25.5;25.5;25.5;25.5;25.664;25.5;25.5;25.5;25.5;25.5;25.5;25.5;25.5;25.5;25.5;25.5
701;43.16;25.5;25.5;25.5;25.5;25.5;25.5;25.5;25.5;25.5;25.5;25.664;25.5;25.5;25.5;25.5;25.5;25.5;26.812;25.5;25.5;25.5;25.5;25.5;25.5;25.5;25.5;25.5;25.5;25.664
702;738.5630000000001;25.5;25.828;25.5;25.5;25.5;25.5;25.5;25.5;25.5;25.664;25.5;25.828;25.828;25.5;25.664;25.5;25.5;26.484;25.5;25.5;25.5;25.5;25.5;25.5;25.5;25.5;25.5;25.5;25.664
703;1168.217;25.5;25.664;25.664;25.5;25.5;25.5;25.5;25.5;25.5;25.5;25.664;25.828;25.664;25.5;25.5;25.5;25.5;31.240000000000002;25.5;25.5;25.664;25.5;25.5;25.5;25.5;25.5;25.5;25.5;25.5
704;19.125;19.125;19.125;19.125;19.125;19.125;19.125;19.125;19.125;19.125;19.125;19.125;19.125;19.125;19.125;19.125;19.125;19.125;19.125;19.125;19.125;19.125;19.125;19.125;19.125;19.125;19.125;19.125;19.125;19.125
705;331.743;25.992;25.664;25.5;25.5;25.5;25.5;25.5;25.5;25.5;25.5;25.5;25.5;25.5;25.5;25.5;25.5;25.5;25.5;25.5;25.5;25.5;25.5;25.5;25.5;25.5;25.5;25.5;25.5;25.5
706;104.49700000000001;25.5;25.5;25.5;25.5;25.5;25.5;25.5;25.5;25.5;25.5;25.5;25.664;25.5;25.5;25.5;25.5;25.5;25.5;25.5;25.5;25.5;25.5;25.5;25.5;25.5;25.5;25.5;25.5;25.5
707;139.798;26.648;25.664;25.992;25.5;25.5;25.5;25.5;25.5;25.5;25.5;25.5;25.5;25.5;25.5;25.5;25.5;25.5;25.992;25.5;25.5;25.5;25.5;25.5;25.5;25.5;25.5;25.5;25.5;25.5
708;2502.0389999999998;25.664;25.828;26.156;25.5;25.5;25.5;25.5;25.5;25.828;27.14;25.828;25.828;25.828;25.5;25.664;25.5;25.5;44.852000000000004;25.5;25.5;25.5;25.664;25.5;25.5;25.5;25.5;25.5;25.5;25.664
709;976.898;19.125;19.125;19.125;19.125;19.125;19.125;19.125;19.125;19.289;19.125;19.125;19.453;19.453;19.125;19.125;19.125;19.125;20.601;19.125;19.125;19.289;19.617;19.125;19.125;19.125;19.125;19.125;19.289;19.617
710;767.673;25.5;25.828;26.648;25.5;25.5;25.5;25.5;25.5;25.5;25.5;25.5;26.156;25.992;25.5;25.5;25.5;25.5;30.256;25.5;25.5;25.5;25.5;25.5;25.5;25.5;25.5;25.5;25.5;25.5
711;25.5;25.5;25.5;25.5;25.5;25.5;25.5;25.5;25.5;25.5;25.5;25.5;25.5;25.5;25.5;25.5;25.5;25.5;25.5;25.5;25.5;25.5;25.5;25.5;25.5;25.5;25.5;25.5;25.5;25.5
712;639.3340000000001;26.648;25.828;26.484;25.5;25.5;25.5;25.5;25.5;25.5;25.5;25.5;25.664;25.992;25.5;25.5;25.5;25.5;27.632;25.5;25.5;25.664;25.5;25.5;25.5;25.5;25.5;25.5;25.5;25.664
713;501.702;19.945;19.125;19.125;19.125;19.125;19.125;19.125;19.125;19.125;19.125;19.125;19.125;19.125;19.125;19.125;19.125;19.125;21.093;19.125;19.125;19.125;19.125;19.125;19.125;19.125;19.125;19.125;19.289;19.125
714;151.06799999999998;25.664;25.5;25.992;25.5;25.5;25.5;25.5;25.5;25.5;25.5;25.5;25.5;25.5;25.5;25.5;25.5;25.5;25.828;25.5;25.5;25.5;25.5;25.5;25.5;25.5;25.5;25.5;25.5;25.5
715;79.70700000000001;25.5;25.5;25.5;25.5;25.5;25.5;25.5;25.5;25.5;25.5;25.5;25.5;25.5;25.5;25.5;25.5;25.5;25.664;25.5;25.5;25.5;25.5;25.5;25.5;25.5;25.5;25.5;25.5;25.5
716;43.545;25.5;25.5;25.5;25.5;25.5;25.5;25.5;25.5;25.5;25.5;25.5;25.5;25.5;25.5;25.5;25.5;25.5;25.5;25.5;25.5;25.5;25.5;25.5;25.5;25.5;25.5;25.5;25.5;25.5
717;1728.4189999999999;21.421;19.781;19.125;19.125;19.125;19.125;19.125;19.125;19.453;19.125;19.289;19.453;19.453;19.125;19.617;19.125;19.125;22.241;19.125;19.125;19.125;19.945;19.125;19.125;19.125;19.125;19.125;19.289;19.289
718;795.304;19.289;19.617;19.617;19.125;19.125;19.125;19.125;19.125;19.289;19.125;19.125;19.453;19.453;19.125;19.289;19.125;19.125;21.749;19.125;19.125;19.289;19.617;19.125;19.125;19.125;19.125;19.125;19.617;19.125
719;25.5;25.5;25.5;25.5;25.5;25.5;25.5;25.5;25.5;25.5;25.5;25.5;25.5;25.5;25.5;25.5;25.5;25.5;25.5;25.5;25.5;25.5;25.5;25.5;25.5;25.5;25.5;25.5;25.5;25.5
720;373.144;25.5;25.664;25.5;25.5;25.5;25.5;25.5;25.5;25.5;25.5;25.5;25.5;25.5;25.5;25.5;25.5;25.5;26.812;25.5;25.5;25.5;25.5;25.5;25.5;25.5;25.5;25.5;25.5;25.5
721;19.125;19.125;19.125;19.125;19.125;19.125;19.125;19.125;19.125;19.125;19.125;19.125;19.125;19.125;19.125;19.125;19.125;19.125;19.125;19.125;19.125;19.125;19.125;19.125;19.125;19.125;19.125;19.125;19.125;19.125
722;483.94899999999996;19.125;19.289;19.289;19.125;19.125;19.125;19.125;19.125;19.125;19.125;19.125;19.125;19.125;19.125;19.125;19.125;19.125;22.733;19.125;19.125;19.125;19.125;19.125;19.125;19.125;19.125;19.125;19.125;19.125
723;276.73199999999997;25.5;25.5;25.5;25.5;25.5;25.5;25.5;25.5;25.5;25.664;25.5;25.5;25.5;25.5;25.5;25.5;25.5;26.648;25.5;25.5;25.5;25.5;25.5;25.5;25.5;25.5;25.5;25.5;25.5
724;1913.3950000000002;19.125;19.125;19.781;19.125;19.125;19.125;19.125;19.125;19.125;19.125;19.125;19.125;19.125;19.125;19.125;19.289;19.125;23.225;19.125;19.453;19.125;19.125;19.125;19.125;19.125;19.125;19.125;19.453;19.453
725;527.0880000000001;26.648;25.5;25.5;25.5;25.5;25.5;25.5;25.5;25.5;25.5;25.664;25.5;25.828;26.32;25.5;25.5;25.5;27.14;25.5;25.5;25.828;25.5;25.5;25.5;25.5;25.5;25.5;26.484;25.5
726;3954.5559999999996;21.585;19.781;20.437;19.125;19.125;19.125;19.125;19.125;19.453;19.289;19.453;19.781;19.453;19.125;19.945;19.125;19.125;20.109;19.125;19.125;19.453;19.125;19.453;19.125;19.125;19.125;19.125;19.125;20.273
727;533.905;27.304;26.156;25.992;25.5;25.5;25.5;25.5;25.5;25.5;25.5;25.5;25.5;25.5;25.5;25.5;25.5;25.5;25.5;25.5;25.5;25.5;25.5;25.5;25.5;25.5;25.5;25.5;25.5;25.5
728;591.392;19.125;19.289;19.453;19.125;19.125;19.125;19.125;19.125;19.125;19.125;19.125;19.125;19.125;19.125;19.125;19.125;19.125;22.241;19.125;19.125;19.125;19.125;19.125;19.125;19.125;19.125;19.125;19.453;19.125
729;424.70799999999997;20.109;19.453;20.437;19.125;19.125;19.125;19.125;19.125;19.125;19.125;19.125;19.125;19.453;19.289;19.453;19.125;19.125;22.569;19.125;19.125;19.125;19.125;19.125;19.125;19.125;19.125;19.125;19.125;19.125
730;1193.618;25.828;25.828;25.992;25.5;25.5;25.5;25.5;25.5;25.5;25.5;25.664;25.828;25.828;25.5;25.5;25.5;25.5;27.304;25.5;25.5;25.5;25.5;25.5;25.5;25.5;25.5;25.5;25.5;25.5
731;1486.493;26.812;26.156;25.992;25.5;25.5;25.5;25.5;25.5;25.664;25.5;25.664;25.5;25.992;26.32;25.5;25.5;25.5;29.272;25.5;25.5;25.664;26.156;25.5;25.5;25.5;25.5;25.5;25.5;25.5
732;1263.797;27.468;26.156;28.124;25.5;25.5;25.5;25.5;25.5;25.828;25.664;25.5;26.156;25.5;25.5;26.32;25.5;25.5;41.08;25.5;25.5;25.828;25.5;25.5;25.5;25.5;25.5;25.5;25.992;26.156
733;1594.067;25.992;25.664;25.5;25.5;25.5;25.5;25.5;25.5;25.5;25.828;25.5;25.5;25.5;25.5;25.5;25.5;25.5;29.272;25.5;25.5;25.5;25.5;25.5;25.5;25.5;25.5;25.5;25.5;25.5
734;1172.373;20.273;19.453;20.273;19.125;19.125;19.125;19.125;19.125;19.617;19.125;19.125;19.617;19.125;19.125;19.125;19.125;19.125;27.981;19.125;19.125;19.125;19.289;19.125;19.125;19.125;19.289;19.125;19.453;19.781
735;478.288;26.648;25.5;25.5;25.5;25.5;25.5;25.5;25.5;25.664;25.5;25.664;25.5;25.5;25.5;25.5;25.5;25.5;25.664;25.5;25.5;25.5;25.5;25.5;25.5;25.5;25.5;25.5;25.5;25.5
736;202.00400000000002;25.5;25.664;25.5;25.5;25.5;25.5;25.5;25.5;25.5;25.5;25.5;25.5;25.5;25.5;25.5;25.5;25.5;26.648;25.5;25.5;25.5;25.5;25.5;25.5;25.5;25.5;25.5;25.5;25.5
737;464.355;25.828;25.5;25.5;25.5;25.5;25.5;25.5;25.5;25.5;25.5;25.5;25.5;25.5;25.5;25.5;25.5;25.5;25.5;25.5;25.5;25.5;25.5;25.5;25.5;25.5;25.5;25.5;25.5;25.5
738;910.215;25.664;25.5;25.5;25.5;25.5;25.5;25.5;25.5;25.5;25.5;25.5;25.664;25.5;25.5;25.5;25.5;25.5;27.14;25.5;25.5;25.5;25.5;25.5;25.5;25.5;25.5;25.5;25.664;25.5
739;593.144;25.5;25.5;25.5;25.5;25.5;25.5;25.5;25.5;25.5;25.5;25.828;26.156;25.664;25.5;25.5;25.5;25.5;27.632;25.5;25.5;25.664;26.976;25.5;25.5;25.5;25.5;25.5;25.5;25.5
740;835.396;26.156;25.664;25.664;25.5;25.5;25.5;25.5;25.5;25.5;25.5;25.5;25.5;25.5;25.5;25.5;25.5;25.5;27.304;25.5;25.5;25.5;25.5;25.5;25.5;25.5;25.5;25.5;25.5;25.828
741;1002.8030000000001;26.484;25.664;25.5;25.5;25.5;25.5;25.5;25.5;25.828;25.5;25.664;25.5;25.992;26.32;25.5;25.5;25.5;26.648;25.5;25.5;25.5;25.5;25.5;25.5;25.5;25.5;25.5;25.5;25.5
742;673.034;19.453;19.289;19.125;19.125;19.125;19.125;19.125;19.125;19.125;19.125;19.125;19.125;19.125;19.125;19.125;19.125;19.125;23.717;19.125;19.125;19.125;19.125;19.125;19.125;19.125;19.125;19.125;19.125;19.125
743;51.44800000000001;25.5;25.5;25.5;25.5;25.5;25.5;25.5;25.5;25.5;25.5;25.5;25.5;25.5;25.5;25.5;25.5;25.5;25.5;25.5;25.5;25.5;25.5;25.5;25.5;25.5;25.5;25.5;25.5;25.5
744;454.40200000000004;27.304;25.664;25.992;25.5;25.5;25.5;25.5;25.5;25.828;25.664;25.5;25.5;25.5;25.5;25.5;25.5;25.5;25.5;25.5;25.5;25.5;25.5;25.5;25.5;25.5;25.5;25.5;25.5;25.5
745;80.672;25.5;25.5;25.5;25.5;25.5;25.5;25.5;25.5;25.5;25.5;25.5;25.5;25.5;25.5;25.5;25.5;25.5;25.5;25.5;25.5;25.5;25.5;25.5;25.5;25.5;25.5;25.5;25.5;25.5
746;336.062;25.664;25.664;25.5;25.5;25.5;25.5;25.5;25.5;25.5;25.5;25.664;25.5;25.5;25.5;25.5;25.5;25.5;25.5;25.5;25.5;25.5;25.5;25.5;25.5;25.5;25.5;25.5;25.5;25.5
747;13298.384999999998;26.648;25.992;26.32;25.5;25.5;25.5;25.5;25.5;26.648;25.5;26.32;25.828;25.5;25.5;25.5;25.5;25.5;37.964;25.5;25.664;25.664;25.828;25.5;25.5;25.5;25.5;25.5;25.5;25.664
748;778.7710000000001;25.5;25.5;25.5;25.5;25.5;25.5;25.5;25.5;25.5;25.5;25.5;25.5;25.5;25.664;25.5;25.5;25.5;27.468;25.5;25.5;25.5;25.5;25.5;25.5;25.5;25.5;25.5;25.5;25.5
749;854.2120000000001;19.125;19.125;19.125;19.125;19.125;19.125;19.125;19.125;19.125;19.125;19.125;19.125;19.125;19.125;19.125;19.125;19.125;21.421;19.125;19.125;19.125;19.125;19.125;19.125;19.125;19.125;19.125;19.125;19.125
750;80.768;19.289;19.617;19.289;19.125;19.125;19.125;19.125;19.125;19.125;19.125;19.125;19.125;19.125;19.125;19.125;19.125;19.125;19.289;19.125;19.125;19.125;19.125;19.125;19.125;19.125;19.125;19.125;19.125;19.125
751;130.388;26.156;25.664;25.5;25.5;25.5;25.5;25.5;25.5;25.5;25.5;25.5;25.5;25.5;25.5;25.5;25.5;25.5;26.32;25.5;25.5;25.5;25.828;25.5;25.5;25.5;25.5;25.5;25.5;25.5
752;422.19900000000007;25.5;25.5;25.5;25.5;25.5;25.5;25.5;25.5;25.5;25.5;25.5;25.5;25.5;25.5;25.5;25.5;25.5;26.156;25.5;25.5;25.664;25.5;25.5;25.5;25.5;25.5;25.5;25.5;25.992
753;2238.61;19.125;19.617;19.125;19.125;19.125;19.125;19.125;19.125;19.289;19.125;19.289;19.289;19.289;19.125;19.289;19.125;19.125;23.553;19.125;19.125;19.125;19.125;19.125;19.125;19.125;19.125;19.125;19.125;19.289
754;577.8530000000001;25.5;25.5;25.828;25.5;25.5;25.5;25.5;25.5;25.5;25.5;26.648;25.828;25.992;25.5;25.828;25.5;25.5;29.108;25.5;25.5;25.5;25.5;25.5;25.5;25.5;25.5;25.5;25.5;25.5
755;305.084;25.5;25.5;25.664;25.5;25.5;25.5;25.5;25.5;25.5;25.5;25.664;25.828;25.5;25.5;25.5;25.5;25.5;27.796;25.5;25.5;25.5;25.5;25.5;25.5;25.5;25.5;25.5;25.5;25.5
756;25.5;25.5;25.5;25.5;25.5;25.5;25.5;25.5;25.5;25.5;25.5;25.5;25.5;25.5;25.5;25.5;25.5;25.5;25.5;25.5;25.5;25.5;25.5;25.5;25.5;25.5;25.5;25.5;25.5;25.5
757;25.5;25.5;25.5;25.5;25.5;25.5;25.5;25.5;25.5;25.5;25.5;25.5;25.5;25.5;25.5;25.5;25.5;25.5;25.5;25.5;25.5;25.5;25.5;25.5;25.5;25.5;25.5;25.5;25.5;25.5
758;6620.921;20.601;20.437;20.109;19.125;19.125;19.125;19.125;19.125;19.781;19.453;19.945;20.109;20.437;19.781;19.617;19.125;19.125;20.929;19.125;19.289;19.289;21.257;19.289;19.453;19.125;19.453;19.945;20.437;20.437
759;71.201;25.5;25.5;25.5;25.5;25.5;25.5;25.5;25.5;25.5;25.5;25.5;25.5;25.5;25.5;25.5;25.5;25.5;25.5;25.5;25.5;25.5;25.5;25.5;25.5;25.5;25.5;25.5;25.5;25.5
760;766.619;25.5;25.5;25.5;25.5;25.5;25.5;25.5;25.5;25.5;25.5;25.5;25.664;25.992;25.5;25.5;25.5;25.5;26.648;25.5;25.5;25.5;25.5;25.5;25.5;25.5;25.5;25.5;25.5;25.5
761;349.61;25.828;25.664;25.5;25.5;25.5;25.5;25.5;25.5;25.664;25.5;25.664;25.828;25.5;25.5;25.5;25.5;25.5;25.664;25.5;25.5;25.5;25.5;25.5;25.5;25.5;25.5;25.5;25.5;25.5
762;272.19000000000005;26.976;25.664;25.5;25.5;25.5;25.5;25.5;25.5;25.992;25.5;25.828;26.484;25.828;26.156;25.664;25.5;25.5;27.14;25.5;25.5;25.664;25.664;25.5;25.5;25.5;25.5;25.5;25.828;25.5
763;207.69299999999998;19.453;19.289;19.125;19.125;19.125;19.125;19.125;19.125;19.125;19.125;19.125;19.617;19.453;19.125;19.125;19.125;19.125;21.257;19.125;19.125;19.125;19.125;19.125;19.125;19.125;19.289;19.125;19.125;19.125
764;386.136;26.484;25.828;26.484;25.5;25.5;25.5;25.5;25.5;25.5;25.5;25.664;25.664;25.828;25.5;25.5;25.5;25.5;26.156;25.5;25.5;25.828;25.664;25.5;25.5;25.5;25.5;25.5;25.5;25.5
765;1104.409;19.289;19.289;19.125;19.125;19.125;19.125;19.125;19.125;19.617;19.617;19.617;19.125;19.453;19.289;19.125;19.125;19.125;20.273;19.125;19.125;19.125;19.125;19.125;19.125;19.125;19.125;19.125;19.125;19.781
766;34.44;25.5;25.5;25.5;25.5;25.5;25.5;25.5;25.5;25.5;25.5;25.5;25.5;25.5;25.5;25.5;25.5;25.5;25.5;25.5;25.5;25.5;25.5;25.5;25.5;25.5;25.5;25.5;25.5;25.5
767;25.5;25.5;25.5;25.5;25.5;25.5;25.5;25.5;25.5;25.5;25.5;25.5;25.5;25.5;25.5;25.5;25.5;25.5;25.5;25.5;25.5;25.5;25.5;25.5;25.5;25.5;25.5;25.5;25.5;25.5
768;126.643;19.125;19.125;19.125;19.125;19.125;19.125;19.125;19.125;19.125;19.125;19.125;19.125;19.125;19.125;19.125;19.125;19.125;19.125;19.125;19.125;19.125;19.125;19.125;19.125;19.125;19.125;19.125;19.125;19.125
769;657.442;26.32;25.828;25.664;25.5;25.5;25.5;25.5;25.5;25.5;25.664;25.828;25.5;25.5;25.5;25.5;25.5;25.5;25.664;25.5;25.5;25.5;25.5;25.5;25.5;25.5;25.5;25.5;25.5;25.5
770;163.53300000000002;25.5;25.5;25.5;25.5;25.5;25.5;25.5;25.5;25.5;25.5;25.5;25.5;25.5;25.5;25.5;25.5;25.5;25.664;25.5;25.5;25.5;25.5;25.5;25.5;25.5;25.5;25.5;25.5;25.5
771;890.9000000000001;25.5;25.5;26.32;25.5;25.5;25.5;25.5;25.5;25.5;25.5;25.828;25.828;25.5;25.5;25.5;25.5;25.5;29.6;25.5;25.5;25.5;25.5;25.5;25.5;25.5;25.5;25.5;25.5;25.5
772;440.497;25.664;25.828;25.5;25.5;25.5;25.5;25.5;25.5;25.664;25.664;25.5;25.828;25.5;25.5;25.5;25.5;25.5;27.468;25.5;25.5;25.664;25.5;25.5;25.5;25.5;25.5;25.5;25.5;25.992
773;444.416;19.945;19.289;19.453;19.125;19.125;19.125;19.125;19.125;19.125;19.125;19.125;19.125;19.125;19.125;19.125;19.125;19.125;19.125;19.125;19.125;19.125;19.125;19.125;19.125;19.125;19.125;19.125;19.125;19.125
774;43.231;19.125;19.125;19.125;19.125;19.125;19.125;19.125;19.125;19.125;19.125;19.125;19.125;19.125;19.125;19.125;19.125;19.125;19.289;19.125;19.125;19.125;19.125;19.125;19.125;19.125;19.125;19.125;19.125;19.125
775;1026.7720000000002;19.781;19.289;19.125;19.125;19.125;19.125;19.125;19.125;19.617;19.125;19.125;19.453;19.781;19.289;19.289;19.125;19.125;20.273;19.125;19.125;19.289;20.765;19.125;19.125;19.125;19.125;19.125;20.437;20.273
776;232.28200000000004;19.781;19.289;19.125;19.125;19.125;19.125;19.125;19.125;19.125;19.125;19.125;19.125;19.125;19.125;19.125;19.125;19.125;19.125;19.125;19.125;19.125;19.125;19.125;19.125;19.125;19.125;19.125;19.125;19.125
777;447.78000000000003;19.289;19.289;19.781;19.125;19.125;19.125;19.125;19.125;19.125;19.125;19.125;19.125;19.125;19.125;19.125;19.125;19.125;19.453;19.125;19.125;19.125;19.125;19.125;19.125;19.125;19.125;19.125;19.125;19.125
778;637.904;26.156;25.664;25.5;25.5;25.5;25.5;25.5;25.5;25.5;25.5;25.5;25.5;25.5;25.5;25.5;25.5;25.5;25.664;25.5;25.5;25.5;25.5;25.5;25.5;25.5;25.5;25.5;25.5;25.5
779;1244.92;25.828;25.828;25.992;25.5;25.5;25.5;25.5;25.5;25.5;25.5;25.5;25.664;25.664;25.5;25.5;25.5;25.5;29.6;25.5;25.5;25.5;26.32;25.5;25.5;25.5;25.5;25.5;25.5;25.5
780;646.142;25.828;25.664;25.5;25.5;25.5;25.5;25.5;25.5;25.5;25.5;25.664;25.992;25.664;25.5;25.828;25.5;25.5;26.648;25.5;25.5;25.664;26.812;25.5;25.5;25.5;25.5;25.5;25.5;26.32
781;25.5;25.5;25.5;25.5;25.5;25.5;25.5;25.5;25.5;25.5;25.5;25.5;25.5;25.5;25.5;25.5;25.5;25.5;25.5;25.5;25.5;25.5;25.5;25.5;25.5;25.5;25.5;25.5;25.5;25.5
782;494.33500000000004;25.5;25.664;25.828;25.5;25.5;25.5;25.5;25.5;25.5;25.5;25.5;25.5;25.5;25.5;25.5;25.5;25.5;26.812;25.5;25.5;25.5;25.5;25.5;25.5;25.5;25.5;25.828;25.5;25.5
783;261.36800000000005;19.125;19.125;19.125;19.125;19.125;19.125;19.125;19.125;19.125;19.125;19.125;19.125;19.125;19.125;19.125;19.125;19.125;19.453;19.125;19.125;19.125;19.125;19.125;19.125;19.125;19.125;19.125;19.125;19.125
784;82.212;25.5;25.5;25.5;25.5;25.5;25.5;25.5;25.5;25.5;25.5;25.5;25.5;25.5;25.5;25.5;25.5;25.5;25.5;25.5;25.5;25.5;25.5;25.5;25.5;25.5;25.5;25.5;25.5;25.5
785;35.407000000000004;25.5;25.5;25.5;25.5;25.5;25.5;25.5;25.5;25.5;25.5;25.5;25.5;25.5;25.5;25.5;25.5;25.5;25.5;25.5;25.5;25.5;25.5;25.5;25.5;25.5;25.5;25.5;25.5;25.5
786;965.073;19.125;19.289;19.125;19.125;19.125;19.125;19.125;19.125;19.289;19.125;19.125;19.453;19.453;19.125;19.289;19.125;19.125;25.849;19.125;19.125;19.125;19.289;19.125;19.125;19.125;19.125;19.125;19.125;19.289
787;62.042;25.5;25.5;25.5;25.5;25.5;25.5;25.5;25.5;25.5;25.5;25.5;25.5;25.5;25.5;25.5;25.5;25.5;25.5;25.5;25.5;25.5;25.5;25.5;25.5;25.5;25.5;25.5;25.5;25.5
788;723.146;25.664;25.828;25.828;25.5;25.5;25.5;25.5;25.5;25.5;25.5;25.664;25.828;25.5;25.5;25.664;25.5;25.5;26.648;25.5;25.5;25.5;25.664;25.5;25.5;25.5;25.5;25.5;25.664;25.664
789;164.28500000000003;25.5;25.664;25.828;25.5;25.5;25.5;25.5;25.5;25.828;25.5;25.664;25.828;25.828;25.5;25.828;25.5;25.5;28.288;25.5;25.5;25.5;25.5;25.5;25.5;25.5;25.5;25.5;25.5;25.828
790;1010.535;19.289;19.289;19.125;19.125;19.125;19.125;19.125;19.125;19.289;19.125;19.125;19.781;19.289;19.125;19.289;19.125;19.125;21.421;19.125;19.125;19.289;20.273;19.125;19.125;19.125;19.125;19.125;19.125;19.125
791;1861.602;19.617;19.453;19.617;19.125;19.125;19.125;19.125;19.125;19.781;19.289;19.617;19.781;19.453;19.289;19.125;19.125;19.125;19.781;19.125;19.125;19.125;19.125;19.125;19.125;19.125;19.125;19.125;19.125;19.125
792;352.92400000000004;25.5;25.5;25.5;25.5;25.5;25.5;25.5;25.5;25.5;25.5;25.5;25.5;25.5;25.5;25.5;25.5;25.5;26.32;25.5;25.5;25.5;25.5;25.5;25.5;25.5;25.5;25.5;25.828;25.5
793;376.844;26.156;25.5;25.5;25.5;25.5;25.5;25.5;25.5;25.5;25.5;25.5;25.5;25.5;25.5;25.5;25.5;25.5;25.5;25.5;25.5;25.5;25.5;25.5;25.5;25.5;25.5;25.5;25.5;25.5
794;460.578;25.5;25.992;25.5;25.5;25.5;25.5;25.5;25.5;25.5;25.5;25.5;25.5;25.5;25.5;25.5;25.5;25.5;26.32;25.5;25.5;25.5;25.5;25.5;25.5;25.5;25.5;25.5;25.5;25.5
795;1269.585;25.5;25.5;25.5;25.5;25.5;25.5;25.5;25.5;25.5;25.5;25.5;25.5;25.5;25.5;25.5;25.5;25.5;29.764;25.5;25.5;25.5;25.5;25.5;25.5;25.5;25.5;25.5;25.5;25.5
796;1236.149;25.5;25.5;25.5;25.5;25.5;25.5;25.5;25.5;25.5;25.5;25.5;25.664;25.5;25.5;25.5;25.5;25.5;25.5;25.5;25.5;25.5;25.5;25.5;25.5;25.5;25.5;25.5;25.5;25.5
797;1687.07;25.992;25.664;26.156;25.5;25.5;25.5;25.5;25.5;25.664;25.5;26.484;25.992;25.828;25.5;25.5;25.5;25.5;31.076;25.5;25.5;25.5;25.5;25.5;25.5;25.5;25.5;25.5;25.5;25.5
798;386.25;25.5;25.5;25.5;25.5;25.5;25.5;25.5;25.5;25.5;25.5;25.5;25.5;25.5;25.5;25.5;25.5;25.5;25.5;25.5;25.5;25.5;25.5;25.5;25.5;25.5;25.5;25.5;25.5;25.5
799;921.0500000000001;25.664;25.664;25.5;25.5;25.5;25.5;25.5;25.5;25.828;25.5;25.5;25.992;25.5;25.5;25.828;25.664;25.5;26.976;25.5;25.5;25.828;26.484;25.5;25.5;25.5;25.5;25.5;25.5;25.828
800;466.05899999999997;25.5;25.992;25.5;25.5;25.5;25.5;25.5;25.5;25.664;25.5;25.664;25.828;25.5;25.5;25.5;25.5;25.5;27.14;25.5;25.5;25.828;26.32;25.5;25.5;25.5;25.5;25.5;25.5;25.992
801;1288.953;25.992;25.5;25.5;25.5;25.5;25.5;25.5;25.5;25.5;25.664;25.5;25.5;25.5;25.5;25.5;25.5;25.5;28.288;25.5;25.5;25.5;25.5;25.5;25.5;25.5;25.5;25.5;25.5;25.5
802;1487.4190000000003;19.125;19.125;19.125;19.125;19.125;19.125;19.125;19.125;19.125;19.289;19.781;19.617;19.125;19.125;19.125;19.125;19.125;22.076999999999998;19.125;19.125;19.125;19.125;19.125;19.125;19.125;19.125;19.125;19.125;19.289
803;48.021;25.5;25.5;25.5;25.5;25.5;25.5;25.5;25.5;25.5;25.5;25.5;25.5;25.5;25.5;25.5;25.5;25.5;25.5;25.5;25.5;25.5;25.5;25.5;25.5;25.5;25.5;25.5;25.5;25.5
804;412.778;25.664;25.5;25.5;25.5;25.5;25.5;25.5;25.5;25.5;25.5;25.5;25.5;25.5;25.5;25.5;25.5;25.5;27.14;25.5;25.5;25.5;25.5;25.5;25.5;25.5;25.5;25.5;25.992;25.5
805;138.88100000000003;25.664;25.5;25.5;25.5;25.5;25.5;25.5;25.5;25.5;25.5;25.5;25.5;25.5;25.5;25.5;25.5;25.5;26.484;25.5;25.5;25.664;25.5;25.5;25.5;25.5;25.5;25.5;25.5;25.5
806;25.5;25.5;25.5;25.5;25.5;25.5;25.5;25.5;25.5;25.5;25.5;25.5;25.5;25.5;25.5;25.5;25.5;25.5;25.5;25.5;25.5;25.5;25.5;25.5;25.5;25.5;25.5;25.5;25.5;25.5
807;924.267;20.765;19.453;19.289;19.125;19.125;19.125;19.125;19.125;19.289;19.125;19.125;19.453;19.125;19.125;19.125;19.125;19.125;27.161;19.125;19.125;19.125;19.125;19.125;19.125;19.125;19.125;19.125;19.125;19.289
808;55.559;25.5;25.5;25.5;25.5;25.5;25.5;25.5;25.5;25.5;25.5;25.5;25.5;25.5;25.5;25.5;25.5;25.5;25.5;25.5;25.5;25.5;25.5;25.5;25.5;25.5;25.5;25.5;25.5;25.5
809;25.5;25.5;25.5;25.5;25.5;25.5;25.5;25.5;25.5;25.5;25.5;25.5;25.5;25.5;25.5;25.5;25.5;25.5;25.5;25.5;25.5;25.5;25.5;25.5;25.5;25.5;25.5;25.5;25.5;25.5
810;563.508;19.125;19.125;19.617;19.125;19.125;19.125;19.125;19.125;19.125;19.945;19.125;19.125;19.125;19.125;19.125;19.125;19.125;20.765;19.125;19.125;19.125;19.125;19.125;19.125;19.125;19.125;19.125;19.125;19.125
811;19.125;19.125;19.125;19.125;19.125;19.125;19.125;19.125;19.125;19.125;19.125;19.125;19.125;19.125;19.125;19.125;19.125;19.125;19.125;19.125;19.125;19.125;19.125;19.125;19.125;19.125;19.125;19.125;19.125;19.125
812;368.759;19.289;19.453;19.453;19.125;19.125;19.125;19.125;19.125;19.289;19.125;19.125;19.289;19.125;19.125;19.125;19.125;19.125;19.125;19.125;19.125;19.125;19.125;19.125;19.125;19.125;19.125;19.125;19.125;19.125
813;1286.7959999999998;25.992;25.828;26.32;25.5;25.5;25.5;25.5;25.5;25.664;25.5;25.5;25.992;25.5;25.5;25.5;25.5;25.5;28.451999999999998;25.5;25.5;25.664;26.484;25.5;25.664;25.5;25.5;25.5;25.5;26.648
814;361.151;25.664;25.5;25.5;25.5;25.5;25.5;25.5;25.5;25.5;25.5;25.5;25.5;25.5;25.5;25.5;25.5;25.5;26.484;25.5;25.5;25.5;25.5;25.5;25.5;25.5;25.5;25.5;25.5;25.5
815;170.401;25.664;25.5;25.5;25.5;25.5;25.5;25.5;25.5;25.5;25.5;25.5;25.5;25.5;25.5;25.5;25.5;25.5;25.664;25.5;25.5;25.5;25.5;25.5;25.5;25.5;25.5;25.5;25.5;25.5
816;28.48;25.5;25.5;25.5;25.5;25.5;25.5;25.5;25.5;25.5;25.5;25.5;25.5;25.5;25.5;25.5;25.5;25.5;25.5;25.5;25.5;25.5;25.5;25.5;25.5;25.5;25.5;25.5;25.5;25.5
817;244.62400000000002;25.5;25.5;25.5;25.5;25.5;25.5;25.5;25.5;25.5;25.5;25.5;25.664;25.5;25.5;25.664;25.5;25.5;28.451999999999998;25.5;25.5;25.828;25.5;25.5;25.5;25.5;25.664;25.5;25.5;25.5
818;255.96000000000004;25.5;25.664;25.5;25.5;25.5;25.5;25.5;25.5;25.5;25.5;25.664;25.5;25.5;25.5;25.5;25.5;25.5;27.304;25.5;25.5;25.5;25.5;25.5;25.5;25.5;25.5;25.5;25.828;25.5
819;392.10999999999996;19.781;19.453;19.453;19.125;19.125;19.125;19.125;19.125;19.453;19.125;19.289;19.617;19.453;19.125;19.125;19.125;19.125;22.897;19.125;19.125;19.125;19.125;19.125;19.125;19.125;19.125;19.125;19.125;19.125
820;711.5290000000001;19.125;19.453;19.125;19.125;19.125;19.125;19.125;19.125;19.289;19.125;19.781;19.617;19.289;19.125;19.289;19.125;19.125;22.733;19.125;19.125;19.453;20.273;19.125;19.125;19.125;19.125;19.125;19.289;19.945
821;498.98;19.781;19.617;19.125;19.125;19.125;19.125;19.125;19.125;19.125;19.453;19.125;19.125;19.125;19.125;19.125;19.125;19.125;24.045;19.125;19.125;19.125;19.125;19.125;19.125;19.125;19.125;19.125;19.125;19.125
822;185.212;19.125;19.125;19.125;19.125;19.125;19.125;19.125;19.125;19.125;19.125;19.125;19.453;19.125;19.125;19.125;19.125;19.125;19.125;19.125;19.125;19.125;19.125;19.125;19.125;19.125;19.125;19.125;19.125;19.125
823;40.400000000000006;25.5;25.5;25.5;25.5;25.5;25.5;25.5;25.5;25.5;25.5;25.5;25.5;25.5;25.5;25.5;25.5;25.5;25.5;25.5;25.5;25.5;25.5;25.5;25.5;25.5;25.5;25.5;25.5;25.5
824;503.65999999999997;19.945;19.125;19.453;19.125;19.125;19.125;19.125;19.125;19.125;19.125;19.125;19.289;19.125;19.125;19.125;19.125;19.125;22.076999999999998;19.125;19.125;19.125;19.125;19.125;19.125;19.125;19.125;19.125;19.945;19.125
825;455.25800000000004;19.125;19.125;19.125;19.125;19.125;19.125;19.125;19.125;19.125;19.125;19.125;19.125;19.125;19.125;19.125;19.125;19.125;19.125;19.125;19.125;19.125;19.125;19.125;19.125;19.125;19.125;19.125;19.125;19.125
826;132.987;25.664;25.828;25.5;25.5;25.5;25.5;25.5;25.5;25.5;25.5;25.5;25.5;25.5;25.5;25.5;25.5;25.5;25.5;25.5;25.5;25.5;25.5;25.5;25.5;25.5;25.5;25.5;25.5;25.5
827;109.86500000000001;25.5;25.5;25.5;25.5;25.5;25.5;25.5;25.5;25.5;25.5;25.5;25.5;25.5;25.5;25.5;25.5;25.5;25.5;25.5;25.5;25.5;25.5;25.5;25.5;25.5;25.5;25.5;25.5;25.5
828;753.7070000000001;20.437;19.617;19.125;19.125;19.125;19.125;19.125;19.125;19.125;19.289;19.289;19.781;19.289;19.125;19.125;19.125;19.125;20.273;19.125;19.125;19.125;19.125;19.125;19.125;19.125;19.125;19.125;19.617;19.125
829;298.897;19.781;19.617;19.945;19.125;19.125;19.125;19.125;19.125;19.125;19.125;19.125;19.125;19.125;19.125;19.125;19.125;19.125;19.453;19.125;19.125;19.125;19.125;19.125;19.125;19.125;19.125;19.125;19.125;19.125
830;370.102;26.976;25.992;26.648;25.5;25.5;25.5;25.5;25.5;25.5;25.5;25.5;25.5;25.5;25.5;25.5;25.5;25.5;29.764;25.5;25.5;25.664;25.5;25.5;25.5;25.5;25.5;25.5;25.664;25.664
831;693.039;25.992;25.5;25.5;25.5;25.5;25.5;25.5;25.5;25.5;25.5;25.5;25.5;25.5;25.5;25.5;25.5;25.5;28.124;25.5;25.5;25.5;25.828;25.5;25.5;25.5;25.5;25.5;25.664;25.5
832;25.5;25.5;25.5;25.5;25.5;25.5;25.5;25.5;25.5;25.5;25.5;25.5;25.5;25.5;25.5;25.5;25.5;25.5;25.5;25.5;25.5;25.5;25.5;25.5;25.5;25.5;25.5;25.5;25.5;25.5
833;793.323;25.5;25.664;25.5;25.5;25.5;25.5;25.5;25.5;25.5;25.5;25.5;25.5;25.664;25.5;25.5;25.5;25.5;25.992;25.5;25.5;25.5;25.5;25.5;25.5;25.5;25.5;25.5;25.5;25.5
834;993.0830000000001;26.32;25.828;25.992;25.5;25.5;25.5;25.5;25.5;26.156;25.664;25.828;26.32;26.156;25.5;26.156;25.5;25.5;31.076;25.5;25.828;25.992;27.632;25.5;25.5;25.5;25.5;25.828;25.5;28.451999999999998
835;177.483;25.828;25.664;25.5;25.5;25.5;25.5;25.5;25.5;25.5;25.5;25.5;25.5;25.5;25.5;25.5;25.5;25.5;25.5;25.5;25.5;25.5;25.5;25.5;25.5;25.5;25.5;25.5;25.5;25.5
836;210.83300000000003;25.5;25.664;25.5;25.5;25.5;25.5;25.5;25.5;25.5;25.5;25.5;25.5;25.5;25.5;25.5;25.5;25.5;26.484;25.5;25.5;25.5;25.5;25.5;25.5;25.5;25.5;25.5;25.5;25.5
837;19.125;19.125;19.125;19.125;19.125;19.125;19.125;19.125;19.125;19.125;19.125;19.125;19.125;19.125;19.125;19.125;19.125;19.125;19.125;19.125;19.125;19.125;19.125;19.125;19.125;19.125;19.125;19.125;19.125;19.125
838;40.463;19.125;19.125;19.125;19.125;19.125;19.125;19.125;19.125;19.125;19.125;19.125;19.125;19.125;19.125;19.125;19.125;19.125;19.125;19.125;19.125;19.125;19.125;19.125;19.125;19.125;19.125;19.125;19.125;19.125
839;25.5;25.5;25.5;25.5;25.5;25.5;25.5;25.5;25.5;25.5;25.5;25.5;25.5;25.5;25.5;25.5;25.5;25.5;25.5;25.5;25.5;25.5;25.5;25.5;25.5;25.5;25.5;25.5;25.5;25.5
840;287.535;25.992;25.664;25.992;25.5;25.5;25.5;25.5;25.5;25.828;25.5;25.664;25.5;25.5;25.5;25.5;25.5;25.5;25.5;25.5;25.5;25.5;25.5;25.5;25.5;25.5;25.5;25.5;25.5;25.5
841;2147.3900000000003;25.664;25.664;25.828;25.5;25.5;25.5;25.5;25.5;25.664;25.5;25.664;25.992;25.828;25.5;25.5;25.5;25.5;28.78;25.5;25.5;25.664;25.5;25.5;25.5;25.5;25.5;25.5;25.5;25.5
842;10416.879;25.664;25.664;25.664;25.5;25.5;25.5;25.5;25.5;25.664;25.664;25.992;25.828;26.156;25.5;26.156;25.5;25.5;58.464;25.5;25.5;25.828;26.976;25.5;25.5;25.5;25.5;25.5;25.5;27.14
843;757.1030000000001;19.125;19.125;19.125;19.125;19.125;19.125;19.125;19.125;19.125;19.125;19.289;19.453;19.289;19.125;19.125;19.125;19.125;20.765;19.125;19.125;19.289;20.109;19.125;19.125;19.125;19.125;19.125;19.125;19.453
844;239.219;25.5;25.5;25.5;25.5;25.5;25.5;25.5;25.5;25.5;25.5;25.5;25.5;25.5;25.5;25.5;25.5;25.5;25.5;25.5;25.5;25.5;25.5;25.5;25.5;25.5;25.5;25.5;25.5;25.5
845;26.648;25.5;25.5;25.5;25.5;25.5;25.5;25.5;25.5;25.5;25.5;25.5;25.992;25.5;25.5;25.5;25.5;25.5;25.664;25.5;25.5;25.5;25.5;25.5;25.5;25.5;25.5;25.5;25.5;25.5
846;192.35000000000002;25.5;25.5;25.664;25.5;25.5;25.5;25.5;25.5;25.5;25.5;25.5;25.5;25.5;25.5;25.5;25.5;25.5;25.664;25.5;25.5;25.5;25.5;25.5;25.5;25.5;25.5;25.5;25.5;25.5
847;165.71700000000004;25.828;25.664;25.5;25.5;25.5;25.5;25.5;25.5;25.5;25.5;25.5;25.5;25.5;25.5;25.5;25.5;25.5;25.664;25.5;25.5;25.5;25.5;25.5;25.5;25.5;25.5;25.5;25.5;25.5
848;184.985;25.992;25.5;25.5;25.5;25.5;25.5;25.5;25.5;25.5;25.5;25.5;26.156;25.5;25.5;25.5;25.5;25.5;25.5;25.5;25.5;25.664;25.5;25.5;25.5;25.5;25.5;25.5;25.664;25.5
849;3118.765;21.257;19.945;20.109;19.125;19.125;19.125;19.125;19.125;19.453;19.781;19.289;19.945;19.617;19.125;19.453;19.289;19.125;28.637;19.125;19.125;19.617;21.093;19.125;19.125;19.125;19.125;19.125;19.125;21.421
850;273.03100000000006;25.828;25.5;26.156;25.5;25.5;25.5;25.5;25.5;25.5;25.5;25.992;25.5;25.5;25.5;25.5;25.5;25.5;38.128;25.5;25.5;25.5;25.5;25.5;25.5;25.5;25.5;25.5;25.5;25.5
851;1191.297;19.125;19.289;19.617;19.125;19.125;19.125;19.125;19.125;19.289;19.125;19.289;19.453;19.125;19.125;19.617;19.125;19.125;21.257;19.125;19.125;19.125;19.125;19.125;19.125;19.125;19.125;19.125;19.945;19.125
852;298.119;25.664;25.664;25.992;25.5;25.5;25.5;25.5;25.5;25.5;25.5;25.5;25.5;25.5;25.5;25.5;25.5;25.5;28.288;25.5;25.5;25.5;25.5;25.5;25.5;25.5;25.5;25.5;25.5;25.5
853;56.972;25.5;25.5;25.5;25.5;25.5;25.5;25.5;25.5;25.5;25.5;25.5;25.5;25.5;25.5;25.5;25.5;25.5;25.5;25.5;25.5;25.5;25.5;25.5;25.5;25.5;25.5;25.5;25.5;25.5
854;1438.74;20.273;19.289;19.125;19.125;19.125;19.125;19.125;19.125;19.125;19.125;19.125;19.125;19.125;19.125;19.125;19.125;19.125;19.125;19.125;19.125;19.125;19.125;19.125;19.125;19.125;19.125;19.125;19.125;19.125
855;1146.183;19.289;19.125;19.453;19.125;19.125;19.125;19.125;19.125;19.453;19.125;19.289;20.109;19.617;19.289;19.453;19.125;19.125;23.061;19.125;19.289;19.617;21.257;19.453;19.289;19.125;19.125;19.453;19.289;20.929
856;925.074;25.992;25.664;25.5;25.5;25.5;25.5;25.5;25.5;25.828;25.5;25.828;25.664;25.5;25.5;25.5;25.5;25.5;28.288;25.5;25.5;25.5;25.5;25.5;25.5;25.5;25.5;25.5;25.5;25.5
857;700.3600000000001;25.828;25.664;25.5;25.5;25.5;25.5;25.5;25.5;25.5;25.5;25.5;25.664;25.5;25.5;25.5;25.5;25.5;27.14;25.5;25.5;25.5;25.5;25.5;25.5;25.5;25.5;25.5;25.5;25.5
858;197.619;25.5;25.5;26.156;25.5;25.5;25.5;25.5;25.5;25.5;25.5;25.5;25.5;25.5;25.5;25.5;25.5;25.5;25.664;25.5;25.5;25.5;25.5;25.5;25.5;25.5;25.5;25.5;25.5;25.5
859;52.379000000000005;25.5;25.5;25.828;25.5;25.5;25.5;25.5;25.5;25.5;25.5;25.5;25.5;25.5;25.5;25.5;25.5;25.5;25.5;25.5;25.5;25.5;25.5;25.5;25.5;25.5;25.5;25.5;25.5;25.5
860;475.594;25.5;25.664;25.5;25.5;25.5;25.5;25.5;25.5;25.5;25.5;25.5;25.5;25.5;25.5;25.5;25.5;25.5;28.124;25.5;25.5;25.5;25.664;25.5;25.5;25.5;25.5;25.5;25.5;25.5
861;6891.643;19.617;19.289;19.617;19.125;19.125;19.125;19.125;19.125;19.453;19.453;19.289;19.453;19.289;19.125;19.453;19.125;19.125;21.093;19.125;19.125;19.289;19.453;19.125;19.125;19.125;19.125;19.125;19.289;19.617
862;653.172;25.664;25.5;25.828;25.5;25.5;25.5;25.5;25.5;25.5;25.5;25.5;25.5;25.5;25.5;25.5;25.5;25.5;26.156;25.5;25.5;25.5;25.5;25.5;25.5;25.5;25.5;25.5;25.5;25.5
863;162.65200000000002;25.5;25.5;25.5;25.5;25.5;25.5;25.5;25.5;25.5;25.5;25.5;25.5;25.5;25.5;25.5;25.5;25.5;25.5;25.5;25.5;25.5;25.5;25.5;25.5;25.5;25.664;25.5;25.5;25.5
864;47.707;25.5;25.5;25.5;25.5;25.5;25.5;25.5;25.5;25.5;25.5;25.5;25.5;25.5;25.5;25.5;25.5;25.5;25.5;25.5;25.5;25.5;25.5;25.5;25.5;25.5;25.5;25.5;25.5;25.5
865;91.46199999999999;25.5;25.664;25.5;25.5;25.5;25.5;25.5;25.5;25.5;25.5;25.5;25.5;25.5;25.5;25.5;25.5;25.5;25.5;25.5;25.5;25.5;25.5;25.5;25.5;25.5;25.5;25.5;25.5;25.5
866;1325.598;25.992;25.992;25.664;25.5;25.5;25.5;25.5;25.5;25.664;25.5;26.32;25.664;25.828;25.5;25.5;25.5;25.5;26.484;25.5;25.5;25.828;26.32;25.992;25.664;25.5;25.5;25.5;25.5;25.992
867;267.15200000000004;25.5;25.5;25.992;25.5;25.5;25.5;25.5;25.5;25.5;25.5;25.664;26.32;25.664;25.5;25.5;25.664;25.5;28.451999999999998;25.5;25.5;25.828;26.648;25.5;25.5;25.5;25.664;25.5;25.5;26.156
868;515.9;25.992;25.992;25.5;25.5;25.5;25.5;25.5;25.5;25.5;25.5;25.5;25.5;25.5;25.5;25.5;25.5;25.5;31.404;25.5;25.5;25.5;25.5;25.5;25.5;25.5;25.5;25.5;25.5;25.992
869;524.009;25.664;25.5;25.5;25.5;25.5;25.5;25.5;25.5;25.5;25.5;25.664;25.5;25.5;25.5;25.5;25.5;25.5;27.468;25.5;25.5;25.828;25.5;25.5;25.5;25.5;25.5;25.5;25.5;25.5
870;1049.989;25.5;25.664;25.5;25.5;25.5;25.5;25.5;25.5;25.5;25.828;25.664;25.992;25.5;25.5;25.664;25.5;25.5;30.092;25.5;25.5;25.828;26.648;25.5;25.5;25.5;25.5;25.5;25.5;25.664
871;1099.172;19.125;19.125;19.125;19.125;19.125;19.125;19.125;19.125;19.125;19.125;19.125;19.125;19.125;19.125;19.125;19.125;19.125;24.701;19.125;19.125;19.125;19.125;19.125;19.125;19.125;19.125;19.125;19.453;19.125
872;526.316;25.664;25.5;25.5;25.5;25.5;25.5;25.5;25.5;25.5;25.5;25.5;25.5;25.5;25.5;25.5;25.5;25.5;25.5;25.5;25.5;25.5;25.5;25.5;25.5;25.5;25.5;25.5;25.5;25.5
873;623.0580000000001;26.32;25.828;25.5;25.5;25.5;25.5;25.5;25.5;25.5;25.5;25.5;25.828;25.5;25.5;25.5;25.5;25.5;27.14;25.5;25.5;25.5;25.5;25.5;25.5;25.5;25.5;25.5;25.5;25.828
874;2344.6890000000003;21.257;19.617;19.781;19.125;19.125;19.125;19.125;19.125;20.273;19.125;19.453;20.437;19.453;20.273;19.453;19.289;19.125;34.049;19.125;19.125;21.093;20.273;19.125;19.125;19.125;19.289;19.289;19.453;19.945
875;347.886;25.664;25.664;25.5;25.5;25.5;25.5;25.5;25.5;25.664;25.664;25.828;25.828;25.5;25.5;25.5;25.5;25.5;27.468;25.5;25.5;25.5;25.5;25.5;25.5;25.5;25.5;25.5;25.5;25.664
876;129.699;25.5;25.5;25.5;25.5;25.5;25.5;25.5;25.5;25.5;25.5;25.5;25.5;25.828;25.5;25.5;25.5;25.5;25.5;25.5;25.5;25.5;25.5;25.5;25.5;25.5;25.5;25.5;25.5;25.5
877;350.40500000000003;25.5;25.5;25.828;25.5;25.5;25.5;25.5;25.5;25.5;25.664;25.828;25.664;25.5;25.5;25.5;25.5;25.5;26.812;25.5;25.5;25.5;25.5;25.5;25.5;25.5;25.5;25.5;25.5;25.5
878;460.21000000000004;25.5;25.992;25.828;25.5;25.5;25.5;25.5;25.5;25.828;25.5;25.664;25.664;25.992;25.5;25.992;25.5;25.5;28.288;25.5;25.5;25.664;26.648;25.5;25.5;25.5;25.5;25.5;25.5;26.484
879;412.189;25.5;25.664;25.5;25.5;25.5;25.5;25.5;25.5;25.5;25.5;25.5;25.5;25.5;25.5;25.5;25.5;25.5;25.5;25.5;25.5;25.5;25.5;25.5;25.5;25.5;25.5;25.5;25.5;25.5
880;6707.408;19.453;19.125;19.617;19.125;19.125;19.125;19.125;19.125;19.289;19.125;19.289;19.289;19.125;19.125;19.453;19.125;19.125;29.293;19.125;19.125;19.289;19.125;19.125;19.125;19.125;19.125;19.125;19.125;19.125
881;25.5;25.5;25.5;25.5;25.5;25.5;25.5;25.5;25.5;25.5;25.5;25.5;25.5;25.5;25.5;25.5;25.5;25.5;25.5;25.5;25.5;25.5;25.5;25.5;25.5;25.5;25.5;25.5;25.5;25.5
882;124.72399999999999;19.125;19.125;19.125;19.125;19.125;19.125;19.125;19.125;19.125;19.125;19.125;19.125;19.125;19.125;19.125;19.125;19.125;19.125;19.125;19.125;19.125;19.125;19.125;19.125;19.125;19.125;19.125;19.125;19.125
883;81.70500000000001;19.125;19.125;19.125;19.125;19.125;19.125;19.125;19.125;19.125;19.125;19.125;19.125;19.125;19.125;19.125;19.125;19.125;19.125;19.125;19.125;19.125;19.125;19.125;19.125;19.125;19.125;19.125;19.125;19.125
884;41.346000000000004;25.5;25.5;25.5;25.5;25.5;25.5;25.5;25.5;25.5;25.5;25.5;25.5;25.5;25.5;25.5;25.5;25.5;25.5;25.5;25.5;25.5;25.5;25.5;25.5;25.5;25.5;25.5;25.5;25.5
885;308.801;26.156;25.664;26.32;25.5;25.5;25.5;25.5;25.5;25.5;25.5;25.5;25.5;25.5;25.5;25.5;25.5;25.5;27.796;25.5;25.5;25.5;25.5;25.5;25.5;25.5;25.5;25.5;25.5;25.5
886;100.176;19.453;19.289;19.125;19.125;19.125;19.125;19.125;19.125;19.125;19.125;19.125;19.125;19.125;19.125;19.125;19.125;19.125;19.125;19.125;19.125;19.125;19.125;19.125;19.125;19.125;19.125;19.125;19.125;19.125
887;25.5;25.5;25.5;25.5;25.5;25.5;25.5;25.5;25.5;25.5;25.5;25.5;25.5;25.5;25.5;25.5;25.5;25.5;25.5;25.5;25.5;25.5;25.5;25.5;25.5;25.5;25.5;25.5;25.5;25.5
888;82.635;25.5;25.5;25.5;25.5;25.5;25.5;25.5;25.5;25.5;25.5;25.5;25.5;25.5;25.5;25.5;25.5;25.5;25.5;25.5;25.5;25.5;25.5;25.5;25.5;25.5;25.5;25.5;25.5;25.5
889;159.788;25.5;25.5;25.5;25.5;25.5;25.5;25.5;25.5;25.5;25.5;25.5;25.5;25.5;25.5;25.5;25.5;25.5;25.5;25.5;25.5;25.5;25.5;25.5;25.5;25.5;25.5;25.5;25.5;25.5
890;311.601;25.5;25.5;25.5;25.5;25.5;25.5;25.5;25.5;25.5;25.5;25.5;25.5;25.5;25.5;25.5;25.5;25.5;25.828;25.5;25.5;25.5;25.5;25.5;25.5;25.5;25.5;25.5;25.5;25.5
891;2415.463;25.664;25.664;25.5;25.5;25.5;25.5;25.5;25.5;25.664;25.5;25.664;25.828;25.828;25.5;25.5;25.5;25.5;27.304;25.5;25.5;25.828;25.992;25.5;25.5;25.5;25.5;25.5;25.5;25.5
892;198.97700000000003;25.828;25.5;25.992;25.5;25.5;25.5;25.5;25.5;25.5;25.5;25.5;25.5;25.5;25.5;25.5;25.5;25.5;27.304;25.5;25.5;25.5;25.5;25.5;25.5;25.5;25.5;25.5;25.5;25.5
893;40.749;25.5;25.828;25.5;25.5;25.5;25.5;25.5;25.5;25.5;25.5;25.5;25.5;25.5;25.5;25.5;25.5;25.5;25.5;25.5;25.5;25.5;25.5;25.5;25.5;25.5;25.5;25.5;25.5;25.5
894;1416.2649999999999;26.32;25.828;25.5;25.5;25.5;25.5;25.5;25.5;25.664;25.5;25.664;25.828;25.828;25.5;25.664;25.5;25.5;28.944;25.5;25.5;25.5;26.484;25.5;25.5;25.5;25.5;25.5;25.5;25.5
895;589.224;25.5;25.5;26.156;25.5;25.5;25.5;25.5;25.5;25.5;25.5;25.5;25.5;25.5;25.5;25.5;25.5;25.5;25.5;25.5;25.5;25.5;25.5;25.5;25.5;25.5;25.5;25.5;25.5;25.5
896;343.829;25.5;25.664;25.5;25.5;25.5;25.5;25.5;25.5;25.5;25.5;25.5;25.992;25.828;25.5;25.5;25.5;25.5;28.124;25.5;25.5;25.664;25.5;25.5;25.5;25.5;25.5;25.5;25.5;25.828
897;19.125;19.125;19.125;19.125;19.125;19.125;19.125;19.125;19.125;19.125;19.125;19.125;19.125;19.125;19.125;19.125;19.125;19.125;19.125;19.125;19.125;19.125;19.125;19.125;19.125;19.125;19.125;19.125;19.125;19.125
898;532.457;19.125;19.125;19.125;19.125;19.125;19.125;19.125;19.125;19.125;19.125;19.125;19.125;19.125;19.125;19.125;19.125;19.125;24.701;19.125;19.125;19.125;19.125;19.125;19.125;19.125;19.125;19.125;19.125;19.125
899;933.745;25.992;25.5;25.5;25.5;25.5;25.5;25.5;25.5;25.5;25.5;25.5;25.5;25.5;25.5;25.5;25.5;25.5;29.108;25.5;25.5;25.5;25.5;25.5;25.5;25.5;25.5;25.5;25.5;25.5
900;55.7;25.664;25.5;26.156;25.5;25.5;25.5;25.5;25.5;25.5;25.5;25.5;25.5;25.5;25.5;25.5;25.5;25.5;25.828;25.5;25.5;25.5;25.5;25.5;25.5;25.5;25.5;25.5;25.5;25.5
901;213.709;25.664;25.664;25.828;25.5;25.5;25.5;25.5;25.5;25.5;25.5;25.5;25.5;25.5;25.5;25.5;25.5;25.5;25.664;25.5;25.5;25.5;25.5;25.5;25.5;25.5;25.5;25.5;25.5;25.5
902;259.378;25.5;25.5;25.5;25.5;25.5;25.5;25.5;25.5;25.5;25.5;25.5;25.5;25.5;25.5;25.5;25.5;25.5;29.6;25.5;25.5;25.5;25.5;25.5;25.5;25.5;25.5;25.5;25.5;25.664
903;159.71699999999998;25.828;25.5;25.828;25.5;25.5;25.5;25.5;25.5;25.5;25.5;25.5;25.5;25.5;25.5;25.5;25.5;25.5;25.5;25.5;25.5;25.5;25.5;25.5;25.5;25.5;25.5;25.5;25.5;25.5
904;26.32;25.5;25.5;25.5;25.5;25.5;25.5;25.5;25.5;25.5;25.5;25.5;25.5;25.5;25.5;25.5;25.5;25.5;25.828;25.5;25.5;25.5;25.5;25.5;25.5;25.5;25.5;25.5;25.5;25.5
905;354.269;25.664;25.828;25.5;25.5;25.5;25.5;25.5;25.5;25.5;25.5;25.5;25.5;25.5;25.5;25.5;25.5;25.5;28.124;25.5;25.5;25.5;25.5;25.5;25.5;25.5;25.5;25.5;25.5;25.5
906;473.13699999999994;26.156;25.992;25.5;25.5;25.5;25.5;25.5;25.5;25.5;25.5;25.5;25.5;25.5;25.5;25.5;25.5;25.5;26.32;25.5;25.5;25.5;25.5;25.5;25.5;25.5;25.5;25.5;25.5;25.5
907;25.5;25.5;25.5;25.5;25.5;25.5;25.5;25.5;25.5;25.5;25.5;25.5;25.5;25.5;25.5;25.5;25.5;25.5;25.5;25.5;25.5;25.5;25.5;25.5;25.5;25.5;25.5;25.5;25.5;25.5
908;1583.982;25.5;25.5;25.5;25.5;25.5;25.5;25.5;25.5;25.5;25.5;25.5;25.664;25.5;25.5;25.5;25.5;25.5;28.288;25.5;25.5;25.5;25.5;25.5;25.5;25.5;25.5;25.5;25.5;25.664
909;856.787;25.992;25.664;25.5;25.5;25.5;25.5;25.5;25.5;25.664;25.5;25.664;25.828;25.992;25.664;26.156;25.5;25.5;27.796;25.5;25.5;25.664;25.5;25.5;25.5;25.5;25.5;25.5;25.5;26.156
910;2835.8550000000005;19.453;19.125;19.453;19.125;19.125;19.125;19.125;19.125;19.617;19.125;19.453;20.109;19.453;19.125;19.289;19.125;19.125;23.389;19.125;19.125;19.289;20.109;19.125;19.125;19.125;19.125;19.125;19.125;19.289
911;1112.2220000000002;25.992;25.828;25.828;25.5;25.5;25.5;25.5;25.5;25.5;25.5;25.664;25.5;25.5;25.5;25.5;25.5;25.5;26.484;25.5;25.5;25.5;25.5;25.5;25.5;25.5;25.5;25.5;25.5;25.664
912;145.93;25.5;25.5;25.5;25.5;25.5;25.5;25.5;25.5;25.5;25.5;25.5;25.992;25.5;25.5;25.5;25.5;25.5;25.5;25.5;25.5;25.5;25.5;25.5;25.5;25.5;25.5;25.5;25.5;25.5
913;25.5;25.5;25.5;25.5;25.5;25.5;25.5;25.5;25.5;25.5;25.5;25.5;25.5;25.5;25.5;25.5;25.5;25.5;25.5;25.5;25.5;25.5;25.5;25.5;25.5;25.5;25.5;25.5;25.5;25.5
914;210.287;25.5;25.664;25.992;25.5;25.5;25.5;25.5;25.5;25.5;25.5;25.5;25.5;25.5;25.5;25.5;25.5;25.5;27.468;25.5;25.5;25.5;25.5;25.5;25.5;25.5;25.5;25.5;25.5;25.5
915;519.32;20.601;19.617;19.125;19.125;19.125;19.125;19.125;19.125;19.125;19.125;19.125;19.125;19.125;19.125;19.125;19.125;19.125;19.453;19.125;19.125;19.125;19.125;19.125;19.125;19.125;19.125;19.125;19.125;19.125
916;135.59;25.992;25.664;25.5;25.5;25.5;25.5;25.5;25.5;25.5;25.5;25.5;25.5;25.5;25.5;25.5;25.5;25.5;25.5;25.5;25.5;25.5;25.5;25.5;25.5;25.5;25.5;25.5;25.5;25.5
917;129.451;25.5;25.664;26.156;25.5;25.5;25.5;25.5;25.5;25.5;25.5;25.5;25.664;25.5;25.5;25.5;25.5;25.5;25.664;25.5;25.5;25.664;25.5;25.5;25.5;25.5;25.5;25.5;25.664;25.5
918;261.96700000000004;26.32;25.828;25.5;25.5;25.5;25.5;25.5;25.5;25.5;25.5;25.5;25.5;25.5;25.5;25.5;25.5;25.5;25.5;25.5;25.5;25.5;25.5;25.5;25.5;25.5;25.5;25.5;25.5;25.5
919;619.465;19.453;19.125;19.617;19.125;19.125;19.125;19.125;19.125;19.125;19.125;19.125;19.125;19.781;19.289;19.125;19.125;19.125;25.193;19.125;19.125;19.125;19.125;19.125;19.125;19.125;19.125;19.125;19.125;19.125
920;639.6740000000001;26.812;25.828;25.664;25.5;25.5;25.5;25.5;25.5;25.664;25.5;25.992;25.828;25.828;25.5;25.828;25.5;25.5;28.124;25.5;25.5;25.5;26.812;25.5;25.5;25.5;25.5;25.5;25.5;25.664
921;96.354;25.5;25.5;25.5;25.5;25.5;25.5;25.5;25.5;25.5;25.5;25.5;25.5;25.5;25.5;25.5;25.5;25.5;25.5;25.5;25.5;25.5;25.5;25.5;25.5;25.5;25.5;25.5;25.5;25.5
922;287.80600000000004;25.664;25.5;26.156;25.5;25.5;25.5;25.5;25.5;25.5;25.5;25.5;25.5;25.5;25.5;25.5;25.5;25.5;25.5;25.5;25.5;25.5;25.5;25.5;25.5;25.5;25.5;25.5;25.5;25.5
923;1163.323;19.781;19.289;19.125;19.125;19.125;19.125;19.125;19.125;19.125;19.125;19.125;19.125;19.125;19.125;19.125;19.125;19.125;19.945;19.125;19.125;19.125;19.125;19.125;19.125;19.125;19.125;19.125;19.125;19.125
924;202.14800000000002;25.664;25.664;25.5;25.5;25.5;25.5;25.5;25.5;25.5;25.5;25.5;25.5;25.5;25.5;25.5;25.5;25.5;25.5;25.5;25.5;25.5;25.5;25.5;25.5;25.5;25.5;25.5;25.5;25.5
925;580.7330000000001;26.156;25.828;25.5;25.5;25.5;25.5;25.5;25.5;25.5;25.5;25.664;25.5;25.5;25.5;25.664;25.5;25.5;27.96;25.5;25.5;25.664;25.664;25.5;25.5;25.5;25.5;25.5;25.5;25.5
926;453.62700000000007;25.828;26.484;26.156;25.5;25.5;25.5;25.5;25.5;25.5;25.5;25.5;26.648;25.992;25.992;25.664;25.5;25.5;27.304;25.5;25.5;25.664;25.5;25.5;25.5;25.5;25.5;25.5;25.664;25.5
927;958.226;25.5;25.5;25.5;25.5;25.5;25.5;25.5;25.5;25.5;25.5;25.5;25.5;25.5;25.5;25.5;25.5;25.5;27.796;25.5;25.5;25.5;25.5;25.5;25.5;25.5;25.5;25.5;25.5;25.5
928;2543.467;27.468;26.32;26.156;25.5;25.5;25.5;25.5;25.5;25.992;25.5;25.828;26.32;25.992;25.828;26.156;25.5;25.5;34.192;25.5;25.5;26.32;27.96;25.992;25.5;25.5;25.828;25.5;25.828;26.484
929;25.5;25.5;25.5;25.5;25.5;25.5;25.5;25.5;25.5;25.5;25.5;25.5;25.5;25.5;25.5;25.5;25.5;25.5;25.5;25.5;25.5;25.5;25.5;25.5;25.5;25.5;25.5;25.5;25.5;25.5
930;19.125;19.125;19.125;19.125;19.125;19.125;19.125;19.125;19.125;19.125;19.125;19.125;19.125;19.125;19.125;19.125;19.125;19.125;19.125;19.125;19.125;19.125;19.125;19.125;19.125;19.125;19.125;19.125;19.125;19.125
931;648.056;25.5;25.664;26.32;25.5;25.5;25.5;25.5;25.5;25.5;25.5;25.5;25.664;25.664;25.5;25.5;25.5;25.5;27.796;25.5;25.5;25.5;25.5;25.5;25.5;25.5;25.5;25.5;25.5;25.664
932;126.65;25.5;25.5;26.32;25.5;25.5;25.5;25.5;25.5;25.5;25.5;25.5;25.828;25.5;25.5;25.5;25.5;25.5;27.304;25.5;25.5;25.5;25.5;25.5;25.5;25.5;25.5;25.5;25.5;25.5
933;988.4530000000001;25.5;25.828;25.5;25.5;25.5;25.5;25.5;25.5;25.664;25.828;25.664;25.992;25.5;25.5;26.156;25.5;25.5;27.468;25.5;25.5;25.828;26.976;25.5;25.5;25.5;25.828;25.5;25.828;26.32
934;946.3530000000001;25.5;25.5;27.796;25.5;25.5;25.5;25.5;25.5;25.664;25.5;25.664;25.992;25.5;25.5;25.828;25.5;25.5;29.436;25.5;25.5;25.5;25.5;25.5;25.5;25.5;25.5;25.5;25.664;25.5
935;417.03;25.828;25.5;25.5;25.5;25.5;25.5;25.5;25.5;25.664;25.5;25.5;25.5;25.828;25.5;25.5;25.5;25.5;26.156;25.5;25.5;25.5;25.5;25.5;25.5;25.5;25.5;25.5;25.5;25.5
936;146.039;25.5;25.664;25.5;25.5;25.5;25.5;25.5;25.5;25.5;25.664;25.664;25.828;25.5;25.828;25.664;25.664;25.5;25.992;25.5;25.5;25.664;25.5;25.5;25.5;25.5;25.5;25.5;25.5;25.5
937;1093.156;25.828;25.828;25.5;25.5;25.5;25.5;25.5;25.5;25.5;25.5;25.664;25.828;25.5;25.5;25.5;25.5;25.5;27.796;25.5;25.5;25.5;25.5;25.5;25.5;25.5;25.5;25.5;25.5;25.5
938;690.358;26.484;25.828;25.828;25.5;25.5;25.5;25.5;25.5;25.5;25.5;25.5;25.5;25.5;25.5;25.5;25.5;25.5;26.484;25.5;25.5;25.5;25.5;25.5;25.5;25.5;25.5;25.5;25.5;25.5
939;219.79800000000003;25.5;25.5;25.992;25.5;25.5;25.5;25.5;25.5;25.664;25.5;25.664;25.992;25.5;25.5;25.5;25.5;25.5;26.32;25.5;25.5;25.5;25.5;25.5;25.5;25.5;25.5;25.5;25.5;25.5
940;608.485;25.5;25.5;25.5;25.5;25.5;25.5;25.5;25.5;25.5;25.5;25.5;25.5;25.5;25.5;25.5;25.5;25.5;25.5;25.5;25.5;25.5;25.5;25.5;25.5;25.5;25.5;25.5;25.5;25.5
941;347.956;25.5;25.5;26.484;25.5;25.5;25.5;25.5;25.5;25.5;25.5;25.5;25.5;25.5;25.5;25.5;25.5;25.5;26.976;25.5;25.5;25.5;25.5;25.5;25.5;25.5;25.5;25.5;25.5;25.5
942;108.899;25.664;25.5;25.664;25.5;25.5;25.5;25.5;25.5;25.5;25.5;25.5;25.5;25.5;25.5;25.5;25.5;25.5;25.664;25.5;25.5;25.5;25.5;25.5;25.5;25.5;25.5;25.5;25.5;25.5
943;49.396;25.664;25.5;25.5;25.5;25.5;25.5;25.5;25.5;25.5;25.5;25.5;25.5;25.5;25.5;25.5;25.5;25.5;25.5;25.5;25.5;25.5;25.5;25.5;25.5;25.5;25.5;25.5;25.5;25.5
944;914.783;19.125;19.289;19.289;19.125;19.125;19.125;19.125;19.125;19.125;19.125;19.125;19.617;19.289;19.125;19.125;19.289;19.125;20.601;19.125;19.125;19.289;19.453;19.125;19.125;19.125;19.125;19.125;19.125;19.125
945;25.5;25.5;25.5;25.5;25.5;25.5;25.5;25.5;25.5;25.5;25.5;25.5;25.5;25.5;25.5;25.5;25.5;25.5;25.5;25.5;25.5;25.5;25.5;25.5;25.5;25.5;25.5;25.5;25.5;25.5
946;8488.666000000001;21.421;19.617;20.929;19.125;19.125;19.125;19.125;19.125;20.273;19.125;19.781;19.617;19.781;19.945;19.781;19.453;19.125;33.721000000000004;19.125;19.945;21.093;23.389;19.125;19.125;19.125;19.453;19.617;20.273;20.765
947;1168.094;26.156;25.828;25.664;25.5;25.5;25.5;25.5;25.5;25.5;25.5;25.664;26.484;25.828;25.5;25.992;25.5;25.5;26.156;25.5;25.5;25.828;25.5;25.5;25.5;25.5;25.5;25.5;25.5;25.5
948;25.5;25.5;25.5;25.5;25.5;25.5;25.5;25.5;25.5;25.5;25.5;25.5;25.5;25.5;25.5;25.5;25.5;25.5;25.5;25.5;25.5;25.5;25.5;25.5;25.5;25.5;25.5;25.5;25.5;25.5
949;1005.9090000000001;25.992;25.828;26.156;25.5;25.5;25.5;25.5;25.5;25.664;25.5;25.664;25.828;25.5;25.5;25.5;25.5;25.5;26.812;25.5;25.5;25.664;25.992;25.5;25.5;25.5;25.5;25.5;25.5;25.5
950;64.62700000000001;19.125;19.125;19.125;19.125;19.125;19.125;19.125;19.125;19.125;19.125;19.125;19.125;19.125;19.125;19.125;19.125;19.125;19.125;19.125;19.125;19.125;19.125;19.125;19.125;19.125;19.125;19.125;19.125;19.125
951;91.483;25.5;25.5;25.5;25.5;25.5;25.5;25.5;25.5;25.5;25.5;25.5;25.5;25.5;25.5;25.5;25.5;25.5;25.5;25.5;25.5;25.5;25.5;25.5;25.5;25.5;25.5;25.5;25.5;25.5
952;1014.1770000000001;19.125;19.289;19.453;19.125;19.125;19.125;19.125;19.125;19.125;19.125;19.125;19.125;19.125;19.125;19.125;19.125;19.125;21.913;19.125;19.125;19.125;19.125;19.125;19.125;19.125;19.125;19.125;19.125;19.125
953;639.901;25.5;25.664;25.5;25.5;25.5;25.5;25.5;25.5;25.664;25.5;26.156;26.156;25.5;25.5;25.5;25.5;25.5;27.796;25.5;25.5;25.5;25.5;25.5;25.5;25.5;25.5;25.5;25.5;25.5
954;25.5;25.5;25.5;25.5;25.5;25.5;25.5;25.5;25.5;25.5;25.5;25.5;25.5;25.5;25.5;25.5;25.5;25.5;25.5;25.5;25.5;25.5;25.5;25.5;25.5;25.5;25.5;25.5;25.5;25.5
955;573.815;25.664;25.5;25.5;25.5;25.5;25.5;25.5;25.5;25.5;25.5;25.5;25.5;25.5;25.5;25.5;25.5;25.5;26.32;25.5;25.5;25.5;25.5;25.5;25.5;25.5;25.5;25.5;25.5;25.5
956;407.75600000000003;19.289;19.125;19.125;19.125;19.125;19.125;19.125;19.125;19.289;19.125;19.125;19.125;19.125;19.125;19.125;19.125;19.125;21.421;19.125;19.125;19.289;19.125;19.125;19.125;19.125;19.125;19.125;19.125;19.945
957;205.62900000000002;25.5;25.5;25.5;25.5;25.5;25.5;25.5;25.5;25.5;25.5;25.5;25.5;25.5;25.5;25.5;25.5;25.5;25.992;25.5;25.5;25.5;25.5;25.5;25.5;25.5;25.5;25.5;25.5;25.5
958;393.2;25.664;25.992;25.992;25.5;25.5;25.5;25.5;25.5;25.664;26.32;25.664;25.992;25.664;25.5;25.5;25.5;25.5;28.451999999999998;25.5;25.5;25.664;25.664;25.5;25.5;25.5;25.5;25.5;25.5;25.828
959;102.096;25.5;25.5;25.5;25.5;25.5;25.5;25.5;25.5;25.5;25.5;25.5;25.5;25.5;25.5;25.5;25.5;25.5;25.5;25.5;25.5;25.5;25.5;25.5;25.5;25.5;25.5;25.5;25.5;25.5
960;227.587;25.828;25.828;25.992;25.5;25.5;25.5;25.5;25.5;25.5;25.5;25.5;25.5;25.5;25.5;25.5;25.5;25.5;25.5;25.5;25.5;25.5;25.5;25.5;25.5;25.5;25.5;25.5;25.5;25.5
961;1711.658;19.125;19.125;19.781;19.125;19.125;19.125;19.125;19.125;19.125;19.125;19.125;19.617;19.945;19.781;19.453;19.289;19.125;21.913;19.125;19.289;19.453;19.453;19.125;19.125;19.125;19.125;19.125;19.453;19.125
962;59.412000000000006;19.125;19.125;19.125;19.125;19.125;19.125;19.125;19.125;19.125;19.125;19.125;19.125;19.125;19.125;19.125;19.125;19.125;19.125;19.125;19.125;19.125;19.125;19.125;19.125;19.125;19.125;19.125;19.125;19.125
963;54.342;25.5;25.5;25.5;25.5;25.5;25.5;25.5;25.5;25.5;25.5;25.5;25.5;25.5;25.5;25.5;25.5;25.5;25.5;25.5;25.5;25.5;25.5;25.5;25.5;25.5;25.5;25.5;25.5;25.5
964;79.272;25.5;25.5;25.5;25.5;25.5;25.5;25.5;25.5;25.5;25.5;25.5;25.5;25.5;25.5;25.5;25.5;25.5;25.5;25.5;25.5;25.5;25.5;25.5;25.5;25.5;25.5;25.5;25.5;25.5
965;25.5;25.5;25.5;25.5;25.5;25.5;25.5;25.5;25.5;25.5;25.5;25.5;25.5;25.5;25.5;25.5;25.5;25.5;25.5;25.5;25.5;25.5;25.5;25.5;25.5;25.5;25.5;25.5;25.5;25.5
966;646.6960000000001;19.125;19.289;19.125;19.125;19.125;19.125;19.125;19.125;19.125;19.125;19.125;19.289;19.125;19.289;19.289;19.125;19.125;19.453;19.125;19.125;19.125;19.125;19.125;19.125;19.125;19.125;19.125;19.125;19.125
967;1254.025;19.125;19.453;19.125;19.125;19.125;19.125;19.125;19.125;19.289;20.109;19.289;19.617;19.453;19.125;19.453;19.125;19.125;24.045;19.125;19.125;19.289;20.929;19.125;19.125;19.125;19.289;19.125;19.125;19.617
968;82.965;25.664;25.664;25.5;25.5;25.5;25.5;25.5;25.5;25.5;25.5;25.5;25.5;25.5;25.5;25.5;25.5;25.5;26.32;25.5;25.5;25.5;25.5;25.5;25.5;25.5;25.5;25.5;25.5;25.5
969;472.768;25.5;25.5;25.5;25.5;25.5;25.5;25.5;25.5;25.5;25.5;25.5;25.828;25.828;25.5;25.5;25.5;25.5;26.976;25.5;25.5;25.5;25.5;25.5;25.5;25.5;25.5;25.5;25.5;25.664
970;190.44700000000003;25.828;25.992;25.5;25.5;25.5;25.5;25.5;25.5;25.5;25.5;25.5;25.5;25.5;25.5;25.5;25.5;25.5;25.5;25.5;25.5;25.5;25.5;25.5;25.5;25.5;25.5;25.5;25.5;25.5
971;331.22;25.5;25.664;25.664;25.5;25.5;25.5;25.5;25.5;25.5;25.5;25.5;25.5;25.5;25.5;25.5;25.5;25.5;25.664;25.5;25.5;25.5;25.5;25.5;25.5;25.5;25.5;25.5;25.5;25.5
972;282.747;25.5;25.828;26.156;25.5;25.5;25.5;25.5;25.5;25.5;25.5;25.664;25.664;25.5;25.5;25.5;25.5;25.5;26.812;25.5;25.5;25.5;25.5;25.5;25.5;25.5;25.5;25.5;25.5;25.5
973;200.52100000000002;25.5;25.5;25.828;25.5;25.5;25.5;25.5;25.5;25.828;25.5;25.5;25.664;25.5;25.5;25.5;25.5;25.5;25.5;25.5;25.5;25.5;25.5;25.5;25.5;25.5;25.5;25.5;25.5;25.5
974;615.299;25.664;25.5;25.5;25.5;25.5;25.5;25.5;25.5;25.5;25.5;25.664;25.5;25.5;25.5;25.5;25.5;25.5;26.32;25.5;25.5;25.5;25.5;25.5;25.5;25.5;25.5;25.5;25.5;25.5
975;26.976;25.5;25.5;25.5;25.5;25.5;25.5;25.5;25.5;25.5;25.5;25.5;25.5;25.5;25.5;25.5;25.5;25.5;25.5;25.5;25.5;25.5;25.5;25.5;25.5;25.5;25.5;25.5;25.5;25.5
976;39.879999999999995;25.5;25.5;25.5;25.5;25.5;25.5;25.5;25.5;25.5;25.5;25.5;25.5;25.5;25.5;25.5;25.5;25.5;25.664;25.5;25.5;25.5;25.5;25.5;25.5;25.5;25.5;25.5;25.5;25.5
977;1065.798;25.992;25.992;25.664;25.5;25.5;25.5;25.5;25.5;25.828;25.5;25.664;25.992;25.664;25.5;25.5;25.5;25.5;26.976;25.5;25.5;25.664;25.5;25.5;25.5;25.5;25.5;25.5;25.5;25.664
978;42.546;25.5;25.5;25.5;25.5;25.5;25.5;25.5;25.5;25.5;25.5;25.5;25.5;25.5;25.5;25.5;25.5;25.5;25.5;25.5;25.5;25.5;25.5;25.5;25.5;25.5;25.5;25.5;25.5;25.5
979;934.5110000000001;19.781;19.453;19.781;19.125;19.125;19.125;19.125;19.125;19.289;19.125;19.617;19.453;19.453;19.125;19.125;19.289;19.125;20.765;19.125;19.125;19.125;20.109;19.125;19.125;19.125;19.125;19.125;19.125;19.453
980;19.125;19.125;19.125;19.125;19.125;19.125;19.125;19.125;19.125;19.125;19.125;19.125;19.125;19.125;19.125;19.125;19.125;19.125;19.125;19.125;19.125;19.125;19.125;19.125;19.125;19.125;19.125;19.125;19.125;19.125
981;852.153;25.664;25.5;26.156;25.5;25.5;25.5;25.5;25.5;25.5;25.5;25.5;25.828;25.828;25.5;25.5;25.5;25.5;27.796;25.5;25.5;25.5;25.5;25.5;25.5;25.5;25.5;25.5;25.5;25.5
982;669.0;25.992;25.664;25.828;25.5;25.5;25.5;25.5;25.5;25.5;25.5;25.664;25.5;25.5;25.5;25.5;25.5;25.5;26.812;25.5;25.5;25.5;25.5;25.5;25.5;25.5;25.5;25.5;25.5;25.664
983;25.5;25.5;25.5;25.5;25.5;25.5;25.5;25.5;25.5;25.5;25.5;25.5;25.5;25.5;25.5;25.5;25.5;25.5;25.5;25.5;25.5;25.5;25.5;25.5;25.5;25.5;25.5;25.5;25.5;25.5
984;452.103;25.992;25.828;26.32;25.5;25.5;25.5;25.5;25.5;25.5;25.5;25.5;25.5;25.5;25.5;25.5;25.5;25.5;26.648;25.5;25.5;25.5;25.5;25.5;25.5;25.5;25.5;25.5;25.664;25.5
985;783.0630000000001;25.664;25.664;25.5;25.5;25.5;25.5;25.5;25.5;25.664;25.5;25.5;25.5;25.5;25.5;25.5;25.5;25.5;27.796;25.5;25.5;25.5;25.5;25.5;25.5;25.5;25.5;25.5;25.5;25.5
986;1578.785;25.664;25.828;25.828;25.5;25.5;25.5;25.5;25.5;25.5;25.5;25.5;25.5;25.5;25.5;25.5;25.5;25.5;28.288;25.5;25.5;25.5;25.5;25.5;25.5;25.5;25.5;25.5;25.664;25.828
987;378.03000000000003;25.5;25.664;25.992;25.5;25.5;25.5;25.5;25.5;25.828;25.5;25.664;25.664;25.5;25.5;25.5;25.5;25.5;26.32;25.5;25.5;25.5;25.5;25.5;25.5;25.5;25.5;25.5;25.5;25.5
988;269.279;25.828;25.5;25.5;25.5;25.5;25.5;25.5;25.5;25.5;25.5;25.5;25.5;25.5;25.5;25.5;25.5;25.5;25.992;25.5;25.5;25.664;25.5;25.5;25.5;25.5;25.5;25.5;25.664;25.5
989;393.32700000000006;25.992;25.664;25.5;25.5;25.5;25.5;25.5;25.5;25.5;25.664;25.828;25.828;25.5;25.5;25.5;25.5;25.5;26.648;25.5;25.5;25.5;25.5;25.5;25.5;25.5;25.5;25.5;25.5;25.5
990;47.382000000000005;19.125;19.125;19.125;19.125;19.125;19.125;19.125;19.125;19.125;19.125;19.125;19.125;19.125;19.125;19.125;19.125;19.125;19.125;19.125;19.125;19.125;19.125;19.125;19.125;19.125;19.125;19.125;19.125;19.125
991;1206.931;20.273;19.289;19.945;19.125;19.125;19.125;19.125;19.125;20.273;19.125;19.617;19.781;19.781;19.125;19.125;19.289;19.125;19.945;19.125;19.125;19.617;20.437;19.125;19.453;19.125;19.125;19.125;19.453;20.273
992;25.5;25.5;25.5;25.5;25.5;25.5;25.5;25.5;25.5;25.5;25.5;25.5;25.5;25.5;25.5;25.5;25.5;25.5;25.5;25.5;25.5;25.5;25.5;25.5;25.5;25.5;25.5;25.5;25.5;25.5
993;186.195;25.5;26.156;25.828;25.5;25.5;25.5;25.5;25.5;25.5;25.5;25.5;25.5;25.5;25.5;25.5;25.5;25.5;25.828;25.5;25.5;25.5;25.5;25.5;25.5;25.5;25.5;25.5;25.5;25.5
994;107.095;25.5;25.664;25.5;25.5;25.5;25.5;25.5;25.5;25.5;25.5;25.5;25.5;25.5;25.5;25.5;25.5;25.5;25.664;25.5;25.5;25.5;25.5;25.5;25.5;25.5;25.5;25.5;25.5;25.5
995;1042.5400000000002;27.304;25.828;25.664;25.5;25.5;25.5;25.5;25.5;25.664;25.5;25.828;25.828;25.992;25.5;25.828;25.5;25.5;35.668;25.5;25.5;26.156;26.648;25.5;25.5;25.5;25.5;25.5;26.32;27.468
996;933.568;19.289;19.453;19.617;19.125;19.125;19.125;19.125;19.125;19.289;19.125;19.453;19.781;19.453;19.781;19.125;19.125;19.125;22.569;19.125;19.125;19.125;19.125;19.125;19.125;19.125;19.125;19.125;19.289;19.125
997;445.119;19.617;19.125;19.453;19.125;19.125;19.125;19.125;19.125;19.125;19.125;19.125;19.125;19.125;19.125;19.125;19.125;19.125;19.453;19.125;19.125;19.125;19.125;19.125;19.125;19.125;19.125;19.125;19.125;19.125
998;431.011;25.5;25.5;25.828;25.5;25.5;25.5;25.5;25.5;25.5;25.5;25.5;25.5;25.5;25.5;25.5;25.5;25.5;25.664;25.5;25.5;25.5;25.5;25.5;25.5;25.5;25.5;25.5;25.5;25.5
999;2765.67;21.749;19.453;19.125;19.125;19.125;19.125;19.125;19.125;19.617;19.125;19.289;19.617;19.617;19.125;19.289;19.125;19.125;26.012999999999998;19.125;19.125;19.453;19.125;19.125;19.125;19.125;19.289;19.289;20.109;19.617
1000;1796.292;19.617;19.453;19.125;19.125;19.125;19.125;19.125;19.125;19.125;19.945;19.125;19.453;19.125;19.125;19.125;19.125;19.125;27.489;19.125;19.125;19.125;19.125;19.125;19.125;19.125;19.125;19.125;19.289;19.125
1001;472.53700000000003;25.828;25.5;25.5;25.5;25.5;25.5;25.5;25.5;25.5;25.5;25.5;25.5;25.5;25.5;25.5;25.5;25.5;28.944;25.5;25.5;25.5;25.5;25.5;25.5;25.5;25.5;25.5;25.5;25.5
1002;170.532;19.125;19.453;19.125;19.125;19.125;19.125;19.125;19.125;19.125;19.125;19.125;19.125;19.125;19.125;19.125;19.125;19.125;19.125;19.125;19.125;19.125;19.125;19.125;19.125;19.125;19.125;19.125;19.125;19.125
1003;106.14800000000001;25.5;25.5;25.828;25.5;25.5;25.5;25.5;25.5;25.5;25.5;25.5;25.5;25.5;25.5;25.5;25.5;25.5;25.664;25.5;25.5;25.5;25.5;25.5;25.5;25.5;25.5;25.5;25.5;25.5
1004;410.33500000000004;26.156;25.5;25.5;25.5;25.5;25.5;25.5;25.5;25.5;26.32;25.5;25.5;25.5;25.5;25.5;25.5;25.5;28.288;25.5;25.5;25.5;25.5;25.5;25.5;25.5;25.5;25.5;25.5;25.664
1005;987.897;25.828;25.664;26.976;25.5;25.5;25.5;25.5;25.5;25.664;25.5;26.32;25.664;25.992;25.664;25.992;25.5;25.5;28.944;25.5;25.5;25.5;25.664;25.5;25.5;25.5;25.5;25.5;25.5;25.828
1006;1060.586;25.5;25.5;25.5;25.5;25.5;25.5;25.5;25.5;25.5;25.5;25.5;25.5;25.5;25.5;25.5;25.5;25.5;26.156;25.5;25.5;25.5;25.5;25.5;25.5;25.5;25.5;25.5;25.5;25.5
1007;1361.6390000000001;20.601;19.125;19.945;19.125;19.125;19.125;19.125;19.125;19.125;19.125;19.125;19.289;19.125;19.125;19.125;19.125;19.125;23.553;19.125;19.125;19.125;19.125;19.125;19.125;19.125;19.125;19.125;19.125;19.125
1008;825.437;25.828;25.992;26.32;25.5;25.5;25.5;25.5;25.5;25.5;25.664;25.5;25.664;25.992;25.5;25.5;25.5;25.5;31.076;25.5;25.5;25.664;25.664;25.5;25.5;25.5;25.5;25.5;25.5;26.156
1009;277.97700000000003;25.5;25.5;25.5;25.5;25.5;25.5;25.5;25.5;25.5;25.5;25.5;25.5;25.5;25.5;25.5;25.5;25.5;25.828;25.5;25.5;25.5;25.5;25.5;25.5;25.5;25.5;25.5;25.5;25.5
1010;25.5;25.5;25.5;25.5;25.5;25.5;25.5;25.5;25.5;25.5;25.5;25.5;25.5;25.5;25.5;25.5;25.5;25.5;25.5;25.5;25.5;25.5;25.5;25.5;25.5;25.5;25.5;25.5;25.5;25.5
1011;25.5;25.5;25.5;25.5;25.5;25.5;25.5;25.5;25.5;25.5;25.5;25.5;25.5;25.5;25.5;25.5;25.5;25.5;25.5;25.5;25.5;25.5;25.5;25.5;25.5;25.5;25.5;25.5;25.5;25.5
1012;979.566;26.976;26.32;25.664;25.5;25.5;25.5;25.5;25.5;25.664;25.5;25.828;25.5;25.5;25.5;25.5;25.5;25.5;26.976;25.5;25.5;25.5;25.5;25.5;25.5;25.5;25.5;25.5;25.5;25.828
1013;680.0440000000001;19.453;19.453;19.289;19.125;19.125;19.125;19.125;19.125;19.289;19.125;19.289;19.453;19.781;19.289;19.453;19.125;19.125;22.897;19.125;19.125;19.125;20.601;19.125;19.125;19.125;19.125;19.125;19.125;19.125
1014;1048.493;25.664;25.664;25.5;25.5;25.5;25.5;25.5;25.5;25.5;25.5;25.5;25.5;25.5;25.5;25.5;25.5;25.5;28.288;25.5;25.5;25.5;25.5;25.5;25.5;25.5;25.5;25.5;25.5;25.5
1015;293.193;25.5;25.5;26.156;25.5;25.5;25.5;25.5;25.5;25.5;25.5;25.5;25.5;25.5;25.5;25.5;25.5;25.5;27.14;25.5;25.5;25.5;25.5;25.5;25.5;25.5;25.5;25.5;25.5;25.5
1016;1761.99;26.32;25.5;25.5;25.5;25.5;25.5;25.5;25.5;25.5;25.5;25.5;25.664;25.5;25.5;25.5;25.5;25.5;28.451999999999998;25.5;25.5;25.5;25.5;25.5;25.5;25.5;25.5;25.5;25.5;25.5
1017;985.758;26.156;25.828;25.5;25.5;25.5;25.5;25.5;25.5;25.5;25.5;25.5;25.5;25.5;25.5;25.5;25.5;25.5;29.108;25.5;25.5;25.5;25.5;25.5;25.5;25.5;25.5;25.5;25.5;25.5
1018;83.583;25.5;25.5;25.664;25.5;25.5;25.5;25.5;25.5;25.5;25.5;25.5;25.5;25.5;25.5;25.5;25.5;25.5;25.5;25.5;25.5;25.5;25.5;25.5;25.5;25.5;25.5;25.5;25.5;25.5
1019;618.356;25.664;25.664;25.5;25.5;25.5;25.5;25.5;25.5;25.5;25.5;25.5;25.5;25.5;25.5;25.5;25.5;25.5;25.5;25.5;25.5;25.5;25.5;25.5;25.5;25.5;25.5;25.5;25.5;25.5
1020;1661.6710000000003;19.125;19.617;19.781;19.125;19.125;19.125;19.125;19.125;19.453;19.125;19.781;20.109;19.945;19.781;19.781;19.289;19.125;21.257;19.125;19.125;19.289;21.421;19.125;19.453;19.125;19.289;19.125;19.289;20.437
1021;2084.647;25.828;25.992;25.992;25.5;25.5;25.5;25.5;25.5;25.664;25.992;25.5;26.156;25.992;25.5;25.992;25.828;25.5;26.976;25.5;25.5;25.828;25.5;25.5;25.5;25.5;25.5;25.5;25.5;25.828
1022;135.589;25.828;25.5;25.5;25.5;25.5;25.5;25.5;25.5;25.5;25.5;25.5;25.5;25.5;25.5;25.664;25.5;25.5;25.5;25.5;25.5;25.5;25.5;25.5;25.5;25.5;25.5;25.5;25.5;25.5
1023;690.896;25.5;25.664;27.468;25.5;25.5;25.5;25.5;25.5;25.828;25.5;25.664;25.664;25.828;25.664;25.5;25.5;25.5;26.812;25.5;25.5;25.5;26.484;25.5;25.5;25.5;25.5;25.5;25.664;25.5
1024;151.151;25.5;25.664;25.5;25.5;25.5;25.5;25.5;25.5;25.5;25.5;25.5;25.828;25.5;25.5;25.5;25.5;25.5;27.468;25.5;25.5;25.5;25.5;25.5;25.5;25.5;25.5;25.5;25.5;25.5
1025;111.45400000000001;25.5;25.664;26.156;25.5;25.5;25.5;25.5;25.5;25.5;25.5;25.5;25.5;25.5;25.5;25.5;25.5;25.5;26.156;25.5;25.5;25.5;25.5;25.5;25.5;25.5;25.5;25.5;25.5;25.5
1026;553.443;25.5;25.5;25.5;25.5;25.5;25.5;25.5;25.5;25.5;25.5;25.5;25.5;25.5;25.5;25.5;25.5;25.5;25.828;25.5;25.5;25.5;25.5;25.5;25.5;25.5;25.5;25.5;25.992;25.5
1027;9962.035;19.125;19.945;20.273;19.125;19.125;19.125;19.125;19.125;19.617;19.289;19.617;19.617;19.617;19.125;19.617;19.125;19.125;25.849;19.125;19.125;19.453;19.125;19.125;19.125;19.125;19.125;19.125;19.125;19.125
1028;554.916;25.5;25.5;25.828;25.5;25.5;25.5;25.5;25.5;25.5;25.5;25.5;25.664;25.5;25.5;25.5;25.5;25.5;25.664;25.5;25.5;25.5;25.5;25.5;25.5;25.5;25.5;25.5;25.5;25.664
1029;101.04400000000001;25.5;25.5;25.5;25.5;25.5;25.5;25.5;25.5;25.5;25.5;25.5;25.5;25.5;25.5;25.5;25.5;25.5;25.664;25.5;25.5;25.5;25.5;25.5;25.5;25.5;25.5;25.5;25.5;25.5
1030;1825.7690000000002;26.156;25.828;25.5;25.5;25.5;25.5;25.5;25.5;25.828;25.5;26.156;25.992;25.992;25.828;25.992;25.664;25.5;27.96;25.5;25.664;25.664;27.468;25.664;25.5;25.5;25.664;25.5;25.664;26.32
1031;1031.657;26.32;25.5;25.5;25.5;25.5;25.5;25.5;25.5;25.5;25.5;25.5;25.5;25.5;25.5;25.5;25.5;25.5;28.944;25.5;25.5;25.5;25.5;25.5;25.5;25.5;25.5;25.5;25.5;25.664
1032;2891.777;25.5;25.828;25.5;25.5;25.5;25.5;25.5;25.5;25.5;25.5;25.5;25.828;25.5;25.5;25.5;25.5;25.5;30.256;25.5;25.5;25.5;25.5;25.5;25.5;25.5;25.5;25.5;25.5;25.664
1033;1059.096;26.484;25.5;25.992;25.5;25.5;25.5;25.5;25.5;25.5;25.5;25.5;25.5;25.5;25.5;25.5;25.5;25.5;29.928;25.5;25.5;25.5;25.5;25.5;25.5;25.5;25.664;25.5;25.664;25.5
1034;3211.3;19.125;19.289;19.125;19.125;19.125;19.125;19.125;19.125;19.781;19.125;19.289;19.453;19.289;19.125;19.125;19.289;19.125;22.897;19.125;19.125;19.289;19.289;19.125;19.125;19.125;19.125;19.125;19.125;19.125
1035;702.539;19.289;19.289;19.289;19.125;19.125;19.125;19.125;19.125;19.125;19.289;19.289;19.453;19.453;19.125;19.289;19.125;19.125;22.241;19.125;19.125;19.125;19.125;19.125;19.125;19.125;19.125;19.125;19.289;19.289
1036;25.5;25.5;25.5;25.5;25.5;25.5;25.5;25.5;25.5;25.5;25.5;25.5;25.5;25.5;25.5;25.5;25.5;25.5;25.5;25.5;25.5;25.5;25.5;25.5;25.5;25.5;25.5;25.5;25.5;25.5
1037;914.5550000000001;25.5;25.992;25.5;25.5;25.5;25.5;25.5;25.5;25.5;25.5;25.5;25.828;25.5;25.5;25.5;25.5;25.5;27.796;25.5;25.5;25.5;25.5;25.5;25.5;25.5;25.5;25.5;25.5;25.5
1038;62.702;25.5;25.664;25.5;25.5;25.5;25.5;25.5;25.5;25.5;25.5;25.5;25.5;25.5;25.5;25.5;25.5;25.5;25.664;25.5;25.5;25.5;25.5;25.5;25.5;25.5;25.5;25.5;25.5;25.5
1039;25.5;25.5;25.5;25.5;25.5;25.5;25.5;25.5;25.5;25.5;25.5;25.5;25.5;25.5;25.5;25.5;25.5;25.5;25.5;25.5;25.5;25.5;25.5;25.5;25.5;25.5;25.5;25.5;25.5;25.5
1040;49.92400000000001;25.828;25.5;25.5;25.5;25.5;25.5;25.5;25.5;25.5;25.5;25.5;25.5;25.5;25.5;25.5;25.5;25.5;25.5;25.5;25.5;25.5;25.5;25.5;25.5;25.5;25.5;25.5;25.5;25.5
1041;407.314;25.664;25.828;25.5;25.5;25.5;25.5;25.5;25.5;25.5;25.5;25.5;25.5;25.5;25.5;25.5;25.5;25.5;26.976;25.5;25.5;25.5;25.5;25.5;25.5;25.5;25.5;25.5;25.5;26.156
1042;25.5;25.5;25.5;25.5;25.5;25.5;25.5;25.5;25.5;25.5;25.5;25.5;25.5;25.5;25.5;25.5;25.5;25.5;25.5;25.5;25.5;25.5;25.5;25.5;25.5;25.5;25.5;25.5;25.5;25.5
1043;1667.031;19.453;19.125;19.125;19.125;19.125;19.125;19.125;19.125;19.125;19.453;19.289;19.453;19.125;19.125;19.453;19.125;19.125;23.389;19.125;19.125;19.453;20.765;20.109;19.125;19.125;19.125;19.125;20.109;19.781
1044;208.49099999999999;25.664;25.5;25.5;25.5;25.5;25.5;25.5;25.5;25.5;25.5;25.5;25.5;25.5;25.5;25.5;25.5;25.5;25.5;25.5;25.5;25.5;25.5;25.5;25.5;25.5;25.5;25.5;25.5;25.5
1045;792.373;25.992;26.648;25.992;25.5;25.5;25.5;25.5;25.5;25.5;25.5;25.5;25.5;25.5;25.5;25.5;25.5;25.5;27.14;25.5;25.5;25.5;25.5;25.5;25.5;25.5;25.5;25.5;25.5;25.5
1046;870.876;25.5;25.828;25.5;25.5;25.5;25.5;25.5;25.5;25.5;25.5;25.5;25.664;25.5;25.5;25.5;25.5;25.5;28.288;25.5;25.5;25.5;25.992;25.5;25.5;25.5;25.664;25.5;25.5;25.5
1047;161.225;25.5;25.5;25.5;25.5;25.5;25.5;25.5;25.5;25.5;25.5;25.5;25.5;25.5;25.5;25.5;25.5;25.5;25.828;25.5;25.5;25.5;25.5;25.5;25.5;25.5;25.5;25.5;25.5;25.5
1048;25.5;25.5;25.5;25.5;25.5;25.5;25.5;25.5;25.5;25.5;25.5;25.5;25.5;25.5;25.5;25.5;25.5;25.5;25.5;25.5;25.5;25.5;25.5;25.5;25.5;25.5;25.5;25.5;25.5;25.5
1049;191.794;19.125;19.289;19.617;19.125;19.125;19.125;19.125;19.125;19.125;19.125;19.125;19.125;19.125;19.125;19.125;19.125;19.125;19.125;19.125;19.125;19.125;19.125;19.125;19.125;19.125;19.125;19.125;19.125;19.125
1050;175.995;25.5;25.664;25.5;25.5;25.5;25.5;25.5;25.5;25.5;25.5;25.5;25.5;25.5;25.5;25.5;25.5;25.5;25.5;25.5;25.5;25.5;25.5;25.5;25.5;25.5;25.5;25.5;25.5;25.5
1051;2886.695;19.289;19.453;19.125;19.125;19.125;19.125;19.125;19.125;19.453;19.125;19.289;19.453;19.453;19.125;19.289;19.125;19.125;27.653;19.125;19.125;19.289;19.125;19.125;19.125;19.125;19.125;19.125;19.125;19.125
1052;49.013999999999996;25.5;25.5;25.5;25.5;25.5;25.5;25.5;25.5;25.5;25.5;25.5;25.5;25.5;25.5;25.5;25.5;25.5;25.5;25.5;25.5;25.5;25.5;25.5;25.5;25.5;25.5;25.5;25.5;25.5
1053;414.04100000000005;19.289;19.289;19.125;19.125;19.125;19.125;19.125;19.125;19.125;19.125;19.125;19.125;19.125;19.125;19.125;19.125;19.125;19.125;19.125;19.125;19.125;19.125;19.125;19.125;19.125;19.125;19.125;19.125;19.125
1054;275.343;19.453;19.617;19.945;19.125;19.125;19.125;19.125;19.125;19.289;19.125;19.453;19.125;19.945;19.125;19.125;19.125;19.125;20.109;19.125;19.125;19.125;19.125;19.125;19.125;19.125;19.125;19.125;19.125;19.125
1055;1012.7320000000001;19.125;19.617;19.617;19.125;19.125;19.125;19.125;19.125;19.125;19.125;19.617;19.125;19.125;19.125;19.125;19.125;19.125;20.765;19.125;19.125;19.125;19.125;19.125;19.125;19.125;19.125;19.125;19.125;19.125
1056;25.5;25.5;25.5;25.5;25.5;25.5;25.5;25.5;25.5;25.5;25.5;25.5;25.5;25.5;25.5;25.5;25.5;25.5;25.5;25.5;25.5;25.5;25.5;25.5;25.5;25.5;25.5;25.5;25.5;25.5
1057;439.87;25.664;25.664;25.5;25.5;25.5;25.5;25.5;25.5;25.5;25.5;25.5;25.664;25.5;25.5;25.5;25.5;25.5;26.976;25.5;25.5;25.5;25.664;25.5;25.5;25.5;25.5;25.5;25.5;25.664
1058;19.125;19.125;19.125;19.125;19.125;19.125;19.125;19.125;19.125;19.125;19.125;19.125;19.125;19.125;19.125;19.125;19.125;19.125;19.125;19.125;19.125;19.125;19.125;19.125;19.125;19.125;19.125;19.125;19.125;19.125
1059;25.5;25.5;25.5;25.5;25.5;25.5;25.5;25.5;25.5;25.5;25.5;25.5;25.5;25.5;25.5;25.5;25.5;25.5;25.5;25.5;25.5;25.5;25.5;25.5;25.5;25.5;25.5;25.5;25.5;25.5
1060;317.05100000000004;26.32;25.992;26.812;25.5;25.5;25.5;25.5;25.5;25.5;25.5;25.5;25.5;25.5;25.5;25.5;25.5;25.5;26.812;25.5;25.5;25.5;25.5;25.5;25.5;25.5;25.5;25.5;26.484;25.5
1061;403.23400000000004;25.664;25.664;25.5;25.5;25.5;25.5;25.5;25.5;25.828;25.5;25.5;26.976;25.5;25.5;25.5;25.5;25.5;25.664;25.5;25.5;25.5;25.5;25.5;25.5;25.5;25.5;25.5;25.5;25.5
1062;1196.593;25.5;26.156;26.484;25.5;25.5;25.5;25.5;25.5;25.5;25.5;25.5;25.828;25.828;25.5;25.828;25.5;25.5;27.632;25.5;25.5;25.828;26.812;26.32;25.5;25.5;25.5;25.5;25.5;25.5
1063;71.611;19.453;19.125;19.125;19.125;19.125;19.125;19.125;19.125;19.125;19.125;19.125;19.125;19.125;19.125;19.125;19.125;19.125;19.125;19.125;19.125;19.125;19.125;19.125;19.125;19.125;19.125;19.125;19.125;19.125
1064;29.3;25.5;25.5;25.5;25.5;25.5;25.5;25.5;25.5;25.5;25.5;25.5;25.5;25.5;25.5;25.5;25.5;25.5;25.5;25.5;25.5;25.5;25.5;25.5;25.5;25.5;25.5;25.5;25.5;25.5
1065;27.317999999999998;25.5;25.664;25.5;25.5;25.5;25.5;25.5;25.5;25.5;25.5;25.5;25.5;25.5;25.5;25.5;25.5;25.5;25.5;25.5;25.5;25.5;25.5;25.5;25.5;25.5;25.5;25.5;25.5;25.5
1066;2582.6250000000005;19.617;19.945;20.765;19.125;19.125;19.125;19.125;19.125;19.453;19.617;19.289;19.617;19.125;19.781;19.453;19.125;19.125;21.585;19.125;19.945;21.093;20.109;20.601;19.289;19.125;19.453;19.781;19.125;19.125
1067;296.915;25.828;25.5;25.5;25.5;25.5;25.5;25.5;25.5;25.5;25.5;25.5;25.5;25.5;25.5;25.5;25.5;25.5;25.664;25.5;25.5;25.5;25.5;25.5;25.5;25.5;25.5;25.5;25.5;25.5
1068;1975.303;25.828;25.5;25.664;25.5;25.5;25.5;25.5;25.5;25.5;25.5;25.5;25.5;25.5;25.5;25.5;25.5;25.5;25.828;25.5;25.5;25.5;25.5;25.5;25.5;25.5;25.5;25.5;25.5;25.5
1069;872.091;25.5;25.664;25.5;25.5;25.5;25.5;25.5;25.5;25.5;25.5;25.5;25.5;25.5;25.5;25.5;25.5;25.5;27.468;25.5;25.5;25.5;25.5;25.5;25.5;25.5;25.5;25.5;25.5;25.5
1070;710.107;25.5;25.664;25.5;25.5;25.5;25.5;25.5;25.5;25.992;25.5;25.664;25.828;25.5;25.5;25.5;25.5;25.5;27.632;25.5;25.5;25.5;25.664;25.5;25.5;25.5;25.5;25.5;25.5;26.484
1071;791.858;26.156;26.156;25.5;25.5;25.5;25.5;25.5;25.5;25.5;25.5;25.664;25.828;25.5;25.5;25.5;25.5;25.5;28.451999999999998;25.5;25.5;25.5;25.5;25.5;25.5;25.5;25.5;25.5;25.5;25.664
1072;3712.3689999999997;25.5;25.664;25.5;25.5;25.5;25.5;25.5;25.5;25.664;25.5;25.5;25.992;25.664;25.5;25.992;25.5;25.5;28.451999999999998;25.5;25.5;25.5;25.664;25.5;25.5;25.5;25.5;25.5;25.5;25.5
1073;289.788;25.5;25.5;25.5;25.5;25.5;25.5;25.5;25.5;25.5;25.5;25.664;25.664;25.5;25.5;25.5;25.5;25.5;29.108;25.5;25.5;25.5;25.5;25.5;25.5;25.5;25.5;25.5;25.5;25.664
1074;1614.085;20.109;19.453;19.453;19.125;19.125;19.125;19.125;19.125;19.453;19.125;19.125;19.617;19.289;19.125;19.453;19.125;19.125;28.145;19.125;19.125;19.125;19.125;19.125;19.125;19.125;19.453;19.125;19.289;19.289
1075;25.5;25.5;25.5;25.5;25.5;25.5;25.5;25.5;25.5;25.5;25.5;25.5;25.5;25.5;25.5;25.5;25.5;25.5;25.5;25.5;25.5;25.5;25.5;25.5;25.5;25.5;25.5;25.5;25.5;25.5
1076;916.788;19.125;19.453;19.125;19.125;19.125;19.125;19.125;19.125;19.289;19.125;19.289;19.125;19.125;19.125;19.125;19.125;19.125;23.881;19.125;19.125;19.289;19.125;19.125;19.125;19.125;19.125;19.125;19.125;19.781
1077;251.186;25.5;25.5;25.664;25.5;25.5;25.5;25.5;25.5;25.5;25.5;25.5;25.5;25.5;25.5;25.5;25.5;25.5;25.5;25.5;25.5;25.5;25.5;25.5;25.5;25.5;25.5;25.5;25.5;25.5
1078;25.5;25.5;25.5;25.5;25.5;25.5;25.5;25.5;25.5;25.5;25.5;25.5;25.5;25.5;25.5;25.5;25.5;25.5;25.5;25.5;25.5;25.5;25.5;25.5;25.5;25.5;25.5;25.5;25.5;25.5
1079;147.681;25.5;25.664;25.5;25.5;25.5;25.5;25.5;25.5;25.5;25.5;25.5;25.664;25.5;25.5;25.5;25.5;25.5;27.632;25.5;25.5;25.5;25.5;25.5;25.5;25.5;25.5;25.5;25.5;25.5
1080;477.36400000000003;25.664;25.664;25.5;25.5;25.5;25.5;25.5;25.5;25.664;25.5;25.664;25.992;25.664;25.5;25.5;25.5;25.5;28.616;25.5;25.5;25.664;25.5;25.5;25.5;25.5;25.5;25.5;25.5;25.5
1081;1265.6329999999998;20.601;19.453;19.945;19.125;19.125;19.125;19.125;19.125;19.289;19.289;19.453;19.289;19.125;19.125;19.289;19.125;19.125;24.209;19.125;19.125;19.289;19.617;19.125;19.125;19.125;19.125;19.125;19.125;19.125
1082;746.599;25.5;26.156;26.156;25.5;25.5;25.5;25.5;25.5;25.664;25.5;25.828;25.992;25.5;25.5;25.5;25.5;25.5;27.96;25.5;25.5;25.5;25.5;25.5;25.5;25.5;25.5;25.5;25.5;25.5
1083;390.469;25.5;25.664;25.5;25.5;25.5;25.5;25.5;25.5;25.828;25.5;25.5;26.156;25.5;25.5;25.5;25.5;25.5;27.796;25.5;25.5;25.664;25.5;25.5;25.5;25.5;25.5;25.5;25.5;25.828
1084;25.5;25.5;25.5;25.5;25.5;25.5;25.5;25.5;25.5;25.5;25.5;25.5;25.5;25.5;25.5;25.5;25.5;25.5;25.5;25.5;25.5;25.5;25.5;25.5;25.5;25.5;25.5;25.5;25.5;25.5
1085;299.09900000000005;25.5;25.5;25.5;25.5;25.5;25.5;25.5;25.5;25.664;25.5;25.664;25.828;25.5;25.5;25.5;25.5;25.5;25.828;25.5;25.5;25.5;25.5;25.5;25.5;25.5;25.5;25.5;25.5;25.5
1086;1003.234;25.992;25.664;25.5;25.5;25.5;25.5;25.5;25.5;25.992;25.5;25.828;25.828;25.5;25.5;25.664;25.5;25.5;26.976;25.5;25.5;25.664;25.5;25.5;25.5;25.5;25.5;25.5;25.5;25.664
1087;486.713;19.617;19.289;19.125;19.125;19.125;19.125;19.125;19.125;19.289;19.125;19.289;19.453;19.125;19.125;19.125;19.125;19.125;21.421;19.125;19.125;19.125;19.125;19.125;19.125;19.125;19.125;19.125;19.125;19.125
1088;25.5;25.5;25.5;25.5;25.5;25.5;25.5;25.5;25.5;25.5;25.5;25.5;25.5;25.5;25.5;25.5;25.5;25.5;25.5;25.5;25.5;25.5;25.5;25.5;25.5;25.5;25.5;25.5;25.5;25.5
1089;258.562;25.5;25.5;25.5;25.5;25.5;25.5;25.5;25.5;25.5;25.5;25.5;25.5;25.5;25.5;25.5;25.5;25.5;28.616;25.5;25.5;25.5;25.5;25.5;25.5;25.5;25.5;25.5;25.5;25.5
1090;541.557;25.664;25.828;25.5;25.5;25.5;25.5;25.5;25.5;25.5;25.5;25.5;25.5;25.5;25.5;25.5;25.5;25.5;26.976;25.5;25.5;25.5;25.5;25.5;25.5;25.5;25.5;25.5;25.5;25.664
1091;238.00500000000002;25.5;25.5;25.5;25.5;25.5;25.5;25.5;25.5;25.5;25.5;25.5;25.5;25.5;25.5;25.5;25.5;25.5;25.5;25.5;25.5;25.5;25.5;25.5;25.5;25.5;25.5;25.5;25.5;25.5
1092;113.799;26.156;25.5;25.5;25.5;25.5;25.5;25.5;25.5;25.5;25.5;25.5;25.5;25.5;25.5;25.5;25.5;25.5;25.5;25.5;25.5;25.5;25.5;25.5;25.5;25.5;25.5;25.5;25.5;25.5
1093;735.327;25.5;25.828;25.5;25.5;25.5;25.5;25.5;25.5;25.5;25.5;25.5;25.828;25.5;25.5;25.5;25.5;25.5;27.96;25.5;25.5;25.5;25.5;25.5;25.5;25.5;25.5;25.5;25.5;25.5
1094;1430.879;19.125;19.617;19.125;19.125;19.125;19.125;19.125;19.125;19.125;19.125;19.289;19.453;19.289;19.125;19.125;19.125;19.125;20.273;19.125;19.125;19.125;19.125;19.125;19.125;19.125;19.125;19.125;19.125;19.125
1095;185.20600000000002;25.5;25.5;25.828;25.5;25.5;25.5;25.5;25.5;25.5;25.5;25.5;25.992;25.5;25.5;25.5;25.5;25.5;25.828;25.5;25.5;25.5;25.5;25.5;25.5;25.5;25.5;25.5;25.5;25.5
1096;25.5;25.5;25.5;25.5;25.5;25.5;25.5;25.5;25.5;25.5;25.5;25.5;25.5;25.5;25.5;25.5;25.5;25.5;25.5;25.5;25.5;25.5;25.5;25.5;25.5;25.5;25.5;25.5;25.5;25.5
1097;588.179;19.289;19.453;19.125;19.125;19.125;19.125;19.125;19.125;19.289;19.125;19.125;19.453;19.125;19.125;19.125;19.125;19.125;22.405;19.125;19.125;19.125;19.125;19.125;19.125;19.125;19.125;19.125;19.125;19.125
1098;283.719;26.156;25.664;25.664;25.5;25.5;25.5;25.5;25.5;25.5;25.5;25.5;25.5;25.5;25.5;25.5;25.5;25.5;25.5;25.5;25.5;25.5;25.5;25.5;25.5;25.5;25.5;25.5;25.5;25.5
1099;96.642;25.5;25.5;25.5;25.5;25.5;25.5;25.5;25.5;25.5;25.5;25.5;25.5;25.5;25.5;25.5;25.5;25.5;25.5;25.5;25.5;25.5;25.5;25.5;25.5;25.5;25.5;25.5;25.5;25.5
1100;1686.0520000000001;19.289;19.125;21.093;19.125;19.125;19.125;19.125;19.125;20.273;19.289;19.125;19.125;19.125;19.125;19.125;19.125;19.125;29.785;19.125;19.125;19.125;19.125;20.109;19.125;19.125;19.125;19.125;19.125;19.125
1101;372.14900000000006;19.453;19.781;20.273;19.125;19.125;19.125;19.125;19.125;19.125;19.125;19.125;19.125;19.125;19.125;19.125;19.125;19.125;19.125;19.125;19.125;19.125;19.125;19.125;19.125;19.125;19.125;19.125;19.125;19.125
1102;25.5;25.5;25.5;25.5;25.5;25.5;25.5;25.5;25.5;25.5;25.5;25.5;25.5;25.5;25.5;25.5;25.5;25.5;25.5;25.5;25.5;25.5;25.5;25.5;25.5;25.5;25.5;25.5;25.5;25.5
1103;66.532;25.5;25.5;25.5;25.5;25.5;25.5;25.5;25.5;25.5;25.5;25.5;25.5;25.5;25.5;25.5;25.5;25.5;25.5;25.5;25.5;25.5;25.5;25.5;25.5;25.5;25.5;25.5;25.5;25.5
1104;432.731;25.5;25.664;26.484;25.5;25.5;25.5;25.5;25.5;25.5;25.5;25.5;25.5;25.5;25.5;25.5;25.5;25.5;27.468;25.5;25.5;25.5;25.5;25.5;25.5;25.5;25.5;25.5;25.5;25.5
1105;671.825;26.156;25.828;25.5;25.5;25.5;25.5;25.5;25.5;25.5;25.5;25.664;26.484;25.5;25.5;25.5;25.5;25.5;27.96;25.5;25.5;25.664;25.5;25.5;25.5;25.5;25.5;25.5;25.828;25.828
1106;91.219;25.5;25.5;25.5;25.5;25.5;25.5;25.5;25.5;25.5;25.5;25.5;25.5;25.5;25.5;25.5;25.5;25.5;25.5;25.5;25.5;25.5;25.5;25.5;25.5;25.5;25.5;25.5;25.5;25.5
1107;64.915;25.5;25.5;25.5;25.5;25.5;25.5;25.5;25.5;25.5;25.5;25.5;25.5;25.5;25.5;25.5;25.5;25.5;25.5;25.5;25.5;25.5;25.5;25.5;25.5;25.5;25.5;25.5;25.5;25.5
1108;631.8489999999999;25.5;25.664;25.5;25.5;25.5;25.5;25.5;25.5;25.5;25.5;25.5;25.5;25.5;25.5;25.5;25.5;25.5;25.5;25.5;25.5;25.5;25.5;25.5;25.5;25.5;25.5;25.5;25.5;25.5
1109;27.81;25.5;25.5;25.5;25.5;25.5;25.5;25.5;25.5;25.5;25.5;25.5;25.5;25.5;25.5;25.5;25.5;25.5;25.5;25.5;25.5;25.5;25.5;25.5;25.5;25.5;25.5;25.5;25.5;25.5
1110;25.992;25.5;25.5;25.5;25.5;25.5;25.5;25.5;25.5;25.5;25.5;25.5;25.5;25.5;25.5;25.5;25.5;25.5;25.5;25.5;25.5;25.5;25.5;25.5;25.5;25.5;25.5;25.5;25.5;25.5
1111;1375.862;25.5;25.5;25.992;25.5;25.5;25.5;25.5;25.5;25.5;25.664;25.5;25.5;25.5;25.5;25.5;25.5;25.5;27.96;25.5;25.5;25.5;25.5;25.5;25.5;25.5;25.5;25.5;25.5;25.5
1112;49.925000000000004;25.664;25.5;25.828;25.5;25.5;25.5;25.5;25.5;25.5;25.5;25.5;25.5;25.5;25.5;25.5;25.5;25.5;25.5;25.5;25.5;25.5;25.5;25.5;25.5;25.5;25.5;25.5;25.5;25.5
1113;1968.074;25.5;25.5;25.992;25.5;25.5;25.5;25.5;25.5;25.5;25.5;25.5;25.992;25.664;25.5;25.5;25.5;25.5;26.976;25.5;25.5;25.5;25.5;25.5;25.5;25.5;25.5;25.5;25.5;25.5
1114;508.494;25.5;25.5;25.5;25.5;25.5;25.5;25.5;25.5;25.5;25.5;25.5;25.5;25.5;25.5;25.5;25.5;25.5;25.5;25.5;25.5;25.5;25.5;25.5;25.5;25.5;25.5;25.5;25.5;25.5
1115;191.04100000000003;25.5;25.5;25.5;25.5;25.5;25.5;25.5;25.5;25.5;25.5;25.5;25.5;25.5;25.5;25.5;25.5;25.5;25.5;25.5;25.5;25.5;25.5;25.5;25.5;25.5;25.5;25.5;25.5;25.5
1116;478.817;26.32;26.156;25.5;25.5;25.5;25.5;25.5;25.5;25.5;25.5;25.5;25.5;25.5;25.5;25.5;25.5;25.5;27.304;25.5;25.5;25.5;25.5;25.5;25.5;25.5;25.5;25.5;25.5;25.5
1117;416.84900000000005;25.5;25.664;25.5;25.5;25.5;25.5;25.5;25.5;25.5;25.5;25.664;25.5;25.5;25.5;25.5;25.5;25.5;27.304;25.5;25.5;25.5;25.5;25.5;25.5;25.5;25.5;25.5;25.5;25.5
1118;2750.0980000000004;25.992;26.156;25.664;25.5;25.5;25.5;25.5;25.5;25.992;25.5;25.664;25.5;25.828;25.5;25.5;25.5;25.5;27.796;25.5;25.5;25.5;25.5;25.5;25.5;25.5;25.5;25.5;25.5;25.5
1119;25.664;25.5;25.664;25.5;25.5;25.5;25.5;25.5;25.5;25.5;25.5;25.5;25.5;25.5;25.5;25.5;25.5;25.5;25.5;25.5;25.5;25.5;25.5;25.5;25.5;25.5;25.5;25.5;25.5;25.5
1120;2926.151;19.617;19.289;19.617;19.125;19.125;19.125;19.125;19.125;20.601;19.617;20.601;19.453;20.273;19.617;20.273;19.125;19.125;22.241;19.125;19.125;19.781;21.257;19.453;19.125;19.125;19.453;19.125;20.929;20.437
1121;506.472;25.5;25.5;25.5;25.5;25.5;25.5;25.5;25.5;25.5;25.5;25.5;25.5;25.5;25.5;25.5;25.5;25.5;29.436;25.5;25.5;25.5;25.5;25.5;25.5;25.5;25.5;25.5;25.5;25.828
1122;233.69;25.5;25.5;25.664;25.5;25.5;25.5;25.5;25.5;26.156;25.5;25.5;25.828;25.5;25.5;25.5;25.5;25.5;26.484;25.5;25.5;25.5;25.5;25.5;25.5;25.5;25.5;25.5;25.5;25.5
1123;258.94800000000004;26.32;25.664;25.5;25.5;25.5;25.5;25.5;25.5;25.5;25.5;25.5;25.5;25.5;25.5;25.5;25.5;25.5;25.5;25.5;25.5;25.5;25.5;25.5;25.5;25.5;25.5;25.5;25.5;25.5
1124;25.5;25.5;25.5;25.5;25.5;25.5;25.5;25.5;25.5;25.5;25.5;25.5;25.5;25.5;25.5;25.5;25.5;25.5;25.5;25.5;25.5;25.5;25.5;25.5;25.5;25.5;25.5;25.5;25.5;25.5
1125;25.828;25.664;25.5;25.5;25.5;25.5;25.5;25.5;25.5;25.5;25.5;25.5;25.5;25.5;25.5;25.5;25.5;25.5;25.5;25.5;25.5;25.5;25.5;25.5;25.5;25.5;25.5;25.5;25.5;25.5
1126;437.568;25.992;25.828;25.5;25.5;25.5;25.5;25.5;25.5;25.5;25.828;25.5;25.5;25.5;25.5;25.5;25.5;25.5;26.156;25.5;25.5;25.5;25.5;25.5;25.5;25.5;25.5;25.5;25.5;25.5
1127;136.619;25.664;25.664;25.5;25.5;25.5;25.5;25.5;25.5;25.5;25.5;25.5;25.5;25.5;25.5;25.5;25.5;25.5;25.664;25.5;25.5;25.5;25.5;25.5;25.5;25.5;25.5;25.5;25.5;25.5
1128;19.125;19.125;19.125;19.125;19.125;19.125;19.125;19.125;19.125;19.125;19.125;19.125;19.125;19.125;19.125;19.125;19.125;19.125;19.125;19.125;19.125;19.125;19.125;19.125;19.125;19.125;19.125;19.125;19.125;19.125
1129;454.795;25.664;25.664;26.156;25.5;25.5;25.5;25.5;25.5;25.664;25.5;25.828;25.828;25.828;25.5;25.5;25.5;25.5;27.304;25.5;25.5;25.5;25.5;25.5;25.5;25.5;25.5;25.5;25.5;25.5
1130;193.33300000000003;27.304;25.664;25.5;25.5;25.5;25.5;25.5;25.5;25.5;25.5;25.5;25.5;25.5;25.5;25.5;25.5;25.5;27.96;25.5;25.5;25.5;25.664;25.5;25.5;25.5;25.5;25.5;25.5;25.5
1131;492.757;25.5;25.5;25.5;25.5;25.5;25.5;25.5;25.5;25.5;25.5;25.5;25.5;25.5;25.5;25.5;25.5;25.5;25.5;25.5;25.5;25.5;25.5;25.5;25.5;25.5;25.5;25.5;25.5;25.5
1132;255.68;25.992;25.664;25.5;25.5;25.5;25.5;25.5;25.5;25.5;25.5;25.5;25.5;25.5;25.5;25.5;25.5;25.5;25.5;25.5;25.5;25.5;25.5;25.5;25.5;25.5;25.5;25.5;25.5;25.5
1133;801.184;25.992;25.5;25.828;25.5;25.5;25.5;25.5;25.5;25.5;25.5;25.5;25.5;25.5;25.5;25.5;25.5;25.5;31.732;25.5;25.5;25.5;25.5;25.5;25.5;25.5;25.5;25.5;25.5;25.5
1134;592.981;25.828;25.5;25.992;25.5;25.5;25.5;25.5;25.5;25.5;25.5;25.5;25.5;25.5;25.5;25.5;25.5;25.5;25.828;25.5;25.5;25.5;25.5;25.5;25.5;25.5;25.5;25.5;25.5;25.5
1135;292.098;25.5;25.5;26.32;25.5;25.5;25.5;25.5;25.5;25.5;25.5;25.664;25.5;25.5;25.5;25.5;25.5;25.5;26.156;25.5;25.5;25.5;25.5;25.5;25.5;25.5;25.5;25.5;25.5;25.5
1136;1848.8919999999998;25.5;25.5;25.5;25.5;25.5;25.5;25.5;25.5;25.5;25.5;25.5;25.5;25.5;25.5;25.5;25.5;25.5;30.584;25.5;25.5;25.5;25.5;25.5;25.5;25.5;25.5;25.5;25.5;25.828
1137;1491.386;25.664;25.664;25.664;25.5;25.5;25.5;25.5;25.5;25.5;25.5;25.828;25.992;25.5;25.5;25.5;25.5;25.5;31.240000000000002;25.5;25.664;25.5;25.5;25.5;25.5;25.5;25.5;25.5;25.5;25.5
1138;1916.837;26.32;26.648;25.5;25.5;25.5;25.5;25.5;25.5;25.664;25.5;25.664;25.828;25.828;25.5;25.664;25.5;25.5;32.88;25.5;25.5;25.5;25.5;25.5;25.5;25.5;25.5;25.5;25.5;25.828
1139;310.764;25.5;25.5;25.5;25.5;25.5;25.5;25.5;25.5;25.5;25.5;25.5;25.5;25.5;25.5;25.5;25.5;25.5;27.468;25.5;25.5;25.5;25.5;25.5;25.5;25.5;25.5;25.5;25.5;25.5
1140;919.9680000000001;25.5;25.5;25.5;25.5;25.5;25.5;25.5;25.5;25.5;25.5;25.664;25.5;26.32;25.5;25.5;25.5;25.5;45.672;25.5;25.5;25.664;25.828;25.5;25.5;25.5;25.5;25.5;25.5;25.5
1141;1228.871;25.828;25.5;25.828;25.5;25.5;25.5;25.5;25.5;25.5;25.5;25.5;25.5;25.5;25.5;25.5;25.5;25.5;31.240000000000002;25.5;25.5;25.5;25.5;25.5;25.5;25.5;25.5;25.5;25.5;25.5
1142;812.6840000000001;25.5;25.5;25.828;25.5;25.5;25.5;25.5;25.5;25.5;25.5;25.5;25.664;25.5;25.5;25.5;25.5;25.5;26.812;25.5;25.5;25.5;25.5;25.5;25.5;25.5;25.5;25.5;25.5;25.5
1143;25.5;25.5;25.5;25.5;25.5;25.5;25.5;25.5;25.5;25.5;25.5;25.5;25.5;25.5;25.5;25.5;25.5;25.5;25.5;25.5;25.5;25.5;25.5;25.5;25.5;25.5;25.5;25.5;25.5;25.5
1144;25.5;25.5;25.5;25.5;25.5;25.5;25.5;25.5;25.5;25.5;25.5;25.5;25.5;25.5;25.5;25.5;25.5;25.5;25.5;25.5;25.5;25.5;25.5;25.5;25.5;25.5;25.5;25.5;25.5;25.5
1145;332.644;25.5;25.5;25.5;25.5;25.5;25.5;25.5;25.5;25.5;25.5;25.5;25.5;25.5;25.5;25.5;25.5;25.5;27.468;25.5;25.5;25.5;25.5;25.5;25.5;25.5;25.5;25.5;25.5;25.5
1146;189.55300000000003;25.992;25.5;25.5;25.5;25.5;25.5;25.5;25.5;25.5;25.5;25.5;25.5;25.5;25.5;25.5;25.5;25.5;25.5;25.5;25.5;25.5;25.5;25.5;25.5;25.5;25.5;25.5;25.5;25.5
1147;104.62100000000001;25.5;25.5;25.5;25.5;25.5;25.5;25.5;25.5;25.5;25.5;25.5;25.5;25.5;25.5;25.5;25.5;25.5;25.5;25.5;25.5;25.5;25.5;25.5;25.5;25.5;25.5;25.5;25.5;25.5
1148;551.48;25.5;25.5;25.992;25.5;25.5;25.5;25.5;25.5;25.5;25.5;25.5;25.5;25.5;25.5;25.5;25.5;25.5;28.124;25.5;25.5;25.5;25.5;25.5;25.5;25.5;25.5;25.5;25.5;25.5
1149;936.2090000000001;25.5;25.664;25.664;25.5;25.5;25.5;25.5;25.5;25.5;25.5;25.664;25.5;25.664;25.5;25.5;25.5;25.5;26.976;25.5;25.5;25.5;25.5;25.5;25.5;25.5;25.5;25.5;25.5;25.5
1150;25.5;25.5;25.5;25.5;25.5;25.5;25.5;25.5;25.5;25.5;25.5;25.5;25.5;25.5;25.5;25.5;25.5;25.5;25.5;25.5;25.5;25.5;25.5;25.5;25.5;25.5;25.5;25.5;25.5;25.5
1151;179.599;25.992;25.828;25.5;25.5;25.5;25.5;25.5;25.5;25.5;25.5;25.5;25.5;25.5;25.5;25.5;25.5;25.5;25.992;25.5;25.5;25.5;25.5;25.5;25.5;25.5;25.5;25.5;25.5;25.5
1152;1746.0900000000001;25.664;25.828;26.32;25.5;25.5;25.5;25.5;25.5;25.992;25.664;25.664;25.828;25.992;26.648;25.992;25.664;25.5;33.536;25.5;25.5;25.828;26.812;25.5;25.5;25.5;25.992;26.156;25.664;26.32
1153;1735.7160000000001;25.992;25.992;25.664;25.5;25.5;25.5;25.5;25.5;25.5;25.5;25.5;26.156;25.992;25.5;25.5;25.5;25.5;28.451999999999998;25.5;25.5;25.664;26.156;25.5;25.5;25.5;25.5;25.5;25.5;25.828
1154;25.5;25.5;25.5;25.5;25.5;25.5;25.5;25.5;25.5;25.5;25.5;25.5;25.5;25.5;25.5;25.5;25.5;25.5;25.5;25.5;25.5;25.5;25.5;25.5;25.5;25.5;25.5;25.5;25.5;25.5
1155;65.50200000000001;26.648;25.5;25.5;25.5;25.5;25.5;25.5;25.5;25.5;25.5;25.5;25.5;25.5;25.5;25.5;25.5;25.5;25.5;25.5;25.5;25.5;25.5;25.5;25.5;25.5;25.5;25.5;25.5;25.5
1156;474.82800000000003;25.664;25.664;25.5;25.5;25.5;25.5;25.5;25.5;25.5;25.828;25.5;25.5;25.5;25.5;25.5;25.5;25.5;26.484;25.5;25.5;25.664;25.5;25.5;25.5;25.5;25.5;25.5;25.5;25.5
1157;1433.473;25.5;25.664;25.664;25.5;25.5;25.5;25.5;25.5;25.5;25.828;25.664;25.828;25.5;25.5;25.5;25.5;25.5;26.976;25.5;25.5;25.5;25.5;25.5;25.5;25.5;25.5;25.5;25.664;25.5
1158;25.5;25.5;25.5;25.5;25.5;25.5;25.5;25.5;25.5;25.5;25.5;25.5;25.5;25.5;25.5;25.5;25.5;25.5;25.5;25.5;25.5;25.5;25.5;25.5;25.5;25.5;25.5;25.5;25.5;25.5
1159;119.45599999999999;25.5;25.664;25.5;25.5;25.5;25.5;25.5;25.5;25.5;25.5;25.5;25.5;25.5;25.5;25.5;25.5;25.5;25.664;25.5;25.5;25.5;25.5;25.5;25.5;25.5;25.5;25.5;25.5;25.5
1160;189.47899999999998;25.5;25.664;25.5;25.5;25.5;25.5;25.5;25.5;25.5;25.5;25.5;25.5;25.5;25.5;25.5;25.5;25.5;25.5;25.5;25.5;25.5;25.5;25.5;25.5;25.5;25.5;25.5;25.5;25.5
1161;25.5;25.5;25.5;25.5;25.5;25.5;25.5;25.5;25.5;25.5;25.5;25.5;25.5;25.5;25.5;25.5;25.5;25.5;25.5;25.5;25.5;25.5;25.5;25.5;25.5;25.5;25.5;25.5;25.5;25.5
1162;711.093;25.5;25.5;26.32;25.5;25.5;25.5;25.5;25.5;25.5;25.5;25.664;25.664;25.828;25.5;25.664;25.5;25.5;26.812;25.5;25.5;25.664;25.992;25.5;25.5;25.5;25.5;25.5;25.5;25.664
1163;1426.2250000000001;25.5;25.664;25.5;25.5;25.5;25.5;25.5;25.5;25.5;25.5;25.5;25.5;25.5;25.5;25.5;25.5;25.5;27.796;25.5;25.5;25.5;25.5;25.5;25.5;25.5;25.5;25.5;25.5;25.5
1164;25.5;25.5;25.5;25.5;25.5;25.5;25.5;25.5;25.5;25.5;25.5;25.5;25.5;25.5;25.5;25.5;25.5;25.5;25.5;25.5;25.5;25.5;25.5;25.5;25.5;25.5;25.5;25.5;25.5;25.5
1165;566.245;25.5;25.828;25.5;25.5;25.5;25.5;25.5;25.5;25.5;25.5;25.5;25.5;25.5;25.5;25.5;25.5;25.5;27.468;25.5;25.5;25.5;25.5;25.5;25.5;25.5;25.5;25.5;25.5;25.5
1166;1216.3410000000001;25.664;25.5;25.5;25.5;25.5;25.5;25.5;25.5;25.5;25.828;25.5;25.664;25.5;25.5;25.5;25.5;25.5;31.732;25.5;25.5;25.828;25.828;25.5;25.5;25.5;25.5;25.5;25.5;25.5
1167;25.5;25.5;25.5;25.5;25.5;25.5;25.5;25.5;25.5;25.5;25.5;25.5;25.5;25.5;25.5;25.5;25.5;25.5;25.5;25.5;25.5;25.5;25.5;25.5;25.5;25.5;25.5;25.5;25.5;25.5
1168;303.33500000000004;25.5;25.664;25.992;25.5;25.5;25.5;25.5;25.5;25.5;25.5;25.5;25.5;25.5;25.5;25.5;25.5;25.5;26.32;25.5;25.5;25.5;25.5;25.5;25.5;25.5;25.5;25.5;25.5;25.5
1169;25.5;25.5;25.5;25.5;25.5;25.5;25.5;25.5;25.5;25.5;25.5;25.5;25.5;25.5;25.5;25.5;25.5;25.5;25.5;25.5;25.5;25.5;25.5;25.5;25.5;25.5;25.5;25.5;25.5;25.5
1170;26.484;25.828;25.5;25.5;25.5;25.5;25.5;25.5;25.5;25.5;25.5;25.5;25.5;25.5;25.5;25.5;25.5;25.5;25.5;25.5;25.5;25.5;25.5;25.5;25.5;25.5;25.5;25.5;25.5;25.5
1171;1218.625;25.5;25.664;25.828;25.5;25.5;25.5;25.5;25.5;25.5;25.5;25.664;25.5;25.5;25.5;25.664;25.5;25.5;25.992;25.5;25.5;25.5;25.5;25.5;25.5;25.5;25.5;25.5;25.664;25.5
1172;25.5;25.5;25.5;25.5;25.5;25.5;25.5;25.5;25.5;25.5;25.5;25.5;25.5;25.5;25.5;25.5;25.5;25.5;25.5;25.5;25.5;25.5;25.5;25.5;25.5;25.5;25.5;25.5;25.5;25.5
1173;294.928;19.289;19.289;19.453;19.125;19.125;19.125;19.125;19.125;19.125;19.125;19.125;19.125;19.125;19.125;19.125;19.125;19.125;19.289;19.125;19.125;19.125;19.125;19.125;19.125;19.125;19.125;19.125;19.125;19.125
1174;25.5;25.5;25.5;25.5;25.5;25.5;25.5;25.5;25.5;25.5;25.5;25.5;25.5;25.5;25.5;25.5;25.5;25.5;25.5;25.5;25.5;25.5;25.5;25.5;25.5;25.5;25.5;25.5;25.5;25.5
1175;1396.555;25.664;25.664;25.5;25.5;25.5;25.5;25.5;25.5;25.5;25.5;25.664;25.664;25.5;25.5;25.5;25.5;25.5;29.928;25.5;25.5;26.156;25.5;25.5;25.5;25.5;25.5;25.5;25.5;25.5
1176;25.5;25.5;25.5;25.5;25.5;25.5;25.5;25.5;25.5;25.5;25.5;25.5;25.5;25.5;25.5;25.5;25.5;25.5;25.5;25.5;25.5;25.5;25.5;25.5;25.5;25.5;25.5;25.5;25.5;25.5
1177;278.06100000000004;25.5;25.5;25.992;25.5;25.5;25.5;25.5;25.5;25.5;25.5;25.5;25.5;25.5;25.5;25.5;25.5;25.5;25.5;25.5;25.5;25.5;25.5;25.5;25.5;25.5;25.5;25.5;25.5;25.5
1178;1601.703;25.5;25.5;25.5;25.5;25.5;25.5;25.5;25.5;25.5;25.5;25.5;25.5;25.5;25.5;25.5;25.5;25.5;26.32;25.5;25.5;25.5;25.5;25.5;25.5;25.5;25.5;25.5;25.5;25.5
1179;1085.0570000000002;26.648;25.828;25.5;25.5;25.5;25.5;25.5;25.5;25.828;25.992;25.992;25.828;25.992;26.156;25.992;25.664;25.5;31.404;25.5;25.5;25.664;28.124;25.5;25.5;25.5;25.664;25.664;27.304;26.484
1180;25.5;25.5;25.5;25.5;25.5;25.5;25.5;25.5;25.5;25.5;25.5;25.5;25.5;25.5;25.5;25.5;25.5;25.5;25.5;25.5;25.5;25.5;25.5;25.5;25.5;25.5;25.5;25.5;25.5;25.5
1181;25.992;25.664;25.5;25.5;25.5;25.5;25.5;25.5;25.5;25.5;25.5;25.5;25.5;25.5;25.5;25.5;25.5;25.5;25.5;25.5;25.5;25.5;25.5;25.5;25.5;25.5;25.5;25.5;25.5;25.5
1182;25.5;25.5;25.5;25.5;25.5;25.5;25.5;25.5;25.5;25.5;25.5;25.5;25.5;25.5;25.5;25.5;25.5;25.5;25.5;25.5;25.5;25.5;25.5;25.5;25.5;25.5;25.5;25.5;25.5;25.5
1183;75.928;25.5;25.5;25.5;25.5;25.5;25.5;25.5;25.5;25.5;25.5;25.5;25.5;25.5;25.5;25.5;25.5;25.5;25.5;25.5;25.5;25.5;25.5;25.5;25.5;25.5;25.5;25.5;25.5;25.5
1184;83.743;25.5;25.5;25.5;25.5;25.5;25.5;25.5;25.5;25.5;25.5;25.5;25.5;25.5;25.5;25.5;25.5;25.5;25.5;25.5;25.5;25.5;25.5;25.5;25.5;25.5;25.5;25.5;25.5;25.5
1185;302.793;25.664;25.5;25.5;25.5;25.5;25.5;25.5;25.5;25.5;25.5;25.5;26.156;25.5;25.5;25.5;25.5;25.5;26.976;25.5;25.5;25.5;25.5;25.5;25.5;25.5;25.5;25.5;25.5;25.664
1186;697.0079999999999;26.976;26.484;26.812;25.5;25.5;25.5;25.5;25.5;25.5;25.5;25.5;25.5;25.5;25.5;25.5;25.5;25.5;25.5;25.5;25.5;25.5;25.5;25.5;25.5;25.5;25.5;25.5;25.5;25.5
1187;19.125;19.125;19.125;19.125;19.125;19.125;19.125;19.125;19.125;19.125;19.125;19.125;19.125;19.125;19.125;19.125;19.125;19.125;19.125;19.125;19.125;19.125;19.125;19.125;19.125;19.125;19.125;19.125;19.125;19.125
1188;233.64600000000002;25.5;25.664;25.5;25.5;25.5;25.5;25.5;25.5;25.5;25.5;25.5;25.5;25.5;25.5;25.5;25.5;25.5;27.14;25.5;25.5;25.5;25.5;25.5;25.5;25.5;25.5;25.5;25.5;25.5
1189;81.69;25.5;25.5;25.5;25.5;25.5;25.5;25.5;25.5;25.5;25.5;25.5;25.5;25.5;25.5;25.5;25.5;25.5;25.5;25.5;25.5;25.5;25.5;25.5;25.5;25.5;25.5;25.5;25.5;25.5
1190;1023.818;19.125;19.945;19.945;19.125;19.125;19.125;19.125;19.125;19.617;19.125;19.289;20.601;19.945;19.125;19.617;19.125;19.125;33.393;19.125;19.125;19.125;21.093;19.289;19.617;19.125;19.453;19.125;19.781;19.453
1191;67.65100000000001;25.5;25.5;25.5;25.5;25.5;25.5;25.5;25.5;25.5;25.5;25.5;25.5;25.5;25.5;25.5;25.5;25.5;25.5;25.5;25.5;25.5;25.5;25.5;25.5;25.5;25.5;25.5;25.5;25.5
1192;44.99;19.125;19.125;19.125;19.125;19.125;19.125;19.125;19.125;19.125;19.125;19.125;19.125;19.125;19.125;19.125;19.125;19.125;19.289;19.125;19.125;19.125;19.125;19.125;19.125;19.125;19.125;19.125;19.125;19.125
1193;83.474;25.5;25.664;25.5;25.5;25.5;25.5;25.5;25.5;25.5;25.5;25.5;25.5;25.5;25.5;25.5;25.5;25.5;25.664;25.5;25.5;25.5;25.5;25.5;25.5;25.5;25.5;25.5;25.5;25.5
1194;80.054;25.5;25.5;25.5;25.5;25.5;25.5;25.5;25.5;25.5;25.5;25.5;25.5;25.5;25.5;25.5;25.5;25.5;25.5;25.5;25.5;25.5;25.5;25.5;25.5;25.5;25.5;25.5;25.5;25.5
1195;1213.592;21.421;19.617;19.945;19.125;19.125;19.125;19.125;19.125;19.289;19.125;19.289;19.453;19.453;19.617;19.617;19.125;19.125;21.913;19.125;19.125;19.617;19.289;19.125;19.289;19.125;19.125;19.125;19.289;19.289
1196;738.976;25.828;25.828;26.156;25.5;25.5;25.5;25.5;25.5;25.5;25.5;25.664;25.828;25.5;25.5;25.5;25.5;25.5;28.124;25.5;25.5;25.5;25.5;25.5;25.828;25.5;25.5;25.5;25.992;25.828
1197;361.35200000000003;25.664;25.5;25.664;25.5;25.5;25.5;25.5;25.5;25.5;25.5;25.5;25.5;25.5;25.5;25.5;25.5;25.5;28.288;25.5;25.5;25.5;25.5;25.5;25.5;25.5;25.5;25.5;25.5;25.5
1198;246.63400000000001;25.664;25.5;25.664;25.5;25.5;25.5;25.5;25.5;25.5;25.5;25.5;25.5;25.5;25.5;25.5;25.5;25.5;27.468;25.5;25.5;25.5;25.5;25.5;25.5;25.5;25.5;25.5;25.5;25.5
1199;597.2860000000001;19.289;19.125;19.453;19.125;19.125;19.125;19.125;19.125;19.125;19.289;19.125;19.125;19.125;19.125;19.125;19.125;19.125;19.617;19.125;19.125;19.125;19.125;19.125;19.125;19.125;19.125;19.125;19.125;19.125
1200;25.5;25.5;25.5;25.5;25.5;25.5;25.5;25.5;25.5;25.5;25.5;25.5;25.5;25.5;25.5;25.5;25.5;25.5;25.5;25.5;25.5;25.5;25.5;25.5;25.5;25.5;25.5;25.5;25.5;25.5
1201;1296.4950000000001;26.484;25.5;26.156;25.5;25.5;25.5;25.5;25.5;25.5;25.5;25.828;25.828;25.5;25.5;26.32;25.5;25.5;28.616;25.5;25.5;25.5;25.664;25.5;25.5;25.5;25.5;25.5;25.5;25.5
1202;25.5;25.5;25.5;25.5;25.5;25.5;25.5;25.5;25.5;25.5;25.5;25.5;25.5;25.5;25.5;25.5;25.5;25.5;25.5;25.5;25.5;25.5;25.5;25.5;25.5;25.5;25.5;25.5;25.5;25.5
1203;462.858;25.5;25.5;25.5;25.5;25.5;25.5;25.5;25.5;25.5;25.5;25.5;25.5;25.5;25.5;25.5;25.5;25.5;25.5;25.5;25.5;25.5;25.5;25.5;25.5;25.5;25.5;25.5;25.5;25.5
1204;826.431;26.32;25.664;25.992;25.5;25.5;25.5;25.5;25.5;25.664;25.5;25.664;25.992;25.5;25.5;25.5;25.5;25.5;26.484;25.5;25.5;25.664;25.664;25.5;25.5;25.5;25.5;25.5;25.5;25.828
1205;297.01300000000003;25.664;25.664;25.5;25.5;25.5;25.5;25.5;25.5;25.5;25.992;25.5;25.664;25.5;25.5;25.5;25.5;25.5;28.944;25.5;25.5;25.5;25.5;25.5;25.5;25.5;25.5;25.5;25.5;25.664
1206;381.0110000000001;25.5;25.5;25.5;25.5;25.5;25.5;25.5;25.5;25.5;25.5;25.5;25.664;25.5;25.5;25.5;25.5;25.5;25.664;25.5;25.5;25.5;25.5;25.5;25.5;25.5;25.5;25.5;25.5;25.5
1207;333.933;25.664;25.5;25.992;25.5;25.5;25.5;25.5;25.5;25.5;25.5;25.5;25.664;25.5;25.5;25.5;25.5;25.5;26.648;25.5;25.5;25.5;25.5;25.5;25.5;25.5;25.5;25.5;25.5;25.5
1208;268.277;25.664;25.5;25.5;25.5;25.5;25.5;25.5;25.5;25.664;25.5;25.5;25.5;25.5;25.664;25.5;25.5;25.5;27.468;25.5;25.5;25.5;25.5;25.5;25.5;25.5;25.5;25.5;25.664;25.664
1209;236.003;25.5;25.664;25.5;25.5;25.5;25.5;25.5;25.5;25.5;25.828;25.5;25.5;25.5;25.5;25.5;25.5;25.5;25.664;25.5;25.5;25.5;25.5;25.5;25.5;25.5;25.5;25.5;25.5;25.5
1210;81.52600000000001;25.5;25.5;25.5;25.5;25.5;25.5;25.5;25.5;25.5;25.5;25.5;25.5;25.5;25.5;25.5;25.5;25.5;25.5;25.5;25.5;25.5;25.5;25.5;25.5;25.5;25.5;25.5;25.5;25.5
1211;2227.035;25.992;25.828;25.992;25.5;25.5;25.5;25.5;25.5;25.664;25.5;25.664;25.828;25.5;25.5;25.828;25.5;25.5;28.78;25.5;25.5;25.5;26.32;25.5;25.5;25.5;25.5;25.5;25.828;25.5
1212;142.546;25.5;25.5;25.5;25.5;25.5;25.5;25.5;25.5;25.5;25.5;25.5;25.5;25.5;25.5;25.5;25.5;25.5;25.5;25.5;25.5;25.5;25.5;25.5;25.5;25.5;25.5;25.5;25.5;25.5
1213;37.602000000000004;25.5;25.5;25.5;25.5;25.5;25.5;25.5;25.5;25.5;25.5;25.5;25.5;25.5;25.5;25.5;25.5;25.5;25.5;25.5;25.5;25.5;25.5;25.5;25.5;25.5;25.5;25.5;25.5;25.5
1214;167.92;25.5;25.5;25.5;25.5;25.5;25.5;25.5;25.5;25.5;25.5;25.5;25.5;25.5;25.5;25.5;25.5;25.5;26.976;25.5;25.5;25.5;25.5;25.5;25.5;25.5;25.5;25.5;25.5;25.5
1215;459.919;25.664;26.32;25.664;25.5;25.5;25.5;25.5;25.5;25.828;25.992;25.664;25.828;25.5;25.5;25.5;25.5;25.5;28.616;25.5;25.5;25.664;25.5;25.5;25.5;25.5;25.5;25.5;25.5;25.664
1216;627.271;19.125;19.125;19.125;19.125;19.125;19.125;19.125;19.125;19.289;19.125;19.453;19.125;19.125;19.125;19.125;19.125;19.125;20.273;19.125;19.125;19.125;19.125;19.125;19.125;19.125;19.125;19.125;19.125;19.125
1217;1310.6170000000002;25.664;25.992;26.32;25.5;25.5;25.5;25.5;25.5;25.664;25.5;25.664;25.992;25.828;25.5;25.5;25.5;25.5;30.42;25.5;25.5;25.5;25.5;25.5;25.5;25.5;25.5;25.5;25.5;25.5
1218;815.7360000000001;19.125;19.453;19.945;19.125;19.125;19.125;19.125;19.125;19.453;19.125;19.125;19.453;19.125;19.125;19.125;19.125;19.125;19.125;19.125;19.125;19.125;19.125;19.125;19.125;19.125;19.125;19.125;19.125;19.125
1219;25.5;25.5;25.5;25.5;25.5;25.5;25.5;25.5;25.5;25.5;25.5;25.5;25.5;25.5;25.5;25.5;25.5;25.5;25.5;25.5;25.5;25.5;25.5;25.5;25.5;25.5;25.5;25.5;25.5;25.5
1220;87.63;25.5;25.5;25.5;25.5;25.5;25.5;25.5;25.5;25.5;25.5;25.5;25.5;25.5;25.5;25.5;25.5;25.5;25.5;25.5;25.5;25.5;25.5;25.5;25.5;25.5;25.5;25.5;25.5;25.5
1221;255.949;25.5;25.664;25.5;25.5;25.5;25.5;25.5;25.5;25.5;25.5;25.5;25.5;25.5;25.5;25.5;25.5;25.5;25.5;25.5;25.5;25.5;25.5;25.5;25.5;25.5;25.5;25.5;25.5;25.5
1222;110.148;25.664;25.5;25.5;25.5;25.5;25.5;25.5;25.5;25.5;25.5;25.5;25.5;25.5;25.5;25.5;25.5;25.5;25.5;25.5;25.5;25.5;25.5;25.5;25.5;25.5;25.5;25.5;25.5;25.5
1223;163.63;25.5;25.5;25.5;25.5;25.5;25.5;25.5;25.5;25.5;25.5;25.5;25.5;25.5;25.5;25.5;25.5;25.5;25.5;25.5;25.5;25.5;25.5;25.5;25.5;25.5;25.5;25.5;25.5;25.5
1224;760.4110000000001;25.664;25.664;25.664;25.5;25.5;25.5;25.5;25.5;25.5;25.5;25.5;25.664;25.664;25.5;25.5;25.5;25.5;26.812;25.5;25.5;25.664;25.5;25.5;25.5;25.5;25.5;25.5;25.5;25.828
1225;233.68200000000002;25.5;25.664;25.5;25.5;25.5;25.5;25.5;25.5;25.5;25.5;25.5;25.5;25.5;25.5;25.5;25.5;25.5;26.156;25.5;25.5;25.5;25.5;25.5;25.5;25.5;25.5;25.5;25.5;25.5
1226;25.5;25.5;25.5;25.5;25.5;25.5;25.5;25.5;25.5;25.5;25.5;25.5;25.5;25.5;25.5;25.5;25.5;25.5;25.5;25.5;25.5;25.5;25.5;25.5;25.5;25.5;25.5;25.5;25.5;25.5
1227;100.043;25.5;25.5;25.5;25.5;25.5;25.5;25.5;25.5;25.5;25.5;25.5;25.5;25.5;25.5;25.5;25.5;25.5;25.5;25.5;25.5;25.5;25.5;25.5;25.5;25.5;25.5;25.5;25.5;25.5
1228;25.828;25.5;25.5;25.5;25.5;25.5;25.5;25.5;25.5;25.5;25.5;25.5;25.5;25.5;25.5;25.5;25.5;25.5;25.5;25.5;25.5;25.5;25.5;25.5;25.5;25.5;25.5;25.5;25.5;25.5
1229;396.85;19.289;19.125;19.453;19.125;19.125;19.125;19.125;19.125;19.125;19.125;19.289;19.125;19.125;19.125;19.125;19.125;19.125;19.125;19.125;19.125;19.125;19.125;19.125;19.125;19.125;19.125;19.125;19.125;19.125
1230;25.5;25.5;25.5;25.5;25.5;25.5;25.5;25.5;25.5;25.5;25.5;25.5;25.5;25.5;25.5;25.5;25.5;25.5;25.5;25.5;25.5;25.5;25.5;25.5;25.5;25.5;25.5;25.5;25.5;25.5
1231;1042.107;27.468;26.648;27.304;25.5;25.5;25.5;25.5;25.5;25.992;26.32;25.992;26.32;25.992;26.156;25.828;25.5;25.5;34.192;25.5;25.5;25.664;25.5;25.5;25.5;25.5;25.664;25.5;25.5;25.992
1232;839.425;25.5;25.828;25.5;25.5;25.5;25.5;25.5;25.5;25.664;25.5;25.828;25.828;25.5;25.664;25.5;25.5;25.5;25.828;25.5;25.5;25.5;25.5;25.5;25.5;25.5;25.5;25.5;25.5;25.5
1233;364.701;25.5;25.828;25.5;25.5;25.5;25.5;25.5;25.5;25.5;25.5;25.5;25.5;25.5;25.5;25.5;25.5;25.5;26.156;25.5;25.5;25.5;25.5;25.5;25.5;25.5;25.5;25.5;25.5;25.5
1234;548.439;25.5;25.664;26.156;25.5;25.5;25.5;25.5;25.5;25.5;25.5;25.5;25.5;25.5;25.5;25.5;25.5;25.5;26.812;25.5;25.5;25.5;25.5;25.5;25.5;25.5;25.5;25.5;25.5;25.5
1235;58.357;25.5;25.5;25.5;25.5;25.5;25.5;25.5;25.5;25.5;25.5;25.5;25.5;25.5;25.5;25.5;25.5;25.5;25.5;25.5;25.5;25.5;25.5;25.5;25.5;25.5;25.5;25.5;25.5;25.5
1236;25.5;25.5;25.5;25.5;25.5;25.5;25.5;25.5;25.5;25.5;25.5;25.5;25.5;25.5;25.5;25.5;25.5;25.5;25.5;25.5;25.5;25.5;25.5;25.5;25.5;25.5;25.5;25.5;25.5;25.5
1237;252.837;27.14;25.828;25.992;25.5;25.5;25.5;25.5;25.5;25.664;25.5;25.5;25.992;25.5;25.5;25.5;25.5;25.5;25.5;25.5;25.5;25.5;25.5;25.5;25.5;25.5;25.5;25.5;25.5;25.5
1238;542.542;26.156;25.5;25.5;25.5;25.5;25.5;25.5;25.5;25.5;25.5;25.5;25.5;25.5;25.5;25.5;25.5;25.5;25.5;25.5;25.5;25.5;25.5;25.5;25.5;25.5;25.5;25.5;25.5;25.5
1239;632.913;25.828;25.828;28.288;25.5;25.5;25.5;25.5;25.5;25.664;25.5;25.5;26.32;25.828;25.5;25.5;25.5;25.5;27.468;25.5;25.5;25.664;26.648;25.5;25.5;25.5;25.5;25.5;25.664;25.664
1240;155.375;25.5;25.5;25.5;25.5;25.5;25.5;25.5;25.5;25.5;25.5;25.5;25.5;25.5;25.5;25.5;25.5;25.5;25.828;25.5;25.5;25.5;25.5;25.5;25.5;25.5;25.5;25.5;25.5;25.5
1241;191.917;25.5;25.5;25.664;25.5;25.5;25.5;25.5;25.5;25.5;25.5;25.5;25.5;25.5;25.5;25.5;25.5;25.5;25.5;25.5;25.5;25.5;25.5;25.5;25.5;25.5;25.5;25.5;25.5;25.5
1242;522.5540000000001;25.5;25.664;25.5;25.5;25.5;25.5;25.5;25.5;25.5;25.5;25.5;25.664;25.5;25.5;25.5;25.5;25.5;30.092;25.5;25.5;25.5;25.5;25.5;25.5;25.5;25.5;25.5;25.5;25.5
1243;1026.1390000000001;27.96;25.828;25.828;25.5;25.5;25.5;25.5;25.5;25.664;25.5;25.5;25.5;25.5;25.5;25.5;25.5;25.5;25.664;25.5;25.5;25.5;25.5;25.5;25.5;25.5;25.5;25.5;25.5;25.5
1244;25.5;25.5;25.5;25.5;25.5;25.5;25.5;25.5;25.5;25.5;25.5;25.5;25.5;25.5;25.5;25.5;25.5;25.5;25.5;25.5;25.5;25.5;25.5;25.5;25.5;25.5;25.5;25.5;25.5;25.5
1245;441.584;25.828;25.828;26.156;25.5;25.5;25.5;25.5;25.5;25.664;25.664;25.828;25.828;25.828;25.5;25.664;25.5;25.5;27.468;25.5;25.5;25.5;25.664;25.5;25.5;25.5;25.5;25.5;25.664;25.5
1246;19.125;19.125;19.125;19.125;19.125;19.125;19.125;19.125;19.125;19.125;19.125;19.125;19.125;19.125;19.125;19.125;19.125;19.125;19.125;19.125;19.125;19.125;19.125;19.125;19.125;19.125;19.125;19.125;19.125;19.125
1247;737.456;20.273;19.289;19.289;19.125;19.125;19.125;19.125;19.125;19.125;19.125;19.289;19.125;19.125;19.125;19.125;19.125;19.125;19.125;19.125;19.125;19.125;19.125;19.125;19.125;19.125;19.125;19.125;19.125;19.125
1248;25.5;25.5;25.5;25.5;25.5;25.5;25.5;25.5;25.5;25.5;25.5;25.5;25.5;25.5;25.5;25.5;25.5;25.5;25.5;25.5;25.5;25.5;25.5;25.5;25.5;25.5;25.5;25.5;25.5;25.5
1249;25.5;25.5;25.5;25.5;25.5;25.5;25.5;25.5;25.5;25.5;25.5;25.5;25.5;25.5;25.5;25.5;25.5;25.5;25.5;25.5;25.5;25.5;25.5;25.5;25.5;25.5;25.5;25.5;25.5;25.5
1250;406.74600000000004;25.5;25.5;25.5;25.5;25.5;25.5;25.5;25.5;25.5;25.5;25.5;25.5;25.5;25.5;25.5;25.5;25.5;26.156;25.5;25.5;25.5;25.5;25.5;25.5;25.5;25.5;25.5;25.5;25.5
1251;1300.987;25.828;25.664;25.828;25.5;25.5;25.5;25.5;25.5;25.5;25.5;25.5;25.5;25.5;25.5;25.5;25.5;25.5;28.451999999999998;25.5;25.5;25.5;25.5;25.5;25.5;25.5;25.5;25.5;25.5;25.5
1252;25.5;25.5;25.5;25.5;25.5;25.5;25.5;25.5;25.5;25.5;25.5;25.5;25.5;25.5;25.5;25.5;25.5;25.5;25.5;25.5;25.5;25.5;25.5;25.5;25.5;25.5;25.5;25.5;25.5;25.5
1253;25.5;25.5;25.5;25.5;25.5;25.5;25.5;25.5;25.5;25.5;25.5;25.5;25.5;25.5;25.5;25.5;25.5;25.5;25.5;25.5;25.5;25.5;25.5;25.5;25.5;25.5;25.5;25.5;25.5;25.5
1254;833.874;26.484;25.664;25.5;25.5;25.5;25.5;25.5;25.5;25.5;25.664;25.664;25.992;25.5;25.5;25.5;25.5;25.5;27.14;25.5;25.5;25.5;25.5;25.5;25.5;25.5;25.5;25.5;25.5;25.5
1255;453.16900000000004;25.5;25.5;25.5;25.5;25.5;25.5;25.5;25.5;25.5;25.5;25.5;25.5;25.5;25.664;25.5;25.5;25.5;25.664;25.5;25.5;25.5;25.5;25.5;25.5;25.5;25.5;25.5;25.664;25.5
1256;27.482;25.5;25.5;25.5;25.5;25.5;25.5;25.5;25.5;25.5;25.5;25.5;25.5;25.5;25.5;25.5;25.5;25.5;25.5;25.5;25.5;25.5;25.5;25.5;25.5;25.5;25.5;25.5;25.5;25.5
1257;856.327;25.828;25.5;26.484;25.5;25.5;25.5;25.5;25.5;25.5;25.5;25.5;25.664;25.5;25.5;25.5;25.5;25.5;31.404;25.5;25.5;25.5;25.5;25.5;25.5;25.5;25.5;25.5;25.5;25.5
1258;1314.5140000000001;25.664;25.828;25.5;25.5;25.5;25.5;25.5;25.5;25.5;25.5;25.664;25.992;25.992;25.5;25.5;25.5;25.5;40.588;25.5;25.5;25.5;25.5;25.5;25.5;25.5;25.5;25.5;25.5;25.5
1259;139.27100000000002;25.664;25.5;25.5;25.5;25.5;25.5;25.5;25.5;25.5;25.5;25.5;25.5;25.5;25.5;25.5;25.5;25.5;25.5;25.5;25.5;25.5;25.5;25.5;25.5;25.5;25.5;25.5;25.5;25.5
1260;19.125;19.289;19.125;19.125;19.125;19.125;19.125;19.125;19.125;19.125;19.125;19.125;19.125;19.125;19.125;19.125;19.125;19.125;19.125;19.125;19.125;19.125;19.125;19.125;19.125;19.125;19.125;19.125;19.125;19.125
1261;660.018;25.5;25.828;25.992;25.5;25.5;25.5;25.5;25.5;25.5;25.5;25.5;25.828;25.5;25.5;25.5;25.5;25.5;29.272;25.5;25.5;25.5;26.156;25.5;25.5;25.5;25.5;25.5;25.5;25.5
1262;202.727;25.828;25.5;25.5;25.5;25.5;25.5;25.5;25.5;25.5;25.5;25.5;25.5;25.5;25.5;25.5;25.5;25.5;25.5;25.5;25.5;25.5;25.5;25.5;25.5;25.5;25.5;25.5;25.5;25.5
1263;253.935;25.5;25.664;25.992;25.5;25.5;25.5;25.5;25.5;25.5;25.5;25.5;25.5;25.5;25.5;25.5;25.5;25.5;25.5;25.5;25.5;25.5;25.5;25.5;25.5;25.5;25.5;25.5;25.5;25.5
1264;73.898;19.125;19.125;19.289;19.125;19.125;19.125;19.125;19.125;19.125;19.125;19.125;19.125;19.125;19.125;19.125;19.125;19.125;19.617;19.125;19.125;19.125;19.125;19.125;19.125;19.125;19.125;19.125;19.125;19.125
1265;124.19600000000001;25.664;25.664;26.32;25.5;25.5;25.5;25.5;25.5;25.5;25.5;25.5;25.5;25.5;25.5;25.5;25.5;25.5;25.5;25.5;25.5;25.5;25.5;25.5;25.5;25.5;25.5;25.5;25.5;25.5
1266;198.04500000000002;19.125;19.125;19.125;19.125;19.125;19.125;19.125;19.125;19.125;19.125;19.125;19.125;19.125;19.125;19.125;19.125;19.125;19.289;19.125;19.125;19.125;19.125;19.125;19.125;19.125;19.125;19.125;19.125;19.125
1267;30.626;25.5;25.5;25.5;25.5;25.5;25.5;25.5;25.5;25.5;25.5;25.5;25.5;25.5;25.5;25.5;25.5;25.5;25.5;25.5;25.5;25.5;25.5;25.5;25.5;25.5;25.5;25.5;25.5;25.5
1268;37.752;25.5;25.664;25.5;25.5;25.5;25.5;25.5;25.5;25.5;25.5;25.5;25.5;25.5;25.5;25.5;25.5;25.5;25.5;25.5;25.5;25.5;25.5;25.5;25.5;25.5;25.5;25.5;25.5;25.5
1269;1098.645;19.289;19.453;19.453;19.125;19.125;19.125;19.125;19.125;19.289;19.125;19.617;19.617;19.453;19.289;19.289;19.125;19.125;25.029;19.125;19.289;19.289;20.765;19.125;19.125;19.125;19.125;19.125;19.781;20.929
1270;222.95600000000002;25.5;25.5;25.5;25.5;25.5;25.5;25.5;25.5;25.5;25.5;25.5;25.5;25.5;25.5;25.5;25.5;25.5;26.976;25.5;25.5;25.5;25.5;25.5;25.5;25.5;25.5;25.5;25.5;25.664
1271;19.125;19.125;19.125;19.125;19.125;19.125;19.125;19.125;19.125;19.125;19.125;19.125;19.125;19.125;19.125;19.125;19.125;19.125;19.125;19.125;19.125;19.125;19.125;19.125;19.125;19.125;19.125;19.125;19.125;19.125
1272;339.51;25.5;25.5;25.5;25.5;25.5;25.5;25.5;25.5;25.5;25.5;25.5;25.5;25.5;25.5;25.5;25.5;25.5;26.812;25.5;25.5;25.5;25.5;25.5;25.5;25.5;25.5;25.5;25.5;25.5
1273;388.50399999999996;25.5;25.5;25.828;25.5;25.5;25.5;25.5;25.5;25.5;25.5;25.5;25.5;25.5;25.5;25.5;25.5;25.5;26.484;25.5;25.5;25.5;25.5;25.5;25.5;25.5;25.5;25.5;25.5;25.5
1274;692.88;25.5;25.5;25.5;25.5;25.5;25.5;25.5;25.5;25.5;25.5;25.5;25.5;25.5;25.5;25.5;25.5;25.5;28.451999999999998;25.5;25.5;25.5;25.5;25.5;25.5;25.5;25.5;25.5;25.5;25.5
1275;365.62600000000003;25.828;25.664;25.5;25.5;25.5;25.5;25.5;25.5;25.5;25.5;25.5;25.5;25.5;25.5;25.5;25.5;25.5;27.96;25.5;25.5;25.5;25.5;25.5;25.5;25.5;25.5;25.5;25.5;25.828
1276;313.378;25.992;25.828;25.664;25.5;25.5;25.5;25.5;25.5;25.5;25.5;25.5;25.5;25.5;25.5;25.5;25.5;25.5;25.5;25.5;25.5;25.5;25.5;25.5;25.5;25.5;25.5;25.5;25.5;25.5
1277;154.626;25.5;25.5;25.5;25.5;25.5;25.5;25.5;25.5;25.5;25.5;25.5;25.5;25.5;25.5;25.5;25.5;25.5;25.828;25.5;25.5;25.5;25.5;25.5;25.5;25.5;25.5;25.5;25.5;25.5
1278;943.4369999999999;26.484;25.5;26.484;25.5;25.5;25.5;25.5;25.5;25.5;25.5;25.5;25.5;25.5;25.5;25.5;25.5;25.5;28.78;25.5;25.5;25.664;25.5;25.5;25.5;25.5;25.5;25.5;25.664;25.5
1279;128.482;25.5;25.664;26.32;25.5;25.5;25.5;25.5;25.5;25.5;25.5;25.5;25.5;25.5;25.5;25.5;25.5;25.5;25.5;25.5;25.5;25.5;25.5;25.5;25.5;25.5;25.5;25.5;25.5;25.5
1280;132.357;19.453;19.125;19.125;19.125;19.125;19.125;19.125;19.125;19.125;19.125;19.125;19.125;19.125;19.125;19.125;19.125;19.125;19.125;19.125;19.125;19.125;19.125;19.125;19.125;19.125;19.125;19.125;19.125;19.125
1281;52.326;25.5;25.5;25.5;25.5;25.5;25.5;25.5;25.5;25.5;25.5;25.5;25.5;25.5;25.5;25.5;25.5;25.5;25.5;25.5;25.5;25.5;25.5;25.5;25.5;25.5;25.5;25.5;25.5;25.5
1282;119.50300000000001;25.828;25.5;25.5;25.5;25.5;25.5;25.5;25.5;25.5;25.5;25.5;25.5;25.5;25.5;25.5;25.5;25.5;25.5;25.5;25.5;25.5;25.5;25.5;25.5;25.5;25.5;25.5;25.5;25.5
1283;26.32;25.5;25.5;25.5;25.5;25.5;25.5;25.5;25.5;25.5;25.5;25.5;25.5;25.5;25.5;25.5;25.5;25.5;25.5;25.5;25.5;25.5;25.5;25.5;25.5;25.5;25.5;25.5;25.5;25.5
1284;1159.644;25.5;25.664;25.992;25.5;25.5;25.5;25.5;25.5;25.828;25.5;25.664;25.664;25.5;25.5;25.5;25.5;25.5;29.928;25.5;25.5;25.5;25.5;25.5;25.5;25.5;25.5;25.5;25.5;25.5
1285;558.3130000000001;25.664;25.828;25.828;25.5;25.5;25.5;25.5;25.5;25.5;25.5;25.5;25.664;25.5;25.5;25.5;25.5;25.5;27.632;25.5;25.5;25.5;25.5;25.5;25.5;25.5;25.5;25.5;25.5;25.5
1286;288.327;25.5;25.5;26.156;25.5;25.5;25.5;25.5;25.5;25.5;25.5;25.5;25.5;25.5;25.5;25.5;25.5;25.5;25.5;25.5;25.5;25.5;25.5;25.5;25.5;25.5;25.5;25.5;25.5;25.5
1287;1325.893;25.992;25.828;25.5;25.5;25.5;25.5;25.5;25.5;25.5;25.5;25.5;25.992;25.5;25.5;25.5;25.5;25.5;28.451999999999998;25.5;25.5;25.5;25.5;25.5;25.5;25.5;25.5;25.5;25.5;25.5
1288;49.668000000000006;25.5;25.5;25.828;25.5;25.5;25.5;25.5;25.5;25.5;25.5;25.5;25.5;25.5;25.5;25.5;25.5;25.5;25.5;25.5;25.5;25.5;25.5;25.5;25.5;25.5;25.5;25.5;25.5;25.5
1289;983.864;26.32;27.304;25.664;25.5;25.5;25.5;25.5;25.5;25.664;25.664;25.664;25.5;25.992;25.5;25.5;25.5;25.5;27.304;25.5;25.5;25.5;25.992;25.5;25.5;25.5;25.5;25.5;25.5;25.5
1290;525.04;25.992;25.664;25.5;25.5;25.5;25.5;25.5;25.5;25.5;25.5;25.664;25.828;25.828;25.5;25.828;25.5;25.5;28.616;25.5;25.5;25.664;25.5;25.5;25.664;25.5;25.5;25.5;26.648;25.664
1291;303.28;25.664;25.5;25.5;25.5;25.5;25.5;25.5;25.5;25.664;25.5;25.5;25.664;25.5;25.5;25.5;25.5;25.5;26.156;25.5;25.5;25.5;25.5;25.5;25.5;25.5;25.5;25.5;25.5;25.5
1292;904.419;25.664;25.664;25.992;25.5;25.5;25.5;25.5;25.5;25.664;25.5;25.664;25.992;25.828;25.5;25.5;25.5;25.5;28.944;25.5;25.5;25.664;27.304;25.5;25.5;25.5;25.664;25.5;25.5;26.32
1293;19.125;19.125;19.125;19.125;19.125;19.125;19.125;19.125;19.125;19.125;19.125;19.125;19.125;19.125;19.125;19.125;19.125;19.125;19.125;19.125;19.125;19.125;19.125;19.125;19.125;19.125;19.125;19.125;19.125;19.125
1294;25.5;25.5;25.5;25.5;25.5;25.5;25.5;25.5;25.5;25.5;25.5;25.5;25.5;25.5;25.5;25.5;25.5;25.5;25.5;25.5;25.5;25.5;25.5;25.5;25.5;25.5;25.5;25.5;25.5;25.5
1295;48.822;19.453;19.125;19.125;19.125;19.125;19.125;19.125;19.125;19.125;19.125;19.125;19.125;19.125;19.125;19.125;19.125;19.125;19.125;19.125;19.125;19.125;19.125;19.125;19.125;19.125;19.125;19.125;19.125;19.125
1296;67.86500000000001;25.5;25.5;25.5;25.5;25.5;25.5;25.5;25.5;25.5;25.5;25.5;25.5;25.5;25.5;25.5;25.5;25.5;25.828;25.5;25.5;25.5;25.5;25.5;25.5;25.5;25.5;25.5;25.5;25.5
1297;25.5;25.5;25.5;25.5;25.5;25.5;25.5;25.5;25.5;25.5;25.5;25.5;25.5;25.5;25.5;25.5;25.5;25.5;25.5;25.5;25.5;25.5;25.5;25.5;25.5;25.5;25.5;25.5;25.5;25.5
1298;63.117000000000004;25.5;25.5;25.5;25.5;25.5;25.5;25.5;25.5;25.5;25.5;25.5;25.5;25.5;25.5;25.5;25.5;25.5;25.664;25.5;25.5;25.5;25.5;25.5;25.5;25.5;25.5;25.5;25.5;25.5
1299;829.207;25.664;26.156;25.5;25.5;25.5;25.5;25.5;25.5;25.5;25.5;25.5;25.5;25.5;25.5;25.5;25.5;25.5;26.32;25.5;25.5;25.5;25.5;25.5;25.5;25.5;25.5;25.5;25.5;25.5
1300;357.877;25.664;25.5;25.5;25.5;25.5;25.5;25.5;25.5;25.828;25.5;25.664;25.5;25.5;25.5;25.5;25.5;25.5;25.664;25.5;25.5;25.5;25.5;25.5;25.5;25.5;25.5;25.5;25.5;25.5
1301;294.15500000000003;25.664;25.992;25.828;25.5;25.5;25.5;25.5;25.5;25.5;25.5;25.664;25.5;25.5;25.5;25.5;25.5;25.5;29.272;25.5;25.5;25.5;25.664;25.5;25.5;25.5;25.5;25.5;25.5;25.5
1302;174.108;19.125;19.125;19.125;19.125;19.125;19.125;19.125;19.125;19.125;19.125;19.125;19.125;19.125;19.125;19.125;19.125;19.125;19.125;19.125;19.125;19.125;19.125;19.125;19.125;19.125;19.125;19.125;19.125;19.125
1303;466.03499999999997;25.5;25.5;25.5;25.5;25.5;25.5;25.5;25.5;25.664;25.828;25.5;25.828;25.5;25.5;25.992;25.5;25.5;27.468;25.5;25.5;25.664;25.5;25.5;25.5;25.5;25.5;25.5;25.5;25.664
1304;497.524;25.5;25.5;25.992;25.5;25.5;25.5;25.5;25.5;25.5;25.5;25.5;25.664;25.5;25.5;25.5;25.5;25.5;28.78;25.5;25.5;25.5;25.5;25.5;25.5;25.5;25.5;25.5;25.5;25.5
1305;25.5;25.5;25.5;25.5;25.5;25.5;25.5;25.5;25.5;25.5;25.5;25.5;25.5;25.5;25.5;25.5;25.5;25.5;25.5;25.5;25.5;25.5;25.5;25.5;25.5;25.5;25.5;25.5;25.5;25.5
1306;2378.7210000000005;20.109;19.453;19.289;19.125;19.125;19.125;19.125;19.125;19.617;19.125;19.453;19.289;19.617;19.125;19.289;19.125;19.125;25.193;19.125;19.125;19.289;19.617;19.125;19.125;19.125;19.289;19.125;19.125;19.617
1307;556.417;25.828;25.664;25.5;25.5;25.5;25.5;25.5;25.5;25.5;25.5;25.664;25.5;25.5;25.5;25.5;25.5;25.5;26.812;25.5;25.5;25.5;25.5;25.5;25.5;25.5;25.5;25.5;25.5;25.5
1308;90.063;25.5;25.5;25.5;25.5;25.5;25.5;25.5;25.5;25.5;25.5;25.5;25.5;25.5;25.5;25.5;25.5;25.5;25.5;25.5;25.5;25.5;25.5;25.5;25.5;25.5;25.5;25.5;25.5;25.5
1309;510.83299999999997;19.289;19.125;19.289;19.125;19.125;19.125;19.125;19.125;19.125;19.125;19.289;19.453;19.125;19.125;19.289;19.125;19.125;23.553;19.125;19.125;19.125;19.125;19.125;19.125;19.125;19.125;19.125;19.125;19.125
1310;1775.1170000000002;22.569;19.453;19.945;19.125;19.125;19.125;19.125;19.125;20.437;19.781;19.453;19.617;19.289;19.125;19.125;19.125;19.125;22.241;19.125;19.125;19.125;19.125;19.125;19.125;19.125;19.453;19.125;19.453;19.125
1311;215.084;25.5;25.664;25.5;25.5;25.5;25.5;25.5;25.5;25.5;25.5;25.5;25.5;25.5;25.5;25.5;25.5;25.5;25.664;25.5;25.5;25.5;25.5;25.5;25.5;25.5;25.5;25.5;25.5;25.5
1312;326.355;25.664;25.828;25.5;25.5;25.5;25.5;25.5;25.5;25.5;25.5;25.5;25.5;25.664;25.5;25.5;25.5;25.5;25.5;25.5;25.5;25.5;25.5;25.5;25.5;25.5;25.5;25.5;25.5;25.5
1313;25.5;25.5;25.5;25.5;25.5;25.5;25.5;25.5;25.5;25.5;25.5;25.5;25.5;25.5;25.5;25.5;25.5;25.5;25.5;25.5;25.5;25.5;25.5;25.5;25.5;25.5;25.5;25.5;25.5;25.5
1314;523.9290000000001;25.828;25.5;25.5;25.5;25.5;25.5;25.5;25.5;25.5;25.5;25.5;25.5;25.5;25.5;25.5;25.5;25.5;27.632;25.5;25.5;25.5;25.5;25.5;25.5;25.5;25.5;25.5;25.5;25.5
1315;96.43199999999999;19.125;19.125;19.125;19.125;19.125;19.125;19.125;19.125;19.125;19.125;19.125;19.125;19.125;19.125;19.125;19.125;19.125;19.125;19.125;19.125;19.125;19.125;19.125;19.125;19.125;19.125;19.125;19.125;19.125
1316;287.58500000000004;28.78;25.828;25.5;25.5;25.5;25.5;25.5;25.5;25.5;25.664;25.664;25.664;25.664;25.5;25.5;25.5;25.5;30.092;25.5;25.5;25.5;26.32;25.5;25.5;25.5;25.5;25.5;25.5;25.664
1317;282.773;25.5;25.664;25.5;25.5;25.5;25.5;25.5;25.5;25.5;25.5;25.5;25.5;25.5;25.5;25.5;25.5;25.5;25.5;25.5;25.5;25.5;25.5;25.5;25.5;25.5;25.5;25.5;25.5;25.5
1318;449.664;25.5;25.828;25.828;25.5;25.5;25.5;25.5;25.5;25.5;25.5;25.5;25.5;25.5;25.5;25.5;25.5;25.5;25.5;25.5;25.5;25.5;25.5;25.5;25.5;25.5;25.5;25.5;25.5;25.5
1319;165.89800000000002;25.5;25.5;25.5;25.5;25.5;25.5;25.5;25.5;25.5;25.5;25.5;25.5;25.5;25.5;25.5;25.5;25.5;25.5;25.5;25.5;25.5;25.5;25.5;25.5;25.5;25.5;25.5;25.5;25.5
1320;268.582;25.5;25.5;25.5;25.5;25.5;25.5;25.5;25.5;25.5;25.5;25.5;25.828;25.664;25.5;25.5;25.5;25.5;27.304;25.5;25.5;25.5;25.5;25.5;25.5;25.5;25.5;25.5;25.5;25.5
1321;928.1500000000001;25.5;25.664;25.664;25.5;25.5;25.5;25.5;25.5;26.156;25.5;25.664;25.828;25.664;25.5;25.664;25.5;25.5;30.092;25.5;25.5;25.5;25.5;25.5;25.5;25.5;25.5;25.5;25.5;25.5
1322;70.804;25.5;25.5;25.5;25.5;25.5;25.5;25.5;25.5;25.5;25.5;25.5;25.5;25.5;25.5;25.5;25.5;25.5;25.664;25.5;25.5;25.5;25.5;25.5;25.5;25.5;25.5;25.5;25.5;25.5
1323;567.2520000000001;19.617;19.617;19.289;19.125;19.125;19.125;19.125;19.125;19.125;19.125;19.125;19.289;19.125;19.125;19.125;19.125;19.125;22.076999999999998;19.125;19.125;19.125;19.125;19.125;19.125;19.125;19.125;19.125;19.289;19.289
1324;66.662;25.5;25.5;25.828;25.5;25.5;25.5;25.5;25.5;25.5;25.5;25.5;25.5;25.5;25.5;25.5;25.5;25.5;25.828;25.5;25.5;25.5;25.5;25.5;25.5;25.5;25.5;25.5;25.5;25.5
1325;1508.324;25.5;25.664;25.828;25.5;25.5;25.5;25.5;25.5;25.5;25.5;25.992;25.5;25.5;25.5;25.5;25.5;25.5;27.632;25.5;25.5;26.32;25.992;25.5;25.5;25.5;25.5;25.5;25.5;25.5
1326;194.02100000000002;25.5;25.5;25.5;25.5;25.5;25.5;25.5;25.5;25.5;25.5;25.5;25.5;25.5;25.5;25.5;25.5;25.5;25.5;25.5;25.5;25.5;25.5;25.5;25.5;25.5;25.5;25.5;25.5;25.5
1327;561.6790000000001;25.5;25.828;25.828;25.5;25.5;25.5;25.5;25.5;25.664;25.5;25.5;25.5;25.5;25.5;25.5;25.5;25.5;28.616;25.5;25.5;25.5;25.5;25.5;25.5;25.5;25.5;25.5;25.664;25.5
1328;272.189;19.453;19.289;19.125;19.125;19.125;19.125;19.125;19.125;19.125;19.125;19.125;19.125;19.125;19.125;19.125;19.125;19.125;19.453;19.125;19.125;19.125;19.125;19.125;19.125;19.125;19.125;19.125;19.125;19.125
1329;30.284000000000002;25.5;25.5;25.5;25.5;25.5;25.5;25.5;25.5;25.5;25.5;25.5;25.5;25.5;25.5;25.5;25.5;25.5;25.5;25.5;25.5;25.5;25.5;25.5;25.5;25.5;25.5;25.5;25.5;25.5
1330;103.684;19.125;19.125;19.125;19.125;19.125;19.125;19.125;19.125;19.125;19.125;19.125;19.125;19.125;19.125;19.125;19.125;19.125;19.125;19.125;19.125;19.125;19.125;19.125;19.125;19.125;19.125;19.125;19.125;19.125
1331;577.794;25.664;25.5;25.664;25.5;25.5;25.5;25.5;25.5;25.664;25.5;25.828;25.828;25.5;25.5;25.5;25.5;25.5;30.748;25.5;25.5;25.664;25.5;25.5;25.5;25.5;25.5;25.5;25.5;25.5
1332;359.66200000000003;25.5;25.664;25.5;25.5;25.5;25.5;25.5;25.5;25.5;25.5;25.5;25.5;25.5;25.5;25.5;25.5;25.5;26.156;25.5;25.5;25.5;25.5;25.5;25.5;25.5;25.5;25.5;25.5;25.5
1333;774.2199999999999;25.5;25.664;25.5;25.5;25.5;25.5;25.5;25.5;25.664;25.664;25.5;25.828;25.664;25.5;25.5;25.5;25.5;27.796;25.5;25.5;25.664;25.664;25.5;25.5;25.5;25.5;25.5;25.5;25.664
1334;102.291;25.5;25.5;25.5;25.5;25.5;25.5;25.5;25.5;25.5;25.5;25.5;25.5;25.5;25.5;25.5;25.5;25.5;26.648;25.5;25.5;25.5;25.5;25.5;25.5;25.5;25.5;25.5;25.5;25.5
1335;66.82600000000001;25.5;25.5;25.5;25.5;25.5;25.5;25.5;25.5;25.5;25.5;25.5;25.5;25.5;25.5;25.5;25.5;25.5;25.5;25.5;25.5;25.5;25.5;25.5;25.5;25.5;25.5;25.5;25.5;25.5
1336;879.238;19.617;19.617;19.945;19.125;19.125;19.125;19.125;19.125;19.289;19.289;19.125;19.125;19.125;19.125;19.289;19.125;19.125;19.781;19.125;19.125;19.125;19.125;19.125;19.125;19.125;19.125;19.125;19.125;19.453
1337;25.5;25.5;25.5;25.5;25.5;25.5;25.5;25.5;25.5;25.5;25.5;25.5;25.5;25.5;25.5;25.5;25.5;25.5;25.5;25.5;25.5;25.5;25.5;25.5;25.5;25.5;25.5;25.5;25.5;25.5
1338;203.72400000000002;19.289;19.125;19.125;19.125;19.125;19.125;19.125;19.125;19.125;19.125;19.289;19.125;19.125;19.125;19.125;19.125;19.125;19.781;19.125;19.125;19.125;19.125;19.125;19.125;19.125;19.125;19.125;19.289;19.289
1339;675.325;25.5;25.5;25.5;25.5;25.5;25.5;25.5;25.5;25.5;25.5;25.5;25.5;25.5;25.5;25.5;25.5;25.5;25.5;25.5;25.5;25.5;25.5;25.5;25.5;25.5;25.5;25.5;25.5;25.5
1340;25.5;25.5;25.5;25.5;25.5;25.5;25.5;25.5;25.5;25.5;25.5;25.5;25.5;25.5;25.5;25.5;25.5;25.5;25.5;25.5;25.5;25.5;25.5;25.5;25.5;25.5;25.5;25.5;25.5;25.5
1341;86.03299999999999;25.5;25.5;25.5;25.5;25.5;25.5;25.5;25.5;25.5;25.5;25.5;25.5;25.5;25.5;25.5;25.5;25.5;25.5;25.5;25.5;25.5;25.5;25.5;25.5;25.5;25.5;25.5;25.5;25.5
1342;25.5;25.5;25.5;25.5;25.5;25.5;25.5;25.5;25.5;25.5;25.5;25.5;25.5;25.5;25.5;25.5;25.5;25.5;25.5;25.5;25.5;25.5;25.5;25.5;25.5;25.5;25.5;25.5;25.5;25.5
1343;25.5;25.5;25.5;25.5;25.5;25.5;25.5;25.5;25.5;25.5;25.5;25.5;25.5;25.5;25.5;25.5;25.5;25.5;25.5;25.5;25.5;25.5;25.5;25.5;25.5;25.5;25.5;25.5;25.5;25.5
1344;1052.1149999999998;26.484;25.992;26.648;25.5;25.5;25.5;25.5;25.5;25.992;25.5;25.992;25.828;25.828;25.992;25.828;25.5;25.5;27.96;25.5;25.5;25.5;25.5;25.5;25.5;25.5;25.5;25.5;25.5;25.992
1345;1029.093;26.648;25.828;25.828;25.5;25.5;25.5;25.5;25.5;25.5;25.664;25.5;25.664;25.664;25.5;25.5;25.5;25.5;28.616;25.5;25.5;25.664;26.812;25.5;25.5;25.5;25.5;25.5;25.5;25.992
1346;25.5;25.5;25.5;25.5;25.5;25.5;25.5;25.5;25.5;25.5;25.5;25.5;25.5;25.5;25.5;25.5;25.5;25.5;25.5;25.5;25.5;25.5;25.5;25.5;25.5;25.5;25.5;25.5;25.5;25.5
1347;327.851;25.5;25.664;25.5;25.5;25.5;25.5;25.5;25.5;25.5;25.5;25.5;25.5;25.5;25.5;25.5;25.5;25.5;25.5;25.5;25.5;25.5;25.5;25.5;25.5;25.5;25.5;25.5;25.5;25.5
1348;210.178;25.5;25.5;25.5;25.5;25.5;25.5;25.5;25.5;25.5;25.5;25.5;25.5;25.5;25.5;25.5;25.5;25.5;25.664;25.5;25.5;25.5;25.5;25.5;25.5;25.5;25.5;25.5;25.5;25.5
1349;290.948;25.5;25.5;25.5;25.5;25.5;25.5;25.5;25.5;25.5;25.5;25.5;25.664;25.5;25.5;25.5;25.5;25.5;28.288;25.5;25.5;25.5;25.5;25.5;25.5;25.5;25.5;25.5;25.5;25.5
1350;379.257;25.664;25.5;25.664;25.5;25.5;25.5;25.5;25.5;25.5;25.5;25.5;25.5;25.5;25.5;25.5;25.5;25.5;27.632;25.5;25.5;25.664;25.5;25.5;25.5;25.5;25.5;25.5;25.5;25.5
1351;812.8240000000001;25.664;25.5;25.5;25.5;25.5;25.5;25.5;25.5;25.5;25.5;25.5;25.664;25.5;25.5;25.5;25.5;25.5;26.976;25.5;25.5;25.5;25.664;25.5;25.5;25.5;25.5;25.5;25.5;25.5
1352;709.802;25.5;25.664;25.664;25.5;25.5;25.5;25.5;25.5;25.5;25.5;25.5;25.5;25.5;25.5;25.5;25.5;25.5;28.124;25.5;25.5;25.5;25.5;25.5;25.5;25.5;25.5;25.5;25.5;25.5
1353;621.919;25.5;25.5;25.5;25.5;25.5;25.5;25.5;25.5;25.5;25.5;25.5;25.5;25.5;25.5;25.5;25.5;25.5;28.616;25.5;25.5;25.664;25.828;25.5;25.5;25.5;25.5;25.5;25.5;25.664
1354;761.749;25.828;25.664;25.828;25.5;25.5;25.5;25.5;25.5;25.5;25.5;25.664;25.828;25.5;25.5;25.5;25.5;25.5;27.304;25.5;25.5;25.5;25.5;25.5;25.5;25.5;25.5;25.5;25.5;25.5
1355;25.5;25.5;25.5;25.5;25.5;25.5;25.5;25.5;25.5;25.5;25.5;25.5;25.5;25.5;25.5;25.5;25.5;25.5;25.5;25.5;25.5;25.5;25.5;25.5;25.5;25.5;25.5;25.5;25.5;25.5
1356;996.512;25.5;25.5;25.664;25.5;25.5;25.5;25.5;25.5;25.5;25.5;25.5;25.664;25.5;25.5;25.5;25.5;25.5;27.796;25.5;25.5;25.5;25.5;25.5;25.5;25.5;25.5;25.5;25.5;25.664
1357;81.488;25.5;25.5;25.5;25.5;25.5;25.5;25.5;25.5;25.5;25.5;25.5;25.5;25.5;25.5;25.5;25.5;25.5;25.5;25.5;25.5;25.5;25.5;25.5;25.5;25.5;25.5;25.5;25.5;25.5
1358;25.5;25.5;25.5;25.5;25.5;25.5;25.5;25.5;25.5;25.5;25.5;25.5;25.5;25.5;25.5;25.5;25.5;25.5;25.5;25.5;25.5;25.5;25.5;25.5;25.5;25.5;25.5;25.5;25.5;25.5
1359;972.792;25.664;25.828;25.992;25.5;25.5;25.5;25.5;25.5;25.664;25.5;25.5;25.992;26.156;25.828;25.5;25.5;25.5;28.78;25.5;25.5;25.664;27.14;25.5;25.5;25.5;25.5;25.5;25.5;26.32
1360;378.33;25.5;25.5;25.828;25.5;25.5;25.5;25.5;25.5;25.5;25.5;25.5;25.5;25.5;25.5;25.5;25.5;25.5;25.5;25.5;25.5;25.5;25.5;25.5;25.5;25.5;25.5;25.5;25.5;25.5
1361;566.509;25.664;25.664;25.5;25.5;25.5;25.5;25.5;25.5;25.5;25.5;25.5;25.664;25.5;25.5;25.5;25.5;25.5;25.664;25.5;25.5;25.5;25.5;25.5;25.5;25.5;25.5;25.5;25.5;25.5
1362;278.72400000000005;20.437;19.453;19.125;19.125;19.125;19.125;19.125;19.125;19.125;19.125;19.125;19.125;19.125;19.125;19.125;19.125;19.125;19.289;19.125;19.125;19.125;19.125;19.125;19.125;19.125;19.125;19.125;19.125;19.125
1363;25.5;25.5;25.5;25.5;25.5;25.5;25.5;25.5;25.5;25.5;25.5;25.5;25.5;25.5;25.5;25.5;25.5;25.5;25.5;25.5;25.5;25.5;25.5;25.5;25.5;25.5;25.5;25.5;25.5;25.5
1364;25.5;25.5;25.5;25.5;25.5;25.5;25.5;25.5;25.5;25.5;25.5;25.5;25.5;25.5;25.5;25.5;25.5;25.5;25.5;25.5;25.5;25.5;25.5;25.5;25.5;25.5;25.5;25.5;25.5;25.5
1365;442.524;19.125;19.289;19.125;19.125;19.125;19.125;19.125;19.125;19.125;19.125;19.125;19.125;19.125;19.125;19.125;19.125;19.125;19.617;19.125;19.125;19.125;19.125;19.125;19.125;19.125;19.125;19.125;19.125;19.125
1366;247.482;25.828;25.5;26.484;25.5;25.5;25.5;25.5;25.5;25.5;25.5;25.5;25.5;25.5;25.5;25.5;25.5;25.5;25.5;25.5;25.5;25.5;25.5;25.5;25.5;25.5;25.5;25.5;25.5;25.5
1367;528.73;19.945;19.781;19.125;19.125;19.125;19.125;19.125;19.125;19.289;19.125;19.945;19.617;19.125;19.125;19.289;19.125;19.125;22.569;19.125;19.289;20.765;19.125;19.125;19.125;19.125;19.453;19.453;20.929;20.929
1368;289.933;26.32;25.828;26.484;25.5;25.5;25.5;25.5;25.5;25.5;25.5;25.5;25.5;25.5;25.5;25.5;25.5;25.5;25.5;25.5;25.5;25.5;25.5;25.5;25.5;25.5;25.5;25.5;25.5;25.5
1369;105.583;25.5;25.664;25.5;25.5;25.5;25.5;25.5;25.5;25.5;25.5;25.5;25.5;25.5;25.5;25.5;25.5;25.5;25.5;25.5;25.5;25.5;25.5;25.5;25.5;25.5;25.5;25.5;25.5;25.5
1370;235.471;19.617;19.453;19.125;19.125;19.125;19.125;19.125;19.125;19.125;19.125;19.125;19.125;19.125;19.125;19.125;19.125;19.125;19.453;19.125;19.125;19.125;19.125;19.125;19.125;19.125;19.125;19.125;19.125;19.125
1371;730.825;25.992;25.828;26.484;25.5;25.5;25.5;25.5;25.5;25.5;25.5;26.156;25.828;25.5;25.5;26.32;25.5;25.5;30.748;25.5;25.5;25.5;25.5;25.5;25.5;25.5;25.5;25.5;25.5;25.828
1372;385.33400000000006;25.664;25.5;25.664;25.5;25.5;25.5;25.5;25.5;25.5;25.664;25.5;25.828;25.5;25.5;25.5;25.5;25.5;27.14;25.5;25.5;25.664;26.648;25.5;25.5;25.5;25.5;25.5;25.5;26.156
1373;157.145;19.125;19.125;19.125;19.125;19.125;19.125;19.125;19.125;19.125;19.125;19.125;19.125;19.125;19.125;19.125;19.125;19.125;21.257;19.125;19.125;19.125;19.125;19.125;19.125;19.125;19.125;19.125;19.125;19.125
1374;278.23199999999997;19.781;19.453;19.125;19.125;19.125;19.125;19.125;19.125;19.125;19.125;19.125;19.125;19.125;19.125;19.125;19.125;19.125;19.125;19.125;19.125;19.125;19.125;19.125;19.125;19.125;19.125;19.125;19.125;19.125
1375;351.45300000000003;25.828;25.5;25.5;25.5;25.5;25.5;25.5;25.5;25.5;25.5;25.5;25.5;25.5;25.5;25.5;25.5;25.5;27.96;25.5;25.5;25.5;25.5;25.5;25.5;25.5;25.5;25.5;25.5;25.5
1376;528.8679999999999;26.648;25.5;25.5;25.5;25.5;25.5;25.5;25.5;25.5;25.5;25.664;25.828;25.5;25.5;25.5;25.5;25.5;26.648;25.5;25.5;25.5;25.5;25.5;25.5;25.5;25.5;25.5;25.5;25.5
1377;25.5;25.5;25.5;25.5;25.5;25.5;25.5;25.5;25.5;25.5;25.5;25.5;25.5;25.5;25.5;25.5;25.5;25.5;25.5;25.5;25.5;25.5;25.5;25.5;25.5;25.5;25.5;25.5;25.5;25.5
1378;169.89300000000003;25.828;25.664;25.828;25.5;25.5;25.5;25.5;25.5;25.5;25.5;25.5;25.5;25.5;25.5;25.5;25.5;25.5;25.828;25.5;25.5;25.5;25.5;25.5;25.5;25.5;25.5;25.5;25.5;25.5
1379;25.5;25.5;25.5;25.5;25.5;25.5;25.5;25.5;25.5;25.5;25.5;25.5;25.5;25.5;25.5;25.5;25.5;25.5;25.5;25.5;25.5;25.5;25.5;25.5;25.5;25.5;25.5;25.5;25.5;25.5
1380;717.326;19.781;19.289;19.617;19.125;19.125;19.125;19.125;19.125;19.125;19.125;19.125;19.125;19.125;19.125;19.125;19.125;19.125;20.109;19.125;19.125;19.125;19.125;19.125;19.125;19.125;19.125;19.125;20.109;19.289
1381;71.586;25.5;25.5;25.5;25.5;25.5;25.5;25.5;25.5;25.5;25.5;25.5;25.5;25.5;25.5;25.5;25.5;25.5;25.664;25.5;25.5;25.5;25.5;25.5;25.5;25.5;25.5;25.5;25.5;25.5
1382;26.976;25.664;25.5;25.5;25.5;25.5;25.5;25.5;25.5;25.5;25.5;25.5;25.5;25.5;25.5;25.5;25.5;25.5;25.5;25.5;25.5;25.5;25.5;25.5;25.5;25.5;25.5;25.5;25.5;25.5
1383;38.659000000000006;19.125;19.125;19.125;19.125;19.125;19.125;19.125;19.125;19.125;19.125;19.125;19.125;19.125;19.125;19.125;19.125;19.125;19.125;19.125;19.125;19.125;19.125;19.125;19.125;19.125;19.125;19.125;19.125;19.125
1384;976.019;25.664;25.828;25.5;25.5;25.5;25.5;25.5;25.5;25.664;25.5;25.664;25.828;25.828;25.5;25.664;25.5;25.5;28.451999999999998;25.5;25.5;25.664;27.632;25.5;25.5;25.5;25.5;25.5;25.5;25.5
1385;592.452;26.484;25.992;26.32;25.5;25.5;25.5;25.5;25.5;25.5;25.5;25.5;25.5;25.5;25.5;25.5;25.5;25.5;25.5;25.5;25.5;25.5;25.5;25.5;25.5;25.5;25.5;25.5;25.5;25.5
1386;430.345;25.5;25.5;25.5;25.5;25.5;25.5;25.5;25.5;25.5;25.5;25.5;25.5;25.5;25.5;25.5;25.5;25.5;28.78;25.5;25.5;25.664;25.5;25.5;25.5;25.5;25.5;25.5;25.664;25.5
1387;644.58;25.992;25.5;25.828;25.5;25.5;25.5;25.5;25.5;25.5;25.5;25.5;25.5;25.5;25.5;25.5;25.5;25.5;26.648;25.5;25.5;25.5;25.5;25.5;25.5;25.5;25.5;25.5;25.5;25.5
1388;415.919;25.828;25.664;25.5;25.5;25.5;25.5;25.5;25.5;25.5;25.5;25.5;25.5;25.5;25.5;25.5;25.5;25.5;28.124;25.5;25.5;25.5;25.5;25.5;25.5;25.5;25.5;25.5;25.5;25.5
1389;19.125;19.125;19.125;19.125;19.125;19.125;19.125;19.125;19.125;19.125;19.125;19.125;19.125;19.125;19.125;19.125;19.125;19.125;19.125;19.125;19.125;19.125;19.125;19.125;19.125;19.125;19.125;19.125;19.125;19.125
1390;62.841;25.5;25.5;25.5;25.5;25.5;25.5;25.5;25.5;25.5;25.5;25.5;25.5;25.5;25.5;25.5;25.5;25.5;25.5;25.5;25.5;25.5;25.5;25.5;25.5;25.5;25.5;25.5;25.5;25.5
1391;30.954;25.5;25.5;25.5;25.5;25.5;25.5;25.5;25.5;25.5;25.5;25.5;25.5;25.5;25.5;25.5;25.5;25.5;25.828;25.5;25.5;25.5;25.5;25.5;25.5;25.5;25.5;25.5;25.5;25.5
1392;56.502;25.5;25.5;25.5;25.5;25.5;25.5;25.5;25.5;25.5;25.5;25.5;25.5;25.5;25.5;25.5;25.5;25.5;25.5;25.5;25.5;25.5;25.5;25.5;25.5;25.5;25.5;25.5;25.5;25.5
1393;176.716;25.5;25.5;25.5;25.5;25.5;25.5;25.5;25.5;25.5;25.5;25.5;25.5;25.5;25.5;25.5;25.5;25.5;25.5;25.5;25.5;25.5;25.5;25.5;25.5;25.5;25.5;25.5;25.5;25.5
1394;320.548;25.664;25.5;25.828;25.5;25.5;25.5;25.5;25.5;25.664;25.5;25.5;25.5;25.5;25.5;25.5;25.5;25.5;27.96;25.5;25.5;25.5;25.5;25.5;25.5;25.5;25.5;25.5;25.5;25.5
1395;26.648;25.5;25.5;25.5;25.5;25.5;25.5;25.5;25.5;25.5;25.5;25.5;25.5;25.5;25.5;25.5;25.5;25.5;25.5;25.5;25.5;25.5;25.5;25.5;25.5;25.5;25.5;25.5;25.5;25.5
1396;25.5;25.5;25.5;25.5;25.5;25.5;25.5;25.5;25.5;25.5;25.5;25.5;25.5;25.5;25.5;25.5;25.5;25.5;25.5;25.5;25.5;25.5;25.5;25.5;25.5;25.5;25.5;25.5;25.5;25.5
1397;102.476;25.5;25.664;25.5;25.5;25.5;25.5;25.5;25.5;25.5;25.5;25.5;25.5;25.5;25.5;25.5;25.5;25.5;25.5;25.5;25.5;25.5;25.5;25.5;25.5;25.5;25.5;25.5;25.5;25.5
1398;19.125;19.125;19.125;19.125;19.125;19.125;19.125;19.125;19.125;19.125;19.125;19.125;19.125;19.125;19.125;19.125;19.125;19.125;19.125;19.125;19.125;19.125;19.125;19.125;19.125;19.125;19.125;19.125;19.125;19.125
1399;5153.316000000001;26.648;25.664;25.664;25.5;25.5;25.5;25.5;25.5;25.5;25.992;25.992;25.664;25.5;25.5;25.5;25.5;25.5;26.484;25.5;25.5;25.5;25.5;25.5;25.5;25.5;25.5;25.5;25.5;25.664
1400;2008.0410000000002;19.945;19.453;21.093;19.125;19.125;19.125;19.125;19.125;19.453;19.125;19.125;19.945;19.453;19.125;19.125;19.289;19.125;20.929;19.125;19.125;19.453;19.125;19.125;19.125;19.125;19.125;19.125;19.125;19.289
1401;1418.954;26.32;26.976;26.32;25.5;25.5;25.5;25.5;25.5;25.664;25.828;26.156;26.32;25.828;25.664;25.664;25.664;25.5;26.32;25.5;25.5;26.156;27.14;25.5;25.5;25.5;25.5;25.5;25.5;25.828
1402;1336.6680000000001;26.32;25.828;25.992;25.5;25.5;25.5;25.5;25.5;25.664;26.156;26.156;26.32;25.992;26.484;25.828;25.5;25.5;25.5;25.5;25.5;25.5;25.5;25.5;25.5;25.5;25.5;25.5;25.5;25.5
1403;2732.277;26.32;25.992;25.828;25.5;25.5;25.5;25.5;25.5;25.664;25.5;25.828;25.992;25.992;25.5;25.828;25.5;25.5;31.568;25.5;25.5;26.156;26.812;25.5;25.5;25.5;25.828;25.992;25.828;25.992
1404;25.5;25.5;25.5;25.5;25.5;25.5;25.5;25.5;25.5;25.5;25.5;25.5;25.5;25.5;25.5;25.5;25.5;25.5;25.5;25.5;25.5;25.5;25.5;25.5;25.5;25.5;25.5;25.5;25.5;25.5
1405;167.52;25.992;25.5;25.992;25.5;25.5;25.5;25.5;25.5;25.5;25.5;25.5;25.5;25.5;25.5;25.5;25.5;25.5;25.5;25.5;25.5;25.5;25.5;25.5;25.5;25.5;25.5;25.5;25.5;25.5
1406;25.5;25.5;25.5;25.5;25.5;25.5;25.5;25.5;25.5;25.5;25.5;25.5;25.5;25.5;25.5;25.5;25.5;25.5;25.5;25.5;25.5;25.5;25.5;25.5;25.5;25.5;25.5;25.5;25.5;25.5
1407;173.84;25.992;25.828;25.664;25.5;25.5;25.5;25.5;25.5;25.5;25.5;25.5;25.5;25.5;25.5;25.5;25.5;25.5;25.5;25.5;25.5;25.5;25.5;25.5;25.5;25.5;25.5;25.5;25.5;25.5
1408;85.564;25.828;25.5;25.5;25.5;25.5;25.5;25.5;25.5;25.5;25.5;25.5;25.5;25.5;25.5;25.5;25.5;25.5;25.5;25.5;25.5;25.5;25.5;25.5;25.5;25.5;25.5;25.5;25.5;25.5
1409;149.387;25.5;25.5;25.992;25.5;25.5;25.5;25.5;25.5;25.5;25.5;25.5;25.5;25.5;25.5;25.5;25.5;25.5;25.5;25.5;25.5;25.5;25.5;25.5;25.5;25.5;25.5;25.5;25.5;25.5
1410;603.315;25.664;26.156;25.5;25.5;25.5;25.5;25.5;25.5;25.664;25.5;25.664;25.828;25.828;25.5;25.664;25.5;25.5;26.484;25.5;25.5;25.5;25.5;25.5;25.5;25.5;25.5;25.5;25.828;25.828
1411;340.364;25.5;25.5;25.5;25.5;25.5;25.5;25.5;25.5;25.5;25.5;25.5;25.5;25.5;25.5;25.5;25.5;25.5;25.5;25.5;25.5;25.5;25.5;25.5;25.5;25.5;25.5;25.5;25.5;25.5
1412;481.928;25.992;25.5;25.828;25.5;25.5;25.5;25.5;25.5;25.992;25.5;26.32;25.828;25.828;25.5;25.992;25.5;25.5;27.468;25.5;25.5;25.5;25.5;25.5;25.5;25.5;25.5;25.5;25.5;25.664
1413;3210.799;19.945;19.453;19.289;19.125;19.125;19.125;19.125;19.125;19.125;19.125;19.125;19.125;19.125;19.125;19.125;19.125;19.125;19.781;19.125;19.125;19.125;19.125;19.125;19.125;19.125;19.125;19.125;19.125;19.125
1414;860.244;26.976;25.828;25.828;25.5;25.5;25.5;25.5;25.5;25.664;25.664;25.828;26.484;26.156;25.5;25.664;25.5;25.5;28.124;25.5;25.5;25.992;26.484;25.5;25.5;25.5;25.664;25.5;25.5;26.484
1415;25.5;25.5;25.5;25.5;25.5;25.5;25.5;25.5;25.5;25.5;25.5;25.5;25.5;25.5;25.5;25.5;25.5;25.5;25.5;25.5;25.5;25.5;25.5;25.5;25.5;25.5;25.5;25.5;25.5;25.5
1416;457.50100000000003;25.5;25.664;25.5;25.5;25.5;25.5;25.5;25.5;25.5;25.5;25.5;25.664;25.5;25.5;25.5;25.5;25.5;28.124;25.5;25.5;25.664;25.5;25.5;25.5;25.5;25.5;25.5;25.5;25.5
1417;103.005;25.5;25.5;25.5;25.5;25.5;25.5;25.5;25.5;25.5;25.5;25.5;25.5;25.5;25.5;25.5;25.5;25.5;25.5;25.5;25.5;25.5;25.5;25.5;25.5;25.5;25.5;25.5;25.5;25.5
1418;19.125;19.125;19.125;19.125;19.125;19.125;19.125;19.125;19.125;19.125;19.125;19.125;19.125;19.125;19.125;19.125;19.125;19.125;19.125;19.125;19.125;19.125;19.125;19.125;19.125;19.125;19.125;19.125;19.125;19.125
1419;414.475;25.5;25.664;25.5;25.5;25.5;25.5;25.5;25.5;25.664;25.5;25.664;26.156;25.664;25.5;25.5;25.5;25.5;27.304;25.5;25.5;25.5;25.664;25.5;25.5;25.5;25.5;25.5;25.5;25.5
1420;34.168;25.5;25.5;25.5;25.5;25.5;25.5;25.5;25.5;25.5;25.5;25.5;25.5;25.5;25.5;25.5;25.5;25.5;25.5;25.5;25.5;25.5;25.5;25.5;25.5;25.5;25.5;25.5;25.5;25.5
1421;478.565;25.664;25.992;25.5;25.5;25.5;25.5;25.5;25.5;25.5;25.5;25.5;25.5;25.5;25.5;25.5;25.5;25.5;25.992;25.5;25.5;25.5;25.5;25.5;25.5;25.5;25.5;25.5;25.5;25.5
1422;25.5;25.5;25.5;25.5;25.5;25.5;25.5;25.5;25.5;25.5;25.5;25.5;25.5;25.5;25.5;25.5;25.5;25.5;25.5;25.5;25.5;25.5;25.5;25.5;25.5;25.5;25.5;25.5;25.5;25.5
1423;216.758;25.664;25.5;25.5;25.5;25.5;25.5;25.5;25.5;25.5;25.5;25.5;25.5;25.5;25.5;25.5;25.5;25.5;25.664;25.5;25.5;25.5;25.5;25.5;25.5;25.5;25.5;25.5;25.5;25.5
1424;19.125;19.125;19.125;19.125;19.125;19.125;19.125;19.125;19.125;19.125;19.125;19.125;19.125;19.125;19.125;19.125;19.125;19.125;19.125;19.125;19.125;19.125;19.125;19.125;19.125;19.125;19.125;19.125;19.125;19.125
1425;19.125;19.125;19.125;19.125;19.125;19.125;19.125;19.125;19.125;19.125;19.125;19.125;19.125;19.125;19.125;19.125;19.125;19.125;19.125;19.125;19.125;19.125;19.125;19.125;19.125;19.125;19.125;19.125;19.125;19.125
1426;288.662;25.5;25.664;25.992;25.5;25.5;25.5;25.5;25.5;25.5;25.5;25.5;25.5;25.5;25.5;25.5;25.5;25.5;27.304;25.5;25.5;25.5;25.5;25.5;25.5;25.5;25.5;25.5;25.5;25.5
1427;40.589;25.5;25.5;25.828;25.5;25.5;25.5;25.5;25.5;25.5;25.5;25.5;25.5;25.5;25.5;25.5;25.5;25.5;25.5;25.5;25.5;25.5;25.5;25.5;25.5;25.5;25.5;25.5;25.5;25.5
1428;507.764;25.664;25.664;25.992;25.5;25.5;25.5;25.5;25.5;25.5;25.5;25.5;25.664;25.5;25.5;25.5;25.5;25.5;26.976;25.5;25.5;25.5;25.5;25.5;25.5;25.5;25.5;25.5;25.5;25.664
1429;720.569;19.125;19.125;19.125;19.125;19.125;19.125;19.125;19.125;19.125;19.125;19.125;19.125;19.125;19.125;19.125;19.125;19.125;20.765;19.125;19.125;19.125;19.125;19.125;19.125;19.125;19.125;19.125;19.125;19.125
1430;124.10300000000001;19.125;19.125;19.125;19.125;19.125;19.125;19.125;19.125;19.125;19.125;19.125;19.125;19.125;19.125;19.125;19.125;19.125;19.289;19.125;19.125;19.125;19.125;19.125;19.125;19.125;19.125;19.125;19.125;19.125
1431;956.6030000000001;25.828;25.828;26.156;25.5;25.5;25.5;25.5;25.5;25.5;25.5;25.664;25.828;25.992;25.5;25.5;25.5;25.5;27.304;25.5;25.5;25.5;25.5;25.5;25.5;25.5;25.5;25.5;25.5;25.5
1432;372.15700000000004;25.5;25.5;25.5;25.5;25.5;25.5;25.5;25.5;25.5;25.5;25.5;25.5;25.5;25.5;25.5;25.5;25.5;25.664;25.5;25.5;25.5;25.5;25.5;25.5;25.5;25.5;25.5;25.5;25.5
1433;860.931;25.5;25.5;25.992;25.5;25.5;25.5;25.5;25.5;26.156;25.828;25.664;25.5;25.828;25.5;25.828;25.5;25.5;26.484;25.5;25.5;25.5;26.156;25.5;25.5;25.5;25.828;25.5;25.5;26.156
1434;25.5;25.5;25.5;25.5;25.5;25.5;25.5;25.5;25.5;25.5;25.5;25.5;25.5;25.5;25.5;25.5;25.5;25.5;25.5;25.5;25.5;25.5;25.5;25.5;25.5;25.5;25.5;25.5;25.5;25.5
1435;26.156;25.5;25.5;25.5;25.5;25.5;25.5;25.5;25.5;25.5;25.5;25.5;25.5;25.5;25.5;25.5;25.5;25.5;25.5;25.5;25.5;25.5;25.5;25.5;25.5;25.5;25.5;25.5;25.5;25.5
1436;634.752;19.781;19.289;19.125;19.125;19.125;19.125;19.125;19.125;19.289;19.125;19.289;20.109;19.125;19.125;19.289;19.125;19.125;24.701;19.125;19.125;19.289;19.453;19.125;19.125;19.125;19.289;19.453;19.125;19.781
1437;92.555;25.5;25.5;25.5;25.5;25.5;25.5;25.5;25.5;25.5;25.5;25.5;25.5;25.5;25.5;25.5;25.5;25.5;25.5;25.5;25.5;25.5;25.5;25.5;25.5;25.5;25.5;25.5;25.5;25.5
1438;26.484;25.5;25.5;25.664;25.5;25.5;25.5;25.5;25.5;25.5;25.5;25.5;25.5;25.5;25.5;25.5;25.5;25.5;25.5;25.5;25.5;25.5;25.5;25.5;25.5;25.5;25.5;25.5;25.5;25.5
1439;1509.4389999999999;25.828;25.828;25.828;25.5;25.5;25.5;25.5;25.5;25.992;25.664;25.5;25.828;25.828;25.5;25.664;25.5;25.5;26.484;25.5;25.5;25.5;25.664;25.5;25.5;25.5;25.5;25.5;25.5;25.5
1440;742.2060000000001;26.32;25.664;26.648;25.5;25.5;25.5;25.5;25.5;26.156;25.5;25.828;25.828;26.156;25.5;25.828;25.5;25.5;28.288;25.5;25.5;25.5;26.812;25.5;25.5;25.5;25.5;25.5;25.992;27.14
1441;515.5550000000001;25.992;25.5;25.5;25.5;25.5;25.5;25.5;25.5;25.5;25.992;25.5;25.5;25.5;25.5;25.5;25.5;25.5;27.96;25.5;25.5;25.5;25.5;25.5;25.5;25.5;25.5;25.5;25.5;26.156
1442;623.5430000000001;27.632;25.664;26.156;25.5;25.5;25.5;25.5;25.5;25.828;26.156;25.664;25.664;25.5;25.5;25.5;25.5;25.5;28.451999999999998;25.5;25.5;25.664;26.156;25.5;25.5;25.5;25.992;25.828;26.32;25.5
1443;487.569;25.5;25.5;25.5;25.5;25.5;25.5;25.5;25.5;25.5;25.5;25.5;25.5;25.5;25.5;25.5;25.5;25.5;30.748;25.5;25.5;25.5;25.5;25.5;25.5;25.5;25.5;25.5;25.5;25.5
1444;2449.0190000000002;19.453;19.125;19.453;19.125;19.125;19.125;19.125;19.125;19.289;19.125;19.125;19.289;19.125;19.125;19.125;19.125;19.125;19.617;19.125;19.125;19.125;19.125;19.125;19.125;19.125;19.125;19.125;19.125;19.125
1445;458.611;25.828;25.828;26.812;25.5;25.5;25.5;25.5;25.5;25.5;25.5;25.5;25.5;25.5;25.5;25.5;25.5;25.5;25.828;25.5;25.5;25.5;25.5;25.5;25.5;25.5;25.5;25.5;25.5;25.5
1446;816.546;25.828;25.828;25.5;25.5;25.5;25.5;25.5;25.5;25.5;25.5;25.5;25.5;25.5;25.5;25.5;25.5;25.5;37.472;25.5;25.5;25.5;25.5;25.5;25.5;25.5;25.5;25.5;25.5;25.5
1447;303.251;19.945;19.781;19.289;19.125;19.125;19.125;19.125;19.125;19.125;19.125;19.125;19.125;19.125;19.125;19.125;19.125;19.125;19.453;19.125;19.125;19.125;19.125;19.125;19.125;19.125;19.125;19.125;19.125;19.125
1448;25.5;25.5;25.5;25.5;25.5;25.5;25.5;25.5;25.5;25.5;25.5;25.5;25.5;25.5;25.5;25.5;25.5;25.5;25.5;25.5;25.5;25.5;25.5;25.5;25.5;25.5;25.5;25.5;25.5;25.5
1449;89.304;25.5;25.5;25.664;25.5;25.5;25.5;25.5;25.5;25.5;25.5;25.5;25.5;25.5;25.5;25.5;25.5;25.5;25.5;25.5;25.5;25.5;25.5;25.5;25.5;25.5;25.5;25.5;25.5;25.5
1450;25.5;25.5;25.5;25.5;25.5;25.5;25.5;25.5;25.5;25.5;25.5;25.5;25.5;25.5;25.5;25.5;25.5;25.5;25.5;25.5;25.5;25.5;25.5;25.5;25.5;25.5;25.5;25.5;25.5;25.5
1451;25.5;25.5;25.5;25.5;25.5;25.5;25.5;25.5;25.5;25.5;25.5;25.5;25.5;25.5;25.5;25.5;25.5;25.5;25.5;25.5;25.5;25.5;25.5;25.5;25.5;25.5;25.5;25.5;25.5;25.5
1452;1954.117;19.453;19.617;19.617;19.125;19.125;19.125;19.125;19.125;19.125;19.125;19.125;19.125;19.125;19.125;19.125;19.289;19.125;25.029;19.125;19.125;19.125;19.125;19.125;19.125;19.125;19.125;19.125;19.289;19.125
1453;25.5;25.5;25.5;25.5;25.5;25.5;25.5;25.5;25.5;25.5;25.5;25.5;25.5;25.5;25.5;25.5;25.5;25.5;25.5;25.5;25.5;25.5;25.5;25.5;25.5;25.5;25.5;25.5;25.5;25.5
1454;595.1700000000001;25.664;25.992;25.664;25.5;25.5;25.5;25.5;25.5;25.5;25.5;25.664;25.664;25.992;25.5;25.5;25.5;25.5;29.764;25.5;25.5;25.664;25.5;25.5;25.5;25.5;25.5;25.5;25.828;25.5
1455;25.5;25.5;25.5;25.5;25.5;25.5;25.5;25.5;25.5;25.5;25.5;25.5;25.5;25.5;25.5;25.5;25.5;25.5;25.5;25.5;25.5;25.5;25.5;25.5;25.5;25.5;25.5;25.5;25.5;25.5
1456;830.2050000000002;25.5;25.664;25.5;25.5;25.5;25.5;25.5;25.5;25.5;25.5;25.664;25.828;25.5;25.5;25.5;25.5;25.5;27.96;25.5;25.5;25.5;25.5;25.5;25.5;25.5;25.5;25.5;25.5;25.5
1457;25.5;25.5;25.5;25.5;25.5;25.5;25.5;25.5;25.5;25.5;25.5;25.5;25.5;25.5;25.5;25.5;25.5;25.5;25.5;25.5;25.5;25.5;25.5;25.5;25.5;25.5;25.5;25.5;25.5;25.5
1458;514.615;25.828;25.5;25.5;25.5;25.5;25.5;25.5;25.5;25.5;25.5;25.5;25.5;25.5;25.5;25.5;25.5;25.5;26.156;25.5;25.5;25.5;25.5;25.5;25.5;25.5;25.5;25.5;25.5;25.5
1459;20.615;19.125;19.125;19.125;19.125;19.125;19.125;19.125;19.125;19.125;19.125;19.125;19.125;19.125;19.125;19.125;19.125;19.125;19.125;19.125;19.125;19.125;19.125;19.125;19.125;19.125;19.125;19.125;19.125;19.125
1460;137.572;25.664;25.5;25.5;25.5;25.5;25.5;25.5;25.5;25.5;25.5;25.5;25.5;25.5;25.5;25.5;25.5;25.5;25.992;25.5;25.5;25.5;25.5;25.5;25.5;25.5;25.5;25.5;25.5;25.5
1461;2651.6150000000002;26.484;25.992;26.32;25.5;25.5;25.5;25.5;25.5;25.664;25.828;25.828;25.664;25.992;25.5;25.664;25.5;25.5;30.584;25.5;25.5;25.5;26.156;25.5;25.5;25.5;25.664;25.5;25.828;25.5
1462;1261.41;19.289;19.289;19.781;19.125;19.125;19.125;19.125;19.125;19.289;19.617;19.289;19.453;19.289;19.289;19.617;19.125;19.125;23.881;19.125;19.125;19.125;19.125;19.125;19.125;19.125;19.125;19.125;19.289;19.125
1463;196.98500000000004;25.5;25.5;26.976;25.5;25.5;25.5;25.5;25.5;25.5;25.5;25.5;25.5;25.5;25.5;25.5;25.5;25.5;25.5;25.5;25.5;25.5;25.5;25.5;25.5;25.5;25.5;25.5;25.5;25.5
1464;1811.305;19.617;19.781;19.125;19.125;19.125;19.125;19.125;19.125;19.289;19.125;19.617;19.453;19.617;19.125;19.289;19.125;19.125;22.733;19.125;19.125;19.125;19.125;19.125;19.125;19.125;19.125;19.125;19.125;19.125
1465;1038.5;25.992;25.5;25.5;25.5;25.5;25.5;25.5;25.5;25.5;25.5;25.5;25.5;25.5;25.5;25.5;25.5;25.5;25.5;25.5;25.5;25.5;25.5;25.5;25.5;25.5;25.5;25.5;25.5;25.5
1466;285.795;25.5;25.992;26.976;25.5;25.5;25.5;25.5;25.5;25.5;25.5;25.664;25.5;25.5;25.5;25.5;25.5;25.5;28.944;25.5;25.5;25.5;25.5;25.664;25.5;25.5;25.5;25.5;25.5;25.5
1467;287.85;25.992;25.5;25.992;25.5;25.5;25.5;25.5;25.5;25.5;25.5;25.5;25.5;25.5;25.5;25.5;25.5;25.5;28.288;25.5;25.5;25.5;25.5;25.5;25.5;25.5;25.5;25.5;25.664;25.5
1468;19.125;19.125;19.125;19.125;19.125;19.125;19.125;19.125;19.125;19.125;19.125;19.125;19.125;19.125;19.125;19.125;19.125;19.125;19.125;19.125;19.125;19.125;19.125;19.125;19.125;19.125;19.125;19.125;19.125;19.125
1469;48.109;25.5;25.5;25.5;25.5;25.5;25.5;25.5;25.5;25.5;25.5;25.5;25.5;25.5;25.5;25.5;25.5;25.5;26.32;25.5;25.5;25.5;25.5;25.5;25.5;25.5;25.5;25.5;25.5;25.5
1470;45.69;25.5;25.5;25.5;25.5;25.5;25.5;25.5;25.5;25.5;25.5;25.5;25.5;25.5;25.5;25.5;25.5;25.5;25.5;25.5;25.5;25.5;25.5;25.5;25.5;25.5;25.5;25.5;25.5;25.5
1471;31.46;25.5;25.5;25.5;25.5;25.5;25.5;25.5;25.5;25.5;25.5;25.5;25.5;25.5;25.5;25.5;25.5;25.5;25.5;25.5;25.5;25.5;25.5;25.5;25.5;25.5;25.5;25.5;25.5;25.5
1472;692.148;25.664;25.5;25.664;25.5;25.5;25.5;25.5;25.5;25.5;25.5;25.5;25.5;25.5;25.5;25.5;25.5;25.5;27.96;25.5;25.5;25.5;25.5;25.5;25.5;25.5;25.5;25.5;25.5;25.5
1473;1246.7730000000001;25.828;25.828;25.5;25.5;25.5;25.5;25.5;25.5;25.664;25.664;25.664;25.828;25.5;25.5;25.828;25.664;25.5;27.468;25.5;25.5;25.5;25.664;25.5;25.5;25.5;25.5;25.5;25.5;25.828
1474;1798.4569999999999;19.125;19.125;19.125;19.125;19.125;19.125;19.125;19.125;19.125;19.125;19.617;19.125;19.289;19.289;19.125;19.125;19.125;20.109;19.125;19.125;19.453;19.125;19.125;19.125;19.125;19.125;19.125;19.125;19.125
1475;907.802;19.125;19.125;19.617;19.125;19.125;19.125;19.125;19.125;19.125;19.125;19.125;19.617;19.453;19.125;19.125;19.125;19.125;23.389;19.125;19.125;19.125;19.289;19.125;19.125;19.125;19.125;19.125;19.125;19.125
1476;444.07500000000005;25.664;25.5;25.5;25.5;25.5;25.5;25.5;25.5;25.5;25.5;25.5;25.5;25.5;25.5;25.5;25.5;25.5;27.468;25.5;25.5;25.5;25.5;25.5;25.5;25.5;25.5;25.5;25.5;25.5
1477;613.9870000000001;25.5;25.5;25.5;25.5;25.5;25.5;25.5;25.5;25.5;25.5;25.5;25.5;25.5;25.5;25.5;25.5;25.5;27.796;25.5;25.5;25.5;25.5;25.5;25.5;25.5;25.5;25.5;25.828;25.5
1478;434.177;25.664;25.5;25.5;25.5;25.5;25.5;25.5;25.5;25.5;25.5;25.5;25.5;25.5;25.5;25.5;25.5;25.5;25.664;25.5;25.5;25.5;25.5;25.5;25.5;25.5;25.5;25.5;25.5;25.5
1479;25.5;25.5;25.5;25.5;25.5;25.5;25.5;25.5;25.5;25.5;25.5;25.5;25.5;25.5;25.5;25.5;25.5;25.5;25.5;25.5;25.5;25.5;25.5;25.5;25.5;25.5;25.5;25.5;25.5;25.5
1480;2677.355;25.5;25.828;25.828;25.5;25.5;25.5;25.5;25.5;25.664;25.5;25.664;25.828;25.664;25.5;25.664;25.5;25.5;34.684;25.5;25.5;25.828;26.812;25.5;25.5;25.5;25.5;25.5;25.5;25.992
1481;1152.292;25.828;25.5;25.5;25.5;25.5;25.5;25.5;25.5;25.5;25.5;25.5;25.5;25.5;25.5;25.5;25.5;25.5;26.648;25.5;25.5;25.5;25.664;25.5;25.5;25.5;25.828;25.5;25.5;25.5
1482;876.9630000000001;19.289;19.617;19.945;19.125;19.125;19.125;19.125;19.125;19.453;19.125;19.289;19.453;19.289;19.289;19.453;19.125;19.125;25.357;19.125;19.125;19.453;21.093;19.125;19.125;19.125;19.125;19.125;19.125;20.437
1483;593.366;25.664;25.664;25.5;25.5;25.5;25.5;25.5;25.5;25.5;25.5;25.5;25.5;25.5;25.5;25.5;25.664;25.5;25.664;25.5;25.5;25.5;25.5;25.5;25.5;25.5;25.5;25.5;25.5;25.5
1484;1471.118;25.664;25.664;25.828;25.5;25.5;25.5;25.5;25.5;25.5;25.5;25.5;25.664;25.5;25.5;25.5;25.664;25.5;26.32;25.5;25.5;25.5;25.5;25.5;25.5;25.5;25.5;25.5;25.5;26.156
1485;400.452;25.828;25.5;25.5;25.5;25.5;25.5;25.5;25.5;25.5;25.5;25.5;25.5;25.5;25.5;25.5;25.5;25.5;25.5;25.5;25.5;25.5;25.5;25.5;25.5;25.5;25.5;25.5;25.5;25.5
1486;854.173;25.5;25.664;25.664;25.5;25.5;25.5;25.5;25.5;25.828;26.156;25.664;25.828;25.828;25.664;25.828;25.5;25.5;25.992;25.5;25.5;25.828;26.812;25.5;25.5;25.5;25.664;25.5;25.5;26.484
1487;381.485;25.5;25.664;25.5;25.5;25.5;25.5;25.5;25.5;25.5;25.5;25.5;25.5;25.5;25.5;25.5;25.5;25.5;27.468;25.5;25.5;25.5;25.5;25.5;25.5;25.5;25.5;25.5;25.5;25.5
1488;5466.205;19.125;19.289;19.289;19.125;19.125;19.125;19.125;19.125;19.289;19.125;19.289;19.617;19.453;19.125;19.453;19.125;19.125;24.045;19.125;19.125;19.125;20.273;19.125;19.125;19.125;19.125;19.125;19.453;19.125
1489;777.995;25.992;25.828;25.664;25.5;25.5;25.5;25.5;25.5;25.828;25.5;25.5;25.992;25.664;25.5;25.5;25.5;25.5;27.468;25.5;25.664;26.484;25.5;25.5;25.5;25.5;25.5;25.5;25.664;25.664
1490;431.306;25.664;25.664;26.156;25.5;25.5;25.5;25.5;25.5;25.5;25.5;25.5;25.5;25.5;25.5;25.5;25.5;25.5;25.664;25.5;25.5;25.5;25.5;25.5;25.5;25.5;25.5;25.5;25.5;25.5
1491;25.5;25.5;25.5;25.5;25.5;25.5;25.5;25.5;25.5;25.5;25.5;25.5;25.5;25.5;25.5;25.5;25.5;25.5;25.5;25.5;25.5;25.5;25.5;25.5;25.5;25.5;25.5;25.5;25.5;25.5
1492;1056.5890000000002;25.5;25.5;25.828;25.5;25.5;25.5;25.5;25.5;25.5;25.5;25.828;25.5;25.5;25.5;25.5;25.5;25.5;27.304;25.5;25.5;25.5;25.664;25.5;25.5;25.5;25.5;25.5;25.5;25.5
1493;772.58;19.289;19.617;19.289;19.125;19.125;19.125;19.125;19.125;19.125;19.453;19.125;19.125;19.125;19.125;19.125;19.125;19.125;22.405;19.125;19.125;19.125;19.125;19.125;19.125;19.125;19.125;19.125;19.125;19.289
1494;353.164;25.5;25.664;25.992;25.5;25.5;25.5;25.5;25.5;25.664;25.664;25.664;25.992;25.5;25.5;25.5;25.5;25.5;31.076;25.5;25.5;25.664;25.664;25.5;25.5;25.5;25.5;25.5;25.664;25.5
1495;1438.7990000000002;26.156;25.992;25.828;25.5;25.5;25.5;25.5;25.5;25.664;25.664;25.664;25.992;25.828;25.5;25.664;25.5;25.5;28.78;25.5;25.5;25.664;26.648;25.5;25.5;25.5;25.5;25.5;25.5;26.32
1496;560.694;25.5;25.5;25.5;25.5;25.5;25.5;25.5;25.5;25.5;25.5;25.5;25.5;25.5;25.5;25.5;25.5;25.5;28.616;25.5;25.5;25.5;25.5;25.5;25.5;25.5;25.5;25.5;25.5;25.5
1497;584.769;25.828;26.32;25.992;25.5;25.5;25.5;25.5;25.5;25.5;25.5;25.664;25.5;25.5;25.5;25.5;25.5;25.5;28.616;25.5;25.5;25.5;25.664;25.5;25.5;25.5;25.5;25.5;25.5;25.5
1498;646.971;25.5;25.664;25.5;25.5;25.5;25.5;25.5;25.5;25.5;25.5;25.5;25.664;25.664;25.5;25.5;25.5;25.5;27.632;25.5;25.5;25.664;25.5;25.5;25.5;25.5;25.5;25.5;25.5;25.5
1499;25.5;25.5;25.5;25.5;25.5;25.5;25.5;25.5;25.5;25.5;25.5;25.5;25.5;25.5;25.5;25.5;25.5;25.5;25.5;25.5;25.5;25.5;25.5;25.5;25.5;25.5;25.5;25.5;25.5;25.5
1500;25.5;25.5;25.5;25.5;25.5;25.5;25.5;25.5;25.5;25.5;25.5;25.5;25.5;25.5;25.5;25.5;25.5;25.5;25.5;25.5;25.5;25.5;25.5;25.5;25.5;25.5;25.5;25.5;25.5;25.5
1501;271.09000000000003;25.5;25.5;25.5;25.5;25.5;25.5;25.5;25.5;25.5;25.5;25.5;25.5;25.5;25.5;25.5;25.5;25.5;25.828;25.5;25.5;25.5;25.5;25.5;25.5;25.5;25.5;25.5;25.5;25.664
1502;1621.0059999999999;26.812;25.992;26.648;25.5;25.5;25.5;25.5;25.5;25.5;25.5;25.5;25.5;25.5;25.5;25.664;25.5;25.5;34.028;25.5;25.5;25.828;25.5;25.5;25.5;25.5;25.5;25.5;25.5;25.5
1503;25.5;25.5;25.5;25.5;25.5;25.5;25.5;25.5;25.5;25.5;25.5;25.5;25.5;25.5;25.5;25.5;25.5;25.5;25.5;25.5;25.5;25.5;25.5;25.5;25.5;25.5;25.5;25.5;25.5;25.5
1504;868.558;26.156;25.5;25.828;25.5;25.5;25.5;25.5;25.5;25.992;25.5;25.664;25.5;25.664;25.664;25.5;25.5;25.5;28.451999999999998;25.5;25.5;25.828;25.5;25.5;25.5;25.5;25.5;25.5;25.5;25.5
1505;25.5;25.5;25.5;25.5;25.5;25.5;25.5;25.5;25.5;25.5;25.5;25.5;25.5;25.5;25.5;25.5;25.5;25.5;25.5;25.5;25.5;25.5;25.5;25.5;25.5;25.5;25.5;25.5;25.5;25.5
1506;25.5;25.5;25.5;25.5;25.5;25.5;25.5;25.5;25.5;25.5;25.5;25.5;25.5;25.5;25.5;25.5;25.5;25.5;25.5;25.5;25.5;25.5;25.5;25.5;25.5;25.5;25.5;25.5;25.5;25.5
1507;25.5;25.5;25.5;25.5;25.5;25.5;25.5;25.5;25.5;25.5;25.5;25.5;25.5;25.5;25.5;25.5;25.5;25.5;25.5;25.5;25.5;25.5;25.5;25.5;25.5;25.5;25.5;25.5;25.5;25.5
1508;1198.611;19.453;19.781;19.617;19.125;19.125;19.125;19.125;19.125;19.289;19.289;19.289;19.617;19.453;19.125;19.945;19.125;19.125;21.585;19.125;19.125;19.289;19.289;19.125;19.125;19.125;19.289;19.125;19.125;19.453
1509;19.125;19.125;19.125;19.125;19.125;19.125;19.125;19.125;19.125;19.125;19.125;19.125;19.125;19.125;19.125;19.125;19.125;19.125;19.125;19.125;19.125;19.125;19.125;19.125;19.125;19.125;19.125;19.125;19.125;19.125
1510;674.741;25.5;25.992;26.648;25.5;25.5;25.5;25.5;25.5;25.5;25.5;25.5;25.5;25.5;25.5;25.5;25.5;25.5;26.812;25.5;25.5;25.5;25.5;25.5;25.5;25.5;25.5;25.5;25.828;25.828
1511;25.5;25.5;25.5;25.5;25.5;25.5;25.5;25.5;25.5;25.5;25.5;25.5;25.5;25.5;25.5;25.5;25.5;25.5;25.5;25.5;25.5;25.5;25.5;25.5;25.5;25.5;25.5;25.5;25.5;25.5
1512;174.339;26.156;25.664;25.5;25.5;25.5;25.5;25.5;25.5;25.5;25.5;25.5;25.664;25.5;25.5;25.5;25.5;25.5;27.632;25.5;25.5;25.5;25.5;25.5;25.5;25.5;25.5;25.5;25.5;25.5
1513;552.23;25.5;25.5;25.664;25.5;25.5;25.5;25.5;25.5;25.664;25.5;25.664;25.828;25.664;25.5;25.5;25.5;25.5;27.796;25.5;25.5;25.5;25.5;25.5;25.5;25.5;25.5;25.5;25.5;25.992
1514;1080.1750000000002;25.5;25.664;25.5;25.5;25.5;25.5;25.5;25.5;25.664;25.5;25.664;25.992;25.5;25.5;25.5;25.5;25.5;30.42;25.5;25.5;25.664;25.992;25.5;25.5;25.5;25.5;25.5;25.5;25.5
1515;454.717;25.5;25.992;25.828;25.5;25.5;25.5;25.5;25.5;25.5;25.5;25.664;25.5;25.5;25.5;25.5;25.5;25.5;25.828;25.5;25.5;25.5;25.5;25.5;25.5;25.5;25.5;25.5;25.5;25.5
1516;128.017;25.5;25.5;25.5;25.5;25.5;25.5;25.5;25.5;25.5;25.5;25.5;25.5;25.5;25.5;25.5;25.5;25.5;26.812;25.5;25.5;25.5;25.5;25.5;25.5;25.5;25.5;25.5;25.5;25.5
1517;2875.3230000000003;19.125;19.289;19.945;19.125;19.125;19.125;19.125;19.125;19.125;19.125;19.125;19.125;19.125;19.125;19.125;19.125;19.125;19.945;19.125;19.125;19.289;19.125;19.125;19.125;19.125;19.125;19.125;19.781;19.125
1518;1336.909;26.156;26.156;25.5;25.5;25.5;25.5;25.5;25.5;25.5;25.5;25.5;25.5;25.5;25.5;25.5;25.5;25.5;29.6;25.5;25.5;25.5;25.5;25.5;25.5;25.5;25.5;25.5;25.5;25.5
1519;468.776;19.453;19.617;19.781;19.125;19.125;19.125;19.125;19.125;19.453;19.125;19.289;19.125;19.453;19.125;19.125;19.125;19.125;20.109;19.125;19.125;19.125;19.289;19.125;19.125;19.125;19.125;19.125;19.125;19.125
1520;27.96;25.5;25.5;25.5;25.5;25.5;25.5;25.5;25.5;25.5;25.5;25.5;25.5;25.5;25.5;25.5;25.5;25.5;25.664;25.5;25.5;25.5;25.5;25.5;25.5;25.5;25.5;25.5;25.5;25.5
1521;382.786;25.664;25.5;25.5;25.5;25.5;25.5;25.5;25.5;25.5;25.5;25.5;25.5;25.5;25.5;25.5;25.5;25.5;25.992;25.5;25.5;25.5;25.5;25.5;25.5;25.5;25.5;25.5;25.5;25.5
1522;458.508;26.156;25.828;25.992;25.5;25.5;25.5;25.5;25.5;25.5;25.5;25.5;25.5;25.5;25.5;25.5;25.5;25.5;25.5;25.5;25.5;25.5;25.5;25.5;25.5;25.5;25.5;25.5;25.5;25.5
1523;106.132;25.5;25.5;25.5;25.5;25.5;25.5;25.5;25.5;25.5;25.5;25.5;25.5;25.5;25.5;25.5;25.5;25.5;25.828;25.5;25.5;25.5;25.5;25.5;25.5;25.5;25.5;25.5;25.5;25.5
1524;520.894;25.5;25.5;26.32;25.5;25.5;25.5;25.5;25.5;25.5;25.5;25.5;25.5;25.5;25.5;25.5;25.5;25.5;26.648;25.5;25.5;25.5;25.5;25.5;25.5;25.5;25.5;25.5;25.5;25.5
1525;448.187;25.5;25.5;25.5;25.5;25.5;25.5;25.5;25.5;25.5;25.5;25.5;25.5;25.5;25.5;25.5;25.5;25.5;25.664;25.5;25.5;25.5;25.5;25.5;25.5;25.5;25.5;25.5;25.5;25.5
1526;25.5;25.5;25.5;25.5;25.5;25.5;25.5;25.5;25.5;25.5;25.5;25.5;25.5;25.5;25.5;25.5;25.5;25.5;25.5;25.5;25.5;25.5;25.5;25.5;25.5;25.5;25.5;25.5;25.5;25.5
1527;725.191;25.992;26.156;25.5;25.5;25.5;25.5;25.5;25.5;25.5;25.5;25.828;25.664;25.828;25.5;25.5;25.5;25.5;28.124;25.5;25.5;25.5;25.828;25.5;25.5;25.5;25.5;25.5;25.5;25.664
1528;25.5;25.5;25.5;25.5;25.5;25.5;25.5;25.5;25.5;25.5;25.5;25.5;25.5;25.5;25.5;25.5;25.5;25.5;25.5;25.5;25.5;25.5;25.5;25.5;25.5;25.5;25.5;25.5;25.5;25.5
1529;1328.887;20.601;19.453;20.109;19.125;19.125;19.125;19.125;19.125;19.289;19.125;19.453;19.453;19.617;19.289;19.289;19.125;19.125;19.453;19.125;19.125;19.125;20.601;19.125;19.125;19.125;19.125;19.125;19.125;19.453
1530;44.491;25.5;25.664;25.5;25.5;25.5;25.5;25.5;25.5;25.5;25.5;25.5;25.5;25.5;25.5;25.5;25.5;25.5;25.5;25.5;25.5;25.5;25.5;25.5;25.5;25.5;25.5;25.5;25.5;25.5
1531;48.524;25.5;25.5;25.5;25.5;25.5;25.5;25.5;25.5;25.5;25.5;25.5;25.5;25.5;25.5;25.5;25.5;25.5;25.5;25.5;25.5;25.5;25.5;25.5;25.5;25.5;25.5;25.5;25.5;25.5
1532;25.5;25.5;25.5;25.5;25.5;25.5;25.5;25.5;25.5;25.5;25.5;25.5;25.5;25.5;25.5;25.5;25.5;25.5;25.5;25.5;25.5;25.5;25.5;25.5;25.5;25.5;25.5;25.5;25.5;25.5
1533;187.482;25.5;25.5;25.5;25.5;25.5;25.5;25.5;25.5;25.5;25.5;25.5;25.5;25.5;25.5;25.5;25.5;25.5;25.5;25.5;25.5;25.5;25.5;25.5;25.5;25.5;25.5;25.5;25.5;25.5
1534;103.39500000000001;19.125;19.289;19.617;19.125;19.125;19.125;19.125;19.125;19.125;19.125;19.125;19.125;19.125;19.125;19.125;19.125;19.125;19.125;19.125;19.125;19.125;19.125;19.125;19.125;19.125;19.125;19.125;19.125;19.125
1535;1125.832;19.125;19.289;19.617;19.125;19.125;19.125;19.125;19.125;19.453;19.125;19.289;19.781;19.289;19.125;19.453;19.125;19.125;22.241;19.125;19.125;19.289;20.109;19.125;19.125;19.125;19.289;19.125;19.125;19.453
1536;815.229;25.664;25.828;25.828;25.5;25.5;25.5;25.5;25.5;25.5;25.5;25.5;25.5;25.5;25.5;25.5;25.5;25.5;25.828;25.5;25.5;25.5;25.5;25.5;25.5;25.5;25.5;25.5;25.828;25.664
1537;191.04900000000004;25.992;25.992;25.5;25.5;25.5;25.5;25.5;25.5;25.5;25.5;25.5;25.5;25.5;25.5;25.5;25.5;25.5;25.5;25.5;25.5;25.5;25.5;25.5;25.5;25.5;25.5;25.5;25.5;25.5
1538;1215.385;25.5;25.5;25.5;25.5;25.5;25.5;25.5;25.5;25.5;25.5;25.5;25.5;25.5;25.5;25.5;25.5;25.5;28.78;25.5;25.5;25.5;25.5;25.5;25.5;25.5;25.5;25.5;25.5;25.5
1539;453.98;25.5;25.5;25.5;25.5;25.5;25.5;25.5;25.5;25.5;25.5;25.5;25.5;25.5;25.5;25.5;25.5;25.5;27.632;25.5;25.5;25.5;25.5;25.5;25.5;25.5;25.5;25.5;25.5;25.5
1540;25.5;25.5;25.5;25.5;25.5;25.5;25.5;25.5;25.5;25.5;25.5;25.5;25.5;25.5;25.5;25.5;25.5;25.5;25.5;25.5;25.5;25.5;25.5;25.5;25.5;25.5;25.5;25.5;25.5;25.5
1541;292.31600000000003;19.125;19.453;19.125;19.125;19.125;19.125;19.125;19.125;19.125;19.125;19.289;19.125;19.125;19.125;19.125;19.125;19.125;19.453;19.125;19.125;19.125;19.125;19.125;19.125;19.125;19.125;19.125;19.125;19.125
1542;621.5780000000001;26.32;25.664;25.5;25.5;25.5;25.5;25.5;25.5;25.828;25.664;25.664;26.648;25.664;25.5;25.992;25.5;25.5;29.272;25.5;25.5;25.664;25.828;25.5;25.5;25.5;25.5;25.5;25.5;25.5
1543;25.5;25.5;25.5;25.5;25.5;25.5;25.5;25.5;25.5;25.5;25.5;25.5;25.5;25.5;25.5;25.5;25.5;25.5;25.5;25.5;25.5;25.5;25.5;25.5;25.5;25.5;25.5;25.5;25.5;25.5
1544;518.281;25.664;25.5;25.5;25.5;25.5;25.5;25.5;25.5;25.664;25.5;25.664;26.156;25.992;25.5;25.664;25.5;25.5;29.108;25.5;25.5;25.5;25.828;25.5;25.5;25.5;25.5;25.5;25.664;25.5
1545;74.35300000000001;25.664;25.5;25.5;25.5;25.5;25.5;25.5;25.5;25.5;25.5;25.5;25.5;25.828;25.5;25.5;25.5;25.5;25.828;25.5;25.5;25.5;25.5;25.5;25.5;25.5;25.5;25.5;25.5;25.5
1546;407.56000000000006;26.156;25.5;25.5;25.5;25.5;25.5;25.5;25.5;25.5;25.5;25.5;25.5;25.5;25.5;25.5;25.5;25.5;26.156;25.5;25.5;25.5;25.5;25.5;25.5;25.5;25.5;25.5;25.5;25.664
1547;25.5;25.5;25.5;25.5;25.5;25.5;25.5;25.5;25.5;25.5;25.5;25.5;25.5;25.5;25.5;25.5;25.5;25.5;25.5;25.5;25.5;25.5;25.5;25.5;25.5;25.5;25.5;25.5;25.5;25.5
1548;19.125;19.125;19.125;19.125;19.125;19.125;19.125;19.125;19.125;19.125;19.125;19.125;19.125;19.125;19.125;19.125;19.125;19.125;19.125;19.125;19.125;19.125;19.125;19.125;19.125;19.125;19.125;19.125;19.125;19.125
1549;1104.9740000000002;20.437;19.289;19.617;19.125;19.125;19.125;19.125;19.125;19.617;19.289;19.289;19.617;19.125;19.125;19.125;19.125;19.125;21.585;19.125;19.125;19.125;19.453;19.125;19.125;19.125;19.289;19.125;19.289;20.109
1550;1755.911;26.484;25.992;26.156;25.5;25.5;25.5;25.5;25.5;25.664;25.664;25.664;25.992;25.828;25.5;25.5;25.5;25.5;31.076;25.5;25.664;25.664;26.812;25.5;25.5;25.5;25.5;25.5;25.828;26.156
1551;609.86;25.664;26.156;25.828;25.5;25.5;25.5;25.5;25.5;25.5;25.5;25.5;25.5;25.664;25.5;25.5;25.5;25.5;25.828;25.5;25.992;25.828;25.664;25.5;25.5;25.5;25.5;25.5;25.5;25.5
1552;541.091;25.992;25.828;26.156;25.5;25.5;25.5;25.5;25.5;26.156;25.5;25.664;25.664;26.156;25.5;25.5;25.5;25.5;29.436;25.5;25.5;25.664;26.812;25.5;25.5;25.5;25.5;25.5;25.664;26.648
1553;947.4970000000001;19.289;19.289;19.289;19.125;19.125;19.125;19.125;19.125;19.289;19.125;19.289;19.781;19.289;19.125;19.289;19.125;19.125;19.945;19.125;19.125;19.289;20.437;19.125;19.125;19.125;19.125;19.125;19.945;19.453
1554;999.1220000000001;27.304;25.664;26.156;25.5;25.5;25.5;25.5;25.5;26.32;25.664;25.664;26.156;25.5;25.828;25.664;25.5;25.5;30.748;25.5;25.5;25.664;25.828;25.5;25.5;25.5;25.5;25.5;25.828;26.32
1555;150.906;25.828;25.664;25.828;25.5;25.5;25.5;25.5;25.5;25.5;25.5;25.5;25.5;25.5;25.5;25.5;25.5;25.5;25.5;25.5;25.5;25.5;25.5;25.5;25.5;25.5;25.5;25.5;25.5;25.5
1556;1276.3000000000002;25.5;25.992;25.992;25.5;25.5;25.5;25.5;25.5;25.5;25.5;25.664;25.5;25.5;25.5;25.5;25.5;25.5;29.764;25.5;25.5;25.5;25.5;25.5;25.5;25.5;25.5;25.5;26.156;26.976
1557;557.111;25.5;25.664;25.992;25.5;25.5;25.5;25.5;25.5;25.992;25.992;25.664;25.828;25.5;25.5;25.5;25.5;25.5;32.224000000000004;25.5;25.5;25.5;25.5;25.5;25.5;25.5;25.5;25.5;25.5;25.664
1558;103.211;25.5;25.828;25.5;25.5;25.5;25.5;25.5;25.5;25.5;25.5;25.5;25.5;25.5;25.5;25.5;25.5;25.5;25.5;25.5;25.5;25.5;25.5;25.5;25.5;25.5;25.5;25.5;25.5;25.5
1559;927.393;25.5;25.5;26.156;25.5;25.5;25.5;25.5;25.5;25.5;25.5;25.5;25.664;25.5;25.5;25.5;25.5;25.5;26.32;25.5;25.5;25.5;25.5;25.5;25.5;25.5;25.5;25.5;25.5;25.5
1560;836.615;25.5;25.5;25.664;25.5;25.5;25.5;25.5;25.5;25.5;25.5;25.5;25.5;25.5;25.5;25.5;25.5;25.5;30.092;25.5;25.5;25.5;25.5;25.5;25.5;25.5;25.5;25.5;25.5;25.5
1561;25.5;25.5;25.5;25.5;25.5;25.5;25.5;25.5;25.5;25.5;25.5;25.5;25.5;25.5;25.5;25.5;25.5;25.5;25.5;25.5;25.5;25.5;25.5;25.5;25.5;25.5;25.5;25.5;25.5;25.5
1562;25.5;25.5;25.5;25.5;25.5;25.5;25.5;25.5;25.5;25.5;25.5;25.5;25.5;25.5;25.5;25.5;25.5;25.5;25.5;25.5;25.5;25.5;25.5;25.5;25.5;25.5;25.5;25.5;25.5;25.5
1563;59.84700000000001;25.5;25.5;25.5;25.5;25.5;25.5;25.5;25.5;25.5;25.5;25.5;25.5;25.5;25.5;25.5;25.5;25.5;25.5;25.5;25.5;25.5;25.5;25.5;25.5;25.5;25.5;25.5;25.5;25.5
1564;592.0150000000001;25.664;25.664;25.5;25.5;25.5;25.5;25.5;25.5;25.5;25.5;25.5;25.664;25.5;25.5;25.5;25.5;25.5;26.976;25.5;25.5;25.5;25.664;25.5;25.5;25.5;25.5;25.5;25.5;25.5
1565;1075.9070000000002;27.96;26.156;25.828;25.5;25.5;25.5;25.5;25.5;25.828;25.5;25.828;25.664;25.5;25.5;25.5;25.5;25.5;27.796;25.5;25.5;25.5;25.5;25.5;25.5;25.5;25.5;25.5;25.5;25.5
1566;1081.745;25.664;25.828;25.5;25.5;25.5;25.5;25.5;25.5;25.664;25.5;25.5;25.828;25.5;25.5;25.5;25.5;25.5;26.484;25.5;25.5;25.664;25.828;25.5;25.5;25.5;25.5;25.5;25.5;25.664
1567;1195.75;19.617;19.289;19.125;19.125;19.125;19.125;19.125;19.125;19.125;19.289;19.289;19.289;19.125;19.125;19.125;19.125;19.125;21.749;19.125;19.125;19.125;19.125;19.125;19.125;19.125;19.125;19.125;19.125;19.289
1568;1192.69;25.5;25.828;25.664;25.5;25.5;25.5;25.5;25.5;25.5;25.5;25.5;25.5;25.992;25.5;25.5;25.5;25.5;26.812;25.5;25.5;25.5;25.5;25.5;25.5;25.5;25.5;25.5;25.5;25.5
1569;502.283;25.5;25.5;25.664;25.5;25.5;25.5;25.5;25.5;25.5;25.5;25.5;25.664;25.5;25.5;25.5;25.5;25.5;29.436;25.5;25.5;25.5;25.5;25.5;25.5;25.5;25.5;25.5;25.5;25.5
1570;1824.3069999999998;26.156;25.992;25.828;25.5;25.5;25.5;25.5;25.5;25.664;25.664;25.664;25.664;25.5;25.5;25.5;25.5;25.5;29.928;25.5;25.5;25.5;25.5;25.5;25.5;25.5;25.5;25.5;25.5;25.5
1571;98.775;25.5;25.5;25.5;25.5;25.5;25.5;25.5;25.5;25.5;25.5;25.5;25.5;25.5;25.5;25.5;25.5;25.5;26.156;25.5;25.5;25.5;25.5;25.5;25.5;25.5;25.5;25.5;25.5;25.5
1572;85.487;25.5;25.5;25.5;25.5;25.5;25.5;25.5;25.5;25.5;25.5;25.5;25.5;25.5;25.5;25.5;25.5;25.5;25.5;25.5;25.5;25.5;25.5;25.5;25.5;25.5;25.5;25.5;25.5;25.5
1573;19.125;19.125;19.125;19.125;19.125;19.125;19.125;19.125;19.125;19.125;19.125;19.125;19.125;19.125;19.125;19.125;19.125;19.125;19.125;19.125;19.125;19.125;19.125;19.125;19.125;19.125;19.125;19.125;19.125;19.125
1574;667.2330000000001;26.156;25.828;25.664;25.5;25.5;25.5;25.5;25.5;25.5;25.5;25.5;25.5;25.5;25.5;25.5;25.5;25.5;28.944;25.5;25.5;25.5;25.5;25.5;25.5;25.5;25.5;25.5;25.664;25.5
1575;1901.7580000000003;19.125;19.289;19.289;19.125;19.125;19.125;19.125;19.125;19.289;19.125;19.289;19.453;19.125;19.125;19.125;19.125;19.125;22.897;19.125;19.125;19.453;19.289;19.125;19.125;19.125;19.125;19.125;19.125;19.125
1576;264.937;19.125;19.125;19.125;19.125;19.125;19.125;19.125;19.125;19.125;19.289;19.289;19.289;19.125;19.125;19.125;19.125;19.125;20.273;19.125;19.125;19.125;19.125;19.125;19.125;19.125;19.125;19.125;19.125;19.125
1577;1765.9080000000001;19.289;19.289;19.453;19.125;19.125;19.125;19.125;19.125;19.289;19.289;19.289;19.453;19.125;19.125;19.125;19.125;19.125;21.749;19.125;19.125;19.289;20.765;19.125;19.125;19.125;19.125;19.125;19.125;19.289
1578;189.073;25.664;25.5;25.5;25.5;25.5;25.5;25.5;25.5;25.664;25.5;25.5;25.5;25.5;25.5;25.5;25.5;25.5;26.976;25.5;25.5;25.5;25.5;25.5;25.5;25.5;25.5;25.5;25.5;25.5
1579;448.25899999999996;25.5;25.5;25.992;25.5;25.5;25.5;25.5;25.5;25.5;25.5;25.5;25.5;25.5;25.5;25.5;25.5;25.5;27.796;25.5;25.5;25.5;25.5;25.5;25.5;25.5;25.5;25.5;25.5;25.5
1580;449.039;25.5;25.5;25.828;25.5;25.5;25.5;25.5;25.5;25.5;25.5;25.5;25.992;25.5;25.5;25.5;25.5;25.5;25.5;25.5;25.5;25.5;25.5;25.5;25.5;25.5;25.5;25.5;25.5;25.5
1581;678.48;26.32;25.828;26.484;25.5;25.5;25.5;25.5;25.5;25.5;25.5;25.5;25.5;25.5;25.5;25.5;25.5;25.5;25.992;25.5;25.5;25.5;25.5;25.5;25.5;25.5;25.5;25.5;25.5;25.5
1582;65.076;25.5;25.5;25.5;25.5;25.5;25.5;25.5;25.5;25.5;25.5;25.5;25.5;25.5;25.5;25.5;25.5;25.5;25.5;25.5;25.5;25.5;25.5;25.5;25.5;25.5;25.5;25.5;25.5;25.5
1583;1683.287;19.125;20.765;20.601;19.125;19.125;19.125;19.125;19.125;19.289;19.125;19.125;19.125;19.125;19.125;19.125;19.125;19.125;20.437;19.125;19.125;19.125;19.289;19.125;19.125;19.125;19.125;19.125;19.289;19.289
1584;155.852;25.5;25.5;25.5;25.5;25.5;25.5;25.5;25.5;25.5;25.5;25.5;25.5;25.5;25.5;25.5;25.5;25.5;25.5;25.5;25.5;25.5;25.5;25.5;25.5;25.5;25.5;25.5;25.5;25.5
1585;423.069;19.125;19.125;19.125;19.125;19.125;19.125;19.125;19.125;19.125;19.125;19.125;19.125;19.125;19.125;19.125;19.125;19.125;19.125;19.125;19.125;19.125;19.125;19.125;19.125;19.125;19.125;19.125;19.125;19.125
1586;379.6;19.289;19.125;19.617;19.125;19.125;19.125;19.125;19.125;19.125;19.125;19.125;19.125;19.453;19.125;19.125;19.125;19.125;25.357;19.125;19.125;19.289;19.125;19.125;19.289;19.125;19.125;19.125;19.289;19.289
1587;459.406;25.5;25.664;25.5;25.5;25.5;25.5;25.5;25.5;25.5;25.5;25.5;25.5;25.5;25.5;25.5;25.5;25.5;25.828;25.5;25.5;25.5;25.5;25.5;25.5;25.5;25.5;25.5;25.5;25.5
1588;39.678;25.5;25.5;25.5;25.5;25.5;25.5;25.5;25.5;25.5;25.5;25.5;25.5;25.5;25.5;25.5;25.5;25.5;25.5;25.5;25.5;25.5;25.5;25.5;25.5;25.5;25.5;25.5;25.5;25.5
1589;25.5;25.5;25.5;25.5;25.5;25.5;25.5;25.5;25.5;25.5;25.5;25.5;25.5;25.5;25.5;25.5;25.5;25.5;25.5;25.5;25.5;25.5;25.5;25.5;25.5;25.5;25.5;25.5;25.5;25.5
1590;443.84900000000005;19.125;19.125;19.125;19.125;19.125;19.125;19.125;19.125;19.125;19.125;19.125;19.781;19.453;19.125;19.125;19.125;19.125;20.929;19.125;19.125;19.125;19.125;19.125;19.125;19.125;19.125;19.125;19.125;19.125
1591;358.617;19.289;19.125;20.437;19.125;19.125;19.125;19.125;19.125;19.125;19.289;19.125;19.781;19.125;19.125;19.125;19.125;19.125;19.289;19.125;19.125;19.125;19.125;19.125;19.125;19.125;19.125;19.125;19.125;19.125
1592;176.28;25.5;25.5;25.5;25.5;25.5;25.5;25.5;25.5;25.5;25.5;25.5;25.5;25.5;25.5;25.5;25.5;25.5;25.5;25.5;25.5;25.5;25.5;25.5;25.5;25.5;25.5;25.5;25.5;25.5
1593;66.537;25.5;25.828;25.5;25.5;25.5;25.5;25.5;25.5;25.5;25.5;25.5;25.5;25.5;25.5;25.5;25.5;25.5;25.5;25.5;25.5;25.5;25.5;25.5;25.5;25.5;25.5;25.5;25.5;25.5
1594;70.42500000000001;25.5;25.5;25.5;25.5;25.5;25.5;25.5;25.5;25.5;25.5;25.5;25.5;25.5;25.5;25.5;25.5;25.5;25.5;25.5;25.5;25.5;25.5;25.5;25.5;25.5;25.5;25.5;25.5;25.5
1595;7539.153;19.289;19.289;19.617;19.125;19.125;19.125;19.125;19.125;19.125;19.125;19.125;19.453;19.125;19.125;19.125;19.125;19.125;19.617;19.125;19.125;19.125;19.125;19.125;19.125;19.125;19.125;19.125;19.125;19.125
1596;25.5;25.5;25.5;25.5;25.5;25.5;25.5;25.5;25.5;25.5;25.5;25.5;25.5;25.5;25.5;25.5;25.5;25.5;25.5;25.5;25.5;25.5;25.5;25.5;25.5;25.5;25.5;25.5;25.5;25.5
1597;19.125;19.125;19.125;19.125;19.125;19.125;19.125;19.125;19.125;19.125;19.125;19.125;19.125;19.125;19.125;19.125;19.125;19.125;19.125;19.125;19.125;19.125;19.125;19.125;19.125;19.125;19.125;19.125;19.125;19.125
1598;104.02799999999999;25.5;25.5;25.5;25.5;25.5;25.5;25.5;25.5;25.5;25.5;25.5;25.5;25.664;25.5;25.5;25.5;25.5;26.648;25.5;25.5;25.5;25.5;25.5;25.5;25.5;25.5;25.5;25.5;25.5
1599;2591.9190000000003;19.289;19.289;19.125;19.125;19.125;19.125;19.125;19.125;19.453;19.125;19.453;19.781;19.125;19.125;19.289;19.125;19.125;23.061;19.125;19.125;19.289;20.437;19.125;19.125;19.125;19.125;19.125;19.453;19.945
1600;79.674;25.5;25.664;25.5;25.5;25.5;25.5;25.5;25.5;25.5;25.5;25.5;25.5;25.5;25.5;25.5;25.5;25.5;25.992;25.5;25.5;25.5;25.5;25.5;25.5;25.5;25.5;25.5;25.5;25.5
1601;25.5;25.5;25.5;25.5;25.5;25.5;25.5;25.5;25.5;25.5;25.5;25.5;25.5;25.5;25.5;25.5;25.5;25.5;25.5;25.5;25.5;25.5;25.5;25.5;25.5;25.5;25.5;25.5;25.5;25.5
1602;26.484;25.5;25.5;25.5;25.5;25.5;25.5;25.5;25.5;25.5;25.5;25.5;25.5;25.5;25.5;25.5;25.5;25.5;25.5;25.5;25.5;25.5;25.5;25.5;25.5;25.5;25.5;25.5;25.5;25.5
1603;820.3470000000001;25.5;25.5;25.5;25.5;25.5;25.5;25.5;25.5;25.5;25.5;25.5;25.5;25.5;25.5;25.5;25.5;25.5;27.632;25.5;25.5;25.664;25.5;25.5;25.5;25.5;25.5;25.5;25.664;25.5
1604;25.5;25.5;25.5;25.5;25.5;25.5;25.5;25.5;25.5;25.5;25.5;25.5;25.5;25.5;25.5;25.5;25.5;25.5;25.5;25.5;25.5;25.5;25.5;25.5;25.5;25.5;25.5;25.5;25.5;25.5
1605;283.788;25.992;25.992;25.5;25.5;25.5;25.5;25.5;25.5;25.664;25.5;25.5;25.5;25.5;25.5;25.5;25.5;25.5;25.664;25.5;25.5;25.5;25.5;25.5;25.5;25.5;25.5;25.5;25.5;25.5
1606;207.81099999999998;25.664;25.5;25.5;25.5;25.5;25.5;25.5;25.5;25.5;25.5;25.664;25.664;25.5;25.5;25.5;25.5;25.5;26.976;25.5;25.5;25.5;25.5;25.5;25.5;25.5;25.5;25.5;25.664;25.5
1607;25.5;25.5;25.5;25.5;25.5;25.5;25.5;25.5;25.5;25.5;25.5;25.5;25.5;25.5;25.5;25.5;25.5;25.5;25.5;25.5;25.5;25.5;25.5;25.5;25.5;25.5;25.5;25.5;25.5;25.5
1608;909.3430000000001;26.156;25.664;25.5;25.5;25.5;25.5;25.5;25.5;25.828;25.5;25.828;25.828;25.5;25.5;25.5;25.5;25.5;26.156;25.5;25.5;25.664;27.14;25.5;25.5;25.5;25.664;25.5;25.5;25.5
1609;363.562;25.828;25.5;25.828;25.5;25.5;25.5;25.5;25.5;25.5;25.5;25.664;25.5;25.5;25.5;25.5;25.5;25.5;25.5;25.5;25.5;25.5;25.5;25.5;25.5;25.5;25.5;25.5;25.5;25.5
1610;187.463;25.992;25.664;25.828;25.5;25.5;25.5;25.5;25.5;25.828;25.828;25.5;25.5;25.5;25.5;25.5;25.5;25.5;27.304;25.5;25.5;25.5;25.5;25.5;25.5;25.5;25.5;25.5;25.5;25.5
1611;801.04;26.32;25.828;25.992;25.5;25.5;25.5;25.5;25.5;25.664;25.5;25.5;25.5;25.5;25.5;25.5;25.5;25.5;25.5;25.5;25.5;25.5;25.5;25.5;25.5;25.5;25.5;25.5;25.5;25.5
1612;699.7069999999999;19.453;19.125;19.125;19.125;19.125;19.125;19.125;19.125;19.125;19.125;19.289;19.125;19.289;19.125;19.125;19.125;19.125;24.045;19.125;19.125;19.125;19.125;19.125;19.125;19.125;19.125;19.125;20.109;19.617
1613;28.972;25.5;25.5;25.5;25.5;25.5;25.5;25.5;25.5;25.5;25.5;25.5;25.5;25.5;25.5;25.5;25.5;25.5;25.5;25.5;25.5;25.5;25.5;25.5;25.5;25.5;25.5;25.5;25.5;25.5
1614;1096.39;19.125;19.289;19.125;19.125;19.125;19.125;19.125;19.125;19.289;19.125;19.289;19.453;19.453;19.125;19.289;19.125;19.125;21.749;19.125;19.125;19.289;19.617;19.125;19.125;19.125;19.125;19.125;19.125;19.617
1615;154.50400000000002;25.5;25.5;25.5;25.5;25.5;25.5;25.5;25.5;25.5;25.5;25.5;25.5;25.5;25.5;25.5;25.5;25.5;25.664;25.5;25.5;25.5;25.5;25.5;25.5;25.5;25.5;25.5;25.5;25.5
1616;739.865;25.664;25.664;25.664;25.5;25.5;25.5;25.5;25.5;25.664;25.5;25.664;25.992;25.5;25.5;25.664;25.5;25.5;28.288;25.5;25.5;25.664;25.5;25.5;25.5;25.5;25.5;25.5;25.5;25.5
1617;214.799;26.156;26.156;25.992;25.5;25.5;25.5;25.5;25.5;25.5;25.5;25.5;25.5;25.5;25.5;25.5;25.5;25.5;25.828;25.5;25.5;25.5;25.5;25.5;25.5;25.5;25.5;25.5;25.5;25.5
1618;1486.716;25.5;25.992;25.992;25.5;25.5;25.5;25.5;25.5;25.5;25.5;25.664;25.664;25.828;25.5;25.5;25.5;25.5;26.156;25.5;25.5;25.5;25.664;25.5;25.5;25.5;25.5;25.5;25.5;25.5
1619;765.084;25.5;25.664;25.5;25.5;25.5;25.5;25.5;25.5;25.664;25.5;25.828;25.992;25.828;25.5;25.664;25.5;25.5;31.240000000000002;25.5;25.5;25.5;25.5;25.5;25.5;25.5;25.5;25.5;25.5;25.5
1620;305.356;25.828;25.664;25.992;25.5;25.5;25.5;25.5;25.5;25.5;25.5;25.5;25.5;25.5;25.5;25.5;25.5;25.5;25.5;25.5;25.5;25.5;25.5;25.5;25.5;25.5;25.5;25.5;25.5;25.5
1621;6556.318;22.241;19.453;19.125;19.125;19.125;19.125;19.125;19.125;19.289;19.125;19.781;19.453;19.617;19.125;19.453;19.289;19.125;24.373;19.125;19.125;19.289;20.765;19.125;19.125;19.125;19.125;19.125;19.125;20.109
1622;443.66499999999996;19.125;19.289;19.125;19.125;19.125;19.125;19.125;19.125;19.125;19.125;19.289;19.125;19.125;19.125;19.125;19.125;19.125;19.453;19.125;19.125;19.125;19.125;19.125;19.125;19.125;19.125;19.125;19.125;19.125
1623;94.749;25.5;25.5;25.5;25.5;25.5;25.5;25.5;25.5;25.5;25.5;25.5;25.5;25.5;25.5;25.5;25.5;25.5;25.5;25.5;25.5;25.5;25.5;25.5;25.5;25.5;25.5;25.5;25.5;25.5
1624;1118.65;27.14;25.828;25.5;25.5;25.5;25.5;25.5;25.5;25.664;25.5;25.664;25.5;25.5;25.5;25.5;25.5;25.5;27.796;25.5;25.5;25.5;25.5;25.5;25.5;25.5;25.5;25.5;25.5;25.5
1625;835.876;20.765;19.453;19.617;19.125;19.125;19.125;19.125;19.125;19.125;19.453;19.125;19.289;19.289;19.289;19.289;19.125;19.125;21.093;19.125;19.125;19.125;19.125;19.125;19.125;19.125;19.125;19.125;19.453;19.617
1626;757.096;25.5;25.5;25.828;25.5;25.5;25.5;25.5;25.5;25.5;25.664;25.664;25.5;25.5;25.5;25.5;25.5;25.5;31.404;25.5;25.5;25.664;25.5;25.5;25.5;25.5;25.5;25.5;25.664;25.5
1627;352.034;25.5;25.992;26.32;25.5;25.5;25.5;25.5;25.5;25.5;25.5;25.5;25.664;25.5;26.156;25.5;25.5;25.5;26.976;25.5;25.5;25.5;25.5;25.5;25.5;25.5;25.5;25.5;25.5;25.5
1628;395.914;25.664;25.828;25.5;25.5;25.5;25.5;25.5;25.5;25.5;25.5;25.5;25.5;25.5;25.5;25.5;25.5;25.5;26.484;25.5;25.5;25.5;25.5;25.5;25.5;25.5;25.5;25.5;25.5;25.5
1629;132.362;25.828;25.5;25.664;25.5;25.5;25.5;25.5;25.5;25.5;25.5;25.5;25.5;25.5;25.5;25.5;25.5;25.5;25.5;25.5;25.5;25.5;25.5;25.5;25.5;25.5;25.5;25.5;25.5;25.5
1630;599.508;26.32;25.664;25.5;25.5;25.5;25.5;25.5;25.5;25.5;25.5;25.5;25.5;25.5;25.5;25.5;25.5;25.5;26.648;25.5;25.5;25.5;25.5;25.5;25.5;25.5;25.5;25.5;25.5;25.5
1631;84.685;25.5;25.828;25.5;25.5;25.5;25.5;25.5;25.5;25.5;25.5;25.5;25.5;25.5;25.5;25.5;25.5;25.5;25.5;25.5;25.5;25.5;25.5;25.5;25.5;25.5;25.5;25.5;25.5;25.5
1632;641.6759999999999;26.156;25.664;25.992;25.5;25.5;25.5;25.5;25.5;25.5;25.5;25.5;25.5;25.5;25.5;25.5;25.5;25.5;25.664;25.5;25.5;25.5;25.5;25.5;25.5;25.5;25.5;25.5;25.5;25.5
1633;306.6;20.273;19.453;19.617;19.125;19.125;19.125;19.125;19.125;19.125;19.125;19.125;19.125;19.125;19.125;19.125;19.125;19.125;23.553;19.125;19.125;19.125;19.289;19.125;19.125;19.125;19.125;19.125;19.125;19.125
1634;223.488;25.5;25.5;25.5;25.5;25.5;25.5;25.5;25.5;25.5;25.5;25.5;25.5;25.5;25.5;25.5;25.5;25.5;25.992;25.5;25.5;25.5;25.5;25.5;25.5;25.5;25.5;25.5;25.5;25.5
1635;692.277;19.617;19.125;19.125;19.125;19.125;19.125;19.125;19.125;19.125;19.125;19.125;19.289;19.125;19.125;19.289;19.125;19.125;19.945;19.125;19.125;19.125;19.125;19.125;19.125;19.125;19.125;19.125;19.125;19.125
1636;283.408;25.5;25.5;25.5;25.5;25.5;25.5;25.5;25.5;25.5;25.5;25.5;25.5;25.5;25.5;25.5;25.5;25.5;26.648;25.5;25.5;25.5;25.5;25.5;25.5;25.5;25.5;25.5;25.5;25.5
1637;3041.789;19.289;19.453;19.453;19.125;19.125;19.125;19.125;19.125;19.289;19.125;19.289;19.781;19.453;19.781;19.125;19.125;19.125;28.637;19.125;19.125;19.289;19.945;19.125;19.125;19.125;19.125;19.125;19.125;19.617
1638;465.861;25.5;25.5;25.828;25.5;25.5;25.5;25.5;25.5;25.664;25.5;25.5;25.664;25.5;25.5;25.5;25.5;25.5;27.14;25.5;25.5;25.5;25.5;25.5;25.5;25.5;25.5;25.5;25.5;25.5
1639;74.91300000000001;25.664;25.828;25.5;25.5;25.5;25.5;25.5;25.5;25.5;25.5;25.5;25.5;25.5;25.5;25.5;25.5;25.5;25.5;25.5;25.5;25.5;25.5;25.5;25.5;25.5;25.5;25.5;25.5;25.5
1640;590.9370000000001;25.5;25.5;25.664;25.5;25.5;25.5;25.5;25.5;25.5;25.5;25.5;25.5;25.5;25.5;25.5;25.5;25.5;26.484;25.5;25.5;25.5;25.5;25.5;25.5;25.5;25.5;25.5;25.5;25.5
1641;1808.7490000000003;25.5;25.5;25.664;25.5;25.5;25.5;25.5;25.5;25.5;25.5;25.5;25.5;25.828;25.5;25.5;25.5;25.5;27.304;25.5;25.5;25.5;25.5;25.5;25.5;25.5;25.5;25.5;25.5;25.5
1642;788.724;19.125;19.125;20.109;19.125;19.125;19.125;19.125;19.125;19.453;19.125;19.289;19.289;19.125;19.125;19.453;19.125;19.125;23.553;19.125;19.125;19.453;19.125;19.125;19.125;19.125;19.125;19.125;19.125;19.125
1643;319.144;20.601;19.617;19.125;19.125;19.125;19.125;19.125;19.125;19.125;19.125;19.125;19.125;19.125;19.125;19.125;19.125;19.125;19.125;19.125;19.125;19.125;19.125;19.125;19.125;19.125;19.125;19.125;19.125;19.125
1644;82.233;25.5;25.664;25.5;25.5;25.5;25.5;25.5;25.5;25.5;25.5;25.5;25.5;25.5;25.5;25.5;25.5;25.5;25.5;25.5;25.5;25.5;25.5;25.5;25.5;25.5;25.5;25.5;25.5;25.5
1645;290.21400000000006;25.5;25.828;25.5;25.5;25.5;25.5;25.5;25.5;25.5;25.5;25.664;25.5;25.5;25.5;25.5;25.5;25.5;26.976;25.5;25.5;25.5;25.5;25.5;25.5;25.5;25.5;25.5;25.5;25.5
1646;423.10699999999997;25.828;25.5;25.992;25.5;25.5;25.5;25.5;25.5;25.5;25.5;25.5;25.5;25.5;25.5;25.5;25.5;25.5;27.468;25.5;25.5;25.5;25.5;25.5;25.5;25.5;25.5;25.5;25.5;25.5
1647;45.945;19.125;19.125;19.125;19.125;19.125;19.125;19.125;19.125;19.125;19.125;19.125;19.125;19.125;19.125;19.125;19.125;19.125;19.125;19.125;19.125;19.125;19.125;19.125;19.125;19.125;19.125;19.125;19.125;19.125
1648;477.611;25.5;25.664;25.5;25.5;25.5;25.5;25.5;25.5;25.5;25.5;25.5;25.5;25.5;25.5;25.5;25.5;25.5;27.304;25.5;25.5;25.5;25.5;25.5;25.5;25.5;25.5;25.5;25.5;25.5
1649;19.125;19.125;19.125;19.125;19.125;19.125;19.125;19.125;19.125;19.125;19.125;19.125;19.125;19.125;19.125;19.125;19.125;19.125;19.125;19.125;19.125;19.125;19.125;19.125;19.125;19.125;19.125;19.125;19.125;19.125
1650;501.894;26.32;25.664;25.5;25.5;25.5;25.5;25.5;25.5;25.5;25.5;25.5;25.828;26.156;25.5;25.5;25.5;25.5;27.468;25.5;25.5;25.664;26.32;25.5;25.5;25.5;25.5;25.5;25.5;25.5
1651;253.046;25.664;25.664;25.5;25.5;25.5;25.5;25.5;25.5;25.5;25.5;25.5;25.5;25.5;25.5;25.5;25.5;25.5;25.664;25.5;25.5;25.5;25.5;25.5;25.5;25.5;25.5;25.5;25.5;25.5
1652;4077.9120000000003;19.617;19.289;19.125;19.125;19.125;19.125;19.125;19.125;19.125;19.125;19.125;19.125;19.125;19.125;19.125;19.125;19.125;20.765;19.125;19.125;19.125;19.125;19.125;19.125;19.125;19.125;19.125;19.125;19.125
1653;25.5;25.5;25.5;25.5;25.5;25.5;25.5;25.5;25.5;25.5;25.5;25.5;25.5;25.5;25.5;25.5;25.5;25.5;25.5;25.5;25.5;25.5;25.5;25.5;25.5;25.5;25.5;25.5;25.5;25.5
1654;1557.724;25.664;25.664;25.664;25.5;25.5;25.5;25.5;25.5;25.5;25.5;25.5;25.5;25.5;25.5;25.5;25.5;25.5;27.796;25.5;25.5;25.5;25.5;25.5;25.5;25.5;25.5;25.5;25.5;25.5
1655;397.129;25.5;25.5;25.5;25.5;25.5;25.5;25.5;25.5;25.5;25.5;25.5;25.5;25.664;25.5;25.5;25.5;25.5;28.288;25.5;25.5;25.5;25.5;25.5;25.5;25.5;25.5;25.5;25.5;25.5
1656;165.58800000000002;25.5;25.5;25.5;25.5;25.5;25.5;25.5;25.5;25.5;25.5;25.5;25.5;25.5;25.5;25.5;25.5;25.5;25.5;25.5;25.5;25.5;25.5;25.5;25.5;25.5;25.5;25.5;25.5;25.5
1657;35.096000000000004;25.5;25.5;25.5;25.5;25.5;25.5;25.5;25.5;25.5;25.5;25.5;25.5;25.5;25.5;25.5;25.5;25.5;25.5;25.5;25.5;25.5;25.5;25.5;25.5;25.5;25.5;25.5;25.5;25.5
1658;125.762;25.5;25.664;25.5;25.5;25.5;25.5;25.5;25.5;25.5;25.5;25.5;25.5;25.5;25.5;25.5;25.5;25.5;25.828;25.5;25.5;25.5;25.5;25.5;25.5;25.5;25.5;25.5;25.5;25.5
1659;28.972;25.5;25.664;25.5;25.5;25.5;25.5;25.5;25.5;25.5;25.5;25.5;25.5;25.5;25.5;25.5;25.5;25.5;25.5;25.5;25.5;25.5;25.5;25.5;25.5;25.5;25.5;25.5;25.5;25.5
1660;1144.267;19.453;19.125;19.289;19.125;19.125;19.125;19.125;19.125;19.289;19.125;19.289;19.453;19.289;19.125;19.453;19.125;19.125;20.437;19.125;19.125;19.945;20.273;19.125;19.125;19.125;20.109;19.125;19.289;19.617
1661;712.4620000000001;25.5;25.5;25.992;25.5;25.5;25.5;25.5;25.5;25.5;25.5;25.5;25.992;25.5;25.5;25.5;25.5;25.5;26.32;25.5;25.5;25.5;25.5;25.5;25.5;25.5;25.5;25.5;25.5;25.5
1662;259.199;19.781;19.617;19.125;19.125;19.125;19.125;19.125;19.125;19.125;19.125;19.125;19.125;19.125;19.125;19.125;19.125;19.125;19.617;19.125;19.125;19.125;19.125;19.125;19.125;19.125;19.125;19.125;19.125;19.125
1663;25.5;25.992;25.5;25.5;25.5;25.5;25.5;25.5;25.5;25.5;25.5;25.5;25.5;25.5;25.5;25.5;25.5;25.5;25.5;25.5;25.5;25.5;25.5;25.5;25.5;25.5;25.5;25.5;25.5;25.5
1664;1411.9640000000002;25.5;25.828;25.5;25.5;25.5;25.5;25.5;25.5;25.664;25.5;25.5;25.5;25.5;25.5;25.5;25.5;25.5;27.14;25.5;25.5;25.5;25.5;25.5;25.5;25.5;25.5;25.5;25.5;25.5
1665;2111.984;19.125;19.945;19.125;19.125;19.125;19.125;19.125;19.125;19.617;19.617;19.781;19.453;19.617;19.617;19.289;19.289;19.125;20.929;19.125;19.125;19.617;20.437;19.617;19.125;19.125;19.453;19.617;20.437;19.945
1666;292.245;25.828;25.664;25.5;25.5;25.5;25.5;25.5;25.5;25.5;25.5;25.5;25.992;25.5;25.5;25.5;25.5;25.5;27.468;25.5;25.5;25.5;25.5;25.5;25.5;25.5;25.5;25.5;25.5;25.5
1667;25.828;25.5;25.5;25.5;25.5;25.5;25.5;25.5;25.5;25.5;25.5;25.5;25.5;25.5;25.5;25.5;25.5;25.5;25.5;25.5;25.5;25.5;25.5;25.5;25.5;25.5;25.5;25.5;25.5;25.5
1668;25.5;25.5;25.5;25.5;25.5;25.5;25.5;25.5;25.5;25.5;25.5;25.5;25.5;25.5;25.5;25.5;25.5;25.5;25.5;25.5;25.5;25.5;25.5;25.5;25.5;25.5;25.5;25.5;25.5;25.5
1669;207.50300000000001;25.5;25.5;25.5;25.5;25.5;25.5;25.5;25.5;25.5;25.5;25.5;25.5;25.5;25.5;25.5;25.5;25.5;25.664;25.5;25.5;25.5;25.5;25.5;25.5;25.5;25.5;25.5;25.5;25.5
1670;603.754;25.5;25.828;25.664;25.5;25.5;25.5;25.5;25.5;25.664;25.5;25.664;25.828;25.664;25.5;25.992;25.5;25.5;28.944;25.5;25.5;25.664;25.5;25.5;25.5;25.5;25.5;25.5;25.5;25.5
1671;659.561;25.664;25.5;25.5;25.5;25.5;25.5;25.5;25.5;25.5;25.5;25.5;25.5;25.5;25.5;25.5;25.5;25.5;29.6;25.5;25.5;25.5;26.156;25.5;25.5;25.5;25.5;25.5;25.5;25.5
1672;685.8580000000001;25.5;25.664;25.5;25.5;25.5;25.5;25.5;25.5;25.664;25.5;25.5;25.664;25.5;25.5;25.5;25.5;25.5;27.796;25.5;25.5;25.5;25.5;25.5;25.5;25.5;25.5;25.5;25.5;25.664
1673;98.041;25.5;25.828;25.5;25.5;25.5;25.5;25.5;25.5;25.5;25.5;25.5;25.5;25.5;25.5;25.5;25.5;25.5;25.5;25.5;25.5;25.5;25.5;25.5;25.5;25.5;25.5;25.5;25.5;25.5
1674;3697.6160000000004;25.5;25.664;26.484;25.5;25.5;25.5;25.5;25.5;25.828;25.5;25.5;25.664;25.5;25.5;25.5;25.5;25.5;27.304;25.5;25.5;25.5;25.5;25.5;25.5;25.5;25.5;25.5;25.5;25.5
1675;373.334;25.664;25.664;25.5;25.5;25.5;25.5;25.5;25.5;25.5;25.5;25.5;25.5;25.5;25.5;25.5;25.5;25.5;27.304;25.5;25.5;25.992;25.664;25.5;25.5;25.5;25.5;25.5;25.5;25.5
1676;900.759;19.125;19.289;19.125;19.125;19.125;19.125;19.125;19.125;19.289;19.125;19.617;19.617;19.453;19.125;19.453;19.125;19.125;21.749;19.125;19.125;19.289;19.945;19.125;19.125;19.125;19.125;19.125;19.125;19.453
1677;79.434;25.5;25.5;25.5;25.5;25.5;25.5;25.5;25.5;25.5;25.5;25.5;25.5;25.5;25.5;25.5;25.5;25.5;25.5;25.5;25.5;25.5;25.5;25.5;25.5;25.5;25.5;25.5;25.5;25.5
1678;25.5;25.5;25.5;25.5;25.5;25.5;25.5;25.5;25.5;25.5;25.5;25.5;25.5;25.5;25.5;25.5;25.5;25.5;25.5;25.5;25.5;25.5;25.5;25.5;25.5;25.5;25.5;25.5;25.5;25.5
1679;704.1000000000001;19.125;19.125;19.125;19.125;19.125;19.125;19.125;19.125;19.125;19.125;19.453;19.289;19.125;19.125;19.125;19.125;19.125;22.733;19.125;19.125;19.125;19.125;19.125;19.125;19.125;19.125;19.125;19.125;19.125
1680;25.5;25.5;25.5;25.5;25.5;25.5;25.5;25.5;25.5;25.5;25.5;25.5;25.5;25.5;25.5;25.5;25.5;25.5;25.5;25.5;25.5;25.5;25.5;25.5;25.5;25.5;25.5;25.5;25.5;25.5
1681;362.92100000000005;25.5;25.664;25.5;25.5;25.5;25.5;25.5;25.5;25.5;25.5;25.5;25.5;25.5;25.5;25.5;25.5;25.5;27.304;25.5;25.5;25.5;25.5;25.5;25.5;25.5;25.5;25.5;25.5;25.5
1682;751.3050000000001;25.664;25.828;25.5;25.5;25.5;25.5;25.5;25.5;25.5;25.5;25.664;25.5;25.5;25.5;25.5;25.5;25.5;30.42;25.5;25.5;25.5;25.5;25.5;25.5;25.5;25.5;25.5;25.5;25.992
1683;56.526;19.125;19.125;19.125;19.125;19.125;19.125;19.125;19.125;19.125;19.125;19.125;19.125;19.125;19.125;19.125;19.125;19.125;19.125;19.125;19.125;19.125;19.125;19.125;19.125;19.125;19.125;19.125;19.125;19.125
1684;357.789;25.5;25.992;25.5;25.5;25.5;25.5;25.5;25.5;25.5;25.5;25.5;25.5;25.5;25.5;25.5;25.5;25.5;26.648;25.5;25.5;25.5;25.5;25.5;25.5;25.5;25.5;25.5;25.5;25.5
1685;571.6500000000001;25.664;25.664;25.5;25.5;25.5;25.5;25.5;25.5;25.5;25.5;25.5;25.5;25.5;25.5;25.5;25.5;25.5;26.32;25.5;25.5;25.5;25.5;25.5;25.5;25.5;25.5;25.5;25.664;25.5
1686;78.27199999999999;25.828;25.5;25.5;25.5;25.5;25.5;25.5;25.5;25.5;25.5;25.5;25.5;25.5;25.5;25.5;25.5;25.5;25.5;25.5;25.5;25.5;25.5;25.5;25.5;25.5;25.5;25.5;25.5;25.5
1687;1579.588;25.5;25.5;25.5;25.5;25.5;25.5;25.5;25.5;25.5;25.828;25.664;25.664;25.5;25.5;25.5;25.5;25.5;26.484;25.5;25.5;25.664;25.664;25.5;25.5;25.5;25.5;25.5;25.5;25.5
1688;326.309;25.664;25.664;25.664;25.5;25.5;25.5;25.5;25.5;25.5;25.5;25.5;25.5;25.5;25.5;25.5;25.5;25.5;26.32;25.5;25.5;25.5;25.5;25.5;25.5;25.5;25.5;25.5;25.5;25.5
1689;1205.787;19.453;19.289;19.125;19.125;19.125;19.125;19.125;19.125;19.289;19.125;19.289;19.453;19.125;19.125;19.125;19.125;19.125;21.257;19.125;19.125;19.125;19.125;19.125;19.125;19.125;19.289;19.125;19.125;19.289
1690;25.5;25.5;25.5;25.5;25.5;25.5;25.5;25.5;25.5;25.5;25.5;25.5;25.5;25.5;25.5;25.5;25.5;25.5;25.5;25.5;25.5;25.5;25.5;25.5;25.5;25.5;25.5;25.5;25.5;25.5
1691;25.5;25.5;25.5;25.5;25.5;25.5;25.5;25.5;25.5;25.5;25.5;25.5;25.5;25.5;25.5;25.5;25.5;25.5;25.5;25.5;25.5;25.5;25.5;25.5;25.5;25.5;25.5;25.5;25.5;25.5
1692;87.39699999999999;25.5;25.664;25.5;25.5;25.5;25.5;25.5;25.5;25.5;25.5;25.5;25.5;25.5;25.5;25.5;25.5;25.5;25.5;25.5;25.5;25.5;25.5;25.5;25.5;25.5;25.5;25.5;25.5;25.5
1693;25.5;25.5;25.5;25.5;25.5;25.5;25.5;25.5;25.5;25.5;25.5;25.5;25.5;25.5;25.5;25.5;25.5;25.5;25.5;25.5;25.5;25.5;25.5;25.5;25.5;25.5;25.5;25.5;25.5;25.5
1694;991.762;25.5;25.5;25.664;25.5;25.5;25.5;25.5;25.5;25.5;25.5;25.5;25.5;25.5;25.5;25.5;25.5;25.5;25.5;25.5;25.5;25.5;25.5;25.5;25.5;25.5;25.5;25.5;25.5;25.5
1695;356.049;25.828;25.664;25.5;25.5;25.5;25.5;25.5;25.5;25.5;25.5;25.5;25.5;25.5;25.5;25.5;25.5;25.5;26.484;25.5;25.5;25.5;25.5;25.5;25.5;25.5;25.5;25.5;25.5;25.5
1696;121.269;25.5;25.5;25.5;25.5;25.5;25.5;25.5;25.5;25.5;25.5;25.5;25.5;25.5;25.5;25.5;25.5;25.5;25.5;25.5;25.5;25.5;25.5;25.5;25.5;25.5;25.5;25.5;25.5;25.5
1697;195.483;27.14;25.828;26.976;25.5;25.5;25.5;25.5;25.5;25.5;25.5;25.5;25.5;25.5;25.5;25.5;25.5;25.5;25.664;25.5;25.5;25.5;25.5;25.5;25.5;25.5;25.5;25.5;25.5;25.5
1698;755.2340000000002;25.664;25.664;25.5;25.5;25.5;25.5;25.5;25.5;25.664;25.5;25.5;25.828;25.5;25.5;25.5;25.5;25.5;27.14;25.5;25.5;25.5;26.156;25.5;25.5;25.5;25.5;25.5;25.5;25.5
1699;269.85699999999997;19.453;19.453;20.109;19.125;19.125;19.125;19.125;19.125;19.125;19.125;19.125;19.125;19.125;19.125;19.125;19.125;19.125;19.125;19.125;19.125;19.125;19.125;19.125;19.125;19.125;19.125;19.125;19.125;19.125
1700;758.0939999999999;25.664;25.664;25.5;25.5;25.5;25.5;25.5;25.5;25.5;25.5;25.5;25.5;25.5;25.5;25.5;25.5;25.5;25.992;25.5;25.5;25.5;25.5;25.5;25.5;25.5;25.5;25.5;25.5;25.5
1701;595.941;25.5;25.5;25.5;25.5;25.5;25.5;25.5;25.5;25.5;25.5;25.5;25.5;25.5;25.5;25.5;25.5;25.5;27.14;25.5;25.5;25.5;25.5;25.5;25.5;25.5;25.5;25.5;25.5;25.5
1702;232.33800000000002;25.5;25.5;25.5;25.5;25.5;25.5;25.5;25.5;25.5;25.5;25.5;25.5;25.5;25.5;25.5;25.5;25.5;27.796;25.5;25.5;25.664;25.5;25.5;25.5;25.5;25.5;25.5;25.664;25.5
1703;40.892;25.5;25.5;25.5;25.5;25.5;25.5;25.5;25.5;25.5;25.5;25.5;25.5;25.5;25.5;25.5;25.5;25.5;25.5;25.5;25.5;25.5;25.5;25.5;25.5;25.5;25.5;25.5;25.5;25.5
1704;134.157;25.5;25.5;25.5;25.5;25.5;25.5;25.5;25.5;25.5;25.5;25.5;25.5;25.5;25.5;25.5;25.5;25.5;25.5;25.5;25.5;25.5;25.5;25.5;25.5;25.5;25.5;25.5;25.5;25.5
1705;180.35500000000002;25.5;25.5;25.5;25.5;25.5;25.5;25.5;25.5;25.5;25.5;25.5;25.5;25.5;25.5;25.5;25.5;25.5;26.32;25.5;25.5;25.5;25.5;25.5;25.5;25.5;25.5;25.5;25.5;25.664
1706;1752.152;25.5;25.5;25.828;25.5;25.5;25.5;25.5;25.5;25.664;25.828;25.664;25.828;25.5;25.5;25.5;25.5;25.5;30.584;25.5;25.5;25.5;25.5;25.5;25.5;25.5;25.5;25.5;25.5;25.5
1707;499.94500000000005;25.828;25.992;25.828;25.5;25.5;25.5;25.5;25.5;25.5;25.5;25.5;25.5;25.5;25.5;25.5;25.5;25.5;25.664;25.5;25.5;25.5;25.5;25.5;25.5;25.5;25.5;25.5;25.5;25.5
1708;1086.9569999999999;25.664;25.664;25.5;25.5;25.5;25.5;25.5;25.5;25.828;25.5;25.992;25.828;25.664;25.5;25.664;25.5;25.5;27.796;25.5;25.5;25.664;26.484;25.5;25.5;25.5;25.828;25.5;25.5;25.664
1709;646.25;25.992;25.664;25.828;25.5;25.5;25.5;25.5;25.5;25.5;25.5;25.5;25.5;25.5;25.5;25.5;25.5;25.5;27.14;25.5;25.5;25.5;25.5;25.5;25.5;25.5;25.5;25.5;25.664;25.5
1710;1157.864;25.992;25.992;25.664;25.5;25.5;25.5;25.5;25.5;25.664;25.5;25.664;26.156;25.828;26.156;25.5;25.5;25.5;25.828;25.5;25.5;25.5;25.5;25.664;25.5;25.5;25.5;25.5;25.664;25.828
1711;703.079;25.5;25.5;25.664;25.5;25.5;25.5;25.5;25.5;25.5;25.5;25.5;25.5;25.5;25.5;25.5;25.5;25.5;26.648;25.5;25.5;25.5;25.5;25.5;25.5;25.5;25.5;25.5;25.5;25.5
1712;32.116;25.5;25.5;25.5;25.5;25.5;25.5;25.5;25.5;25.5;25.5;25.5;25.5;25.5;25.5;25.5;25.5;25.5;25.5;25.5;25.5;25.5;25.5;25.5;25.5;25.5;25.5;25.5;25.5;25.5
1713;64.71900000000001;25.5;25.664;25.828;25.5;25.5;25.5;25.5;25.5;25.5;25.5;25.5;25.5;25.5;25.5;25.5;25.5;25.5;25.828;25.5;25.5;25.5;25.5;25.5;25.5;25.5;25.5;25.5;25.5;25.5
1714;1645.0870000000002;26.648;25.5;25.828;25.5;25.5;25.5;25.5;25.5;25.5;25.5;25.5;25.664;25.5;25.5;25.5;25.5;25.5;27.304;25.5;25.5;25.664;25.5;25.5;25.5;25.5;25.5;25.5;25.5;26.32
1715;3260.157;26.156;25.992;26.648;25.5;25.5;25.5;25.5;25.5;25.664;25.664;25.664;25.664;25.5;25.5;25.664;25.5;25.5;28.944;25.5;25.5;25.5;25.5;25.5;25.5;25.5;25.5;25.5;25.992;25.664
1716;962.3990000000001;25.5;25.664;25.992;25.5;25.5;25.5;25.5;25.5;25.5;25.828;25.5;25.5;25.5;25.5;25.5;25.5;25.5;26.484;25.5;25.5;25.5;25.664;25.5;25.5;25.5;25.5;25.5;25.5;25.5
1717;542.594;25.5;25.664;25.5;25.5;25.5;25.5;25.5;25.5;25.5;25.5;25.5;25.5;25.5;25.5;25.5;25.5;25.5;25.992;25.5;25.5;25.5;25.5;25.5;25.5;25.5;25.5;25.5;25.5;25.5
1718;149.83;25.5;25.664;25.5;25.5;25.5;25.5;25.5;25.5;25.5;25.5;25.5;25.5;25.5;25.5;25.5;25.5;25.5;25.664;25.5;25.5;25.5;25.5;25.5;25.5;25.5;25.5;25.5;25.5;25.5
1719;141.113;25.5;25.5;25.5;25.5;25.5;25.5;25.5;25.5;25.5;25.5;25.5;25.5;25.5;25.5;25.5;25.5;25.5;25.828;25.5;25.5;25.5;25.5;25.5;25.5;25.5;25.5;25.5;25.5;25.5
1720;105.661;25.828;25.5;25.5;25.5;25.5;25.5;25.5;25.5;25.5;25.5;25.5;25.5;25.5;25.5;25.5;25.5;25.5;25.5;25.5;25.5;25.5;25.5;25.5;25.5;25.5;25.5;25.5;25.5;25.5
1721;25.5;25.5;25.5;25.5;25.5;25.5;25.5;25.5;25.5;25.5;25.5;25.5;25.5;25.5;25.5;25.5;25.5;25.5;25.5;25.5;25.5;25.5;25.5;25.5;25.5;25.5;25.5;25.5;25.5;25.5
1722;705.0310000000001;20.273;20.109;19.125;19.125;19.125;19.125;19.125;19.125;19.289;19.453;19.289;20.273;19.125;19.125;19.125;19.125;19.125;22.405;19.125;19.125;19.125;19.125;19.125;19.125;19.125;19.125;19.125;19.125;19.453
1723;33.477000000000004;25.5;25.5;25.5;25.5;25.5;25.5;25.5;25.5;25.5;25.5;25.5;25.5;25.5;25.5;25.5;25.5;25.5;25.5;25.5;25.5;25.5;25.5;25.5;25.5;25.5;25.5;25.5;25.5;25.5
1724;25.5;25.5;25.5;25.5;25.5;25.5;25.5;25.5;25.5;25.5;25.5;25.5;25.5;25.5;25.5;25.5;25.5;25.5;25.5;25.5;25.5;25.5;25.5;25.5;25.5;25.5;25.5;25.5;25.5;25.5
1725;496.44500000000005;25.664;25.664;25.664;25.5;25.5;25.5;25.5;25.5;25.5;25.5;25.664;25.5;25.5;25.5;25.5;25.5;25.5;25.664;25.5;25.5;25.5;25.5;25.5;25.5;25.5;25.5;25.5;25.5;25.5
1726;402.61;25.5;25.664;25.5;25.5;25.5;25.5;25.5;25.5;25.664;25.5;25.5;25.664;25.5;25.5;25.5;25.5;25.5;26.812;25.5;25.5;25.5;25.5;25.5;25.5;25.5;25.5;25.5;25.5;25.5
1727;73.52000000000001;19.125;19.125;19.125;19.125;19.125;19.125;19.125;19.125;19.125;19.125;19.289;19.125;19.125;19.125;19.125;19.125;19.125;19.125;19.125;19.125;19.125;19.125;19.125;19.125;19.125;19.125;19.125;19.125;19.125
1728;19.125;19.125;19.125;19.125;19.125;19.125;19.125;19.125;19.125;19.125;19.125;19.125;19.125;19.125;19.125;19.125;19.125;19.125;19.125;19.125;19.125;19.125;19.125;19.125;19.125;19.125;19.125;19.125;19.125;19.125
1729;525.7320000000001;25.5;25.828;25.5;25.5;25.5;25.5;25.5;25.5;25.5;25.5;25.5;25.5;25.5;25.5;25.5;25.5;25.5;25.828;25.5;25.5;25.5;25.5;25.5;25.5;25.5;25.5;25.5;25.5;25.5
1730;294.165;25.828;25.664;25.5;25.5;25.5;25.5;25.5;25.5;25.5;25.5;25.5;25.5;25.5;25.5;25.5;25.5;25.5;25.5;25.5;25.5;25.5;25.5;25.5;25.5;25.5;25.5;25.5;25.5;25.5
1731;419.76700000000005;25.5;25.5;25.664;25.5;25.5;25.5;25.5;25.5;25.828;25.5;25.664;25.5;25.5;25.5;25.5;25.5;25.5;27.14;25.5;25.5;25.5;25.664;25.664;25.5;25.5;25.5;25.5;25.5;25.664
1732;1173.1970000000001;26.648;25.828;25.664;25.5;25.5;25.5;25.5;25.5;25.5;25.5;25.664;25.828;25.664;25.5;25.5;25.5;25.5;28.124;25.5;25.5;25.664;25.5;25.5;25.5;25.5;25.5;25.5;25.5;25.664
1733;127.006;25.5;25.664;25.5;25.5;25.5;25.5;25.5;25.5;25.5;25.5;25.5;25.5;25.5;25.5;25.5;25.5;25.5;25.5;25.5;25.5;25.5;25.5;25.5;25.5;25.5;25.5;25.5;25.5;25.5
1734;257.293;25.664;25.664;25.5;25.5;25.5;25.5;25.5;25.5;25.5;25.664;25.5;25.5;25.5;25.5;25.5;25.5;25.5;25.5;25.5;25.5;25.5;25.5;25.5;25.5;25.5;25.5;25.5;25.5;25.5
1735;25.5;25.5;25.5;25.5;25.5;25.5;25.5;25.5;25.5;25.5;25.5;25.5;25.5;25.5;25.5;25.5;25.5;25.5;25.5;25.5;25.5;25.5;25.5;25.5;25.5;25.5;25.5;25.5;25.5;25.5
1736;276.80400000000003;25.992;25.5;25.5;25.5;25.5;25.5;25.5;25.5;25.5;25.5;25.5;25.5;25.5;25.5;25.5;25.5;25.5;26.156;25.5;25.5;25.5;25.5;25.5;25.5;25.5;25.5;25.5;25.5;25.5
1737;25.5;25.5;25.5;25.5;25.5;25.5;25.5;25.5;25.5;25.5;25.5;25.5;25.5;25.5;25.5;25.5;25.5;25.5;25.5;25.5;25.5;25.5;25.5;25.5;25.5;25.5;25.5;25.5;25.5;25.5
1738;980.143;26.156;25.664;25.664;25.5;25.5;25.5;25.5;25.5;25.664;25.828;25.664;25.828;25.828;25.5;25.828;25.5;25.5;28.616;25.5;25.5;25.664;26.484;25.5;25.5;25.5;25.5;25.5;25.5;26.976
1739;171.92700000000002;25.5;25.5;25.828;25.5;25.5;25.5;25.5;25.5;25.5;25.5;25.5;25.5;25.5;25.5;25.5;25.5;25.5;25.5;25.5;25.5;25.5;25.5;25.5;25.5;25.5;25.5;25.5;25.5;25.5
1740;165.69;25.5;25.5;25.5;25.5;25.5;25.5;25.5;25.5;25.5;25.5;25.5;25.5;25.5;25.5;25.5;25.5;25.5;25.5;25.5;25.5;25.5;25.5;25.5;25.5;25.5;25.5;25.5;25.5;25.5
1741;803.854;20.109;19.453;21.585;19.125;19.125;19.125;19.125;19.125;19.945;19.125;19.453;19.289;19.125;19.617;19.125;19.453;19.125;28.145;19.125;19.125;19.125;19.125;19.125;19.453;19.125;19.125;19.125;20.437;19.453
1742;223.876;25.5;25.5;25.5;25.5;25.5;25.5;25.5;25.5;25.5;25.5;25.5;25.5;25.5;25.5;25.5;25.5;25.5;25.5;25.5;25.5;25.5;25.5;25.5;25.5;25.5;25.5;25.5;25.5;25.5
1743;1634.988;19.453;19.289;19.125;19.125;19.125;19.125;19.125;19.125;19.289;19.125;19.617;19.945;19.453;19.125;19.125;19.125;19.125;21.257;19.125;19.125;19.289;19.125;19.125;19.125;19.125;19.125;19.125;19.125;19.125
1744;19.125;19.125;19.125;19.125;19.125;19.125;19.125;19.125;19.125;19.125;19.125;19.125;19.125;19.125;19.125;19.125;19.125;19.125;19.125;19.125;19.125;19.125;19.125;19.125;19.125;19.125;19.125;19.125;19.125;19.125
1745;443.9430000000001;25.664;25.5;25.664;25.5;25.5;25.5;25.5;25.5;25.5;25.5;25.5;25.5;25.5;25.5;25.5;25.5;25.5;27.14;25.5;25.5;25.5;25.5;25.5;25.5;25.5;25.5;25.5;25.5;25.5
1746;25.5;25.5;25.5;25.5;25.5;25.5;25.5;25.5;25.5;25.5;25.5;25.5;25.5;25.5;25.5;25.5;25.5;25.5;25.5;25.5;25.5;25.5;25.5;25.5;25.5;25.5;25.5;25.5;25.5;25.5
1747;1275.3400000000001;25.664;25.828;25.992;25.5;25.5;25.5;25.5;25.5;25.664;25.5;25.664;25.5;25.828;25.5;25.828;25.5;25.5;29.436;25.5;25.5;25.5;25.664;25.5;25.5;25.5;25.5;25.5;25.5;25.664
1748;196.543;25.5;25.5;26.976;25.5;25.5;25.5;25.5;25.5;25.5;25.5;25.5;25.5;25.5;25.5;25.5;25.5;25.5;25.828;25.5;25.5;25.5;25.5;25.5;25.5;25.5;25.5;25.5;25.5;25.5
1749;659.145;25.828;25.5;25.664;25.5;25.5;25.5;25.5;25.5;25.664;25.664;25.992;25.828;25.992;25.5;25.5;25.5;25.5;28.124;25.5;25.5;25.5;25.664;25.5;25.5;25.5;25.5;25.5;25.5;25.828
1750;61.827;25.5;25.5;25.5;25.5;25.5;25.5;25.5;25.5;25.5;25.5;25.5;25.5;25.5;25.5;25.5;25.5;25.5;25.5;25.5;25.5;25.5;25.5;25.5;25.5;25.5;25.5;25.5;25.5;25.5
1751;790.646;25.664;25.664;25.664;25.5;25.5;25.5;25.5;25.5;25.5;25.5;25.5;25.5;25.5;25.5;25.5;25.5;25.5;26.156;25.5;25.5;25.5;25.5;25.5;25.5;25.5;25.5;25.5;25.5;25.5
1752;553.51;19.617;19.453;19.781;19.125;19.125;19.125;19.125;19.125;19.125;19.945;19.289;19.289;19.289;19.125;19.125;19.125;19.125;24.373;19.125;19.125;19.125;19.125;19.125;19.125;19.125;19.125;19.125;19.125;19.289
1753;362.231;19.125;19.125;19.125;19.125;19.125;19.125;19.125;19.125;19.125;19.125;19.125;19.125;19.125;19.125;19.125;19.125;19.125;19.453;19.125;19.125;19.125;19.125;19.125;19.125;19.125;19.125;19.125;19.125;19.125
1754;385.68000000000006;25.992;25.664;26.32;25.5;25.5;25.5;25.5;25.5;25.664;25.5;25.664;25.5;25.5;25.5;25.5;25.5;25.5;27.796;25.5;25.5;25.5;25.664;25.5;25.5;25.5;25.5;25.5;25.5;25.664
1755;106.28;19.781;19.781;19.125;19.125;19.125;19.125;19.125;19.125;19.125;19.125;19.125;19.125;19.125;19.125;19.125;19.125;19.125;19.453;19.125;19.125;19.125;19.125;19.125;19.125;19.125;19.125;19.125;19.125;19.125
1756;407.14500000000004;19.289;19.453;19.125;19.125;19.125;19.125;19.125;19.125;19.289;19.125;19.289;19.453;19.125;19.125;19.617;19.125;19.125;20.765;19.125;19.125;19.125;19.781;19.125;19.125;19.125;19.125;19.125;19.125;19.125
1757;542.092;25.5;25.828;25.5;25.5;25.5;25.5;25.5;25.5;25.664;25.5;26.484;26.156;25.828;25.5;25.664;25.5;25.5;27.632;25.5;25.5;25.664;26.648;25.5;25.5;25.5;25.664;25.5;25.5;25.5
1758;126.298;25.5;25.664;25.5;25.5;25.5;25.5;25.5;25.5;25.5;25.5;25.5;25.5;25.5;25.5;25.5;25.5;25.5;25.5;25.5;25.5;25.5;25.5;25.5;25.5;25.5;25.5;25.5;25.5;25.5
1759;724.0060000000001;25.5;25.992;25.828;25.5;25.5;25.5;25.5;25.5;25.5;25.5;25.5;25.664;25.5;25.5;25.5;25.5;25.5;27.796;25.5;25.5;25.5;25.5;25.5;25.5;25.5;25.5;25.5;25.5;25.5
1760;472.086;25.992;25.664;25.828;25.5;25.5;25.5;25.5;25.5;25.5;25.5;25.5;25.5;25.5;25.5;25.5;25.5;25.5;25.5;25.5;25.5;25.5;25.5;25.5;25.5;25.5;25.5;25.5;25.5;25.5
1761;1333.633;25.664;25.828;25.664;25.5;25.5;25.5;25.5;25.5;25.5;25.5;25.5;25.664;25.5;25.5;25.5;25.5;25.5;26.484;25.5;25.5;25.5;25.5;25.5;25.664;25.5;25.5;25.5;25.5;25.5
1762;1274.5;25.828;25.992;25.828;25.5;25.5;25.5;25.5;25.5;25.5;25.5;25.5;25.664;25.5;25.992;25.5;25.5;25.5;27.796;25.5;25.5;25.664;25.5;25.5;25.5;25.5;25.5;25.5;25.5;25.5
1763;304.812;25.5;25.664;25.5;25.5;25.5;25.5;25.5;25.5;25.5;25.5;25.5;26.156;25.5;25.5;25.5;25.5;25.5;26.484;25.5;25.5;25.5;26.484;25.5;25.5;25.5;25.5;25.5;25.5;26.156
1764;19.125;19.125;19.125;19.125;19.125;19.125;19.125;19.125;19.125;19.125;19.125;19.125;19.125;19.125;19.125;19.125;19.125;19.125;19.125;19.125;19.125;19.125;19.125;19.125;19.125;19.125;19.125;19.125;19.125;19.125
1765;209.436;25.664;25.5;25.828;25.5;25.5;25.5;25.5;25.5;25.5;25.5;25.5;25.5;25.5;25.5;25.5;25.5;25.5;25.5;25.5;25.5;25.5;25.5;25.5;25.5;25.5;25.5;25.5;25.5;25.5
1766;1356.1730000000002;19.945;19.453;20.929;19.125;19.125;19.125;19.125;19.125;19.289;19.125;19.453;19.125;19.289;19.125;19.125;19.125;19.125;21.585;19.125;19.125;19.617;19.617;19.125;19.125;19.125;19.617;19.125;19.453;19.289
1767;195.44400000000002;25.5;25.664;25.5;25.5;25.5;25.5;25.5;25.5;25.5;25.5;25.5;25.5;25.5;25.5;25.5;25.5;25.5;27.468;25.5;25.5;25.5;25.5;25.5;25.5;25.5;25.5;25.5;25.5;25.5
1768;26.32;25.5;25.5;25.5;25.5;25.5;25.5;25.5;25.5;25.5;25.5;25.5;25.5;25.5;25.5;25.5;25.5;25.5;25.5;25.5;25.5;25.5;25.5;25.5;25.5;25.5;25.5;25.5;25.5;25.5
1769;286.817;25.5;25.5;25.5;25.5;25.5;25.5;25.5;25.5;25.5;25.5;25.5;25.5;25.5;25.5;25.5;25.5;25.5;25.828;25.5;25.5;25.5;25.5;25.5;25.5;25.5;25.5;25.5;25.5;25.5
1770;308.582;26.812;25.828;26.484;25.5;25.5;25.5;25.5;25.5;25.5;25.5;25.5;25.5;25.5;25.5;25.5;25.5;25.5;25.5;25.5;25.5;25.5;25.5;25.5;25.5;25.5;25.5;25.5;25.5;25.5
1771;931.262;19.289;19.453;19.617;19.125;19.125;19.125;19.125;19.125;19.453;19.125;19.289;19.453;19.125;19.125;19.125;19.125;19.125;20.601;19.125;19.125;19.125;20.765;19.125;19.125;19.125;19.125;19.125;19.125;19.125
1772;38.568;25.664;25.5;25.5;25.5;25.5;25.5;25.5;25.5;25.5;25.5;25.5;25.5;25.5;25.5;25.5;25.5;25.5;25.5;25.5;25.5;25.5;25.5;25.5;25.5;25.5;25.5;25.5;25.5;25.5
1773;292.002;19.289;19.781;19.453;19.125;19.125;19.125;19.125;19.125;19.289;19.289;19.289;19.453;19.125;19.125;19.125;19.125;19.125;21.093;19.125;19.125;19.289;19.781;19.125;19.125;19.125;19.125;19.125;19.125;19.289
1774;857.7529999999999;25.828;25.828;25.5;25.5;25.5;25.5;25.5;25.5;25.828;25.5;25.5;26.156;25.828;25.5;25.5;25.664;25.5;32.06;25.5;25.5;25.664;25.5;25.5;25.664;25.5;25.5;25.5;25.664;25.5
1775;28.958;25.5;25.5;25.5;25.5;25.5;25.5;25.5;25.5;25.5;25.5;25.5;25.5;25.5;25.5;25.5;25.5;25.5;25.5;25.5;25.5;25.5;25.5;25.5;25.5;25.5;25.5;25.5;25.5;25.5
1776;917.963;25.5;25.664;25.5;25.5;25.5;25.5;25.5;25.5;25.5;25.5;25.5;25.5;25.5;25.5;25.5;25.5;25.5;27.796;25.5;25.5;25.5;25.5;25.5;25.5;25.5;25.5;25.5;25.5;25.5
1777;903.4509999999999;25.828;25.664;25.5;25.5;25.5;25.5;25.5;25.5;25.828;25.5;25.664;25.828;25.664;25.5;25.5;25.5;25.5;27.14;25.5;25.5;25.664;26.648;25.5;25.5;25.5;25.5;25.5;25.5;25.664
1778;25.5;25.5;25.5;25.5;25.5;25.5;25.5;25.5;25.5;25.5;25.5;25.5;25.5;25.5;25.5;25.5;25.5;25.5;25.5;25.5;25.5;25.5;25.5;25.5;25.5;25.5;25.5;25.5;25.5;25.5
1779;85.708;25.992;25.828;25.828;25.5;25.5;25.5;25.5;25.5;25.5;25.5;25.5;25.5;25.5;25.5;25.5;25.5;25.5;25.5;25.5;25.5;25.5;25.5;25.5;25.5;25.5;25.5;25.5;25.5;25.5
1780;347.94100000000003;25.5;25.5;25.828;25.5;25.5;25.5;25.5;25.5;25.5;25.5;25.5;25.5;25.5;25.5;25.5;25.5;25.5;27.796;25.5;25.5;25.5;25.5;25.5;25.5;25.5;25.5;25.5;25.5;25.5
1781;244.305;25.5;25.5;25.5;25.5;25.5;25.5;25.5;25.5;25.5;25.5;25.5;25.5;25.5;25.5;25.5;25.5;25.5;25.5;25.5;25.5;25.5;25.5;25.5;25.5;25.5;25.5;25.5;25.5;25.5
1782;2147.521;21.093;19.617;21.093;19.125;19.125;19.125;19.125;19.125;19.453;19.125;19.289;19.453;19.617;19.289;19.617;19.125;19.125;26.505;19.125;19.125;19.453;19.453;19.125;19.125;19.125;19.125;19.125;19.125;19.289
1783;19.125;19.125;19.125;19.125;19.125;19.125;19.125;19.125;19.125;19.125;19.125;19.125;19.125;19.125;19.125;19.125;19.125;19.125;19.125;19.125;19.125;19.125;19.125;19.125;19.125;19.125;19.125;19.125;19.125;19.125
1784;244.534;25.5;25.664;25.5;25.5;25.5;25.5;25.5;25.5;25.5;25.5;25.5;25.5;25.664;25.5;25.5;25.5;25.5;25.664;25.5;25.5;25.5;25.5;25.5;25.5;25.5;25.5;25.5;25.5;25.664
1785;126.51700000000001;25.5;25.5;25.5;25.5;25.5;25.5;25.5;25.5;25.5;25.5;25.5;25.5;25.5;25.5;25.5;25.5;25.5;25.664;25.5;25.5;25.5;25.5;25.5;25.5;25.5;25.5;25.5;25.5;25.5
1786;106.098;19.453;19.289;19.617;19.125;19.125;19.125;19.125;19.125;19.125;19.125;19.125;19.125;19.125;19.125;19.125;19.125;19.125;19.125;19.125;19.125;19.125;19.125;19.125;19.125;19.125;19.125;19.125;19.125;19.125
1787;774.1239999999999;19.781;19.617;21.421;19.125;19.125;19.125;19.125;19.125;19.617;19.125;19.289;19.781;20.273;19.617;19.617;19.125;19.125;26.012999999999998;19.125;19.125;20.273;19.125;19.125;19.125;19.125;19.125;19.125;19.945;22.076999999999998
1788;2564.7819999999997;27.14;25.992;25.5;25.5;25.5;25.5;25.5;25.5;25.5;25.5;25.664;25.828;25.5;25.5;25.828;25.5;25.5;38.128;25.5;25.5;25.664;26.32;25.5;25.5;25.5;25.5;25.5;25.5;25.5
1789;25.664;25.5;25.5;25.5;25.5;25.5;25.5;25.5;25.5;25.5;25.5;25.5;25.5;25.5;25.5;25.5;25.5;25.5;25.5;25.5;25.5;25.5;25.5;25.5;25.5;25.5;25.5;25.5;25.5;25.5
1790;19.125;19.125;19.125;19.125;19.125;19.125;19.125;19.125;19.125;19.125;19.125;19.125;19.125;19.125;19.125;19.125;19.125;19.125;19.125;19.125;19.125;19.125;19.125;19.125;19.125;19.125;19.125;19.125;19.125;19.125
1791;288.785;25.5;25.664;26.32;25.5;25.5;25.5;25.5;25.5;25.5;25.5;25.5;25.5;25.5;25.5;25.5;25.5;25.5;25.5;25.5;25.5;25.5;25.5;25.5;25.5;25.5;25.5;25.5;25.5;25.5
1792;724.0340000000001;25.828;25.664;26.32;25.5;25.5;25.5;25.5;25.5;25.5;25.5;25.5;25.5;25.5;25.5;25.5;25.5;25.5;25.664;25.5;25.5;25.5;25.5;25.5;25.5;25.5;25.5;25.5;25.5;25.5
1793;245.381;25.5;25.664;25.5;25.5;25.5;25.5;25.5;25.5;25.5;25.5;25.5;25.5;25.5;25.5;25.5;25.5;25.5;25.5;25.5;25.5;25.5;25.5;25.5;25.5;25.5;25.5;25.5;25.5;25.5
1794;229.247;25.828;25.664;26.156;25.5;25.5;25.5;25.5;25.5;25.5;25.5;25.5;25.5;25.5;25.5;25.5;25.5;25.5;25.664;25.5;25.5;25.5;25.5;25.5;25.5;25.5;25.5;25.5;25.5;25.5
1795;2735.684;26.484;26.32;25.664;25.5;25.5;25.5;25.5;25.5;25.5;25.5;25.5;25.828;26.156;25.5;25.664;25.5;25.5;28.451999999999998;25.5;25.5;25.828;25.5;25.5;25.5;25.5;25.5;25.5;25.5;25.5
1796;104.359;25.664;25.5;25.5;25.5;25.5;25.5;25.5;25.5;25.5;25.5;25.5;25.5;25.5;25.5;25.5;25.5;25.5;25.5;25.5;25.5;25.5;25.5;25.5;25.5;25.5;25.5;25.5;25.5;25.5
1797;152.2;25.828;25.5;25.5;25.5;25.5;25.5;25.5;25.5;25.5;25.5;25.5;25.5;25.5;25.5;25.5;25.5;25.5;26.156;25.5;25.5;25.5;25.5;25.5;25.5;25.5;25.5;25.5;25.5;25.5
1798;25.5;25.5;25.5;25.5;25.5;25.5;25.5;25.5;25.5;25.5;25.5;25.5;25.5;25.5;25.5;25.5;25.5;25.5;25.5;25.5;25.5;25.5;25.5;25.5;25.5;25.5;25.5;25.5;25.5;25.5
1799;731.379;25.5;25.5;25.992;25.5;25.5;25.5;25.5;25.5;25.5;25.5;25.5;25.992;25.5;25.5;25.5;25.5;25.5;30.092;25.5;25.5;25.5;25.5;25.5;25.5;25.5;25.5;25.5;25.5;25.5
1800;1153.877;19.945;19.453;19.781;19.125;19.125;19.125;19.125;19.125;19.289;19.125;19.289;19.453;19.453;19.125;19.289;19.125;19.125;24.045;19.125;19.125;19.289;19.125;19.125;19.125;19.125;19.125;19.125;19.289;19.125
1801;19.125;19.125;19.125;19.125;19.125;19.125;19.125;19.125;19.125;19.125;19.125;19.125;19.125;19.125;19.125;19.125;19.125;19.125;19.125;19.125;19.125;19.125;19.125;19.125;19.125;19.125;19.125;19.125;19.125;19.125
1802;227.823;25.5;25.5;25.828;25.5;25.5;25.5;25.5;25.5;25.5;25.5;25.5;25.5;25.5;25.5;25.5;25.5;25.5;25.5;25.5;25.5;25.5;25.5;25.5;25.5;25.5;25.5;25.5;25.5;25.5
1803;39.074000000000005;25.5;25.5;25.5;25.5;25.5;25.5;25.5;25.5;25.5;25.5;25.5;25.5;25.5;25.5;25.5;25.5;25.5;25.5;25.5;25.5;25.5;25.5;25.5;25.5;25.5;25.5;25.5;25.5;25.5
1804;996.8900000000001;20.109;19.453;19.945;19.125;19.125;19.125;19.125;19.125;19.289;20.109;19.289;19.617;19.617;19.781;19.453;19.289;19.125;24.045;19.125;19.125;19.781;19.125;19.125;19.125;19.125;19.125;19.125;19.617;20.437
1805;223.726;25.5;25.664;25.5;25.5;25.5;25.5;25.5;25.5;25.5;25.5;25.5;25.5;25.5;25.5;25.5;25.5;25.5;27.14;25.5;25.5;25.5;25.5;25.5;25.5;25.5;25.5;25.5;25.5;25.5
1806;25.5;25.5;25.5;25.5;25.5;25.5;25.5;25.5;25.5;25.5;25.5;25.5;25.5;25.5;25.5;25.5;25.5;25.5;25.5;25.5;25.5;25.5;25.5;25.5;25.5;25.5;25.5;25.5;25.5;25.5
1807;517.943;25.5;25.664;25.992;25.5;25.5;25.5;25.5;25.5;25.5;25.5;25.828;25.5;25.5;25.5;25.5;25.5;25.5;27.14;25.5;25.5;25.5;25.664;25.5;25.5;25.5;25.5;25.5;25.5;25.664
1808;350.047;25.5;25.664;25.664;25.5;25.5;25.5;25.5;25.5;25.664;25.5;25.5;25.992;25.664;25.5;25.5;25.5;25.5;27.796;25.5;25.5;25.5;25.828;25.5;25.5;25.5;25.5;25.5;25.5;25.828
1809;264.299;25.5;25.5;25.5;25.5;25.5;25.5;25.5;25.5;25.5;25.5;25.5;25.5;25.5;25.5;25.5;25.5;25.5;25.5;25.5;25.5;25.5;25.5;25.5;25.5;25.5;25.5;25.5;25.5;25.5
1810;300.014;25.5;25.664;25.5;25.5;25.5;25.5;25.5;25.5;25.5;25.5;25.5;25.5;25.5;25.5;25.5;25.5;25.5;25.5;25.5;25.5;25.5;25.5;25.5;25.5;25.5;25.5;25.5;25.5;25.5
1811;170.85100000000003;25.828;25.5;25.5;25.5;25.5;25.5;25.5;25.5;25.5;25.5;25.5;25.5;25.5;25.5;25.5;25.5;25.5;25.5;25.5;25.5;25.5;25.5;25.5;25.5;25.5;25.5;25.5;25.5;25.5
1812;608.5140000000001;25.664;25.5;25.5;25.5;25.5;25.5;25.5;25.5;25.5;25.5;25.5;25.5;25.5;25.5;25.5;25.5;25.5;26.648;25.5;25.5;25.5;25.5;25.5;25.5;25.5;25.5;25.5;25.5;25.5
1813;55.509;19.125;19.125;19.125;19.125;19.125;19.125;19.125;19.125;19.125;19.125;19.125;19.125;19.125;19.125;19.125;19.125;19.125;19.125;19.125;19.125;19.125;19.125;19.125;19.125;19.125;19.125;19.125;19.125;19.125
1814;1087.228;25.5;25.5;25.5;25.5;25.5;25.5;25.5;25.5;25.5;25.5;25.5;25.5;25.5;25.5;25.5;25.5;25.5;28.616;25.5;25.5;25.5;25.5;25.5;25.5;25.5;25.5;25.5;25.5;25.5
1815;189.619;25.664;25.664;25.5;25.5;25.5;25.5;25.5;25.5;25.5;25.5;25.664;25.5;25.5;25.5;25.5;25.5;25.5;25.992;25.5;25.5;25.5;25.5;25.5;25.5;25.5;25.5;25.5;25.5;25.5
1816;436.086;26.484;25.5;25.5;25.5;25.5;25.5;25.5;25.5;25.5;25.5;25.5;25.5;25.5;25.5;25.5;25.5;25.5;25.664;25.5;25.5;25.5;25.5;25.5;25.5;25.5;25.5;25.5;25.5;25.5
1817;134.61599999999999;25.5;25.5;25.5;25.5;25.5;25.5;25.5;25.5;25.5;25.5;25.5;25.5;25.5;25.5;25.5;25.5;25.5;25.5;25.5;25.5;25.5;25.5;25.5;25.5;25.5;25.5;25.5;25.5;25.5
1818;3647.1989999999996;25.828;25.5;26.484;25.5;25.5;25.5;25.5;25.5;25.5;25.5;25.5;25.5;25.5;25.5;25.992;25.5;25.5;27.468;25.5;25.5;25.5;25.5;25.5;25.5;25.5;25.5;25.5;25.5;25.5
1819;869.391;27.96;26.156;26.156;25.5;25.5;25.5;25.5;25.5;25.664;25.664;25.664;25.5;25.5;25.5;25.5;25.5;25.5;26.976;25.5;25.5;25.5;25.5;25.5;25.5;25.5;25.5;25.5;25.5;25.5
1820;19.125;19.125;19.125;19.125;19.125;19.125;19.125;19.125;19.125;19.125;19.125;19.125;19.125;19.125;19.125;19.125;19.125;19.125;19.125;19.125;19.125;19.125;19.125;19.125;19.125;19.125;19.125;19.125;19.125;19.125
1821;407.981;25.5;25.5;25.5;25.5;25.5;25.5;25.5;25.5;25.5;25.5;25.5;25.5;25.5;25.5;25.5;25.5;25.5;25.5;25.5;25.5;25.5;25.5;25.5;25.5;25.5;25.5;25.5;25.5;25.5
1822;73.131;26.32;25.5;25.828;25.5;25.5;25.5;25.5;25.5;25.5;25.5;25.5;25.5;25.5;25.5;25.5;25.5;25.5;25.664;25.5;25.5;25.5;25.5;25.5;25.5;25.5;25.5;25.5;25.5;25.5
1823;282.04900000000004;26.32;25.664;25.5;25.5;25.5;25.5;25.5;25.5;25.5;25.5;25.5;25.5;25.5;25.5;25.5;25.5;25.5;25.992;25.5;25.5;25.5;25.5;25.5;25.5;25.5;25.5;25.5;25.5;25.5
1824;200.054;25.5;25.5;25.5;25.5;25.5;25.5;25.5;25.5;25.5;25.5;25.5;25.5;25.5;25.5;25.5;25.5;25.5;26.32;25.5;25.5;25.5;25.5;25.5;25.5;25.5;25.5;25.5;25.5;25.5
1825;271.35400000000004;25.664;25.828;25.828;25.5;25.5;25.5;25.5;25.5;25.5;25.5;25.5;25.5;25.5;25.5;25.5;25.5;25.5;26.32;25.5;25.5;25.5;25.5;25.5;25.5;25.5;25.5;25.5;25.5;25.5
1826;215.089;25.5;25.5;26.156;25.5;25.5;25.5;25.5;25.5;25.664;25.5;25.664;25.664;25.992;25.5;25.664;25.5;25.5;26.812;25.5;25.5;25.828;25.828;25.5;25.5;25.5;25.5;25.5;25.5;25.5
1827;881.2360000000001;26.156;25.5;25.5;25.5;25.5;25.5;25.5;25.5;25.828;25.5;25.664;25.664;25.828;25.5;25.5;25.5;25.5;28.451999999999998;25.5;25.5;25.5;26.156;25.5;25.5;25.5;25.5;25.5;25.5;25.5
1828;247.272;25.5;25.5;26.156;25.5;25.5;25.5;25.5;25.5;25.5;25.5;25.5;25.5;25.5;25.5;25.5;25.5;25.5;25.5;25.5;25.5;25.5;25.5;25.5;25.5;25.5;25.5;25.5;25.5;25.5
1829;1406.344;19.945;19.617;19.453;19.125;19.125;19.125;19.125;19.125;19.617;19.125;19.289;19.945;19.945;19.125;19.289;19.125;19.125;21.257;19.125;19.125;19.453;20.273;19.125;19.125;19.125;19.289;19.453;19.289;20.437
1830;1322.934;25.5;25.664;26.156;25.5;25.5;25.5;25.5;25.5;26.156;25.5;25.5;25.992;25.828;25.664;25.664;25.5;25.5;29.272;25.5;25.5;25.5;25.5;25.5;25.5;25.5;25.5;25.5;25.5;25.664
1831;55.980000000000004;25.5;25.5;26.156;25.5;25.5;25.5;25.5;25.5;25.5;25.5;25.5;25.5;25.5;25.5;25.5;25.5;25.5;25.5;25.5;25.5;25.5;25.5;25.5;25.5;25.5;25.5;25.5;25.5;25.5
1832;1328.013;22.241;19.453;19.617;19.125;19.125;19.125;19.125;19.125;19.289;19.289;19.289;20.109;19.453;19.125;19.945;19.289;19.125;25.029;19.125;19.125;19.125;19.125;19.125;19.125;19.125;19.125;19.125;19.125;19.125
1833;25.5;25.5;25.5;25.5;25.5;25.5;25.5;25.5;25.5;25.5;25.5;25.5;25.5;25.5;25.5;25.5;25.5;25.5;25.5;25.5;25.5;25.5;25.5;25.5;25.5;25.5;25.5;25.5;25.5;25.5
1834;468.14500000000004;26.156;25.828;25.5;25.5;25.5;25.5;25.5;25.5;25.5;25.5;25.5;25.5;25.5;25.5;25.5;25.5;25.5;27.468;25.5;25.5;25.5;25.5;25.5;25.5;25.5;25.5;25.5;25.5;25.5
1835;252.832;25.5;25.5;25.5;25.5;25.5;25.5;25.5;25.5;25.664;25.5;25.5;25.5;25.5;25.5;25.5;25.5;25.5;25.5;25.5;25.5;25.5;25.5;25.5;25.5;25.5;25.5;25.5;25.5;25.5
1836;1104.989;26.812;25.828;25.5;25.5;25.5;25.5;25.5;25.5;25.5;25.5;25.664;25.828;25.828;25.664;25.664;25.5;25.5;26.648;25.5;25.5;25.5;25.5;25.5;25.5;25.5;25.5;25.5;25.5;25.5
1837;155.926;25.5;25.5;25.5;25.5;25.5;25.5;25.5;25.5;25.5;25.5;25.5;25.5;25.5;25.5;25.5;25.5;25.5;26.484;25.5;25.5;25.5;25.5;25.5;25.5;25.5;25.5;25.5;25.5;25.5
1838;576.155;25.664;25.5;25.5;25.5;25.5;25.5;25.5;25.5;25.5;25.5;25.5;25.5;25.5;25.5;25.5;25.5;25.5;29.108;25.5;25.5;25.5;25.5;25.5;25.5;25.5;25.5;25.5;25.5;25.5
1839;25.5;25.5;25.5;25.5;25.5;25.5;25.5;25.5;25.5;25.5;25.5;25.5;25.5;25.5;25.5;25.5;25.5;25.5;25.5;25.5;25.5;25.5;25.5;25.5;25.5;25.5;25.5;25.5;25.5;25.5
1840;25.992;25.5;25.5;25.5;25.5;25.5;25.5;25.5;25.5;25.5;25.5;25.5;25.5;25.5;25.5;25.5;25.5;25.5;25.5;25.5;25.5;25.5;25.5;25.5;25.5;25.5;25.5;25.5;25.5;25.5
1841;25.5;25.5;25.5;25.5;25.5;25.5;25.5;25.5;25.5;25.5;25.5;25.5;25.5;25.5;25.5;25.5;25.5;25.5;25.5;25.5;25.5;25.5;25.5;25.5;25.5;25.5;25.5;25.5;25.5;25.5
1842;275.95500000000004;25.5;25.992;25.5;25.5;25.5;25.5;25.5;25.5;25.5;25.5;25.5;25.5;25.5;25.5;25.5;25.5;25.5;25.828;25.5;25.5;25.5;25.5;25.5;25.5;25.5;25.5;25.5;25.5;25.5
1843;159.59400000000002;25.5;25.664;25.5;25.5;25.5;25.5;25.5;25.5;25.5;25.5;25.5;25.5;25.5;25.5;25.5;25.5;25.5;25.5;25.5;25.5;25.5;25.5;25.5;25.5;25.5;25.5;25.5;25.5;25.5
1844;29.97;25.5;25.5;25.5;25.5;25.5;25.5;25.5;25.5;25.5;25.5;25.5;25.5;25.5;25.5;25.5;25.5;25.5;25.5;25.5;25.5;25.5;25.5;25.5;25.5;25.5;25.5;25.5;25.5;25.5
1845;25.5;25.5;25.5;25.5;25.5;25.5;25.5;25.5;25.5;25.5;25.5;25.5;25.5;25.5;25.5;25.5;25.5;25.5;25.5;25.5;25.5;25.5;25.5;25.5;25.5;25.5;25.5;25.5;25.5;25.5
1846;403.37200000000007;25.5;25.664;25.5;25.5;25.5;25.5;25.5;25.5;25.5;25.5;25.5;25.5;25.5;25.5;25.5;25.5;25.5;28.288;25.5;25.5;25.5;25.664;25.5;25.5;25.5;25.5;25.5;25.5;25.5
1847;306.72900000000004;25.5;25.5;25.5;25.5;25.5;25.5;25.5;25.5;25.5;25.5;25.5;25.5;25.5;25.5;25.5;25.5;25.5;27.632;25.5;25.5;25.5;25.5;25.5;25.5;25.5;25.5;25.5;25.5;25.5
1848;1423.952;25.664;25.664;25.5;25.5;25.5;25.5;25.5;25.5;25.5;25.5;25.664;25.664;25.5;25.5;25.5;25.5;25.5;30.912;25.5;25.5;25.5;25.5;25.5;25.5;25.5;25.5;25.5;25.5;25.5
1849;25.992;25.5;25.5;25.5;25.5;25.5;25.5;25.5;25.5;25.5;25.5;25.5;25.5;25.5;25.5;25.5;25.5;25.5;25.5;25.5;25.5;25.5;25.5;25.5;25.5;25.5;25.5;25.5;25.5;25.5
1850;25.5;25.5;25.5;25.5;25.5;25.5;25.5;25.5;25.5;25.5;25.5;25.5;25.5;25.5;25.5;25.5;25.5;25.5;25.5;25.5;25.5;25.5;25.5;25.5;25.5;25.5;25.5;25.5;25.5;25.5
1851;563.4350000000001;25.664;25.5;25.5;25.5;25.5;25.5;25.5;25.5;25.664;25.5;25.664;25.5;25.5;25.5;25.5;25.5;25.5;31.732;25.5;25.5;25.5;25.5;25.5;25.5;25.5;25.5;25.5;25.5;25.5
1852;826.5720000000001;25.664;25.664;26.156;25.5;25.5;25.5;25.5;25.5;25.5;25.5;25.5;25.5;25.5;25.5;25.5;25.5;25.5;25.5;25.5;25.5;25.5;25.5;25.5;25.5;25.5;25.5;25.5;25.5;25.5
1853;19.125;19.125;19.125;19.125;19.125;19.125;19.125;19.125;19.125;19.125;19.125;19.125;19.125;19.125;19.125;19.125;19.125;19.125;19.125;19.125;19.125;19.125;19.125;19.125;19.125;19.125;19.125;19.125;19.125;19.125
1854;26.648;25.5;25.5;25.5;25.5;25.5;25.5;25.5;25.5;25.5;25.5;25.5;25.5;25.5;25.5;25.5;25.5;25.5;25.5;25.5;25.5;25.5;25.5;25.5;25.5;25.5;25.5;25.5;25.5;25.5
1855;25.5;25.5;25.5;25.5;25.5;25.5;25.5;25.5;25.5;25.5;25.5;25.5;25.5;25.5;25.5;25.5;25.5;25.5;25.5;25.5;25.5;25.5;25.5;25.5;25.5;25.5;25.5;25.5;25.5;25.5
1856;454.84400000000005;25.828;25.5;25.5;25.5;25.5;25.5;25.5;25.5;25.5;25.5;25.5;25.5;25.5;25.5;25.5;25.5;25.5;25.664;25.5;25.5;25.5;25.5;25.5;25.5;25.5;25.5;25.5;25.5;25.5
1857;1300.681;25.992;25.992;25.664;25.5;25.5;25.5;25.5;25.5;25.664;25.664;25.664;26.484;25.664;25.5;25.5;25.5;25.5;28.451999999999998;25.5;25.5;25.5;26.648;25.5;25.5;25.5;25.5;25.5;25.828;25.5
1858;29.628;26.156;25.5;25.5;25.5;25.5;25.5;25.5;25.5;25.5;25.5;25.5;25.5;25.5;25.5;25.5;25.5;25.5;25.664;25.5;25.5;25.5;25.5;25.5;25.5;25.5;25.5;25.5;25.5;25.5
1859;57.17400000000001;25.5;25.664;25.5;25.5;25.5;25.5;25.5;25.5;25.5;25.5;25.5;25.5;25.5;25.5;25.5;25.5;25.5;25.5;25.5;25.5;25.5;25.5;25.5;25.5;25.5;25.5;25.5;25.5;25.5
1860;662.23;25.5;25.5;25.5;25.5;25.5;25.5;25.5;25.5;25.5;25.5;25.5;25.5;25.5;25.5;25.5;25.5;25.5;25.5;25.5;25.5;25.5;25.5;25.5;25.5;25.5;25.5;25.5;25.5;25.5
1861;641.255;25.5;25.5;25.5;25.5;25.5;25.5;25.5;25.5;25.5;25.5;25.5;25.664;25.5;25.5;25.5;25.5;25.5;26.976;25.5;25.5;25.5;25.5;25.5;25.5;25.5;25.5;25.5;25.5;25.5
1862;1325.3200000000002;25.992;26.32;25.664;25.5;25.5;25.5;25.5;25.5;25.5;25.5;25.5;25.5;25.5;25.5;25.5;25.5;25.5;28.451999999999998;25.5;25.5;25.5;25.5;25.5;25.5;25.5;25.5;25.5;26.156;25.5
1863;1246.272;25.5;25.664;25.992;25.5;25.5;25.5;25.5;25.5;25.5;25.5;25.664;25.5;25.5;25.5;25.5;25.5;25.5;27.304;25.5;25.5;25.664;25.5;25.5;25.5;25.5;25.5;25.5;25.828;25.5
1864;210.643;25.5;25.5;25.5;25.5;25.5;25.5;25.5;25.5;25.5;25.5;25.5;25.5;25.5;25.5;25.5;25.5;25.5;25.5;25.5;25.5;25.5;25.5;25.5;25.5;25.5;25.5;25.5;25.5;25.5
1865;37.584;25.5;25.5;25.5;25.5;25.5;25.5;25.5;25.5;25.5;25.5;25.5;25.5;25.5;25.5;25.5;25.5;25.5;25.5;25.5;25.5;25.5;25.5;25.5;25.5;25.5;25.5;25.5;25.5;25.5
1866;88.211;25.5;25.5;25.5;25.5;25.5;25.5;25.5;25.5;25.5;25.5;25.5;25.5;25.5;25.5;25.5;25.5;25.5;25.5;25.5;25.5;25.5;25.5;25.5;25.5;25.5;25.5;25.5;25.5;25.5
1867;25.5;25.5;25.5;25.5;25.5;25.5;25.5;25.5;25.5;25.5;25.5;25.5;25.5;25.5;25.5;25.5;25.5;25.5;25.5;25.5;25.5;25.5;25.5;25.5;25.5;25.5;25.5;25.5;25.5;25.5
1868;787.738;26.156;25.664;25.5;25.5;25.5;25.5;25.5;25.5;25.5;25.5;25.5;25.828;25.5;25.5;25.5;25.5;25.5;27.304;25.5;25.5;25.828;25.5;25.5;25.5;25.5;25.664;25.5;25.5;25.5
1869;922.3330000000001;20.437;19.289;19.125;19.125;19.125;19.125;19.125;19.125;19.453;19.125;19.289;19.289;19.125;19.125;19.289;19.125;19.125;21.093;19.125;19.125;21.585;19.781;19.125;19.125;19.125;19.289;19.125;19.125;19.781
1870;287.35400000000004;25.5;25.664;25.5;25.5;25.5;25.5;25.5;25.5;25.5;25.5;25.5;25.5;25.664;25.5;25.5;25.5;25.5;26.32;25.5;25.5;25.5;25.5;25.5;25.5;25.5;25.5;25.5;25.5;25.5
1871;181.745;25.5;25.664;25.5;25.5;25.5;25.5;25.5;25.5;25.5;25.5;25.5;25.5;25.5;25.5;25.5;25.5;25.5;26.32;25.5;25.5;25.5;25.5;25.5;25.5;25.5;25.5;25.5;25.5;25.5
1872;143.112;25.5;25.828;25.5;25.5;25.5;25.5;25.5;25.5;25.664;25.5;25.5;25.664;25.5;25.5;25.5;25.5;25.5;25.664;25.5;25.5;25.5;25.5;25.5;25.5;25.5;25.5;25.5;25.5;25.5
1873;25.5;25.5;25.5;25.5;25.5;25.5;25.5;25.5;25.5;25.5;25.5;25.5;25.5;25.5;25.5;25.5;25.5;25.5;25.5;25.5;25.5;25.5;25.5;25.5;25.5;25.5;25.5;25.5;25.5;25.5
1874;291.529;25.5;25.5;25.828;25.5;25.5;25.5;25.5;25.5;25.5;25.5;25.5;25.5;25.5;25.5;25.5;25.5;25.5;25.5;25.5;25.5;25.5;25.5;25.5;25.5;25.5;25.5;25.5;25.5;25.5
1875;25.5;25.5;25.5;25.5;25.5;25.5;25.5;25.5;25.5;25.5;25.5;25.5;25.5;25.5;25.5;25.5;25.5;25.5;25.5;25.5;25.5;25.5;25.5;25.5;25.5;25.5;25.5;25.5;25.5;25.5
1876;25.5;25.5;25.5;25.5;25.5;25.5;25.5;25.5;25.5;25.5;25.5;25.5;25.5;25.5;25.5;25.5;25.5;25.5;25.5;25.5;25.5;25.5;25.5;25.5;25.5;25.5;25.5;25.5;25.5;25.5
1877;25.664;25.5;25.5;25.5;25.5;25.5;25.5;25.5;25.5;25.5;25.5;25.5;25.5;25.5;25.5;25.5;25.5;25.5;25.5;25.5;25.5;25.5;25.5;25.5;25.5;25.5;25.5;25.5;25.5;25.5
1878;310.909;25.664;25.5;25.5;25.5;25.5;25.5;25.5;25.5;25.5;25.5;25.5;25.5;25.5;25.5;25.5;25.5;25.5;27.796;25.5;25.5;25.5;25.5;25.5;25.5;25.5;25.5;25.5;25.828;25.5
1879;264.072;19.453;19.125;19.125;19.125;19.125;19.125;19.125;19.125;19.125;19.125;19.125;19.125;19.125;19.125;19.125;19.125;19.125;19.125;19.125;19.125;19.125;19.125;19.125;19.125;19.125;19.125;19.125;19.125;19.125
1880;92.62700000000001;25.5;25.5;25.5;25.5;25.5;25.5;25.5;25.5;25.5;25.5;25.5;25.5;25.5;25.5;25.5;25.5;25.5;25.5;25.5;25.5;25.5;25.5;25.5;25.5;25.5;25.5;25.5;25.5;25.5
1881;206.709;19.125;19.125;19.289;19.125;19.125;19.125;19.125;19.125;19.125;19.125;19.125;19.125;19.125;19.125;19.125;19.125;19.125;19.125;19.125;19.125;19.125;19.125;19.125;19.125;19.125;19.125;19.125;19.125;19.125
1882;848.64;25.828;25.5;25.5;25.5;25.5;25.5;25.5;25.5;25.5;25.5;25.5;25.992;25.5;25.5;25.5;25.5;25.5;25.992;25.5;25.5;25.5;25.5;25.5;25.5;25.5;25.5;25.5;25.5;25.5
1883;185.22500000000002;25.5;25.5;25.5;25.5;25.5;25.5;25.5;25.5;25.5;25.5;25.5;25.5;25.5;25.5;25.5;25.5;25.5;26.484;25.5;25.5;25.5;25.5;25.5;25.5;25.5;25.5;25.5;25.5;25.5
1884;151.995;25.5;25.5;25.5;25.5;25.5;25.5;25.5;25.5;25.5;25.5;25.5;25.5;25.5;25.5;25.5;25.5;25.5;25.5;25.5;25.5;25.5;25.5;25.5;25.5;25.5;25.5;25.5;25.5;25.5
1885;53.176;25.5;25.5;25.5;25.5;25.5;25.5;25.5;25.5;25.5;25.5;25.5;25.5;25.5;25.5;25.5;25.5;25.5;25.5;25.5;25.5;25.5;25.5;25.5;25.5;25.5;25.5;25.5;25.5;25.5
1886;19.125;19.125;19.125;19.125;19.125;19.125;19.125;19.125;19.125;19.125;19.125;19.125;19.125;19.125;19.125;19.125;19.125;19.125;19.125;19.125;19.125;19.125;19.125;19.125;19.125;19.125;19.125;19.125;19.125;19.125
1887;121.593;25.664;25.828;25.5;25.5;25.5;25.5;25.5;25.5;25.5;25.5;25.5;25.5;25.5;25.5;25.5;25.5;25.5;25.5;25.5;25.5;25.5;25.5;25.5;25.5;25.5;25.5;25.5;25.5;25.5
1888;216.738;25.5;25.664;25.5;25.5;25.5;25.5;25.5;25.5;25.5;25.5;25.5;25.5;25.5;25.5;25.5;25.5;25.5;25.5;25.5;25.5;25.5;25.5;25.5;25.5;25.5;25.5;25.5;25.5;25.5
1889;356.12300000000005;25.664;25.5;25.5;25.5;25.5;25.5;25.5;25.5;25.5;25.5;25.664;25.5;25.5;25.5;25.5;25.5;25.5;25.5;25.5;25.5;25.5;25.5;25.5;25.5;25.5;25.5;25.5;25.5;25.5
1890;1236.7649999999999;25.5;25.5;25.5;25.5;25.5;25.5;25.5;25.5;25.5;25.5;25.5;25.5;25.5;25.5;25.5;25.5;25.5;26.648;25.5;25.5;25.5;25.5;25.5;25.5;25.5;25.5;25.5;25.5;25.5
1891;236.157;25.664;25.5;25.5;25.5;25.5;25.5;25.5;25.5;25.664;25.5;25.664;25.664;25.5;25.5;25.5;25.5;25.5;27.468;25.5;25.5;25.5;25.5;25.5;25.5;25.5;25.5;25.5;25.828;25.5
1892;6067.663;19.289;19.945;19.289;19.125;19.125;19.125;19.125;19.125;19.289;19.125;19.289;19.617;19.125;19.125;19.289;19.125;19.125;20.765;19.125;19.125;19.125;19.289;19.125;19.125;19.125;19.125;19.125;19.125;19.453
1893;25.5;25.5;25.5;25.5;25.5;25.5;25.5;25.5;25.5;25.5;25.5;25.5;25.5;25.5;25.5;25.5;25.5;25.5;25.5;25.5;25.5;25.5;25.5;25.5;25.5;25.5;25.5;25.5;25.5;25.5
1894;408.46000000000004;26.156;25.828;26.156;25.5;25.5;25.5;25.5;25.5;25.664;25.5;25.5;25.664;25.5;25.5;25.828;25.5;25.5;30.748;25.5;25.5;25.5;25.5;25.5;25.5;25.5;25.5;25.5;25.5;25.5
1895;623.573;26.32;25.992;25.5;25.5;25.5;25.5;25.5;25.5;25.828;25.5;25.5;25.5;25.5;25.5;25.5;25.5;25.5;26.156;25.5;25.5;25.5;25.5;25.5;25.5;25.5;25.5;25.5;25.5;25.5
1896;1864.589;21.421;19.617;19.289;19.125;19.125;19.125;19.125;19.125;19.453;19.125;19.617;19.945;19.617;19.781;19.289;19.289;19.125;24.373;19.125;19.125;19.781;19.125;19.125;19.125;19.125;19.125;19.125;19.617;19.781
1897;527.311;25.664;25.5;25.5;25.5;25.5;25.5;25.5;25.5;25.5;25.5;25.5;25.5;25.5;25.5;25.5;25.5;25.5;25.664;25.5;25.5;25.5;25.5;25.5;25.5;25.5;25.5;25.5;25.5;25.5
1898;163.38700000000003;19.125;19.125;19.125;19.125;19.125;19.125;19.125;19.125;19.125;19.125;19.125;19.125;19.125;19.125;19.125;19.125;19.125;19.453;19.125;19.125;19.125;19.125;19.125;19.125;19.125;19.125;19.125;19.125;19.125
1899;223.678;25.5;25.828;25.5;25.5;25.5;25.5;25.5;25.5;25.5;25.5;25.5;25.5;25.5;25.5;25.5;25.5;25.5;25.664;25.5;25.5;25.5;25.5;25.5;25.5;25.5;25.5;25.5;25.5;25.5
1900;269.21799999999996;25.828;25.664;25.5;25.5;25.5;25.5;25.5;25.5;25.5;25.5;25.5;25.664;25.5;25.5;25.5;25.5;25.5;25.5;25.5;25.5;25.5;25.5;25.5;25.5;25.5;25.5;25.5;25.5;25.5
1901;61.152;25.5;25.5;25.5;25.5;25.5;25.5;25.5;25.5;25.5;25.5;25.5;25.5;25.5;25.5;25.5;25.5;25.5;25.5;25.5;25.5;25.5;25.5;25.5;25.5;25.5;25.5;25.5;25.5;25.5
1902;301.472;25.664;25.664;25.5;25.5;25.5;25.5;25.5;25.5;25.5;25.5;25.5;25.5;25.5;25.5;25.5;25.5;25.5;25.664;25.5;25.5;25.5;25.5;25.5;25.5;25.5;25.5;25.5;25.5;25.5
1903;19.125;19.125;19.125;19.125;19.125;19.125;19.125;19.125;19.125;19.125;19.125;19.125;19.125;19.125;19.125;19.125;19.125;19.125;19.125;19.125;19.125;19.125;19.125;19.125;19.125;19.125;19.125;19.125;19.125;19.125
1904;62.594;19.125;19.125;19.125;19.125;19.125;19.125;19.125;19.125;19.125;19.125;19.125;19.125;19.125;19.125;19.125;19.125;19.125;19.125;19.125;19.125;19.125;19.125;19.125;19.125;19.125;19.125;19.125;19.125;19.125
1905;682.8020000000001;25.5;25.5;25.5;25.5;25.5;25.5;25.5;25.5;25.5;25.5;25.5;25.664;25.5;25.5;25.5;25.5;25.5;25.5;25.5;25.5;25.5;25.5;25.5;25.5;25.5;25.5;25.5;25.5;25.5
1906;305.103;25.5;25.5;25.828;25.5;25.5;25.5;25.5;25.5;25.5;25.5;25.664;25.992;25.828;25.5;25.5;25.664;25.5;29.928;25.5;25.5;25.5;25.5;25.5;25.5;25.5;25.5;25.5;26.156;25.828
1907;1462.402;21.749;19.617;20.929;19.125;19.125;19.125;19.125;19.125;19.617;19.617;19.781;19.945;19.617;19.945;19.453;19.453;19.125;24.209;19.125;19.945;21.257;20.437;19.125;19.125;19.125;19.125;19.125;20.437;19.781
1908;1052.573;25.664;25.664;25.664;25.5;25.5;25.5;25.5;25.5;25.5;25.5;25.5;25.5;25.828;25.5;25.5;25.5;25.5;27.468;25.5;25.5;25.5;25.5;25.5;25.5;25.5;25.5;25.5;25.5;25.5
1909;385.57800000000003;25.828;25.5;25.828;25.5;25.5;25.5;25.5;25.5;25.5;25.5;25.5;25.992;25.664;25.5;25.5;25.5;25.5;27.304;25.5;25.5;25.5;25.828;25.5;25.5;25.5;25.5;25.5;26.156;25.664
1910;25.5;25.5;25.5;25.5;25.5;25.5;25.5;25.5;25.5;25.5;25.5;25.5;25.5;25.5;25.5;25.5;25.5;25.5;25.5;25.5;25.5;25.5;25.5;25.5;25.5;25.5;25.5;25.5;25.5;25.5
1911;495.451;25.664;25.664;25.5;25.5;25.5;25.5;25.5;25.5;25.664;25.5;25.664;25.828;25.828;25.5;25.5;25.5;25.5;26.976;25.5;25.5;25.664;25.992;25.5;25.5;25.5;25.5;25.5;25.5;25.664
1912;34.098;25.5;25.5;25.5;25.5;25.5;25.5;25.5;25.5;25.5;25.5;25.5;25.5;25.5;25.5;25.5;25.5;25.5;25.5;25.5;25.5;25.5;25.5;25.5;25.5;25.5;25.5;25.5;25.5;25.5
1913;84.107;25.5;25.5;25.5;25.5;25.5;25.5;25.5;25.5;25.5;25.5;25.5;25.5;25.5;25.5;25.5;25.5;25.5;25.5;25.5;25.5;25.5;25.5;25.5;25.5;25.5;25.5;25.5;25.5;25.5
1914;1160.125;26.156;25.5;25.5;25.5;25.5;25.5;25.5;25.5;25.5;25.5;25.5;25.5;25.5;25.5;25.5;25.5;25.5;26.32;25.5;25.5;25.5;25.5;25.5;25.5;25.5;25.5;25.5;25.5;25.5
1915;2968.7839999999997;19.945;19.289;19.453;19.125;19.125;19.125;19.125;19.125;19.289;19.125;19.289;19.453;19.289;19.453;19.453;19.289;19.125;23.061;19.125;19.125;19.125;19.125;19.125;19.125;19.125;19.125;19.125;19.125;19.125
1916;275.451;25.664;25.5;25.5;25.5;25.5;25.5;25.5;25.5;25.5;25.5;25.5;25.5;25.5;25.5;25.5;25.5;25.5;25.5;25.5;25.5;25.5;25.5;25.5;25.5;25.5;25.5;25.5;25.5;25.5
1917;20.942999999999998;19.125;19.125;19.125;19.125;19.125;19.125;19.125;19.125;19.125;19.125;19.125;19.125;19.125;19.125;19.125;19.125;19.125;19.125;19.125;19.125;19.125;19.125;19.125;19.125;19.125;19.125;19.125;19.125;19.125
1918;803.75;25.664;25.664;25.5;25.5;25.5;25.5;25.5;25.5;25.664;25.5;25.664;25.828;25.664;25.5;25.664;25.5;25.5;26.648;25.5;25.5;25.664;25.828;25.5;25.5;25.5;25.5;25.5;25.5;25.5
1919;96.696;26.32;25.5;25.828;25.5;25.5;25.5;25.5;25.5;25.5;25.5;25.5;25.5;25.5;25.5;25.5;25.5;25.5;25.5;25.5;25.5;25.5;25.5;25.5;25.5;25.5;25.5;25.5;25.5;25.5
1920;125.525;25.5;25.5;25.992;25.5;25.5;25.5;25.5;25.5;25.5;25.5;25.5;26.32;25.5;25.5;25.5;25.5;25.5;25.664;25.5;25.5;25.5;25.5;25.5;25.5;25.5;25.5;25.5;25.5;25.5
1921;53.290000000000006;25.5;25.5;25.5;25.5;25.5;25.5;25.5;25.5;25.5;25.5;25.5;25.5;25.5;25.5;25.5;25.5;25.5;25.5;25.5;25.5;25.5;25.5;25.5;25.5;25.5;25.5;25.5;25.5;25.5
1922;19.125;19.125;19.125;19.125;19.125;19.125;19.125;19.125;19.125;19.125;19.125;19.125;19.125;19.125;19.125;19.125;19.125;19.125;19.125;19.125;19.125;19.125;19.125;19.125;19.125;19.125;19.125;19.125;19.125;19.125
1923;46.915000000000006;25.5;25.664;25.5;25.5;25.5;25.5;25.5;25.5;25.5;25.5;25.5;25.5;25.5;25.5;25.5;25.5;25.5;25.5;25.5;25.5;25.5;25.5;25.5;25.5;25.5;25.5;25.5;25.5;25.5
1924;25.5;25.5;25.5;25.5;25.5;25.5;25.5;25.5;25.5;25.5;25.5;25.5;25.5;25.5;25.5;25.5;25.5;25.5;25.5;25.5;25.5;25.5;25.5;25.5;25.5;25.5;25.5;25.5;25.5;25.5
1925;35.93;25.5;25.5;25.5;25.5;25.5;25.5;25.5;25.5;25.5;25.5;25.5;25.5;25.5;25.5;25.5;25.5;25.5;25.5;25.5;25.5;25.5;25.5;25.5;25.5;25.5;25.5;25.5;25.5;25.5
1926;82.42;25.5;25.5;25.5;25.5;25.5;25.5;25.5;25.5;25.5;25.5;25.5;25.5;25.5;25.5;25.5;25.5;25.5;25.664;25.5;25.5;25.5;25.5;25.5;25.5;25.5;25.5;25.5;25.5;25.5
1927;42.022999999999996;19.945;19.453;19.125;19.125;19.125;19.125;19.125;19.125;19.125;19.125;19.125;19.125;19.125;19.125;19.125;19.125;19.125;19.125;19.125;19.125;19.125;19.125;19.125;19.125;19.125;19.125;19.125;19.125;19.125
1928;62.958;25.664;25.664;25.5;25.5;25.5;25.5;25.5;25.5;25.828;25.5;25.5;25.5;25.5;25.5;25.5;25.5;25.5;25.664;25.5;25.5;25.5;25.5;25.5;25.5;25.5;25.5;25.5;25.5;25.5
1929;289.21200000000005;25.5;25.5;25.5;25.5;25.5;25.5;25.5;25.5;25.5;25.5;25.5;25.5;25.5;25.5;25.5;25.5;25.5;26.32;25.5;25.5;25.5;25.5;25.5;25.5;25.5;25.5;25.5;25.5;25.5
1930;32.28;25.5;25.5;25.5;25.5;25.5;25.5;25.5;25.5;25.5;25.5;25.5;25.5;25.5;25.5;25.5;25.5;25.5;25.5;25.5;25.5;25.5;25.5;25.5;25.5;25.5;25.5;25.5;25.5;25.5
1931;25.5;25.5;25.5;25.5;25.5;25.5;25.5;25.5;25.5;25.5;25.5;25.5;25.5;25.5;25.5;25.5;25.5;25.5;25.5;25.5;25.5;25.5;25.5;25.5;25.5;25.5;25.5;25.5;25.5;25.5
1932;25.5;25.5;25.5;25.5;25.5;25.5;25.5;25.5;25.5;25.5;25.5;25.5;25.5;25.5;25.5;25.5;25.5;25.5;25.5;25.5;25.5;25.5;25.5;25.5;25.5;25.5;25.5;25.5;25.5;25.5
1933;766.695;25.5;25.992;25.992;25.5;25.5;25.5;25.5;25.5;25.828;25.5;25.5;25.828;25.5;25.5;25.5;25.5;25.5;27.468;25.5;25.5;25.5;25.5;25.5;25.5;25.5;25.5;25.5;25.5;25.5
1934;220.64;25.828;25.5;25.5;25.5;25.5;25.5;25.5;25.5;25.5;25.5;25.5;25.5;25.5;25.5;25.5;25.5;25.5;25.5;25.5;25.5;25.5;25.5;25.5;25.5;25.5;25.5;25.5;25.5;25.5
1935;2231.723;25.5;25.828;26.484;25.5;25.5;25.5;25.5;25.5;25.992;25.5;25.664;25.5;25.5;25.5;25.5;25.5;25.5;32.552;25.5;25.5;25.664;25.5;25.5;25.5;25.5;25.5;25.5;25.5;25.5
1936;616.423;25.664;25.664;25.664;25.5;25.5;25.5;25.5;25.5;25.5;25.5;25.664;26.156;25.5;25.5;25.5;25.5;25.5;27.468;25.5;25.5;25.828;25.5;25.5;25.5;25.5;25.5;25.5;25.5;25.664
1937;1589.031;20.273;19.453;19.125;19.125;19.125;19.125;19.125;19.125;19.453;19.125;19.617;19.289;19.781;19.125;19.617;19.125;19.125;20.109;19.125;19.125;19.125;19.945;19.125;19.125;19.125;19.125;19.125;19.125;19.125
1938;25.992;25.5;25.5;25.5;25.5;25.5;25.5;25.5;25.5;25.5;25.5;25.5;25.5;25.5;25.5;25.5;25.5;25.5;25.5;25.5;25.5;25.5;25.5;25.5;25.5;25.5;25.5;25.5;25.5;25.5
1939;138.44799999999998;19.289;19.125;19.125;19.125;19.125;19.125;19.125;19.125;19.125;19.125;19.125;19.125;19.125;19.125;19.125;19.125;19.125;19.125;19.125;19.125;19.125;19.125;19.125;19.125;19.125;19.125;19.125;19.125;19.125
1940;406.75800000000004;25.5;25.5;25.664;25.5;25.5;25.5;25.5;25.5;25.5;25.5;25.5;25.5;25.5;25.5;25.5;25.5;25.5;25.664;25.5;25.5;25.5;25.5;25.5;25.5;25.5;25.5;25.5;25.5;25.5
1941;1279.25;26.484;26.32;25.828;25.5;25.5;25.5;25.5;25.5;25.664;25.828;26.976;26.32;25.828;25.5;25.5;25.664;25.5;27.468;25.5;25.5;25.5;25.664;25.5;25.5;25.5;25.992;25.5;25.992;25.5
1942;1239.403;25.5;25.664;26.976;25.5;25.5;25.5;25.5;25.5;25.5;25.5;25.5;25.5;25.5;25.5;25.5;25.5;25.5;25.664;25.5;25.5;25.5;25.5;25.5;25.5;25.5;25.5;25.5;25.5;25.5
1943;25.5;25.5;25.5;25.5;25.5;25.5;25.5;25.5;25.5;25.5;25.5;25.5;25.5;25.5;25.5;25.5;25.5;25.5;25.5;25.5;25.5;25.5;25.5;25.5;25.5;25.5;25.5;25.5;25.5;25.5
1944;25.5;25.5;25.5;25.5;25.5;25.5;25.5;25.5;25.5;25.5;25.5;25.5;25.5;25.5;25.5;25.5;25.5;25.5;25.5;25.5;25.5;25.5;25.5;25.5;25.5;25.5;25.5;25.5;25.5;25.5
1945;136.738;25.5;25.5;25.5;25.5;25.5;25.5;25.5;25.5;25.5;25.5;25.5;25.5;25.5;25.5;25.5;25.5;25.5;25.5;25.5;25.5;25.5;25.5;25.5;25.5;25.5;25.5;25.5;25.5;25.5
1946;371.635;25.664;26.32;25.5;25.5;25.5;25.5;25.5;25.5;25.5;25.5;25.5;25.5;25.5;25.5;25.5;25.5;25.5;25.992;25.5;25.5;25.664;25.5;25.5;25.5;25.5;25.5;25.5;25.5;25.5
1947;136.265;19.617;19.125;19.125;19.125;19.125;19.125;19.125;19.125;19.125;19.125;19.125;19.125;19.125;19.125;19.125;19.125;19.125;19.453;19.125;19.125;19.125;19.125;19.125;19.125;19.125;19.125;19.125;19.125;19.125
1948;19.125;19.125;19.125;19.125;19.125;19.125;19.125;19.125;19.125;19.125;19.125;19.125;19.125;19.125;19.125;19.125;19.125;19.125;19.125;19.125;19.125;19.125;19.125;19.125;19.125;19.125;19.125;19.125;19.125;19.125
1949;226.672;25.664;25.5;25.5;25.5;25.5;25.5;25.5;25.5;25.5;25.5;25.5;25.5;25.5;25.5;25.5;25.5;25.5;25.5;25.5;25.5;25.5;25.5;25.5;25.5;25.5;25.5;25.5;25.5;25.5
1950;567.769;19.289;19.289;19.125;19.125;19.125;19.125;19.125;19.125;19.125;19.125;19.125;19.125;19.125;19.125;19.125;19.125;19.125;19.617;19.125;19.125;19.125;19.125;19.125;19.125;19.125;19.125;19.125;19.125;19.125
1951;382.797;25.5;25.5;25.5;25.5;25.5;25.5;25.5;25.5;25.5;25.5;25.5;25.5;25.5;25.5;25.5;25.5;25.5;25.5;25.5;25.5;25.5;25.5;25.5;25.5;25.5;25.5;25.5;25.5;25.5
1952;975.491;19.453;19.125;19.617;19.125;19.125;19.125;19.125;19.125;19.125;19.125;19.125;19.453;19.125;19.125;19.125;19.125;19.125;20.929;19.125;19.125;19.125;19.125;19.125;19.125;19.125;19.125;19.125;19.125;19.125
1953;970.3389999999999;21.421;19.781;19.125;19.125;19.125;19.125;19.125;19.125;19.289;19.289;19.289;19.617;19.453;19.125;19.125;19.125;19.125;21.257;19.125;19.125;19.125;20.109;19.125;19.125;19.125;19.125;19.125;19.125;19.453
1954;73.512;19.125;19.125;19.125;19.125;19.125;19.125;19.125;19.125;19.125;19.125;19.125;19.125;19.125;19.125;19.125;19.125;19.125;19.289;19.125;19.125;19.125;19.125;19.125;19.125;19.125;19.125;19.125;19.125;19.125
1955;439.46000000000004;26.156;25.664;25.5;25.5;25.5;25.5;25.5;25.5;25.5;25.5;25.5;26.156;25.828;25.5;25.5;25.5;25.5;28.124;25.5;25.5;25.5;25.664;25.5;25.5;25.5;25.5;25.5;25.5;25.5
1956;25.5;25.5;25.5;25.5;25.5;25.5;25.5;25.5;25.5;25.5;25.5;25.5;25.5;25.5;25.5;25.5;25.5;25.5;25.5;25.5;25.5;25.5;25.5;25.5;25.5;25.5;25.5;25.5;25.5;25.5
1957;589.186;19.289;19.289;19.125;19.125;19.125;19.125;19.125;19.125;19.125;19.125;19.125;19.453;19.125;19.125;19.125;19.125;19.125;19.617;19.125;19.125;19.125;19.125;19.125;19.125;19.125;19.125;19.125;19.125;19.125
1958;49.325;25.5;25.664;25.5;25.5;25.5;25.5;25.5;25.5;25.5;25.5;25.5;25.5;25.5;25.5;25.5;25.5;25.5;25.5;25.5;25.5;25.5;25.5;25.5;25.5;25.5;25.5;25.5;25.5;25.5
1959;25.5;25.5;25.5;25.5;25.5;25.5;25.5;25.5;25.5;25.5;25.5;25.5;25.5;25.5;25.5;25.5;25.5;25.5;25.5;25.5;25.5;25.5;25.5;25.5;25.5;25.5;25.5;25.5;25.5;25.5
1960;61.629999999999995;19.125;19.125;19.125;19.125;19.125;19.125;19.125;19.125;19.125;19.125;19.125;19.125;19.125;19.125;19.125;19.125;19.125;19.125;19.125;19.125;19.125;19.125;19.125;19.125;19.125;19.125;19.125;19.125;19.125
1961;19.125;19.125;19.125;19.125;19.125;19.125;19.125;19.125;19.125;19.125;19.125;19.125;19.125;19.125;19.125;19.125;19.125;19.125;19.125;19.125;19.125;19.125;19.125;19.125;19.125;19.125;19.125;19.125;19.125;19.125
1962;61.048;25.5;25.5;25.5;25.5;25.5;25.5;25.5;25.5;25.5;25.5;25.5;25.5;25.5;25.5;25.5;25.5;25.5;25.5;25.5;25.5;25.5;25.5;25.5;25.5;25.5;25.5;25.5;25.5;25.5
1963;25.5;25.5;25.5;25.5;25.5;25.5;25.5;25.5;25.5;25.5;25.5;25.5;25.5;25.5;25.5;25.5;25.5;25.5;25.5;25.5;25.5;25.5;25.5;25.5;25.5;25.5;25.5;25.5;25.5;25.5
1964;25.5;25.5;25.5;25.5;25.5;25.5;25.5;25.5;25.5;25.5;25.5;25.5;25.5;25.5;25.5;25.5;25.5;25.5;25.5;25.5;25.5;25.5;25.5;25.5;25.5;25.5;25.5;25.5;25.5;25.5
1965;25.5;25.5;25.5;25.5;25.5;25.5;25.5;25.5;25.5;25.5;25.5;25.5;25.5;25.5;25.5;25.5;25.5;25.5;25.5;25.5;25.5;25.5;25.5;25.5;25.5;25.5;25.5;25.5;25.5;25.5
1966;25.5;25.5;25.5;25.5;25.5;25.5;25.5;25.5;25.5;25.5;25.5;25.5;25.5;25.5;25.5;25.5;25.5;25.5;25.5;25.5;25.5;25.5;25.5;25.5;25.5;25.5;25.5;25.5;25.5;25.5
1967;2116.695;26.648;25.664;25.5;25.5;25.5;25.5;25.5;25.5;25.664;26.484;26.32;26.156;25.992;25.5;25.828;25.5;25.5;27.632;25.5;25.5;25.5;25.5;25.5;25.5;25.5;25.5;25.5;25.5;25.828
1968;45.527;25.5;25.5;25.5;25.5;25.5;25.5;25.5;25.5;25.5;25.5;25.5;25.5;25.5;25.5;25.5;25.5;25.5;25.664;25.5;25.5;25.5;25.5;25.5;25.5;25.5;25.5;25.5;25.5;25.5
1969;121.857;25.5;25.664;25.5;25.5;25.5;25.5;25.5;25.5;25.5;25.5;25.5;25.5;25.5;25.5;25.5;25.5;25.5;28.451999999999998;25.5;25.5;25.5;25.5;25.5;25.5;25.5;25.5;25.5;25.5;25.5
1970;780.0550000000001;25.5;25.664;25.664;25.5;25.5;25.5;25.5;25.5;25.5;25.5;25.5;25.5;25.5;25.5;25.5;25.5;25.5;29.436;25.5;25.5;25.5;25.5;25.5;25.5;25.5;25.5;25.5;25.5;25.664
1971;438.86199999999997;25.664;25.664;25.5;25.5;25.5;25.5;25.5;25.5;25.5;25.5;25.5;25.5;25.5;25.5;25.5;25.5;25.5;26.156;25.5;25.5;25.5;25.5;25.5;25.5;25.5;25.5;25.5;25.5;25.5
1972;26.484;25.5;25.5;25.5;25.5;25.5;25.5;25.5;25.5;25.5;25.5;25.5;25.5;25.5;25.5;25.5;25.5;25.5;25.992;25.5;25.5;25.5;25.5;25.5;25.5;25.5;25.5;25.5;25.5;25.5
1973;267.19000000000005;25.5;25.664;25.5;25.5;25.5;25.5;25.5;25.5;25.5;25.5;25.5;25.5;25.5;25.5;25.5;25.5;25.5;26.32;25.5;25.5;25.5;25.664;25.5;25.5;25.5;25.5;25.5;25.5;25.5
1974;25.5;25.5;25.5;25.5;25.5;25.5;25.5;25.5;25.5;25.5;25.5;25.5;25.5;25.5;25.5;25.5;25.5;25.5;25.5;25.5;25.5;25.5;25.5;25.5;25.5;25.5;25.5;25.5;25.5;25.5
1975;73.344;25.664;25.5;25.5;25.5;25.5;25.5;25.5;25.5;25.5;25.5;25.5;25.5;25.5;25.5;25.5;25.5;25.5;25.5;25.5;25.5;25.5;25.5;25.5;25.5;25.5;25.5;25.5;25.5;25.5
1976;1336.62;25.992;25.664;25.5;25.5;25.5;25.5;25.5;25.5;25.5;25.5;25.5;25.664;25.5;25.5;25.5;25.5;25.5;26.976;25.5;25.5;25.5;25.5;25.5;25.5;25.5;25.5;25.5;25.5;25.5
1977;241.724;25.664;25.664;26.156;25.5;25.5;25.5;25.5;25.5;25.5;25.5;25.5;25.5;25.5;25.5;25.5;25.5;25.5;25.5;25.5;25.5;25.5;25.5;25.5;25.5;25.5;25.5;25.5;25.5;25.5
1978;181.199;25.5;25.5;25.5;25.5;25.5;25.5;25.5;25.5;25.5;25.5;25.5;25.5;25.5;25.5;25.5;25.5;25.5;25.664;25.5;25.5;25.5;25.5;25.5;25.5;25.5;25.5;25.5;25.5;25.5
1979;25.5;25.5;25.5;25.5;25.5;25.5;25.5;25.5;25.5;25.5;25.5;25.5;25.5;25.5;25.5;25.5;25.5;25.5;25.5;25.5;25.5;25.5;25.5;25.5;25.5;25.5;25.5;25.5;25.5;25.5
1980;41.241;25.5;25.5;25.5;25.5;25.5;25.5;25.5;25.5;25.5;25.5;25.5;25.5;25.5;25.5;25.5;25.5;25.5;25.5;25.5;25.5;25.5;25.5;25.5;25.5;25.5;25.5;25.5;25.5;25.5
1981;577.787;25.5;25.828;25.992;25.5;25.5;25.5;25.5;25.5;25.5;25.5;25.664;25.828;25.5;25.5;25.664;25.5;25.5;26.976;25.5;25.664;25.5;25.5;25.5;25.5;25.5;25.5;25.5;25.5;25.5
1982;19.125;19.125;19.125;19.125;19.125;19.125;19.125;19.125;19.125;19.125;19.125;19.125;19.125;19.125;19.125;19.125;19.125;19.125;19.125;19.125;19.125;19.125;19.125;19.125;19.125;19.125;19.125;19.125;19.125;19.125
1983;129.993;25.5;25.5;25.5;25.5;25.5;25.5;25.5;25.5;25.5;25.5;25.5;25.5;25.5;25.5;25.5;25.5;25.5;26.976;25.5;25.5;25.5;25.5;25.5;25.5;25.5;25.5;25.5;25.5;25.5
1984;63.553000000000004;26.32;25.664;25.5;25.5;25.5;25.5;25.5;25.5;25.5;25.5;25.5;25.5;25.5;25.5;25.5;25.5;25.5;25.5;25.5;25.5;25.5;25.5;25.5;25.5;25.5;25.5;25.5;25.5;25.5
1985;19.125;19.125;19.125;19.125;19.125;19.125;19.125;19.125;19.125;19.125;19.125;19.125;19.125;19.125;19.125;19.125;19.125;19.125;19.125;19.125;19.125;19.125;19.125;19.125;19.125;19.125;19.125;19.125;19.125;19.125
1986;1002.182;20.109;19.289;20.765;19.125;19.125;19.125;19.125;19.125;20.601;19.125;19.781;19.617;19.453;19.945;19.453;19.125;19.125;24.537;19.125;19.125;19.453;20.929;19.125;19.125;19.125;19.125;19.125;19.945;20.601
1987;432.20700000000005;19.125;19.617;20.437;19.125;19.125;19.125;19.125;19.125;19.125;19.125;19.125;19.125;19.125;19.125;19.125;19.125;19.125;19.125;19.125;19.125;19.453;19.125;19.125;19.289;19.125;19.125;19.125;19.125;19.125
1988;687.3990000000001;25.5;25.5;25.5;25.5;25.5;25.5;25.5;25.5;25.664;25.5;25.5;25.828;25.5;25.5;25.5;25.5;25.5;27.468;25.5;25.5;25.5;25.5;25.5;25.5;25.5;25.5;25.5;25.5;25.5
1989;222.77100000000002;25.664;25.664;25.5;25.5;25.5;25.5;25.5;25.5;25.5;25.5;25.5;25.5;25.5;25.5;25.5;25.5;25.5;25.5;25.5;25.5;25.5;25.5;25.5;25.5;25.5;25.5;25.5;25.5;25.5
1990;44.434;25.5;25.5;25.5;25.5;25.5;25.5;25.5;25.5;25.5;25.5;25.5;25.5;25.5;25.5;25.5;25.5;25.5;25.5;25.5;25.5;25.5;25.5;25.5;25.5;25.5;25.5;25.5;25.5;25.5
1991;25.5;25.5;25.5;25.5;25.5;25.5;25.5;25.5;25.5;25.5;25.5;25.5;25.5;25.5;25.5;25.5;25.5;25.5;25.5;25.5;25.5;25.5;25.5;25.5;25.5;25.5;25.5;25.5;25.5;25.5
1992;27.14;25.5;25.5;25.5;25.5;25.5;25.5;25.5;25.5;25.5;25.5;25.5;25.5;25.5;25.5;25.5;25.5;25.5;25.5;25.5;25.5;25.5;25.5;25.5;25.5;25.5;25.5;25.5;25.5;25.5
1993;438.087;25.5;25.5;25.992;25.5;25.5;25.5;25.5;25.5;25.664;25.664;25.664;25.664;25.5;25.5;25.5;25.5;25.5;28.124;25.5;25.5;25.5;25.5;25.5;25.5;25.5;25.5;25.5;25.5;25.5
1994;358.627;25.664;25.5;26.156;25.5;25.5;25.5;25.5;25.5;25.5;25.5;25.5;25.5;25.5;25.5;25.5;25.5;25.5;26.484;25.5;25.5;25.5;25.5;25.5;25.5;25.5;25.5;25.5;25.5;25.5
1995;36.133;19.125;19.125;19.125;19.125;19.125;19.125;19.125;19.125;19.125;19.125;19.125;19.125;19.125;19.125;19.125;19.125;19.125;19.125;19.125;19.125;19.125;19.125;19.125;19.125;19.125;19.125;19.125;19.125;19.125
1996;1078.268;28.288;26.156;25.664;25.5;25.5;25.5;25.5;25.5;25.828;25.5;25.664;25.992;25.828;25.5;25.5;25.5;25.5;29.436;25.5;25.5;25.5;25.5;25.5;25.5;25.5;25.5;25.5;25.5;25.5
1997;358.719;25.828;25.664;25.5;25.5;25.5;25.5;25.5;25.5;25.5;25.5;25.5;25.828;25.5;25.5;25.5;25.5;25.5;25.5;25.5;25.5;25.5;25.5;25.5;25.5;25.5;25.5;25.5;25.5;25.5
1998;887.307;19.289;19.125;19.125;19.125;19.125;19.125;19.125;19.125;19.125;19.125;19.125;19.125;19.125;19.125;19.125;19.125;19.125;21.913;19.125;19.125;19.125;19.125;19.125;19.125;19.125;19.125;19.125;19.125;19.125
1999;19.125;19.125;19.125;19.125;19.125;19.125;19.125;19.125;19.125;19.125;19.125;19.125;19.125;19.125;19.125;19.125;19.125;19.125;19.125;19.125;19.125;19.125;19.125;19.125;19.125;19.125;19.125;19.125;19.125;19.125
2000;466.94000000000005;25.5;25.5;25.5;25.5;25.5;25.5;25.5;25.5;25.5;25.5;25.5;25.5;25.5;25.5;25.5;25.5;25.5;26.156;25.5;25.5;25.5;25.5;25.5;25.5;25.5;25.5;25.664;25.5;25.5
2001;758.1550000000001;26.484;25.992;26.32;25.5;25.5;25.5;25.5;25.5;25.664;25.5;25.664;25.828;25.828;25.5;25.664;25.5;25.5;28.124;25.5;25.5;25.828;27.304;25.5;25.5;25.5;25.5;25.5;25.5;25.992
2002;30.448;25.5;25.5;25.5;25.5;25.5;25.5;25.5;25.5;25.5;25.5;25.5;25.5;25.5;25.5;25.5;25.5;25.5;25.5;25.5;25.5;25.5;25.5;25.5;25.5;25.5;25.5;25.5;25.5;25.5
2003;338.795;25.5;25.664;25.5;25.5;25.5;25.5;25.5;25.5;25.5;25.5;25.5;25.992;25.664;25.5;25.5;25.5;25.5;27.14;25.5;25.5;25.664;25.5;25.5;25.5;25.5;25.5;25.5;25.5;25.5
2004;601.071;19.125;19.125;19.289;19.125;19.125;19.125;19.125;19.125;19.617;19.289;19.289;19.617;19.617;19.125;19.289;19.125;19.125;21.093;19.125;19.125;19.289;19.453;19.125;19.125;19.125;19.125;19.125;19.453;19.945
2005;978.028;19.125;19.289;19.453;19.125;19.125;19.125;19.125;19.125;19.289;19.125;19.453;19.453;19.289;19.125;19.289;19.125;19.125;23.553;19.125;19.125;19.289;20.437;19.125;19.125;19.125;19.125;19.125;19.125;19.945
2006;1050.9540000000002;25.5;25.5;25.5;25.5;25.5;25.5;25.5;25.5;25.5;25.5;25.664;25.5;25.664;25.5;25.5;25.5;25.5;29.108;25.5;25.5;25.5;25.5;25.5;25.5;25.5;25.5;25.5;25.5;25.5
2007;25.5;25.5;25.5;25.5;25.5;25.5;25.5;25.5;25.5;25.5;25.5;25.5;25.5;25.5;25.5;25.5;25.5;25.5;25.5;25.5;25.5;25.5;25.5;25.5;25.5;25.5;25.5;25.5;25.5;25.5
2008;71.712;25.5;25.5;25.5;25.5;25.5;25.5;25.5;25.5;25.5;25.5;25.5;25.5;25.5;25.5;25.5;25.5;25.5;25.5;25.5;25.5;25.5;25.5;25.5;25.5;25.5;25.5;25.5;25.5;25.5
2009;447.43600000000004;25.992;25.664;26.484;25.5;25.5;25.5;25.5;25.5;25.664;25.5;25.5;26.484;25.5;25.5;25.5;25.5;25.5;27.632;25.5;25.5;25.5;25.5;25.5;25.5;25.5;25.5;25.5;25.5;26.156
2010;25.5;25.5;25.5;25.5;25.5;25.5;25.5;25.5;25.5;25.5;25.5;25.5;25.5;25.5;25.5;25.5;25.5;25.5;25.5;25.5;25.5;25.5;25.5;25.5;25.5;25.5;25.5;25.5;25.5;25.5
2011;67.845;19.125;19.125;19.289;19.125;19.125;19.125;19.125;19.125;19.125;19.125;19.125;19.125;19.125;19.125;19.125;19.125;19.125;19.125;19.125;19.125;19.125;19.125;19.125;19.125;19.125;19.125;19.125;19.125;19.125
2012;213.75500000000002;25.5;25.5;25.5;25.5;25.5;25.5;25.5;25.5;25.5;25.5;25.5;25.5;25.5;25.5;25.5;25.5;25.5;25.5;25.5;25.5;25.5;25.5;25.5;25.5;25.5;25.5;25.5;25.5;25.5
2013;330.598;25.828;25.5;25.5;25.5;25.5;25.5;25.5;25.5;25.5;25.5;25.5;25.5;25.5;25.5;25.5;25.5;25.5;26.648;25.5;25.5;25.5;25.5;25.5;25.5;25.5;25.5;25.5;25.5;25.5
2014;639.2860000000001;25.664;25.5;26.484;25.5;25.5;25.5;25.5;25.5;25.5;25.5;25.5;25.5;25.5;25.5;25.5;25.5;25.5;28.124;25.5;25.5;25.5;25.5;25.5;25.5;25.5;25.5;25.5;25.5;25.5
2015;1055.3600000000001;20.437;19.289;19.289;19.125;19.125;19.125;19.125;19.125;19.289;19.289;19.781;19.781;19.781;19.125;19.289;19.289;19.125;23.061;19.125;20.109;19.617;20.929;19.617;19.289;19.125;19.289;19.125;20.273;19.781
2016;275.01;25.664;25.5;25.5;25.5;25.5;25.5;25.5;25.5;25.5;25.5;25.5;25.5;25.5;25.5;25.5;25.5;25.5;25.828;25.5;25.5;25.5;25.5;25.5;25.5;25.5;25.5;25.5;25.5;25.5
2017;25.5;25.5;25.5;25.5;25.5;25.5;25.5;25.5;25.5;25.5;25.5;25.5;25.5;25.5;25.5;25.5;25.5;25.5;25.5;25.5;25.5;25.5;25.5;25.5;25.5;25.5;25.5;25.5;25.5;25.5
2018;145.83;25.828;25.5;25.5;25.5;25.5;25.5;25.5;25.5;25.5;25.5;25.5;25.5;25.5;25.5;25.5;25.5;25.5;27.632;25.5;25.5;25.5;25.5;25.5;25.5;25.5;25.5;25.5;25.5;25.5
2019;25.5;25.5;25.5;25.5;25.5;25.5;25.5;25.5;25.5;25.5;25.5;25.5;25.5;25.5;25.5;25.5;25.5;25.5;25.5;25.5;25.5;25.5;25.5;25.5;25.5;25.5;25.5;25.5;25.5;25.5
2020;79.44200000000001;25.5;25.5;25.5;25.5;25.5;25.5;25.5;25.5;25.5;25.5;25.5;25.5;25.5;25.5;25.5;25.5;25.5;25.5;25.5;25.5;25.5;25.5;25.5;25.5;25.5;25.5;25.5;25.5;25.5
2021;832.8120000000001;25.5;25.664;26.32;25.5;25.5;25.5;25.5;25.5;25.664;25.5;25.828;25.828;25.5;25.5;25.5;25.5;25.5;30.092;25.5;25.5;25.828;26.484;25.5;25.5;25.5;25.5;25.5;25.664;25.992
2022;461.703;25.5;25.992;25.5;25.5;25.5;25.5;25.5;25.5;25.5;25.5;25.5;25.5;25.5;25.5;25.5;25.5;25.5;31.240000000000002;25.5;25.5;25.5;25.5;25.5;25.5;25.5;25.5;25.5;25.5;25.664
2023;36.75;25.664;25.5;25.5;25.5;25.5;25.5;25.5;25.5;25.5;25.5;25.5;25.5;25.5;25.5;25.5;25.5;25.5;25.5;25.5;25.5;25.5;25.5;25.5;25.5;25.5;25.5;25.5;25.5;25.5
2024;39.983000000000004;25.5;25.5;25.5;25.5;25.5;25.5;25.5;25.5;25.5;25.5;25.5;25.5;25.5;25.5;25.5;25.5;25.5;25.5;25.5;25.5;25.5;25.5;25.5;25.5;25.5;25.5;25.5;25.5;25.5
2025;212.159;25.5;25.5;25.5;25.5;25.5;25.5;25.5;25.5;25.5;25.5;25.664;25.664;25.828;25.5;25.5;25.5;25.5;25.664;25.5;25.5;25.5;25.5;25.5;25.5;25.5;25.5;25.5;25.664;25.5
2026;813.327;20.437;19.289;19.289;19.125;19.125;19.125;19.125;19.125;19.289;19.125;19.453;19.453;19.781;19.125;19.617;19.125;19.125;20.929;19.125;19.125;19.289;20.765;19.125;19.125;19.125;19.125;19.125;19.125;19.945
2027;180.44100000000003;25.664;25.5;25.5;25.5;25.5;25.5;25.5;25.5;25.5;25.5;25.5;25.664;25.5;25.5;25.5;25.5;25.5;26.976;25.5;25.5;25.5;25.5;25.5;25.5;25.5;25.5;25.5;25.5;25.5
2028;25.5;25.5;25.5;25.5;25.5;25.5;25.5;25.5;25.5;25.5;25.5;25.5;25.5;25.5;25.5;25.5;25.5;25.5;25.5;25.5;25.5;25.5;25.5;25.5;25.5;25.5;25.5;25.5;25.5;25.5
2029;359.259;25.664;25.5;25.828;25.5;25.5;25.5;25.5;25.5;25.5;25.5;25.664;25.828;25.5;25.5;25.5;25.5;25.5;27.632;25.5;25.5;25.5;25.5;25.5;25.5;25.5;25.5;25.5;25.664;25.5
2030;19.125;19.125;19.125;19.125;19.125;19.125;19.125;19.125;19.125;19.125;19.125;19.125;19.125;19.125;19.125;19.125;19.125;19.125;19.125;19.125;19.125;19.125;19.125;19.125;19.125;19.125;19.125;19.125;19.125;19.125
2031;427.178;27.14;25.828;25.5;25.5;25.5;25.5;25.5;25.5;25.664;25.5;25.664;26.156;25.5;25.5;25.5;25.5;25.5;27.14;25.5;25.5;25.5;25.5;25.5;25.5;25.5;25.5;25.5;25.5;25.664
2032;408.50600000000003;25.5;25.828;25.5;25.5;25.5;25.5;25.5;25.5;25.5;25.5;25.5;25.664;25.5;25.5;25.5;25.5;25.5;30.584;25.5;25.5;25.5;25.5;25.5;25.5;25.5;25.5;25.5;25.5;25.5
2033;21.688;19.125;19.125;19.125;19.125;19.125;19.125;19.125;19.125;19.125;19.125;19.125;19.125;19.125;19.125;19.125;19.125;19.125;19.125;19.125;19.125;19.125;19.125;19.125;19.125;19.125;19.125;19.125;19.125;19.125
2034;375.762;25.664;25.664;26.156;25.5;25.5;25.5;25.5;25.5;25.5;25.5;25.5;25.5;25.5;25.5;25.5;25.5;25.5;29.928;25.5;25.5;25.828;25.5;25.5;25.5;25.5;25.5;25.5;25.828;25.5
2035;181.45600000000002;25.828;25.5;25.5;25.5;25.5;25.5;25.5;25.5;25.5;25.5;25.5;25.5;25.5;25.5;25.5;25.5;25.5;25.5;25.5;25.5;25.5;25.5;25.5;25.5;25.5;25.5;25.5;25.5;25.5
2036;201.579;25.5;25.664;25.5;25.5;25.5;25.5;25.5;25.5;25.5;25.5;25.5;25.5;25.5;25.5;25.5;25.5;25.5;25.5;25.5;25.5;25.5;25.5;25.5;25.5;25.5;25.5;25.5;25.5;25.5
2037;573.742;19.453;19.125;19.125;19.125;19.125;19.125;19.125;19.125;19.125;19.125;19.125;19.781;19.125;19.125;19.125;19.125;19.125;21.913;19.125;19.125;19.125;19.125;19.125;19.125;19.125;19.125;19.125;19.453;19.125
2038;44.891000000000005;25.5;25.5;25.5;25.5;25.5;25.5;25.5;25.5;25.5;25.5;25.5;25.5;25.5;25.5;25.5;25.5;25.5;25.5;25.5;25.5;25.5;25.5;25.5;25.5;25.5;25.5;25.5;25.5;25.5
2039;133.231;19.125;19.125;19.125;19.125;19.125;19.125;19.125;19.125;19.289;19.125;19.289;19.125;19.125;19.125;19.125;19.125;19.125;19.617;19.125;19.125;19.125;19.125;19.125;19.125;19.125;19.125;19.125;19.289;19.125
2040;1630.7730000000001;26.484;25.664;25.5;25.5;25.5;25.5;25.5;25.5;25.5;25.664;25.5;25.5;25.5;25.5;25.5;25.5;25.5;28.288;25.5;25.5;25.5;25.5;25.5;25.5;25.5;25.664;25.5;25.5;25.828
2041;60.25;25.828;25.5;27.14;25.5;25.5;25.5;25.5;25.5;25.5;25.5;25.5;25.5;25.5;25.5;25.5;25.5;25.5;25.5;25.5;25.5;25.5;25.5;25.5;25.5;25.5;25.5;25.5;25.5;25.5
2042;435.853;25.664;25.664;25.5;25.5;25.5;25.5;25.5;25.5;25.5;25.5;25.5;25.5;25.5;25.5;25.5;25.5;25.5;27.304;25.5;25.5;25.5;25.5;25.5;25.5;25.5;25.5;25.5;25.5;25.5
2043;403.353;25.664;25.664;25.5;25.5;25.5;25.5;25.5;25.5;25.5;25.5;25.5;26.32;25.664;25.5;25.5;25.5;25.5;26.648;25.5;25.5;25.664;25.5;25.5;25.5;25.5;25.5;25.5;25.5;25.5
2044;234.93099999999998;20.765;19.289;19.617;19.125;19.125;19.125;19.125;19.125;19.125;19.125;19.125;19.125;19.125;19.125;19.125;19.125;19.125;19.125;19.125;19.125;19.125;19.125;19.125;19.125;19.125;19.125;19.125;19.125;19.125
2045;555.47;19.453;19.289;19.125;19.125;19.125;19.125;19.125;19.125;19.125;19.125;19.453;19.125;19.125;19.125;19.125;19.125;19.125;21.093;19.125;19.125;19.125;19.125;19.125;19.125;19.125;19.125;19.125;19.945;19.125
2046;19.125;19.125;19.125;19.125;19.125;19.125;19.125;19.125;19.125;19.125;19.125;19.125;19.125;19.125;19.125;19.125;19.125;19.125;19.125;19.125;19.125;19.125;19.125;19.125;19.125;19.125;19.125;19.125;19.125;19.125
2047;633.9380000000001;26.156;25.5;25.5;25.5;25.5;25.5;25.5;25.5;25.5;25.5;25.5;25.5;25.5;25.5;25.5;25.5;25.5;25.5;25.5;25.5;25.664;25.5;25.5;25.5;25.5;25.5;25.5;25.5;25.5
2048;637.918;19.945;19.453;19.453;19.125;19.125;19.125;19.125;19.125;19.289;19.125;19.125;19.617;19.617;19.617;19.289;19.125;19.125;24.865000000000002;19.125;19.125;19.453;20.601;19.125;19.125;19.125;19.289;19.125;19.453;19.781
2049;213.78;25.664;25.5;25.5;25.5;25.5;25.5;25.5;25.5;25.5;25.5;25.664;25.5;25.5;25.5;25.5;25.5;25.5;25.992;25.5;25.5;25.5;25.5;25.5;25.5;25.5;25.5;25.5;25.5;25.5
2050;25.992;25.5;25.5;25.5;25.5;25.5;25.5;25.5;25.5;25.5;25.5;25.5;25.5;25.5;25.5;25.5;25.5;25.5;25.5;25.5;25.5;25.5;25.5;25.5;25.5;25.5;25.5;25.5;25.5;25.5
2051;286.231;25.5;25.664;26.32;25.5;25.5;25.5;25.5;25.5;25.5;25.5;25.5;25.5;25.5;25.5;25.5;25.5;25.5;25.5;25.5;25.5;25.5;25.5;25.5;25.5;25.5;25.5;25.5;25.5;25.5
2052;169.039;25.5;25.5;25.992;25.5;25.5;25.5;25.5;25.5;25.5;25.5;25.5;25.5;25.5;25.5;25.5;25.5;25.5;25.5;25.5;25.5;25.5;25.5;25.5;25.5;25.5;25.5;25.5;25.5;25.5
2053;25.5;25.5;25.5;25.5;25.5;25.5;25.5;25.5;25.5;25.5;25.5;25.5;25.5;25.5;25.5;25.5;25.5;25.5;25.5;25.5;25.5;25.5;25.5;25.5;25.5;25.5;25.5;25.5;25.5;25.5
2054;296.592;25.5;25.664;25.828;25.5;25.5;25.5;25.5;25.5;25.5;25.5;25.5;25.5;25.5;25.5;25.5;25.5;25.5;26.156;25.5;25.5;25.5;25.5;25.5;25.5;25.5;25.5;25.5;25.5;25.5
2055;151.10000000000002;25.664;25.664;25.992;25.5;25.5;25.5;25.5;25.5;25.5;25.5;25.5;25.5;25.664;25.5;25.5;25.5;25.5;26.812;25.5;25.5;25.5;25.5;25.5;25.5;25.5;25.5;25.5;25.5;25.5
2056;28.644000000000002;25.5;25.5;25.5;25.5;25.5;25.5;25.5;25.5;25.5;25.5;25.5;25.5;25.5;25.5;25.5;25.5;25.5;25.5;25.5;25.5;25.5;25.5;25.5;25.5;25.5;25.5;25.5;25.5;25.5
2057;25.5;25.5;25.5;25.664;25.5;25.5;25.5;25.5;25.5;25.5;25.5;25.5;25.5;25.5;25.5;25.5;25.5;25.5;25.5;25.5;25.5;25.5;25.5;25.5;25.5;25.5;25.5;25.5;25.5;25.5
2058;1133.827;26.32;25.828;25.828;25.5;25.5;25.5;25.5;25.5;25.828;25.5;25.5;25.992;25.5;25.5;25.5;25.664;25.5;28.288;25.5;25.5;25.5;25.5;25.5;25.5;25.5;25.5;25.5;25.5;25.5
2059;179.445;25.5;25.664;25.5;25.5;25.5;25.5;25.5;25.5;25.5;25.5;25.5;25.5;25.5;25.5;25.5;25.5;25.5;25.5;25.5;25.5;25.5;25.5;25.5;25.5;25.5;25.5;25.5;25.5;25.5
2060;25.828;25.5;25.5;25.5;25.5;25.5;25.5;25.5;25.5;25.5;25.5;25.5;25.5;25.5;25.5;25.5;25.5;25.5;25.5;25.5;25.5;25.5;25.5;25.5;25.5;25.5;25.5;25.5;25.5;25.5
2061;396.247;25.992;25.664;25.664;25.5;25.5;25.5;25.5;25.5;25.664;25.5;25.5;25.5;25.5;25.5;25.664;25.5;25.5;27.304;25.5;25.5;25.5;25.5;25.5;25.5;25.5;25.5;25.5;25.5;25.5
2062;340.355;25.5;25.828;25.5;25.5;25.5;25.5;25.5;25.5;25.5;25.5;25.5;25.5;25.5;25.5;25.5;25.5;25.5;27.468;25.5;25.5;25.5;25.5;25.5;25.5;25.5;25.5;25.5;25.664;25.5
2063;1056.059;25.664;25.828;25.5;25.5;25.5;25.5;25.5;25.5;25.5;25.5;25.5;25.5;25.5;25.5;25.5;25.5;25.5;27.304;25.5;25.5;25.5;25.5;25.5;25.5;25.5;25.5;25.5;25.5;25.5
2064;1056.655;19.125;19.617;19.125;19.125;19.125;19.125;19.125;19.125;19.125;19.125;19.125;19.289;19.125;19.125;19.125;19.125;19.125;22.897;19.125;19.125;19.453;19.453;19.125;19.125;19.125;19.125;19.125;19.453;19.125
2065;239.215;25.5;25.5;25.828;25.5;25.5;25.5;25.5;25.5;25.5;25.5;25.5;25.5;25.5;25.5;25.5;25.5;25.5;26.32;25.5;25.5;25.5;25.5;25.5;25.5;25.5;25.5;25.5;25.828;25.664
2066;411.086;25.5;25.664;25.992;25.5;25.5;25.5;25.5;25.5;25.5;25.5;25.5;25.5;25.5;25.5;25.5;25.5;25.5;26.484;25.5;25.5;25.664;25.5;25.5;25.5;25.5;25.5;25.5;25.5;25.5
2067;111.49100000000001;19.125;19.289;19.125;19.125;19.125;19.125;19.125;19.125;19.125;19.125;19.125;19.125;19.125;19.125;19.125;19.125;19.125;19.453;19.125;19.125;19.125;19.125;19.125;19.125;19.125;19.125;19.125;19.125;19.125
2068;445.312;19.125;19.289;19.125;19.125;19.125;19.125;19.125;19.125;19.125;19.125;19.125;19.125;19.125;19.125;19.125;19.125;19.125;19.453;19.125;19.125;19.125;19.125;19.125;19.125;19.125;19.125;19.125;19.125;19.125
2069;197.933;25.664;25.5;25.5;25.5;25.5;25.5;25.5;25.5;25.5;25.5;25.5;25.5;25.5;25.5;25.5;25.5;25.5;25.5;25.5;25.5;25.5;25.5;25.5;25.5;25.5;25.5;25.5;25.5;25.5
2070;201.87100000000004;25.664;25.664;25.664;25.5;25.5;25.5;25.5;25.5;25.5;25.5;25.5;25.5;25.5;25.5;25.5;25.5;25.5;25.5;25.5;25.5;25.5;25.5;25.5;25.5;25.5;25.5;25.5;25.5;25.5
2071;74.479;19.453;19.125;19.617;19.125;19.125;19.125;19.125;19.125;19.125;19.125;19.125;19.125;19.125;19.125;19.125;19.125;19.125;19.125;19.125;19.125;19.125;19.125;19.125;19.125;19.125;19.125;19.125;19.125;19.125
2072;25.5;25.5;25.5;25.5;25.5;25.5;25.5;25.5;25.5;25.5;25.5;25.5;25.5;25.5;25.5;25.5;25.5;25.5;25.5;25.5;25.5;25.5;25.5;25.5;25.5;25.5;25.5;25.5;25.5;25.5
2073;19.125;19.125;19.125;19.125;19.125;19.125;19.125;19.125;19.125;19.125;19.125;19.125;19.125;19.125;19.125;19.125;19.125;19.125;19.125;19.125;19.125;19.125;19.125;19.125;19.125;19.125;19.125;19.125;19.125;19.125
2074;349.269;25.5;25.828;25.5;25.5;25.5;25.5;25.5;25.5;25.5;25.5;25.5;25.5;25.5;25.5;25.5;25.5;25.5;25.992;25.5;25.5;25.5;25.5;25.5;25.5;25.5;25.5;25.5;25.5;25.5
2075;481.593;19.125;19.125;19.125;19.125;19.125;19.125;19.125;19.125;19.125;19.125;19.125;19.125;19.125;19.125;19.125;19.125;19.125;20.437;19.125;19.125;19.125;19.125;19.125;19.125;19.125;19.125;19.125;19.125;19.125
2076;147.344;25.5;25.5;25.992;25.5;25.5;25.5;25.5;25.5;25.5;25.5;25.5;25.5;25.5;25.5;25.5;25.5;25.5;25.5;25.5;25.5;25.5;25.5;25.5;25.5;25.5;25.5;25.5;25.5;25.5
2077;25.5;25.5;25.5;25.5;25.5;25.5;25.5;25.5;25.5;25.5;25.5;25.5;25.5;25.5;25.5;25.5;25.5;25.5;25.5;25.5;25.5;25.5;25.5;25.5;25.5;25.5;25.5;25.5;25.5;25.5
2078;673.616;19.125;19.617;19.453;19.125;19.125;19.125;19.125;19.125;19.125;19.125;19.453;19.781;19.781;19.125;19.453;19.125;19.125;20.601;19.125;19.125;19.125;19.125;19.125;19.125;19.125;19.125;19.125;19.125;19.289
2079;101.858;25.664;25.5;25.5;25.5;25.5;25.5;25.5;25.5;25.5;25.5;25.5;25.5;25.5;25.5;25.5;25.5;25.5;25.5;25.5;25.5;25.5;25.5;25.5;25.5;25.5;25.5;25.5;25.5;25.5
2080;149.326;25.5;25.5;26.32;25.5;25.5;25.5;25.5;25.5;25.5;25.5;25.5;25.5;25.5;25.5;25.5;25.5;25.5;25.5;25.5;25.5;25.5;25.5;25.5;25.5;25.5;25.5;25.5;25.5;25.5
2081;2281.512;20.601;19.781;20.109;19.125;19.125;19.125;19.125;19.125;19.945;20.273;20.437;20.273;19.781;19.945;19.289;19.125;19.125;32.245000000000005;19.125;19.125;21.257;21.749;19.125;19.125;19.125;19.945;19.781;19.289;19.617
2082;209.584;25.828;25.828;25.5;25.5;25.5;25.5;25.5;25.5;25.5;25.5;25.5;25.5;25.5;25.5;25.5;25.5;25.5;25.664;25.5;25.5;25.5;25.5;25.5;25.5;25.5;25.5;25.5;25.5;25.5
2083;25.5;25.5;25.5;25.5;25.5;25.5;25.5;25.5;25.5;25.5;25.5;25.5;25.5;25.5;25.5;25.5;25.5;25.5;25.5;25.5;25.5;25.5;25.5;25.5;25.5;25.5;25.5;25.5;25.5;25.5
2084;737.2860000000001;19.289;19.289;19.453;19.125;19.125;19.125;19.125;19.125;19.125;19.125;19.125;19.125;19.125;19.125;19.125;19.125;19.125;21.421;19.125;19.125;19.125;19.125;19.125;19.125;19.125;19.125;19.125;19.125;19.781
2085;455.563;25.664;25.5;25.5;25.5;25.5;25.5;25.5;25.5;25.664;25.5;25.5;25.664;25.5;25.5;25.5;25.5;25.5;27.14;25.5;25.5;25.5;25.5;25.5;25.5;25.5;25.5;25.5;25.5;25.5
2086;805.181;19.125;19.125;19.125;19.125;19.125;19.125;19.125;19.125;19.289;19.125;19.617;19.781;19.453;19.125;19.289;19.125;19.125;22.897;19.125;19.125;19.289;19.125;19.125;19.125;19.125;19.125;19.125;19.125;19.125
2087;59.394000000000005;25.5;25.664;25.5;25.5;25.5;25.5;25.5;25.5;25.5;25.5;25.5;25.5;25.5;25.5;25.5;25.5;25.5;25.5;25.5;25.5;25.5;25.5;25.5;25.5;25.5;25.5;25.5;25.5;25.5
2088;318.621;25.5;25.992;25.5;25.5;25.5;25.5;25.5;25.5;25.5;25.5;25.828;25.5;25.5;25.5;25.5;25.5;25.5;25.5;25.5;25.5;25.5;25.5;25.5;25.5;25.5;25.5;25.5;25.5;25.5
2089;25.5;25.5;25.5;25.5;25.5;25.5;25.5;25.5;25.5;25.5;25.5;25.5;25.5;25.5;25.5;25.5;25.5;25.5;25.5;25.5;25.5;25.5;25.5;25.5;25.5;25.5;25.5;25.5;25.5;25.5
2090;167.437;25.5;25.5;26.32;25.5;25.5;25.5;25.5;25.5;25.5;25.5;25.5;25.5;25.992;25.5;25.5;25.5;25.5;27.632;25.5;25.5;25.5;25.5;25.5;25.5;25.5;25.5;25.5;25.828;25.5
2091;873.443;25.828;25.5;25.5;25.5;25.5;25.5;25.5;25.5;25.5;25.5;25.5;25.5;25.5;25.5;25.5;25.5;25.5;26.812;25.5;25.5;25.5;25.5;25.5;25.5;25.5;25.5;25.5;25.828;25.5
2092;424.94599999999997;25.5;25.5;25.5;25.5;25.5;25.5;25.5;25.5;25.664;25.5;25.5;25.5;25.5;25.5;25.5;25.5;25.5;25.992;25.5;25.5;25.5;25.5;25.5;25.5;25.5;25.5;25.5;25.5;25.5
2093;250.096;25.828;25.5;25.5;25.5;25.5;25.5;25.5;25.5;25.5;25.5;25.664;25.664;25.664;25.5;25.5;25.5;25.5;26.156;25.5;25.5;25.5;25.5;25.5;25.5;25.5;25.5;25.5;25.5;25.5
2094;52.506;19.125;19.125;19.125;19.125;19.125;19.125;19.125;19.125;19.125;19.125;19.125;19.125;19.125;19.125;19.125;19.125;19.125;19.125;19.125;19.125;19.125;19.125;19.125;19.125;19.125;19.125;19.125;19.125;19.125
2095;118.644;25.5;25.5;25.5;25.5;25.5;25.5;25.5;25.5;25.5;25.5;25.5;25.5;25.5;25.5;25.5;25.5;25.5;27.14;25.5;25.5;25.5;25.5;25.5;25.5;25.5;25.5;25.5;25.5;25.664
2096;25.5;25.5;25.5;25.5;25.5;25.5;25.5;25.5;25.5;25.5;25.5;25.5;25.5;25.5;25.5;25.5;25.5;25.5;25.5;25.5;25.5;25.5;25.5;25.5;25.5;25.5;25.5;25.5;25.5;25.5
2097;549.0360000000001;19.125;19.453;19.125;19.125;19.125;19.125;19.125;19.125;19.289;19.125;19.453;19.453;19.453;19.125;19.781;19.125;19.125;24.373;19.125;19.125;19.125;19.125;19.125;19.125;19.125;19.125;19.125;19.125;19.289
2098;25.5;25.5;25.5;25.5;25.5;25.5;25.5;25.5;25.5;25.5;25.5;25.5;25.5;25.5;25.5;25.5;25.5;25.5;25.5;25.5;25.5;25.5;25.5;25.5;25.5;25.5;25.5;25.5;25.5;25.5
2099;476.891;25.5;25.664;26.156;25.5;25.5;25.5;25.5;25.5;25.5;25.5;25.5;25.5;25.5;25.5;25.5;25.5;25.5;32.06;25.5;25.5;25.5;25.5;25.5;25.5;25.5;25.5;25.5;25.828;25.5
2100;830.893;25.828;25.828;26.648;25.5;25.5;25.5;25.5;25.5;25.664;25.5;25.5;25.828;25.5;25.5;25.5;25.5;25.5;28.124;25.5;25.5;25.5;25.5;25.5;25.5;25.5;25.5;25.5;25.5;25.5
2101;908.2030000000001;25.664;25.664;25.664;25.5;25.5;25.5;25.5;25.5;25.828;25.5;25.664;25.664;25.664;25.5;25.5;25.5;25.5;29.436;25.5;25.5;25.5;25.5;25.5;25.5;25.5;25.5;25.5;25.5;25.5
2102;697.341;25.992;25.5;26.156;25.5;25.5;25.5;25.5;25.5;25.664;25.5;25.5;25.5;25.5;25.5;25.5;25.5;25.5;27.468;25.5;25.5;25.5;25.5;25.5;25.5;25.5;25.5;25.5;25.5;25.5
2103;50.395;19.945;19.125;19.125;19.125;19.125;19.125;19.125;19.125;19.125;19.125;19.125;19.125;19.125;19.125;19.125;19.125;19.125;19.125;19.125;19.125;19.125;19.125;19.125;19.125;19.125;19.125;19.125;19.125;19.125
2104;33.1;25.5;25.5;25.5;25.5;25.5;25.5;25.5;25.5;25.5;25.5;25.5;25.5;25.5;25.5;25.5;25.5;25.5;25.5;25.5;25.5;25.5;25.5;25.5;25.5;25.5;25.5;25.5;25.5;25.5
2105;257.019;25.5;25.5;25.828;25.5;25.5;25.5;25.5;25.5;25.5;25.5;25.5;25.5;25.5;25.5;25.5;25.5;25.5;26.156;25.5;25.5;25.5;25.5;25.5;25.5;25.5;25.5;25.5;25.5;25.5
2106;134.204;25.5;25.664;25.5;25.5;25.5;25.5;25.5;25.5;25.5;25.5;25.5;25.5;25.5;25.5;25.5;25.5;25.5;25.5;25.5;25.5;25.5;25.5;25.5;25.5;25.5;25.5;25.5;25.5;25.5
2107;184.323;25.5;25.5;25.5;25.5;25.5;25.5;25.5;25.5;25.5;25.5;25.5;25.5;25.5;25.5;25.5;25.5;25.5;25.5;25.5;25.5;25.5;25.5;25.5;25.5;25.5;25.5;25.5;25.5;25.5
2108;403.875;25.5;25.5;25.5;25.5;25.5;25.5;25.5;25.5;25.5;25.5;25.5;25.5;25.5;25.5;25.5;25.5;25.5;26.32;25.5;25.5;25.5;25.5;25.5;25.5;25.5;25.5;25.5;25.5;25.5
2109;2183.862;25.5;25.664;25.5;25.5;25.5;25.5;25.5;25.5;25.664;25.5;25.664;25.5;25.992;25.5;25.664;25.5;25.5;30.584;25.5;25.5;25.664;25.664;25.5;25.5;25.5;25.5;25.5;25.5;25.664
2110;19.125;19.125;19.125;19.125;19.125;19.125;19.125;19.125;19.125;19.125;19.125;19.125;19.125;19.125;19.125;19.125;19.125;19.125;19.125;19.125;19.125;19.125;19.125;19.125;19.125;19.125;19.125;19.125;19.125;19.125
2111;149.962;25.5;25.664;25.5;25.5;25.5;25.5;25.5;25.5;25.5;25.5;25.5;25.5;25.5;25.5;25.5;25.5;25.5;26.812;25.5;25.5;25.5;25.5;25.5;25.5;25.5;25.5;25.5;25.5;25.5
2112;496.80400000000003;25.5;25.828;25.5;25.5;25.5;25.5;25.5;25.5;25.5;25.5;25.5;25.5;25.5;25.5;25.5;25.5;25.5;28.944;25.5;25.5;25.5;25.5;25.5;25.5;25.5;25.5;25.5;25.992;25.5
2113;56.397000000000006;25.664;25.5;25.5;25.5;25.5;25.5;25.5;25.5;25.5;25.5;25.5;25.5;25.5;25.5;25.5;25.5;25.5;26.812;25.5;25.5;25.5;25.5;25.5;25.5;25.5;25.5;25.5;25.5;25.5
2114;355.266;25.5;25.5;25.5;25.5;25.5;25.5;25.5;25.5;25.5;25.5;25.5;25.5;25.5;25.5;25.5;25.5;25.5;25.664;25.5;25.5;25.5;25.5;25.5;25.5;25.5;25.5;25.5;25.5;25.5
2115;486.945;26.156;25.828;26.156;25.5;25.5;25.5;25.5;25.5;25.664;25.5;25.5;25.5;25.5;25.5;25.5;25.5;25.5;30.256;25.5;25.5;25.664;25.5;25.5;25.5;25.5;25.5;25.5;25.5;25.5
2116;507.16900000000004;25.5;25.664;25.5;25.5;25.5;25.5;25.5;25.5;25.5;25.5;25.5;25.828;25.664;25.5;25.5;25.5;25.5;29.764;25.5;25.5;25.5;25.5;25.5;25.5;25.5;25.5;25.5;25.5;25.664
2117;69.35;25.664;25.5;25.5;25.5;25.5;25.5;25.5;25.5;25.5;25.5;25.5;25.5;25.5;25.5;25.5;25.5;25.5;25.5;25.5;25.5;25.5;25.5;25.5;25.5;25.5;25.5;25.5;25.5;25.5
2118;25.5;25.5;25.5;25.5;25.5;25.5;25.5;25.5;25.5;25.5;25.5;25.5;25.5;25.5;25.5;25.5;25.5;25.5;25.5;25.5;25.5;25.5;25.5;25.5;25.5;25.5;25.5;25.5;25.5;25.5
2119;19.125;19.125;19.125;19.125;19.125;19.125;19.125;19.125;19.125;19.125;19.125;19.125;19.125;19.125;19.125;19.125;19.125;19.125;19.125;19.125;19.125;19.125;19.125;19.125;19.125;19.125;19.125;19.125;19.125;19.125
2120;959.3750000000001;26.156;25.992;25.828;25.5;25.5;25.5;25.5;25.5;25.828;25.5;25.5;25.828;25.5;25.5;25.5;25.5;25.5;25.664;25.5;25.5;25.5;25.5;25.5;25.5;25.5;25.5;25.5;25.5;25.5
2121;362.461;25.828;26.156;26.156;25.5;25.5;25.5;25.5;25.5;25.5;25.5;25.5;25.5;25.5;25.5;25.5;25.5;25.5;25.828;25.5;25.5;25.5;25.5;25.5;25.5;25.5;25.5;25.5;25.5;25.5
2122;211.50100000000003;25.5;25.5;26.484;25.5;25.5;25.5;25.5;25.5;25.5;25.5;25.5;25.5;25.5;25.5;25.5;25.5;25.5;27.468;25.5;25.5;25.5;25.5;25.5;25.5;25.5;25.5;25.5;25.5;25.664
2123;96.515;25.5;25.5;25.5;25.5;25.5;25.5;25.5;25.5;25.5;25.5;25.5;25.5;25.5;25.5;25.5;25.5;25.5;25.828;25.5;25.5;25.5;25.5;25.5;25.5;25.5;25.5;25.5;25.5;25.5
2124;146.887;25.664;25.664;25.5;25.5;25.5;25.5;25.5;25.5;25.5;25.5;25.5;25.5;25.5;25.5;25.5;25.5;25.5;25.5;25.5;25.5;25.5;25.5;25.5;25.5;25.5;25.5;25.5;25.5;25.5
2125;25.5;25.5;25.5;25.5;25.5;25.5;25.5;25.5;25.5;25.5;25.5;25.5;25.5;25.5;25.5;25.5;25.5;25.5;25.5;25.5;25.5;25.5;25.5;25.5;25.5;25.5;25.5;25.5;25.5;25.5
2126;133.969;25.5;25.828;25.828;25.5;25.5;25.5;25.5;25.5;25.5;25.5;25.5;25.5;25.5;25.5;25.5;25.5;25.5;25.5;25.5;25.5;25.5;25.5;25.5;25.5;25.5;25.5;25.5;25.5;25.5
2127;378.601;19.945;19.617;19.781;19.125;19.125;19.125;19.125;19.125;19.289;19.289;19.453;19.617;19.125;19.125;19.125;19.125;19.125;22.733;19.125;19.125;19.125;19.125;19.125;19.125;19.125;19.125;19.125;19.125;19.289
2128;19.125;19.125;19.125;19.125;19.125;19.125;19.125;19.125;19.125;19.125;19.125;19.125;19.125;19.125;19.125;19.125;19.125;19.125;19.125;19.125;19.125;19.125;19.125;19.125;19.125;19.125;19.125;19.125;19.125;19.125
2129;112.742;25.5;25.5;25.5;25.5;25.5;25.5;25.5;25.5;25.5;25.5;25.5;25.5;25.5;25.5;25.5;25.5;25.5;25.5;25.5;25.5;25.5;25.5;25.5;25.5;25.5;25.5;25.5;25.5;25.5
2130;293.703;25.828;25.664;25.828;25.5;25.5;25.5;25.5;25.5;25.5;25.5;25.5;25.828;25.5;25.5;25.5;25.5;25.5;25.5;25.5;25.5;25.5;25.5;25.5;25.5;25.5;25.5;25.5;25.5;25.5
2131;331.893;25.992;25.664;25.5;25.5;25.5;25.5;25.5;25.5;25.5;25.5;25.5;25.5;25.5;25.5;25.5;25.5;25.5;25.992;25.5;25.5;25.5;25.5;25.5;25.5;25.5;25.5;25.5;25.5;25.5
2132;25.5;25.5;25.5;25.5;25.5;25.5;25.5;25.5;25.5;25.5;25.5;25.5;25.5;25.5;25.5;25.5;25.5;25.5;25.5;25.5;25.5;25.5;25.5;25.5;25.5;25.5;25.5;25.5;25.5;25.5
2133;25.5;25.5;25.5;25.5;25.5;25.5;25.5;25.5;25.5;25.5;25.5;25.5;25.5;25.5;25.5;25.5;25.5;25.5;25.5;25.5;25.5;25.5;25.5;25.5;25.5;25.5;25.5;25.5;25.5;25.5
2134;25.5;25.5;25.5;25.5;25.5;25.5;25.5;25.5;25.5;25.5;25.5;25.5;25.5;25.5;25.5;25.5;25.5;25.5;25.5;25.5;25.5;25.5;25.5;25.5;25.5;25.5;25.5;25.5;25.5;25.5
2135;50.56;25.664;25.5;25.5;25.5;25.5;25.5;25.5;25.5;25.5;25.5;25.5;25.5;25.5;25.5;25.5;25.5;25.5;25.5;25.5;25.5;25.5;25.5;25.5;25.5;25.5;25.5;25.5;25.5;25.5
2136;1033.154;25.5;25.828;25.5;25.5;25.5;25.5;25.5;25.5;25.5;25.5;25.5;25.5;25.5;25.5;25.5;25.5;25.5;28.288;25.5;25.5;25.5;25.5;25.5;25.5;25.5;25.5;25.5;25.5;25.5
2137;269.55199999999996;19.289;19.289;19.125;19.125;19.125;19.125;19.125;19.125;19.125;19.125;19.125;19.453;19.125;19.125;19.125;19.125;19.125;21.093;19.125;19.125;19.125;19.289;19.125;19.125;19.125;19.125;19.125;19.125;19.289
2138;164.359;25.5;25.5;25.5;25.5;25.5;25.5;25.5;25.5;25.5;25.5;25.5;25.5;25.5;25.5;25.5;25.5;25.5;26.32;25.5;25.5;25.5;25.5;25.5;25.5;25.5;25.5;25.5;25.5;25.5
2139;143.405;25.992;26.156;25.5;25.5;25.5;25.5;25.5;25.5;25.5;25.5;25.5;25.5;25.5;25.5;25.5;25.5;25.5;25.5;25.5;25.5;25.5;25.5;25.5;25.5;25.5;25.5;25.5;25.5;25.5
2140;74.91;25.5;25.5;25.5;25.5;25.5;25.5;25.5;25.5;25.5;25.5;25.5;25.5;25.5;25.5;25.5;25.5;25.5;25.5;25.5;25.5;25.5;25.5;25.5;25.5;25.5;25.5;25.5;25.5;25.5
2141;100.98400000000001;25.5;25.5;26.156;25.5;25.5;25.5;25.5;25.5;25.5;25.5;25.5;25.5;25.5;25.5;25.5;25.5;25.5;25.5;25.5;25.5;25.5;25.5;25.5;25.5;25.5;25.5;25.5;25.5;25.5
2142;119.64699999999999;25.664;25.5;25.5;25.5;25.5;25.5;25.5;25.5;25.5;25.5;25.5;25.5;25.5;25.5;25.5;25.5;25.5;25.5;25.5;25.5;25.5;25.5;25.5;25.5;25.5;25.5;25.5;25.5;25.5
2143;25.5;25.5;25.5;25.5;25.5;25.5;25.5;25.5;25.5;25.5;25.5;25.5;25.5;25.5;25.5;25.5;25.5;25.5;25.5;25.5;25.5;25.5;25.5;25.5;25.5;25.5;25.5;25.5;25.5;25.5
2144;25.5;25.5;25.5;25.5;25.5;25.5;25.5;25.5;25.5;25.5;25.5;25.5;25.5;25.5;25.5;25.5;25.5;25.5;25.5;25.5;25.5;25.5;25.5;25.5;25.5;25.5;25.5;25.5;25.5;25.5
2145;341.435;25.992;25.828;27.14;25.5;25.5;25.5;25.5;25.5;25.5;25.5;25.5;25.5;25.5;25.5;25.5;25.5;25.5;25.828;25.5;25.5;25.5;25.5;25.5;25.5;25.5;25.5;25.5;25.5;25.5
2146;1075.106;25.828;25.992;25.5;25.5;25.5;25.5;25.5;25.5;25.5;25.664;25.5;25.5;25.5;25.5;25.5;25.5;25.5;28.616;25.5;25.5;25.5;25.5;25.5;25.5;25.5;25.5;25.5;25.5;25.664
2147;75.363;25.5;25.5;25.5;25.5;25.5;25.5;25.5;25.5;25.5;25.5;25.5;25.5;25.5;25.5;25.5;25.5;25.5;25.5;25.5;25.5;25.5;25.5;25.5;25.5;25.5;25.5;25.5;25.5;25.5
2148;296.064;25.5;25.664;25.5;25.5;25.5;25.5;25.5;25.5;25.5;25.5;25.664;25.5;25.5;25.5;25.5;25.5;25.5;26.812;25.5;25.5;25.5;25.5;25.5;25.5;25.5;25.5;25.5;25.5;25.5
2149;437.048;25.5;25.828;25.5;25.5;25.5;25.5;25.5;25.5;25.5;25.5;25.5;25.5;25.5;25.5;25.5;25.5;25.5;27.96;25.5;25.5;25.5;25.5;25.5;25.5;25.5;25.5;25.5;25.5;25.5
2150;122.673;19.781;19.125;19.125;19.125;19.125;19.125;19.125;19.125;19.125;19.125;19.125;19.125;19.125;19.125;19.125;19.125;19.125;19.125;19.125;19.125;19.125;19.125;19.125;19.125;19.125;19.125;19.125;19.125;19.125
2151;228.61200000000002;25.5;25.5;25.5;25.5;25.5;25.5;25.5;25.5;25.5;25.5;25.5;25.5;25.5;25.5;25.5;25.5;25.5;25.828;25.5;25.5;25.664;25.5;25.5;25.5;25.5;25.5;25.5;25.664;25.5
2152;310.338;25.5;25.5;25.5;25.5;25.5;25.5;25.5;25.5;25.5;25.5;25.5;26.648;25.5;25.5;25.5;25.5;25.5;25.828;25.5;25.5;25.5;25.5;25.5;25.5;25.5;25.5;25.5;25.5;25.5
2153;553.7570000000001;25.664;25.5;25.992;25.5;25.5;25.5;25.5;25.5;25.5;25.5;25.5;25.5;25.5;25.5;25.5;25.5;25.5;25.5;25.5;25.5;25.5;25.5;25.5;25.5;25.5;25.5;25.5;25.5;25.5
2154;87.93100000000001;25.664;25.5;25.828;25.5;25.5;25.5;25.5;25.5;25.664;25.5;25.5;25.5;25.5;25.5;25.5;25.5;25.5;25.5;25.5;25.5;25.5;25.5;25.5;25.5;25.5;25.5;25.5;25.5;25.5
2155;91.855;19.617;19.781;20.109;19.125;19.125;19.125;19.125;19.125;19.125;19.125;19.125;19.125;19.125;19.125;19.125;19.125;19.125;19.125;19.125;19.125;19.125;19.125;19.125;19.125;19.125;19.125;19.125;19.125;19.125
2156;3417.3359999999993;25.828;25.664;26.976;25.5;25.5;25.5;25.5;25.5;25.5;25.5;25.664;25.992;25.664;25.5;25.664;25.5;25.5;37.308;25.5;25.5;26.32;25.992;25.5;25.5;25.5;25.5;25.5;25.5;26.32
2157;29.553;25.5;25.5;25.5;25.5;25.5;25.5;25.5;25.5;25.5;25.5;25.5;25.5;25.5;25.5;25.5;25.5;25.5;25.5;25.5;25.5;25.5;25.5;25.5;25.5;25.5;25.5;25.5;25.5;25.5
2158;312.639;25.992;25.828;25.992;25.5;25.5;25.5;25.5;25.5;25.828;25.5;25.5;25.992;25.5;25.5;25.5;25.664;25.5;26.32;25.5;25.5;25.5;25.5;25.5;25.5;25.5;25.5;25.5;25.5;25.5
2159;307.45799999999997;19.125;19.289;19.781;19.125;19.125;19.125;19.125;19.125;19.125;19.125;19.125;19.125;19.125;19.125;19.125;19.125;19.125;19.125;19.125;19.125;19.125;19.125;19.125;19.125;19.125;19.125;19.125;19.125;19.125
2160;1067.4540000000002;20.109;19.289;19.125;19.125;19.125;19.125;19.125;19.125;19.125;19.125;19.617;19.125;19.289;19.125;19.125;19.125;19.125;25.193;19.125;19.125;19.125;19.125;19.125;19.125;19.125;19.453;19.125;19.125;19.125
2161;790.598;19.617;20.273;20.273;19.125;19.125;19.125;19.125;19.125;19.453;19.125;19.453;19.781;19.453;19.125;19.453;19.125;19.125;23.061;19.125;19.289;20.765;19.125;19.125;19.125;19.125;19.453;19.125;19.125;20.765
2162;333.645;19.289;19.125;19.125;19.125;19.125;19.125;19.125;19.125;19.125;19.125;19.125;19.781;19.125;19.125;19.125;19.125;19.125;21.749;19.125;19.125;19.125;19.125;19.125;19.125;19.125;19.125;19.125;19.125;19.125
2163;699.667;20.437;19.453;19.453;19.125;19.125;19.125;19.125;19.125;19.125;19.125;19.617;19.125;19.453;19.125;19.125;19.125;19.125;19.289;19.125;19.125;19.125;19.125;19.125;19.125;19.125;19.125;19.125;19.125;19.125
2164;691.812;19.617;19.289;19.289;19.125;19.125;19.125;19.125;19.125;19.289;19.125;19.125;19.125;19.125;19.125;19.125;19.125;19.125;21.093;19.125;19.125;19.125;19.125;19.125;19.125;19.125;19.125;19.125;19.125;19.125
2165;66.522;19.125;19.125;19.125;19.125;19.125;19.125;19.125;19.125;19.125;19.125;19.125;19.125;19.125;19.125;19.125;19.125;19.125;19.125;19.125;19.125;19.125;19.125;19.125;19.125;19.125;19.125;19.125;19.125;19.125
2166;179.715;19.125;19.125;19.125;19.125;19.125;19.125;19.125;19.125;19.125;19.125;19.125;19.125;19.125;19.125;19.125;19.125;19.125;20.601;19.125;19.125;19.125;19.125;19.125;19.125;19.125;19.125;19.125;19.289;19.125
2167;181.974;19.125;19.289;19.125;19.125;19.125;19.125;19.125;19.125;19.125;19.125;19.125;19.125;19.125;19.125;19.125;19.125;19.125;19.125;19.125;19.125;19.125;19.125;19.125;19.125;19.125;19.125;19.125;19.125;19.125
2168;538.221;20.601;19.125;20.929;19.125;19.125;19.125;19.125;19.125;19.617;19.125;19.453;19.617;19.125;19.125;19.125;19.125;19.125;20.273;19.125;19.125;19.617;19.125;19.125;19.125;19.125;19.125;19.125;19.453;19.125
2169;19.125;19.125;19.125;19.125;19.125;19.125;19.125;19.125;19.125;19.125;19.125;19.125;19.125;19.125;19.125;19.125;19.125;19.125;19.125;19.125;19.125;19.125;19.125;19.125;19.125;19.125;19.125;19.125;19.125;19.125
2170;346.39200000000005;19.617;19.453;20.109;19.125;19.125;19.125;19.125;19.125;19.289;19.125;19.125;19.617;19.125;19.125;19.125;19.125;19.125;21.257;19.125;19.125;19.125;19.125;19.125;19.125;19.125;19.125;19.125;19.125;19.125
2171;478.28900000000004;19.289;19.453;19.125;19.125;19.125;19.125;19.125;19.125;19.289;19.125;19.617;19.617;19.289;19.125;19.125;19.125;19.125;19.453;19.125;19.125;19.125;19.125;19.125;19.125;19.125;19.125;19.125;19.125;19.125
2172;399.565;19.125;19.125;19.617;19.125;19.125;19.125;19.125;19.125;19.125;19.125;19.125;19.125;19.125;19.125;19.125;19.125;19.125;21.913;19.125;19.125;19.125;19.125;19.125;19.125;19.125;19.125;19.125;19.125;19.125
2173;127.50700000000002;19.125;19.125;19.125;19.125;19.125;19.125;19.125;19.125;19.125;19.125;19.125;19.125;19.125;19.125;19.125;19.125;19.125;19.125;19.125;19.125;19.125;19.125;19.125;19.125;19.125;19.125;19.125;19.125;19.125
2174;81.007;19.453;19.125;19.125;19.125;19.125;19.125;19.125;19.125;19.125;19.125;19.289;19.125;19.125;19.125;19.125;19.125;19.125;19.289;19.125;19.125;19.125;19.125;19.125;19.125;19.125;19.125;19.125;19.125;19.125
2175;132.035;20.601;19.617;19.617;19.125;19.125;19.125;19.125;19.125;19.125;19.289;19.125;19.125;19.125;19.125;19.125;19.125;19.125;19.125;19.125;19.125;19.125;19.125;19.125;19.125;19.125;19.125;19.125;19.125;19.125
2176;897.8270000000001;19.945;19.453;19.125;19.125;19.125;19.125;19.125;19.125;19.289;19.125;19.289;19.453;19.617;19.125;19.289;19.289;19.125;22.569;19.125;19.125;19.453;20.437;19.125;19.125;19.125;19.125;19.125;19.125;20.601
2177;104.529;19.125;19.125;19.125;19.125;19.125;19.125;19.125;19.125;19.125;19.125;19.125;19.125;19.125;19.125;19.125;19.125;19.125;19.125;19.125;19.125;19.125;19.125;19.125;19.125;19.125;19.125;19.125;19.125;19.125
2178;464.707;21.585;19.125;19.453;19.125;19.125;19.125;19.125;19.125;19.125;19.125;19.289;19.453;19.125;19.125;19.125;19.125;19.125;20.437;19.125;19.125;19.289;19.125;19.125;19.125;19.125;19.617;19.125;19.125;19.781
2179;19.125;19.125;19.125;19.125;19.125;19.125;19.125;19.125;19.125;19.125;19.125;19.125;19.125;19.125;19.125;19.125;19.125;19.125;19.125;19.125;19.125;19.125;19.125;19.125;19.125;19.125;19.125;19.125;19.125;19.125
2180;514.453;19.781;19.289;19.453;19.125;19.125;19.125;19.125;19.125;19.289;19.125;19.125;19.781;19.125;19.125;19.125;19.125;19.125;20.109;19.125;19.125;19.125;19.125;19.125;19.125;19.125;19.125;19.125;19.125;19.289
2181;405.124;20.109;19.453;19.125;19.125;19.125;19.125;19.125;19.125;19.125;19.125;19.289;19.781;19.125;19.125;19.125;19.125;19.125;22.733;19.125;19.125;19.125;19.125;19.125;19.125;19.125;19.125;19.125;19.125;19.125
2182;312.20300000000003;25.5;25.5;25.5;25.5;25.5;25.5;25.5;25.5;25.5;25.5;25.664;25.828;25.828;25.5;25.5;25.5;25.5;26.156;25.5;25.5;25.5;25.5;25.5;25.5;25.5;25.5;25.5;25.5;25.5
2183;394.334;19.453;19.125;19.125;19.125;19.125;19.125;19.125;19.125;19.125;19.125;19.125;19.125;19.125;19.125;19.125;19.125;19.125;25.685000000000002;19.125;19.125;19.125;19.125;19.125;19.125;19.125;19.125;19.125;19.125;19.125
2184;678.9100000000001;19.125;19.125;19.289;19.125;19.125;19.125;19.125;19.125;19.125;19.125;19.453;19.453;19.289;19.125;19.289;19.125;19.125;28.145;19.125;19.125;19.125;19.125;19.125;19.125;19.125;19.125;19.125;19.289;19.125
2185;63.107000000000006;19.125;19.289;19.125;19.125;19.125;19.125;19.125;19.125;19.125;19.125;19.125;19.125;19.125;19.125;19.125;19.125;19.125;19.289;19.125;19.125;19.125;19.125;19.125;19.125;19.125;19.125;19.125;19.125;19.125
2186;2534.7870000000003;20.765;19.945;20.109;19.125;19.125;19.125;19.125;19.125;19.289;19.125;20.273;19.945;20.109;19.125;19.453;19.125;19.125;30.441000000000003;19.125;19.125;19.289;19.125;19.125;19.125;19.125;19.125;19.125;20.273;20.437
2187;2579.913;19.781;19.289;19.617;19.125;19.125;19.125;19.125;19.125;19.289;19.125;19.125;19.453;19.125;19.125;19.125;19.125;19.125;19.125;19.125;19.125;19.125;19.125;19.125;19.125;19.125;19.125;19.125;19.125;19.125
2188;72.35400000000001;19.125;19.125;19.125;19.125;19.125;19.125;19.125;19.125;19.125;19.125;19.125;19.125;19.125;19.125;19.125;19.125;19.125;19.125;19.125;19.125;19.125;19.125;19.125;19.125;19.125;19.125;19.125;19.125;19.125
2189;742.4730000000001;20.109;19.125;19.453;19.125;19.125;19.125;19.125;19.125;19.453;19.289;19.617;19.617;19.617;19.125;19.289;19.125;19.125;20.109;19.125;19.289;19.289;19.125;19.125;19.125;19.125;19.945;19.125;19.781;19.453
2190;832.9810000000001;20.109;19.453;19.781;19.125;19.125;19.125;19.125;19.125;19.125;19.125;19.125;19.617;19.125;19.125;19.125;19.125;19.125;22.569;19.125;19.125;19.125;19.125;19.125;19.125;19.125;19.125;19.125;19.453;19.125
2191;256.987;19.125;19.125;19.125;19.125;19.125;19.125;19.125;19.125;19.125;19.125;19.125;19.125;19.125;19.125;19.125;19.125;19.125;19.125;19.125;19.125;19.125;19.125;19.125;19.125;19.125;19.125;19.125;19.125;19.125
2192;25.249000000000002;19.125;19.125;19.125;19.125;19.125;19.125;19.125;19.125;19.125;19.125;19.125;19.125;19.125;19.125;19.125;19.125;19.125;19.125;19.125;19.125;19.125;19.125;19.125;19.125;19.125;19.125;19.125;19.125;19.125
2193;196.008;19.125;19.125;19.125;19.125;19.125;19.125;19.125;19.125;19.289;19.125;19.125;19.125;19.125;19.125;19.125;19.125;19.125;19.453;19.125;19.125;19.125;19.125;19.125;19.125;19.125;19.125;19.125;19.453;19.125
2194;587.647;19.125;19.125;19.125;19.125;19.125;19.125;19.125;19.125;19.125;19.125;19.125;19.125;19.125;19.125;19.125;19.125;19.125;19.289;19.125;19.125;19.125;19.125;19.125;19.125;19.125;19.125;19.125;19.125;19.289
2195;324.466;25.664;25.828;25.5;25.5;25.5;25.5;25.5;25.5;25.5;25.5;25.5;25.664;25.5;25.5;25.664;25.5;25.5;27.468;25.5;25.5;25.664;25.5;25.5;25.5;25.5;25.5;25.5;25.5;25.664
2196;487.337;19.289;19.289;19.125;19.125;19.125;19.125;19.125;19.125;19.289;19.125;19.289;19.781;19.453;19.125;19.125;19.125;19.125;23.553;19.125;19.125;19.125;19.125;19.125;19.125;19.125;19.125;19.125;19.289;19.945
2197;247.597;19.781;19.289;19.125;19.125;19.125;19.125;19.125;19.125;19.289;19.289;19.125;20.437;19.125;19.125;19.453;19.125;19.125;21.913;19.125;19.125;19.289;19.945;19.125;19.125;19.125;19.125;19.125;19.125;19.945
2198;955.855;19.289;19.453;19.125;19.125;19.125;19.125;19.125;19.125;19.289;19.125;19.125;19.125;20.109;19.125;19.125;19.125;19.125;21.585;19.125;19.125;19.125;19.125;19.125;19.125;19.125;19.125;19.125;19.617;19.125
2199;1077.375;19.289;19.289;19.617;19.125;19.125;19.125;19.125;19.125;19.125;19.125;19.289;19.453;19.453;19.125;19.453;19.125;19.125;23.061;19.125;19.125;19.289;19.289;19.125;19.125;19.125;19.125;19.125;19.453;19.289
2200;6242.647;19.617;19.453;19.453;19.125;19.125;19.125;19.125;19.125;19.289;19.125;19.125;19.453;19.289;19.125;19.289;19.125;19.125;29.457;19.125;19.125;19.125;19.125;19.125;19.125;19.125;19.125;19.125;19.125;19.289
2201;521.966;25.5;25.5;25.5;25.5;25.5;25.5;25.5;25.5;25.5;25.5;25.5;25.5;25.5;25.5;25.5;25.5;25.5;25.664;25.5;25.5;25.5;25.5;25.5;25.5;25.5;25.5;25.5;25.5;25.5
2202;81.149;19.125;19.125;19.125;19.125;19.125;19.125;19.125;19.125;19.125;19.125;19.289;19.125;19.125;19.125;19.125;19.125;19.125;19.945;19.125;19.125;19.125;19.125;19.125;19.125;19.125;19.125;19.125;19.125;19.125
2203;5486.1140000000005;20.437;19.289;19.617;19.125;19.125;19.125;19.125;19.125;19.453;19.289;19.289;19.453;19.453;19.289;19.617;19.289;19.125;23.881;19.125;19.125;19.289;20.437;19.125;19.289;19.125;19.125;19.125;19.125;19.945
2204;243.194;19.125;19.125;19.125;19.125;19.125;19.125;19.125;19.125;19.125;19.125;19.125;19.125;19.125;19.125;19.125;19.125;19.125;21.093;19.125;19.125;19.125;19.125;19.125;19.125;19.125;19.125;19.125;19.125;19.125
2205;19.453;19.125;19.125;19.125;19.125;19.125;19.125;19.125;19.125;19.125;19.125;19.125;19.125;19.125;19.125;19.125;19.125;19.125;19.125;19.125;19.125;19.125;19.125;19.125;19.125;19.125;19.125;19.125;19.125;19.125
2206;229.997;19.781;19.289;19.617;19.125;19.125;19.125;19.125;19.125;19.289;19.617;19.289;19.617;19.125;19.453;19.125;19.125;19.125;22.076999999999998;19.125;19.125;19.125;19.125;19.125;19.125;19.125;19.125;19.125;19.125;19.125
2207;2710.9210000000003;19.945;19.453;20.273;19.125;19.125;19.125;19.125;19.125;19.289;19.617;19.289;19.781;19.453;19.289;19.125;19.125;19.125;24.701;19.125;19.125;19.289;20.437;19.125;19.453;19.125;19.125;19.617;19.125;19.453
2208;908.9170000000001;19.289;19.289;19.125;19.125;19.125;19.125;19.125;19.125;19.125;19.125;19.125;19.125;19.125;19.125;19.125;19.125;19.125;20.765;19.125;19.125;19.125;19.125;19.125;19.125;19.125;19.125;19.125;19.125;19.125
2209;1331.9240000000002;19.289;19.289;19.453;19.125;19.125;19.125;19.125;19.125;19.125;19.125;19.289;19.453;19.453;19.289;19.453;19.125;19.125;21.585;19.125;19.125;19.617;20.109;19.125;19.125;19.125;19.125;19.125;19.125;19.781
2210;1040.141;25.992;25.828;25.5;25.5;25.5;25.5;25.5;25.5;25.992;25.5;25.5;25.828;25.5;25.5;25.5;25.5;25.5;29.928;25.5;25.5;25.828;25.664;25.5;25.664;25.5;25.5;25.5;25.5;25.5
2211;25.5;25.5;25.5;25.5;25.5;25.5;25.5;25.5;25.5;25.5;25.5;25.5;25.5;25.5;25.5;25.5;25.5;25.5;25.5;25.5;25.5;25.5;25.5;25.5;25.5;25.5;25.5;25.5;25.5;25.5
2212;19.125;19.125;19.125;19.125;19.125;19.125;19.125;19.125;19.125;19.125;19.125;19.125;19.125;19.125;19.125;19.125;19.125;19.125;19.125;19.125;19.125;19.125;19.125;19.125;19.125;19.125;19.125;19.125;19.125;19.125
2213;261.401;19.617;20.109;19.289;19.125;19.125;19.125;19.125;19.125;19.125;19.125;19.125;19.125;19.125;19.125;19.125;19.125;19.125;19.125;19.125;19.125;19.125;19.125;19.125;19.125;19.125;19.125;19.125;19.125;19.125
2214;1617.324;19.289;19.125;19.125;19.125;19.125;19.125;19.125;19.125;19.125;19.125;19.125;19.125;19.289;19.125;19.453;19.125;19.125;23.553;19.125;19.125;19.125;19.125;19.125;19.125;19.125;19.125;19.125;19.125;19.289
2215;25.5;25.5;25.5;25.5;25.5;25.5;25.5;25.5;25.5;25.5;25.5;25.5;25.5;25.5;25.5;25.5;25.5;25.5;25.5;25.5;25.5;25.5;25.5;25.5;25.5;25.5;25.5;25.5;25.5;25.5
2216;962.9549999999999;20.437;20.109;20.273;19.125;19.125;19.125;19.125;19.125;19.453;19.453;19.617;19.289;19.453;19.125;19.125;19.125;19.125;28.145;19.125;19.125;19.453;19.617;19.125;19.125;19.125;19.125;19.125;20.601;19.289
2217;441.89200000000005;19.125;19.289;19.125;19.125;19.125;19.125;19.125;19.125;19.125;19.125;19.125;19.289;19.125;19.125;19.125;19.125;19.125;20.765;19.125;19.125;19.125;19.125;19.125;19.125;19.125;19.125;19.125;19.125;19.125
2218;1504.8050000000003;20.437;20.601;21.257;19.125;19.125;19.125;19.125;19.125;19.617;19.453;19.289;20.601;19.453;19.125;19.453;19.125;19.125;24.865000000000002;19.125;19.125;19.125;19.125;20.109;19.125;19.125;19.125;19.289;19.125;19.125
2219;19.125;19.125;19.125;19.125;19.125;19.125;19.125;19.125;19.125;19.125;19.125;19.125;19.125;19.125;19.125;19.125;19.125;19.125;19.125;19.125;19.125;19.125;19.125;19.125;19.125;19.125;19.125;19.125;19.125;19.125
2220;1011.428;25.828;25.5;25.828;25.5;25.5;25.5;25.5;25.5;25.664;25.5;25.664;25.992;25.828;25.5;25.664;25.664;25.5;26.484;25.5;25.5;25.5;25.5;25.5;25.5;25.5;25.5;25.5;25.992;25.664
2221;119.212;25.828;25.5;25.5;25.5;25.5;25.5;25.5;25.5;25.5;25.5;25.5;25.5;25.5;25.5;25.5;25.5;25.5;26.156;25.5;25.5;25.5;25.5;25.5;25.5;25.5;25.5;25.5;25.5;25.5
2222;831.508;19.125;19.453;19.125;19.125;19.125;19.125;19.125;19.125;19.453;19.125;19.289;19.453;19.617;19.125;19.289;19.125;19.125;20.765;19.125;19.125;19.453;20.437;19.125;19.125;19.125;19.453;19.125;19.289;20.109
2223;3127.934;20.601;19.617;19.945;19.125;19.125;19.125;19.125;19.125;19.289;19.125;19.125;19.125;19.125;19.289;19.125;19.125;19.125;22.076999999999998;19.125;19.125;19.125;19.289;19.125;19.125;19.125;19.125;19.125;19.781;19.617
2224;537.681;25.5;25.5;25.664;25.5;25.5;25.5;25.5;25.5;25.5;25.5;25.5;26.484;25.5;25.5;25.5;25.664;25.5;28.288;25.5;25.5;25.5;25.5;25.5;25.5;25.5;25.5;25.5;25.5;25.5
2225;98.757;19.289;19.125;19.453;19.125;19.125;19.125;19.125;19.125;19.125;19.125;19.125;19.125;19.125;19.125;19.125;19.125;19.125;19.453;19.125;19.125;19.125;19.125;19.125;19.125;19.125;19.125;19.125;19.125;19.125
2226;583.786;19.453;19.453;19.125;19.125;19.125;19.125;19.125;19.125;19.453;19.125;19.125;19.289;19.125;19.125;19.125;19.125;19.125;19.125;19.125;19.125;19.125;19.125;19.125;19.125;19.125;19.125;19.125;19.125;19.125
2227;1569.488;19.453;20.273;19.781;19.125;19.125;19.125;19.125;19.125;19.289;19.125;19.617;19.453;19.453;19.125;19.125;19.125;19.125;21.585;19.125;19.125;19.125;19.289;19.125;19.125;19.125;19.125;19.125;19.125;19.125
2228;428.487;19.945;19.289;19.453;19.125;19.125;19.125;19.125;19.125;19.125;19.125;19.125;19.125;19.125;19.125;19.125;19.125;19.125;19.289;19.125;19.125;19.125;19.125;19.125;19.125;19.125;19.125;19.125;19.125;19.125
2229;973.737;19.453;19.453;19.453;19.125;19.125;19.125;19.125;19.125;19.289;19.289;19.289;19.453;19.617;19.125;19.125;19.125;19.125;20.765;19.125;19.125;19.125;19.125;19.125;19.125;19.125;19.125;19.125;19.125;19.125
2230;763.578;19.289;19.125;19.125;19.125;19.125;19.125;19.125;19.125;19.125;19.125;19.125;19.125;19.125;19.125;19.125;19.125;19.125;22.897;19.125;19.125;19.125;19.125;19.125;19.125;19.125;19.125;19.125;19.125;19.125
2231;86.493;19.125;19.289;19.125;19.125;19.125;19.125;19.125;19.125;19.125;19.125;19.125;19.125;19.125;19.125;19.125;19.125;19.125;20.273;19.125;19.125;19.125;19.125;19.125;19.125;19.125;19.125;19.125;19.125;19.125
2232;19.125;19.125;19.125;19.125;19.125;19.125;19.125;19.125;19.125;19.125;19.125;19.125;19.125;19.125;19.125;19.125;19.125;19.125;19.125;19.125;19.125;19.125;19.125;19.125;19.125;19.125;19.125;19.125;19.125;19.125
2233;284.25699999999995;25.5;25.664;25.5;25.5;25.5;25.5;25.5;25.5;25.5;25.5;25.5;25.5;25.5;25.5;25.828;25.5;25.5;26.156;25.5;25.5;25.5;25.5;25.5;25.5;25.5;25.5;25.5;25.5;25.5
2234;25.830000000000002;19.125;19.125;19.125;19.125;19.125;19.125;19.125;19.125;19.125;19.125;19.125;19.125;19.125;19.125;19.125;19.125;19.125;19.125;19.125;19.125;19.125;19.125;19.125;19.125;19.125;19.125;19.125;19.125;19.125
2235;545.7130000000001;19.289;19.289;19.453;19.125;19.125;19.125;19.125;19.125;19.125;19.617;19.289;19.125;19.453;19.125;19.617;19.125;19.125;23.553;19.125;19.125;19.125;19.453;19.125;19.125;19.125;19.125;19.125;19.289;19.125
2236;277.201;19.289;19.453;19.617;19.125;19.125;19.125;19.125;19.125;19.125;19.125;19.125;20.273;19.125;19.125;19.125;19.125;19.125;22.241;19.125;19.289;19.289;19.125;19.125;19.125;19.125;19.125;19.125;19.125;19.125
2237;211.472;19.781;19.289;19.125;19.125;19.125;19.125;19.125;19.125;19.289;19.125;19.289;19.125;19.125;19.125;19.125;19.125;19.125;19.289;19.125;19.125;19.125;19.125;19.125;19.125;19.125;19.125;19.125;19.125;19.125
2238;837.023;19.289;19.125;19.125;19.125;19.125;19.125;19.125;19.125;19.125;19.125;19.453;19.453;19.289;19.125;19.125;19.125;19.125;20.273;19.125;19.125;19.125;20.437;19.125;19.125;19.125;19.125;19.125;19.125;19.617
2239;204.91;25.992;25.664;27.14;25.5;25.5;25.5;25.5;25.5;25.5;25.5;25.5;25.5;25.5;25.5;25.664;25.5;25.5;25.5;25.5;25.5;25.5;25.5;25.5;25.5;25.5;25.5;25.5;25.5;25.5
2240;19.125;19.125;19.125;19.125;19.125;19.125;19.125;19.125;19.125;19.125;19.125;19.125;19.125;19.125;19.125;19.125;19.125;19.125;19.125;19.125;19.125;19.125;19.125;19.125;19.125;19.125;19.125;19.125;19.125;19.125
2241;683.6600000000001;20.273;19.617;20.273;19.125;19.125;19.125;19.125;19.125;19.617;19.289;20.273;19.945;19.453;19.289;20.109;19.289;19.125;25.357;19.125;19.125;19.125;19.125;19.125;19.125;19.125;19.125;19.125;19.125;19.125
2242;25.5;25.5;25.5;25.5;25.5;25.5;25.5;25.5;25.5;25.5;25.5;25.5;25.5;25.5;25.5;25.5;25.5;25.5;25.5;25.5;25.5;25.5;25.5;25.5;25.5;25.5;25.5;25.5;25.5;25.5
2243;424.341;19.289;19.289;19.617;19.125;19.125;19.125;19.125;19.125;19.289;19.125;19.125;19.125;19.125;19.125;19.125;19.125;19.125;22.076999999999998;19.125;19.125;19.125;19.125;19.125;19.125;19.125;19.125;19.125;19.125;19.125
2244;692.33;19.289;19.289;19.125;19.125;19.125;19.125;19.125;19.125;19.125;19.125;19.125;19.289;19.453;19.125;19.125;19.125;19.125;20.765;19.125;19.125;19.125;20.601;19.125;19.125;19.125;19.125;19.125;19.125;19.125
2245;1505.8310000000001;19.289;19.125;19.617;19.125;19.125;19.125;19.125;19.125;19.453;19.125;19.617;20.273;19.781;19.125;19.453;19.453;19.125;22.569;19.125;19.125;19.617;21.421;19.125;19.125;19.125;19.453;19.125;19.125;19.617
2246;719.8020000000001;25.664;25.992;25.5;25.5;25.5;25.5;25.5;25.5;25.828;25.5;25.992;25.664;25.828;25.5;25.664;25.5;25.5;28.288;25.5;25.5;25.664;25.5;25.5;25.5;25.5;25.5;25.5;25.5;25.5
2247;25.5;25.5;25.5;25.5;25.5;25.5;25.5;25.5;25.5;25.5;25.5;25.5;25.5;25.5;25.5;25.5;25.5;25.5;25.5;25.5;25.5;25.5;25.5;25.5;25.5;25.5;25.5;25.5;25.5;25.5
2248;262.358;25.5;25.5;26.156;25.5;25.5;25.5;25.5;25.5;25.5;25.5;25.5;25.5;25.5;25.5;25.5;25.5;25.5;27.632;25.5;25.5;25.5;25.5;25.5;25.5;25.5;25.5;25.5;25.5;25.5
2249;900.0150000000001;20.929;19.781;19.453;19.125;19.125;19.125;19.125;19.125;19.453;19.125;19.781;19.781;19.617;19.453;19.453;19.125;19.125;23.553;19.125;19.125;19.945;19.453;19.125;19.289;19.125;19.453;19.945;19.617;19.945
2250;193.048;19.125;19.125;19.125;19.125;19.125;19.125;19.125;19.125;19.125;19.125;19.125;19.125;19.125;19.125;19.125;19.125;19.125;21.749;19.125;19.125;19.453;19.125;19.125;19.125;19.125;19.125;19.125;19.453;19.453
2251;430.12100000000004;19.289;19.125;19.125;19.125;19.125;19.125;19.125;19.125;19.125;19.125;19.453;19.289;19.125;19.125;19.125;19.125;19.125;19.453;19.125;19.125;19.125;19.125;19.125;19.125;19.125;19.125;19.125;19.125;19.125
2252;589.383;19.453;19.453;19.125;19.125;19.125;19.125;19.125;19.125;19.453;19.289;19.289;19.453;19.125;19.617;19.125;19.125;19.125;19.781;19.125;19.125;19.125;19.125;19.125;19.125;19.125;19.125;19.125;19.125;19.453
2253;25.085;19.125;19.125;19.125;19.125;19.125;19.125;19.125;19.125;19.125;19.125;19.125;19.125;19.125;19.125;19.125;19.125;19.125;19.125;19.125;19.125;19.125;19.125;19.125;19.125;19.125;19.125;19.125;19.125;19.125
2254;907.6300000000001;20.601;19.453;19.617;19.125;19.125;19.125;19.125;19.125;19.289;19.289;19.289;19.125;19.617;19.125;19.125;19.125;19.125;19.945;19.125;19.125;19.125;19.945;19.125;19.453;19.125;19.125;19.125;19.125;19.289
2255;47.363;25.5;25.664;25.5;25.5;25.5;25.5;25.5;25.5;25.5;25.5;25.5;25.5;25.5;25.5;25.5;25.5;25.5;25.5;25.5;25.5;25.5;25.5;25.5;25.5;25.5;25.5;25.5;25.5;25.5
2256;439.125;25.664;25.5;25.5;25.5;25.5;25.5;25.5;25.5;25.5;25.5;25.5;25.828;25.5;25.5;25.5;25.664;25.5;27.304;25.5;25.5;25.5;25.5;25.5;25.5;25.5;25.5;25.5;25.5;25.5
2257;230.79;19.125;19.125;19.125;19.125;19.125;19.125;19.125;19.125;19.125;19.125;19.125;19.125;19.125;19.125;19.125;19.125;19.125;19.289;19.125;19.125;19.125;19.125;19.125;19.125;19.125;19.125;19.125;19.125;19.125
2258;60.906000000000006;19.125;19.289;19.125;19.125;19.125;19.125;19.125;19.125;19.125;19.125;19.125;19.125;19.125;19.125;19.125;19.125;19.125;19.289;19.125;19.125;19.125;19.125;19.125;19.125;19.125;19.125;19.125;19.125;19.125
2259;414.84800000000007;19.289;19.125;20.437;19.125;19.125;19.125;19.125;19.125;19.289;19.453;19.289;19.125;19.125;19.125;19.453;19.125;19.125;22.241;19.125;19.125;19.125;19.289;19.125;19.125;19.125;19.125;19.125;20.601;19.125
2260;173.04399999999998;26.156;25.5;26.648;25.5;25.5;25.5;25.5;25.5;25.5;25.5;25.5;25.5;25.5;25.5;25.5;25.5;25.5;25.5;25.5;25.5;25.5;25.5;25.5;25.5;25.5;25.5;25.5;25.5;25.5
2261;19.125;19.125;19.125;19.125;19.125;19.125;19.125;19.125;19.125;19.125;19.125;19.125;19.125;19.125;19.125;19.125;19.125;19.125;19.125;19.125;19.125;19.125;19.125;19.125;19.125;19.125;19.125;19.125;19.125;19.125
2262;328.696;19.289;19.289;19.125;19.125;19.125;19.125;19.125;19.125;19.125;19.125;19.125;19.125;19.125;19.125;19.125;19.125;19.125;19.125;19.125;19.125;19.125;19.125;19.125;19.125;19.125;19.125;19.125;19.125;19.125
2263;560.075;19.617;19.125;19.125;19.125;19.125;19.125;19.125;19.125;19.453;19.125;19.289;19.125;19.125;19.125;19.125;19.125;19.125;21.913;19.125;19.125;19.125;19.125;19.125;19.125;19.125;19.125;19.125;19.289;19.781
2264;144.08800000000002;19.125;19.125;19.125;19.125;19.125;19.125;19.125;19.125;19.125;19.125;19.125;19.125;19.125;19.125;19.125;19.125;19.125;20.601;19.125;19.125;19.125;19.289;19.125;19.125;19.125;19.125;19.125;19.125;19.289
2265;123.845;25.664;25.5;25.992;25.5;25.5;25.5;25.5;25.5;25.5;25.5;25.664;25.5;25.5;25.5;25.5;25.5;25.5;25.664;25.5;25.5;25.5;25.5;25.5;25.5;25.5;25.5;25.5;25.5;25.5
2266;699.515;26.812;25.992;25.828;25.5;25.5;25.5;25.5;25.5;25.5;25.5;25.5;25.5;25.5;25.5;25.5;25.5;25.5;25.5;25.5;25.5;25.5;25.5;25.5;25.5;25.5;25.5;25.5;25.5;25.5
2267;529.4000000000001;25.5;25.664;25.5;25.5;25.5;25.5;25.5;25.5;25.664;25.5;25.664;25.664;25.5;25.5;25.5;25.5;25.5;28.124;25.5;25.5;25.5;25.5;25.5;25.5;25.5;25.5;25.5;25.5;25.5
2268;257.915;19.125;19.289;19.781;19.125;19.125;19.125;19.125;19.125;19.125;19.289;19.289;19.617;19.125;19.125;19.125;19.125;19.125;21.585;19.125;19.125;19.125;19.125;19.125;19.125;19.125;19.125;19.125;19.125;19.125
2269;335.65299999999996;19.617;19.289;19.125;19.125;19.125;19.125;19.125;19.125;19.289;19.125;19.125;19.453;19.125;19.125;19.125;19.125;19.125;22.241;19.125;19.125;19.289;19.617;19.125;19.125;19.125;19.125;19.125;19.125;19.125
2270;2348.3439999999996;19.453;19.289;19.125;19.125;19.125;19.125;19.125;19.125;19.289;19.125;19.289;19.289;19.125;19.125;19.125;19.125;19.125;25.357;19.125;19.125;19.125;19.125;19.125;19.125;19.125;19.125;19.125;19.125;19.125
2271;567.219;19.289;19.289;19.125;19.125;19.125;19.125;19.125;19.125;19.125;19.125;19.125;19.125;19.125;19.125;19.453;19.125;19.125;20.929;19.125;19.125;19.125;19.125;19.125;19.125;19.125;19.125;19.125;19.289;19.125
2272;329.279;20.437;19.453;19.617;19.125;19.125;19.125;19.125;19.125;20.109;19.289;19.453;19.125;19.125;19.125;19.125;19.125;19.125;19.125;19.125;19.125;19.125;19.125;19.125;19.125;19.125;19.125;19.125;19.125;19.125
2273;230.584;25.5;25.5;25.828;25.5;25.5;25.5;25.5;25.5;25.5;25.5;25.5;25.5;25.5;25.5;25.5;25.5;25.5;26.648;25.5;25.5;25.5;25.5;25.5;25.5;25.5;25.5;25.5;25.5;25.5
2274;207.823;25.664;25.664;25.664;25.5;25.5;25.5;25.5;25.5;25.5;25.5;25.5;25.992;25.5;25.5;25.5;25.5;25.5;26.648;25.5;25.5;25.5;25.5;25.5;25.5;25.5;25.5;25.5;25.5;25.5
2275;923.384;25.992;25.664;25.5;25.5;25.5;25.5;25.5;25.5;25.5;25.5;25.5;25.5;25.5;25.5;25.5;25.5;25.5;26.484;25.5;25.5;25.5;25.5;25.5;25.5;25.5;25.5;25.5;25.5;25.5
2276;138.237;19.125;19.125;19.617;19.125;19.125;19.125;19.125;19.125;19.125;19.125;19.125;19.125;19.125;19.125;19.125;19.125;19.125;19.289;19.125;19.125;19.125;19.125;19.125;19.125;19.125;19.125;19.125;19.125;19.125
2277;448.84900000000005;26.484;25.992;26.156;25.5;25.5;25.5;25.5;25.5;25.664;25.5;25.828;25.664;25.664;25.5;25.664;25.5;25.5;29.436;25.5;25.5;25.5;25.5;25.5;25.5;25.5;25.5;25.5;25.664;25.5
2278;299.90900000000005;26.156;25.828;25.5;25.5;25.5;25.5;25.5;25.5;26.156;25.5;25.664;25.5;25.5;25.5;25.5;25.5;25.5;27.796;25.5;25.5;25.5;25.828;25.828;25.5;25.5;25.5;25.5;25.828;26.484
2279;1043.5130000000001;25.664;25.5;25.664;25.5;25.5;25.5;25.5;25.5;25.5;25.5;25.664;25.828;25.828;25.5;25.5;25.5;25.5;28.78;25.5;25.5;25.5;25.5;25.5;25.5;25.5;25.5;25.5;25.664;25.664
2280;658.673;25.5;25.664;25.5;25.5;25.5;25.5;25.5;25.5;25.5;25.5;25.5;25.664;25.5;25.5;25.5;25.5;25.5;28.288;25.5;25.5;25.5;25.5;25.5;25.5;25.5;25.5;25.5;25.5;25.5
2281;25.5;25.5;25.5;25.5;25.5;25.5;25.5;25.5;25.5;25.5;25.5;25.5;25.5;25.5;25.5;25.5;25.5;25.5;25.5;25.5;25.5;25.5;25.5;25.5;25.5;25.5;25.5;25.5;25.5;25.5
2282;443.514;26.32;25.828;25.5;25.5;25.5;25.5;25.5;25.5;25.5;25.5;25.664;25.828;25.5;26.156;25.5;25.5;25.5;27.14;25.5;25.5;25.664;25.5;25.5;25.5;25.5;25.5;25.5;25.664;26.32
2283;1315.7890000000002;19.453;19.453;19.125;19.125;19.125;19.125;19.125;19.125;19.125;19.125;19.453;19.781;19.453;19.125;19.453;19.125;19.125;47.333;19.125;19.125;19.289;20.273;19.125;19.125;19.125;19.125;19.125;19.125;19.617
2284;240.247;25.5;25.5;25.5;25.5;25.5;25.5;25.5;25.5;25.5;25.5;25.5;25.5;25.5;25.5;25.5;25.5;25.5;25.5;25.5;25.5;25.5;25.5;25.5;25.5;25.5;25.5;25.5;25.5;25.5
2285;151.869;19.125;19.125;19.125;19.125;19.125;19.125;19.125;19.125;19.125;19.125;19.125;19.125;19.125;19.125;19.125;19.125;19.125;19.125;19.125;19.125;19.125;19.125;19.125;19.125;19.125;19.125;19.125;19.125;19.125
2286;861.194;19.125;19.125;19.289;19.125;19.125;19.125;19.125;19.125;19.125;19.125;19.125;19.453;19.125;19.125;19.125;19.125;19.125;20.109;19.125;19.125;19.289;19.945;19.125;19.125;19.125;19.125;19.125;19.125;19.125
2287;3614.2790000000005;25.828;26.156;26.484;25.5;25.5;25.5;25.5;25.5;27.14;25.5;27.796;27.14;25.992;25.5;27.14;25.828;25.5;34.356;25.5;25.5;25.992;26.976;26.32;25.5;25.5;25.5;25.5;25.664;27.796
2288;19.125;19.125;19.125;19.125;19.125;19.125;19.125;19.125;19.125;19.125;19.125;19.125;19.125;19.125;19.125;19.125;19.125;19.125;19.125;19.125;19.125;19.125;19.125;19.125;19.125;19.125;19.125;19.125;19.125;19.125
2289;30.178;19.125;19.125;19.125;19.125;19.125;19.125;19.125;19.125;19.125;19.125;19.125;19.289;19.125;19.125;19.125;19.125;19.125;19.453;19.125;19.125;19.125;19.125;19.125;19.125;19.125;19.125;19.125;19.125;19.125
2290;978.135;25.5;25.664;25.664;25.5;25.5;25.5;25.5;25.5;25.664;25.992;25.664;25.828;25.5;25.5;25.5;25.5;25.5;27.468;25.5;25.5;25.664;25.828;25.5;25.5;25.5;25.5;25.5;25.5;25.5
2291;335.226;19.125;19.125;19.125;19.125;19.125;19.125;19.125;19.125;19.125;19.125;19.125;19.289;19.125;19.125;19.125;19.125;19.125;23.553;19.125;19.125;19.125;19.125;19.125;19.125;19.125;19.125;19.125;19.125;19.125
2292;656.8629999999999;19.617;19.125;19.617;19.125;19.125;19.125;19.125;19.125;19.125;19.289;19.125;19.453;19.453;19.125;19.125;19.125;19.125;21.585;19.125;19.125;19.125;20.601;19.125;19.125;19.125;19.125;19.125;19.125;19.125
2293;516.133;20.437;19.453;19.617;19.125;19.125;19.125;19.125;19.125;19.125;19.125;19.781;19.125;19.289;19.125;19.125;19.289;19.125;24.373;19.125;19.125;19.289;19.289;19.125;19.125;19.125;19.125;19.125;19.453;19.125
2294;128.19;25.828;25.828;25.828;25.5;25.5;25.5;25.5;25.5;25.5;25.5;25.5;25.5;25.5;25.5;25.5;25.5;25.5;25.5;25.5;25.5;25.5;25.5;25.5;25.5;25.5;25.5;25.5;25.5;25.5
2295;185.461;19.125;19.125;19.125;19.125;19.125;19.125;19.125;19.125;19.125;19.125;19.125;19.125;19.125;19.125;19.125;19.125;19.125;21.585;19.125;19.125;19.125;19.125;19.125;19.125;19.125;19.125;19.125;19.125;19.125
2296;226.39800000000002;25.5;25.5;25.664;25.5;25.5;25.5;25.5;25.5;25.5;25.5;25.5;25.5;25.5;25.5;25.5;25.5;25.5;25.5;25.5;25.5;25.5;25.5;25.5;25.5;25.5;25.5;25.5;25.5;25.5
2297;19.125;19.125;19.125;19.125;19.125;19.125;19.125;19.125;19.125;19.125;19.125;19.125;19.125;19.125;19.125;19.125;19.125;19.125;19.125;19.125;19.125;19.125;19.125;19.125;19.125;19.125;19.125;19.125;19.125;19.125
2298;24.715;19.125;19.125;19.125;19.125;19.125;19.125;19.125;19.125;19.125;19.125;19.125;19.125;19.125;19.125;19.125;19.125;19.125;19.125;19.125;19.125;19.125;19.125;19.125;19.125;19.125;19.125;19.125;19.125;19.125
2299;19.125;19.125;19.125;19.125;19.125;19.125;19.125;19.125;19.125;19.125;19.125;19.125;19.125;19.125;19.125;19.125;19.125;19.125;19.125;19.125;19.125;19.125;19.125;19.125;19.125;19.125;19.125;19.125;19.125;19.125
2300;179.07800000000003;19.289;19.125;19.125;19.125;19.125;19.125;19.125;19.125;19.125;19.125;19.125;19.125;19.125;19.125;19.125;19.125;19.125;19.289;19.125;19.125;19.125;19.125;19.125;19.125;19.125;19.125;19.125;19.125;19.125
2301;721.8450000000001;25.5;25.828;25.664;25.5;25.5;25.5;25.5;25.5;25.664;25.5;25.5;25.664;25.5;25.5;25.5;25.5;25.5;25.828;25.5;25.5;25.5;25.5;25.5;25.5;25.5;25.5;25.5;25.5;25.5
2302;796.1090000000002;19.125;19.289;19.125;19.125;19.125;19.125;19.125;19.125;19.125;19.125;19.125;19.125;19.125;19.125;19.125;19.125;19.125;26.505;19.125;19.125;19.453;19.125;19.125;19.125;19.125;19.125;19.125;19.453;19.289
2303;25.5;25.5;25.5;25.5;25.5;25.5;25.5;25.5;25.5;25.5;25.5;25.5;25.5;25.5;25.5;25.5;25.5;25.5;25.5;25.5;25.5;25.5;25.5;25.5;25.5;25.5;25.5;25.5;25.5;25.5
2304;276.516;19.125;19.289;19.125;19.125;19.125;19.125;19.125;19.125;19.125;19.125;19.125;19.125;19.125;19.125;19.125;19.125;19.125;19.781;19.125;19.125;19.125;19.125;19.125;19.125;19.125;19.125;19.125;19.125;19.125
2305;42.091;25.5;25.5;25.5;25.5;25.5;25.5;25.5;25.5;25.5;25.5;25.5;25.5;25.5;25.5;25.5;25.5;25.5;25.5;25.5;25.5;25.5;25.5;25.5;25.5;25.5;25.5;25.5;25.5;25.5
2306;1074.586;25.664;25.992;25.5;25.5;25.5;25.5;25.5;25.5;25.828;25.5;25.664;25.664;25.5;25.5;25.5;25.5;25.5;28.288;25.5;25.5;25.664;25.5;25.5;25.5;25.5;25.5;25.5;26.648;25.5
2307;81.468;25.5;25.5;25.5;25.5;25.5;25.5;25.5;25.5;25.5;25.5;25.5;25.5;25.5;25.5;25.5;25.5;25.5;25.5;25.5;25.5;25.5;25.5;25.5;25.5;25.5;25.5;25.5;25.5;25.5
2308;44.621;25.5;25.5;25.5;25.5;25.5;25.5;25.5;25.5;25.5;25.5;25.5;25.5;25.5;25.5;25.5;25.5;25.5;25.828;25.5;25.5;25.5;25.5;25.5;25.5;25.5;25.5;25.5;25.5;25.5
2309;25.5;25.5;25.5;25.5;25.5;25.5;25.5;25.5;25.5;25.5;25.5;25.5;25.5;25.5;25.5;25.5;25.5;25.5;25.5;25.5;25.5;25.5;25.5;25.5;25.5;25.5;25.5;25.5;25.5;25.5
2310;724.7540000000001;19.781;19.289;19.125;19.125;19.125;19.125;19.125;19.125;19.289;19.125;19.289;20.109;19.125;19.125;19.125;19.125;19.125;21.585;19.125;19.125;19.289;19.125;19.125;19.125;19.125;19.125;19.125;19.125;19.125
2311;25.5;25.5;25.5;25.5;25.5;25.5;25.5;25.5;25.5;25.5;25.5;25.5;25.5;25.5;25.5;25.5;25.5;25.5;25.5;25.5;25.5;25.5;25.5;25.5;25.5;25.5;25.5;25.5;25.5;25.5
2312;167.62;25.5;25.5;25.5;25.5;25.5;25.5;25.5;25.5;25.5;25.5;25.5;25.5;25.5;25.5;25.5;25.5;25.5;25.5;25.5;25.5;25.5;25.5;25.5;25.5;25.5;25.5;25.5;25.5;25.5
2313;650.337;25.664;25.664;25.5;25.5;25.5;25.5;25.5;25.5;25.5;25.5;25.664;25.828;25.664;25.5;25.5;25.5;25.5;26.484;25.5;25.5;25.5;25.5;25.5;25.5;25.5;25.5;25.5;25.664;25.5
2314;610.423;19.289;19.289;19.125;19.125;19.125;19.125;19.125;19.125;19.125;19.125;19.125;19.125;19.125;19.125;19.125;19.125;19.125;19.453;19.125;19.125;19.125;19.125;19.125;19.125;19.125;19.125;19.125;19.289;19.125
2315;19.781;19.125;19.125;19.125;19.125;19.125;19.125;19.125;19.125;19.125;19.125;19.125;19.125;19.125;19.125;19.125;19.125;19.125;19.125;19.125;19.125;19.125;19.125;19.125;19.125;19.125;19.125;19.125;19.125;19.125
2316;354.308;25.992;25.828;26.156;25.5;25.5;25.5;25.5;25.5;25.5;25.5;25.5;25.828;25.664;25.5;25.828;25.664;25.5;27.468;25.5;25.5;25.5;25.828;25.5;25.5;25.5;25.5;25.5;25.5;25.5
2317;394.721;25.664;25.828;25.5;25.5;25.5;25.5;25.5;25.5;25.828;25.5;25.828;25.828;25.828;25.5;25.664;25.5;25.5;25.992;25.5;25.5;25.5;25.5;25.5;25.5;25.5;25.5;25.5;25.5;25.5
2318;537.101;19.125;19.289;19.125;19.125;19.125;19.125;19.125;19.125;19.289;19.125;19.289;19.617;19.289;19.289;19.125;19.125;19.125;22.897;19.125;19.125;19.289;19.289;19.125;19.125;19.125;19.125;19.125;19.289;19.125
2319;1119.9370000000001;25.5;25.828;25.664;25.5;25.5;25.5;25.5;25.5;25.664;25.5;25.992;26.156;25.828;25.5;25.828;25.5;25.5;28.944;25.5;25.5;25.5;25.828;25.5;25.5;25.5;25.5;25.5;25.664;25.5
2320;188.48900000000003;20.273;19.289;19.125;19.125;19.125;19.125;19.125;19.125;19.125;19.125;19.125;19.125;19.125;19.125;19.289;19.125;19.125;20.929;19.125;19.125;19.289;19.125;19.125;19.125;19.125;19.125;19.125;19.453;19.289
2321;893.529;19.617;19.617;19.125;19.125;19.125;19.125;19.125;19.125;19.453;19.125;19.781;19.617;19.617;19.125;19.125;19.125;19.125;23.389;19.125;19.125;19.125;19.289;19.125;19.125;19.125;19.125;19.125;19.125;19.125
2322;353.93500000000006;25.992;25.664;25.664;25.5;25.5;25.5;25.5;25.5;25.5;25.5;25.664;25.5;25.5;25.5;25.5;25.5;25.5;25.5;25.5;25.5;25.5;25.5;25.5;25.5;25.5;25.5;25.5;25.5;25.5
2323;3495.946;25.664;25.828;25.5;25.5;25.5;25.5;25.5;25.5;25.5;25.664;25.5;25.828;25.5;25.5;25.5;25.5;25.5;41.244;25.5;25.5;25.5;25.5;25.5;25.5;25.5;25.5;25.5;25.5;25.5
2324;75.97;25.5;25.5;25.5;25.5;25.5;25.5;25.5;25.5;25.5;25.5;25.5;25.5;25.5;25.5;25.5;25.5;25.5;25.5;25.5;25.5;25.5;25.5;25.5;25.5;25.5;25.5;25.5;25.5;25.5
2325;169.019;25.5;25.664;25.5;25.5;25.5;25.5;25.5;25.5;25.5;25.5;25.5;26.32;25.5;25.5;25.664;25.5;25.5;26.648;25.5;25.5;25.5;25.5;25.5;25.5;25.5;25.5;25.5;25.664;25.5
2326;1303.8410000000001;25.5;26.156;25.828;25.5;25.5;25.5;25.5;25.5;25.5;25.992;25.664;25.664;25.664;25.5;26.484;25.5;25.5;30.584;25.5;25.5;25.664;25.5;25.5;25.664;25.5;25.5;25.5;26.484;27.14
2327;456.45700000000005;25.664;25.5;25.5;25.5;25.5;25.5;25.5;25.5;25.828;25.5;25.5;25.5;25.5;25.5;25.5;25.5;25.5;27.96;25.5;25.5;25.5;26.32;25.5;25.664;25.5;25.5;25.5;25.5;25.664
2328;159.666;19.125;19.125;19.125;19.125;19.125;19.125;19.125;19.125;19.125;19.289;19.289;19.453;19.289;19.125;19.289;19.125;19.125;19.781;19.125;19.125;19.125;19.453;19.125;19.125;19.125;19.125;19.125;19.125;19.125
2329;34.44;25.5;25.5;25.5;25.5;25.5;25.5;25.5;25.5;25.5;25.5;25.5;25.5;25.5;25.5;25.5;25.5;25.5;25.5;25.5;25.5;25.5;25.5;25.5;25.5;25.5;25.5;25.5;25.5;25.5
2330;832.2249999999999;25.664;25.664;25.5;25.5;25.5;25.5;25.5;25.5;25.664;25.5;25.664;25.992;25.828;25.5;25.5;25.5;25.5;28.288;25.5;25.5;25.664;27.304;25.5;25.5;25.5;25.5;25.5;25.5;25.828
2331;25.992;25.5;25.5;25.5;25.5;25.5;25.5;25.5;25.5;25.5;25.5;25.5;25.5;25.5;25.5;25.5;25.5;25.5;25.5;25.5;25.5;25.5;25.5;25.5;25.5;25.5;25.5;25.5;25.5;25.5
2332;741.045;25.828;25.828;25.5;25.5;25.5;25.5;25.5;25.5;25.5;25.5;25.5;25.5;25.5;25.5;25.5;25.5;25.5;27.796;25.5;25.5;25.664;25.5;25.5;25.5;25.5;25.5;25.5;25.5;25.664
2333;25.5;25.5;25.5;25.5;25.5;25.5;25.5;25.5;25.5;25.5;25.5;25.5;25.5;25.5;25.5;25.5;25.5;25.5;25.5;25.5;25.5;25.5;25.5;25.5;25.5;25.5;25.5;25.5;25.5;25.5
2334;540.5;19.945;19.453;19.125;19.125;19.125;19.125;19.125;19.125;19.289;19.125;19.781;19.453;19.125;19.617;19.125;19.125;19.125;23.881;19.125;19.125;19.125;19.125;19.125;19.125;19.125;19.125;19.125;19.289;19.125
2335;542.8199999999999;19.781;19.125;19.289;19.125;19.125;19.125;19.125;19.125;19.617;19.125;19.617;19.945;19.289;19.125;19.125;19.125;19.125;22.241;19.125;19.125;19.125;19.781;19.125;19.289;19.125;19.125;19.125;19.125;19.125
2336;598.157;20.109;19.453;19.617;19.125;19.125;19.125;19.125;19.125;19.453;19.125;19.289;19.289;19.289;19.781;19.617;19.125;19.125;22.405;19.125;19.125;19.289;20.437;19.125;19.125;19.125;19.125;19.125;19.125;19.125
2337;166.738;20.109;19.453;19.453;19.125;19.125;19.125;19.125;19.125;19.125;19.125;19.125;19.125;19.125;19.125;19.125;19.125;19.125;19.125;19.125;19.125;19.125;19.125;19.125;19.125;19.125;19.125;19.125;19.125;19.125
2338;19.125;19.125;19.125;19.125;19.125;19.125;19.125;19.125;19.125;19.125;19.125;19.125;19.125;19.125;19.125;19.125;19.125;19.125;19.125;19.125;19.125;19.125;19.125;19.125;19.125;19.125;19.125;19.125;19.125;19.125
2339;29.555;19.125;19.125;19.125;19.125;19.125;19.125;19.125;19.125;19.125;19.125;19.125;19.125;19.125;19.125;19.125;19.125;19.125;19.125;19.125;19.125;19.125;19.125;19.125;19.125;19.125;19.125;19.125;19.125;19.125
2340;908.8389999999999;19.289;19.289;19.125;19.125;19.125;19.125;19.125;19.125;19.125;19.125;19.125;19.125;19.289;19.125;19.125;19.125;19.125;20.601;19.125;19.125;19.125;19.125;19.125;19.125;19.125;19.125;19.125;19.125;19.125
2341;48.923;25.5;25.5;25.5;25.5;25.5;25.5;25.5;25.5;25.5;25.5;25.5;25.5;25.5;25.5;25.5;25.5;25.5;25.5;25.5;25.5;25.5;25.5;25.5;25.5;25.5;25.5;25.5;25.5;25.5
2342;67.513;19.453;19.125;19.125;19.125;19.125;19.125;19.125;19.125;19.125;19.125;19.125;19.125;19.125;19.125;19.125;19.125;19.125;19.125;19.125;19.125;19.125;19.125;19.125;19.125;19.125;19.125;19.125;19.125;19.125
2343;238.478;25.5;25.5;25.5;25.5;25.5;25.5;25.5;25.5;25.5;25.5;25.5;25.5;25.5;25.5;25.5;25.5;25.5;26.156;25.5;25.5;25.5;25.5;25.5;25.5;25.5;25.5;25.5;25.5;25.5
2344;258.068;25.5;25.664;25.5;25.5;25.5;25.5;25.5;25.5;25.5;25.5;25.5;25.5;25.5;25.5;25.5;25.5;25.5;26.32;25.5;25.5;25.5;25.5;25.5;25.5;25.5;25.5;25.5;25.5;25.5
2345;157.315;19.617;19.125;19.125;19.125;19.125;19.125;19.125;19.125;19.125;19.125;19.125;19.453;19.125;19.125;19.125;19.125;19.125;19.453;19.125;19.125;19.125;19.617;19.125;19.125;19.125;19.125;19.125;19.125;19.125
2346;386.00699999999995;25.664;25.664;25.5;25.5;25.5;25.5;25.5;25.5;25.5;25.5;25.5;25.5;25.5;25.5;25.5;25.5;25.5;25.664;25.5;25.5;25.5;25.5;25.5;25.5;25.5;25.5;25.5;25.5;25.5
2347;25.828;25.5;25.5;25.5;25.5;25.5;25.5;25.5;25.5;25.5;25.5;25.5;25.5;25.5;25.5;25.5;25.5;25.5;25.5;25.5;25.5;25.5;25.5;25.5;25.5;25.5;25.5;25.5;25.5;25.5
2348;830.0780000000001;25.5;25.5;25.5;25.5;25.5;25.5;25.5;25.5;25.5;25.5;25.5;25.5;25.5;25.5;25.5;25.5;25.5;27.468;25.5;25.5;25.5;25.5;25.5;25.5;25.5;25.5;25.5;25.5;25.5
2349;124.989;25.5;25.5;25.5;25.5;25.5;25.5;25.5;25.5;25.5;25.5;25.5;25.5;25.5;25.5;25.5;25.5;25.5;25.5;25.5;25.5;25.5;25.5;25.5;25.5;25.5;25.5;25.5;25.5;25.5
2350;707.9010000000001;19.781;19.125;19.125;19.125;19.125;19.125;19.125;19.125;19.125;19.289;19.289;19.289;19.125;19.125;19.125;19.125;19.125;21.585;19.125;19.289;19.125;19.125;19.125;19.125;19.125;19.125;19.125;19.945;19.289
2351;480.806;19.125;19.289;19.125;19.125;19.125;19.125;19.125;19.125;19.125;19.125;19.289;19.453;19.781;19.289;19.453;19.125;19.125;21.421;19.125;19.125;19.453;19.125;19.125;19.125;19.125;19.125;19.125;19.289;19.453
2352;19.125;19.125;19.125;19.125;19.125;19.125;19.125;19.125;19.125;19.125;19.125;19.125;19.125;19.125;19.125;19.125;19.125;19.125;19.125;19.125;19.125;19.125;19.125;19.125;19.125;19.125;19.125;19.125;19.125;19.125
2353;224.306;19.125;19.289;19.453;19.125;19.125;19.125;19.125;19.125;19.289;19.125;19.125;19.453;19.125;19.125;19.125;19.125;19.125;20.273;19.125;19.125;19.125;19.125;19.125;19.125;19.125;19.125;19.125;19.125;19.125
2354;268.544;25.5;25.5;25.5;25.5;25.5;25.5;25.5;25.5;25.5;25.5;25.5;25.5;25.5;25.5;25.5;25.5;25.5;25.5;25.5;25.5;25.5;25.5;25.5;25.5;25.5;25.5;25.5;25.5;25.5
2355;1278.3280000000002;19.617;19.781;19.781;19.125;19.125;19.125;19.125;19.125;19.125;19.125;19.125;19.289;19.125;19.125;19.125;19.125;19.125;22.897;19.125;19.125;19.125;19.125;19.125;19.125;19.125;19.125;19.125;19.289;19.289
2356;711.789;26.648;25.664;25.828;25.5;25.5;25.5;25.5;25.5;25.5;25.5;25.664;25.5;25.5;25.5;25.5;25.5;25.5;28.944;25.5;25.5;25.5;25.5;25.5;25.5;25.5;25.5;25.5;25.664;25.5
2357;26.814;19.125;19.125;19.125;19.125;19.125;19.125;19.125;19.125;19.125;19.125;19.125;19.125;19.125;19.125;19.125;19.125;19.125;19.125;19.125;19.125;19.125;19.125;19.125;19.125;19.125;19.125;19.125;19.125;19.125
2358;1054.869;19.289;19.125;19.617;19.125;19.125;19.125;19.125;19.125;19.453;19.125;19.289;19.289;19.453;19.125;19.125;19.125;19.125;21.913;19.125;19.125;19.289;19.453;19.125;19.289;19.125;19.125;19.125;19.289;19.289
2359;178.81400000000002;25.5;25.5;25.5;25.5;25.5;25.5;25.5;25.5;25.5;25.5;25.5;25.5;25.5;25.5;25.5;25.5;25.5;25.5;25.5;25.5;25.5;25.5;25.5;25.5;25.5;25.5;25.5;25.5;25.5
2360;462.717;25.5;25.5;25.5;25.5;25.5;25.5;25.5;25.5;25.5;25.5;25.5;25.5;25.5;25.5;25.5;25.5;25.5;25.664;25.5;25.5;25.664;25.5;25.5;25.5;25.5;25.5;25.5;25.664;25.5
2361;19.125;19.125;19.125;19.125;19.125;19.125;19.125;19.125;19.125;19.125;19.125;19.125;19.125;19.125;19.125;19.125;19.125;19.125;19.125;19.125;19.125;19.125;19.125;19.125;19.125;19.125;19.125;19.125;19.125;19.125
2362;250.369;26.156;25.5;25.5;25.5;25.5;25.5;25.5;25.5;25.5;25.5;25.5;25.5;25.5;25.5;25.5;25.5;25.5;26.32;25.5;25.5;25.5;25.5;25.5;25.5;25.5;25.5;25.5;25.664;25.5
2363;157.187;19.125;19.289;19.453;19.125;19.125;19.125;19.125;19.125;19.125;19.125;19.617;19.289;19.125;19.125;19.125;19.125;19.125;19.125;19.125;19.125;19.289;19.125;19.125;19.125;19.125;19.125;19.125;19.289;19.289
2364;401.745;25.5;25.5;25.5;25.5;25.5;25.5;25.5;25.5;25.5;25.5;25.5;25.5;25.5;25.5;25.5;25.5;25.5;27.796;25.5;25.5;25.5;25.5;25.5;25.5;25.5;25.5;25.5;25.5;25.5
2365;0.0;0.0;0.0;0.0;0.0;0.0;0.0;0.0;0.0;0.0;0.0;0.0;0.0;0.0;0.0;0.0;0.0;0.0;0.0;0.0;0.0;0.0;0.0;0.0;0.0;0.0;0.0;0.0;0.0;0.0
